row_id,crop,state,district,season,year,yield_t_ha
RICE_000001,Rice,Andhra Pradesh,ANANTAPUR,Kharif,1997,2.1179775280898876
RICE_000002,Rice,Andhra Pradesh,ANANTAPUR,Rabi,1997,2.0722222222222224
RICE_000003,Rice,Andhra Pradesh,CHITTOOR,Kharif,1997,1.9952718676122931
RICE_000004,Rice,Andhra Pradesh,CHITTOOR,Rabi,1997,2.3937282229965158
RICE_000005,Rice,Andhra Pradesh,EAST GODAVARI,Kharif,1997,2.0051377860812702
RICE_000006,Rice,Andhra Pradesh,EAST GODAVARI,Rabi,1997,3.1832901554404147
RICE_000007,Rice,Andhra Pradesh,GUNTUR,Kharif,1997,2.865423728813559
RICE_000008,Rice,Andhra Pradesh,GUNTUR,Rabi,1997,3.5724137931034483
RICE_000009,Rice,Andhra Pradesh,KADAPA,Kharif,1997,1.6247379454926625
RICE_000010,Rice,Andhra Pradesh,KADAPA,Rabi,1997,2.1307692307692307
RICE_000011,Rice,Andhra Pradesh,KRISHNA,Kharif,1997,2.7119038386971694
RICE_000012,Rice,Andhra Pradesh,KRISHNA,Rabi,1997,3.3834909716251076
RICE_000013,Rice,Andhra Pradesh,KURNOOL,Kharif,1997,2.668174962292609
RICE_000014,Rice,Andhra Pradesh,KURNOOL,Rabi,1997,2.6555555555555554
RICE_000015,Rice,Andhra Pradesh,PRAKASAM,Kharif,1997,2.0048387096774194
RICE_000016,Rice,Andhra Pradesh,PRAKASAM,Rabi,1997,2.9932614555256065
RICE_000017,Rice,Andhra Pradesh,SPSR NELLORE,Kharif,1997,2.620123203285421
RICE_000018,Rice,Andhra Pradesh,SPSR NELLORE,Rabi,1997,2.990664470071389
RICE_000019,Rice,Andhra Pradesh,SRIKAKULAM,Kharif,1997,1.499730748519117
RICE_000020,Rice,Andhra Pradesh,SRIKAKULAM,Rabi,1997,3.5
RICE_000021,Rice,Andhra Pradesh,VISAKHAPATANAM,Kharif,1997,0.8336820083682008
RICE_000022,Rice,Andhra Pradesh,VISAKHAPATANAM,Rabi,1997,3.2222222222222223
RICE_000023,Rice,Andhra Pradesh,VIZIANAGARAM,Kharif,1997,1.4222222222222223
RICE_000024,Rice,Andhra Pradesh,VIZIANAGARAM,Rabi,1997,3.2
RICE_000025,Rice,Andhra Pradesh,WEST GODAVARI,Kharif,1997,2.5501618122977345
RICE_000026,Rice,Andhra Pradesh,WEST GODAVARI,Rabi,1997,3.502582644628099
RICE_000027,Rice,Arunachal Pradesh,CHANGLANG,Kharif,1997,1.2
RICE_000028,Rice,Arunachal Pradesh,DIBANG VALLEY,Kharif,1997,1.2027158098933075
RICE_000029,Rice,Arunachal Pradesh,EAST KAMENG,Kharif,1997,1.028507546115148
RICE_000030,Rice,Arunachal Pradesh,EAST SIANG,Kharif,1997,1.5220588235294117
RICE_000031,Rice,Arunachal Pradesh,LOHIT,Kharif,1997,1.3005972130059722
RICE_000032,Rice,Arunachal Pradesh,LOWER SUBANSIRI,Kharif,1997,0.9447398404861375
RICE_000033,Rice,Arunachal Pradesh,PAPUM PARE,Kharif,1997,1.2107235514557508
RICE_000034,Rice,Arunachal Pradesh,TAWANG,Kharif,1997,1.2096774193548387
RICE_000035,Rice,Arunachal Pradesh,TIRAP,Kharif,1997,0.6922357343311506
RICE_000036,Rice,Arunachal Pradesh,UPPER SIANG,Kharif,1997,0.9354838709677419
RICE_000037,Rice,Arunachal Pradesh,UPPER SUBANSIRI,Kharif,1997,0.70242656449553
RICE_000038,Rice,Arunachal Pradesh,WEST KAMENG,Kharif,1997,0.9617486338797814
RICE_000039,Rice,Arunachal Pradesh,WEST SIANG,Kharif,1997,0.88
RICE_000040,Rice,Assam,BARPETA,Autumn,1997,0.5207276208712303
RICE_000041,Rice,Assam,BARPETA,Summer,1997,1.4498305084745762
RICE_000042,Rice,Assam,BARPETA,Winter,1997,0.7434742513226229
RICE_000043,Rice,Assam,BONGAIGAON,Autumn,1997,0.47624856000542115
RICE_000044,Rice,Assam,BONGAIGAON,Summer,1997,0.8579956016336789
RICE_000045,Rice,Assam,BONGAIGAON,Winter,1997,0.679016906810225
RICE_000046,Rice,Assam,CACHAR,Autumn,1997,0.9611017153901908
RICE_000047,Rice,Assam,CACHAR,Summer,1997,1.0893055555555555
RICE_000048,Rice,Assam,CACHAR,Winter,1997,1.0710227272727273
RICE_000049,Rice,Assam,DARRANG,Autumn,1997,0.5852112471286093
RICE_000050,Rice,Assam,DARRANG,Summer,1997,1.1506373117033604
RICE_000051,Rice,Assam,DARRANG,Winter,1997,0.7559511666111904
RICE_000052,Rice,Assam,DHEMAJI,Autumn,1997,0.551843137254902
RICE_000053,Rice,Assam,DHEMAJI,Summer,1997,0.6656353591160221
RICE_000054,Rice,Assam,DHEMAJI,Winter,1997,0.8505757406372275
RICE_000055,Rice,Assam,DHUBRI,Autumn,1997,0.4032024227584652
RICE_000056,Rice,Assam,DHUBRI,Summer,1997,0.7335072326298316
RICE_000057,Rice,Assam,DHUBRI,Winter,1997,0.6395693929842025
RICE_000058,Rice,Assam,DIBRUGARH,Autumn,1997,1.3087672281776417
RICE_000059,Rice,Assam,DIBRUGARH,Summer,1997,1.197452229299363
RICE_000060,Rice,Assam,DIBRUGARH,Winter,1997,1.1478516835364594
RICE_000061,Rice,Assam,DIMA HASAO,Autumn,1997,0.9012366310160428
RICE_000062,Rice,Assam,DIMA HASAO,Summer,1997,1.1923076923076923
RICE_000063,Rice,Assam,DIMA HASAO,Winter,1997,1.3066403843784649
RICE_000064,Rice,Assam,GOALPARA,Autumn,1997,0.7622616407982261
RICE_000065,Rice,Assam,GOALPARA,Summer,1997,1.2439320388349515
RICE_000066,Rice,Assam,GOALPARA,Winter,1997,0.7853652694610779
RICE_000067,Rice,Assam,GOLAGHAT,Autumn,1997,0.7025073413146601
RICE_000068,Rice,Assam,GOLAGHAT,Summer,1997,0.8640776699029126
RICE_000069,Rice,Assam,GOLAGHAT,Winter,1997,1.2997747022851625
RICE_000070,Rice,Assam,HAILAKANDI,Autumn,1997,1.3703076923076922
RICE_000071,Rice,Assam,HAILAKANDI,Summer,1997,1.1546666666666667
RICE_000072,Rice,Assam,HAILAKANDI,Winter,1997,1.0001126760563381
RICE_000073,Rice,Assam,JORHAT,Autumn,1997,0.8696461824953445
RICE_000074,Rice,Assam,JORHAT,Summer,1997,1.197907949790795
RICE_000075,Rice,Assam,JORHAT,Winter,1997,1.016486646884273
RICE_000076,Rice,Assam,KAMRUP,Autumn,1997,0.7324627650421582
RICE_000077,Rice,Assam,KAMRUP,Summer,1997,1.3373782915247734
RICE_000078,Rice,Assam,KAMRUP,Winter,1997,1.0330737254527211
RICE_000079,Rice,Assam,KARBI ANGLONG,Autumn,1997,0.7565192196252656
RICE_000080,Rice,Assam,KARBI ANGLONG,Summer,1997,1.2
RICE_000081,Rice,Assam,KARBI ANGLONG,Winter,1997,1.00465555263134
RICE_000082,Rice,Assam,KARIMGANJ,Autumn,1997,1.2187670485542825
RICE_000083,Rice,Assam,KARIMGANJ,Summer,1997,0.6553163444639719
RICE_000084,Rice,Assam,KARIMGANJ,Winter,1997,1.1550715214564369
RICE_000085,Rice,Assam,KOKRAJHAR,Autumn,1997,0.5254636348975972
RICE_000086,Rice,Assam,KOKRAJHAR,Summer,1997,0.8364611260053619
RICE_000087,Rice,Assam,KOKRAJHAR,Winter,1997,0.7806372975796622
RICE_000088,Rice,Assam,LAKHIMPUR,Autumn,1997,0.6435470668485676
RICE_000089,Rice,Assam,LAKHIMPUR,Summer,1997,0.5552356020942408
RICE_000090,Rice,Assam,LAKHIMPUR,Winter,1997,0.8734968734968735
RICE_000091,Rice,Assam,MARIGAON,Autumn,1997,0.5201777119585339
RICE_000092,Rice,Assam,MARIGAON,Summer,1997,1.484
RICE_000093,Rice,Assam,MARIGAON,Winter,1997,0.7925974025974026
RICE_000094,Rice,Assam,NAGAON,Autumn,1997,0.9533142211797411
RICE_000095,Rice,Assam,NAGAON,Summer,1997,1.558847677863849
RICE_000096,Rice,Assam,NAGAON,Winter,1997,0.9591028838877834
RICE_000097,Rice,Assam,NALBARI,Autumn,1997,0.5910361445783132
RICE_000098,Rice,Assam,NALBARI,Summer,1997,0.78828125
RICE_000099,Rice,Assam,NALBARI,Winter,1997,0.8451238095238095
RICE_000100,Rice,Assam,SIVASAGAR,Autumn,1997,0.9585987261146497
RICE_000101,Rice,Assam,SIVASAGAR,Summer,1997,1.2
RICE_000102,Rice,Assam,SIVASAGAR,Winter,1997,1.0082892122801694
RICE_000103,Rice,Assam,SONITPUR,Autumn,1997,0.6607489421271993
RICE_000104,Rice,Assam,SONITPUR,Summer,1997,0.783
RICE_000105,Rice,Assam,SONITPUR,Winter,1997,1.1154417993534222
RICE_000106,Rice,Assam,TINSUKIA,Autumn,1997,0.993581514762516
RICE_000107,Rice,Assam,TINSUKIA,Summer,1997,1.1944444444444444
RICE_000108,Rice,Assam,TINSUKIA,Winter,1997,0.7738854650953256
RICE_000109,Rice,Bihar,ARARIA,Autumn,1997,1.1969680017901096
RICE_000110,Rice,Bihar,ARARIA,Summer,1997,1.6503125368557614
RICE_000111,Rice,Bihar,ARARIA,Winter,1997,1.288246874168662
RICE_000112,Rice,Bihar,AURANGABAD,Summer,1997,1.9
RICE_000113,Rice,Bihar,AURANGABAD,Winter,1997,2.0663531165121416
RICE_000114,Rice,Bihar,BANKA,Autumn,1997,1.5526315789473684
RICE_000115,Rice,Bihar,BANKA,Summer,1997,1.6833333333333333
RICE_000116,Rice,Bihar,BANKA,Winter,1997,1.6076629978876726
RICE_000117,Rice,Bihar,BEGUSARAI,Autumn,1997,1.4974398361495136
RICE_000118,Rice,Bihar,BEGUSARAI,Summer,1997,1.4583333333333333
RICE_000119,Rice,Bihar,BEGUSARAI,Winter,1997,0.9430541566591772
RICE_000120,Rice,Bihar,BHAGALPUR,Autumn,1997,1.536625514403292
RICE_000121,Rice,Bihar,BHAGALPUR,Summer,1997,1.7661290322580645
RICE_000122,Rice,Bihar,BHAGALPUR,Winter,1997,1.5768310475634666
RICE_000123,Rice,Bihar,BHOJPUR,Autumn,1997,1.0747800586510263
RICE_000124,Rice,Bihar,BHOJPUR,Summer,1997,1.7222222222222223
RICE_000125,Rice,Bihar,BHOJPUR,Winter,1997,1.9211643080144323
RICE_000126,Rice,Bihar,BUXAR,Summer,1997,1.5
RICE_000127,Rice,Bihar,BUXAR,Winter,1997,2.349334844143251
RICE_000128,Rice,Bihar,DARBHANGA,Autumn,1997,1.0166513433445705
RICE_000129,Rice,Bihar,DARBHANGA,Summer,1997,1.3702445652173914
RICE_000130,Rice,Bihar,DARBHANGA,Winter,1997,1.0850370055811696
RICE_000131,Rice,Bihar,GAYA,Autumn,1997,1.6360085227272727
RICE_000132,Rice,Bihar,GAYA,Summer,1997,1.9442896935933147
RICE_000133,Rice,Bihar,GAYA,Winter,1997,1.501039814340396
RICE_000134,Rice,Bihar,GOPALGANJ,Autumn,1997,1.6163942881963296
RICE_000135,Rice,Bihar,GOPALGANJ,Summer,1997,1.8148148148148149
RICE_000136,Rice,Bihar,GOPALGANJ,Winter,1997,1.7218672405230921
RICE_000137,Rice,Bihar,JAMUI,Summer,1997,2.017857142857143
RICE_000138,Rice,Bihar,JAMUI,Winter,1997,1.1514734405305638
RICE_000139,Rice,Bihar,JEHANABAD,Autumn,1997,1.0
RICE_000140,Rice,Bihar,JEHANABAD,Summer,1997,2.0161290322580645
RICE_000141,Rice,Bihar,JEHANABAD,Winter,1997,1.3889967924884297
RICE_000142,Rice,Bihar,KAIMUR (BHABUA),Autumn,1997,1.0762942779291553
RICE_000143,Rice,Bihar,KAIMUR (BHABUA),Winter,1997,1.9954043354281443
RICE_000144,Rice,Bihar,KATIHAR,Autumn,1997,1.1648572765559195
RICE_000145,Rice,Bihar,KATIHAR,Summer,1997,2.008215389620953
RICE_000146,Rice,Bihar,KATIHAR,Winter,1997,1.1747327557908858
RICE_000147,Rice,Bihar,KHAGARIA,Autumn,1997,0.6131764030429167
RICE_000148,Rice,Bihar,KHAGARIA,Summer,1997,1.7251655629139073
RICE_000149,Rice,Bihar,KHAGARIA,Winter,1997,1.1620495219416525
RICE_000150,Rice,Bihar,KISHANGANJ,Autumn,1997,0.7987225424520954
RICE_000151,Rice,Bihar,KISHANGANJ,Summer,1997,2.24420384951881
RICE_000152,Rice,Bihar,KISHANGANJ,Winter,1997,1.145109783083997
RICE_000153,Rice,Bihar,LAKHISARAI,Winter,1997,1.21249322406811
RICE_000154,Rice,Bihar,MADHEPURA,Autumn,1997,1.4092239323650553
RICE_000155,Rice,Bihar,MADHEPURA,Summer,1997,2.1241273387321975
RICE_000156,Rice,Bihar,MADHEPURA,Winter,1997,1.731417057040507
RICE_000157,Rice,Bihar,MADHUBANI,Autumn,1997,1.3050170135316927
RICE_000158,Rice,Bihar,MADHUBANI,Summer,1997,2.144863409003463
RICE_000159,Rice,Bihar,MADHUBANI,Winter,1997,1.0715504364385482
RICE_000160,Rice,Bihar,MUNGER,Autumn,1997,1.0
RICE_000161,Rice,Bihar,MUNGER,Summer,1997,2.0
RICE_000162,Rice,Bihar,MUNGER,Winter,1997,1.576604682770124
RICE_000163,Rice,Bihar,MUZAFFARPUR,Autumn,1997,1.1884706045479756
RICE_000164,Rice,Bihar,MUZAFFARPUR,Summer,1997,1.5391414141414141
RICE_000165,Rice,Bihar,MUZAFFARPUR,Winter,1997,1.3225203526181415
RICE_000166,Rice,Bihar,NALANDA,Summer,1997,2.0120481927710845
RICE_000167,Rice,Bihar,NALANDA,Winter,1997,1.101176097520029
RICE_000168,Rice,Bihar,NAWADA,Autumn,1997,1.0
RICE_000169,Rice,Bihar,NAWADA,Summer,1997,1.793103448275862
RICE_000170,Rice,Bihar,NAWADA,Winter,1997,1.5030936912496133
RICE_000171,Rice,Bihar,PASHCHIM CHAMPARAN,Autumn,1997,1.8328335925349921
RICE_000172,Rice,Bihar,PASHCHIM CHAMPARAN,Summer,1997,1.5399617590822179
RICE_000173,Rice,Bihar,PASHCHIM CHAMPARAN,Winter,1997,1.8454689094440238
RICE_000174,Rice,Bihar,PATNA,Autumn,1997,1.3519932145886344
RICE_000175,Rice,Bihar,PATNA,Summer,1997,1.9589041095890412
RICE_000176,Rice,Bihar,PATNA,Winter,1997,1.911435986521275
RICE_000177,Rice,Bihar,PURBI CHAMPARAN,Autumn,1997,1.263521812309512
RICE_000178,Rice,Bihar,PURBI CHAMPARAN,Summer,1997,1.470499243570348
RICE_000179,Rice,Bihar,PURBI CHAMPARAN,Winter,1997,1.4204910562219788
RICE_000180,Rice,Bihar,PURNIA,Autumn,1997,1.2283766063467085
RICE_000181,Rice,Bihar,PURNIA,Summer,1997,2.1787374337909413
RICE_000182,Rice,Bihar,PURNIA,Winter,1997,1.086273231170525
RICE_000183,Rice,Bihar,ROHTAS,Autumn,1997,1.5635148042024833
RICE_000184,Rice,Bihar,ROHTAS,Summer,1997,1.855072463768116
RICE_000185,Rice,Bihar,ROHTAS,Winter,1997,1.773550448193198
RICE_000186,Rice,Bihar,SAHARSA,Autumn,1997,0.9725378787878788
RICE_000187,Rice,Bihar,SAHARSA,Summer,1997,1.6846935431006227
RICE_000188,Rice,Bihar,SAHARSA,Winter,1997,1.0016393212929622
RICE_000189,Rice,Bihar,SAMASTIPUR,Autumn,1997,1.3419476019301144
RICE_000190,Rice,Bihar,SAMASTIPUR,Summer,1997,1.7156196943972835
RICE_000191,Rice,Bihar,SAMASTIPUR,Winter,1997,1.1836040936091032
RICE_000192,Rice,Bihar,SARAN,Autumn,1997,1.4287759484609879
RICE_000193,Rice,Bihar,SARAN,Winter,1997,1.38093112979385
RICE_000194,Rice,Bihar,SHEIKHPURA,Summer,1997,2.0
RICE_000195,Rice,Bihar,SHEIKHPURA,Winter,1997,1.4595826178840312
RICE_000196,Rice,Bihar,SHEOHAR,Autumn,1997,1.6019345238095237
RICE_000197,Rice,Bihar,SHEOHAR,Summer,1997,1.625
RICE_000198,Rice,Bihar,SHEOHAR,Winter,1997,1.474047018879572
RICE_000199,Rice,Bihar,SITAMARHI,Autumn,1997,1.2225954198473283
RICE_000200,Rice,Bihar,SITAMARHI,Summer,1997,1.4584895554365291
RICE_000201,Rice,Bihar,SITAMARHI,Winter,1997,1.1894563426688634
RICE_000202,Rice,Bihar,SIWAN,Autumn,1997,1.0688733147569591
RICE_000203,Rice,Bihar,SIWAN,Winter,1997,1.5234468501795235
RICE_000204,Rice,Bihar,SUPAUL,Autumn,1997,1.2472178060413355
RICE_000205,Rice,Bihar,SUPAUL,Summer,1997,1.5967425205036387
RICE_000206,Rice,Bihar,SUPAUL,Winter,1997,1.0823311001695053
RICE_000207,Rice,Bihar,VAISHALI,Autumn,1997,0.8879803761242846
RICE_000208,Rice,Bihar,VAISHALI,Summer,1997,1.6271186440677967
RICE_000209,Rice,Bihar,VAISHALI,Winter,1997,0.9198578354836059
RICE_000210,Rice,Goa,SOUTH GOA,Kharif,1997,2.6939152218340037
RICE_000211,Rice,Goa,SOUTH GOA,Rabi,1997,2.968988623967586
RICE_000212,Rice,Gujarat,AHMADABAD,Whole Year,1997,1.5205843293492696
RICE_000213,Rice,Gujarat,BHARUCH,Whole Year,1997,0.9800796812749004
RICE_000214,Rice,Gujarat,BHAVNAGAR,Whole Year,1997,2.0
RICE_000215,Rice,Gujarat,DANG,Whole Year,1997,0.7719298245614035
RICE_000216,Rice,Gujarat,GANDHINAGAR,Whole Year,1997,2.6944444444444446
RICE_000217,Rice,Gujarat,JUNAGADH,Whole Year,1997,2.0
RICE_000218,Rice,Gujarat,KHEDA,Whole Year,1997,1.7577120822622108
RICE_000219,Rice,Gujarat,MAHESANA,Whole Year,1997,1.9782608695652173
RICE_000220,Rice,Gujarat,PANCH MAHALS,Whole Year,1997,1.188758389261745
RICE_000221,Rice,Gujarat,SABAR KANTHA,Whole Year,1997,1.842281879194631
RICE_000222,Rice,Gujarat,SURAT,Whole Year,1997,1.8205128205128205
RICE_000223,Rice,Gujarat,SURENDRANAGAR,Whole Year,1997,2.0
RICE_000224,Rice,Gujarat,VADODARA,Whole Year,1997,1.0
RICE_000225,Rice,Gujarat,VALSAD,Whole Year,1997,1.7607361963190185
RICE_000226,Rice,Haryana,AMBALA,Kharif,1997,2.8
RICE_000227,Rice,Haryana,BHIWANI,Kharif,1997,3.0
RICE_000228,Rice,Haryana,FARIDABAD,Kharif,1997,2.8095238095238093
RICE_000229,Rice,Haryana,FATEHABAD,Kharif,1997,3.5384615384615383
RICE_000230,Rice,Haryana,GURGAON,Kharif,1997,2.857142857142857
RICE_000231,Rice,Haryana,HISAR,Kharif,1997,2.909090909090909
RICE_000232,Rice,Haryana,JHAJJAR,Kharif,1997,1.625
RICE_000233,Rice,Haryana,JIND,Kharif,1997,2.765432098765432
RICE_000234,Rice,Haryana,KAITHAL,Kharif,1997,2.8933333333333335
RICE_000235,Rice,Haryana,KARNAL,Kharif,1997,2.652173913043478
RICE_000236,Rice,Haryana,KURUKSHETRA,Kharif,1997,3.0849056603773586
RICE_000237,Rice,Haryana,PANCHKULA,Kharif,1997,2.6666666666666665
RICE_000238,Rice,Haryana,PANIPAT,Kharif,1997,2.449275362318841
RICE_000239,Rice,Haryana,ROHTAK,Kharif,1997,1.8125
RICE_000240,Rice,Haryana,SIRSA,Kharif,1997,3.34375
RICE_000241,Rice,Haryana,SONIPAT,Kharif,1997,2.096774193548387
RICE_000242,Rice,Haryana,YAMUNANAGAR,Kharif,1997,3.111111111111111
RICE_000243,Rice,Jammu and Kashmir,ANANTNAG,Kharif,1997,0.026769059327987597
RICE_000244,Rice,Jammu and Kashmir,BADGAM,Kharif,1997,0.022439688855432485
RICE_000245,Rice,Jammu and Kashmir,BARAMULLA,Kharif,1997,0.01953125
RICE_000246,Rice,Jammu and Kashmir,DODA,Kharif,1997,0.010848601735776278
RICE_000247,Rice,Jammu and Kashmir,JAMMU,Kharif,1997,0.018294787711425613
RICE_000248,Rice,Jammu and Kashmir,KATHUA,Kharif,1997,0.01720223541739434
RICE_000249,Rice,Jammu and Kashmir,KUPWARA,Kharif,1997,0.012920343773432543
RICE_000250,Rice,Jammu and Kashmir,POONCH,Kharif,1997,0.012784880489160644
RICE_000251,Rice,Jammu and Kashmir,PULWAMA,Kharif,1997,0.024870702768481898
RICE_000252,Rice,Jammu and Kashmir,RAJAURI,Kharif,1997,0.014998421218819072
RICE_000253,Rice,Jammu and Kashmir,SRINAGAR,Kharif,1997,0.02103066302777332
RICE_000254,Rice,Jammu and Kashmir,UDHAMPUR,Kharif,1997,0.01122563526890499
RICE_000255,Rice,Karnataka,BANGALORE RURAL,Kharif,1997,2.3359430604982205
RICE_000256,Rice,Karnataka,BANGALORE RURAL,Rabi,1997,2.164102564102564
RICE_000257,Rice,Karnataka,BANGALORE RURAL,Summer,1997,2.8501149425287355
RICE_000258,Rice,Karnataka,BELGAUM,Kharif,1997,1.4384316063639502
RICE_000259,Rice,Karnataka,BELGAUM,Summer,1997,2.85
RICE_000260,Rice,Karnataka,BELLARY,Kharif,1997,2.8357469512195124
RICE_000261,Rice,Karnataka,BELLARY,Summer,1997,2.781614559029398
RICE_000262,Rice,Karnataka,BENGALURU URBAN,Kharif,1997,3.1459937268320504
RICE_000263,Rice,Karnataka,BENGALURU URBAN,Summer,1997,2.7875399361022364
RICE_000264,Rice,Karnataka,BIDAR,Kharif,1997,0.6509323388385722
RICE_000265,Rice,Karnataka,BIDAR,Rabi,1997,1.5
RICE_000266,Rice,Karnataka,BIJAPUR,Kharif,1997,1.4111111111111112
RICE_000267,Rice,Karnataka,CHIKMAGALUR,Kharif,1997,2.346858176224823
RICE_000268,Rice,Karnataka,CHIKMAGALUR,Summer,1997,3.509180996793938
RICE_000269,Rice,Karnataka,CHITRADURGA,Kharif,1997,3.435242290748899
RICE_000270,Rice,Karnataka,CHITRADURGA,Rabi,1997,2.129577464788732
RICE_000271,Rice,Karnataka,CHITRADURGA,Summer,1997,3.3638266885126527
RICE_000272,Rice,Karnataka,DAKSHIN KANNAD,Kharif,1997,1.9391613285245195
RICE_000273,Rice,Karnataka,DAKSHIN KANNAD,Rabi,1997,1.935469547842818
RICE_000274,Rice,Karnataka,DAKSHIN KANNAD,Summer,1997,2.004894578313253
RICE_000275,Rice,Karnataka,DHARWAD,Kharif,1997,1.1533768334169874
RICE_000276,Rice,Karnataka,DHARWAD,Rabi,1997,1.5789473684210527
RICE_000277,Rice,Karnataka,DHARWAD,Summer,1997,2.508522727272727
RICE_000278,Rice,Karnataka,GULBARGA,Kharif,1997,1.847822788651191
RICE_000279,Rice,Karnataka,GULBARGA,Rabi,1997,2.146803900325027
RICE_000280,Rice,Karnataka,GULBARGA,Summer,1997,2.8176100628930816
RICE_000281,Rice,Karnataka,HASSAN,Kharif,1997,2.726403203084452
RICE_000282,Rice,Karnataka,HASSAN,Rabi,1997,2.6770657672849913
RICE_000283,Rice,Karnataka,HASSAN,Summer,1997,3.1217430368373766
RICE_000284,Rice,Karnataka,KODAGU,Kharif,1997,2.2194144212716296
RICE_000285,Rice,Karnataka,KODAGU,Rabi,1997,2.1686746987951806
RICE_000286,Rice,Karnataka,KODAGU,Summer,1997,2.8502994011976046
RICE_000287,Rice,Karnataka,KOLAR,Kharif,1997,2.2086562242374277
RICE_000288,Rice,Karnataka,KOLAR,Rabi,1997,2.1636363636363636
RICE_000289,Rice,Karnataka,KOLAR,Summer,1997,2.787338893100834
RICE_000290,Rice,Karnataka,MANDYA,Kharif,1997,2.6019449281859406
RICE_000291,Rice,Karnataka,MANDYA,Rabi,1997,2.163063619518221
RICE_000292,Rice,Karnataka,MANDYA,Summer,1997,3.334516345281754
RICE_000293,Rice,Karnataka,MYSORE,Kharif,1997,2.9191959569425805
RICE_000294,Rice,Karnataka,MYSORE,Rabi,1997,2.1627906976744184
RICE_000295,Rice,Karnataka,MYSORE,Summer,1997,2.7720817120622567
RICE_000296,Rice,Karnataka,RAICHUR,Kharif,1997,3.103825726499417
RICE_000297,Rice,Karnataka,RAICHUR,Summer,1997,2.39001760120694
RICE_000298,Rice,Karnataka,SHIMOGA,Kharif,1997,2.2738509503556545
RICE_000299,Rice,Karnataka,SHIMOGA,Summer,1997,3.112212167835815
RICE_000300,Rice,Karnataka,TUMKUR,Kharif,1997,2.5616450484749214
RICE_000301,Rice,Karnataka,TUMKUR,Rabi,1997,2.1595159515951594
RICE_000302,Rice,Karnataka,TUMKUR,Summer,1997,3.121659077410414
RICE_000303,Rice,Karnataka,UTTAR KANNAD,Kharif,1997,1.4998887783176258
RICE_000304,Rice,Karnataka,UTTAR KANNAD,Rabi,1997,2.0106951871657754
RICE_000305,Rice,Karnataka,UTTAR KANNAD,Summer,1997,1.9813538710985001
RICE_000306,Rice,Maharashtra,AHMEDNAGAR,Kharif,1997,1.2203389830508475
RICE_000307,Rice,Maharashtra,AKOLA,Kharif,1997,0.5517241379310345
RICE_000308,Rice,Maharashtra,AMRAVATI,Kharif,1997,0.6105263157894737
RICE_000309,Rice,Maharashtra,AURANGABAD,Kharif,1997,1.0909090909090908
RICE_000310,Rice,Maharashtra,BEED,Kharif,1997,0.5
RICE_000311,Rice,Maharashtra,BHANDARA,Kharif,1997,1.2430759204952753
RICE_000312,Rice,Maharashtra,BHANDARA,Summer,1997,1.5078125
RICE_000313,Rice,Maharashtra,BULDHANA,Kharif,1997,0.42857142857142855
RICE_000314,Rice,Maharashtra,CHANDRAPUR,Kharif,1997,1.3936950146627567
RICE_000315,Rice,Maharashtra,CHANDRAPUR,Summer,1997,1.1818181818181819
RICE_000316,Rice,Maharashtra,DHULE,Kharif,1997,0.8379446640316206
RICE_000317,Rice,Maharashtra,GADCHIROLI,Kharif,1997,1.0960827790096084
RICE_000318,Rice,Maharashtra,GADCHIROLI,Summer,1997,1.16
RICE_000319,Rice,Maharashtra,JALGAON,Kharif,1997,0.9411764705882353
RICE_000320,Rice,Maharashtra,JALNA,Kharif,1997,0.5
RICE_000321,Rice,Maharashtra,KOLHAPUR,Kharif,1997,223.72727272727272
RICE_000322,Rice,Maharashtra,KOLHAPUR,Summer,1997,2.6666666666666665
RICE_000323,Rice,Maharashtra,LATUR,Kharif,1997,0.26570048309178745
RICE_000324,Rice,Maharashtra,NAGPUR,Kharif,1997,0.8116438356164384
RICE_000325,Rice,Maharashtra,NAGPUR,Summer,1997,1.5
RICE_000326,Rice,Maharashtra,NANDED,Kharif,1997,0.5875486381322957
RICE_000327,Rice,Maharashtra,NASHIK,Kharif,1997,1.336322869955157
RICE_000328,Rice,Maharashtra,OSMANABAD,Kharif,1997,0.2805755395683453
RICE_000329,Rice,Maharashtra,PARBHANI,Kharif,1997,0.4618834080717489
RICE_000330,Rice,Maharashtra,PUNE,Kharif,1997,1.1111111111111112
RICE_000331,Rice,Maharashtra,RAIGAD,Kharif,1997,2.5193861066235863
RICE_000332,Rice,Maharashtra,RAIGAD,Summer,1997,2.731707317073171
RICE_000333,Rice,Maharashtra,RATNAGIRI,Kharif,1997,2.313131313131313
RICE_000334,Rice,Maharashtra,RATNAGIRI,Summer,1997,2.6666666666666665
RICE_000335,Rice,Maharashtra,SANGLI,Kharif,1997,2.0636942675159236
RICE_000336,Rice,Maharashtra,SATARA,Kharif,1997,1.5644768856447688
RICE_000337,Rice,Maharashtra,SINDHUDURG,Kharif,1997,2.6148738379814076
RICE_000338,Rice,Maharashtra,SINDHUDURG,Summer,1997,1.7826086956521738
RICE_000339,Rice,Maharashtra,SOLAPUR,Kharif,1997,1.0952380952380953
RICE_000340,Rice,Maharashtra,THANE,Kharif,1997,2.340149965916837
RICE_000341,Rice,Maharashtra,THANE,Summer,1997,2.9655172413793105
RICE_000342,Rice,Maharashtra,WARDHA,Kharif,1997,0.5
RICE_000343,Rice,Maharashtra,YAVATMAL,Kharif,1997,0.5671641791044776
RICE_000344,Rice,Manipur,BISHNUPUR,Kharif,1997,2.3529411764705883
RICE_000345,Rice,Manipur,CHANDEL,Kharif,1997,1.2857142857142858
RICE_000346,Rice,Manipur,CHURACHANDPUR,Kharif,1997,1.9285714285714286
RICE_000347,Rice,Manipur,IMPHAL EAST,Kharif,1997,2.3846153846153846
RICE_000348,Rice,Manipur,IMPHAL WEST,Kharif,1997,2.6875
RICE_000349,Rice,Manipur,SENAPATI,Kharif,1997,2.0434782608695654
RICE_000350,Rice,Manipur,TAMENGLONG,Kharif,1997,1.1111111111111112
RICE_000351,Rice,Manipur,THOUBAL,Kharif,1997,2.8214285714285716
RICE_000352,Rice,Manipur,UKHRUL,Kharif,1997,2.066666666666667
RICE_000353,Rice,Meghalaya,EAST GARO HILLS,Kharif,1997,1.3137968903531587
RICE_000354,Rice,Meghalaya,EAST JAINTIA HILLS,Kharif,1997,1.6415886145237806
RICE_000355,Rice,Meghalaya,EAST KHASI HILLS,Kharif,1997,1.4903100775193798
RICE_000356,Rice,Meghalaya,RI BHOI,Kharif,1997,1.3444284869477063
RICE_000357,Rice,Meghalaya,SOUTH GARO HILLS,Kharif,1997,1.015958617653533
RICE_000358,Rice,Meghalaya,WEST GARO HILLS,Kharif,1997,1.5368297978954402
RICE_000359,Rice,Meghalaya,WEST KHASI HILLS,Kharif,1997,1.3095945659095733
RICE_000360,Rice,Mizoram,AIZAWL,Whole Year,1997,1.659542842042677
RICE_000361,Rice,Mizoram,CHAMPHAI,Whole Year,1997,1.5414861712762413
RICE_000362,Rice,Mizoram,KOLASIB,Whole Year,1997,1.6550271268613643
RICE_000363,Rice,Mizoram,LUNGLEI,Whole Year,1997,1.5438947078280043
RICE_000364,Rice,Nagaland,KOHIMA,Kharif,1997,1.3486603910209993
RICE_000365,Rice,Nagaland,KOHIMA,Rabi,1997,1.2
RICE_000366,Rice,Nagaland,MOKOKCHUNG,Kharif,1997,1.2523452157598498
RICE_000367,Rice,Nagaland,MON,Kharif,1997,1.2957264957264958
RICE_000368,Rice,Nagaland,PHEK,Kharif,1997,1.3496560097126669
RICE_000369,Rice,Nagaland,TUENSANG,Kharif,1997,1.2755102040816326
RICE_000370,Rice,Nagaland,WOKHA,Kharif,1997,1.2868610054921843
RICE_000371,Rice,Nagaland,WOKHA,Rabi,1997,1.4
RICE_000372,Rice,Nagaland,ZUNHEBOTO,Kharif,1997,1.2110726643598615
RICE_000373,Rice,Punjab,AMRITSAR,Kharif,1997,3.01027397260274
RICE_000374,Rice,Punjab,BATHINDA,Kharif,1997,4.0
RICE_000375,Rice,Punjab,FARIDKOT,Kharif,1997,3.8214285714285716
RICE_000376,Rice,Punjab,FATEHGARH SAHIB,Kharif,1997,3.682926829268293
RICE_000377,Rice,Punjab,FIROZEPUR,Kharif,1997,3.611111111111111
RICE_000378,Rice,Punjab,GURDASPUR,Kharif,1997,2.8121546961325965
RICE_000379,Rice,Punjab,HOSHIARPUR,Kharif,1997,3.017857142857143
RICE_000380,Rice,Punjab,JALANDHAR,Kharif,1997,3.3492063492063493
RICE_000381,Rice,Punjab,KAPURTHALA,Kharif,1997,2.9896907216494846
RICE_000382,Rice,Punjab,LUDHIANA,Kharif,1997,3.841880341880342
RICE_000383,Rice,Punjab,MANSA,Kharif,1997,3.793103448275862
RICE_000384,Rice,Punjab,MOGA,Kharif,1997,4.009345794392523
RICE_000385,Rice,Punjab,MUKTSAR,Kharif,1997,3.4642857142857144
RICE_000386,Rice,Punjab,NAWANSHAHR,Kharif,1997,3.372093023255814
RICE_000387,Rice,Punjab,PATIALA,Kharif,1997,3.3
RICE_000388,Rice,Punjab,RUPNAGAR,Kharif,1997,3.2093023255813953
RICE_000389,Rice,Punjab,SANGRUR,Kharif,1997,3.834834834834835
RICE_000390,Rice,Rajasthan,AJMER,Kharif,1997,1.0
RICE_000391,Rice,Rajasthan,ALWAR,Kharif,1997,1.0
RICE_000392,Rice,Rajasthan,BANSWARA,Kharif,1997,0.9438669438669439
RICE_000393,Rice,Rajasthan,BARAN,Kharif,1997,1.0833333333333333
RICE_000394,Rice,Rajasthan,BHARATPUR,Kharif,1997,1.03125
RICE_000395,Rice,Rajasthan,BHILWARA,Kharif,1997,1.0
RICE_000396,Rice,Rajasthan,BUNDI,Kharif,1997,1.3685800604229608
RICE_000397,Rice,Rajasthan,CHITTORGARH,Kharif,1997,1.2
RICE_000398,Rice,Rajasthan,DHOLPUR,Kharif,1997,1.1538461538461537
RICE_000399,Rice,Rajasthan,DUNGARPUR,Kharif,1997,1.0940438871473355
RICE_000400,Rice,Rajasthan,GANGANAGAR,Kharif,1997,1.435897435897436
RICE_000401,Rice,Rajasthan,HANUMANGARH,Kharif,1997,1.5353982300884956
RICE_000402,Rice,Rajasthan,JHALAWAR,Kharif,1997,1.3333333333333333
RICE_000403,Rice,Rajasthan,KOTA,Kharif,1997,1.5161290322580645
RICE_000404,Rice,Rajasthan,RAJSAMAND,Kharif,1997,1.25
RICE_000405,Rice,Rajasthan,SAWAI MADHOPUR,Kharif,1997,10.5
RICE_000406,Rice,Rajasthan,UDAIPUR,Kharif,1997,0.8529411764705882
RICE_000407,Rice,Tamil Nadu,COIMBATORE,Whole Year,1997,3.0834625461155962
RICE_000408,Rice,Tamil Nadu,CUDDALORE,Whole Year,1997,3.0706109324758843
RICE_000409,Rice,Tamil Nadu,DHARMAPURI,Whole Year,1997,3.166337955989005
RICE_000410,Rice,Tamil Nadu,DINDIGUL,Whole Year,1997,4.948348979665809
RICE_000411,Rice,Tamil Nadu,ERODE,Whole Year,1997,4.416507915653945
RICE_000412,Rice,Tamil Nadu,KANCHIPURAM,Whole Year,1997,3.269034351687848
RICE_000413,Rice,Tamil Nadu,KANNIYAKUMARI,Whole Year,1997,3.797209064140315
RICE_000414,Rice,Tamil Nadu,KARUR,Whole Year,1997,2.954158560311284
RICE_000415,Rice,Tamil Nadu,MADURAI,Whole Year,1997,3.784929148457158
RICE_000416,Rice,Tamil Nadu,NAGAPATTINAM,Whole Year,1997,1.7179028116697355
RICE_000417,Rice,Tamil Nadu,NAMAKKAL,Whole Year,1997,4.134178376349914
RICE_000418,Rice,Tamil Nadu,PERAMBALUR,Whole Year,1997,3.06565828802985
RICE_000419,Rice,Tamil Nadu,PUDUKKOTTAI,Whole Year,1997,2.7497367020373034
RICE_000420,Rice,Tamil Nadu,RAMANATHAPURAM,Whole Year,1997,3.3221325700220556
RICE_000421,Rice,Tamil Nadu,SALEM,Whole Year,1997,4.0442331275144685
RICE_000422,Rice,Tamil Nadu,SIVAGANGA,Whole Year,1997,2.436572785958584
RICE_000423,Rice,Tamil Nadu,THANJAVUR,Whole Year,1997,2.698516771719487
RICE_000424,Rice,Tamil Nadu,THE NILGIRIS,Whole Year,1997,3.484848484848485
RICE_000425,Rice,Tamil Nadu,THENI,Whole Year,1997,3.1165229667725507
RICE_000426,Rice,Tamil Nadu,THIRUVALLUR,Whole Year,1997,3.885517672818267
RICE_000427,Rice,Tamil Nadu,THIRUVARUR,Whole Year,1997,1.697393062037395
RICE_000428,Rice,Tamil Nadu,TIRUCHIRAPPALLI,Whole Year,1997,3.3003100546286728
RICE_000429,Rice,Tamil Nadu,TIRUNELVELI,Whole Year,1997,3.668014552663295
RICE_000430,Rice,Tamil Nadu,TIRUVANNAMALAI,Whole Year,1997,2.85242190081773
RICE_000431,Rice,Tamil Nadu,TUTICORIN,Whole Year,1997,4.392137153068632
RICE_000432,Rice,Tamil Nadu,VELLORE,Whole Year,1997,3.308475428379907
RICE_000433,Rice,Tamil Nadu,VILLUPURAM,Whole Year,1997,3.178922435325352
RICE_000434,Rice,Tamil Nadu,VIRUDHUNAGAR,Whole Year,1997,3.0998674326115774
RICE_000435,Rice,Telangana,ADILABAD,Kharif,1997,0.9509803921568627
RICE_000436,Rice,Telangana,ADILABAD,Rabi,1997,2.3846153846153846
RICE_000437,Rice,Telangana,HYDERABAD,Kharif,1997,1.0
RICE_000438,Rice,Telangana,HYDERABAD,Rabi,1997,1.0
RICE_000439,Rice,Telangana,KARIMNAGAR,Kharif,1997,2.795145631067961
RICE_000440,Rice,Telangana,KARIMNAGAR,Rabi,1997,2.7485207100591715
RICE_000441,Rice,Telangana,KHAMMAM,Kharif,1997,2.0800990916597852
RICE_000442,Rice,Telangana,KHAMMAM,Rabi,1997,1.9651162790697674
RICE_000443,Rice,Telangana,MAHBUBNAGAR,Kharif,1997,1.8928571428571428
RICE_000444,Rice,Telangana,MAHBUBNAGAR,Rabi,1997,1.964824120603015
RICE_000445,Rice,Telangana,MEDAK,Kharif,1997,1.750524109014675
RICE_000446,Rice,Telangana,MEDAK,Rabi,1997,2.007782101167315
RICE_000447,Rice,Telangana,NALGONDA,Kharif,1997,2.478202548625084
RICE_000448,Rice,Telangana,NALGONDA,Rabi,1997,2.400958466453674
RICE_000449,Rice,Telangana,NIZAMABAD,Kharif,1997,1.6556372549019607
RICE_000450,Rice,Telangana,NIZAMABAD,Rabi,1997,2.383495145631068
RICE_000451,Rice,Telangana,RANGAREDDI,Kharif,1997,2.0375
RICE_000452,Rice,Telangana,RANGAREDDI,Rabi,1997,2.7261146496815285
RICE_000453,Rice,Telangana,WARANGAL,Kharif,1997,2.2367816091954023
RICE_000454,Rice,Telangana,WARANGAL,Rabi,1997,2.36
RICE_000455,Rice,Uttar Pradesh,AGRA,Kharif,1997,2.217112299465241
RICE_000456,Rice,Uttar Pradesh,ALIGARH,Kharif,1997,2.130308149356323
RICE_000457,Rice,Uttar Pradesh,ALLAHABAD,Kharif,1997,1.8567325182069092
RICE_000458,Rice,Uttar Pradesh,AMBEDKAR NAGAR,Kharif,1997,2.4429458050644577
RICE_000459,Rice,Uttar Pradesh,AMROHA,Kharif,1997,2.4025244556642473
RICE_000460,Rice,Uttar Pradesh,AMROHA,Summer,1997,2.5
RICE_000461,Rice,Uttar Pradesh,AURAIYA,Kharif,1997,2.302186830313657
RICE_000462,Rice,Uttar Pradesh,AZAMGARH,Kharif,1997,2.0673385724222646
RICE_000463,Rice,Uttar Pradesh,BAGHPAT,Kharif,1997,2.8781372845479285
RICE_000464,Rice,Uttar Pradesh,BAGHPAT,Summer,1997,3.0
RICE_000465,Rice,Uttar Pradesh,BAHRAICH,Kharif,1997,1.6373296429380726
RICE_000466,Rice,Uttar Pradesh,BAHRAICH,Summer,1997,1.75
RICE_000467,Rice,Uttar Pradesh,BALLIA,Kharif,1997,1.893369151794026
RICE_000468,Rice,Uttar Pradesh,BALRAMPUR,Kharif,1997,1.9629335419059957
RICE_000469,Rice,Uttar Pradesh,BALRAMPUR,Summer,1997,2.0
RICE_000470,Rice,Uttar Pradesh,BANDA,Kharif,1997,1.1984649307367323
RICE_000471,Rice,Uttar Pradesh,BARABANKI,Kharif,1997,1.985359488370759
RICE_000472,Rice,Uttar Pradesh,BARABANKI,Summer,1997,2.0
RICE_000473,Rice,Uttar Pradesh,BAREILLY,Kharif,1997,2.311226682712972
RICE_000474,Rice,Uttar Pradesh,BAREILLY,Summer,1997,2.3095238095238093
RICE_000475,Rice,Uttar Pradesh,BASTI,Kharif,1997,1.7725234759021053
RICE_000476,Rice,Uttar Pradesh,BASTI,Summer,1997,1.7777777777777777
RICE_000477,Rice,Uttar Pradesh,BIJNOR,Kharif,1997,2.9735032781916506
RICE_000478,Rice,Uttar Pradesh,BIJNOR,Summer,1997,3.0
RICE_000479,Rice,Uttar Pradesh,BUDAUN,Kharif,1997,1.8687714463625644
RICE_000480,Rice,Uttar Pradesh,BUDAUN,Summer,1997,1.8846153846153846
RICE_000481,Rice,Uttar Pradesh,BULANDSHAHR,Kharif,1997,2.878324423089937
RICE_000482,Rice,Uttar Pradesh,CHANDAULI,Kharif,1997,3.0756553208137714
RICE_000483,Rice,Uttar Pradesh,CHITRAKOOT,Kharif,1997,0.8229357798165138
RICE_000484,Rice,Uttar Pradesh,DEORIA,Kharif,1997,1.9350599022105688
RICE_000485,Rice,Uttar Pradesh,DEORIA,Summer,1997,1.875
RICE_000486,Rice,Uttar Pradesh,ETAH,Kharif,1997,1.838673890608875
RICE_000487,Rice,Uttar Pradesh,ETAWAH,Kharif,1997,2.6907674384738605
RICE_000488,Rice,Uttar Pradesh,FAIZABAD,Kharif,1997,2.266444040661985
RICE_000489,Rice,Uttar Pradesh,FARRUKHABAD,Kharif,1997,1.8941354521377223
RICE_000490,Rice,Uttar Pradesh,FARRUKHABAD,Summer,1997,2.0
RICE_000491,Rice,Uttar Pradesh,FATEHPUR,Kharif,1997,1.984591510056453
RICE_000492,Rice,Uttar Pradesh,FIROZABAD,Kharif,1997,2.227931206736602
RICE_000493,Rice,Uttar Pradesh,GAUTAM BUDDHA NAGAR,Kharif,1997,2.6724164484829815
RICE_000494,Rice,Uttar Pradesh,GHAZIABAD,Kharif,1997,2.286755594431081
RICE_000495,Rice,Uttar Pradesh,GHAZIABAD,Summer,1997,2.25
RICE_000496,Rice,Uttar Pradesh,GHAZIPUR,Kharif,1997,2.21091235408416
RICE_000497,Rice,Uttar Pradesh,GONDA,Kharif,1997,2.164607946111579
RICE_000498,Rice,Uttar Pradesh,GONDA,Summer,1997,2.1333333333333333
RICE_000499,Rice,Uttar Pradesh,GORAKHPUR,Kharif,1997,1.6090630604684044
RICE_000500,Rice,Uttar Pradesh,GORAKHPUR,Summer,1997,1.6073825503355705
RICE_000501,Rice,Uttar Pradesh,HAMIRPUR,Kharif,1997,1.1258741258741258
RICE_000502,Rice,Uttar Pradesh,HARDOI,Kharif,1997,2.1946216835324166
RICE_000503,Rice,Uttar Pradesh,HARDOI,Summer,1997,2.176470588235294
RICE_000504,Rice,Uttar Pradesh,HATHRAS,Kharif,1997,2.217627200385821
RICE_000505,Rice,Uttar Pradesh,HATHRAS,Summer,1997,2.0
RICE_000506,Rice,Uttar Pradesh,JALAUN,Kharif,1997,0.6003420752565565
RICE_000507,Rice,Uttar Pradesh,JAUNPUR,Kharif,1997,2.2475368157708773
RICE_000508,Rice,Uttar Pradesh,JAUNPUR,Summer,1997,2.3333333333333335
RICE_000509,Rice,Uttar Pradesh,JHANSI,Kharif,1997,0.6006071118820469
RICE_000510,Rice,Uttar Pradesh,KANNAUJ,Kharif,1997,2.583485891042232
RICE_000511,Rice,Uttar Pradesh,KANPUR DEHAT,Kharif,1997,2.2536348949919223
RICE_000512,Rice,Uttar Pradesh,KANPUR NAGAR,Kharif,1997,2.142413439204883
RICE_000513,Rice,Uttar Pradesh,KAUSHAMBI,Kharif,1997,1.4297353008539737
RICE_000514,Rice,Uttar Pradesh,KHERI,Kharif,1997,2.581765510057939
RICE_000515,Rice,Uttar Pradesh,KHERI,Summer,1997,2.5828877005347595
RICE_000516,Rice,Uttar Pradesh,KUSHI NAGAR,Kharif,1997,2.601663238844675
RICE_000517,Rice,Uttar Pradesh,LALITPUR,Kharif,1997,0.5996422715754957
RICE_000518,Rice,Uttar Pradesh,LALITPUR,Summer,1997,0.6666666666666666
RICE_000519,Rice,Uttar Pradesh,LUCKNOW,Kharif,1997,1.7051598419207006
RICE_000520,Rice,Uttar Pradesh,LUCKNOW,Summer,1997,1.6666666666666667
RICE_000521,Rice,Uttar Pradesh,MAHARAJGANJ,Kharif,1997,2.264634642351984
RICE_000522,Rice,Uttar Pradesh,MAHARAJGANJ,Summer,1997,2.2666666666666666
RICE_000523,Rice,Uttar Pradesh,MAHOBA,Kharif,1997,1.1257197696737045
RICE_000524,Rice,Uttar Pradesh,MAINPURI,Kharif,1997,2.2615957920424754
RICE_000525,Rice,Uttar Pradesh,MATHURA,Kharif,1997,2.1861864178010877
RICE_000526,Rice,Uttar Pradesh,MAU,Kharif,1997,1.739519893564555
RICE_000527,Rice,Uttar Pradesh,MEERUT,Kharif,1997,2.5292721518987342
RICE_000528,Rice,Uttar Pradesh,MIRZAPUR,Kharif,1997,1.866474074811974
RICE_000529,Rice,Uttar Pradesh,MORADABAD,Kharif,1997,2.4546845758852434
RICE_000530,Rice,Uttar Pradesh,MORADABAD,Summer,1997,2.5
RICE_000531,Rice,Uttar Pradesh,MUZAFFARNAGAR,Kharif,1997,2.9742978205160733
RICE_000532,Rice,Uttar Pradesh,PILIBHIT,Kharif,1997,2.9956460538481706
RICE_000533,Rice,Uttar Pradesh,PILIBHIT,Summer,1997,2.995475113122172
RICE_000534,Rice,Uttar Pradesh,PRATAPGARH,Kharif,1997,2.0908018652281246
RICE_000535,Rice,Uttar Pradesh,RAE BARELI,Kharif,1997,1.7162677989363526
RICE_000536,Rice,Uttar Pradesh,RAE BARELI,Summer,1997,2.0
RICE_000537,Rice,Uttar Pradesh,RAMPUR,Kharif,1997,2.530875334428176
RICE_000538,Rice,Uttar Pradesh,RAMPUR,Summer,1997,2.529891304347826
RICE_000539,Rice,Uttar Pradesh,SAHARANPUR,Kharif,1997,2.662501012173068
RICE_000540,Rice,Uttar Pradesh,SANT KABEER NAGAR,Kharif,1997,1.8288420313200189
RICE_000541,Rice,Uttar Pradesh,SANT KABEER NAGAR,Summer,1997,1.8313253012048192
RICE_000542,Rice,Uttar Pradesh,SANT RAVIDAS NAGAR,Kharif,1997,2.2856190177310527
RICE_000543,Rice,Uttar Pradesh,SHAHJAHANPUR,Kharif,1997,2.625781732789519
RICE_000544,Rice,Uttar Pradesh,SHAHJAHANPUR,Summer,1997,2.625863770977295
RICE_000545,Rice,Uttar Pradesh,SHRAVASTI,Kharif,1997,1.4849000548040037
RICE_000546,Rice,Uttar Pradesh,SIDDHARTH NAGAR,Kharif,1997,1.799812966201111
RICE_000547,Rice,Uttar Pradesh,SIDDHARTH NAGAR,Summer,1997,1.796875
RICE_000548,Rice,Uttar Pradesh,SITAPUR,Kharif,1997,2.2209110303133395
RICE_000549,Rice,Uttar Pradesh,SONBHADRA,Kharif,1997,1.579370027682869
RICE_000550,Rice,Uttar Pradesh,SULTANPUR,Kharif,1997,2.1118462627335
RICE_000551,Rice,Uttar Pradesh,SULTANPUR,Summer,1997,2.111111111111111
RICE_000552,Rice,Uttar Pradesh,UNNAO,Kharif,1997,1.7022292822720004
RICE_000553,Rice,Uttar Pradesh,VARANASI,Kharif,1997,2.670865266618815
RICE_000554,Rice,West Bengal,24 PARAGANAS NORTH,Autumn,1997,2.253446094426317
RICE_000555,Rice,West Bengal,24 PARAGANAS NORTH,Summer,1997,2.750703765656236
RICE_000556,Rice,West Bengal,24 PARAGANAS NORTH,Winter,1997,1.977153445616505
RICE_000557,Rice,West Bengal,24 PARAGANAS SOUTH,Autumn,1997,2.1876297218762972
RICE_000558,Rice,West Bengal,24 PARAGANAS SOUTH,Summer,1997,2.482986974974389
RICE_000559,Rice,West Bengal,24 PARAGANAS SOUTH,Winter,1997,1.3240447993140776
RICE_000560,Rice,West Bengal,BANKURA,Autumn,1997,2.306142210358274
RICE_000561,Rice,West Bengal,BANKURA,Summer,1997,3.0400968240805075
RICE_000562,Rice,West Bengal,BANKURA,Winter,1997,2.7467858382212293
RICE_000563,Rice,West Bengal,BARDHAMAN,Autumn,1997,2.641384282624369
RICE_000564,Rice,West Bengal,BARDHAMAN,Summer,1997,3.440422187736262
RICE_000565,Rice,West Bengal,BARDHAMAN,Winter,1997,2.7428596045319433
RICE_000566,Rice,West Bengal,BIRBHUM,Autumn,1997,2.4322704387437066
RICE_000567,Rice,West Bengal,BIRBHUM,Summer,1997,3.1690927218344966
RICE_000568,Rice,West Bengal,BIRBHUM,Winter,1997,2.7124658457826194
RICE_000569,Rice,West Bengal,COOCHBEHAR,Autumn,1997,1.5178826895565094
RICE_000570,Rice,West Bengal,COOCHBEHAR,Summer,1997,2.3910504640727765
RICE_000571,Rice,West Bengal,COOCHBEHAR,Winter,1997,1.2457745972382048
RICE_000572,Rice,West Bengal,DARJEELING,Autumn,1997,0.6467889908256881
RICE_000573,Rice,West Bengal,DARJEELING,Summer,1997,2.8
RICE_000574,Rice,West Bengal,DARJEELING,Winter,1997,1.210358676083645
RICE_000575,Rice,West Bengal,DINAJPUR DAKSHIN,Autumn,1997,1.0223708969266152
RICE_000576,Rice,West Bengal,DINAJPUR DAKSHIN,Summer,1997,2.6943532873146996
RICE_000577,Rice,West Bengal,DINAJPUR DAKSHIN,Winter,1997,2.042150414641121
RICE_000578,Rice,West Bengal,DINAJPUR UTTAR,Autumn,1997,1.8117947626144348
RICE_000579,Rice,West Bengal,DINAJPUR UTTAR,Summer,1997,2.6537990101006965
RICE_000580,Rice,West Bengal,DINAJPUR UTTAR,Winter,1997,1.7102375102375103
RICE_000581,Rice,West Bengal,HOOGHLY,Autumn,1997,2.2302306425041185
RICE_000582,Rice,West Bengal,HOOGHLY,Summer,1997,2.676542671967758
RICE_000583,Rice,West Bengal,HOOGHLY,Winter,1997,2.653413502906672
RICE_000584,Rice,West Bengal,HOWRAH,Autumn,1997,2.546916890080429
RICE_000585,Rice,West Bengal,HOWRAH,Summer,1997,2.735241719977326
RICE_000586,Rice,West Bengal,HOWRAH,Winter,1997,1.4194184327254806
RICE_000587,Rice,West Bengal,JALPAIGURI,Autumn,1997,1.039640137059712
RICE_000588,Rice,West Bengal,JALPAIGURI,Summer,1997,2.8740245261984394
RICE_000589,Rice,West Bengal,JALPAIGURI,Winter,1997,1.306388191270982
RICE_000590,Rice,West Bengal,MALDAH,Autumn,1997,1.2748804625820083
RICE_000591,Rice,West Bengal,MALDAH,Summer,1997,3.1409402071848307
RICE_000592,Rice,West Bengal,MALDAH,Winter,1997,2.2280876291799485
RICE_000593,Rice,West Bengal,MEDINIPUR EAST,Autumn,1997,2.5052244949654865
RICE_000594,Rice,West Bengal,MEDINIPUR EAST,Summer,1997,2.808173824666225
RICE_000595,Rice,West Bengal,MEDINIPUR EAST,Winter,1997,1.7357601103680378
RICE_000596,Rice,West Bengal,MEDINIPUR WEST,Autumn,1997,1.9132542323831574
RICE_000597,Rice,West Bengal,MEDINIPUR WEST,Summer,1997,2.487055420654192
RICE_000598,Rice,West Bengal,MEDINIPUR WEST,Winter,1997,2.1908740995690814
RICE_000599,Rice,West Bengal,MURSHIDABAD,Autumn,1997,1.4949402023919043
RICE_000600,Rice,West Bengal,MURSHIDABAD,Summer,1997,3.562951464854492
RICE_000601,Rice,West Bengal,MURSHIDABAD,Winter,1997,2.4558397047192195
RICE_000602,Rice,West Bengal,NADIA,Autumn,1997,1.780013317256645
RICE_000603,Rice,West Bengal,NADIA,Summer,1997,3.1052098181548526
RICE_000604,Rice,West Bengal,NADIA,Winter,1997,2.1367797183808075
RICE_000605,Rice,West Bengal,PURULIA,Autumn,1997,1.4675294661428242
RICE_000606,Rice,West Bengal,PURULIA,Summer,1997,2.380634390651085
RICE_000607,Rice,West Bengal,PURULIA,Winter,1997,1.8909535219536966
RICE_000608,Rice,Andhra Pradesh,ANANTAPUR,Kharif,1998,2.5274151436031334
RICE_000609,Rice,Andhra Pradesh,ANANTAPUR,Rabi,1998,2.4022556390977443
RICE_000610,Rice,Andhra Pradesh,CHITTOOR,Kharif,1998,2.5095238095238095
RICE_000611,Rice,Andhra Pradesh,CHITTOOR,Rabi,1998,2.551282051282051
RICE_000612,Rice,Andhra Pradesh,EAST GODAVARI,Kharif,1998,1.5083886071010535
RICE_000613,Rice,Andhra Pradesh,EAST GODAVARI,Rabi,1998,4.166243654822335
RICE_000614,Rice,Andhra Pradesh,GUNTUR,Kharif,1998,3.0878016085790883
RICE_000615,Rice,Andhra Pradesh,GUNTUR,Rabi,1998,3.4329896907216493
RICE_000616,Rice,Andhra Pradesh,KADAPA,Kharif,1998,2.8682432432432434
RICE_000617,Rice,Andhra Pradesh,KADAPA,Rabi,1998,2.447058823529412
RICE_000618,Rice,Andhra Pradesh,KRISHNA,Kharif,1998,2.7061965811965814
RICE_000619,Rice,Andhra Pradesh,KRISHNA,Rabi,1998,3.6520446096654275
RICE_000620,Rice,Andhra Pradesh,KURNOOL,Kharif,1998,2.9520639147802927
RICE_000621,Rice,Andhra Pradesh,KURNOOL,Rabi,1998,2.1291866028708135
RICE_000622,Rice,Andhra Pradesh,PRAKASAM,Kharif,1998,2.866851595006935
RICE_000623,Rice,Andhra Pradesh,PRAKASAM,Rabi,1998,3.372628726287263
RICE_000624,Rice,Andhra Pradesh,SPSR NELLORE,Kharif,1998,2.9843400447427295
RICE_000625,Rice,Andhra Pradesh,SPSR NELLORE,Rabi,1998,2.9585379159847247
RICE_000626,Rice,Andhra Pradesh,SRIKAKULAM,Kharif,1998,1.9068930041152263
RICE_000627,Rice,Andhra Pradesh,SRIKAKULAM,Rabi,1998,3.75
RICE_000628,Rice,Andhra Pradesh,VISAKHAPATANAM,Kharif,1998,1.2297650130548303
RICE_000629,Rice,Andhra Pradesh,VISAKHAPATANAM,Rabi,1998,3.710526315789474
RICE_000630,Rice,Andhra Pradesh,VIZIANAGARAM,Kharif,1998,2.2225563909774437
RICE_000631,Rice,Andhra Pradesh,VIZIANAGARAM,Rabi,1998,3.6944444444444446
RICE_000632,Rice,Andhra Pradesh,WEST GODAVARI,Kharif,1998,2.467175572519084
RICE_000633,Rice,Andhra Pradesh,WEST GODAVARI,Rabi,1998,4.37004632012352
RICE_000634,Rice,Arunachal Pradesh,CHANGLANG,Kharif,1998,1.2394805194805194
RICE_000635,Rice,Arunachal Pradesh,DIBANG VALLEY,Kharif,1998,1.25
RICE_000636,Rice,Arunachal Pradesh,EAST KAMENG,Kharif,1998,1.0180236171535115
RICE_000637,Rice,Arunachal Pradesh,EAST SIANG,Kharif,1998,1.7206063088897992
RICE_000638,Rice,Arunachal Pradesh,LOHIT,Kharif,1998,1.4
RICE_000639,Rice,Arunachal Pradesh,LOWER SUBANSIRI,Kharif,1998,0.6970118137595552
RICE_000640,Rice,Arunachal Pradesh,PAPUM PARE,Kharif,1998,0.9690140845070423
RICE_000641,Rice,Arunachal Pradesh,TAWANG,Kharif,1998,1.249438202247191
RICE_000642,Rice,Arunachal Pradesh,TIRAP,Kharif,1998,0.3633302151543499
RICE_000643,Rice,Arunachal Pradesh,UPPER SIANG,Kharif,1998,0.46537842190016104
RICE_000644,Rice,Arunachal Pradesh,UPPER SUBANSIRI,Kharif,1998,0.37359900373599003
RICE_000645,Rice,Arunachal Pradesh,WEST KAMENG,Kharif,1998,0.882803943044907
RICE_000646,Rice,Arunachal Pradesh,WEST SIANG,Kharif,1998,0.9240479916536255
RICE_000647,Rice,Assam,BARPETA,Autumn,1998,0.5570871573390919
RICE_000648,Rice,Assam,BARPETA,Summer,1998,1.9920292059628841
RICE_000649,Rice,Assam,BARPETA,Winter,1998,1.0515224855068386
RICE_000650,Rice,Assam,BONGAIGAON,Autumn,1998,0.8418179091045448
RICE_000651,Rice,Assam,BONGAIGAON,Summer,1998,1.409860191317145
RICE_000652,Rice,Assam,BONGAIGAON,Winter,1998,0.9667575223130779
RICE_000653,Rice,Assam,CACHAR,Autumn,1998,1.3992941176470588
RICE_000654,Rice,Assam,CACHAR,Summer,1998,1.65
RICE_000655,Rice,Assam,CACHAR,Winter,1998,2.0497712257961456
RICE_000656,Rice,Assam,DARRANG,Autumn,1998,0.8596366279069767
RICE_000657,Rice,Assam,DARRANG,Summer,1998,1.3604874919820398
RICE_000658,Rice,Assam,DARRANG,Winter,1998,1.2697014254292693
RICE_000659,Rice,Assam,DHEMAJI,Autumn,1998,0.6470588235294118
RICE_000660,Rice,Assam,DHEMAJI,Summer,1998,1.2775420132405364
RICE_000661,Rice,Assam,DHEMAJI,Winter,1998,1.2830959677903973
RICE_000662,Rice,Assam,DHUBRI,Autumn,1998,0.6893996401112383
RICE_000663,Rice,Assam,DHUBRI,Summer,1998,1.9045346796786011
RICE_000664,Rice,Assam,DHUBRI,Winter,1998,0.8432017013872106
RICE_000665,Rice,Assam,DIBRUGARH,Autumn,1998,1.762358276643991
RICE_000666,Rice,Assam,DIBRUGARH,Summer,1998,1.9929906542056075
RICE_000667,Rice,Assam,DIBRUGARH,Winter,1998,1.5109843459803662
RICE_000668,Rice,Assam,DIMA HASAO,Autumn,1998,1.3746177370030581
RICE_000669,Rice,Assam,DIMA HASAO,Summer,1998,2.0
RICE_000670,Rice,Assam,DIMA HASAO,Winter,1998,1.9444257325698888
RICE_000671,Rice,Assam,GOALPARA,Autumn,1998,1.0538639111795098
RICE_000672,Rice,Assam,GOALPARA,Summer,1998,2.413
RICE_000673,Rice,Assam,GOALPARA,Winter,1998,1.1977798093248009
RICE_000674,Rice,Assam,GOLAGHAT,Autumn,1998,1.3601715102429728
RICE_000675,Rice,Assam,GOLAGHAT,Summer,1998,1.9913294797687862
RICE_000676,Rice,Assam,GOLAGHAT,Winter,1998,1.7953383279819242
RICE_000677,Rice,Assam,HAILAKANDI,Autumn,1998,1.9326
RICE_000678,Rice,Assam,HAILAKANDI,Summer,1998,1.39
RICE_000679,Rice,Assam,HAILAKANDI,Winter,1998,1.4962465753424659
RICE_000680,Rice,Assam,JORHAT,Autumn,1998,1.092156862745098
RICE_000681,Rice,Assam,JORHAT,Summer,1998,1.8171632896305125
RICE_000682,Rice,Assam,JORHAT,Winter,1998,1.7303246348722918
RICE_000683,Rice,Assam,KAMRUP,Autumn,1998,0.8935567718349148
RICE_000684,Rice,Assam,KAMRUP,Summer,1998,1.9810155535224154
RICE_000685,Rice,Assam,KAMRUP,Winter,1998,1.334179898221259
RICE_000686,Rice,Assam,KARBI ANGLONG,Autumn,1998,1.1761834190567517
RICE_000687,Rice,Assam,KARBI ANGLONG,Summer,1998,1.1485974222896134
RICE_000688,Rice,Assam,KARBI ANGLONG,Winter,1998,1.4041717964760732
RICE_000689,Rice,Assam,KARIMGANJ,Autumn,1998,1.0332432432432432
RICE_000690,Rice,Assam,KARIMGANJ,Summer,1998,1.0518906983163125
RICE_000691,Rice,Assam,KARIMGANJ,Winter,1998,1.6646488346629125
RICE_000692,Rice,Assam,KOKRAJHAR,Autumn,1998,0.894515562248996
RICE_000693,Rice,Assam,KOKRAJHAR,Summer,1998,1.0695488721804511
RICE_000694,Rice,Assam,KOKRAJHAR,Winter,1998,1.0972171487397469
RICE_000695,Rice,Assam,LAKHIMPUR,Autumn,1998,0.3228729281767956
RICE_000696,Rice,Assam,LAKHIMPUR,Summer,1998,0.804126048515076
RICE_000697,Rice,Assam,LAKHIMPUR,Winter,1998,1.1902159244264507
RICE_000698,Rice,Assam,MARIGAON,Autumn,1998,0.5805490196078431
RICE_000699,Rice,Assam,MARIGAON,Summer,1998,2.59
RICE_000700,Rice,Assam,MARIGAON,Winter,1998,1.1366888888888889
RICE_000701,Rice,Assam,NAGAON,Autumn,1998,1.3183308872823467
RICE_000702,Rice,Assam,NAGAON,Summer,1998,2.4072074665898895
RICE_000703,Rice,Assam,NAGAON,Winter,1998,1.461148707030629
RICE_000704,Rice,Assam,NALBARI,Autumn,1998,0.648442420425367
RICE_000705,Rice,Assam,NALBARI,Summer,1998,1.471
RICE_000706,Rice,Assam,NALBARI,Winter,1998,1.1041834677419355
RICE_000707,Rice,Assam,SIVASAGAR,Autumn,1998,1.3762993762993763
RICE_000708,Rice,Assam,SIVASAGAR,Summer,1998,1.9864864864864864
RICE_000709,Rice,Assam,SIVASAGAR,Winter,1998,1.648685326547922
RICE_000710,Rice,Assam,SONITPUR,Autumn,1998,1.077076160090975
RICE_000711,Rice,Assam,SONITPUR,Summer,1998,1.0676616915422885
RICE_000712,Rice,Assam,SONITPUR,Winter,1998,1.3973801209762056
RICE_000713,Rice,Assam,TINSUKIA,Autumn,1998,1.4044444444444444
RICE_000714,Rice,Assam,TINSUKIA,Summer,1998,1.9902439024390244
RICE_000715,Rice,Assam,TINSUKIA,Winter,1998,1.5322322392008076
RICE_000716,Rice,Bihar,ARARIA,Summer,1998,1.3700684380032206
RICE_000717,Rice,Bihar,ARARIA,Winter,1998,0.9699140708915145
RICE_000718,Rice,Bihar,AURANGABAD,Summer,1998,2.1666666666666665
RICE_000719,Rice,Bihar,AURANGABAD,Winter,1998,1.9646344448675406
RICE_000720,Rice,Bihar,BANKA,Summer,1998,1.9656084656084656
RICE_000721,Rice,Bihar,BANKA,Winter,1998,1.4726677961214043
RICE_000722,Rice,Bihar,BEGUSARAI,Summer,1998,3.782608695652174
RICE_000723,Rice,Bihar,BEGUSARAI,Winter,1998,0.5545319062457662
RICE_000724,Rice,Bihar,BHAGALPUR,Summer,1998,1.8762214983713354
RICE_000725,Rice,Bihar,BHAGALPUR,Winter,1998,1.237312642554578
RICE_000726,Rice,Bihar,BHOJPUR,Winter,1998,2.1513849092645656
RICE_000727,Rice,Bihar,BUXAR,Winter,1998,2.4438994819794995
RICE_000728,Rice,Bihar,DARBHANGA,Summer,1998,1.1836007130124777
RICE_000729,Rice,Bihar,DARBHANGA,Winter,1998,0.9007782789422482
RICE_000730,Rice,Bihar,GAYA,Summer,1998,2.0776699029126213
RICE_000731,Rice,Bihar,GAYA,Winter,1998,1.5832177096043227
RICE_000732,Rice,Bihar,GOPALGANJ,Summer,1998,1.9523809523809523
RICE_000733,Rice,Bihar,GOPALGANJ,Winter,1998,1.4468788333106175
RICE_000734,Rice,Bihar,JAMUI,Summer,1998,2.230769230769231
RICE_000735,Rice,Bihar,JAMUI,Winter,1998,1.071957067823704
RICE_000736,Rice,Bihar,JEHANABAD,Summer,1998,2.231404958677686
RICE_000737,Rice,Bihar,JEHANABAD,Winter,1998,1.7633241351000022
RICE_000738,Rice,Bihar,KAIMUR (BHABUA),Winter,1998,2.3850029722308714
RICE_000739,Rice,Bihar,KATIHAR,Summer,1998,2.6894404392562996
RICE_000740,Rice,Bihar,KATIHAR,Winter,1998,0.685655152022865
RICE_000741,Rice,Bihar,KHAGARIA,Summer,1998,1.5192743764172336
RICE_000742,Rice,Bihar,KHAGARIA,Winter,1998,0.22278468570305204
RICE_000743,Rice,Bihar,KISHANGANJ,Summer,1998,2.0682190882256477
RICE_000744,Rice,Bihar,KISHANGANJ,Winter,1998,0.8736868666746351
RICE_000745,Rice,Bihar,LAKHISARAI,Winter,1998,0.7703848845346396
RICE_000746,Rice,Bihar,MADHEPURA,Summer,1998,1.7869924294562973
RICE_000747,Rice,Bihar,MADHEPURA,Winter,1998,1.2487228559803494
RICE_000748,Rice,Bihar,MADHUBANI,Summer,1998,1.1688231669747382
RICE_000749,Rice,Bihar,MADHUBANI,Winter,1998,0.882332029861358
RICE_000750,Rice,Bihar,MUNGER,Winter,1998,1.2661724596125603
RICE_000751,Rice,Bihar,MUZAFFARPUR,Summer,1998,0.6311584553928096
RICE_000752,Rice,Bihar,MUZAFFARPUR,Winter,1998,1.0202393773749772
RICE_000753,Rice,Bihar,NALANDA,Summer,1998,2.235294117647059
RICE_000754,Rice,Bihar,NALANDA,Winter,1998,1.767220505234611
RICE_000755,Rice,Bihar,NAWADA,Summer,1998,2.175
RICE_000756,Rice,Bihar,NAWADA,Winter,1998,1.7315196883938897
RICE_000757,Rice,Bihar,PASHCHIM CHAMPARAN,Summer,1998,1.4628947878318155
RICE_000758,Rice,Bihar,PASHCHIM CHAMPARAN,Winter,1998,1.6147342467190684
RICE_000759,Rice,Bihar,PATNA,Summer,1998,2.24
RICE_000760,Rice,Bihar,PATNA,Winter,1998,2.5429830876014257
RICE_000761,Rice,Bihar,PURBI CHAMPARAN,Summer,1998,1.0574162679425838
RICE_000762,Rice,Bihar,PURBI CHAMPARAN,Winter,1998,1.1267156963166305
RICE_000763,Rice,Bihar,PURNIA,Summer,1998,2.461667116266523
RICE_000764,Rice,Bihar,PURNIA,Winter,1998,1.042389687654933
RICE_000765,Rice,Bihar,ROHTAS,Summer,1998,1.9365079365079365
RICE_000766,Rice,Bihar,ROHTAS,Winter,1998,2.423840586270483
RICE_000767,Rice,Bihar,SAHARSA,Summer,1998,1.3496810624281084
RICE_000768,Rice,Bihar,SAHARSA,Winter,1998,0.9328332809718295
RICE_000769,Rice,Bihar,SAMASTIPUR,Summer,1998,1.176416819012797
RICE_000770,Rice,Bihar,SAMASTIPUR,Winter,1998,0.941369639307015
RICE_000771,Rice,Bihar,SARAN,Summer,1998,2.2222222222222223
RICE_000772,Rice,Bihar,SARAN,Winter,1998,1.251024986462443
RICE_000773,Rice,Bihar,SHEIKHPURA,Winter,1998,1.3928948758584259
RICE_000774,Rice,Bihar,SHEOHAR,Summer,1998,1.8548387096774193
RICE_000775,Rice,Bihar,SHEOHAR,Winter,1998,0.8617269228684482
RICE_000776,Rice,Bihar,SITAMARHI,Summer,1998,1.1321562332798287
RICE_000777,Rice,Bihar,SITAMARHI,Winter,1998,0.614535369753586
RICE_000778,Rice,Bihar,SIWAN,Summer,1998,2.2
RICE_000779,Rice,Bihar,SIWAN,Winter,1998,1.3411427205355009
RICE_000780,Rice,Bihar,SUPAUL,Summer,1998,1.7709220832760753
RICE_000781,Rice,Bihar,SUPAUL,Winter,1998,1.0089068431811545
RICE_000782,Rice,Bihar,VAISHALI,Summer,1998,1.8568665377176015
RICE_000783,Rice,Bihar,VAISHALI,Winter,1998,1.0449495270141578
RICE_000784,Rice,Chandigarh,CHANDIGARH,Kharif,1998,3.0
RICE_000785,Rice,Dadra and Nagar Haveli,DADRA AND NAGAR HAVELI,Kharif,1998,1.70098421015365
RICE_000786,Rice,Dadra and Nagar Haveli,DADRA AND NAGAR HAVELI,Rabi,1998,2.010443864229765
RICE_000787,Rice,Gujarat,AHMADABAD,Kharif,1998,1.3908045977011494
RICE_000788,Rice,Gujarat,AMRELI,Kharif,1998,1.0
RICE_000789,Rice,Gujarat,BHARUCH,Kharif,1998,1.1943127962085307
RICE_000790,Rice,Gujarat,DANG,Kharif,1998,1.0975609756097562
RICE_000791,Rice,Gujarat,GANDHINAGAR,Kharif,1998,2.6440677966101696
RICE_000792,Rice,Gujarat,KHEDA,Kharif,1998,1.9724517906336088
RICE_000793,Rice,Gujarat,MAHESANA,Kharif,1998,1.9473684210526316
RICE_000794,Rice,Gujarat,PANCH MAHALS,Kharif,1998,0.9774859287054409
RICE_000795,Rice,Gujarat,SABAR KANTHA,Kharif,1998,1.6763754045307444
RICE_000796,Rice,Gujarat,SURAT,Kharif,1998,2.067080745341615
RICE_000797,Rice,Gujarat,SURENDRANAGAR,Kharif,1998,3.0
RICE_000798,Rice,Gujarat,VADODARA,Kharif,1998,1.1570093457943926
RICE_000799,Rice,Gujarat,VALSAD,Kharif,1998,1.9130009775171066
RICE_000800,Rice,Haryana,AMBALA,Kharif,1998,2.6063196244657747
RICE_000801,Rice,Haryana,BHIWANI,Kharif,1998,2.2151460611934097
RICE_000802,Rice,Haryana,FARIDABAD,Kharif,1998,2.323728588500863
RICE_000803,Rice,Haryana,FATEHABAD,Kharif,1998,2.966978104272163
RICE_000804,Rice,Haryana,GURGAON,Kharif,1998,2.296949650863653
RICE_000805,Rice,Haryana,HISAR,Kharif,1998,2.2345596535280703
RICE_000806,Rice,Haryana,JHAJJAR,Kharif,1998,1.9073432715956433
RICE_000807,Rice,Haryana,JIND,Kharif,1998,2.072781673005173
RICE_000808,Rice,Haryana,KAITHAL,Kharif,1998,2.152075920798673
RICE_000809,Rice,Haryana,KARNAL,Kharif,1998,2.2101704988670554
RICE_000810,Rice,Haryana,KURUKSHETRA,Kharif,1998,2.347975201160797
RICE_000811,Rice,Haryana,PANCHKULA,Kharif,1998,2.6298487836949374
RICE_000812,Rice,Haryana,PANIPAT,Kharif,1998,2.146461126752711
RICE_000813,Rice,Haryana,REWARI,Kharif,1998,2.7662517289073305
RICE_000814,Rice,Haryana,ROHTAK,Kharif,1998,1.9257321415594797
RICE_000815,Rice,Haryana,SIRSA,Kharif,1998,2.442386283945542
RICE_000816,Rice,Haryana,SONIPAT,Kharif,1998,1.6750629722921915
RICE_000817,Rice,Haryana,YAMUNANAGAR,Kharif,1998,2.2237046920169004
RICE_000818,Rice,Himachal Pradesh,BILASPUR,Kharif,1998,1.2495164410058026
RICE_000819,Rice,Himachal Pradesh,CHAMBA,Kharif,1998,1.341404358353511
RICE_000820,Rice,Himachal Pradesh,HAMIRPUR,Kharif,1998,1.4979606970708195
RICE_000821,Rice,Himachal Pradesh,KANGRA,Kharif,1998,1.3822094995759118
RICE_000822,Rice,Himachal Pradesh,KINNAUR,Kharif,1998,1.434782608695652
RICE_000823,Rice,Himachal Pradesh,KULLU,Kharif,1998,1.1873111782477341
RICE_000824,Rice,Himachal Pradesh,MANDI,Kharif,1998,1.422814900710248
RICE_000825,Rice,Himachal Pradesh,SHIMLA,Kharif,1998,1.2843340234644582
RICE_000826,Rice,Himachal Pradesh,SIRMAUR,Kharif,1998,1.47052067381317
RICE_000827,Rice,Himachal Pradesh,SOLAN,Kharif,1998,1.6881161007667032
RICE_000828,Rice,Himachal Pradesh,UNA,Kharif,1998,2.057098765432099
RICE_000829,Rice,Karnataka,BAGALKOT,Kharif,1998,1.6040609137055837
RICE_000830,Rice,Karnataka,BANGALORE RURAL,Kharif,1998,2.765955959454736
RICE_000831,Rice,Karnataka,BANGALORE RURAL,Summer,1998,3.228159711798259
RICE_000832,Rice,Karnataka,BELGAUM,Kharif,1998,1.8189502559767787
RICE_000833,Rice,Karnataka,BELGAUM,Summer,1998,3.2333333333333334
RICE_000834,Rice,Karnataka,BELLARY,Kharif,1998,3.1715953801243812
RICE_000835,Rice,Karnataka,BELLARY,Summer,1998,3.385790420584541
RICE_000836,Rice,Karnataka,BENGALURU URBAN,Kharif,1998,2.782006245120999
RICE_000837,Rice,Karnataka,BENGALURU URBAN,Summer,1998,3.2281942479962282
RICE_000838,Rice,Karnataka,BIDAR,Kharif,1998,0.6075936163554814
RICE_000839,Rice,Karnataka,BIJAPUR,Kharif,1998,1.3730964467005076
RICE_000840,Rice,Karnataka,CHAMARAJANAGAR,Kharif,1998,3.258505090638192
RICE_000841,Rice,Karnataka,CHAMARAJANAGAR,Rabi,1998,2.1857142857142855
RICE_000842,Rice,Karnataka,CHAMARAJANAGAR,Summer,1998,2.9335373852208133
RICE_000843,Rice,Karnataka,CHIKMAGALUR,Kharif,1998,2.344639875078618
RICE_000844,Rice,Karnataka,CHIKMAGALUR,Summer,1998,2.8681672025723475
RICE_000845,Rice,Karnataka,CHITRADURGA,Kharif,1998,3.0646058732612054
RICE_000846,Rice,Karnataka,CHITRADURGA,Rabi,1998,2.0794520547945203
RICE_000847,Rice,Karnataka,CHITRADURGA,Summer,1998,2.9519882719442916
RICE_000848,Rice,Karnataka,DAKSHIN KANNAD,Kharif,1998,2.0378577081152836
RICE_000849,Rice,Karnataka,DAKSHIN KANNAD,Rabi,1998,2.099543707973103
RICE_000850,Rice,Karnataka,DAKSHIN KANNAD,Summer,1998,2.48179038087295
RICE_000851,Rice,Karnataka,DAVANGERE,Kharif,1998,3.256188951879497
RICE_000852,Rice,Karnataka,DAVANGERE,Rabi,1998,2.1818181818181817
RICE_000853,Rice,Karnataka,DAVANGERE,Summer,1998,3.375356264396986
RICE_000854,Rice,Karnataka,DHARWAD,Kharif,1998,0.9107249040488675
RICE_000855,Rice,Karnataka,DHARWAD,Rabi,1998,1.5
RICE_000856,Rice,Karnataka,DHARWAD,Summer,1998,3.2101105845181674
RICE_000857,Rice,Karnataka,GADAG,Kharif,1998,2.3116564417177914
RICE_000858,Rice,Karnataka,GADAG,Rabi,1998,1.5
RICE_000859,Rice,Karnataka,GADAG,Summer,1998,2.986784140969163
RICE_000860,Rice,Karnataka,GULBARGA,Kharif,1998,1.3183398850922285
RICE_000861,Rice,Karnataka,GULBARGA,Rabi,1998,2.1453754080522307
RICE_000862,Rice,Karnataka,GULBARGA,Summer,1998,3.2057547385247775
RICE_000863,Rice,Karnataka,HASSAN,Kharif,1998,2.3124127563620744
RICE_000864,Rice,Karnataka,HASSAN,Rabi,1998,2.645897173987062
RICE_000865,Rice,Karnataka,HASSAN,Summer,1998,2.448087431693989
RICE_000866,Rice,Karnataka,HAVERI,Kharif,1998,1.4911537360435156
RICE_000867,Rice,Karnataka,HAVERI,Summer,1998,2.628282828282828
RICE_000868,Rice,Karnataka,KODAGU,Kharif,1998,2.0780953806245637
RICE_000869,Rice,Karnataka,KODAGU,Rabi,1998,2.1666666666666665
RICE_000870,Rice,Karnataka,KODAGU,Summer,1998,3.227272727272727
RICE_000871,Rice,Karnataka,KOLAR,Kharif,1998,2.5573295707708303
RICE_000872,Rice,Karnataka,KOLAR,Rabi,1998,2.1846153846153844
RICE_000873,Rice,Karnataka,KOLAR,Summer,1998,2.884177337365678
RICE_000874,Rice,Karnataka,KOPPAL,Kharif,1998,3.4145980414484174
RICE_000875,Rice,Karnataka,KOPPAL,Summer,1998,3.364898128651502
RICE_000876,Rice,Karnataka,MANDYA,Kharif,1998,2.9443777247676235
RICE_000877,Rice,Karnataka,MANDYA,Summer,1998,3.4902915161982517
RICE_000878,Rice,Karnataka,MYSORE,Kharif,1998,3.0569712470780614
RICE_000879,Rice,Karnataka,MYSORE,Rabi,1998,2.183006535947712
RICE_000880,Rice,Karnataka,MYSORE,Summer,1998,2.9335774441596483
RICE_000881,Rice,Karnataka,RAICHUR,Kharif,1998,3.3994325727393457
RICE_000882,Rice,Karnataka,RAICHUR,Summer,1998,3.331695475990055
RICE_000883,Rice,Karnataka,SHIMOGA,Kharif,1998,2.302370776255708
RICE_000884,Rice,Karnataka,SHIMOGA,Summer,1998,3.147348101847596
RICE_000885,Rice,Karnataka,TUMKUR,Kharif,1998,2.7450361162439108
RICE_000886,Rice,Karnataka,TUMKUR,Rabi,1998,2.1737125288239816
RICE_000887,Rice,Karnataka,TUMKUR,Summer,1998,3.1967403247466732
RICE_000888,Rice,Karnataka,UDUPI,Kharif,1998,1.7351933701657458
RICE_000889,Rice,Karnataka,UDUPI,Rabi,1998,1.7962719298245613
RICE_000890,Rice,Karnataka,UDUPI,Summer,1998,2.046971569839308
RICE_000891,Rice,Karnataka,UTTAR KANNAD,Kharif,1998,1.733019001701645
RICE_000892,Rice,Karnataka,UTTAR KANNAD,Rabi,1998,1.9058728881737732
RICE_000893,Rice,Karnataka,UTTAR KANNAD,Summer,1998,2.04713560551124
RICE_000894,Rice,Kerala,ALAPPUZHA,Autumn,1998,2.0151393508429867
RICE_000895,Rice,Kerala,ALAPPUZHA,Summer,1998,3.0440235071885824
RICE_000896,Rice,Kerala,ALAPPUZHA,Winter,1998,2.1908002177463257
RICE_000897,Rice,Kerala,ERNAKULAM,Autumn,1998,1.7107359410296041
RICE_000898,Rice,Kerala,ERNAKULAM,Summer,1998,1.5376827896512937
RICE_000899,Rice,Kerala,ERNAKULAM,Winter,1998,1.7893167823282181
RICE_000900,Rice,Kerala,IDUKKI,Autumn,1998,2.172769953051643
RICE_000901,Rice,Kerala,IDUKKI,Summer,1998,2.4680851063829787
RICE_000902,Rice,Kerala,IDUKKI,Winter,1998,2.393556280587276
RICE_000903,Rice,Kerala,KANNUR,Autumn,1998,1.6297749567224467
RICE_000904,Rice,Kerala,KANNUR,Summer,1998,1.176271186440678
RICE_000905,Rice,Kerala,KANNUR,Winter,1998,1.6411142740951605
RICE_000906,Rice,Kerala,KASARAGOD,Autumn,1998,2.0907199334165627
RICE_000907,Rice,Kerala,KASARAGOD,Summer,1998,1.4022988505747127
RICE_000908,Rice,Kerala,KASARAGOD,Winter,1998,1.9098945936756206
RICE_000909,Rice,Kerala,KOLLAM,Autumn,1998,1.930586832693072
RICE_000910,Rice,Kerala,KOLLAM,Winter,1998,1.8695869088006385
RICE_000911,Rice,Kerala,KOTTAYAM,Autumn,1998,2.007934086054318
RICE_000912,Rice,Kerala,KOTTAYAM,Summer,1998,2.8405871748647953
RICE_000913,Rice,Kerala,KOTTAYAM,Winter,1998,2.4952301949398588
RICE_000914,Rice,Kerala,KOZHIKODE,Autumn,1998,0.9229098805646037
RICE_000915,Rice,Kerala,KOZHIKODE,Summer,1998,1.2224554039874083
RICE_000916,Rice,Kerala,KOZHIKODE,Winter,1998,1.1710605755685248
RICE_000917,Rice,Kerala,MALAPPURAM,Autumn,1998,2.0740976307839083
RICE_000918,Rice,Kerala,MALAPPURAM,Summer,1998,2.495749202975558
RICE_000919,Rice,Kerala,MALAPPURAM,Winter,1998,1.572186361602863
RICE_000920,Rice,Kerala,PALAKKAD,Autumn,1998,2.1551780463900685
RICE_000921,Rice,Kerala,PALAKKAD,Summer,1998,2.6827550669872897
RICE_000922,Rice,Kerala,PALAKKAD,Winter,1998,2.210909743405706
RICE_000923,Rice,Kerala,PATHANAMTHITTA,Autumn,1998,1.8214285714285714
RICE_000924,Rice,Kerala,PATHANAMTHITTA,Summer,1998,3.5216216216216214
RICE_000925,Rice,Kerala,PATHANAMTHITTA,Winter,1998,2.0676145339652447
RICE_000926,Rice,Kerala,THIRUVANANTHAPURAM,Autumn,1998,1.8532721967486452
RICE_000927,Rice,Kerala,THIRUVANANTHAPURAM,Summer,1998,0.3125
RICE_000928,Rice,Kerala,THIRUVANANTHAPURAM,Winter,1998,1.8377926421404682
RICE_000929,Rice,Kerala,THRISSUR,Autumn,1998,1.7589579798383073
RICE_000930,Rice,Kerala,THRISSUR,Summer,1998,2.2971271788250482
RICE_000931,Rice,Kerala,THRISSUR,Winter,1998,1.8406086956521739
RICE_000932,Rice,Kerala,WAYANAD,Summer,1998,2.5070853014726313
RICE_000933,Rice,Kerala,WAYANAD,Winter,1998,2.1311965457112017
RICE_000934,Rice,Madhya Pradesh,BALAGHAT,Kharif,1998,0.9380097879282219
RICE_000935,Rice,Madhya Pradesh,BARWANI,Kharif,1998,0.4375
RICE_000936,Rice,Madhya Pradesh,BETUL,Kharif,1998,0.780327868852459
RICE_000937,Rice,Madhya Pradesh,BHIND,Kharif,1998,0.6402877697841727
RICE_000938,Rice,Madhya Pradesh,BHOPAL,Kharif,1998,0.5
RICE_000939,Rice,Madhya Pradesh,CHHATARPUR,Kharif,1998,0.5372340425531915
RICE_000940,Rice,Madhya Pradesh,CHHINDWARA,Kharif,1998,0.42786069651741293
RICE_000941,Rice,Madhya Pradesh,DAMOH,Kharif,1998,0.44866920152091255
RICE_000942,Rice,Madhya Pradesh,DATIA,Kharif,1998,0.6666666666666666
RICE_000943,Rice,Madhya Pradesh,DEWAS,Kharif,1998,0.5
RICE_000944,Rice,Madhya Pradesh,DHAR,Kharif,1998,0.48484848484848486
RICE_000945,Rice,Madhya Pradesh,DINDORI,Kharif,1998,0.5543478260869565
RICE_000946,Rice,Madhya Pradesh,GUNA,Kharif,1998,0.4375
RICE_000947,Rice,Madhya Pradesh,GWALIOR,Kharif,1998,1.167763157894737
RICE_000948,Rice,Madhya Pradesh,HARDA,Kharif,1998,0.9047619047619048
RICE_000949,Rice,Madhya Pradesh,HOSHANGABAD,Kharif,1998,0.8076923076923077
RICE_000950,Rice,Madhya Pradesh,JABALPUR,Kharif,1998,0.5133689839572193
RICE_000951,Rice,Madhya Pradesh,JHABUA,Kharif,1998,0.41544117647058826
RICE_000952,Rice,Madhya Pradesh,KATNI,Kharif,1998,0.5086916742909423
RICE_000953,Rice,Madhya Pradesh,KHANDWA,Kharif,1998,0.673469387755102
RICE_000954,Rice,Madhya Pradesh,KHARGONE,Kharif,1998,0.4225352112676056
RICE_000955,Rice,Madhya Pradesh,MANDLA,Kharif,1998,0.4672586015538291
RICE_000956,Rice,Madhya Pradesh,MORENA,Kharif,1998,0.6428571428571429
RICE_000957,Rice,Madhya Pradesh,NARSINGHPUR,Kharif,1998,0.8045977011494253
RICE_000958,Rice,Madhya Pradesh,PANNA,Kharif,1998,0.37664473684210525
RICE_000959,Rice,Madhya Pradesh,RAISEN,Kharif,1998,0.6052631578947368
RICE_000960,Rice,Madhya Pradesh,RAJGARH,Kharif,1998,0.6912309592424866
RICE_000961,Rice,Madhya Pradesh,RATLAM,Kharif,1998,0.4722222222222222
RICE_000962,Rice,Madhya Pradesh,REWA,Kharif,1998,0.36391912908242613
RICE_000963,Rice,Madhya Pradesh,SAGAR,Kharif,1998,0.4235294117647059
RICE_000964,Rice,Madhya Pradesh,SATNA,Kharif,1998,0.32356134636264927
RICE_000965,Rice,Madhya Pradesh,SEHORE,Kharif,1998,0.7058823529411765
RICE_000966,Rice,Madhya Pradesh,SEONI,Kharif,1998,0.7695984703632888
RICE_000967,Rice,Madhya Pradesh,SHAHDOL,Kharif,1998,0.4294747081712062
RICE_000968,Rice,Madhya Pradesh,SHAJAPUR,Kharif,1998,0.42857142857142855
RICE_000969,Rice,Madhya Pradesh,SHEOPUR,Kharif,1998,0.627906976744186
RICE_000970,Rice,Madhya Pradesh,SHIVPURI,Kharif,1998,0.6888888888888889
RICE_000971,Rice,Madhya Pradesh,SIDHI,Kharif,1998,0.4068241469816273
RICE_000972,Rice,Madhya Pradesh,TIKAMGARH,Kharif,1998,0.531578947368421
RICE_000973,Rice,Madhya Pradesh,UMARIA,Kharif,1998,0.42676767676767674
RICE_000974,Rice,Madhya Pradesh,VIDISHA,Kharif,1998,0.375
RICE_000975,Rice,Maharashtra,AHMEDNAGAR,Kharif,1998,1.3214285714285714
RICE_000976,Rice,Maharashtra,AKOLA,Kharif,1998,0.6896551724137931
RICE_000977,Rice,Maharashtra,AMRAVATI,Kharif,1998,0.7011494252873564
RICE_000978,Rice,Maharashtra,AURANGABAD,Kharif,1998,0.5
RICE_000979,Rice,Maharashtra,BEED,Kharif,1998,0.4
RICE_000980,Rice,Maharashtra,BHANDARA,Kharif,1998,1.1746949261400128
RICE_000981,Rice,Maharashtra,BHANDARA,Summer,1998,1.5629629629629629
RICE_000982,Rice,Maharashtra,BULDHANA,Kharif,1998,0.8
RICE_000983,Rice,Maharashtra,CHANDRAPUR,Kharif,1998,1.208018154311649
RICE_000984,Rice,Maharashtra,CHANDRAPUR,Summer,1998,1.5666666666666667
RICE_000985,Rice,Maharashtra,DHULE,Kharif,1998,0.6022727272727273
RICE_000986,Rice,Maharashtra,GADCHIROLI,Kharif,1998,1.1142443962400579
RICE_000987,Rice,Maharashtra,GADCHIROLI,Summer,1998,1.4791666666666667
RICE_000988,Rice,Maharashtra,JALGAON,Kharif,1998,1.0555555555555556
RICE_000989,Rice,Maharashtra,JALNA,Kharif,1998,0.36363636363636365
RICE_000990,Rice,Maharashtra,KOLHAPUR,Kharif,1998,2.7273584905660377
RICE_000991,Rice,Maharashtra,KOLHAPUR,Summer,1998,2.3333333333333335
RICE_000992,Rice,Maharashtra,LATUR,Kharif,1998,0.4827586206896552
RICE_000993,Rice,Maharashtra,NAGPUR,Kharif,1998,1.3793103448275863
RICE_000994,Rice,Maharashtra,NAGPUR,Summer,1998,1.5
RICE_000995,Rice,Maharashtra,NANDED,Kharif,1998,0.6245059288537549
RICE_000996,Rice,Maharashtra,NASHIK,Kharif,1998,1.2543859649122806
RICE_000997,Rice,Maharashtra,OSMANABAD,Kharif,1998,0.24324324324324326
RICE_000998,Rice,Maharashtra,PARBHANI,Kharif,1998,0.4497816593886463
RICE_000999,Rice,Maharashtra,PUNE,Kharif,1998,1.212171052631579
RICE_001000,Rice,Maharashtra,RAIGAD,Kharif,1998,2.5663786331500393
RICE_001001,Rice,Maharashtra,RAIGAD,Summer,1998,2.5925925925925926
RICE_001002,Rice,Maharashtra,RATNAGIRI,Kharif,1998,2.794642857142857
RICE_001003,Rice,Maharashtra,RATNAGIRI,Summer,1998,2.75
RICE_001004,Rice,Maharashtra,SANGLI,Kharif,1998,3.1595092024539877
RICE_001005,Rice,Maharashtra,SATARA,Kharif,1998,2.414457831325301
RICE_001006,Rice,Maharashtra,SINDHUDURG,Kharif,1998,2.753968253968254
RICE_001007,Rice,Maharashtra,SINDHUDURG,Summer,1998,2.2444444444444445
RICE_001008,Rice,Maharashtra,SOLAPUR,Kharif,1998,1.1379310344827587
RICE_001009,Rice,Maharashtra,THANE,Kharif,1998,1.9096774193548387
RICE_001010,Rice,Maharashtra,THANE,Summer,1998,2.4615384615384617
RICE_001011,Rice,Maharashtra,WARDHA,Kharif,1998,1.0
RICE_001012,Rice,Maharashtra,YAVATMAL,Kharif,1998,0.7407407407407407
RICE_001013,Rice,Manipur,BISHNUPUR,Autumn,1998,2.2857142857142856
RICE_001014,Rice,Manipur,BISHNUPUR,Winter,1998,2.633828996282528
RICE_001015,Rice,Manipur,CHANDEL,Autumn,1998,1.2296296296296296
RICE_001016,Rice,Manipur,CHANDEL,Winter,1998,1.463276836158192
RICE_001017,Rice,Manipur,CHURACHANDPUR,Autumn,1998,1.9973614775725594
RICE_001018,Rice,Manipur,CHURACHANDPUR,Winter,1998,2.070778564206269
RICE_001019,Rice,Manipur,IMPHAL EAST,Autumn,1998,2.495156482861401
RICE_001020,Rice,Manipur,IMPHAL EAST,Winter,1998,2.115805946791862
RICE_001021,Rice,Manipur,IMPHAL WEST,Autumn,1998,2.7010550996483
RICE_001022,Rice,Manipur,IMPHAL WEST,Winter,1998,2.5480392156862743
RICE_001023,Rice,Manipur,SENAPATI,Autumn,1998,2.1640625
RICE_001024,Rice,Manipur,SENAPATI,Winter,1998,2.2517951172809956
RICE_001025,Rice,Manipur,TAMENGLONG,Autumn,1998,1.2393162393162394
RICE_001026,Rice,Manipur,THOUBAL,Autumn,1998,2.741991846243448
RICE_001027,Rice,Manipur,THOUBAL,Winter,1998,2.3717605004468276
RICE_001028,Rice,Manipur,UKHRUL,Autumn,1998,1.9943573667711598
RICE_001029,Rice,Manipur,UKHRUL,Winter,1998,2.2857142857142856
RICE_001030,Rice,Meghalaya,EAST GARO HILLS,Kharif,1998,1.4688064309430884
RICE_001031,Rice,Meghalaya,EAST JAINTIA HILLS,Kharif,1998,1.5758303802030151
RICE_001032,Rice,Meghalaya,EAST KHASI HILLS,Kharif,1998,1.8566218809980806
RICE_001033,Rice,Meghalaya,RI BHOI,Kharif,1998,2.006447234475738
RICE_001034,Rice,Meghalaya,SOUTH GARO HILLS,Kharif,1998,1.1181638480122995
RICE_001035,Rice,Meghalaya,WEST GARO HILLS,Kharif,1998,1.1606677388941269
RICE_001036,Rice,Meghalaya,WEST KHASI HILLS,Kharif,1998,1.3723991507430997
RICE_001037,Rice,Mizoram,AIZAWL,Kharif,1998,1.5812391901515923
RICE_001038,Rice,Mizoram,AIZAWL,Rabi,1998,3.012987012987013
RICE_001039,Rice,Mizoram,CHAMPHAI,Kharif,1998,1.6433065361761623
RICE_001040,Rice,Mizoram,CHAMPHAI,Rabi,1998,9.692307692307692
RICE_001041,Rice,Mizoram,KOLASIB,Kharif,1998,1.3721187243448059
RICE_001042,Rice,Mizoram,KOLASIB,Rabi,1998,2.4843124868393347
RICE_001043,Rice,Mizoram,LUNGLEI,Kharif,1998,1.4973439116936875
RICE_001044,Rice,Mizoram,LUNGLEI,Rabi,1998,2.3846153846153846
RICE_001045,Rice,Nagaland,KOHIMA,Kharif,1998,1.5185185185185186
RICE_001046,Rice,Nagaland,MOKOKCHUNG,Kharif,1998,1.380952380952381
RICE_001047,Rice,Nagaland,MON,Kharif,1998,1.3529411764705883
RICE_001048,Rice,Nagaland,PHEK,Kharif,1998,1.5416666666666667
RICE_001049,Rice,Nagaland,TUENSANG,Kharif,1998,1.4375
RICE_001050,Rice,Nagaland,WOKHA,Kharif,1998,1.4782608695652173
RICE_001051,Rice,Nagaland,ZUNHEBOTO,Kharif,1998,1.3846153846153846
RICE_001052,Rice,Odisha,ANUGUL,Autumn,1998,0.4030848787446505
RICE_001053,Rice,Odisha,ANUGUL,Summer,1998,1.057902973395931
RICE_001054,Rice,Odisha,ANUGUL,Winter,1998,0.8221984563645969
RICE_001055,Rice,Odisha,BALANGIR,Autumn,1998,0.4043971109051905
RICE_001056,Rice,Odisha,BALANGIR,Summer,1998,0.9219288174512055
RICE_001057,Rice,Odisha,BALANGIR,Winter,1998,1.0059429816032048
RICE_001058,Rice,Odisha,BALESHWAR,Autumn,1998,0.9617590822179732
RICE_001059,Rice,Odisha,BALESHWAR,Summer,1998,2.056750190376038
RICE_001060,Rice,Odisha,BALESHWAR,Winter,1998,0.6257516414610671
RICE_001061,Rice,Odisha,BARGARH,Autumn,1998,0.7688180582764159
RICE_001062,Rice,Odisha,BARGARH,Summer,1998,2.3924052774018945
RICE_001063,Rice,Odisha,BARGARH,Winter,1998,1.6384055764588181
RICE_001064,Rice,Odisha,BHADRAK,Autumn,1998,0.9448818897637795
RICE_001065,Rice,Odisha,BHADRAK,Summer,1998,1.7087405242487899
RICE_001066,Rice,Odisha,BHADRAK,Winter,1998,1.413299311108885
RICE_001067,Rice,Odisha,BOUDH,Autumn,1998,0.37410071942446044
RICE_001068,Rice,Odisha,BOUDH,Summer,1998,1.1059654631083202
RICE_001069,Rice,Odisha,BOUDH,Winter,1998,1.0425386996904025
RICE_001070,Rice,Odisha,CUTTACK,Autumn,1998,1.3020755358965634
RICE_001071,Rice,Odisha,CUTTACK,Summer,1998,1.6536196319018406
RICE_001072,Rice,Odisha,CUTTACK,Winter,1998,1.764444339888962
RICE_001073,Rice,Odisha,DEOGARH,Autumn,1998,0.568672691149138
RICE_001074,Rice,Odisha,DEOGARH,Summer,1998,1.154366421324846
RICE_001075,Rice,Odisha,DEOGARH,Winter,1998,0.9398090629699862
RICE_001076,Rice,Odisha,DHENKANAL,Autumn,1998,0.9790351791888481
RICE_001077,Rice,Odisha,DHENKANAL,Summer,1998,0.9397223162885201
RICE_001078,Rice,Odisha,DHENKANAL,Winter,1998,1.605592144181094
RICE_001079,Rice,Odisha,GAJAPATI,Autumn,1998,1.1068249258160237
RICE_001080,Rice,Odisha,GAJAPATI,Summer,1998,1.1100746268656716
RICE_001081,Rice,Odisha,GAJAPATI,Winter,1998,1.8209798678036229
RICE_001082,Rice,Odisha,GANJAM,Autumn,1998,1.693577981651376
RICE_001083,Rice,Odisha,GANJAM,Summer,1998,1.7010033444816053
RICE_001084,Rice,Odisha,GANJAM,Winter,1998,1.7458777155924656
RICE_001085,Rice,Odisha,JAGATSINGHAPUR,Autumn,1998,1.2400971599402093
RICE_001086,Rice,Odisha,JAGATSINGHAPUR,Summer,1998,2.056961066505075
RICE_001087,Rice,Odisha,JAGATSINGHAPUR,Winter,1998,1.4910364552030009
RICE_001088,Rice,Odisha,JAJAPUR,Autumn,1998,0.9801567297557399
RICE_001089,Rice,Odisha,JAJAPUR,Summer,1998,2.0031014621178556
RICE_001090,Rice,Odisha,JAJAPUR,Winter,1998,1.3177936673296082
RICE_001091,Rice,Odisha,JHARSUGUDA,Autumn,1998,0.5791888691533452
RICE_001092,Rice,Odisha,JHARSUGUDA,Summer,1998,1.566588785046729
RICE_001093,Rice,Odisha,JHARSUGUDA,Winter,1998,1.4480916567090742
RICE_001094,Rice,Odisha,KALAHANDI,Autumn,1998,0.4041169708291421
RICE_001095,Rice,Odisha,KALAHANDI,Summer,1998,0.8981154299175501
RICE_001096,Rice,Odisha,KALAHANDI,Winter,1998,0.8920013741375855
RICE_001097,Rice,Odisha,KANDHAMAL,Autumn,1998,0.8847064794451024
RICE_001098,Rice,Odisha,KANDHAMAL,Summer,1998,1.5122897800776196
RICE_001099,Rice,Odisha,KANDHAMAL,Winter,1998,1.405287474332649
RICE_001100,Rice,Odisha,KENDRAPARA,Autumn,1998,1.1718970380818055
RICE_001101,Rice,Odisha,KENDRAPARA,Summer,1998,2.0320517759457584
RICE_001102,Rice,Odisha,KENDRAPARA,Winter,1998,1.1869300455963523
RICE_001103,Rice,Odisha,KENDUJHAR,Autumn,1998,0.3841022982547088
RICE_001104,Rice,Odisha,KENDUJHAR,Summer,1998,1.3815648445873527
RICE_001105,Rice,Odisha,KENDUJHAR,Winter,1998,0.8477583681406193
RICE_001106,Rice,Odisha,KHORDHA,Autumn,1998,1.2457883369330454
RICE_001107,Rice,Odisha,KHORDHA,Summer,1998,2.1342891760904683
RICE_001108,Rice,Odisha,KHORDHA,Winter,1998,1.6467144982063173
RICE_001109,Rice,Odisha,KORAPUT,Autumn,1998,0.805381651817963
RICE_001110,Rice,Odisha,KORAPUT,Summer,1998,1.577786288778246
RICE_001111,Rice,Odisha,KORAPUT,Winter,1998,1.819630384167637
RICE_001112,Rice,Odisha,MALKANGIRI,Autumn,1998,0.8750663975353234
RICE_001113,Rice,Odisha,MALKANGIRI,Summer,1998,1.6688311688311688
RICE_001114,Rice,Odisha,MALKANGIRI,Winter,1998,1.50719314355678
RICE_001115,Rice,Odisha,MAYURBHANJ,Autumn,1998,0.42083814853111123
RICE_001116,Rice,Odisha,MAYURBHANJ,Summer,1998,1.1698707505159118
RICE_001117,Rice,Odisha,MAYURBHANJ,Winter,1998,0.9573233069041507
RICE_001118,Rice,Odisha,NABARANGPUR,Autumn,1998,0.789020561126304
RICE_001119,Rice,Odisha,NABARANGPUR,Summer,1998,2.220032840722496
RICE_001120,Rice,Odisha,NABARANGPUR,Winter,1998,1.6126127003290947
RICE_001121,Rice,Odisha,NAYAGARH,Autumn,1998,1.2780043928459366
RICE_001122,Rice,Odisha,NAYAGARH,Summer,1998,1.594810379241517
RICE_001123,Rice,Odisha,NAYAGARH,Winter,1998,1.7269645639811386
RICE_001124,Rice,Odisha,NUAPADA,Autumn,1998,0.5480039428289798
RICE_001125,Rice,Odisha,NUAPADA,Summer,1998,1.2449448529411764
RICE_001126,Rice,Odisha,NUAPADA,Winter,1998,1.040888903192585
RICE_001127,Rice,Odisha,PURI,Autumn,1998,1.401218450826806
RICE_001128,Rice,Odisha,PURI,Summer,1998,1.63950945164818
RICE_001129,Rice,Odisha,PURI,Winter,1998,1.0837559551252498
RICE_001130,Rice,Odisha,RAYAGADA,Autumn,1998,0.9902758932609679
RICE_001131,Rice,Odisha,RAYAGADA,Summer,1998,1.3418057663125948
RICE_001132,Rice,Odisha,RAYAGADA,Winter,1998,1.8323909456628538
RICE_001133,Rice,Odisha,SAMBALPUR,Autumn,1998,0.7417021357814976
RICE_001134,Rice,Odisha,SAMBALPUR,Summer,1998,2.5475648611743287
RICE_001135,Rice,Odisha,SAMBALPUR,Winter,1998,1.6097443724686624
RICE_001136,Rice,Odisha,SONEPUR,Autumn,1998,0.337979317875265
RICE_001137,Rice,Odisha,SONEPUR,Summer,1998,1.9422246762373256
RICE_001138,Rice,Odisha,SONEPUR,Winter,1998,1.4821531801621337
RICE_001139,Rice,Odisha,SUNDARGARH,Autumn,1998,0.5565515963206102
RICE_001140,Rice,Odisha,SUNDARGARH,Summer,1998,1.163125
RICE_001141,Rice,Odisha,SUNDARGARH,Winter,1998,0.9224002294873912
RICE_001142,Rice,Puducherry,KARAIKAL,Kharif,1998,2.436743674367437
RICE_001143,Rice,Puducherry,KARAIKAL,Rabi,1998,1.9279470198675497
RICE_001144,Rice,Puducherry,KARAIKAL,Summer,1998,2.503267973856209
RICE_001145,Rice,Puducherry,MAHE,Rabi,1998,2.0
RICE_001146,Rice,Puducherry,PONDICHERRY,Kharif,1998,2.271965396052987
RICE_001147,Rice,Puducherry,PONDICHERRY,Rabi,1998,2.363038474186123
RICE_001148,Rice,Puducherry,PONDICHERRY,Summer,1998,2.6029120977889626
RICE_001149,Rice,Puducherry,YANAM,Kharif,1998,2.6676557863501484
RICE_001150,Rice,Puducherry,YANAM,Rabi,1998,3.932926829268293
RICE_001151,Rice,Punjab,AMRITSAR,Kharif,1998,2.878688524590164
RICE_001152,Rice,Punjab,BATHINDA,Kharif,1998,3.4166666666666665
RICE_001153,Rice,Punjab,FARIDKOT,Kharif,1998,3.0
RICE_001154,Rice,Punjab,FATEHGARH SAHIB,Kharif,1998,3.2650602409638556
RICE_001155,Rice,Punjab,FIROZEPUR,Kharif,1998,3.3527272727272726
RICE_001156,Rice,Punjab,GURDASPUR,Kharif,1998,2.486631016042781
RICE_001157,Rice,Punjab,HOSHIARPUR,Kharif,1998,2.8983050847457625
RICE_001158,Rice,Punjab,JALANDHAR,Kharif,1998,3.253731343283582
RICE_001159,Rice,Punjab,KAPURTHALA,Kharif,1998,3.1717171717171717
RICE_001160,Rice,Punjab,LUDHIANA,Kharif,1998,3.2738589211618256
RICE_001161,Rice,Punjab,MANSA,Kharif,1998,2.5595238095238093
RICE_001162,Rice,Punjab,MOGA,Kharif,1998,3.5
RICE_001163,Rice,Punjab,MUKTSAR,Kharif,1998,2.8701298701298703
RICE_001164,Rice,Punjab,NAWANSHAHR,Kharif,1998,3.260869565217391
RICE_001165,Rice,Punjab,PATIALA,Kharif,1998,3.138211382113821
RICE_001166,Rice,Punjab,RUPNAGAR,Kharif,1998,2.782608695652174
RICE_001167,Rice,Punjab,SANGRUR,Kharif,1998,3.575070821529745
RICE_001168,Rice,Rajasthan,AJMER,Kharif,1998,1.2142857142857142
RICE_001169,Rice,Rajasthan,ALWAR,Kharif,1998,1.2230971128608923
RICE_001170,Rice,Rajasthan,BANSWARA,Kharif,1998,1.0486144446868864
RICE_001171,Rice,Rajasthan,BARAN,Kharif,1998,0.9638386648122392
RICE_001172,Rice,Rajasthan,BHARATPUR,Kharif,1998,1.1774469541409993
RICE_001173,Rice,Rajasthan,BHILWARA,Kharif,1998,1.2238805970149254
RICE_001174,Rice,Rajasthan,BIKANER,Kharif,1998,1.0
RICE_001175,Rice,Rajasthan,BUNDI,Kharif,1998,1.3235974763099558
RICE_001176,Rice,Rajasthan,CHITTORGARH,Kharif,1998,1.2224899598393575
RICE_001177,Rice,Rajasthan,DAUSA,Kharif,1998,1.2142857142857142
RICE_001178,Rice,Rajasthan,DHOLPUR,Kharif,1998,1.222314737718568
RICE_001179,Rice,Rajasthan,DUNGARPUR,Kharif,1998,0.45705646333662847
RICE_001180,Rice,Rajasthan,GANGANAGAR,Kharif,1998,1.429953638379359
RICE_001181,Rice,Rajasthan,HANUMANGARH,Kharif,1998,1.9184019991029666
RICE_001182,Rice,Rajasthan,JHALAWAR,Kharif,1998,1.223021582733813
RICE_001183,Rice,Rajasthan,KARAULI,Kharif,1998,0.8245033112582781
RICE_001184,Rice,Rajasthan,KOTA,Kharif,1998,1.4770642201834863
RICE_001185,Rice,Rajasthan,PALI,Kharif,1998,1.2857142857142858
RICE_001186,Rice,Rajasthan,RAJSAMAND,Kharif,1998,1.2222222222222223
RICE_001187,Rice,Rajasthan,SAWAI MADHOPUR,Kharif,1998,1.2222925902469917
RICE_001188,Rice,Rajasthan,SIROHI,Kharif,1998,1.2727272727272727
RICE_001189,Rice,Rajasthan,TONK,Kharif,1998,1.2121212121212122
RICE_001190,Rice,Rajasthan,UDAIPUR,Kharif,1998,0.6225722406442444
RICE_001191,Rice,Sikkim,EAST DISTRICT,Kharif,1998,1.3886397608370702
RICE_001192,Rice,Sikkim,NORTH DISTRICT,Kharif,1998,1.3653846153846154
RICE_001193,Rice,Sikkim,SOUTH DISTRICT,Kharif,1998,1.3625
RICE_001194,Rice,Sikkim,WEST DISTRICT,Kharif,1998,1.3903345724907064
RICE_001195,Rice,Tamil Nadu,COIMBATORE,Kharif,1998,3.4305574032193693
RICE_001196,Rice,Tamil Nadu,CUDDALORE,Kharif,1998,3.447656346621594
RICE_001197,Rice,Tamil Nadu,DHARMAPURI,Kharif,1998,3.4404261283992152
RICE_001198,Rice,Tamil Nadu,DINDIGUL,Kharif,1998,3.4205220324070678
RICE_001199,Rice,Tamil Nadu,ERODE,Kharif,1998,3.4445961387211184
RICE_001200,Rice,Tamil Nadu,KANCHIPURAM,Kharif,1998,3.421511418139134
RICE_001201,Rice,Tamil Nadu,KANNIYAKUMARI,Kharif,1998,3.4967028291852795
RICE_001202,Rice,Tamil Nadu,KARUR,Kharif,1998,3.432875420081363
RICE_001203,Rice,Tamil Nadu,MADURAI,Kharif,1998,3.435339265095429
RICE_001204,Rice,Tamil Nadu,NAGAPATTINAM,Kharif,1998,3.462451883528311
RICE_001205,Rice,Tamil Nadu,NAMAKKAL,Kharif,1998,3.443745603508917
RICE_001206,Rice,Tamil Nadu,PERAMBALUR,Kharif,1998,3.441816204458945
RICE_001207,Rice,Tamil Nadu,PUDUKKOTTAI,Kharif,1998,3.441282101512141
RICE_001208,Rice,Tamil Nadu,RAMANATHAPURAM,Kharif,1998,3.44042453726023
RICE_001209,Rice,Tamil Nadu,SALEM,Kharif,1998,3.4322520661157023
RICE_001210,Rice,Tamil Nadu,SIVAGANGA,Kharif,1998,3.438918342093612
RICE_001211,Rice,Tamil Nadu,THANJAVUR,Kharif,1998,3.4652867681811643
RICE_001212,Rice,Tamil Nadu,THE NILGIRIS,Kharif,1998,3.520490233626963
RICE_001213,Rice,Tamil Nadu,THENI,Kharif,1998,3.475421897273187
RICE_001214,Rice,Tamil Nadu,THIRUVALLUR,Kharif,1998,3.4459890691740758
RICE_001215,Rice,Tamil Nadu,THIRUVARUR,Kharif,1998,3.4567978463153897
RICE_001216,Rice,Tamil Nadu,TIRUCHIRAPPALLI,Kharif,1998,3.453318048656222
RICE_001217,Rice,Tamil Nadu,TIRUNELVELI,Kharif,1998,3.4188385343160315
RICE_001218,Rice,Tamil Nadu,TIRUVANNAMALAI,Kharif,1998,3.4200013889853462
RICE_001219,Rice,Tamil Nadu,TUTICORIN,Kharif,1998,3.437051389317011
RICE_001220,Rice,Tamil Nadu,VELLORE,Kharif,1998,3.422959706389656
RICE_001221,Rice,Tamil Nadu,VILLUPURAM,Kharif,1998,3.443001443001443
RICE_001222,Rice,Tamil Nadu,VIRUDHUNAGAR,Kharif,1998,3.429605470202844
RICE_001223,Rice,Telangana,ADILABAD,Kharif,1998,2.2936746987951806
RICE_001224,Rice,Telangana,ADILABAD,Rabi,1998,2.7459016393442623
RICE_001225,Rice,Telangana,HYDERABAD,Kharif,1998,2.0
RICE_001226,Rice,Telangana,HYDERABAD,Rabi,1998,2.0
RICE_001227,Rice,Telangana,KARIMNAGAR,Kharif,1998,3.06
RICE_001228,Rice,Telangana,KARIMNAGAR,Rabi,1998,3.4339010543390107
RICE_001229,Rice,Telangana,KHAMMAM,Kharif,1998,2.734287492221531
RICE_001230,Rice,Telangana,KHAMMAM,Rabi,1998,2.7670682730923697
RICE_001231,Rice,Telangana,MAHBUBNAGAR,Kharif,1998,1.9583911234396671
RICE_001232,Rice,Telangana,MAHBUBNAGAR,Rabi,1998,2.0147255689424366
RICE_001233,Rice,Telangana,MEDAK,Kharif,1998,2.4342291371994342
RICE_001234,Rice,Telangana,MEDAK,Rabi,1998,2.5220729366602685
RICE_001235,Rice,Telangana,NALGONDA,Kharif,1998,2.9920876445526474
RICE_001236,Rice,Telangana,NALGONDA,Rabi,1998,2.8074170461938843
RICE_001237,Rice,Telangana,NIZAMABAD,Kharif,1998,2.841328413284133
RICE_001238,Rice,Telangana,NIZAMABAD,Rabi,1998,2.5508982035928143
RICE_001239,Rice,Telangana,RANGAREDDI,Kharif,1998,1.8311258278145695
RICE_001240,Rice,Telangana,RANGAREDDI,Rabi,1998,2.5838926174496644
RICE_001241,Rice,Telangana,WARANGAL,Kharif,1998,2.827456864216054
RICE_001242,Rice,Telangana,WARANGAL,Rabi,1998,2.6330645161290325
RICE_001243,Rice,Tripura,DHALAI,Kharif,1998,1.6643634225227875
RICE_001244,Rice,Tripura,NORTH TRIPURA,Kharif,1998,1.9095919324577861
RICE_001245,Rice,Tripura,SOUTH TRIPURA,Kharif,1998,1.9404900663986275
RICE_001246,Rice,Tripura,WEST TRIPURA,Kharif,1998,2.0026346604215455
RICE_001247,Rice,Uttar Pradesh,AGRA,Kharif,1998,2.2643229166666665
RICE_001248,Rice,Uttar Pradesh,ALIGARH,Kharif,1998,1.5819428159105258
RICE_001249,Rice,Uttar Pradesh,ALLAHABAD,Kharif,1998,1.784111217211781
RICE_001250,Rice,Uttar Pradesh,AMBEDKAR NAGAR,Kharif,1998,2.328758413341448
RICE_001251,Rice,Uttar Pradesh,AMROHA,Kharif,1998,2.3793977617016013
RICE_001252,Rice,Uttar Pradesh,AMROHA,Summer,1998,2.3333333333333335
RICE_001253,Rice,Uttar Pradesh,AURAIYA,Kharif,1998,2.6139511637869486
RICE_001254,Rice,Uttar Pradesh,AZAMGARH,Kharif,1998,1.74184341569059
RICE_001255,Rice,Uttar Pradesh,BAGHPAT,Kharif,1998,2.003920714441298
RICE_001256,Rice,Uttar Pradesh,BAHRAICH,Kharif,1998,1.6756305438673358
RICE_001257,Rice,Uttar Pradesh,BAHRAICH,Summer,1998,1.7142857142857142
RICE_001258,Rice,Uttar Pradesh,BALLIA,Kharif,1998,1.833774834437086
RICE_001259,Rice,Uttar Pradesh,BALLIA,Summer,1998,2.0
RICE_001260,Rice,Uttar Pradesh,BALRAMPUR,Kharif,1998,1.709652247240507
RICE_001261,Rice,Uttar Pradesh,BANDA,Kharif,1998,1.4882381729200653
RICE_001262,Rice,Uttar Pradesh,BARABANKI,Kharif,1998,2.1516601634395935
RICE_001263,Rice,Uttar Pradesh,BAREILLY,Kharif,1998,2.091143499702259
RICE_001264,Rice,Uttar Pradesh,BAREILLY,Summer,1998,2.088397790055249
RICE_001265,Rice,Uttar Pradesh,BASTI,Kharif,1998,1.4767911336311468
RICE_001266,Rice,Uttar Pradesh,BASTI,Summer,1998,1.484375
RICE_001267,Rice,Uttar Pradesh,BIJNOR,Kharif,1998,2.816986158745713
RICE_001268,Rice,Uttar Pradesh,BIJNOR,Summer,1998,2.6666666666666665
RICE_001269,Rice,Uttar Pradesh,BUDAUN,Kharif,1998,1.7462752327617193
RICE_001270,Rice,Uttar Pradesh,BUDAUN,Summer,1998,1.7407407407407407
RICE_001271,Rice,Uttar Pradesh,BULANDSHAHR,Kharif,1998,2.2463319055864392
RICE_001272,Rice,Uttar Pradesh,CHANDAULI,Kharif,1998,2.7183953831804755
RICE_001273,Rice,Uttar Pradesh,CHITRAKOOT,Kharif,1998,1.6205894013479583
RICE_001274,Rice,Uttar Pradesh,DEORIA,Kharif,1998,1.7111944127236318
RICE_001275,Rice,Uttar Pradesh,ETAH,Kharif,1998,2.061661341853035
RICE_001276,Rice,Uttar Pradesh,ETAWAH,Kharif,1998,2.231100269256438
RICE_001277,Rice,Uttar Pradesh,ETAWAH,Summer,1998,2.0
RICE_001278,Rice,Uttar Pradesh,FAIZABAD,Kharif,1998,1.8788699133139417
RICE_001279,Rice,Uttar Pradesh,FARRUKHABAD,Kharif,1998,2.0205710232310694
RICE_001280,Rice,Uttar Pradesh,FARRUKHABAD,Summer,1998,2.0
RICE_001281,Rice,Uttar Pradesh,FATEHPUR,Kharif,1998,1.8340478060823702
RICE_001282,Rice,Uttar Pradesh,FIROZABAD,Kharif,1998,1.8170649525685554
RICE_001283,Rice,Uttar Pradesh,GAUTAM BUDDHA NAGAR,Kharif,1998,2.029004106776181
RICE_001284,Rice,Uttar Pradesh,GHAZIABAD,Kharif,1998,2.0086026249034963
RICE_001285,Rice,Uttar Pradesh,GHAZIABAD,Summer,1998,2.0
RICE_001286,Rice,Uttar Pradesh,GHAZIPUR,Kharif,1998,1.9753595412135259
RICE_001287,Rice,Uttar Pradesh,GONDA,Kharif,1998,1.8242026474579454
RICE_001288,Rice,Uttar Pradesh,GONDA,Summer,1998,1.8
RICE_001289,Rice,Uttar Pradesh,GORAKHPUR,Kharif,1998,1.4152017808415913
RICE_001290,Rice,Uttar Pradesh,GORAKHPUR,Summer,1998,1.417004048582996
RICE_001291,Rice,Uttar Pradesh,HAMIRPUR,Kharif,1998,1.620215897939156
RICE_001292,Rice,Uttar Pradesh,HARDOI,Kharif,1998,2.0537623121468185
RICE_001293,Rice,Uttar Pradesh,HARDOI,Summer,1998,2.0588235294117645
RICE_001294,Rice,Uttar Pradesh,HATHRAS,Kharif,1998,2.264355492018108
RICE_001295,Rice,Uttar Pradesh,JALAUN,Kharif,1998,0.7575574365175333
RICE_001296,Rice,Uttar Pradesh,JAUNPUR,Kharif,1998,1.8574225017649701
RICE_001297,Rice,Uttar Pradesh,JAUNPUR,Summer,1998,2.0
RICE_001298,Rice,Uttar Pradesh,JHANSI,Kharif,1998,0.7580971659919028
RICE_001299,Rice,Uttar Pradesh,KANNAUJ,Kharif,1998,2.034953362788414
RICE_001300,Rice,Uttar Pradesh,KANPUR DEHAT,Kharif,1998,2.291498689225211
RICE_001301,Rice,Uttar Pradesh,KANPUR NAGAR,Kharif,1998,2.0741049798115747
RICE_001302,Rice,Uttar Pradesh,KANPUR NAGAR,Summer,1998,2.0
RICE_001303,Rice,Uttar Pradesh,KAUSHAMBI,Kharif,1998,1.5496247960848286
RICE_001304,Rice,Uttar Pradesh,KHERI,Kharif,1998,2.229554016283874
RICE_001305,Rice,Uttar Pradesh,KHERI,Summer,1998,2.2278481012658227
RICE_001306,Rice,Uttar Pradesh,KUSHI NAGAR,Kharif,1998,2.604768895413497
RICE_001307,Rice,Uttar Pradesh,LALITPUR,Kharif,1998,0.7593909646398878
RICE_001308,Rice,Uttar Pradesh,LUCKNOW,Kharif,1998,1.6479349911318637
RICE_001309,Rice,Uttar Pradesh,LUCKNOW,Summer,1998,1.6666666666666667
RICE_001310,Rice,Uttar Pradesh,MAHARAJGANJ,Kharif,1998,2.12529604219059
RICE_001311,Rice,Uttar Pradesh,MAHARAJGANJ,Summer,1998,2.1263736263736264
RICE_001312,Rice,Uttar Pradesh,MAHOBA,Kharif,1998,1.620253164556962
RICE_001313,Rice,Uttar Pradesh,MAINPURI,Kharif,1998,2.1319200901803605
RICE_001314,Rice,Uttar Pradesh,MATHURA,Kharif,1998,1.9108376441859718
RICE_001315,Rice,Uttar Pradesh,MAU,Kharif,1998,1.7662171495861498
RICE_001316,Rice,Uttar Pradesh,MEERUT,Kharif,1998,2.1743828795423243
RICE_001317,Rice,Uttar Pradesh,MIRZAPUR,Kharif,1998,2.1858880318016185
RICE_001318,Rice,Uttar Pradesh,MORADABAD,Kharif,1998,2.1431459265732724
RICE_001319,Rice,Uttar Pradesh,MORADABAD,Summer,1998,2.0
RICE_001320,Rice,Uttar Pradesh,MUZAFFARNAGAR,Kharif,1998,2.5341042963960283
RICE_001321,Rice,Uttar Pradesh,MUZAFFARNAGAR,Summer,1998,3.0
RICE_001322,Rice,Uttar Pradesh,PILIBHIT,Kharif,1998,2.6063701841867
RICE_001323,Rice,Uttar Pradesh,PILIBHIT,Summer,1998,2.6065989847715736
RICE_001324,Rice,Uttar Pradesh,PRATAPGARH,Kharif,1998,1.5637082208193995
RICE_001325,Rice,Uttar Pradesh,RAE BARELI,Kharif,1998,1.7058982395542384
RICE_001326,Rice,Uttar Pradesh,RAE BARELI,Summer,1998,2.0
RICE_001327,Rice,Uttar Pradesh,RAMPUR,Kharif,1998,1.8431431333897963
RICE_001328,Rice,Uttar Pradesh,RAMPUR,Summer,1998,1.8428571428571427
RICE_001329,Rice,Uttar Pradesh,SAHARANPUR,Kharif,1998,2.4220504975221955
RICE_001330,Rice,Uttar Pradesh,SANT KABEER NAGAR,Kharif,1998,1.3514999387780091
RICE_001331,Rice,Uttar Pradesh,SANT KABEER NAGAR,Summer,1998,1.3493975903614457
RICE_001332,Rice,Uttar Pradesh,SANT RAVIDAS NAGAR,Kharif,1998,2.121165348253907
RICE_001333,Rice,Uttar Pradesh,SHAHJAHANPUR,Kharif,1998,2.21315350227026
RICE_001334,Rice,Uttar Pradesh,SHAHJAHANPUR,Summer,1998,2.213035019455253
RICE_001335,Rice,Uttar Pradesh,SHRAVASTI,Kharif,1998,1.630278005599706
RICE_001336,Rice,Uttar Pradesh,SIDDHARTH NAGAR,Kharif,1998,1.0488357744514192
RICE_001337,Rice,Uttar Pradesh,SIDDHARTH NAGAR,Summer,1998,1.0416666666666667
RICE_001338,Rice,Uttar Pradesh,SITAPUR,Kharif,1998,1.774787154169795
RICE_001339,Rice,Uttar Pradesh,SONBHADRA,Kharif,1998,1.827606340687736
RICE_001340,Rice,Uttar Pradesh,SULTANPUR,Kharif,1998,1.9868707329882211
RICE_001341,Rice,Uttar Pradesh,SULTANPUR,Summer,1998,2.0
RICE_001342,Rice,Uttar Pradesh,UNNAO,Kharif,1998,1.4760260078023406
RICE_001343,Rice,Uttar Pradesh,VARANASI,Kharif,1998,2.432793920070585
RICE_001344,Rice,West Bengal,24 PARAGANAS NORTH,Autumn,1998,2.1417565485362093
RICE_001345,Rice,West Bengal,24 PARAGANAS NORTH,Summer,1998,3.727591005768002
RICE_001346,Rice,West Bengal,24 PARAGANAS NORTH,Winter,1998,1.9588785233924717
RICE_001347,Rice,West Bengal,24 PARAGANAS SOUTH,Autumn,1998,1.7523633848282223
RICE_001348,Rice,West Bengal,24 PARAGANAS SOUTH,Summer,1998,2.9882556558289033
RICE_001349,Rice,West Bengal,24 PARAGANAS SOUTH,Winter,1998,1.3783319973666306
RICE_001350,Rice,West Bengal,BANKURA,Autumn,1998,2.4420348367747144
RICE_001351,Rice,West Bengal,BANKURA,Summer,1998,2.6726930253846426
RICE_001352,Rice,West Bengal,BANKURA,Winter,1998,2.35111772055628
RICE_001353,Rice,West Bengal,BARDHAMAN,Autumn,1998,2.9260978633834087
RICE_001354,Rice,West Bengal,BARDHAMAN,Summer,1998,3.535874160905721
RICE_001355,Rice,West Bengal,BARDHAMAN,Winter,1998,2.7887032453080245
RICE_001356,Rice,West Bengal,BIRBHUM,Autumn,1998,2.8613336342096356
RICE_001357,Rice,West Bengal,BIRBHUM,Summer,1998,3.5092726334794944
RICE_001358,Rice,West Bengal,BIRBHUM,Winter,1998,2.845345537289392
RICE_001359,Rice,West Bengal,COOCHBEHAR,Autumn,1998,1.324011162339238
RICE_001360,Rice,West Bengal,COOCHBEHAR,Summer,1998,3.0722103083635286
RICE_001361,Rice,West Bengal,COOCHBEHAR,Winter,1998,1.088807047364658
RICE_001362,Rice,West Bengal,DARJEELING,Autumn,1998,0.8820678513731826
RICE_001363,Rice,West Bengal,DARJEELING,Summer,1998,3.5
RICE_001364,Rice,West Bengal,DARJEELING,Winter,1998,1.0882234726688103
RICE_001365,Rice,West Bengal,DINAJPUR DAKSHIN,Autumn,1998,2.213935230618253
RICE_001366,Rice,West Bengal,DINAJPUR DAKSHIN,Summer,1998,3.470750944843074
RICE_001367,Rice,West Bengal,DINAJPUR DAKSHIN,Winter,1998,1.9162766051399807
RICE_001368,Rice,West Bengal,DINAJPUR UTTAR,Autumn,1998,0.4598405885959534
RICE_001369,Rice,West Bengal,DINAJPUR UTTAR,Summer,1998,3.90729944702908
RICE_001370,Rice,West Bengal,DINAJPUR UTTAR,Winter,1998,1.358865686324977
RICE_001371,Rice,West Bengal,HOOGHLY,Autumn,1998,2.179452789699571
RICE_001372,Rice,West Bengal,HOOGHLY,Summer,1998,3.082128099173554
RICE_001373,Rice,West Bengal,HOOGHLY,Winter,1998,2.314356304410065
RICE_001374,Rice,West Bengal,HOWRAH,Autumn,1998,2.319201995012469
RICE_001375,Rice,West Bengal,HOWRAH,Summer,1998,2.73671178941814
RICE_001376,Rice,West Bengal,HOWRAH,Winter,1998,1.3253061113675237
RICE_001377,Rice,West Bengal,JALPAIGURI,Autumn,1998,1.1914853238866396
RICE_001378,Rice,West Bengal,JALPAIGURI,Summer,1998,2.9175932977913175
RICE_001379,Rice,West Bengal,JALPAIGURI,Winter,1998,1.0862985592346146
RICE_001380,Rice,West Bengal,MALDAH,Autumn,1998,0.970543163630172
RICE_001381,Rice,West Bengal,MALDAH,Summer,1998,3.548680988034427
RICE_001382,Rice,West Bengal,MALDAH,Winter,1998,1.573695391418703
RICE_001383,Rice,West Bengal,MEDINIPUR EAST,Autumn,1998,2.219120292822135
RICE_001384,Rice,West Bengal,MEDINIPUR EAST,Summer,1998,2.947046944728379
RICE_001385,Rice,West Bengal,MEDINIPUR EAST,Winter,1998,1.3468376657991283
RICE_001386,Rice,West Bengal,MEDINIPUR WEST,Autumn,1998,1.3505216902347086
RICE_001387,Rice,West Bengal,MEDINIPUR WEST,Summer,1998,2.836060335984664
RICE_001388,Rice,West Bengal,MEDINIPUR WEST,Winter,1998,1.86629911485038
RICE_001389,Rice,West Bengal,MURSHIDABAD,Autumn,1998,1.725881645236484
RICE_001390,Rice,West Bengal,MURSHIDABAD,Summer,1998,4.0373308753333115
RICE_001391,Rice,West Bengal,MURSHIDABAD,Winter,1998,2.443665933382422
RICE_001392,Rice,West Bengal,NADIA,Autumn,1998,1.7669428898815949
RICE_001393,Rice,West Bengal,NADIA,Summer,1998,4.126216462391537
RICE_001394,Rice,West Bengal,NADIA,Winter,1998,1.8446391141322955
RICE_001395,Rice,West Bengal,PURULIA,Autumn,1998,0.8007687379884689
RICE_001396,Rice,West Bengal,PURULIA,Summer,1998,1.322875816993464
RICE_001397,Rice,West Bengal,PURULIA,Winter,1998,1.4803761026887117
RICE_001398,Rice,Andhra Pradesh,ANANTAPUR,Kharif,1999,2.765970887841857
RICE_001399,Rice,Andhra Pradesh,ANANTAPUR,Rabi,1999,2.254368644486129
RICE_001400,Rice,Andhra Pradesh,CHITTOOR,Kharif,1999,2.0104682755314047
RICE_001401,Rice,Andhra Pradesh,CHITTOOR,Rabi,1999,2.048600922937395
RICE_001402,Rice,Andhra Pradesh,EAST GODAVARI,Kharif,1999,2.5693568494410495
RICE_001403,Rice,Andhra Pradesh,EAST GODAVARI,Rabi,1999,3.9935500244504833
RICE_001404,Rice,Andhra Pradesh,GUNTUR,Kharif,1999,3.200590321110913
RICE_001405,Rice,Andhra Pradesh,GUNTUR,Rabi,1999,3.5870327890972877
RICE_001406,Rice,Andhra Pradesh,KADAPA,Kharif,1999,2.4548491320300094
RICE_001407,Rice,Andhra Pradesh,KADAPA,Rabi,1999,1.8923550087873462
RICE_001408,Rice,Andhra Pradesh,KRISHNA,Kharif,1999,2.9972882208214355
RICE_001409,Rice,Andhra Pradesh,KRISHNA,Rabi,1999,3.5780995871387464
RICE_001410,Rice,Andhra Pradesh,KURNOOL,Kharif,1999,2.761281234688878
RICE_001411,Rice,Andhra Pradesh,KURNOOL,Rabi,1999,2.8716814159292037
RICE_001412,Rice,Andhra Pradesh,PRAKASAM,Kharif,1999,2.7152830215560844
RICE_001413,Rice,Andhra Pradesh,PRAKASAM,Rabi,1999,2.3602259269381434
RICE_001414,Rice,Andhra Pradesh,SPSR NELLORE,Kharif,1999,2.986693759832197
RICE_001415,Rice,Andhra Pradesh,SPSR NELLORE,Rabi,1999,2.6714007386464274
RICE_001416,Rice,Andhra Pradesh,SRIKAKULAM,Kharif,1999,1.7115279827749474
RICE_001417,Rice,Andhra Pradesh,SRIKAKULAM,Rabi,1999,3.4450968878449792
RICE_001418,Rice,Andhra Pradesh,VISAKHAPATANAM,Kharif,1999,1.2963858685137175
RICE_001419,Rice,Andhra Pradesh,VISAKHAPATANAM,Rabi,1999,3.5492957746478875
RICE_001420,Rice,Andhra Pradesh,VIZIANAGARAM,Kharif,1999,1.897688845179105
RICE_001421,Rice,Andhra Pradesh,VIZIANAGARAM,Rabi,1999,3.4977329974811084
RICE_001422,Rice,Andhra Pradesh,WEST GODAVARI,Kharif,1999,2.5663932185874803
RICE_001423,Rice,Andhra Pradesh,WEST GODAVARI,Rabi,1999,4.038380986363425
RICE_001424,Rice,Arunachal Pradesh,CHANGLANG,Kharif,1999,1.1838793103448275
RICE_001425,Rice,Arunachal Pradesh,DIBANG VALLEY,Kharif,1999,1.3237
RICE_001426,Rice,Arunachal Pradesh,EAST KAMENG,Kharif,1999,1.3199583116206357
RICE_001427,Rice,Arunachal Pradesh,EAST SIANG,Kharif,1999,1.6604310344827586
RICE_001428,Rice,Arunachal Pradesh,LOHIT,Kharif,1999,1.4928571428571429
RICE_001429,Rice,Arunachal Pradesh,LOWER SUBANSIRI,Kharif,1999,0.4772727272727273
RICE_001430,Rice,Arunachal Pradesh,PAPUM PARE,Kharif,1999,0.9714285714285714
RICE_001431,Rice,Arunachal Pradesh,TAWANG,Kharif,1999,1.3
RICE_001432,Rice,Arunachal Pradesh,TIRAP,Kharif,1999,1.0085917071348525
RICE_001433,Rice,Arunachal Pradesh,UPPER SIANG,Kharif,1999,0.904
RICE_001434,Rice,Arunachal Pradesh,UPPER SUBANSIRI,Kharif,1999,0.6918604651162791
RICE_001435,Rice,Arunachal Pradesh,WEST KAMENG,Kharif,1999,0.8235294117647058
RICE_001436,Rice,Arunachal Pradesh,WEST SIANG,Kharif,1999,1.130890052356021
RICE_001437,Rice,Assam,BARPETA,Autumn,1999,0.7128951449361803
RICE_001438,Rice,Assam,BARPETA,Summer,1999,3.0920212480549445
RICE_001439,Rice,Assam,BARPETA,Winter,1999,1.1663233532934132
RICE_001440,Rice,Assam,BONGAIGAON,Autumn,1999,0.7116272009714633
RICE_001441,Rice,Assam,BONGAIGAON,Summer,1999,1.4403375326836225
RICE_001442,Rice,Assam,BONGAIGAON,Winter,1999,1.0901423116973272
RICE_001443,Rice,Assam,CACHAR,Autumn,1999,0.9229487179487179
RICE_001444,Rice,Assam,CACHAR,Summer,1999,1.72
RICE_001445,Rice,Assam,CACHAR,Winter,1999,1.8350518983884185
RICE_001446,Rice,Assam,DARRANG,Autumn,1999,0.8882823871906841
RICE_001447,Rice,Assam,DARRANG,Summer,1999,2.0621435449225984
RICE_001448,Rice,Assam,DARRANG,Winter,1999,1.1613221556886228
RICE_001449,Rice,Assam,DHEMAJI,Autumn,1999,0.9031553739963375
RICE_001450,Rice,Assam,DHEMAJI,Summer,1999,0.6698512137823023
RICE_001451,Rice,Assam,DHEMAJI,Winter,1999,1.5317636519436004
RICE_001452,Rice,Assam,DHUBRI,Autumn,1999,0.5956139203855566
RICE_001453,Rice,Assam,DHUBRI,Summer,1999,2.6450979016071305
RICE_001454,Rice,Assam,DHUBRI,Winter,1999,1.3627452750148925
RICE_001455,Rice,Assam,DIBRUGARH,Autumn,1999,1.6857378627424013
RICE_001456,Rice,Assam,DIBRUGARH,Summer,1999,2.219730941704036
RICE_001457,Rice,Assam,DIBRUGARH,Winter,1999,1.5710850849298068
RICE_001458,Rice,Assam,DIMA HASAO,Autumn,1999,1.2300743889479278
RICE_001459,Rice,Assam,DIMA HASAO,Summer,1999,2.2222222222222223
RICE_001460,Rice,Assam,DIMA HASAO,Winter,1999,1.8804467902295323
RICE_001461,Rice,Assam,GOALPARA,Autumn,1999,1.2880501053098325
RICE_001462,Rice,Assam,GOALPARA,Summer,1999,2.451
RICE_001463,Rice,Assam,GOALPARA,Winter,1999,1.3287617935998444
RICE_001464,Rice,Assam,GOLAGHAT,Autumn,1999,1.1604245640636845
RICE_001465,Rice,Assam,GOLAGHAT,Summer,1999,2.218785151856018
RICE_001466,Rice,Assam,GOLAGHAT,Winter,1999,1.8698561478877824
RICE_001467,Rice,Assam,HAILAKANDI,Autumn,1999,1.8508333333333333
RICE_001468,Rice,Assam,HAILAKANDI,Summer,1999,1.3013333333333332
RICE_001469,Rice,Assam,HAILAKANDI,Winter,1999,1.4479733333333333
RICE_001470,Rice,Assam,JORHAT,Autumn,1999,0.864687431614268
RICE_001471,Rice,Assam,JORHAT,Summer,1999,2.1451749734888654
RICE_001472,Rice,Assam,JORHAT,Winter,1999,1.8392621421093358
RICE_001473,Rice,Assam,KAMRUP,Autumn,1999,1.1971177262699482
RICE_001474,Rice,Assam,KAMRUP,Summer,1999,1.6311368064650078
RICE_001475,Rice,Assam,KAMRUP,Winter,1999,1.4302454273620442
RICE_001476,Rice,Assam,KARBI ANGLONG,Autumn,1999,1.2121872548164938
RICE_001477,Rice,Assam,KARBI ANGLONG,Summer,1999,2.2187711006076976
RICE_001478,Rice,Assam,KARBI ANGLONG,Winter,1999,1.5096140585905948
RICE_001479,Rice,Assam,KARIMGANJ,Autumn,1999,1.8832142857142857
RICE_001480,Rice,Assam,KARIMGANJ,Summer,1999,1.231
RICE_001481,Rice,Assam,KARIMGANJ,Winter,1999,1.6882965299684543
RICE_001482,Rice,Assam,KOKRAJHAR,Autumn,1999,0.6828242180354857
RICE_001483,Rice,Assam,KOKRAJHAR,Summer,1999,2.6095384615384614
RICE_001484,Rice,Assam,KOKRAJHAR,Winter,1999,1.1793945021056471
RICE_001485,Rice,Assam,LAKHIMPUR,Autumn,1999,0.8586666666666667
RICE_001486,Rice,Assam,LAKHIMPUR,Summer,1999,0.916452662215374
RICE_001487,Rice,Assam,LAKHIMPUR,Winter,1999,1.1977321937321936
RICE_001488,Rice,Assam,MARIGAON,Autumn,1999,0.7557142857142857
RICE_001489,Rice,Assam,MARIGAON,Summer,1999,2.868
RICE_001490,Rice,Assam,MARIGAON,Winter,1999,1.55334
RICE_001491,Rice,Assam,NAGAON,Autumn,1999,1.2192305861067467
RICE_001492,Rice,Assam,NAGAON,Summer,1999,2.4197150997151
RICE_001493,Rice,Assam,NAGAON,Winter,1999,1.8214750272899005
RICE_001494,Rice,Assam,NALBARI,Autumn,1999,0.872803916236062
RICE_001495,Rice,Assam,NALBARI,Summer,1999,1.9128455284552845
RICE_001496,Rice,Assam,NALBARI,Winter,1999,1.280493961036533
RICE_001497,Rice,Assam,SIVASAGAR,Autumn,1999,1.2779291553133516
RICE_001498,Rice,Assam,SIVASAGAR,Summer,1999,2.2222222222222223
RICE_001499,Rice,Assam,SIVASAGAR,Winter,1999,1.8233578770868266
RICE_001500,Rice,Assam,SONITPUR,Autumn,1999,1.075010176516301
RICE_001501,Rice,Assam,SONITPUR,Summer,1999,1.3377038342882328
RICE_001502,Rice,Assam,SONITPUR,Winter,1999,1.4521831373692222
RICE_001503,Rice,Assam,TINSUKIA,Autumn,1999,1.3296253676000511
RICE_001504,Rice,Assam,TINSUKIA,Summer,1999,2.21900826446281
RICE_001505,Rice,Assam,TINSUKIA,Winter,1999,1.5142409642656498
RICE_001506,Rice,Bihar,ARARIA,Kharif,1999,0.9439051139363905
RICE_001507,Rice,Bihar,ARARIA,Summer,1999,1.7949332171893146
RICE_001508,Rice,Bihar,BANKA,Kharif,1999,1.2808988764044944
RICE_001509,Rice,Bihar,BANKA,Summer,1999,1.8615384615384616
RICE_001510,Rice,Bihar,BEGUSARAI,Kharif,1999,1.5665634674922602
RICE_001511,Rice,Bihar,BEGUSARAI,Summer,1999,2.0892857142857144
RICE_001512,Rice,Bihar,BHAGALPUR,Kharif,1999,1.1385767790262171
RICE_001513,Rice,Bihar,BHAGALPUR,Summer,1999,1.8198433420365536
RICE_001514,Rice,Bihar,BHOJPUR,Kharif,1999,1.1290877796901893
RICE_001515,Rice,Bihar,DARBHANGA,Kharif,1999,0.5850681602028955
RICE_001516,Rice,Bihar,DARBHANGA,Summer,1999,2.0064754856614244
RICE_001517,Rice,Bihar,GAYA,Kharif,1999,1.2341463414634146
RICE_001518,Rice,Bihar,GOPALGANJ,Kharif,1999,1.3516960962733429
RICE_001519,Rice,Bihar,GOPALGANJ,Summer,1999,2.65
RICE_001520,Rice,Bihar,JAMUI,Summer,1999,2.1639344262295084
RICE_001521,Rice,Bihar,JEHANABAD,Kharif,1999,1.0
RICE_001522,Rice,Bihar,JEHANABAD,Summer,1999,1.2692307692307692
RICE_001523,Rice,Bihar,KAIMUR (BHABUA),Kharif,1999,1.065
RICE_001524,Rice,Bihar,KATIHAR,Kharif,1999,0.5310461323392358
RICE_001525,Rice,Bihar,KATIHAR,Summer,1999,2.5033882805355594
RICE_001526,Rice,Bihar,KHAGARIA,Kharif,1999,0.8132440476190477
RICE_001527,Rice,Bihar,KHAGARIA,Summer,1999,1.5125408942202836
RICE_001528,Rice,Bihar,KISHANGANJ,Kharif,1999,0.9072872014696877
RICE_001529,Rice,Bihar,KISHANGANJ,Summer,1999,1.7045962491497424
RICE_001530,Rice,Bihar,MADHEPURA,Kharif,1999,1.1840301758486957
RICE_001531,Rice,Bihar,MADHEPURA,Summer,1999,1.923264907135875
RICE_001532,Rice,Bihar,MADHUBANI,Kharif,1999,1.3485412301823072
RICE_001533,Rice,Bihar,MADHUBANI,Summer,1999,1.4063144861741643
RICE_001534,Rice,Bihar,MUNGER,Summer,1999,1.2857142857142858
RICE_001535,Rice,Bihar,MUZAFFARPUR,Kharif,1999,0.7973902728351127
RICE_001536,Rice,Bihar,MUZAFFARPUR,Summer,1999,0.44954128440366975
RICE_001537,Rice,Bihar,NALANDA,Summer,1999,2.0
RICE_001538,Rice,Bihar,NAWADA,Kharif,1999,1.0555555555555556
RICE_001539,Rice,Bihar,NAWADA,Summer,1999,2.1186440677966103
RICE_001540,Rice,Bihar,PASHCHIM CHAMPARAN,Kharif,1999,2.10413360016562
RICE_001541,Rice,Bihar,PASHCHIM CHAMPARAN,Summer,1999,1.4417270247389709
RICE_001542,Rice,Bihar,PATNA,Kharif,1999,1.0638297872340425
RICE_001543,Rice,Bihar,PATNA,Summer,1999,2.1363636363636362
RICE_001544,Rice,Bihar,PURBI CHAMPARAN,Kharif,1999,1.566691369499956
RICE_001545,Rice,Bihar,PURBI CHAMPARAN,Summer,1999,1.1420373027259685
RICE_001546,Rice,Bihar,PURNIA,Kharif,1999,0.8013669772014419
RICE_001547,Rice,Bihar,PURNIA,Summer,1999,2.057703642579276
RICE_001548,Rice,Bihar,ROHTAS,Kharif,1999,1.3478260869565217
RICE_001549,Rice,Bihar,ROHTAS,Summer,1999,1.8453815261044177
RICE_001550,Rice,Bihar,SAHARSA,Kharif,1999,1.047766260532218
RICE_001551,Rice,Bihar,SAHARSA,Summer,1999,1.842578001890955
RICE_001552,Rice,Bihar,SAMASTIPUR,Kharif,1999,1.2727815110217924
RICE_001553,Rice,Bihar,SAMASTIPUR,Summer,1999,1.4225274725274726
RICE_001554,Rice,Bihar,SARAN,Kharif,1999,1.1826859150916516
RICE_001555,Rice,Bihar,SARAN,Summer,1999,2.1538461538461537
RICE_001556,Rice,Bihar,SHEOHAR,Kharif,1999,1.2869851092631985
RICE_001557,Rice,Bihar,SHEOHAR,Summer,1999,1.9838709677419355
RICE_001558,Rice,Bihar,SITAMARHI,Kharif,1999,1.479976966968539
RICE_001559,Rice,Bihar,SITAMARHI,Summer,1999,0.8469135802469135
RICE_001560,Rice,Bihar,SIWAN,Kharif,1999,1.216727311359592
RICE_001561,Rice,Bihar,SIWAN,Summer,1999,1.2857142857142858
RICE_001562,Rice,Bihar,SUPAUL,Kharif,1999,1.1502282313514762
RICE_001563,Rice,Bihar,SUPAUL,Summer,1999,1.5098039215686274
RICE_001564,Rice,Bihar,VAISHALI,Kharif,1999,1.2210331343897922
RICE_001565,Rice,Bihar,VAISHALI,Summer,1999,0.8035714285714286
RICE_001566,Rice,Chandigarh,CHANDIGARH,Kharif,1999,3.0
RICE_001567,Rice,Dadra and Nagar Haveli,DADRA AND NAGAR HAVELI,Kharif,1999,1.995972671700827
RICE_001568,Rice,Dadra and Nagar Haveli,DADRA AND NAGAR HAVELI,Rabi,1999,1.876
RICE_001569,Rice,Gujarat,AHMADABAD,Kharif,1999,1.0505992010652463
RICE_001570,Rice,Gujarat,AMRELI,Kharif,1999,1.0
RICE_001571,Rice,Gujarat,BHARUCH,Kharif,1999,0.8713235294117647
RICE_001572,Rice,Gujarat,BHAVNAGAR,Kharif,1999,2.0
RICE_001573,Rice,Gujarat,DANG,Kharif,1999,0.9923664122137404
RICE_001574,Rice,Gujarat,GANDHINAGAR,Kharif,1999,3.037974683544304
RICE_001575,Rice,Gujarat,KHEDA,Kharif,1999,2.151981076286221
RICE_001576,Rice,Gujarat,MAHESANA,Kharif,1999,1.4700854700854702
RICE_001577,Rice,Gujarat,PANCH MAHALS,Kharif,1999,0.399402390438247
RICE_001578,Rice,Gujarat,SABAR KANTHA,Kharif,1999,1.8699186991869918
RICE_001579,Rice,Gujarat,SURAT,Kharif,1999,1.8657105606258149
RICE_001580,Rice,Gujarat,SURENDRANAGAR,Kharif,1999,2.0
RICE_001581,Rice,Gujarat,VADODARA,Kharif,1999,0.5548654244306418
RICE_001582,Rice,Gujarat,VALSAD,Kharif,1999,1.8900308324768755
RICE_001583,Rice,Haryana,AMBALA,Kharif,1999,2.8537784858350075
RICE_001584,Rice,Haryana,BHIWANI,Kharif,1999,2.3233565668990024
RICE_001585,Rice,Haryana,FARIDABAD,Kharif,1999,2.012491325468425
RICE_001586,Rice,Haryana,FATEHABAD,Kharif,1999,2.3686414974436003
RICE_001587,Rice,Haryana,GURGAON,Kharif,1999,2.3243528790279977
RICE_001588,Rice,Haryana,HISAR,Kharif,1999,2.4016879152451067
RICE_001589,Rice,Haryana,JHAJJAR,Kharif,1999,0.9273365569318408
RICE_001590,Rice,Haryana,JIND,Kharif,1999,1.7588715766353216
RICE_001591,Rice,Haryana,KAITHAL,Kharif,1999,2.234870113524034
RICE_001592,Rice,Haryana,KARNAL,Kharif,1999,2.7673563389175735
RICE_001593,Rice,Haryana,KURUKSHETRA,Kharif,1999,3.001496268288968
RICE_001594,Rice,Haryana,PANCHKULA,Kharif,1999,2.819548872180451
RICE_001595,Rice,Haryana,PANIPAT,Kharif,1999,2.0385916729192917
RICE_001596,Rice,Haryana,REWARI,Kharif,1999,1.7667844522968197
RICE_001597,Rice,Haryana,ROHTAK,Kharif,1999,0.9118008065930212
RICE_001598,Rice,Haryana,SIRSA,Kharif,1999,3.0226361865526274
RICE_001599,Rice,Haryana,SONIPAT,Kharif,1999,1.7893693438549967
RICE_001600,Rice,Haryana,YAMUNANAGAR,Kharif,1999,2.919494927377564
RICE_001601,Rice,Himachal Pradesh,BILASPUR,Kharif,1999,1.603562005277045
RICE_001602,Rice,Himachal Pradesh,CHAMBA,Kharif,1999,1.3985148514851484
RICE_001603,Rice,Himachal Pradesh,HAMIRPUR,Kharif,1999,1.610128617363344
RICE_001604,Rice,Himachal Pradesh,KANGRA,Kharif,1999,1.45055334460012
RICE_001605,Rice,Himachal Pradesh,KINNAUR,Kharif,1999,1.5
RICE_001606,Rice,Himachal Pradesh,KULLU,Kharif,1999,1.3036649214659686
RICE_001607,Rice,Himachal Pradesh,MANDI,Kharif,1999,1.4988017802122562
RICE_001608,Rice,Himachal Pradesh,SHIMLA,Kharif,1999,1.1402668491276087
RICE_001609,Rice,Himachal Pradesh,SIRMAUR,Kharif,1999,1.5107794361525704
RICE_001610,Rice,Himachal Pradesh,SOLAN,Kharif,1999,1.8509049123814996
RICE_001611,Rice,Himachal Pradesh,UNA,Kharif,1999,2.1856555846096377
RICE_001612,Rice,Jammu and Kashmir,ANANTNAG,Kharif,1999,2.2473774145616643
RICE_001613,Rice,Jammu and Kashmir,BADGAM,Kharif,1999,1.2869579945799459
RICE_001614,Rice,Jammu and Kashmir,BARAMULLA,Kharif,1999,1.3354180215333478
RICE_001615,Rice,Jammu and Kashmir,DODA,Kharif,1999,0.8519183472700443
RICE_001616,Rice,Jammu and Kashmir,JAMMU,Kharif,1999,1.2496562822856234
RICE_001617,Rice,Jammu and Kashmir,KATHUA,Kharif,1999,1.4554623499046122
RICE_001618,Rice,Jammu and Kashmir,KUPWARA,Kharif,1999,0.40712845331720104
RICE_001619,Rice,Jammu and Kashmir,POONCH,Kharif,1999,1.9005817174515236
RICE_001620,Rice,Jammu and Kashmir,PULWAMA,Kharif,1999,2.159068517689207
RICE_001621,Rice,Jammu and Kashmir,RAJAURI,Kharif,1999,1.6356971346246199
RICE_001622,Rice,Jammu and Kashmir,SRINAGAR,Kharif,1999,2.28085034587481
RICE_001623,Rice,Jammu and Kashmir,UDHAMPUR,Kharif,1999,1.044362519201229
RICE_001624,Rice,Karnataka,BAGALKOT,Kharif,1999,1.578125
RICE_001625,Rice,Karnataka,BANGALORE RURAL,Kharif,1999,2.8082488519192443
RICE_001626,Rice,Karnataka,BANGALORE RURAL,Rabi,1999,2.1293103448275863
RICE_001627,Rice,Karnataka,BANGALORE RURAL,Summer,1999,2.737954459680463
RICE_001628,Rice,Karnataka,BELGAUM,Kharif,1999,1.8865309726141863
RICE_001629,Rice,Karnataka,BELGAUM,Summer,1999,1.391304347826087
RICE_001630,Rice,Karnataka,BELLARY,Kharif,1999,3.3826776583533342
RICE_001631,Rice,Karnataka,BELLARY,Summer,1999,3.01339399338254
RICE_001632,Rice,Karnataka,BENGALURU URBAN,Kharif,1999,2.3399252911448034
RICE_001633,Rice,Karnataka,BENGALURU URBAN,Rabi,1999,2.1666666666666665
RICE_001634,Rice,Karnataka,BENGALURU URBAN,Summer,1999,3.1017021276595744
RICE_001635,Rice,Karnataka,BIDAR,Kharif,1999,0.8353786291529482
RICE_001636,Rice,Karnataka,BIDAR,Summer,1999,1.4
RICE_001637,Rice,Karnataka,BIJAPUR,Kharif,1999,1.3863013698630138
RICE_001638,Rice,Karnataka,CHAMARAJANAGAR,Kharif,1999,2.989634321911892
RICE_001639,Rice,Karnataka,CHAMARAJANAGAR,Rabi,1999,2.1666666666666665
RICE_001640,Rice,Karnataka,CHAMARAJANAGAR,Summer,1999,3.1017421602787456
RICE_001641,Rice,Karnataka,CHIKMAGALUR,Kharif,1999,2.370115894039735
RICE_001642,Rice,Karnataka,CHIKMAGALUR,Summer,1999,3.0401639344262295
RICE_001643,Rice,Karnataka,CHITRADURGA,Kharif,1999,2.3292663348852143
RICE_001644,Rice,Karnataka,CHITRADURGA,Rabi,1999,2.0602409638554215
RICE_001645,Rice,Karnataka,CHITRADURGA,Summer,1999,2.673147410358566
RICE_001646,Rice,Karnataka,DAKSHIN KANNAD,Kharif,1999,2.012901203938262
RICE_001647,Rice,Karnataka,DAKSHIN KANNAD,Rabi,1999,2.128020194734944
RICE_001648,Rice,Karnataka,DAKSHIN KANNAD,Summer,1999,2.0209813874788494
RICE_001649,Rice,Karnataka,DAVANGERE,Kharif,1999,3.295288238443691
RICE_001650,Rice,Karnataka,DAVANGERE,Rabi,1999,2.131004366812227
RICE_001651,Rice,Karnataka,DAVANGERE,Summer,1999,3.3820018365472913
RICE_001652,Rice,Karnataka,DHARWAD,Kharif,1999,0.9626691672157738
RICE_001653,Rice,Karnataka,DHARWAD,Summer,1999,3.091775923718713
RICE_001654,Rice,Karnataka,GADAG,Kharif,1999,2.3063725490196076
RICE_001655,Rice,Karnataka,GADAG,Summer,1999,2.9298780487804876
RICE_001656,Rice,Karnataka,GULBARGA,Kharif,1999,1.5053713218122373
RICE_001657,Rice,Karnataka,GULBARGA,Rabi,1999,2.0936654033567947
RICE_001658,Rice,Karnataka,GULBARGA,Summer,1999,3.101715357812919
RICE_001659,Rice,Karnataka,HASSAN,Kharif,1999,2.8137502747856673
RICE_001660,Rice,Karnataka,HASSAN,Rabi,1999,2.0015678896205706
RICE_001661,Rice,Karnataka,HASSAN,Summer,1999,2.486144265697976
RICE_001662,Rice,Karnataka,HAVERI,Kharif,1999,1.6702517630859122
RICE_001663,Rice,Karnataka,HAVERI,Summer,1999,2.497151734852408
RICE_001664,Rice,Karnataka,KODAGU,Kharif,1999,2.300199082010728
RICE_001665,Rice,Karnataka,KODAGU,Rabi,1999,2.12
RICE_001666,Rice,Karnataka,KODAGU,Summer,1999,3.0
RICE_001667,Rice,Karnataka,KOLAR,Kharif,1999,2.127320954907162
RICE_001668,Rice,Karnataka,KOLAR,Summer,1999,2.015873015873016
RICE_001669,Rice,Karnataka,KOPPAL,Kharif,1999,3.613477414223417
RICE_001670,Rice,Karnataka,KOPPAL,Summer,1999,3.4646369392428937
RICE_001671,Rice,Karnataka,MANDYA,Kharif,1999,3.145154199918842
RICE_001672,Rice,Karnataka,MANDYA,Rabi,1999,2.131487889273356
RICE_001673,Rice,Karnataka,MANDYA,Summer,1999,3.064709806537692
RICE_001674,Rice,Karnataka,MYSORE,Kharif,1999,2.8905559686802853
RICE_001675,Rice,Karnataka,MYSORE,Rabi,1999,2.037937166567872
RICE_001676,Rice,Karnataka,MYSORE,Summer,1999,2.7220890410958902
RICE_001677,Rice,Karnataka,RAICHUR,Kharif,1999,3.0751180963312876
RICE_001678,Rice,Karnataka,RAICHUR,Summer,1999,3.1585056284028643
RICE_001679,Rice,Karnataka,SHIMOGA,Kharif,1999,2.269406161695731
RICE_001680,Rice,Karnataka,SHIMOGA,Summer,1999,3.05900785594492
RICE_001681,Rice,Karnataka,TUMKUR,Kharif,1999,2.6192854815940927
RICE_001682,Rice,Karnataka,TUMKUR,Rabi,1999,2.1298108284409656
RICE_001683,Rice,Karnataka,TUMKUR,Summer,1999,2.884208590085533
RICE_001684,Rice,Karnataka,UDUPI,Kharif,1999,1.7403892853140062
RICE_001685,Rice,Karnataka,UDUPI,Rabi,1999,1.8647538223210076
RICE_001686,Rice,Karnataka,UDUPI,Summer,1999,2.0198544010589012
RICE_001687,Rice,Karnataka,UTTAR KANNAD,Kharif,1999,1.6275924686992258
RICE_001688,Rice,Karnataka,UTTAR KANNAD,Rabi,1999,1.9537037037037037
RICE_001689,Rice,Karnataka,UTTAR KANNAD,Summer,1999,2.9995893223819303
RICE_001690,Rice,Kerala,ALAPPUZHA,Autumn,1999,3.0093526053686386
RICE_001691,Rice,Kerala,ALAPPUZHA,Summer,1999,2.4212387222628626
RICE_001692,Rice,Kerala,ALAPPUZHA,Winter,1999,2.581438862381888
RICE_001693,Rice,Kerala,ERNAKULAM,Autumn,1999,2.03019331479925
RICE_001694,Rice,Kerala,ERNAKULAM,Summer,1999,1.752798603265893
RICE_001695,Rice,Kerala,ERNAKULAM,Winter,1999,1.9139626907857548
RICE_001696,Rice,Kerala,IDUKKI,Autumn,1999,2.5577367205542725
RICE_001697,Rice,Kerala,IDUKKI,Summer,1999,2.914285714285714
RICE_001698,Rice,Kerala,IDUKKI,Winter,1999,2.3938886563415656
RICE_001699,Rice,Kerala,KANNUR,Autumn,1999,1.68135691504784
RICE_001700,Rice,Kerala,KANNUR,Summer,1999,1.2651515151515151
RICE_001701,Rice,Kerala,KANNUR,Winter,1999,1.729991204925242
RICE_001702,Rice,Kerala,KASARAGOD,Autumn,1999,1.9540955990734892
RICE_001703,Rice,Kerala,KASARAGOD,Summer,1999,1.9631336405529953
RICE_001704,Rice,Kerala,KASARAGOD,Winter,1999,1.8391812865497077
RICE_001705,Rice,Kerala,KOLLAM,Autumn,1999,2.0573931232840894
RICE_001706,Rice,Kerala,KOLLAM,Summer,1999,1.3
RICE_001707,Rice,Kerala,KOLLAM,Winter,1999,1.9794204975939387
RICE_001708,Rice,Kerala,KOTTAYAM,Autumn,1999,2.6384728340675476
RICE_001709,Rice,Kerala,KOTTAYAM,Summer,1999,2.829111143652072
RICE_001710,Rice,Kerala,KOTTAYAM,Winter,1999,2.349141016463851
RICE_001711,Rice,Kerala,KOZHIKODE,Autumn,1999,1.2584434654919237
RICE_001712,Rice,Kerala,KOZHIKODE,Summer,1999,1.6793893129770991
RICE_001713,Rice,Kerala,KOZHIKODE,Winter,1999,1.2911986930773944
RICE_001714,Rice,Kerala,MALAPPURAM,Autumn,1999,1.7505133470225873
RICE_001715,Rice,Kerala,MALAPPURAM,Summer,1999,2.8086838534599727
RICE_001716,Rice,Kerala,MALAPPURAM,Winter,1999,1.663018134715026
RICE_001717,Rice,Kerala,PALAKKAD,Autumn,1999,2.053535842120538
RICE_001718,Rice,Kerala,PALAKKAD,Summer,1999,2.9471806832212923
RICE_001719,Rice,Kerala,PALAKKAD,Winter,1999,2.4303567908535384
RICE_001720,Rice,Kerala,PATHANAMTHITTA,Autumn,1999,1.967
RICE_001721,Rice,Kerala,PATHANAMTHITTA,Summer,1999,3.5135046113306982
RICE_001722,Rice,Kerala,PATHANAMTHITTA,Winter,1999,2.2406716417910446
RICE_001723,Rice,Kerala,THIRUVANANTHAPURAM,Autumn,1999,2.2148448043184885
RICE_001724,Rice,Kerala,THIRUVANANTHAPURAM,Summer,1999,1.7
RICE_001725,Rice,Kerala,THIRUVANANTHAPURAM,Winter,1999,2.197199810156621
RICE_001726,Rice,Kerala,THRISSUR,Autumn,1999,1.8943842017103059
RICE_001727,Rice,Kerala,THRISSUR,Summer,1999,2.4727341580408986
RICE_001728,Rice,Kerala,THRISSUR,Winter,1999,2.1645923291846585
RICE_001729,Rice,Kerala,WAYANAD,Summer,1999,2.5374545454545454
RICE_001730,Rice,Kerala,WAYANAD,Winter,1999,2.596056067060602
RICE_001731,Rice,Madhya Pradesh,BALAGHAT,Kharif,1999,1.3347387893858036
RICE_001732,Rice,Madhya Pradesh,BARWANI,Kharif,1999,0.5106880427521711
RICE_001733,Rice,Madhya Pradesh,BETUL,Kharif,1999,1.2161070364428146
RICE_001734,Rice,Madhya Pradesh,BHIND,Kharif,1999,2.1686131386861316
RICE_001735,Rice,Madhya Pradesh,BHOPAL,Kharif,1999,0.7860615883306321
RICE_001736,Rice,Madhya Pradesh,CHHATARPUR,Kharif,1999,1.045526788003076
RICE_001737,Rice,Madhya Pradesh,CHHINDWARA,Kharif,1999,0.8304664436134619
RICE_001738,Rice,Madhya Pradesh,DAMOH,Kharif,1999,0.8358637515248194
RICE_001739,Rice,Madhya Pradesh,DATIA,Kharif,1999,1.4386401326699834
RICE_001740,Rice,Madhya Pradesh,DEWAS,Kharif,1999,0.7447852760736197
RICE_001741,Rice,Madhya Pradesh,DHAR,Kharif,1999,0.5713337757133378
RICE_001742,Rice,Madhya Pradesh,DINDORI,Kharif,1999,1.1321528372628593
RICE_001743,Rice,Madhya Pradesh,GUNA,Kharif,1999,1.013855421686747
RICE_001744,Rice,Madhya Pradesh,GWALIOR,Kharif,1999,2.2303400779456517
RICE_001745,Rice,Madhya Pradesh,HARDA,Kharif,1999,1.3732208750658934
RICE_001746,Rice,Madhya Pradesh,HOSHANGABAD,Kharif,1999,1.5195344012907688
RICE_001747,Rice,Madhya Pradesh,INDORE,Kharif,1999,0.5348837209302325
RICE_001748,Rice,Madhya Pradesh,JABALPUR,Kharif,1999,1.1692316198831487
RICE_001749,Rice,Madhya Pradesh,JHABUA,Kharif,1999,0.6957540612463756
RICE_001750,Rice,Madhya Pradesh,KATNI,Kharif,1999,0.9961596985725673
RICE_001751,Rice,Madhya Pradesh,KHANDWA,Kharif,1999,1.1562765415321896
RICE_001752,Rice,Madhya Pradesh,KHARGONE,Kharif,1999,0.4973806316419698
RICE_001753,Rice,Madhya Pradesh,MANDLA,Kharif,1999,0.7962070371880909
RICE_001754,Rice,Madhya Pradesh,MANDSAUR,Kharif,1999,0.7894736842105263
RICE_001755,Rice,Madhya Pradesh,MORENA,Kharif,1999,2.28125
RICE_001756,Rice,Madhya Pradesh,NARSINGHPUR,Kharif,1999,1.2789484887186036
RICE_001757,Rice,Madhya Pradesh,NEEMUCH,Kharif,1999,1.0
RICE_001758,Rice,Madhya Pradesh,PANNA,Kharif,1999,0.7374536618796922
RICE_001759,Rice,Madhya Pradesh,RAISEN,Kharif,1999,1.0448517000241138
RICE_001760,Rice,Madhya Pradesh,RAJGARH,Kharif,1999,1.2182593709253493
RICE_001761,Rice,Madhya Pradesh,RATLAM,Kharif,1999,0.811965811965812
RICE_001762,Rice,Madhya Pradesh,REWA,Kharif,1999,0.5928599991113875
RICE_001763,Rice,Madhya Pradesh,SAGAR,Kharif,1999,0.7152409499654139
RICE_001764,Rice,Madhya Pradesh,SATNA,Kharif,1999,0.5961068882674964
RICE_001765,Rice,Madhya Pradesh,SEHORE,Kharif,1999,0.908157444381061
RICE_001766,Rice,Madhya Pradesh,SEONI,Kharif,1999,1.378389932898381
RICE_001767,Rice,Madhya Pradesh,SHAHDOL,Kharif,1999,0.9129206543071179
RICE_001768,Rice,Madhya Pradesh,SHAJAPUR,Kharif,1999,0.8286908077994429
RICE_001769,Rice,Madhya Pradesh,SHEOPUR,Kharif,1999,2.7282825405867275
RICE_001770,Rice,Madhya Pradesh,SHIVPURI,Kharif,1999,1.2879017013232514
RICE_001771,Rice,Madhya Pradesh,SIDHI,Kharif,1999,0.7039147902457255
RICE_001772,Rice,Madhya Pradesh,TIKAMGARH,Kharif,1999,0.9746175414432584
RICE_001773,Rice,Madhya Pradesh,UJJAIN,Kharif,1999,0.75
RICE_001774,Rice,Madhya Pradesh,UMARIA,Kharif,1999,0.6911280688495014
RICE_001775,Rice,Madhya Pradesh,VIDISHA,Kharif,1999,0.7215743440233237
RICE_001776,Rice,Maharashtra,AHMEDNAGAR,Kharif,1999,1.4035087719298245
RICE_001777,Rice,Maharashtra,AMRAVATI,Kharif,1999,0.6363636363636364
RICE_001778,Rice,Maharashtra,AURANGABAD,Kharif,1999,0.4444444444444444
RICE_001779,Rice,Maharashtra,BEED,Kharif,1999,0.4473684210526316
RICE_001780,Rice,Maharashtra,BHANDARA,Kharif,1999,1.5475177304964538
RICE_001781,Rice,Maharashtra,BHANDARA,Summer,1999,2.0727272727272728
RICE_001782,Rice,Maharashtra,BULDHANA,Kharif,1999,0.5
RICE_001783,Rice,Maharashtra,CHANDRAPUR,Kharif,1999,1.504267425320057
RICE_001784,Rice,Maharashtra,CHANDRAPUR,Summer,1999,1.5483870967741935
RICE_001785,Rice,Maharashtra,DHULE,Kharif,1999,0.9591836734693877
RICE_001786,Rice,Maharashtra,GADCHIROLI,Kharif,1999,1.3637015781922526
RICE_001787,Rice,Maharashtra,GADCHIROLI,Summer,1999,1.8888888888888888
RICE_001788,Rice,Maharashtra,GONDIA,Kharif,1999,0.6
RICE_001789,Rice,Maharashtra,JALGAON,Kharif,1999,0.9444444444444444
RICE_001790,Rice,Maharashtra,JALNA,Kharif,1999,0.5384615384615384
RICE_001791,Rice,Maharashtra,KOLHAPUR,Kharif,1999,2.5377906976744184
RICE_001792,Rice,Maharashtra,KOLHAPUR,Summer,1999,2.3333333333333335
RICE_001793,Rice,Maharashtra,LATUR,Kharif,1999,0.5939086294416244
RICE_001794,Rice,Maharashtra,NAGPUR,Kharif,1999,1.1126005361930296
RICE_001795,Rice,Maharashtra,NAGPUR,Summer,1999,1.75
RICE_001796,Rice,Maharashtra,NANDED,Kharif,1999,0.5977011494252874
RICE_001797,Rice,Maharashtra,NANDURBAR,Kharif,1999,1.278706800445931
RICE_001798,Rice,Maharashtra,NANDURBAR,Summer,1999,1.6111111111111112
RICE_001799,Rice,Maharashtra,NASHIK,Kharif,1999,1.1966527196652719
RICE_001800,Rice,Maharashtra,OSMANABAD,Kharif,1999,0.5592105263157895
RICE_001801,Rice,Maharashtra,PARBHANI,Kharif,1999,0.46153846153846156
RICE_001802,Rice,Maharashtra,PUNE,Kharif,1999,1.445705024311183
RICE_001803,Rice,Maharashtra,RAIGAD,Kharif,1999,2.413657770800628
RICE_001804,Rice,Maharashtra,RAIGAD,Summer,1999,2.5301204819277108
RICE_001805,Rice,Maharashtra,RATNAGIRI,Kharif,1999,2.41183879093199
RICE_001806,Rice,Maharashtra,RATNAGIRI,Summer,1999,2.6
RICE_001807,Rice,Maharashtra,SANGLI,Kharif,1999,2.636871508379888
RICE_001808,Rice,Maharashtra,SATARA,Kharif,1999,1.615909090909091
RICE_001809,Rice,Maharashtra,SINDHUDURG,Kharif,1999,2.286472148541114
RICE_001810,Rice,Maharashtra,SINDHUDURG,Summer,1999,1.9777777777777779
RICE_001811,Rice,Maharashtra,SOLAPUR,Kharif,1999,1.3125
RICE_001812,Rice,Maharashtra,THANE,Kharif,1999,2.122844827586207
RICE_001813,Rice,Maharashtra,THANE,Summer,1999,2.5
RICE_001814,Rice,Maharashtra,WARDHA,Kharif,1999,0.6
RICE_001815,Rice,Maharashtra,WASHIM,Kharif,1999,0.631578947368421
RICE_001816,Rice,Maharashtra,YAVATMAL,Kharif,1999,0.8679245283018868
RICE_001817,Rice,Manipur,BISHNUPUR,Kharif,1999,2.665032679738562
RICE_001818,Rice,Manipur,CHANDEL,Kharif,1999,1.087520259319287
RICE_001819,Rice,Manipur,CHURACHANDPUR,Kharif,1999,1.8215586307356155
RICE_001820,Rice,Manipur,IMPHAL EAST,Kharif,1999,2.416939078751857
RICE_001821,Rice,Manipur,IMPHAL WEST,Kharif,1999,3.1772315653298837
RICE_001822,Rice,Manipur,SENAPATI,Kharif,1999,2.1557276803913576
RICE_001823,Rice,Manipur,TAMENGLONG,Kharif,1999,1.370020964360587
RICE_001824,Rice,Manipur,THOUBAL,Kharif,1999,2.6541111621497473
RICE_001825,Rice,Manipur,UKHRUL,Kharif,1999,2.1784682080924855
RICE_001826,Rice,Meghalaya,EAST GARO HILLS,Kharif,1999,1.4536829699469653
RICE_001827,Rice,Meghalaya,EAST GARO HILLS,Rabi,1999,2.0
RICE_001828,Rice,Meghalaya,EAST JAINTIA HILLS,Kharif,1999,1.5696684721147551
RICE_001829,Rice,Meghalaya,EAST JAINTIA HILLS,Rabi,1999,1.1346153846153846
RICE_001830,Rice,Meghalaya,EAST KHASI HILLS,Kharif,1999,1.9059415161110076
RICE_001831,Rice,Meghalaya,EAST KHASI HILLS,Rabi,1999,1.0
RICE_001832,Rice,Meghalaya,RI BHOI,Kharif,1999,2.3191101068914572
RICE_001833,Rice,Meghalaya,RI BHOI,Rabi,1999,1.931578947368421
RICE_001834,Rice,Meghalaya,SOUTH GARO HILLS,Kharif,1999,1.1589585474477562
RICE_001835,Rice,Meghalaya,SOUTH GARO HILLS,Rabi,1999,1.7655677655677655
RICE_001836,Rice,Meghalaya,WEST GARO HILLS,Kharif,1999,1.3288990690981706
RICE_001837,Rice,Meghalaya,WEST GARO HILLS,Rabi,1999,3.85722946347378
RICE_001838,Rice,Meghalaya,WEST KHASI HILLS,Kharif,1999,1.4986149584487534
RICE_001839,Rice,Meghalaya,WEST KHASI HILLS,Rabi,1999,0.6
RICE_001840,Rice,Mizoram,AIZAWL,Kharif,1999,2.059730170001253
RICE_001841,Rice,Mizoram,CHAMPHAI,Kharif,1999,1.5811951093507834
RICE_001842,Rice,Mizoram,KOLASIB,Kharif,1999,1.5405332372545488
RICE_001843,Rice,Mizoram,LUNGLEI,Kharif,1999,1.444206250705179
RICE_001844,Rice,Nagaland,KOHIMA,Kharif,1999,1.620486111111111
RICE_001845,Rice,Nagaland,MOKOKCHUNG,Kharif,1999,1.443069306930693
RICE_001846,Rice,Nagaland,MON,Kharif,1999,1.4319767441860465
RICE_001847,Rice,Nagaland,PHEK,Kharif,1999,1.5717213114754098
RICE_001848,Rice,Nagaland,TUENSANG,Kharif,1999,1.4572944297082229
RICE_001849,Rice,Nagaland,WOKHA,Kharif,1999,1.477801268498943
RICE_001850,Rice,Nagaland,ZUNHEBOTO,Kharif,1999,1.3946308724832215
RICE_001851,Rice,Odisha,ANUGUL,Autumn,1999,1.15
RICE_001852,Rice,Odisha,ANUGUL,Summer,1999,1.7956989247311828
RICE_001853,Rice,Odisha,ANUGUL,Winter,1999,1.3146067415730338
RICE_001854,Rice,Odisha,BALANGIR,Autumn,1999,0.8375
RICE_001855,Rice,Odisha,BALANGIR,Summer,1999,1.5118483412322274
RICE_001856,Rice,Odisha,BALANGIR,Winter,1999,1.4666666666666666
RICE_001857,Rice,Odisha,BALESHWAR,Autumn,1999,1.5
RICE_001858,Rice,Odisha,BALESHWAR,Summer,1999,2.3138686131386863
RICE_001859,Rice,Odisha,BALESHWAR,Winter,1999,0.7674418604651163
RICE_001860,Rice,Odisha,BARGARH,Autumn,1999,1.105263157894737
RICE_001861,Rice,Odisha,BARGARH,Summer,1999,3.2095789638441072
RICE_001862,Rice,Odisha,BARGARH,Winter,1999,2.0934065934065935
RICE_001863,Rice,Odisha,BHADRAK,Autumn,1999,1.0
RICE_001864,Rice,Odisha,BHADRAK,Summer,1999,2.3711194731890877
RICE_001865,Rice,Odisha,BHADRAK,Winter,1999,0.5176470588235295
RICE_001866,Rice,Odisha,BOUDH,Autumn,1999,1.0
RICE_001867,Rice,Odisha,BOUDH,Summer,1999,1.5930232558139534
RICE_001868,Rice,Odisha,BOUDH,Winter,1999,1.5636363636363637
RICE_001869,Rice,Odisha,CUTTACK,Autumn,1999,1.2222222222222223
RICE_001870,Rice,Odisha,CUTTACK,Summer,1999,2.3110552763819094
RICE_001871,Rice,Odisha,CUTTACK,Winter,1999,0.3684210526315789
RICE_001872,Rice,Odisha,DEOGARH,Autumn,1999,0.9
RICE_001873,Rice,Odisha,DEOGARH,Summer,1999,1.4088888888888889
RICE_001874,Rice,Odisha,DEOGARH,Winter,1999,1.3076923076923077
RICE_001875,Rice,Odisha,DHENKANAL,Autumn,1999,0.8333333333333334
RICE_001876,Rice,Odisha,DHENKANAL,Summer,1999,1.943859649122807
RICE_001877,Rice,Odisha,DHENKANAL,Winter,1999,0.8207547169811321
RICE_001878,Rice,Odisha,GAJAPATI,Autumn,1999,0.5
RICE_001879,Rice,Odisha,GAJAPATI,Summer,1999,1.152542372881356
RICE_001880,Rice,Odisha,GAJAPATI,Winter,1999,1.696969696969697
RICE_001881,Rice,Odisha,GANJAM,Autumn,1999,1.5
RICE_001882,Rice,Odisha,GANJAM,Summer,1999,1.6910112359550562
RICE_001883,Rice,Odisha,GANJAM,Winter,1999,0.7453183520599251
RICE_001884,Rice,Odisha,JAGATSINGHAPUR,Autumn,1999,1.0
RICE_001885,Rice,Odisha,JAGATSINGHAPUR,Summer,1999,2.738611713665944
RICE_001886,Rice,Odisha,JAGATSINGHAPUR,Winter,1999,0.1
RICE_001887,Rice,Odisha,JAJAPUR,Autumn,1999,0.8823529411764706
RICE_001888,Rice,Odisha,JAJAPUR,Summer,1999,2.4875717017208414
RICE_001889,Rice,Odisha,JAJAPUR,Winter,1999,0.4921875
RICE_001890,Rice,Odisha,JHARSUGUDA,Autumn,1999,1.36
RICE_001891,Rice,Odisha,JHARSUGUDA,Summer,1999,2.3540372670807455
RICE_001892,Rice,Odisha,JHARSUGUDA,Winter,1999,1.84375
RICE_001893,Rice,Odisha,KALAHANDI,Autumn,1999,0.8051948051948052
RICE_001894,Rice,Odisha,KALAHANDI,Summer,1999,1.9816971713810316
RICE_001895,Rice,Odisha,KALAHANDI,Winter,1999,1.3868613138686132
RICE_001896,Rice,Odisha,KANDHAMAL,Autumn,1999,1.0
RICE_001897,Rice,Odisha,KANDHAMAL,Summer,1999,1.6923076923076923
RICE_001898,Rice,Odisha,KANDHAMAL,Winter,1999,1.4871794871794872
RICE_001899,Rice,Odisha,KENDRAPARA,Autumn,1999,1.6
RICE_001900,Rice,Odisha,KENDRAPARA,Summer,1999,2.3838099073701167
RICE_001901,Rice,Odisha,KENDRAPARA,Winter,1999,0.15328467153284672
RICE_001902,Rice,Odisha,KENDUJHAR,Autumn,1999,0.7358490566037735
RICE_001903,Rice,Odisha,KENDUJHAR,Summer,1999,1.8986486486486487
RICE_001904,Rice,Odisha,KENDUJHAR,Winter,1999,0.8013245033112583
RICE_001905,Rice,Odisha,KHORDHA,Autumn,1999,1.0
RICE_001906,Rice,Odisha,KHORDHA,Summer,1999,2.3714670255720054
RICE_001907,Rice,Odisha,KHORDHA,Winter,1999,0.5950413223140496
RICE_001908,Rice,Odisha,KORAPUT,Autumn,1999,0.78125
RICE_001909,Rice,Odisha,KORAPUT,Summer,1999,1.9832466782206817
RICE_001910,Rice,Odisha,KORAPUT,Winter,1999,1.5180722891566265
RICE_001911,Rice,Odisha,MALKANGIRI,Autumn,1999,0.7857142857142857
RICE_001912,Rice,Odisha,MALKANGIRI,Summer,1999,2.032258064516129
RICE_001913,Rice,Odisha,MALKANGIRI,Winter,1999,1.308641975308642
RICE_001914,Rice,Odisha,MAYURBHANJ,Autumn,1999,0.8870967741935484
RICE_001915,Rice,Odisha,MAYURBHANJ,Summer,1999,1.8652214891611687
RICE_001916,Rice,Odisha,MAYURBHANJ,Winter,1999,1.1915708812260537
RICE_001917,Rice,Odisha,NABARANGPUR,Autumn,1999,1.0425531914893618
RICE_001918,Rice,Odisha,NABARANGPUR,Summer,1999,3.0689655172413794
RICE_001919,Rice,Odisha,NABARANGPUR,Winter,1999,1.7407407407407407
RICE_001920,Rice,Odisha,NAYAGARH,Autumn,1999,0.3333333333333333
RICE_001921,Rice,Odisha,NAYAGARH,Summer,1999,2.058252427184466
RICE_001922,Rice,Odisha,NAYAGARH,Winter,1999,0.7021276595744681
RICE_001923,Rice,Odisha,NUAPADA,Autumn,1999,0.7777777777777778
RICE_001924,Rice,Odisha,NUAPADA,Summer,1999,1.639686684073107
RICE_001925,Rice,Odisha,NUAPADA,Winter,1999,1.1666666666666667
RICE_001926,Rice,Odisha,PURI,Autumn,1999,0.5
RICE_001927,Rice,Odisha,PURI,Summer,1999,2.1288841267411605
RICE_001928,Rice,Odisha,PURI,Winter,1999,0.28169014084507044
RICE_001929,Rice,Odisha,RAYAGADA,Autumn,1999,0.8
RICE_001930,Rice,Odisha,RAYAGADA,Summer,1999,1.6790123456790123
RICE_001931,Rice,Odisha,RAYAGADA,Winter,1999,1.6481481481481481
RICE_001932,Rice,Odisha,SAMBALPUR,Autumn,1999,1.2692307692307692
RICE_001933,Rice,Odisha,SAMBALPUR,Summer,1999,2.8777959629023457
RICE_001934,Rice,Odisha,SAMBALPUR,Winter,1999,1.9770114942528736
RICE_001935,Rice,Odisha,SONEPUR,Autumn,1999,1.1875
RICE_001936,Rice,Odisha,SONEPUR,Summer,1999,2.30804863925883
RICE_001937,Rice,Odisha,SONEPUR,Winter,1999,2.050632911392405
RICE_001938,Rice,Odisha,SUNDARGARH,Autumn,1999,0.8301886792452831
RICE_001939,Rice,Odisha,SUNDARGARH,Summer,1999,1.36468330134357
RICE_001940,Rice,Odisha,SUNDARGARH,Winter,1999,1.1640625
RICE_001941,Rice,Puducherry,KARAIKAL,Kharif,1999,1.950310559006211
RICE_001942,Rice,Puducherry,MAHE,Kharif,1999,2.0
RICE_001943,Rice,Puducherry,PONDICHERRY,Kharif,1999,2.4667571234735415
RICE_001944,Rice,Puducherry,YANAM,Kharif,1999,4.015827338129497
RICE_001945,Rice,Punjab,AMRITSAR,Kharif,1999,3.1065830721003134
RICE_001946,Rice,Punjab,BATHINDA,Kharif,1999,3.95959595959596
RICE_001947,Rice,Punjab,FARIDKOT,Kharif,1999,3.388888888888889
RICE_001948,Rice,Punjab,FATEHGARH SAHIB,Kharif,1999,3.682926829268293
RICE_001949,Rice,Punjab,FIROZEPUR,Kharif,1999,3.507142857142857
RICE_001950,Rice,Punjab,GURDASPUR,Kharif,1999,2.8333333333333335
RICE_001951,Rice,Punjab,HOSHIARPUR,Kharif,1999,2.918032786885246
RICE_001952,Rice,Punjab,JALANDHAR,Kharif,1999,3.488721804511278
RICE_001953,Rice,Punjab,KAPURTHALA,Kharif,1999,3.19
RICE_001954,Rice,Punjab,LUDHIANA,Kharif,1999,3.611814345991561
RICE_001955,Rice,Punjab,MANSA,Kharif,1999,3.197802197802198
RICE_001956,Rice,Punjab,MOGA,Kharif,1999,3.358974358974359
RICE_001957,Rice,Punjab,MUKTSAR,Kharif,1999,2.989010989010989
RICE_001958,Rice,Punjab,NAWANSHAHR,Kharif,1999,3.4782608695652173
RICE_001959,Rice,Punjab,PATIALA,Kharif,1999,3.248
RICE_001960,Rice,Punjab,RUPNAGAR,Kharif,1999,3.12
RICE_001961,Rice,Punjab,SANGRUR,Kharif,1999,3.561111111111111
RICE_001962,Rice,Rajasthan,AJMER,Kharif,1999,1.2608695652173914
RICE_001963,Rice,Rajasthan,ALWAR,Kharif,1999,1.2611570247933885
RICE_001964,Rice,Rajasthan,BANSWARA,Kharif,1999,0.6612055641421948
RICE_001965,Rice,Rajasthan,BARAN,Kharif,1999,0.5920602327173169
RICE_001966,Rice,Rajasthan,BHARATPUR,Kharif,1999,1.61141544442481
RICE_001967,Rice,Rajasthan,BHILWARA,Kharif,1999,1.2612942612942613
RICE_001968,Rice,Rajasthan,BIKANER,Kharif,1999,1.25
RICE_001969,Rice,Rajasthan,BUNDI,Kharif,1999,1.3185793294158312
RICE_001970,Rice,Rajasthan,CHITTORGARH,Kharif,1999,1.2619270346117868
RICE_001971,Rice,Rajasthan,DAUSA,Kharif,1999,1.2567567567567568
RICE_001972,Rice,Rajasthan,DHOLPUR,Kharif,1999,1.2614754098360657
RICE_001973,Rice,Rajasthan,DUNGARPUR,Kharif,1999,0.2723017878872976
RICE_001974,Rice,Rajasthan,GANGANAGAR,Kharif,1999,1.8057116816041319
RICE_001975,Rice,Rajasthan,HANUMANGARH,Kharif,1999,2.464059882181268
RICE_001976,Rice,Rajasthan,JAIPUR,Kharif,1999,1.5
RICE_001977,Rice,Rajasthan,JHALAWAR,Kharif,1999,1.2614107883817427
RICE_001978,Rice,Rajasthan,JODHPUR,Kharif,1999,1.2
RICE_001979,Rice,Rajasthan,KARAULI,Kharif,1999,1.1351039260969977
RICE_001980,Rice,Rajasthan,KOTA,Kharif,1999,1.5494942607114446
RICE_001981,Rice,Rajasthan,PALI,Kharif,1999,1.2941176470588236
RICE_001982,Rice,Rajasthan,RAJSAMAND,Kharif,1999,1.262672811059908
RICE_001983,Rice,Rajasthan,SAWAI MADHOPUR,Kharif,1999,1.2618213660245183
RICE_001984,Rice,Rajasthan,SIROHI,Kharif,1999,1.25
RICE_001985,Rice,Rajasthan,TONK,Kharif,1999,1.264516129032258
RICE_001986,Rice,Rajasthan,UDAIPUR,Kharif,1999,0.4459082455052697
RICE_001987,Rice,Sikkim,EAST DISTRICT,Kharif,1999,1.4806547619047619
RICE_001988,Rice,Sikkim,NORTH DISTRICT,Kharif,1999,1.4623579545454546
RICE_001989,Rice,Sikkim,SOUTH DISTRICT,Kharif,1999,1.4291666666666667
RICE_001990,Rice,Sikkim,WEST DISTRICT,Kharif,1999,1.486988847583643
RICE_001991,Rice,Tamil Nadu,COIMBATORE,Kharif,1999,3.58482962962963
RICE_001992,Rice,Tamil Nadu,CUDDALORE,Kharif,1999,3.5005671018358457
RICE_001993,Rice,Tamil Nadu,DHARMAPURI,Kharif,1999,3.3278707500992195
RICE_001994,Rice,Tamil Nadu,DINDIGUL,Kharif,1999,4.184618630657242
RICE_001995,Rice,Tamil Nadu,ERODE,Kharif,1999,4.196755633442409
RICE_001996,Rice,Tamil Nadu,KANCHIPURAM,Kharif,1999,3.1955950457171474
RICE_001997,Rice,Tamil Nadu,KANNIYAKUMARI,Kharif,1999,4.564120488052873
RICE_001998,Rice,Tamil Nadu,KARUR,Kharif,1999,3.2683025638057757
RICE_001999,Rice,Tamil Nadu,MADURAI,Kharif,1999,4.188741261393373
RICE_002000,Rice,Tamil Nadu,NAGAPATTINAM,Kharif,1999,3.194154488517745
RICE_002001,Rice,Tamil Nadu,NAMAKKAL,Kharif,1999,4.65077058564509
RICE_002002,Rice,Tamil Nadu,PERAMBALUR,Kharif,1999,3.226639633286319
RICE_002003,Rice,Tamil Nadu,PUDUKKOTTAI,Kharif,1999,3.402451811420228
RICE_002004,Rice,Tamil Nadu,RAMANATHAPURAM,Kharif,1999,0.7687029314744508
RICE_002005,Rice,Tamil Nadu,SALEM,Kharif,1999,4.064322002485664
RICE_002006,Rice,Tamil Nadu,SIVAGANGA,Kharif,1999,2.0353463609124876
RICE_002007,Rice,Tamil Nadu,THANJAVUR,Kharif,1999,3.22907433068534
RICE_002008,Rice,Tamil Nadu,THE NILGIRIS,Kharif,1999,3.4612021857923496
RICE_002009,Rice,Tamil Nadu,THENI,Kharif,1999,3.7815126050420167
RICE_002010,Rice,Tamil Nadu,THIRUVALLUR,Kharif,1999,3.731066620917484
RICE_002011,Rice,Tamil Nadu,THIRUVARUR,Kharif,1999,2.879330512159423
RICE_002012,Rice,Tamil Nadu,TIRUCHIRAPPALLI,Kharif,1999,4.097625469353218
RICE_002013,Rice,Tamil Nadu,TIRUNELVELI,Kharif,1999,3.875799955247259
RICE_002014,Rice,Tamil Nadu,TIRUVANNAMALAI,Kharif,1999,2.90285231450821
RICE_002015,Rice,Tamil Nadu,TUTICORIN,Kharif,1999,3.7093284464412393
RICE_002016,Rice,Tamil Nadu,VELLORE,Kharif,1999,3.828086147429213
RICE_002017,Rice,Tamil Nadu,VILLUPURAM,Kharif,1999,3.4223572024072246
RICE_002018,Rice,Tamil Nadu,VIRUDHUNAGAR,Kharif,1999,3.7240708867214893
RICE_002019,Rice,Telangana,ADILABAD,Kharif,1999,2.4469934325480507
RICE_002020,Rice,Telangana,ADILABAD,Rabi,1999,2.4240437158469947
RICE_002021,Rice,Telangana,HYDERABAD,Kharif,1999,2.4
RICE_002022,Rice,Telangana,HYDERABAD,Rabi,1999,2.4166666666666665
RICE_002023,Rice,Telangana,KARIMNAGAR,Kharif,1999,3.090002128716384
RICE_002024,Rice,Telangana,KARIMNAGAR,Rabi,1999,3.150996124665684
RICE_002025,Rice,Telangana,KHAMMAM,Kharif,1999,2.243000588539102
RICE_002026,Rice,Telangana,KHAMMAM,Rabi,1999,2.410962639760022
RICE_002027,Rice,Telangana,MAHBUBNAGAR,Kharif,1999,1.668000258810335
RICE_002028,Rice,Telangana,MAHBUBNAGAR,Rabi,1999,1.7620098160725794
RICE_002029,Rice,Telangana,MEDAK,Kharif,1999,2.0269974136503204
RICE_002030,Rice,Telangana,MEDAK,Rabi,1999,1.843001922068845
RICE_002031,Rice,Telangana,NALGONDA,Kharif,1999,2.391998952772308
RICE_002032,Rice,Telangana,NALGONDA,Rabi,1999,2.4610000789951814
RICE_002033,Rice,Telangana,NIZAMABAD,Kharif,1999,2.5529752764790117
RICE_002034,Rice,Telangana,NIZAMABAD,Rabi,1999,2.5090547703180213
RICE_002035,Rice,Telangana,RANGAREDDI,Kharif,1999,2.321000322495529
RICE_002036,Rice,Telangana,RANGAREDDI,Rabi,1999,1.935997910135841
RICE_002037,Rice,Telangana,WARANGAL,Kharif,1999,2.125000943773736
RICE_002038,Rice,Telangana,WARANGAL,Rabi,1999,2.0900087049037626
RICE_002039,Rice,Tripura,DHALAI,Kharif,1999,1.7477982385908728
RICE_002040,Rice,Tripura,NORTH TRIPURA,Kharif,1999,1.9874616171954964
RICE_002041,Rice,Tripura,SOUTH TRIPURA,Kharif,1999,2.2389791183294663
RICE_002042,Rice,Tripura,WEST TRIPURA,Kharif,1999,2.3194472463183375
RICE_002043,Rice,Uttar Pradesh,AGRA,Kharif,1999,1.765172735760971
RICE_002044,Rice,Uttar Pradesh,ALIGARH,Kharif,1999,1.765408489560474
RICE_002045,Rice,Uttar Pradesh,ALLAHABAD,Kharif,1999,2.1011060298350452
RICE_002046,Rice,Uttar Pradesh,AMBEDKAR NAGAR,Kharif,1999,2.8472372989315224
RICE_002047,Rice,Uttar Pradesh,AMROHA,Kharif,1999,2.0498254414805275
RICE_002048,Rice,Uttar Pradesh,AURAIYA,Kharif,1999,2.4437555537604005
RICE_002049,Rice,Uttar Pradesh,AZAMGARH,Kharif,1999,2.185853124862019
RICE_002050,Rice,Uttar Pradesh,AZAMGARH,Summer,1999,2.0
RICE_002051,Rice,Uttar Pradesh,BAGHPAT,Kharif,1999,2.5789966304754772
RICE_002052,Rice,Uttar Pradesh,BAHRAICH,Kharif,1999,1.783432994184851
RICE_002053,Rice,Uttar Pradesh,BAHRAICH,Summer,1999,1.75
RICE_002054,Rice,Uttar Pradesh,BALLIA,Kharif,1999,1.9419732013313988
RICE_002055,Rice,Uttar Pradesh,BALLIA,Summer,1999,2.0
RICE_002056,Rice,Uttar Pradesh,BALRAMPUR,Kharif,1999,1.8235805220807677
RICE_002057,Rice,Uttar Pradesh,BANDA,Kharif,1999,1.3318013571869216
RICE_002058,Rice,Uttar Pradesh,BARABANKI,Kharif,1999,2.1458690457638565
RICE_002059,Rice,Uttar Pradesh,BAREILLY,Kharif,1999,2.1234242657573423
RICE_002060,Rice,Uttar Pradesh,BAREILLY,Summer,1999,2.1262135922330097
RICE_002061,Rice,Uttar Pradesh,BASTI,Kharif,1999,2.2544138954975583
RICE_002062,Rice,Uttar Pradesh,BASTI,Summer,1999,2.253968253968254
RICE_002063,Rice,Uttar Pradesh,BIJNOR,Kharif,1999,2.782837929564792
RICE_002064,Rice,Uttar Pradesh,BIJNOR,Summer,1999,2.8
RICE_002065,Rice,Uttar Pradesh,BUDAUN,Kharif,1999,1.8541599178105013
RICE_002066,Rice,Uttar Pradesh,BUDAUN,Summer,1999,1.85
RICE_002067,Rice,Uttar Pradesh,BULANDSHAHR,Kharif,1999,2.274206462682299
RICE_002068,Rice,Uttar Pradesh,CHANDAULI,Kharif,1999,2.8760075888170884
RICE_002069,Rice,Uttar Pradesh,CHITRAKOOT,Kharif,1999,1.0870100915278105
RICE_002070,Rice,Uttar Pradesh,DEORIA,Kharif,1999,2.266164733253627
RICE_002071,Rice,Uttar Pradesh,ETAH,Kharif,1999,1.7207620674013395
RICE_002072,Rice,Uttar Pradesh,ETAWAH,Kharif,1999,2.5211448288065115
RICE_002073,Rice,Uttar Pradesh,FAIZABAD,Kharif,1999,2.066349961975684
RICE_002074,Rice,Uttar Pradesh,FARRUKHABAD,Kharif,1999,2.1368198626518753
RICE_002075,Rice,Uttar Pradesh,FARRUKHABAD,Summer,1999,2.111111111111111
RICE_002076,Rice,Uttar Pradesh,FATEHPUR,Kharif,1999,1.896945630895177
RICE_002077,Rice,Uttar Pradesh,FIROZABAD,Kharif,1999,1.65376762275158
RICE_002078,Rice,Uttar Pradesh,GAUTAM BUDDHA NAGAR,Kharif,1999,2.143730480430593
RICE_002079,Rice,Uttar Pradesh,GHAZIABAD,Kharif,1999,2.1473355736917905
RICE_002080,Rice,Uttar Pradesh,GHAZIPUR,Kharif,1999,2.304629649974731
RICE_002081,Rice,Uttar Pradesh,GONDA,Kharif,1999,2.0727536557208825
RICE_002082,Rice,Uttar Pradesh,GONDA,Summer,1999,2.066666666666667
RICE_002083,Rice,Uttar Pradesh,GORAKHPUR,Kharif,1999,1.8854245696906522
RICE_002084,Rice,Uttar Pradesh,GORAKHPUR,Summer,1999,1.8872549019607843
RICE_002085,Rice,Uttar Pradesh,HAMIRPUR,Kharif,1999,1.0867093105899075
RICE_002086,Rice,Uttar Pradesh,HARDOI,Kharif,1999,2.0081455092285934
RICE_002087,Rice,Uttar Pradesh,HARDOI,Summer,1999,2.0
RICE_002088,Rice,Uttar Pradesh,HATHRAS,Kharif,1999,1.764920424403183
RICE_002089,Rice,Uttar Pradesh,JALAUN,Kharif,1999,0.8193859121011439
RICE_002090,Rice,Uttar Pradesh,JAUNPUR,Kharif,1999,2.4071750372791016
RICE_002091,Rice,Uttar Pradesh,JAUNPUR,Summer,1999,2.4
RICE_002092,Rice,Uttar Pradesh,JHANSI,Kharif,1999,0.8196825396825397
RICE_002093,Rice,Uttar Pradesh,KANNAUJ,Kharif,1999,2.1149883400466396
RICE_002094,Rice,Uttar Pradesh,KANNAUJ,Summer,1999,2.0
RICE_002095,Rice,Uttar Pradesh,KANPUR NAGAR,Kharif,1999,2.2404996438134073
RICE_002096,Rice,Uttar Pradesh,KAUSHAMBI,Kharif,1999,2.0037237237237235
RICE_002097,Rice,Uttar Pradesh,KHERI,Kharif,1999,2.5523826672739407
RICE_002098,Rice,Uttar Pradesh,KHERI,Summer,1999,2.5511363636363638
RICE_002099,Rice,Uttar Pradesh,KUSHI NAGAR,Kharif,1999,2.5071470156321958
RICE_002100,Rice,Uttar Pradesh,LALITPUR,Kharif,1999,0.8188267394270122
RICE_002101,Rice,Uttar Pradesh,LALITPUR,Summer,1999,1.0
RICE_002102,Rice,Uttar Pradesh,LUCKNOW,Kharif,1999,1.704504082331525
RICE_002103,Rice,Uttar Pradesh,LUCKNOW,Summer,1999,1.7142857142857142
RICE_002104,Rice,Uttar Pradesh,MAHARAJGANJ,Kharif,1999,2.7484717285150246
RICE_002105,Rice,Uttar Pradesh,MAHARAJGANJ,Summer,1999,2.75
RICE_002106,Rice,Uttar Pradesh,MAHOBA,Kharif,1999,1.086918349429324
RICE_002107,Rice,Uttar Pradesh,MAINPURI,Kharif,1999,2.0283552330522325
RICE_002108,Rice,Uttar Pradesh,MATHURA,Kharif,1999,2.062520327237247
RICE_002109,Rice,Uttar Pradesh,MAU,Kharif,1999,2.087571096826305
RICE_002110,Rice,Uttar Pradesh,MEERUT,Kharif,1999,2.482932505818464
RICE_002111,Rice,Uttar Pradesh,MIRZAPUR,Kharif,1999,2.420154823158578
RICE_002112,Rice,Uttar Pradesh,MORADABAD,Kharif,1999,2.169479272738579
RICE_002113,Rice,Uttar Pradesh,MORADABAD,Summer,1999,2.2
RICE_002114,Rice,Uttar Pradesh,MUZAFFARNAGAR,Kharif,1999,2.508931123178051
RICE_002115,Rice,Uttar Pradesh,PILIBHIT,Kharif,1999,2.6541793678806354
RICE_002116,Rice,Uttar Pradesh,PILIBHIT,Summer,1999,2.6545768566493955
RICE_002117,Rice,Uttar Pradesh,PRATAPGARH,Kharif,1999,2.040300649981722
RICE_002118,Rice,Uttar Pradesh,RAE BARELI,Kharif,1999,1.8539882797009708
RICE_002119,Rice,Uttar Pradesh,RAMPUR,Kharif,1999,2.2972324128048736
RICE_002120,Rice,Uttar Pradesh,RAMPUR,Summer,1999,2.297872340425532
RICE_002121,Rice,Uttar Pradesh,SAHARANPUR,Kharif,1999,2.3773892932453573
RICE_002122,Rice,Uttar Pradesh,SANT KABEER NAGAR,Kharif,1999,2.2458389538578167
RICE_002123,Rice,Uttar Pradesh,SANT KABEER NAGAR,Summer,1999,2.25
RICE_002124,Rice,Uttar Pradesh,SANT RAVIDAS NAGAR,Kharif,1999,2.5305579216354346
RICE_002125,Rice,Uttar Pradesh,SHAHJAHANPUR,Kharif,1999,2.4601689388201633
RICE_002126,Rice,Uttar Pradesh,SHAHJAHANPUR,Summer,1999,2.4601924759405076
RICE_002127,Rice,Uttar Pradesh,SHRAVASTI,Kharif,1999,1.6989792441773308
RICE_002128,Rice,Uttar Pradesh,SIDDHARTH NAGAR,Kharif,1999,2.052371702942618
RICE_002129,Rice,Uttar Pradesh,SIDDHARTH NAGAR,Summer,1999,2.056603773584906
RICE_002130,Rice,Uttar Pradesh,SITAPUR,Kharif,1999,2.0510991895317723
RICE_002131,Rice,Uttar Pradesh,SONBHADRA,Kharif,1999,2.052692122592232
RICE_002132,Rice,Uttar Pradesh,SULTANPUR,Kharif,1999,2.1314281782814826
RICE_002133,Rice,Uttar Pradesh,SULTANPUR,Summer,1999,2.111111111111111
RICE_002134,Rice,Uttar Pradesh,UNNAO,Kharif,1999,1.5014181419780266
RICE_002135,Rice,Uttar Pradesh,VARANASI,Kharif,1999,2.719050186727378
RICE_002136,Rice,West Bengal,24 PARAGANAS NORTH,Autumn,1999,2.3676242236024843
RICE_002137,Rice,West Bengal,24 PARAGANAS NORTH,Summer,1999,3.071820453312704
RICE_002138,Rice,West Bengal,24 PARAGANAS NORTH,Winter,1999,2.1967513890040635
RICE_002139,Rice,West Bengal,24 PARAGANAS SOUTH,Autumn,1999,2.0549491908167106
RICE_002140,Rice,West Bengal,24 PARAGANAS SOUTH,Summer,1999,2.809070483265582
RICE_002141,Rice,West Bengal,24 PARAGANAS SOUTH,Winter,1999,1.8880677287638536
RICE_002142,Rice,West Bengal,BANKURA,Autumn,1999,2.2983798108775524
RICE_002143,Rice,West Bengal,BANKURA,Summer,1999,2.723615712257454
RICE_002144,Rice,West Bengal,BANKURA,Winter,1999,2.388906938127211
RICE_002145,Rice,West Bengal,BARDHAMAN,Autumn,1999,2.4127634160907774
RICE_002146,Rice,West Bengal,BARDHAMAN,Summer,1999,3.378414375859735
RICE_002147,Rice,West Bengal,BARDHAMAN,Winter,1999,2.415646245364648
RICE_002148,Rice,West Bengal,BIRBHUM,Autumn,1999,2.2279129321382842
RICE_002149,Rice,West Bengal,BIRBHUM,Summer,1999,3.071519713354041
RICE_002150,Rice,West Bengal,BIRBHUM,Winter,1999,2.550252319713495
RICE_002151,Rice,West Bengal,COOCHBEHAR,Autumn,1999,1.5770503427085796
RICE_002152,Rice,West Bengal,COOCHBEHAR,Summer,1999,2.7487186449882897
RICE_002153,Rice,West Bengal,COOCHBEHAR,Winter,1999,1.3340001659801786
RICE_002154,Rice,West Bengal,DARJEELING,Autumn,1999,1.4463840399002494
RICE_002155,Rice,West Bengal,DARJEELING,Summer,1999,2.704081632653061
RICE_002156,Rice,West Bengal,DARJEELING,Winter,1999,1.4256720787862656
RICE_002157,Rice,West Bengal,DINAJPUR DAKSHIN,Autumn,1999,1.7199474490913071
RICE_002158,Rice,West Bengal,DINAJPUR DAKSHIN,Summer,1999,2.7477129945993606
RICE_002159,Rice,West Bengal,DINAJPUR DAKSHIN,Winter,1999,1.7903843805780535
RICE_002160,Rice,West Bengal,DINAJPUR UTTAR,Autumn,1999,0.9063745019920318
RICE_002161,Rice,West Bengal,DINAJPUR UTTAR,Summer,1999,2.932792844963485
RICE_002162,Rice,West Bengal,DINAJPUR UTTAR,Winter,1999,1.5412444589343275
RICE_002163,Rice,West Bengal,HOOGHLY,Autumn,1999,2.0667671264634286
RICE_002164,Rice,West Bengal,HOOGHLY,Summer,1999,2.6481800569597085
RICE_002165,Rice,West Bengal,HOOGHLY,Winter,1999,2.3662533145747147
RICE_002166,Rice,West Bengal,HOWRAH,Autumn,1999,2.0157819225251075
RICE_002167,Rice,West Bengal,HOWRAH,Summer,1999,2.9192812810753352
RICE_002168,Rice,West Bengal,HOWRAH,Winter,1999,1.6495247314430148
RICE_002169,Rice,West Bengal,JALPAIGURI,Autumn,1999,1.6212979963279317
RICE_002170,Rice,West Bengal,JALPAIGURI,Summer,1999,2.419110976716057
RICE_002171,Rice,West Bengal,JALPAIGURI,Winter,1999,1.3875291035316706
RICE_002172,Rice,West Bengal,MALDAH,Autumn,1999,1.6869607289734698
RICE_002173,Rice,West Bengal,MALDAH,Summer,1999,3.1483630973191437
RICE_002174,Rice,West Bengal,MALDAH,Winter,1999,1.862282793867121
RICE_002175,Rice,West Bengal,MEDINIPUR EAST,Autumn,1999,2.0352716873212584
RICE_002176,Rice,West Bengal,MEDINIPUR EAST,Summer,1999,2.7254159239453357
RICE_002177,Rice,West Bengal,MEDINIPUR EAST,Winter,1999,1.825288236438609
RICE_002178,Rice,West Bengal,MEDINIPUR WEST,Autumn,1999,2.0140327305976973
RICE_002179,Rice,West Bengal,MEDINIPUR WEST,Summer,1999,2.911823759509163
RICE_002180,Rice,West Bengal,MEDINIPUR WEST,Winter,1999,2.0667223459539716
RICE_002181,Rice,West Bengal,MURSHIDABAD,Autumn,1999,1.6211017196152726
RICE_002182,Rice,West Bengal,MURSHIDABAD,Summer,1999,3.367979631571065
RICE_002183,Rice,West Bengal,MURSHIDABAD,Winter,1999,1.905563426444778
RICE_002184,Rice,West Bengal,NADIA,Autumn,1999,2.076242909576243
RICE_002185,Rice,West Bengal,NADIA,Summer,1999,3.400697333373238
RICE_002186,Rice,West Bengal,NADIA,Winter,1999,1.8848860430468823
RICE_002187,Rice,West Bengal,PURULIA,Autumn,1999,1.4744145706851692
RICE_002188,Rice,West Bengal,PURULIA,Summer,1999,2.418903803131991
RICE_002189,Rice,West Bengal,PURULIA,Winter,1999,1.821037921572761
RICE_002190,Rice,Andaman and Nicobar Islands,NICOBARS,Kharif,2000,3.1470588235294117
RICE_002191,Rice,Andaman and Nicobar Islands,NORTH AND MIDDLE ANDAMAN,Kharif,2000,2.956025605343724
RICE_002192,Rice,Andhra Pradesh,ANANTAPUR,Kharif,2000,2.9490038842250343
RICE_002193,Rice,Andhra Pradesh,ANANTAPUR,Rabi,2000,2.589981447124304
RICE_002194,Rice,Andhra Pradesh,CHITTOOR,Kharif,2000,2.641994315490289
RICE_002195,Rice,Andhra Pradesh,CHITTOOR,Rabi,2000,2.34498817624632
RICE_002196,Rice,Andhra Pradesh,EAST GODAVARI,Kharif,2000,2.691001945142263
RICE_002197,Rice,Andhra Pradesh,EAST GODAVARI,Rabi,2000,4.195000644721572
RICE_002198,Rice,Andhra Pradesh,GUNTUR,Kharif,2000,3.3710016080628478
RICE_002199,Rice,Andhra Pradesh,GUNTUR,Rabi,2000,3.9079735266309488
RICE_002200,Rice,Andhra Pradesh,KADAPA,Kharif,2000,2.8159968218234788
RICE_002201,Rice,Andhra Pradesh,KADAPA,Rabi,2000,0.8260166980877997
RICE_002202,Rice,Andhra Pradesh,KRISHNA,Kharif,2000,3.0879993459940356
RICE_002203,Rice,Andhra Pradesh,KRISHNA,Rabi,2000,3.6160011335759896
RICE_002204,Rice,Andhra Pradesh,KURNOOL,Kharif,2000,3.2989977250289737
RICE_002205,Rice,Andhra Pradesh,KURNOOL,Rabi,2000,2.7380113595513698
RICE_002206,Rice,Andhra Pradesh,PRAKASAM,Kharif,2000,3.093990237347088
RICE_002207,Rice,Andhra Pradesh,PRAKASAM,Rabi,2000,3.26999886472707
RICE_002208,Rice,Andhra Pradesh,SPSR NELLORE,Kharif,2000,3.1170036881597354
RICE_002209,Rice,Andhra Pradesh,SPSR NELLORE,Rabi,2000,2.7659990817885554
RICE_002210,Rice,Andhra Pradesh,SRIKAKULAM,Kharif,2000,1.9240001735265906
RICE_002211,Rice,Andhra Pradesh,SRIKAKULAM,Rabi,2000,1.829090909090909
RICE_002212,Rice,Andhra Pradesh,VISAKHAPATANAM,Kharif,2000,1.5909978392731627
RICE_002213,Rice,Andhra Pradesh,VISAKHAPATANAM,Rabi,2000,2.2509262377905017
RICE_002214,Rice,Andhra Pradesh,VIZIANAGARAM,Kharif,2000,1.6500034640165657
RICE_002215,Rice,Andhra Pradesh,VIZIANAGARAM,Rabi,2000,2.7720758206195097
RICE_002216,Rice,Andhra Pradesh,WEST GODAVARI,Kharif,2000,2.91100069255884
RICE_002217,Rice,Andhra Pradesh,WEST GODAVARI,Rabi,2000,4.319001428830171
RICE_002218,Rice,Arunachal Pradesh,CHANGLANG,Kharif,2000,1.3741719077568135
RICE_002219,Rice,Arunachal Pradesh,DIBANG VALLEY,Kharif,2000,1.2822966507177034
RICE_002220,Rice,Arunachal Pradesh,EAST KAMENG,Kharif,2000,1.2
RICE_002221,Rice,Arunachal Pradesh,EAST SIANG,Kharif,2000,1.5840779853777416
RICE_002222,Rice,Arunachal Pradesh,LOHIT,Kharif,2000,0.974964234620887
RICE_002223,Rice,Arunachal Pradesh,LOWER SUBANSIRI,Kharif,2000,1.0
RICE_002224,Rice,Arunachal Pradesh,PAPUM PARE,Kharif,2000,1.0336769759450173
RICE_002225,Rice,Arunachal Pradesh,TAWANG,Kharif,2000,1.335920177383592
RICE_002226,Rice,Arunachal Pradesh,TIRAP,Kharif,2000,0.5682201010668164
RICE_002227,Rice,Arunachal Pradesh,UPPER SIANG,Kharif,2000,0.7103321033210332
RICE_002228,Rice,Arunachal Pradesh,UPPER SUBANSIRI,Kharif,2000,0.8
RICE_002229,Rice,Arunachal Pradesh,WEST KAMENG,Kharif,2000,0.8842105263157894
RICE_002230,Rice,Arunachal Pradesh,WEST SIANG,Kharif,2000,1.130890052356021
RICE_002231,Rice,Assam,BARPETA,Autumn,2000,0.8239565659993213
RICE_002232,Rice,Assam,BARPETA,Summer,2000,2.3200959808038393
RICE_002233,Rice,Assam,BARPETA,Winter,2000,1.2411525598147672
RICE_002234,Rice,Assam,BONGAIGAON,Autumn,2000,0.9343426727387882
RICE_002235,Rice,Assam,BONGAIGAON,Summer,2000,1.416171583929111
RICE_002236,Rice,Assam,BONGAIGAON,Winter,2000,1.0222993492407808
RICE_002237,Rice,Assam,CACHAR,Autumn,2000,2.2228333333333334
RICE_002238,Rice,Assam,CACHAR,Summer,2000,2.202
RICE_002239,Rice,Assam,CACHAR,Winter,2000,2.111845238095238
RICE_002240,Rice,Assam,DARRANG,Autumn,2000,0.8854569014926861
RICE_002241,Rice,Assam,DARRANG,Summer,2000,1.471055900621118
RICE_002242,Rice,Assam,DARRANG,Winter,2000,1.467394113424264
RICE_002243,Rice,Assam,DHEMAJI,Autumn,2000,0.673845575096398
RICE_002244,Rice,Assam,DHEMAJI,Summer,2000,0.996728307254623
RICE_002245,Rice,Assam,DHEMAJI,Winter,2000,1.5880647942617085
RICE_002246,Rice,Assam,DHUBRI,Autumn,2000,0.5997505511080171
RICE_002247,Rice,Assam,DHUBRI,Summer,2000,2.2470302690844592
RICE_002248,Rice,Assam,DHUBRI,Winter,2000,1.4075153401994678
RICE_002249,Rice,Assam,DIBRUGARH,Autumn,2000,1.521245828698554
RICE_002250,Rice,Assam,DIBRUGARH,Summer,2000,2.0684931506849313
RICE_002251,Rice,Assam,DIBRUGARH,Winter,2000,1.7936912250910166
RICE_002252,Rice,Assam,DIMA HASAO,Autumn,2000,1.0992723492723493
RICE_002253,Rice,Assam,DIMA HASAO,Summer,2000,2.0588235294117645
RICE_002254,Rice,Assam,DIMA HASAO,Winter,2000,1.916820248187738
RICE_002255,Rice,Assam,GOALPARA,Autumn,2000,1.1788235294117646
RICE_002256,Rice,Assam,GOALPARA,Summer,2000,2.421031746031746
RICE_002257,Rice,Assam,GOALPARA,Winter,2000,1.5986654190879543
RICE_002258,Rice,Assam,GOLAGHAT,Autumn,2000,1.3960434953491418
RICE_002259,Rice,Assam,GOLAGHAT,Summer,2000,2.0679878048780487
RICE_002260,Rice,Assam,GOLAGHAT,Winter,2000,2.003174963147749
RICE_002261,Rice,Assam,HAILAKANDI,Autumn,2000,2.1864615384615385
RICE_002262,Rice,Assam,HAILAKANDI,Summer,2000,1.622
RICE_002263,Rice,Assam,HAILAKANDI,Winter,2000,1.7316285714285715
RICE_002264,Rice,Assam,JORHAT,Autumn,2000,1.0262996941896025
RICE_002265,Rice,Assam,JORHAT,Summer,2000,1.4945968412302577
RICE_002266,Rice,Assam,JORHAT,Winter,2000,1.8585119047619048
RICE_002267,Rice,Assam,KAMRUP,Autumn,2000,1.2459165154264973
RICE_002268,Rice,Assam,KAMRUP,Summer,2000,2.0004766985222346
RICE_002269,Rice,Assam,KAMRUP,Winter,2000,1.3737190082644628
RICE_002270,Rice,Assam,KARBI ANGLONG,Autumn,2000,1.1273264915637502
RICE_002271,Rice,Assam,KARBI ANGLONG,Summer,2000,1.0987812700449007
RICE_002272,Rice,Assam,KARBI ANGLONG,Winter,2000,1.4996139886947493
RICE_002273,Rice,Assam,KARIMGANJ,Autumn,2000,1.915857142857143
RICE_002274,Rice,Assam,KARIMGANJ,Summer,2000,1.7230769230769232
RICE_002275,Rice,Assam,KARIMGANJ,Winter,2000,2.210341726618705
RICE_002276,Rice,Assam,KOKRAJHAR,Autumn,2000,0.815072171869755
RICE_002277,Rice,Assam,KOKRAJHAR,Summer,2000,2.0693543839864676
RICE_002278,Rice,Assam,KOKRAJHAR,Winter,2000,1.1952457490906014
RICE_002279,Rice,Assam,LAKHIMPUR,Autumn,2000,0.7671536523929471
RICE_002280,Rice,Assam,LAKHIMPUR,Summer,2000,0.8903887688984882
RICE_002281,Rice,Assam,LAKHIMPUR,Winter,2000,1.103623929782995
RICE_002282,Rice,Assam,MARIGAON,Autumn,2000,0.7566666666666667
RICE_002283,Rice,Assam,MARIGAON,Summer,2000,2.743
RICE_002284,Rice,Assam,MARIGAON,Winter,2000,1.703063829787234
RICE_002285,Rice,Assam,NAGAON,Autumn,2000,1.3857001280092498
RICE_002286,Rice,Assam,NAGAON,Summer,2000,2.5102111218435215
RICE_002287,Rice,Assam,NAGAON,Winter,2000,1.6401025192046994
RICE_002288,Rice,Assam,NALBARI,Autumn,2000,0.9584242424242424
RICE_002289,Rice,Assam,NALBARI,Summer,2000,1.0439960304333444
RICE_002290,Rice,Assam,NALBARI,Winter,2000,1.172147851774296
RICE_002291,Rice,Assam,SIVASAGAR,Autumn,2000,1.5046770601336303
RICE_002292,Rice,Assam,SIVASAGAR,Summer,2000,2.0675675675675675
RICE_002293,Rice,Assam,SIVASAGAR,Winter,2000,1.8827898364365805
RICE_002294,Rice,Assam,SONITPUR,Autumn,2000,1.0365770476894218
RICE_002295,Rice,Assam,SONITPUR,Summer,2000,1.384971970677016
RICE_002296,Rice,Assam,SONITPUR,Winter,2000,1.4242885197347241
RICE_002297,Rice,Assam,TINSUKIA,Autumn,2000,1.456890848952591
RICE_002298,Rice,Assam,TINSUKIA,Summer,2000,2.0675
RICE_002299,Rice,Assam,TINSUKIA,Winter,2000,1.4428098503530047
RICE_002300,Rice,Bihar,ARARIA,Autumn,2000,0.9529623586338829
RICE_002301,Rice,Bihar,ARARIA,Kharif,2000,1.3087019730010385
RICE_002302,Rice,Bihar,ARARIA,Summer,2000,1.5791716141649788
RICE_002303,Rice,Bihar,AURANGABAD,Autumn,2000,1.959615267454612
RICE_002304,Rice,Bihar,AURANGABAD,Kharif,2000,1.25
RICE_002305,Rice,Bihar,BANKA,Autumn,2000,1.1348042634545799
RICE_002306,Rice,Bihar,BANKA,Kharif,2000,2.0
RICE_002307,Rice,Bihar,BANKA,Summer,2000,1.8541666666666667
RICE_002308,Rice,Bihar,BEGUSARAI,Autumn,2000,0.9879548949256791
RICE_002309,Rice,Bihar,BEGUSARAI,Kharif,2000,1.0649642205696646
RICE_002310,Rice,Bihar,BEGUSARAI,Summer,2000,1.388586956521739
RICE_002311,Rice,Bihar,BHAGALPUR,Autumn,2000,1.1047304828570155
RICE_002312,Rice,Bihar,BHAGALPUR,Kharif,2000,1.2672566371681415
RICE_002313,Rice,Bihar,BHAGALPUR,Summer,2000,1.7130434782608697
RICE_002314,Rice,Bihar,BHOJPUR,Autumn,2000,2.330329052078321
RICE_002315,Rice,Bihar,BHOJPUR,Kharif,2000,1.2953795379537953
RICE_002316,Rice,Bihar,BHOJPUR,Summer,2000,1.3885714285714286
RICE_002317,Rice,Bihar,BUXAR,Autumn,2000,2.6745095243188004
RICE_002318,Rice,Bihar,DARBHANGA,Autumn,2000,0.9422219153490299
RICE_002319,Rice,Bihar,DARBHANGA,Kharif,2000,1.032767489711934
RICE_002320,Rice,Bihar,DARBHANGA,Summer,2000,1.157210401891253
RICE_002321,Rice,Bihar,GAYA,Autumn,2000,1.6004594820384295
RICE_002322,Rice,Bihar,GAYA,Kharif,2000,2.0
RICE_002323,Rice,Bihar,GAYA,Summer,2000,1.4285714285714286
RICE_002324,Rice,Bihar,GOPALGANJ,Autumn,2000,1.317779301708459
RICE_002325,Rice,Bihar,GOPALGANJ,Kharif,2000,1.1644318743291364
RICE_002326,Rice,Bihar,GOPALGANJ,Summer,2000,1.8484848484848484
RICE_002327,Rice,Bihar,JAMUI,Autumn,2000,1.0689713180250653
RICE_002328,Rice,Bihar,JAMUI,Summer,2000,1.3902439024390243
RICE_002329,Rice,Bihar,JEHANABAD,Autumn,2000,1.5544142368558345
RICE_002330,Rice,Bihar,JEHANABAD,Kharif,2000,1.3333333333333333
RICE_002331,Rice,Bihar,JEHANABAD,Summer,2000,1.4324324324324325
RICE_002332,Rice,Bihar,KAIMUR (BHABUA),Autumn,2000,1.9446764723685006
RICE_002333,Rice,Bihar,KAIMUR (BHABUA),Kharif,2000,1.232620320855615
RICE_002334,Rice,Bihar,KATIHAR,Autumn,2000,1.0061552443508077
RICE_002335,Rice,Bihar,KATIHAR,Kharif,2000,1.031999358408854
RICE_002336,Rice,Bihar,KATIHAR,Summer,2000,1.8544393746727503
RICE_002337,Rice,Bihar,KHAGARIA,Autumn,2000,0.48305960721258756
RICE_002338,Rice,Bihar,KHAGARIA,Kharif,2000,0.4153916419273807
RICE_002339,Rice,Bihar,KHAGARIA,Summer,2000,1.4501940491591203
RICE_002340,Rice,Bihar,KISHANGANJ,Autumn,2000,1.1487655674977455
RICE_002341,Rice,Bihar,KISHANGANJ,Kharif,2000,1.0497994478303903
RICE_002342,Rice,Bihar,KISHANGANJ,Summer,2000,1.3793956981905087
RICE_002343,Rice,Bihar,LAKHISARAI,Autumn,2000,1.5078447036267775
RICE_002344,Rice,Bihar,MADHEPURA,Autumn,2000,1.2862284966342559
RICE_002345,Rice,Bihar,MADHEPURA,Kharif,2000,1.3486211473234035
RICE_002346,Rice,Bihar,MADHEPURA,Summer,2000,1.4918330308529946
RICE_002347,Rice,Bihar,MADHUBANI,Autumn,2000,1.1661212217965091
RICE_002348,Rice,Bihar,MADHUBANI,Kharif,2000,0.9915612944706387
RICE_002349,Rice,Bihar,MADHUBANI,Summer,2000,1.342598010532475
RICE_002350,Rice,Bihar,MUNGER,Autumn,2000,1.5033277332644095
RICE_002351,Rice,Bihar,MUNGER,Summer,2000,1.3885714285714286
RICE_002352,Rice,Bihar,MUZAFFARPUR,Autumn,2000,1.2973609897811997
RICE_002353,Rice,Bihar,MUZAFFARPUR,Kharif,2000,1.154744996772111
RICE_002354,Rice,Bihar,MUZAFFARPUR,Summer,2000,1.8320895522388059
RICE_002355,Rice,Bihar,NALANDA,Autumn,2000,0.9394235269434985
RICE_002356,Rice,Bihar,NAWADA,Autumn,2000,1.1048498677088137
RICE_002357,Rice,Bihar,NAWADA,Kharif,2000,1.2391304347826086
RICE_002358,Rice,Bihar,NAWADA,Summer,2000,1.7674418604651163
RICE_002359,Rice,Bihar,PASHCHIM CHAMPARAN,Autumn,2000,1.9413551043947628
RICE_002360,Rice,Bihar,PASHCHIM CHAMPARAN,Kharif,2000,2.360284934548314
RICE_002361,Rice,Bihar,PASHCHIM CHAMPARAN,Summer,2000,1.9470205020118796
RICE_002362,Rice,Bihar,PATNA,Autumn,2000,2.035902819133366
RICE_002363,Rice,Bihar,PATNA,Kharif,2000,1.2371134020618557
RICE_002364,Rice,Bihar,PATNA,Summer,2000,1.4195402298850575
RICE_002365,Rice,Bihar,PURBI CHAMPARAN,Autumn,2000,1.3625138019874863
RICE_002366,Rice,Bihar,PURBI CHAMPARAN,Kharif,2000,1.0672668530148472
RICE_002367,Rice,Bihar,PURBI CHAMPARAN,Summer,2000,1.3982558139534884
RICE_002368,Rice,Bihar,PURNIA,Autumn,2000,1.2111269409546834
RICE_002369,Rice,Bihar,PURNIA,Kharif,2000,1.7911514912107447
RICE_002370,Rice,Bihar,PURNIA,Summer,2000,1.798126534088063
RICE_002371,Rice,Bihar,ROHTAS,Autumn,2000,2.5507238202669673
RICE_002372,Rice,Bihar,ROHTAS,Kharif,2000,1.4452554744525548
RICE_002373,Rice,Bihar,ROHTAS,Summer,2000,1.7117647058823529
RICE_002374,Rice,Bihar,SAHARSA,Autumn,2000,1.3696647886182156
RICE_002375,Rice,Bihar,SAHARSA,Kharif,2000,1.7946618558608567
RICE_002376,Rice,Bihar,SAHARSA,Summer,2000,1.9052192066805846
RICE_002377,Rice,Bihar,SAMASTIPUR,Autumn,2000,1.0724939945252416
RICE_002378,Rice,Bihar,SAMASTIPUR,Kharif,2000,1.0741723065666728
RICE_002379,Rice,Bihar,SAMASTIPUR,Summer,2000,1.1208302446256486
RICE_002380,Rice,Bihar,SARAN,Autumn,2000,1.4755841300324246
RICE_002381,Rice,Bihar,SARAN,Kharif,2000,1.2231108526004557
RICE_002382,Rice,Bihar,SARAN,Summer,2000,1.8484848484848484
RICE_002383,Rice,Bihar,SHEIKHPURA,Autumn,2000,1.3319714845541335
RICE_002384,Rice,Bihar,SHEOHAR,Autumn,2000,1.4055031307875474
RICE_002385,Rice,Bihar,SHEOHAR,Kharif,2000,1.175094816687737
RICE_002386,Rice,Bihar,SHEOHAR,Summer,2000,2.3214285714285716
RICE_002387,Rice,Bihar,SITAMARHI,Autumn,2000,1.0500587475884477
RICE_002388,Rice,Bihar,SITAMARHI,Kharif,2000,1.2808662541646836
RICE_002389,Rice,Bihar,SITAMARHI,Summer,2000,1.8756218905472637
RICE_002390,Rice,Bihar,SIWAN,Autumn,2000,1.2810286536019704
RICE_002391,Rice,Bihar,SIWAN,Kharif,2000,1.218183169788879
RICE_002392,Rice,Bihar,SIWAN,Summer,2000,1.8503937007874016
RICE_002393,Rice,Bihar,SUPAUL,Autumn,2000,1.1417258699488664
RICE_002394,Rice,Bihar,SUPAUL,Kharif,2000,1.1554034787567722
RICE_002395,Rice,Bihar,SUPAUL,Summer,2000,1.232782983787
RICE_002396,Rice,Bihar,VAISHALI,Autumn,2000,1.5432795485255544
RICE_002397,Rice,Bihar,VAISHALI,Kharif,2000,1.628
RICE_002398,Rice,Bihar,VAISHALI,Summer,2000,1.1933333333333334
RICE_002399,Rice,Chandigarh,CHANDIGARH,Kharif,2000,5.0
RICE_002400,Rice,Chhattisgarh,BASTAR,Kharif,2000,0.8257424439489657
RICE_002401,Rice,Chhattisgarh,BILASPUR,Kharif,2000,0.6226334592092108
RICE_002402,Rice,Chhattisgarh,DANTEWADA,Kharif,2000,0.8548457841894451
RICE_002403,Rice,Chhattisgarh,DHAMTARI,Kharif,2000,0.9702324932901112
RICE_002404,Rice,Chhattisgarh,DURG,Kharif,2000,0.5149769241195213
RICE_002405,Rice,Chhattisgarh,JANJGIR-CHAMPA,Kharif,2000,0.6589527743313492
RICE_002406,Rice,Chhattisgarh,JASHPUR,Kharif,2000,0.6749526687032621
RICE_002407,Rice,Chhattisgarh,KABIRDHAM,Kharif,2000,0.5163353768721661
RICE_002408,Rice,Chhattisgarh,KANKER,Kharif,2000,0.8212859080261373
RICE_002409,Rice,Chhattisgarh,KORBA,Kharif,2000,0.5549874228218614
RICE_002410,Rice,Chhattisgarh,KOREA,Kharif,2000,0.668930143094454
RICE_002411,Rice,Chhattisgarh,MAHASAMUND,Kharif,2000,0.48910457294984633
RICE_002412,Rice,Chhattisgarh,RAIGARH,Kharif,2000,0.4831137912648847
RICE_002413,Rice,Chhattisgarh,RAIPUR,Kharif,2000,0.4060998000257277
RICE_002414,Rice,Chhattisgarh,RAJNANDGAON,Kharif,2000,0.8445467265926012
RICE_002415,Rice,Chhattisgarh,SURGUJA,Kharif,2000,0.6293980531047838
RICE_002416,Rice,Dadra and Nagar Haveli,DADRA AND NAGAR HAVELI,Kharif,2000,1.8509657594381037
RICE_002417,Rice,Dadra and Nagar Haveli,DADRA AND NAGAR HAVELI,Rabi,2000,2.1703225806451614
RICE_002418,Rice,Gujarat,AHMADABAD,Kharif,2000,0.44589774078478
RICE_002419,Rice,Gujarat,BHARUCH,Kharif,2000,0.6308243727598566
RICE_002420,Rice,Gujarat,DANG,Kharif,2000,0.6693548387096774
RICE_002421,Rice,Gujarat,GANDHINAGAR,Kharif,2000,2.25
RICE_002422,Rice,Gujarat,KHEDA,Kharif,2000,0.6524444444444445
RICE_002423,Rice,Gujarat,KHEDA,Summer,2000,5.0
RICE_002424,Rice,Gujarat,MAHESANA,Kharif,2000,0.696078431372549
RICE_002425,Rice,Gujarat,PANCH MAHALS,Kharif,2000,0.1074561403508772
RICE_002426,Rice,Gujarat,SABAR KANTHA,Kharif,2000,1.0333333333333334
RICE_002427,Rice,Gujarat,SURAT,Kharif,2000,1.6572237960339944
RICE_002428,Rice,Gujarat,SURAT,Summer,2000,2.586206896551724
RICE_002429,Rice,Gujarat,SURENDRANAGAR,Kharif,2000,0.5714285714285714
RICE_002430,Rice,Gujarat,VADODARA,Kharif,2000,0.11844660194174757
RICE_002431,Rice,Gujarat,VALSAD,Kharif,2000,1.6312625250501003
RICE_002432,Rice,Gujarat,VALSAD,Summer,2000,3.0
RICE_002433,Rice,Haryana,AMBALA,Kharif,2000,3.0206013363028954
RICE_002434,Rice,Haryana,BHIWANI,Kharif,2000,2.4512807942149775
RICE_002435,Rice,Haryana,FARIDABAD,Kharif,2000,2.762526330329086
RICE_002436,Rice,Haryana,FATEHABAD,Kharif,2000,3.2459059176616427
RICE_002437,Rice,Haryana,GURGAON,Kharif,2000,2.5377490166222563
RICE_002438,Rice,Haryana,HISAR,Kharif,2000,1.8927444794952681
RICE_002439,Rice,Haryana,JHAJJAR,Kharif,2000,1.5153351921445024
RICE_002440,Rice,Haryana,JIND,Kharif,2000,1.989282962060252
RICE_002441,Rice,Haryana,KAITHAL,Kharif,2000,2.380894388152767
RICE_002442,Rice,Haryana,KARNAL,Kharif,2000,2.8110339413354946
RICE_002443,Rice,Haryana,KURUKSHETRA,Kharif,2000,3.1942021205207354
RICE_002444,Rice,Haryana,PANCHKULA,Kharif,2000,2.911208151382824
RICE_002445,Rice,Haryana,PANIPAT,Kharif,2000,2.4142115727232825
RICE_002446,Rice,Haryana,REWARI,Kharif,2000,4.25531914893617
RICE_002447,Rice,Haryana,ROHTAK,Kharif,2000,1.5086116582156477
RICE_002448,Rice,Haryana,SIRSA,Kharif,2000,2.785655130875599
RICE_002449,Rice,Haryana,SONIPAT,Kharif,2000,1.7864771447434853
RICE_002450,Rice,Haryana,YAMUNANAGAR,Kharif,2000,2.954316183888168
RICE_002451,Rice,Himachal Pradesh,BILASPUR,Kharif,2000,1.50080688542227
RICE_002452,Rice,Himachal Pradesh,CHAMBA,Kharif,2000,1.466461063993832
RICE_002453,Rice,Himachal Pradesh,HAMIRPUR,Kharif,2000,1.247191011235955
RICE_002454,Rice,Himachal Pradesh,KANGRA,Kharif,2000,1.4710700683466376
RICE_002455,Rice,Himachal Pradesh,KINNAUR,Kharif,2000,1.5217391304347827
RICE_002456,Rice,Himachal Pradesh,KULLU,Kharif,2000,1.5175846051758461
RICE_002457,Rice,Himachal Pradesh,MANDI,Kharif,2000,1.567196136035453
RICE_002458,Rice,Himachal Pradesh,SHIMLA,Kharif,2000,0.9189608375339279
RICE_002459,Rice,Himachal Pradesh,SIRMAUR,Kharif,2000,1.6452962838968865
RICE_002460,Rice,Himachal Pradesh,SOLAN,Kharif,2000,2.1143018018018016
RICE_002461,Rice,Himachal Pradesh,UNA,Kharif,2000,2.070088088854845
RICE_002462,Rice,Jammu and Kashmir,ANANTNAG,Kharif,2000,1.8509141230007717
RICE_002463,Rice,Jammu and Kashmir,BADGAM,Kharif,2000,1.6051069980326815
RICE_002464,Rice,Jammu and Kashmir,BARAMULLA,Kharif,2000,1.6896710332646452
RICE_002465,Rice,Jammu and Kashmir,DODA,Kharif,2000,0.9716814159292035
RICE_002466,Rice,Jammu and Kashmir,JAMMU,Kharif,2000,1.9386196447439248
RICE_002467,Rice,Jammu and Kashmir,KATHUA,Kharif,2000,1.6732676442293677
RICE_002468,Rice,Jammu and Kashmir,KUPWARA,Kharif,2000,1.1029764549089294
RICE_002469,Rice,Jammu and Kashmir,POONCH,Kharif,2000,1.743663146192329
RICE_002470,Rice,Jammu and Kashmir,PULWAMA,Kharif,2000,1.2558808401200172
RICE_002471,Rice,Jammu and Kashmir,RAJAURI,Kharif,2000,1.3206918043004052
RICE_002472,Rice,Jammu and Kashmir,SRINAGAR,Kharif,2000,2.5537597737481286
RICE_002473,Rice,Jammu and Kashmir,UDHAMPUR,Kharif,2000,1.498132843587389
RICE_002474,Rice,Karnataka,BAGALKOT,Kharif,2000,1.8187134502923976
RICE_002475,Rice,Karnataka,BANGALORE RURAL,Kharif,2000,2.501281359589965
RICE_002476,Rice,Karnataka,BANGALORE RURAL,Rabi,2000,2.1426573426573428
RICE_002477,Rice,Karnataka,BANGALORE RURAL,Summer,2000,2.6847684042398723
RICE_002478,Rice,Karnataka,BELGAUM,Kharif,2000,1.6492242595204514
RICE_002479,Rice,Karnataka,BELLARY,Kharif,2000,3.2804535267975843
RICE_002480,Rice,Karnataka,BELLARY,Summer,2000,3.213837479692925
RICE_002481,Rice,Karnataka,BENGALURU URBAN,Kharif,2000,2.693062681240241
RICE_002482,Rice,Karnataka,BENGALURU URBAN,Summer,2000,2.6848655158570853
RICE_002483,Rice,Karnataka,BIDAR,Kharif,2000,0.9081250544282853
RICE_002484,Rice,Karnataka,BIDAR,Rabi,2000,1.4411764705882353
RICE_002485,Rice,Karnataka,BIJAPUR,Kharif,2000,1.5513196480938416
RICE_002486,Rice,Karnataka,CHAMARAJANAGAR,Kharif,2000,2.6087090606303582
RICE_002487,Rice,Karnataka,CHAMARAJANAGAR,Rabi,2000,2.1411764705882352
RICE_002488,Rice,Karnataka,CHAMARAJANAGAR,Summer,2000,2.5336016096579477
RICE_002489,Rice,Karnataka,CHIKMAGALUR,Kharif,2000,2.4670834865759472
RICE_002490,Rice,Karnataka,CHIKMAGALUR,Summer,2000,2.3563370935633707
RICE_002491,Rice,Karnataka,CHITRADURGA,Kharif,2000,2.713567156063078
RICE_002492,Rice,Karnataka,CHITRADURGA,Rabi,2000,2.1419031719532553
RICE_002493,Rice,Karnataka,CHITRADURGA,Summer,2000,2.498946100572117
RICE_002494,Rice,Karnataka,DAKSHIN KANNAD,Kharif,2000,2.058704623936663
RICE_002495,Rice,Karnataka,DAKSHIN KANNAD,Rabi,2000,1.993186454508364
RICE_002496,Rice,Karnataka,DAKSHIN KANNAD,Summer,2000,2.109122807017544
RICE_002497,Rice,Karnataka,DAVANGERE,Kharif,2000,3.5240105540897098
RICE_002498,Rice,Karnataka,DAVANGERE,Summer,2000,3.648959897061977
RICE_002499,Rice,Karnataka,DHARWAD,Kharif,2000,1.3782076180118594
RICE_002500,Rice,Karnataka,DHARWAD,Summer,2000,3.0554298642533935
RICE_002501,Rice,Karnataka,GADAG,Kharif,2000,2.385135135135135
RICE_002502,Rice,Karnataka,GADAG,Summer,2000,2.5303030303030303
RICE_002503,Rice,Karnataka,GULBARGA,Kharif,2000,1.5172581134364573
RICE_002504,Rice,Karnataka,GULBARGA,Rabi,2000,2.1423541247484907
RICE_002505,Rice,Karnataka,GULBARGA,Summer,2000,2.3626691633330497
RICE_002506,Rice,Karnataka,HASSAN,Kharif,2000,2.4152349902926846
RICE_002507,Rice,Karnataka,HASSAN,Rabi,2000,2.2836490528414757
RICE_002508,Rice,Karnataka,HASSAN,Summer,2000,2.8889843615741535
RICE_002509,Rice,Karnataka,HAVERI,Kharif,2000,2.0527234700372827
RICE_002510,Rice,Karnataka,HAVERI,Summer,2000,2.5631399317406145
RICE_002511,Rice,Karnataka,KODAGU,Kharif,2000,2.294036936417771
RICE_002512,Rice,Karnataka,KODAGU,Rabi,2000,2.2
RICE_002513,Rice,Karnataka,KODAGU,Summer,2000,2.8467583497053046
RICE_002514,Rice,Karnataka,KOLAR,Kharif,2000,2.4203418090871196
RICE_002515,Rice,Karnataka,KOLAR,Summer,2000,2.8842007434944237
RICE_002516,Rice,Karnataka,KOPPAL,Kharif,2000,3.358377605781937
RICE_002517,Rice,Karnataka,KOPPAL,Summer,2000,3.5520411814903516
RICE_002518,Rice,Karnataka,MANDYA,Kharif,2000,2.891524476444094
RICE_002519,Rice,Karnataka,MANDYA,Rabi,2000,2.1333333333333333
RICE_002520,Rice,Karnataka,MANDYA,Summer,2000,3.2109933035714286
RICE_002521,Rice,Karnataka,MYSORE,Kharif,2000,3.009975743537073
RICE_002522,Rice,Karnataka,MYSORE,Rabi,2000,1.998303647158609
RICE_002523,Rice,Karnataka,MYSORE,Summer,2000,2.8462104488594555
RICE_002524,Rice,Karnataka,RAICHUR,Kharif,2000,3.2702174227021743
RICE_002525,Rice,Karnataka,RAICHUR,Summer,2000,2.930380115257
RICE_002526,Rice,Karnataka,SHIMOGA,Kharif,2000,2.289815589395835
RICE_002527,Rice,Karnataka,SHIMOGA,Summer,2000,2.89748649283533
RICE_002528,Rice,Karnataka,TUMKUR,Kharif,2000,2.8560792438171694
RICE_002529,Rice,Karnataka,TUMKUR,Rabi,2000,2.1421782178217823
RICE_002530,Rice,Karnataka,TUMKUR,Summer,2000,2.492807898544557
RICE_002531,Rice,Karnataka,UDUPI,Kharif,2000,2.0171567695058394
RICE_002532,Rice,Karnataka,UDUPI,Rabi,2000,2.0454716554995107
RICE_002533,Rice,Karnataka,UDUPI,Summer,2000,2.0093823299452698
RICE_002534,Rice,Karnataka,UTTAR KANNAD,Kharif,2000,1.7124139306283797
RICE_002535,Rice,Karnataka,UTTAR KANNAD,Rabi,2000,2.0512403416022775
RICE_002536,Rice,Karnataka,UTTAR KANNAD,Summer,2000,2.4938936781609193
RICE_002537,Rice,Kerala,ALAPPUZHA,Autumn,2000,1.67047308319739
RICE_002538,Rice,Kerala,ALAPPUZHA,Summer,2000,3.1907504562043796
RICE_002539,Rice,Kerala,ALAPPUZHA,Winter,2000,3.001827626010004
RICE_002540,Rice,Kerala,ERNAKULAM,Autumn,2000,1.8335616438356164
RICE_002541,Rice,Kerala,ERNAKULAM,Summer,2000,1.6178024657905432
RICE_002542,Rice,Kerala,ERNAKULAM,Winter,2000,1.7212011390111313
RICE_002543,Rice,Kerala,IDUKKI,Autumn,2000,2.325325325325325
RICE_002544,Rice,Kerala,IDUKKI,Summer,2000,2.6872852233676974
RICE_002545,Rice,Kerala,IDUKKI,Winter,2000,2.1928538708199725
RICE_002546,Rice,Kerala,KANNUR,Autumn,2000,1.739243430551545
RICE_002547,Rice,Kerala,KANNUR,Summer,2000,1.2654320987654322
RICE_002548,Rice,Kerala,KANNUR,Winter,2000,1.8119356969830434
RICE_002549,Rice,Kerala,KASARAGOD,Autumn,2000,1.9188461538461539
RICE_002550,Rice,Kerala,KASARAGOD,Summer,2000,1.8035087719298246
RICE_002551,Rice,Kerala,KASARAGOD,Winter,2000,1.9036210182412197
RICE_002552,Rice,Kerala,KOLLAM,Autumn,2000,2.184842607787558
RICE_002553,Rice,Kerala,KOLLAM,Summer,2000,1.0
RICE_002554,Rice,Kerala,KOLLAM,Winter,2000,1.96343537414966
RICE_002555,Rice,Kerala,KOTTAYAM,Autumn,2000,2.0206291903042803
RICE_002556,Rice,Kerala,KOTTAYAM,Summer,2000,3.1677975685609274
RICE_002557,Rice,Kerala,KOTTAYAM,Winter,2000,2.2375545851528384
RICE_002558,Rice,Kerala,KOZHIKODE,Autumn,2000,1.2727272727272727
RICE_002559,Rice,Kerala,KOZHIKODE,Summer,2000,1.4993678887484196
RICE_002560,Rice,Kerala,KOZHIKODE,Winter,2000,1.329018547140649
RICE_002561,Rice,Kerala,MALAPPURAM,Autumn,2000,1.9302359033371692
RICE_002562,Rice,Kerala,MALAPPURAM,Summer,2000,2.5319488817891376
RICE_002563,Rice,Kerala,MALAPPURAM,Winter,2000,1.7895655817851654
RICE_002564,Rice,Kerala,PALAKKAD,Autumn,2000,2.1351826561966543
RICE_002565,Rice,Kerala,PALAKKAD,Summer,2000,3.223157894736842
RICE_002566,Rice,Kerala,PALAKKAD,Winter,2000,2.143866263018602
RICE_002567,Rice,Kerala,PATHANAMTHITTA,Autumn,2000,2.069158878504673
RICE_002568,Rice,Kerala,PATHANAMTHITTA,Summer,2000,3.509972624168948
RICE_002569,Rice,Kerala,PATHANAMTHITTA,Winter,2000,2.251131221719457
RICE_002570,Rice,Kerala,THIRUVANANTHAPURAM,Autumn,2000,2.1298701298701297
RICE_002571,Rice,Kerala,THIRUVANANTHAPURAM,Summer,2000,0.8888888888888888
RICE_002572,Rice,Kerala,THIRUVANANTHAPURAM,Winter,2000,2.0136186770428015
RICE_002573,Rice,Kerala,THRISSUR,Autumn,2000,1.96874425445854
RICE_002574,Rice,Kerala,THRISSUR,Summer,2000,2.4759797724399495
RICE_002575,Rice,Kerala,THRISSUR,Winter,2000,2.02998466949229
RICE_002576,Rice,Kerala,WAYANAD,Summer,2000,2.3453125
RICE_002577,Rice,Kerala,WAYANAD,Winter,2000,2.2285593220338984
RICE_002578,Rice,Madhya Pradesh,BALAGHAT,Kharif,2000,0.8492287849966945
RICE_002579,Rice,Madhya Pradesh,BARWANI,Kharif,2000,0.31909456005841547
RICE_002580,Rice,Madhya Pradesh,BETUL,Kharif,2000,0.606631679389313
RICE_002581,Rice,Madhya Pradesh,BHIND,Kharif,2000,0.9433518597691322
RICE_002582,Rice,Madhya Pradesh,BHOPAL,Kharif,2000,0.5981873111782477
RICE_002583,Rice,Madhya Pradesh,CHHATARPUR,Kharif,2000,0.45821688859663545
RICE_002584,Rice,Madhya Pradesh,CHHINDWARA,Kharif,2000,0.44452525252525255
RICE_002585,Rice,Madhya Pradesh,DAMOH,Kharif,2000,0.4259838873969812
RICE_002586,Rice,Madhya Pradesh,DATIA,Kharif,2000,0.916501976284585
RICE_002587,Rice,Madhya Pradesh,DEWAS,Kharif,2000,0.4701397712833545
RICE_002588,Rice,Madhya Pradesh,DHAR,Kharif,2000,0.2827826086956522
RICE_002589,Rice,Madhya Pradesh,DINDORI,Kharif,2000,0.3814699368386515
RICE_002590,Rice,Madhya Pradesh,GUNA,Kharif,2000,0.7757117954677513
RICE_002591,Rice,Madhya Pradesh,GWALIOR,Kharif,2000,2.098908156711625
RICE_002592,Rice,Madhya Pradesh,HARDA,Kharif,2000,0.9227373068432672
RICE_002593,Rice,Madhya Pradesh,HOSHANGABAD,Kharif,2000,1.1546327858692285
RICE_002594,Rice,Madhya Pradesh,INDORE,Kharif,2000,0.5161290322580645
RICE_002595,Rice,Madhya Pradesh,JABALPUR,Kharif,2000,0.5513498122541953
RICE_002596,Rice,Madhya Pradesh,JHABUA,Kharif,2000,0.13684966823042136
RICE_002597,Rice,Madhya Pradesh,KATNI,Kharif,2000,0.3795282146160962
RICE_002598,Rice,Madhya Pradesh,KHANDWA,Kharif,2000,0.5912826470461684
RICE_002599,Rice,Madhya Pradesh,KHARGONE,Kharif,2000,0.22955616972849943
RICE_002600,Rice,Madhya Pradesh,MANDLA,Kharif,2000,0.3459856876776787
RICE_002601,Rice,Madhya Pradesh,MANDSAUR,Kharif,2000,0.3333333333333333
RICE_002602,Rice,Madhya Pradesh,MORENA,Kharif,2000,2.048481880509305
RICE_002603,Rice,Madhya Pradesh,NARSINGHPUR,Kharif,2000,0.8393170281495155
RICE_002604,Rice,Madhya Pradesh,NEEMUCH,Kharif,2000,0.5
RICE_002605,Rice,Madhya Pradesh,PANNA,Kharif,2000,0.36988470087793646
RICE_002606,Rice,Madhya Pradesh,RAISEN,Kharif,2000,0.5513241832592306
RICE_002607,Rice,Madhya Pradesh,RAJGARH,Kharif,2000,0.21366849960722703
RICE_002608,Rice,Madhya Pradesh,RATLAM,Kharif,2000,0.3863393810032017
RICE_002609,Rice,Madhya Pradesh,REWA,Kharif,2000,0.5488726824889272
RICE_002610,Rice,Madhya Pradesh,SAGAR,Kharif,2000,0.5439828955406231
RICE_002611,Rice,Madhya Pradesh,SATNA,Kharif,2000,0.28799818079352996
RICE_002612,Rice,Madhya Pradesh,SEHORE,Kharif,2000,0.5177095631641087
RICE_002613,Rice,Madhya Pradesh,SEONI,Kharif,2000,0.3952152937788018
RICE_002614,Rice,Madhya Pradesh,SHAHDOL,Kharif,2000,0.6972881687796759
RICE_002615,Rice,Madhya Pradesh,SHAJAPUR,Kharif,2000,0.5581395348837209
RICE_002616,Rice,Madhya Pradesh,SHEOPUR,Kharif,2000,1.1072021241287753
RICE_002617,Rice,Madhya Pradesh,SHIVPURI,Kharif,2000,0.8580827067669173
RICE_002618,Rice,Madhya Pradesh,SIDHI,Kharif,2000,0.4380241144812049
RICE_002619,Rice,Madhya Pradesh,TIKAMGARH,Kharif,2000,0.673718935561909
RICE_002620,Rice,Madhya Pradesh,UJJAIN,Kharif,2000,0.4
RICE_002621,Rice,Madhya Pradesh,UMARIA,Kharif,2000,0.34869500372856077
RICE_002622,Rice,Madhya Pradesh,VIDISHA,Kharif,2000,0.5659025787965616
RICE_002623,Rice,Maharashtra,AHMEDNAGAR,Kharif,2000,0.6909090909090909
RICE_002624,Rice,Maharashtra,AMRAVATI,Kharif,2000,0.4943820224719101
RICE_002625,Rice,Maharashtra,AURANGABAD,Kharif,2000,0.6666666666666666
RICE_002626,Rice,Maharashtra,BEED,Kharif,2000,0.5882352941176471
RICE_002627,Rice,Maharashtra,BHANDARA,Kharif,2000,1.0064841498559078
RICE_002628,Rice,Maharashtra,BHANDARA,Summer,2000,2.057142857142857
RICE_002629,Rice,Maharashtra,BULDHANA,Kharif,2000,1.0
RICE_002630,Rice,Maharashtra,CHANDRAPUR,Kharif,2000,0.8232044198895028
RICE_002631,Rice,Maharashtra,CHANDRAPUR,Summer,2000,1.0666666666666667
RICE_002632,Rice,Maharashtra,DHULE,Kharif,2000,0.3673469387755102
RICE_002633,Rice,Maharashtra,GADCHIROLI,Kharif,2000,0.7752890173410405
RICE_002634,Rice,Maharashtra,GADCHIROLI,Summer,2000,1.1666666666666667
RICE_002635,Rice,Maharashtra,GONDIA,Kharif,2000,0.8586358635863587
RICE_002636,Rice,Maharashtra,GONDIA,Summer,2000,2.25
RICE_002637,Rice,Maharashtra,HINGOLI,Kharif,2000,0.6054421768707483
RICE_002638,Rice,Maharashtra,JALGAON,Kharif,2000,1.2352941176470589
RICE_002639,Rice,Maharashtra,JALNA,Kharif,2000,0.5833333333333334
RICE_002640,Rice,Maharashtra,KOLHAPUR,Kharif,2000,2.1900282220131704
RICE_002641,Rice,Maharashtra,KOLHAPUR,Summer,2000,2.25
RICE_002642,Rice,Maharashtra,LATUR,Kharif,2000,0.625
RICE_002643,Rice,Maharashtra,NAGPUR,Kharif,2000,0.9893333333333333
RICE_002644,Rice,Maharashtra,NAGPUR,Summer,2000,1.5
RICE_002645,Rice,Maharashtra,NANDED,Kharif,2000,0.7528089887640449
RICE_002646,Rice,Maharashtra,NANDURBAR,Kharif,2000,0.23333333333333334
RICE_002647,Rice,Maharashtra,NASHIK,Kharif,2000,0.8728070175438597
RICE_002648,Rice,Maharashtra,OSMANABAD,Kharif,2000,0.4883720930232558
RICE_002649,Rice,Maharashtra,PARBHANI,Kharif,2000,0.34375
RICE_002650,Rice,Maharashtra,PUNE,Kharif,2000,1.175
RICE_002651,Rice,Maharashtra,RAIGAD,Kharif,2000,2.168512658227848
RICE_002652,Rice,Maharashtra,RAIGAD,Summer,2000,2.1204819277108435
RICE_002653,Rice,Maharashtra,RATNAGIRI,Kharif,2000,2.1160714285714284
RICE_002654,Rice,Maharashtra,RATNAGIRI,Summer,2000,3.0
RICE_002655,Rice,Maharashtra,SANGLI,Kharif,2000,2.172043010752688
RICE_002656,Rice,Maharashtra,SATARA,Kharif,2000,1.1685649202733486
RICE_002657,Rice,Maharashtra,SINDHUDURG,Kharif,2000,2.4840848806366047
RICE_002658,Rice,Maharashtra,SINDHUDURG,Summer,2000,2.3181818181818183
RICE_002659,Rice,Maharashtra,SOLAPUR,Kharif,2000,1.1333333333333333
RICE_002660,Rice,Maharashtra,THANE,Kharif,2000,1.2218234027279253
RICE_002661,Rice,Maharashtra,THANE,Summer,2000,2.125
RICE_002662,Rice,Maharashtra,WARDHA,Kharif,2000,0.5
RICE_002663,Rice,Maharashtra,WASHIM,Kharif,2000,0.4
RICE_002664,Rice,Maharashtra,YAVATMAL,Kharif,2000,0.8269230769230769
RICE_002665,Rice,Manipur,BISHNUPUR,Kharif,2000,2.6966773847802785
RICE_002666,Rice,Manipur,CHANDEL,Kharif,2000,1.241232731137088
RICE_002667,Rice,Manipur,CHURACHANDPUR,Kharif,2000,1.8642857142857143
RICE_002668,Rice,Manipur,IMPHAL EAST,Kharif,2000,2.8116778954122554
RICE_002669,Rice,Manipur,IMPHAL WEST,Kharif,2000,3.2356647763074986
RICE_002670,Rice,Manipur,SENAPATI,Kharif,2000,2.2914334911752046
RICE_002671,Rice,Manipur,TAMENGLONG,Kharif,2000,1.192600652883569
RICE_002672,Rice,Manipur,THOUBAL,Kharif,2000,2.603529918209212
RICE_002673,Rice,Manipur,UKHRUL,Kharif,2000,2.4094604582409462
RICE_002674,Rice,Meghalaya,EAST GARO HILLS,Kharif,2000,1.7671652337769403
RICE_002675,Rice,Meghalaya,EAST GARO HILLS,Rabi,2000,2.0
RICE_002676,Rice,Meghalaya,EAST JAINTIA HILLS,Kharif,2000,1.5113281939622198
RICE_002677,Rice,Meghalaya,EAST JAINTIA HILLS,Rabi,2000,1.1538461538461537
RICE_002678,Rice,Meghalaya,EAST KHASI HILLS,Kharif,2000,1.8905136172546153
RICE_002679,Rice,Meghalaya,EAST KHASI HILLS,Rabi,2000,1.0769230769230769
RICE_002680,Rice,Meghalaya,RI BHOI,Kharif,2000,2.5630449947680503
RICE_002681,Rice,Meghalaya,RI BHOI,Rabi,2000,1.9845360824742269
RICE_002682,Rice,Meghalaya,SOUTH GARO HILLS,Kharif,2000,1.155593607305936
RICE_002683,Rice,Meghalaya,SOUTH GARO HILLS,Rabi,2000,1.768939393939394
RICE_002684,Rice,Meghalaya,WEST GARO HILLS,Kharif,2000,1.3780989307954412
RICE_002685,Rice,Meghalaya,WEST GARO HILLS,Rabi,2000,3.555522653242523
RICE_002686,Rice,Meghalaya,WEST KHASI HILLS,Kharif,2000,1.5035238841033673
RICE_002687,Rice,Meghalaya,WEST KHASI HILLS,Rabi,2000,0.6666666666666666
RICE_002688,Rice,Mizoram,AIZAWL,Kharif,2000,2.18912673315495
RICE_002689,Rice,Mizoram,CHAMPHAI,Kharif,2000,1.1757503949447077
RICE_002690,Rice,Mizoram,KOLASIB,Kharif,2000,2.054973821989529
RICE_002691,Rice,Mizoram,LUNGLEI,Kharif,2000,2.128819394634916
RICE_002692,Rice,Nagaland,DIMAPUR,Kharif,2000,1.7738927738927739
RICE_002693,Rice,Nagaland,DIMAPUR,Rabi,2000,1.9821428571428572
RICE_002694,Rice,Nagaland,KOHIMA,Kharif,2000,1.5842193620593172
RICE_002695,Rice,Nagaland,MOKOKCHUNG,Kharif,2000,1.4653739612188366
RICE_002696,Rice,Nagaland,MON,Kharif,2000,1.4033783783783784
RICE_002697,Rice,Nagaland,PHEK,Kharif,2000,1.7646507266760432
RICE_002698,Rice,Nagaland,TUENSANG,Kharif,2000,1.3130434782608695
RICE_002699,Rice,Nagaland,WOKHA,Kharif,2000,1.592901878914405
RICE_002700,Rice,Nagaland,ZUNHEBOTO,Kharif,2000,1.139240506329114
RICE_002701,Rice,Odisha,ANUGUL,Autumn,2000,0.3266199649737303
RICE_002702,Rice,Odisha,ANUGUL,Summer,2000,1.4947368421052631
RICE_002703,Rice,Odisha,ANUGUL,Winter,2000,0.42016618010330115
RICE_002704,Rice,Odisha,BALANGIR,Autumn,2000,0.26070741097208855
RICE_002705,Rice,Odisha,BALANGIR,Summer,2000,1.7079646017699115
RICE_002706,Rice,Odisha,BALANGIR,Winter,2000,0.40897946674839103
RICE_002707,Rice,Odisha,BALESHWAR,Autumn,2000,1.452873563218391
RICE_002708,Rice,Odisha,BALESHWAR,Summer,2000,1.6483679525222552
RICE_002709,Rice,Odisha,BALESHWAR,Winter,2000,1.5535916610015863
RICE_002710,Rice,Odisha,BARGARH,Autumn,2000,0.19423894223201638
RICE_002711,Rice,Odisha,BARGARH,Summer,2000,2.866343102482733
RICE_002712,Rice,Odisha,BARGARH,Winter,2000,1.0753734721593482
RICE_002713,Rice,Odisha,BHADRAK,Autumn,2000,1.1551724137931034
RICE_002714,Rice,Odisha,BHADRAK,Summer,2000,1.7773109243697478
RICE_002715,Rice,Odisha,BHADRAK,Winter,2000,1.4617042936702798
RICE_002716,Rice,Odisha,BOUDH,Autumn,2000,0.5111876075731497
RICE_002717,Rice,Odisha,BOUDH,Summer,2000,1.7377049180327868
RICE_002718,Rice,Odisha,BOUDH,Winter,2000,0.5181851579720793
RICE_002719,Rice,Odisha,CUTTACK,Autumn,2000,1.2690582959641257
RICE_002720,Rice,Odisha,CUTTACK,Summer,2000,1.9630769230769232
RICE_002721,Rice,Odisha,CUTTACK,Winter,2000,1.1886576557248087
RICE_002722,Rice,Odisha,DEOGARH,Autumn,2000,0.40577651515151514
RICE_002723,Rice,Odisha,DEOGARH,Summer,2000,0.8333333333333334
RICE_002724,Rice,Odisha,DEOGARH,Winter,2000,0.4403292181069959
RICE_002725,Rice,Odisha,DHENKANAL,Autumn,2000,0.40025575447570333
RICE_002726,Rice,Odisha,DHENKANAL,Summer,2000,1.683168316831683
RICE_002727,Rice,Odisha,DHENKANAL,Winter,2000,0.604526558891455
RICE_002728,Rice,Odisha,GAJAPATI,Autumn,2000,0.9714285714285714
RICE_002729,Rice,Odisha,GAJAPATI,Summer,2000,0.9565217391304348
RICE_002730,Rice,Odisha,GAJAPATI,Winter,2000,1.833676168086982
RICE_002731,Rice,Odisha,GANJAM,Autumn,2000,1.225
RICE_002732,Rice,Odisha,GANJAM,Summer,2000,1.2971014492753623
RICE_002733,Rice,Odisha,GANJAM,Winter,2000,1.2095994727978325
RICE_002734,Rice,Odisha,JAGATSINGHAPUR,Autumn,2000,1.2808398950131235
RICE_002735,Rice,Odisha,JAGATSINGHAPUR,Summer,2000,1.59765625
RICE_002736,Rice,Odisha,JAGATSINGHAPUR,Winter,2000,1.3327270660452426
RICE_002737,Rice,Odisha,JAJAPUR,Autumn,2000,0.62346588119784
RICE_002738,Rice,Odisha,JAJAPUR,Summer,2000,1.908141962421712
RICE_002739,Rice,Odisha,JAJAPUR,Winter,2000,0.7814985349518627
RICE_002740,Rice,Odisha,JHARSUGUDA,Autumn,2000,0.20903225806451614
RICE_002741,Rice,Odisha,JHARSUGUDA,Summer,2000,1.66
RICE_002742,Rice,Odisha,JHARSUGUDA,Winter,2000,0.5755813953488372
RICE_002743,Rice,Odisha,KALAHANDI,Autumn,2000,0.9258233302554633
RICE_002744,Rice,Odisha,KALAHANDI,Summer,2000,2.027036395147314
RICE_002745,Rice,Odisha,KALAHANDI,Winter,2000,1.3872380132070055
RICE_002746,Rice,Odisha,KANDHAMAL,Autumn,2000,0.713490959666203
RICE_002747,Rice,Odisha,KANDHAMAL,Summer,2000,1.3695652173913044
RICE_002748,Rice,Odisha,KANDHAMAL,Winter,2000,0.7959237691900476
RICE_002749,Rice,Odisha,KENDRAPARA,Autumn,2000,1.2749675745784694
RICE_002750,Rice,Odisha,KENDRAPARA,Summer,2000,2.0997854077253217
RICE_002751,Rice,Odisha,KENDRAPARA,Winter,2000,0.8958944281524927
RICE_002752,Rice,Odisha,KENDUJHAR,Autumn,2000,0.6401345291479821
RICE_002753,Rice,Odisha,KENDUJHAR,Summer,2000,2.099476439790576
RICE_002754,Rice,Odisha,KENDUJHAR,Winter,2000,1.178202231806668
RICE_002755,Rice,Odisha,KHORDHA,Autumn,2000,0.984375
RICE_002756,Rice,Odisha,KHORDHA,Summer,2000,2.036036036036036
RICE_002757,Rice,Odisha,KHORDHA,Winter,2000,1.5353632853632853
RICE_002758,Rice,Odisha,KORAPUT,Autumn,2000,0.8298436257619931
RICE_002759,Rice,Odisha,KORAPUT,Summer,2000,1.6922596754057428
RICE_002760,Rice,Odisha,KORAPUT,Winter,2000,1.7154726922687202
RICE_002761,Rice,Odisha,MALKANGIRI,Autumn,2000,0.6776669224865695
RICE_002762,Rice,Odisha,MALKANGIRI,Summer,2000,0.875
RICE_002763,Rice,Odisha,MALKANGIRI,Winter,2000,0.686389029964449
RICE_002764,Rice,Odisha,MAYURBHANJ,Autumn,2000,0.6685772083614295
RICE_002765,Rice,Odisha,MAYURBHANJ,Summer,2000,1.629277566539924
RICE_002766,Rice,Odisha,MAYURBHANJ,Winter,2000,1.255865264396558
RICE_002767,Rice,Odisha,NABARANGPUR,Autumn,2000,0.6566844919786097
RICE_002768,Rice,Odisha,NABARANGPUR,Summer,2000,1.7311827956989247
RICE_002769,Rice,Odisha,NABARANGPUR,Winter,2000,1.3349702521484559
RICE_002770,Rice,Odisha,NAYAGARH,Autumn,2000,1.014336917562724
RICE_002771,Rice,Odisha,NAYAGARH,Summer,2000,1.4230769230769231
RICE_002772,Rice,Odisha,NAYAGARH,Winter,2000,1.1556973945798892
RICE_002773,Rice,Odisha,NUAPADA,Autumn,2000,0.2665805340223945
RICE_002774,Rice,Odisha,NUAPADA,Summer,2000,1.1875
RICE_002775,Rice,Odisha,NUAPADA,Winter,2000,0.3234446516358705
RICE_002776,Rice,Odisha,PURI,Autumn,2000,0.9949494949494949
RICE_002777,Rice,Odisha,PURI,Summer,2000,1.7926910299003322
RICE_002778,Rice,Odisha,PURI,Winter,2000,1.1884481668773703
RICE_002779,Rice,Odisha,RAYAGADA,Autumn,2000,0.8137009189640768
RICE_002780,Rice,Odisha,RAYAGADA,Summer,2000,1.4921465968586387
RICE_002781,Rice,Odisha,RAYAGADA,Winter,2000,1.0883729301655867
RICE_002782,Rice,Odisha,SAMBALPUR,Autumn,2000,0.3008362676056338
RICE_002783,Rice,Odisha,SAMBALPUR,Summer,2000,2.3190621814475025
RICE_002784,Rice,Odisha,SAMBALPUR,Winter,2000,0.759139259078127
RICE_002785,Rice,Odisha,SONEPUR,Autumn,2000,0.5494809688581315
RICE_002786,Rice,Odisha,SONEPUR,Summer,2000,2.1435349940688018
RICE_002787,Rice,Odisha,SONEPUR,Winter,2000,1.254368932038835
RICE_002788,Rice,Odisha,SUNDARGARH,Autumn,2000,0.4176946800308404
RICE_002789,Rice,Odisha,SUNDARGARH,Summer,2000,1.5
RICE_002790,Rice,Odisha,SUNDARGARH,Winter,2000,0.6412108703130375
RICE_002791,Rice,Puducherry,KARAIKAL,Kharif,2000,2.4123866162071246
RICE_002792,Rice,Puducherry,MAHE,Kharif,2000,2.396930073905628
RICE_002793,Rice,Puducherry,PONDICHERRY,Kharif,2000,2.4123866162071246
RICE_002794,Rice,Puducherry,YANAM,Kharif,2000,3.198550724637681
RICE_002795,Rice,Punjab,AMRITSAR,Kharif,2000,3.0470219435736676
RICE_002796,Rice,Punjab,BATHINDA,Kharif,2000,3.5353535353535355
RICE_002797,Rice,Punjab,FARIDKOT,Kharif,2000,3.4444444444444446
RICE_002798,Rice,Punjab,FATEHGARH SAHIB,Kharif,2000,4.166666666666667
RICE_002799,Rice,Punjab,FIROZEPUR,Kharif,2000,3.620967741935484
RICE_002800,Rice,Punjab,GURDASPUR,Kharif,2000,2.979057591623037
RICE_002801,Rice,Punjab,HOSHIARPUR,Kharif,2000,3.0476190476190474
RICE_002802,Rice,Punjab,JALANDHAR,Kharif,2000,3.588235294117647
RICE_002803,Rice,Punjab,KAPURTHALA,Kharif,2000,3.4757281553398056
RICE_002804,Rice,Punjab,LUDHIANA,Kharif,2000,3.9453781512605044
RICE_002805,Rice,Punjab,MANSA,Kharif,2000,3.642857142857143
RICE_002806,Rice,Punjab,MOGA,Kharif,2000,3.748427672955975
RICE_002807,Rice,Punjab,MUKTSAR,Kharif,2000,3.4719101123595504
RICE_002808,Rice,Punjab,NAWANSHAHR,Kharif,2000,3.3617021276595747
RICE_002809,Rice,Punjab,PATIALA,Kharif,2000,3.3490196078431373
RICE_002810,Rice,Punjab,RUPNAGAR,Kharif,2000,3.326530612244898
RICE_002811,Rice,Punjab,SANGRUR,Kharif,2000,3.7591036414565826
RICE_002812,Rice,Rajasthan,AJMER,Kharif,2000,0.9354838709677419
RICE_002813,Rice,Rajasthan,ALWAR,Kharif,2000,0.9368686868686869
RICE_002814,Rice,Rajasthan,BANSWARA,Kharif,2000,0.058784399714208284
RICE_002815,Rice,Rajasthan,BARAN,Kharif,2000,0.8143079315707621
RICE_002816,Rice,Rajasthan,BHARATPUR,Kharif,2000,1.2529614061902943
RICE_002817,Rice,Rajasthan,BHILWARA,Kharif,2000,0.9363057324840764
RICE_002818,Rice,Rajasthan,BIKANER,Kharif,2000,0.9393939393939394
RICE_002819,Rice,Rajasthan,BUNDI,Kharif,2000,0.7859365536829355
RICE_002820,Rice,Rajasthan,CHITTORGARH,Kharif,2000,0.9369894982497082
RICE_002821,Rice,Rajasthan,DAUSA,Kharif,2000,1.0
RICE_002822,Rice,Rajasthan,DHOLPUR,Kharif,2000,0.9367311072056239
RICE_002823,Rice,Rajasthan,DUNGARPUR,Kharif,2000,0.0987189646064448
RICE_002824,Rice,Rajasthan,GANGANAGAR,Kharif,2000,1.9243679163034002
RICE_002825,Rice,Rajasthan,HANUMANGARH,Kharif,2000,2.564958105972508
RICE_002826,Rice,Rajasthan,JAIPUR,Kharif,2000,0.9166666666666666
RICE_002827,Rice,Rajasthan,JHALAWAR,Kharif,2000,0.9347826086956522
RICE_002828,Rice,Rajasthan,KARAULI,Kharif,2000,0.1052060737527115
RICE_002829,Rice,Rajasthan,KOTA,Kharif,2000,1.1117474693660097
RICE_002830,Rice,Rajasthan,RAJSAMAND,Kharif,2000,0.9390243902439024
RICE_002831,Rice,Rajasthan,SAWAI MADHOPUR,Kharif,2000,0.9351851851851852
RICE_002832,Rice,Rajasthan,SIROHI,Kharif,2000,0.8571428571428571
RICE_002833,Rice,Rajasthan,TONK,Kharif,2000,0.9428571428571428
RICE_002834,Rice,Rajasthan,UDAIPUR,Kharif,2000,0.2828712366048648
RICE_002835,Rice,Sikkim,EAST DISTRICT,Kharif,2000,1.3051409618573797
RICE_002836,Rice,Sikkim,NORTH DISTRICT,Kharif,2000,1.4623579545454546
RICE_002837,Rice,Sikkim,SOUTH DISTRICT,Kharif,2000,1.4291666666666667
RICE_002838,Rice,Sikkim,WEST DISTRICT,Kharif,2000,1.4868029739776951
RICE_002839,Rice,Tamil Nadu,COIMBATORE,Kharif,2000,3.867378800328677
RICE_002840,Rice,Tamil Nadu,CUDDALORE,Kharif,2000,3.8126716422732705
RICE_002841,Rice,Tamil Nadu,DHARMAPURI,Kharif,2000,3.691695883651474
RICE_002842,Rice,Tamil Nadu,DINDIGUL,Kharif,2000,4.414956824843539
RICE_002843,Rice,Tamil Nadu,ERODE,Kharif,2000,4.498326728313518
RICE_002844,Rice,Tamil Nadu,KANCHIPURAM,Kharif,2000,3.3289299025603274
RICE_002845,Rice,Tamil Nadu,KANNIYAKUMARI,Kharif,2000,4.525982654916771
RICE_002846,Rice,Tamil Nadu,KARUR,Kharif,2000,3.3905216992865093
RICE_002847,Rice,Tamil Nadu,MADURAI,Kharif,2000,4.578723344674535
RICE_002848,Rice,Tamil Nadu,NAGAPATTINAM,Kharif,2000,3.306717017037852
RICE_002849,Rice,Tamil Nadu,NAMAKKAL,Kharif,2000,4.695982475764355
RICE_002850,Rice,Tamil Nadu,PERAMBALUR,Kharif,2000,3.479144409337849
RICE_002851,Rice,Tamil Nadu,PUDUKKOTTAI,Kharif,2000,3.5941781701939584
RICE_002852,Rice,Tamil Nadu,RAMANATHAPURAM,Kharif,2000,0.6966218352506263
RICE_002853,Rice,Tamil Nadu,SALEM,Kharif,2000,4.236597040905135
RICE_002854,Rice,Tamil Nadu,SIVAGANGA,Kharif,2000,2.068679684789612
RICE_002855,Rice,Tamil Nadu,THANJAVUR,Kharif,2000,3.444913015202016
RICE_002856,Rice,Tamil Nadu,THE NILGIRIS,Kharif,2000,2.643809523809524
RICE_002857,Rice,Tamil Nadu,THENI,Kharif,2000,3.631074934163275
RICE_002858,Rice,Tamil Nadu,THIRUVALLUR,Kharif,2000,3.8598095688432275
RICE_002859,Rice,Tamil Nadu,THIRUVARUR,Kharif,2000,3.0579835592874587
RICE_002860,Rice,Tamil Nadu,TIRUCHIRAPPALLI,Kharif,2000,4.340545504110651
RICE_002861,Rice,Tamil Nadu,TIRUNELVELI,Kharif,2000,4.2430858615069145
RICE_002862,Rice,Tamil Nadu,TIRUVANNAMALAI,Kharif,2000,3.0904163556947624
RICE_002863,Rice,Tamil Nadu,TUTICORIN,Kharif,2000,3.9895186335403725
RICE_002864,Rice,Tamil Nadu,VELLORE,Kharif,2000,3.1174233738439194
RICE_002865,Rice,Tamil Nadu,VILLUPURAM,Kharif,2000,3.5157476704733823
RICE_002866,Rice,Tamil Nadu,VIRUDHUNAGAR,Kharif,2000,3.9977201609298167
RICE_002867,Rice,Telangana,ADILABAD,Kharif,2000,2.069997876707481
RICE_002868,Rice,Telangana,ADILABAD,Rabi,2000,3.0789396602226127
RICE_002869,Rice,Telangana,HYDERABAD,Kharif,2000,2.875
RICE_002870,Rice,Telangana,KARIMNAGAR,Kharif,2000,3.127002562542632
RICE_002871,Rice,Telangana,KARIMNAGAR,Rabi,2000,3.4670005892751914
RICE_002872,Rice,Telangana,KHAMMAM,Kharif,2000,2.728998829243413
RICE_002873,Rice,Telangana,KHAMMAM,Rabi,2000,3.1039636127355426
RICE_002874,Rice,Telangana,MAHBUBNAGAR,Kharif,2000,2.4919966085146834
RICE_002875,Rice,Telangana,MAHBUBNAGAR,Rabi,2000,2.8259994768716927
RICE_002876,Rice,Telangana,MEDAK,Kharif,2000,2.5080044065254077
RICE_002877,Rice,Telangana,MEDAK,Rabi,2000,3.229988636663936
RICE_002878,Rice,Telangana,NALGONDA,Kharif,2000,3.17400049861747
RICE_002879,Rice,Telangana,NALGONDA,Rabi,2000,2.7529977975365036
RICE_002880,Rice,Telangana,NIZAMABAD,Kharif,2000,2.557002957809076
RICE_002881,Rice,Telangana,NIZAMABAD,Rabi,2000,3.2730024695291964
RICE_002882,Rice,Telangana,RANGAREDDI,Kharif,2000,2.5720021481727744
RICE_002883,Rice,Telangana,RANGAREDDI,Rabi,2000,2.508001684565172
RICE_002884,Rice,Telangana,WARANGAL,Kharif,2000,2.8539976184922846
RICE_002885,Rice,Telangana,WARANGAL,Rabi,2000,2.9760047604496696
RICE_002886,Rice,Tripura,DHALAI,Kharif,2000,1.9925423728813558
RICE_002887,Rice,Tripura,NORTH TRIPURA,Kharif,2000,2.094536213468869
RICE_002888,Rice,Tripura,SOUTH TRIPURA,Kharif,2000,2.319364914107236
RICE_002889,Rice,Tripura,WEST TRIPURA,Kharif,2000,2.3423700965290615
RICE_002890,Rice,Uttar Pradesh,AGRA,Kharif,2000,1.892586989409985
RICE_002891,Rice,Uttar Pradesh,ALIGARH,Kharif,2000,1.9722639113368736
RICE_002892,Rice,Uttar Pradesh,ALLAHABAD,Kharif,2000,1.8299563028403154
RICE_002893,Rice,Uttar Pradesh,AMBEDKAR NAGAR,Kharif,2000,2.4736571045990625
RICE_002894,Rice,Uttar Pradesh,AMROHA,Kharif,2000,2.3298462402583726
RICE_002895,Rice,Uttar Pradesh,AURAIYA,Kharif,2000,1.8349512566328
RICE_002896,Rice,Uttar Pradesh,AZAMGARH,Kharif,2000,1.8525856390767232
RICE_002897,Rice,Uttar Pradesh,BAGHPAT,Kharif,2000,2.69171289292318
RICE_002898,Rice,Uttar Pradesh,BAHRAICH,Kharif,2000,1.8432315519543827
RICE_002899,Rice,Uttar Pradesh,BAHRAICH,Summer,2000,1.8888888888888888
RICE_002900,Rice,Uttar Pradesh,BALLIA,Kharif,2000,1.731929372815891
RICE_002901,Rice,Uttar Pradesh,BALRAMPUR,Kharif,2000,1.6196430552829013
RICE_002902,Rice,Uttar Pradesh,BANDA,Kharif,2000,1.0081532506324484
RICE_002903,Rice,Uttar Pradesh,BARABANKI,Kharif,2000,1.7777666065515052
RICE_002904,Rice,Uttar Pradesh,BARABANKI,Summer,2000,1.75
RICE_002905,Rice,Uttar Pradesh,BAREILLY,Kharif,2000,1.9365872384460034
RICE_002906,Rice,Uttar Pradesh,BAREILLY,Summer,2000,1.934782608695652
RICE_002907,Rice,Uttar Pradesh,BASTI,Kharif,2000,2.1544101828612408
RICE_002908,Rice,Uttar Pradesh,BASTI,Summer,2000,2.1538461538461537
RICE_002909,Rice,Uttar Pradesh,BIJNOR,Kharif,2000,2.785207576977412
RICE_002910,Rice,Uttar Pradesh,BIJNOR,Summer,2000,3.0
RICE_002911,Rice,Uttar Pradesh,BUDAUN,Kharif,2000,1.5358128221883396
RICE_002912,Rice,Uttar Pradesh,BUDAUN,Summer,2000,1.5476190476190477
RICE_002913,Rice,Uttar Pradesh,BULANDSHAHR,Kharif,2000,2.038854716196397
RICE_002914,Rice,Uttar Pradesh,BULANDSHAHR,Summer,2000,2.5
RICE_002915,Rice,Uttar Pradesh,CHANDAULI,Kharif,2000,2.1789076480199174
RICE_002916,Rice,Uttar Pradesh,CHITRAKOOT,Kharif,2000,0.8646418539325843
RICE_002917,Rice,Uttar Pradesh,DEORIA,Kharif,2000,2.4407302732027416
RICE_002918,Rice,Uttar Pradesh,DEORIA,Summer,2000,2.4545454545454546
RICE_002919,Rice,Uttar Pradesh,ETAH,Kharif,2000,1.8059901987611633
RICE_002920,Rice,Uttar Pradesh,ETAWAH,Kharif,2000,1.9922885151694414
RICE_002921,Rice,Uttar Pradesh,FAIZABAD,Kharif,2000,2.122528936796468
RICE_002922,Rice,Uttar Pradesh,FARRUKHABAD,Kharif,2000,2.0392199665284143
RICE_002923,Rice,Uttar Pradesh,FATEHPUR,Kharif,2000,1.772839694490145
RICE_002924,Rice,Uttar Pradesh,FIROZABAD,Kharif,2000,1.5962987073374872
RICE_002925,Rice,Uttar Pradesh,GAUTAM BUDDHA NAGAR,Kharif,2000,1.951635573728597
RICE_002926,Rice,Uttar Pradesh,GHAZIABAD,Kharif,2000,1.9822792966952039
RICE_002927,Rice,Uttar Pradesh,GHAZIPUR,Kharif,2000,1.899011437730731
RICE_002928,Rice,Uttar Pradesh,GONDA,Kharif,2000,1.9516968746463161
RICE_002929,Rice,Uttar Pradesh,GONDA,Summer,2000,1.9333333333333333
RICE_002930,Rice,Uttar Pradesh,GORAKHPUR,Kharif,2000,1.8625721208551425
RICE_002931,Rice,Uttar Pradesh,GORAKHPUR,Summer,2000,1.8646288209606987
RICE_002932,Rice,Uttar Pradesh,HAMIRPUR,Kharif,2000,0.9934052757793765
RICE_002933,Rice,Uttar Pradesh,HARDOI,Kharif,2000,1.69716382683426
RICE_002934,Rice,Uttar Pradesh,HARDOI,Summer,2000,1.6666666666666667
RICE_002935,Rice,Uttar Pradesh,HATHRAS,Kharif,2000,2.146961657823606
RICE_002936,Rice,Uttar Pradesh,JALAUN,Kharif,2000,0.9787426503844414
RICE_002937,Rice,Uttar Pradesh,JAUNPUR,Kharif,2000,2.0504391151475017
RICE_002938,Rice,Uttar Pradesh,JAUNPUR,Summer,2000,2.0
RICE_002939,Rice,Uttar Pradesh,JHANSI,Kharif,2000,0.9791386271870794
RICE_002940,Rice,Uttar Pradesh,KANNAUJ,Kharif,2000,1.6200067623049799
RICE_002941,Rice,Uttar Pradesh,KANPUR NAGAR,Kharif,2000,1.753823013286538
RICE_002942,Rice,Uttar Pradesh,KAUSHAMBI,Kharif,2000,2.163287671232877
RICE_002943,Rice,Uttar Pradesh,KHERI,Kharif,2000,2.539754449212249
RICE_002944,Rice,Uttar Pradesh,KHERI,Summer,2000,2.437956204379562
RICE_002945,Rice,Uttar Pradesh,KUSHI NAGAR,Kharif,2000,2.8850517254526507
RICE_002946,Rice,Uttar Pradesh,LALITPUR,Kharif,2000,0.9790104947526237
RICE_002947,Rice,Uttar Pradesh,LUCKNOW,Kharif,2000,1.2679060019793142
RICE_002948,Rice,Uttar Pradesh,LUCKNOW,Summer,2000,1.3333333333333333
RICE_002949,Rice,Uttar Pradesh,MAHARAJGANJ,Kharif,2000,2.512021815255062
RICE_002950,Rice,Uttar Pradesh,MAHARAJGANJ,Summer,2000,2.5139664804469275
RICE_002951,Rice,Uttar Pradesh,MAHOBA,Kharif,2000,0.9933665008291874
RICE_002952,Rice,Uttar Pradesh,MAINPURI,Kharif,2000,2.017673685674118
RICE_002953,Rice,Uttar Pradesh,MATHURA,Kharif,2000,2.0864222972102726
RICE_002954,Rice,Uttar Pradesh,MAU,Kharif,2000,1.8687866830254998
RICE_002955,Rice,Uttar Pradesh,MEERUT,Kharif,2000,2.261754452087063
RICE_002956,Rice,Uttar Pradesh,MIRZAPUR,Kharif,2000,1.9405553529175201
RICE_002957,Rice,Uttar Pradesh,MORADABAD,Kharif,2000,2.2968876659353734
RICE_002958,Rice,Uttar Pradesh,MORADABAD,Summer,2000,2.0
RICE_002959,Rice,Uttar Pradesh,MUZAFFARNAGAR,Kharif,2000,2.235825604742327
RICE_002960,Rice,Uttar Pradesh,PILIBHIT,Kharif,2000,2.6798472938400564
RICE_002961,Rice,Uttar Pradesh,PILIBHIT,Summer,2000,2.6803118908382064
RICE_002962,Rice,Uttar Pradesh,PRATAPGARH,Kharif,2000,1.5679756657316672
RICE_002963,Rice,Uttar Pradesh,RAE BARELI,Kharif,2000,1.5387563665677328
RICE_002964,Rice,Uttar Pradesh,RAMPUR,Kharif,2000,2.25409116191926
RICE_002965,Rice,Uttar Pradesh,RAMPUR,Summer,2000,2.252688172043011
RICE_002966,Rice,Uttar Pradesh,SAHARANPUR,Kharif,2000,2.3773051029368717
RICE_002967,Rice,Uttar Pradesh,SAHARANPUR,Summer,2000,2.2650429799426934
RICE_002968,Rice,Uttar Pradesh,SANT KABEER NAGAR,Kharif,2000,2.0487678948603616
RICE_002969,Rice,Uttar Pradesh,SANT KABEER NAGAR,Summer,2000,2.0
RICE_002970,Rice,Uttar Pradesh,SANT RAVIDAS NAGAR,Kharif,2000,2.0462130475436955
RICE_002971,Rice,Uttar Pradesh,SHAHJAHANPUR,Kharif,2000,2.265249957876571
RICE_002972,Rice,Uttar Pradesh,SHRAVASTI,Kharif,2000,1.7860921854031175
RICE_002973,Rice,Uttar Pradesh,SIDDHARTH NAGAR,Kharif,2000,1.6598367856342278
RICE_002974,Rice,Uttar Pradesh,SIDDHARTH NAGAR,Summer,2000,1.6666666666666667
RICE_002975,Rice,Uttar Pradesh,SITAPUR,Kharif,2000,1.424881666044125
RICE_002976,Rice,Uttar Pradesh,SONBHADRA,Kharif,2000,1.4569998957573231
RICE_002977,Rice,Uttar Pradesh,SULTANPUR,Kharif,2000,2.0558772636694713
RICE_002978,Rice,Uttar Pradesh,SULTANPUR,Summer,2000,2.0
RICE_002979,Rice,Uttar Pradesh,UNNAO,Kharif,2000,1.1332346251233854
RICE_002980,Rice,Uttar Pradesh,VARANASI,Kharif,2000,2.4047514649021404
RICE_002981,Rice,Uttarakhand,ALMORA,Kharif,2000,0.9861952387660233
RICE_002982,Rice,Uttarakhand,BAGESHWAR,Kharif,2000,1.9650537634408602
RICE_002983,Rice,Uttarakhand,CHAMOLI,Kharif,2000,1.0677906814047853
RICE_002984,Rice,Uttarakhand,CHAMPAWAT,Kharif,2000,1.2105725324903407
RICE_002985,Rice,Uttarakhand,DEHRADUN,Kharif,2000,1.8573915566516757
RICE_002986,Rice,Uttarakhand,HARIDWAR,Kharif,2000,2.1120801874511845
RICE_002987,Rice,Uttarakhand,NAINITAL,Kharif,2000,2.426458832933653
RICE_002988,Rice,Uttarakhand,NAINITAL,Rabi,2000,3.119047619047619
RICE_002989,Rice,Uttarakhand,PAURI GARHWAL,Kharif,2000,1.0725501062159417
RICE_002990,Rice,Uttarakhand,PITHORAGARH,Kharif,2000,1.1563421828908556
RICE_002991,Rice,Uttarakhand,RUDRA PRAYAG,Kharif,2000,1.280099502487562
RICE_002992,Rice,Uttarakhand,TEHRI GARHWAL,Kharif,2000,1.7435089929316256
RICE_002993,Rice,Uttarakhand,UDAM SINGH NAGAR,Kharif,2000,3.0690672900953127
RICE_002994,Rice,Uttarakhand,UDAM SINGH NAGAR,Rabi,2000,3.1281456953642386
RICE_002995,Rice,Uttarakhand,UTTAR KASHI,Kharif,2000,1.4762986371716373
RICE_002996,Rice,West Bengal,24 PARAGANAS NORTH,Autumn,2000,1.6759265771151277
RICE_002997,Rice,West Bengal,24 PARAGANAS NORTH,Summer,2000,3.1327869303336175
RICE_002998,Rice,West Bengal,24 PARAGANAS NORTH,Winter,2000,1.843900937415255
RICE_002999,Rice,West Bengal,24 PARAGANAS SOUTH,Autumn,2000,1.8103074924209615
RICE_003000,Rice,West Bengal,24 PARAGANAS SOUTH,Summer,2000,2.7095638006014067
RICE_003001,Rice,West Bengal,24 PARAGANAS SOUTH,Winter,2000,1.8726953494126028
RICE_003002,Rice,West Bengal,BANKURA,Autumn,2000,2.209327786292971
RICE_003003,Rice,West Bengal,BANKURA,Summer,2000,3.3310176349339646
RICE_003004,Rice,West Bengal,BANKURA,Winter,2000,2.4354225835765075
RICE_003005,Rice,West Bengal,BARDHAMAN,Autumn,2000,1.813102016922995
RICE_003006,Rice,West Bengal,BARDHAMAN,Summer,2000,3.8190327116199283
RICE_003007,Rice,West Bengal,BARDHAMAN,Winter,2000,2.028573587449941
RICE_003008,Rice,West Bengal,BIRBHUM,Autumn,2000,2.084248352964664
RICE_003009,Rice,West Bengal,BIRBHUM,Summer,2000,3.4402660029555885
RICE_003010,Rice,West Bengal,BIRBHUM,Winter,2000,2.327162003148066
RICE_003011,Rice,West Bengal,COOCHBEHAR,Autumn,2000,1.5990155865463496
RICE_003012,Rice,West Bengal,COOCHBEHAR,Summer,2000,2.590640601926728
RICE_003013,Rice,West Bengal,COOCHBEHAR,Winter,2000,1.6948665121469655
RICE_003014,Rice,West Bengal,DARJEELING,Autumn,2000,1.5291488172844105
RICE_003015,Rice,West Bengal,DARJEELING,Summer,2000,2.5863539445629
RICE_003016,Rice,West Bengal,DARJEELING,Winter,2000,1.5358795887361765
RICE_003017,Rice,West Bengal,DINAJPUR DAKSHIN,Autumn,2000,1.7856657146742827
RICE_003018,Rice,West Bengal,DINAJPUR DAKSHIN,Summer,2000,3.107661452065784
RICE_003019,Rice,West Bengal,DINAJPUR DAKSHIN,Winter,2000,2.036339757453807
RICE_003020,Rice,West Bengal,DINAJPUR UTTAR,Autumn,2000,0.7227488151658767
RICE_003021,Rice,West Bengal,DINAJPUR UTTAR,Summer,2000,3.144275106617886
RICE_003022,Rice,West Bengal,DINAJPUR UTTAR,Winter,2000,1.7765647782123288
RICE_003023,Rice,West Bengal,HOOGHLY,Autumn,2000,1.9852861625013525
RICE_003024,Rice,West Bengal,HOOGHLY,Summer,2000,2.9367898845816365
RICE_003025,Rice,West Bengal,HOOGHLY,Winter,2000,2.2171368695755325
RICE_003026,Rice,West Bengal,HOWRAH,Autumn,2000,0.9950248756218906
RICE_003027,Rice,West Bengal,HOWRAH,Summer,2000,2.7454827372338224
RICE_003028,Rice,West Bengal,HOWRAH,Winter,2000,1.4135488501263769
RICE_003029,Rice,West Bengal,JALPAIGURI,Autumn,2000,1.5921734732583133
RICE_003030,Rice,West Bengal,JALPAIGURI,Summer,2000,2.1114749218633726
RICE_003031,Rice,West Bengal,JALPAIGURI,Winter,2000,1.4105546648223248
RICE_003032,Rice,West Bengal,MALDAH,Autumn,2000,1.6230366492146597
RICE_003033,Rice,West Bengal,MALDAH,Summer,2000,3.3120729250320524
RICE_003034,Rice,West Bengal,MALDAH,Winter,2000,1.939263736663875
RICE_003035,Rice,West Bengal,MEDINIPUR EAST,Autumn,2000,2.168356374807988
RICE_003036,Rice,West Bengal,MEDINIPUR EAST,Summer,2000,3.0271413840920673
RICE_003037,Rice,West Bengal,MEDINIPUR EAST,Winter,2000,2.021947226446204
RICE_003038,Rice,West Bengal,MEDINIPUR WEST,Autumn,2000,2.0100995000083057
RICE_003039,Rice,West Bengal,MEDINIPUR WEST,Summer,2000,3.0179683563438475
RICE_003040,Rice,West Bengal,MEDINIPUR WEST,Winter,2000,2.1951561467793983
RICE_003041,Rice,West Bengal,MURSHIDABAD,Autumn,2000,1.2070417616729319
RICE_003042,Rice,West Bengal,MURSHIDABAD,Summer,2000,3.5259407437452754
RICE_003043,Rice,West Bengal,MURSHIDABAD,Winter,2000,1.596971235699991
RICE_003044,Rice,West Bengal,NADIA,Autumn,2000,1.8500701918577445
RICE_003045,Rice,West Bengal,NADIA,Summer,2000,3.4289767725333515
RICE_003046,Rice,West Bengal,NADIA,Winter,2000,1.594760074042432
RICE_003047,Rice,West Bengal,PURULIA,Autumn,2000,0.9954407294832827
RICE_003048,Rice,West Bengal,PURULIA,Summer,2000,2.398826979472141
RICE_003049,Rice,West Bengal,PURULIA,Winter,2000,1.8176156824520078
RICE_003050,Rice,Andaman and Nicobar Islands,NICOBARS,Kharif,2001,3.6144578313253013
RICE_003051,Rice,Andaman and Nicobar Islands,NORTH AND MIDDLE ANDAMAN,Kharif,2001,2.781745215064828
RICE_003052,Rice,Andhra Pradesh,ANANTAPUR,Kharif,2001,2.9079931869335116
RICE_003053,Rice,Andhra Pradesh,ANANTAPUR,Rabi,2001,2.857000445971825
RICE_003054,Rice,Andhra Pradesh,CHITTOOR,Kharif,2001,2.268983057800386
RICE_003055,Rice,Andhra Pradesh,CHITTOOR,Rabi,2001,2.7490048187722604
RICE_003056,Rice,Andhra Pradesh,EAST GODAVARI,Kharif,2001,2.626001422030605
RICE_003057,Rice,Andhra Pradesh,EAST GODAVARI,Rabi,2001,4.525000150803177
RICE_003058,Rice,Andhra Pradesh,GUNTUR,Kharif,2001,3.431999354052586
RICE_003059,Rice,Andhra Pradesh,GUNTUR,Rabi,2001,4.030990493577042
RICE_003060,Rice,Andhra Pradesh,KADAPA,Kharif,2001,2.535009681302004
RICE_003061,Rice,Andhra Pradesh,KADAPA,Rabi,2001,2.616005326231691
RICE_003062,Rice,Andhra Pradesh,KRISHNA,Kharif,2001,2.9149987352823583
RICE_003063,Rice,Andhra Pradesh,KRISHNA,Rabi,2001,3.641999756275896
RICE_003064,Rice,Andhra Pradesh,KURNOOL,Kharif,2001,2.792007703418392
RICE_003065,Rice,Andhra Pradesh,KURNOOL,Rabi,2001,2.5819925580420313
RICE_003066,Rice,Andhra Pradesh,PRAKASAM,Kharif,2001,3.2860116059841826
RICE_003067,Rice,Andhra Pradesh,PRAKASAM,Rabi,2001,3.622001126337526
RICE_003068,Rice,Andhra Pradesh,SPSR NELLORE,Kharif,2001,3.161005335743651
RICE_003069,Rice,Andhra Pradesh,SPSR NELLORE,Rabi,2001,3.3920025439224104
RICE_003070,Rice,Andhra Pradesh,SRIKAKULAM,Kharif,2001,2.2020014431870942
RICE_003071,Rice,Andhra Pradesh,SRIKAKULAM,Rabi,2001,2.268939393939394
RICE_003072,Rice,Andhra Pradesh,VISAKHAPATANAM,Kharif,2001,1.675002021275367
RICE_003073,Rice,Andhra Pradesh,VISAKHAPATANAM,Rabi,2001,2.0269764957264957
RICE_003074,Rice,Andhra Pradesh,VIZIANAGARAM,Kharif,2001,1.8780010536614735
RICE_003075,Rice,Andhra Pradesh,VIZIANAGARAM,Rabi,2001,2.6099896480331264
RICE_003076,Rice,Andhra Pradesh,WEST GODAVARI,Kharif,2001,2.5889996408045977
RICE_003077,Rice,Andhra Pradesh,WEST GODAVARI,Rabi,2001,4.6819981199080845
RICE_003078,Rice,Arunachal Pradesh,CHANGLANG,Kharif,2001,1.3704984397402378
RICE_003079,Rice,Arunachal Pradesh,DIBANG VALLEY,Kharif,2001,0.7111111111111111
RICE_003080,Rice,Arunachal Pradesh,EAST KAMENG,Kharif,2001,1.363931762794476
RICE_003081,Rice,Arunachal Pradesh,EAST SIANG,Kharif,2001,0.9259259259259259
RICE_003082,Rice,Arunachal Pradesh,LOHIT,Kharif,2001,1.3
RICE_003083,Rice,Arunachal Pradesh,LOWER SUBANSIRI,Kharif,2001,0.8045977011494253
RICE_003084,Rice,Arunachal Pradesh,PAPUM PARE,Kharif,2001,1.0415617128463477
RICE_003085,Rice,Arunachal Pradesh,TAWANG,Kharif,2001,1.319290465631929
RICE_003086,Rice,Arunachal Pradesh,TIRAP,Kharif,2001,1.26
RICE_003087,Rice,Arunachal Pradesh,UPPER SIANG,Kharif,2001,1.4
RICE_003088,Rice,Arunachal Pradesh,UPPER SUBANSIRI,Kharif,2001,0.7847804878048781
RICE_003089,Rice,Arunachal Pradesh,WEST KAMENG,Kharif,2001,1.360233918128655
RICE_003090,Rice,Arunachal Pradesh,WEST SIANG,Kharif,2001,1.1337929604478771
RICE_003091,Rice,Assam,BARPETA,Autumn,2001,0.7231507382883042
RICE_003092,Rice,Assam,BARPETA,Summer,2001,2.126148028092923
RICE_003093,Rice,Assam,BARPETA,Winter,2001,1.2208615384615384
RICE_003094,Rice,Assam,BONGAIGAON,Autumn,2001,0.9087251546267939
RICE_003095,Rice,Assam,BONGAIGAON,Summer,2001,1.6516504464733621
RICE_003096,Rice,Assam,BONGAIGAON,Winter,2001,1.1560515615537676
RICE_003097,Rice,Assam,CACHAR,Autumn,2001,2.091
RICE_003098,Rice,Assam,CACHAR,Summer,2001,1.335
RICE_003099,Rice,Assam,CACHAR,Winter,2001,2.3058994208792645
RICE_003100,Rice,Assam,DARRANG,Autumn,2001,1.1170355120946989
RICE_003101,Rice,Assam,DARRANG,Summer,2001,2.0042501517911355
RICE_003102,Rice,Assam,DARRANG,Winter,2001,1.5766702127659575
RICE_003103,Rice,Assam,DHEMAJI,Autumn,2001,0.8258755665430573
RICE_003104,Rice,Assam,DHEMAJI,Summer,2001,1.1496302165874273
RICE_003105,Rice,Assam,DHEMAJI,Winter,2001,1.372350142721218
RICE_003106,Rice,Assam,DHUBRI,Autumn,2001,0.770970753892955
RICE_003107,Rice,Assam,DHUBRI,Summer,2001,2.5053270538984824
RICE_003108,Rice,Assam,DHUBRI,Winter,2001,1.0163685420205857
RICE_003109,Rice,Assam,DIBRUGARH,Autumn,2001,1.00554208520956
RICE_003110,Rice,Assam,DIBRUGARH,Summer,2001,2.00398406374502
RICE_003111,Rice,Assam,DIBRUGARH,Winter,2001,1.629197554948628
RICE_003112,Rice,Assam,DIMA HASAO,Autumn,2001,1.3501817552362818
RICE_003113,Rice,Assam,DIMA HASAO,Summer,2001,2.8
RICE_003114,Rice,Assam,DIMA HASAO,Winter,2001,1.9718583212032994
RICE_003115,Rice,Assam,GOALPARA,Autumn,2001,1.1522885214474
RICE_003116,Rice,Assam,GOALPARA,Summer,2001,2.11
RICE_003117,Rice,Assam,GOALPARA,Winter,2001,1.6882954545454545
RICE_003118,Rice,Assam,GOLAGHAT,Autumn,2001,1.431792873051225
RICE_003119,Rice,Assam,GOLAGHAT,Summer,2001,2.00370942812983
RICE_003120,Rice,Assam,GOLAGHAT,Winter,2001,2.0678314491264134
RICE_003121,Rice,Assam,HAILAKANDI,Autumn,2001,2.0723076923076924
RICE_003122,Rice,Assam,HAILAKANDI,Summer,2001,1.312
RICE_003123,Rice,Assam,HAILAKANDI,Winter,2001,1.9818205128205129
RICE_003124,Rice,Assam,JORHAT,Autumn,2001,0.8610442733397498
RICE_003125,Rice,Assam,JORHAT,Summer,2001,1.7777777777777777
RICE_003126,Rice,Assam,JORHAT,Winter,2001,1.7763767083648667
RICE_003127,Rice,Assam,KAMRUP,Autumn,2001,0.9804508139696675
RICE_003128,Rice,Assam,KAMRUP,Summer,2001,2.1635739138192522
RICE_003129,Rice,Assam,KAMRUP,Winter,2001,1.4135680741629226
RICE_003130,Rice,Assam,KARBI ANGLONG,Autumn,2001,0.9652385504475537
RICE_003131,Rice,Assam,KARBI ANGLONG,Summer,2001,1.2962025316455696
RICE_003132,Rice,Assam,KARBI ANGLONG,Winter,2001,1.4523645474475415
RICE_003133,Rice,Assam,KARIMGANJ,Autumn,2001,1.8006666666666666
RICE_003134,Rice,Assam,KARIMGANJ,Summer,2001,1.7759323096208086
RICE_003135,Rice,Assam,KARIMGANJ,Winter,2001,2.2891653543307084
RICE_003136,Rice,Assam,KOKRAJHAR,Autumn,2001,0.8239845963816028
RICE_003137,Rice,Assam,KOKRAJHAR,Summer,2001,1.592638888888889
RICE_003138,Rice,Assam,KOKRAJHAR,Winter,2001,1.1474172232485433
RICE_003139,Rice,Assam,LAKHIMPUR,Autumn,2001,0.7322718015182373
RICE_003140,Rice,Assam,LAKHIMPUR,Summer,2001,0.6893466059514984
RICE_003141,Rice,Assam,LAKHIMPUR,Winter,2001,1.1424884639170354
RICE_003142,Rice,Assam,MARIGAON,Autumn,2001,0.5608888888888889
RICE_003143,Rice,Assam,MARIGAON,Summer,2001,2.32200186343671
RICE_003144,Rice,Assam,MARIGAON,Winter,2001,1.4913
RICE_003145,Rice,Assam,NAGAON,Autumn,2001,1.1733880705143684
RICE_003146,Rice,Assam,NAGAON,Summer,2001,2.3404868784530386
RICE_003147,Rice,Assam,NAGAON,Winter,2001,1.7508814258473753
RICE_003148,Rice,Assam,NALBARI,Autumn,2001,0.7822857142857143
RICE_003149,Rice,Assam,NALBARI,Summer,2001,1.153014827018122
RICE_003150,Rice,Assam,NALBARI,Winter,2001,1.2558727272727273
RICE_003151,Rice,Assam,SIVASAGAR,Autumn,2001,1.497020854021847
RICE_003152,Rice,Assam,SIVASAGAR,Summer,2001,2.0247349823321557
RICE_003153,Rice,Assam,SIVASAGAR,Winter,2001,2.036861858002159
RICE_003154,Rice,Assam,SONITPUR,Autumn,2001,0.8073712554695389
RICE_003155,Rice,Assam,SONITPUR,Summer,2001,1.4242982052462034
RICE_003156,Rice,Assam,SONITPUR,Winter,2001,1.2998140916557646
RICE_003157,Rice,Assam,TINSUKIA,Autumn,2001,1.3449049474554258
RICE_003158,Rice,Assam,TINSUKIA,Summer,2001,2.0
RICE_003159,Rice,Assam,TINSUKIA,Winter,2001,1.7478097400063846
RICE_003160,Rice,Bihar,ARARIA,Autumn,2001,1.084518412718127
RICE_003161,Rice,Bihar,ARARIA,Kharif,2001,2.1308033134270854
RICE_003162,Rice,Bihar,ARARIA,Summer,2001,0.741753904238888
RICE_003163,Rice,Bihar,AURANGABAD,Autumn,2001,2.106246097719232
RICE_003164,Rice,Bihar,AURANGABAD,Summer,2001,1.306864064602961
RICE_003165,Rice,Bihar,BANKA,Autumn,2001,1.26894134325025
RICE_003166,Rice,Bihar,BANKA,Kharif,2001,2.0384615384615383
RICE_003167,Rice,Bihar,BEGUSARAI,Autumn,2001,1.2911341853035143
RICE_003168,Rice,Bihar,BEGUSARAI,Kharif,2001,1.6666666666666667
RICE_003169,Rice,Bihar,BEGUSARAI,Summer,2001,0.5458189105483695
RICE_003170,Rice,Bihar,BHAGALPUR,Autumn,2001,1.236207094478246
RICE_003171,Rice,Bihar,BHAGALPUR,Kharif,2001,1.907258064516129
RICE_003172,Rice,Bihar,BHAGALPUR,Summer,2001,1.1195979899497488
RICE_003173,Rice,Bihar,BHOJPUR,Autumn,2001,2.1931551169432093
RICE_003174,Rice,Bihar,BHOJPUR,Kharif,2001,1.6666666666666667
RICE_003175,Rice,Bihar,BHOJPUR,Summer,2001,1.2006269592476488
RICE_003176,Rice,Bihar,BUXAR,Autumn,2001,2.49598483918906
RICE_003177,Rice,Bihar,DARBHANGA,Autumn,2001,0.8531919024338587
RICE_003178,Rice,Bihar,DARBHANGA,Kharif,2001,1.1393354769560557
RICE_003179,Rice,Bihar,DARBHANGA,Summer,2001,1.0403406840089793
RICE_003180,Rice,Bihar,GAYA,Autumn,2001,1.6846278549856841
RICE_003181,Rice,Bihar,GAYA,Kharif,2001,1.7142857142857142
RICE_003182,Rice,Bihar,GOPALGANJ,Autumn,2001,1.6719416311300639
RICE_003183,Rice,Bihar,GOPALGANJ,Kharif,2001,2.057142857142857
RICE_003184,Rice,Bihar,GOPALGANJ,Summer,2001,1.1604184829991282
RICE_003185,Rice,Bihar,JAMUI,Autumn,2001,0.7256602182278215
RICE_003186,Rice,Bihar,JAMUI,Kharif,2001,1.6666666666666667
RICE_003187,Rice,Bihar,JEHANABAD,Autumn,2001,1.9451914610057355
RICE_003188,Rice,Bihar,JEHANABAD,Kharif,2001,1.5
RICE_003189,Rice,Bihar,JEHANABAD,Summer,2001,1.0
RICE_003190,Rice,Bihar,KAIMUR (BHABUA),Autumn,2001,2.5017160887937555
RICE_003191,Rice,Bihar,KAIMUR (BHABUA),Summer,2001,1.1393728222996515
RICE_003192,Rice,Bihar,KATIHAR,Autumn,2001,1.1616119539364946
RICE_003193,Rice,Bihar,KATIHAR,Kharif,2001,2.013225661283064
RICE_003194,Rice,Bihar,KATIHAR,Summer,2001,0.8105143057749693
RICE_003195,Rice,Bihar,KHAGARIA,Autumn,2001,0.4559190031152648
RICE_003196,Rice,Bihar,KHAGARIA,Kharif,2001,1.6683316683316682
RICE_003197,Rice,Bihar,KHAGARIA,Summer,2001,0.5440278988666085
RICE_003198,Rice,Bihar,KISHANGANJ,Autumn,2001,0.9384292919368573
RICE_003199,Rice,Bihar,KISHANGANJ,Kharif,2001,1.7864143291652586
RICE_003200,Rice,Bihar,KISHANGANJ,Summer,2001,0.7213433609958506
RICE_003201,Rice,Bihar,LAKHISARAI,Autumn,2001,1.4172825078197504
RICE_003202,Rice,Bihar,MADHEPURA,Autumn,2001,1.098164947844331
RICE_003203,Rice,Bihar,MADHEPURA,Kharif,2001,1.4661383285302594
RICE_003204,Rice,Bihar,MADHEPURA,Summer,2001,0.9475851924491296
RICE_003205,Rice,Bihar,MADHUBANI,Autumn,2001,0.9650980337702733
RICE_003206,Rice,Bihar,MADHUBANI,Kharif,2001,1.451219512195122
RICE_003207,Rice,Bihar,MADHUBANI,Summer,2001,0.8987985212569316
RICE_003208,Rice,Bihar,MUNGER,Autumn,2001,1.4367584423486461
RICE_003209,Rice,Bihar,MUNGER,Kharif,2001,1.6706586826347305
RICE_003210,Rice,Bihar,MUNGER,Summer,2001,1.3210227272727273
RICE_003211,Rice,Bihar,MUZAFFARPUR,Autumn,2001,1.0469505615283161
RICE_003212,Rice,Bihar,MUZAFFARPUR,Kharif,2001,1.83
RICE_003213,Rice,Bihar,MUZAFFARPUR,Summer,2001,1.1319460865452826
RICE_003214,Rice,Bihar,NALANDA,Autumn,2001,1.5104703993441055
RICE_003215,Rice,Bihar,NAWADA,Autumn,2001,1.6274429715445644
RICE_003216,Rice,Bihar,NAWADA,Kharif,2001,1.829268292682927
RICE_003217,Rice,Bihar,PASHCHIM CHAMPARAN,Autumn,2001,1.8894741976392546
RICE_003218,Rice,Bihar,PASHCHIM CHAMPARAN,Kharif,2001,1.9144364869958537
RICE_003219,Rice,Bihar,PASHCHIM CHAMPARAN,Summer,2001,1.4588810014502709
RICE_003220,Rice,Bihar,PATNA,Autumn,2001,1.9787522965093058
RICE_003221,Rice,Bihar,PATNA,Kharif,2001,1.6932515337423313
RICE_003222,Rice,Bihar,PATNA,Summer,2001,1.150802622654307
RICE_003223,Rice,Bihar,PURBI CHAMPARAN,Autumn,2001,1.2113338909871316
RICE_003224,Rice,Bihar,PURBI CHAMPARAN,Kharif,2001,2.0304709141274238
RICE_003225,Rice,Bihar,PURBI CHAMPARAN,Summer,2001,1.5946603417867786
RICE_003226,Rice,Bihar,PURNIA,Autumn,2001,0.8140383799694091
RICE_003227,Rice,Bihar,PURNIA,Kharif,2001,2.0952862926547136
RICE_003228,Rice,Bihar,PURNIA,Summer,2001,1.7817449418657878
RICE_003229,Rice,Bihar,ROHTAS,Autumn,2001,2.4921704426594093
RICE_003230,Rice,Bihar,ROHTAS,Kharif,2001,2.03420523138833
RICE_003231,Rice,Bihar,ROHTAS,Summer,2001,1.2092198581560283
RICE_003232,Rice,Bihar,SAHARSA,Autumn,2001,0.9126199684858902
RICE_003233,Rice,Bihar,SAHARSA,Kharif,2001,1.6716296697347048
RICE_003234,Rice,Bihar,SAHARSA,Summer,2001,1.006119660150912
RICE_003235,Rice,Bihar,SAMASTIPUR,Autumn,2001,1.0639391605698882
RICE_003236,Rice,Bihar,SAMASTIPUR,Kharif,2001,1.2969363707776904
RICE_003237,Rice,Bihar,SAMASTIPUR,Summer,2001,1.0794647124422494
RICE_003238,Rice,Bihar,SARAN,Autumn,2001,1.2739665426900202
RICE_003239,Rice,Bihar,SARAN,Kharif,2001,2.0
RICE_003240,Rice,Bihar,SARAN,Summer,2001,1.0558227054150116
RICE_003241,Rice,Bihar,SHEIKHPURA,Autumn,2001,1.5478307527211406
RICE_003242,Rice,Bihar,SHEOHAR,Autumn,2001,1.1810125898308748
RICE_003243,Rice,Bihar,SHEOHAR,Kharif,2001,2.0377358490566038
RICE_003244,Rice,Bihar,SHEOHAR,Summer,2001,1.3
RICE_003245,Rice,Bihar,SITAMARHI,Autumn,2001,1.169040188319504
RICE_003246,Rice,Bihar,SITAMARHI,Kharif,2001,1.91984126984127
RICE_003247,Rice,Bihar,SITAMARHI,Summer,2001,1.2125668922989687
RICE_003248,Rice,Bihar,SIWAN,Autumn,2001,1.3000094298107752
RICE_003249,Rice,Bihar,SIWAN,Kharif,2001,2.0491803278688523
RICE_003250,Rice,Bihar,SIWAN,Summer,2001,1.0534858387799564
RICE_003251,Rice,Bihar,SUPAUL,Autumn,2001,1.1092955419602983
RICE_003252,Rice,Bihar,SUPAUL,Kharif,2001,1.6876566878041588
RICE_003253,Rice,Bihar,SUPAUL,Summer,2001,0.9609563779727839
RICE_003254,Rice,Bihar,VAISHALI,Autumn,2001,1.4653799605070386
RICE_003255,Rice,Bihar,VAISHALI,Kharif,2001,1.9285714285714286
RICE_003256,Rice,Bihar,VAISHALI,Summer,2001,1.3640431879528343
RICE_003257,Rice,Chandigarh,CHANDIGARH,Kharif,2001,5.0
RICE_003258,Rice,Chhattisgarh,BASTAR,Kharif,2001,1.4831952471716674
RICE_003259,Rice,Chhattisgarh,BILASPUR,Kharif,2001,1.4035095947893899
RICE_003260,Rice,Chhattisgarh,DANTEWADA,Kharif,2001,1.3097424798168915
RICE_003261,Rice,Chhattisgarh,DHAMTARI,Kharif,2001,1.4998948018066036
RICE_003262,Rice,Chhattisgarh,DURG,Kharif,2001,1.385440251644319
RICE_003263,Rice,Chhattisgarh,JANJGIR-CHAMPA,Kharif,2001,1.5165835885811099
RICE_003264,Rice,Chhattisgarh,JASHPUR,Kharif,2001,1.2348035168366323
RICE_003265,Rice,Chhattisgarh,KABIRDHAM,Kharif,2001,1.17702109201323
RICE_003266,Rice,Chhattisgarh,KANKER,Kharif,2001,1.5925885505717439
RICE_003267,Rice,Chhattisgarh,KORBA,Kharif,2001,1.3170164863098264
RICE_003268,Rice,Chhattisgarh,KOREA,Kharif,2001,1.4511349754254381
RICE_003269,Rice,Chhattisgarh,MAHASAMUND,Kharif,2001,1.196951948855434
RICE_003270,Rice,Chhattisgarh,RAIGARH,Kharif,2001,1.2647784883528281
RICE_003271,Rice,Chhattisgarh,RAIPUR,Kharif,2001,1.1916082051559478
RICE_003272,Rice,Chhattisgarh,RAJNANDGAON,Kharif,2001,1.1672776239994016
RICE_003273,Rice,Chhattisgarh,SURGUJA,Kharif,2001,1.3072163112674176
RICE_003274,Rice,Dadra and Nagar Haveli,DADRA AND NAGAR HAVELI,Kharif,2001,2.237975246424072
RICE_003275,Rice,Dadra and Nagar Haveli,DADRA AND NAGAR HAVELI,Rabi,2001,2.1709844559585494
RICE_003276,Rice,Gujarat,AHMADABAD,Kharif,2001,1.7597560975609756
RICE_003277,Rice,Gujarat,AMRELI,Kharif,2001,1.0
RICE_003278,Rice,Gujarat,BHARUCH,Kharif,2001,1.0413223140495869
RICE_003279,Rice,Gujarat,BHARUCH,Summer,2001,3.0
RICE_003280,Rice,Gujarat,BHAVNAGAR,Kharif,2001,2.0
RICE_003281,Rice,Gujarat,DANG,Kharif,2001,1.2540983606557377
RICE_003282,Rice,Gujarat,GANDHINAGAR,Kharif,2001,2.5
RICE_003283,Rice,Gujarat,KHEDA,Kharif,2001,1.7951105937136205
RICE_003284,Rice,Gujarat,KHEDA,Summer,2001,2.6666666666666665
RICE_003285,Rice,Gujarat,MAHESANA,Kharif,2001,1.873015873015873
RICE_003286,Rice,Gujarat,PANCH MAHALS,Kharif,2001,0.24263839811542992
RICE_003287,Rice,Gujarat,SABAR KANTHA,Kharif,2001,1.5705882352941176
RICE_003288,Rice,Gujarat,SURAT,Kharif,2001,2.0
RICE_003289,Rice,Gujarat,SURAT,Summer,2001,3.0689655172413794
RICE_003290,Rice,Gujarat,SURENDRANAGAR,Kharif,2001,1.5
RICE_003291,Rice,Gujarat,VADODARA,Kharif,2001,0.8310580204778157
RICE_003292,Rice,Gujarat,VALSAD,Kharif,2001,2.1053113553113554
RICE_003293,Rice,Gujarat,VALSAD,Summer,2001,3.0
RICE_003294,Rice,Haryana,AMBALA,Kharif,2001,3.1116037446081117
RICE_003295,Rice,Haryana,BHIWANI,Kharif,2001,2.8294260307194827
RICE_003296,Rice,Haryana,FARIDABAD,Kharif,2001,2.8138389716697576
RICE_003297,Rice,Haryana,FATEHABAD,Kharif,2001,2.99868058054456
RICE_003298,Rice,Haryana,GURGAON,Kharif,2001,2.7988804478208715
RICE_003299,Rice,Haryana,HISAR,Kharif,2001,1.8179138210583206
RICE_003300,Rice,Haryana,JHAJJAR,Kharif,2001,1.3929340255793339
RICE_003301,Rice,Haryana,JIND,Kharif,2001,2.128332710172855
RICE_003302,Rice,Haryana,KAITHAL,Kharif,2001,2.498275444189645
RICE_003303,Rice,Haryana,KARNAL,Kharif,2001,2.9752404584520318
RICE_003304,Rice,Haryana,KURUKSHETRA,Kharif,2001,3.2945527667061656
RICE_003305,Rice,Haryana,PANCHKULA,Kharif,2001,2.8847540747151306
RICE_003306,Rice,Haryana,PANIPAT,Kharif,2001,2.3249015049212733
RICE_003307,Rice,Haryana,REWARI,Kharif,2001,4.373177842565598
RICE_003308,Rice,Haryana,ROHTAK,Kharif,2001,1.3477088948787062
RICE_003309,Rice,Haryana,SIRSA,Kharif,2001,3.171872479974195
RICE_003310,Rice,Haryana,SONIPAT,Kharif,2001,1.8790310294042964
RICE_003311,Rice,Haryana,YAMUNANAGAR,Kharif,2001,2.991564160689732
RICE_003312,Rice,Himachal Pradesh,BILASPUR,Kharif,2001,1.347433728144388
RICE_003313,Rice,Himachal Pradesh,CHAMBA,Kharif,2001,1.4159513590844064
RICE_003314,Rice,Himachal Pradesh,HAMIRPUR,Kharif,2001,1.4223454833597464
RICE_003315,Rice,Himachal Pradesh,KANGRA,Kharif,2001,1.6924769263790513
RICE_003316,Rice,Himachal Pradesh,KINNAUR,Kharif,2001,1.6896551724137931
RICE_003317,Rice,Himachal Pradesh,KULLU,Kharif,2001,1.4938195302843016
RICE_003318,Rice,Himachal Pradesh,MANDI,Kharif,2001,1.7086833316465946
RICE_003319,Rice,Himachal Pradesh,SHIMLA,Kharif,2001,1.2576013513513513
RICE_003320,Rice,Himachal Pradesh,SIRMAUR,Kharif,2001,1.9095853161114889
RICE_003321,Rice,Himachal Pradesh,SOLAN,Kharif,2001,1.8626323751891074
RICE_003322,Rice,Himachal Pradesh,UNA,Kharif,2001,2.3999384236453203
RICE_003323,Rice,Jammu and Kashmir,ANANTNAG,Kharif,2001,1.4632453140667987
RICE_003324,Rice,Jammu and Kashmir,BADGAM,Kharif,2001,1.7729055258467024
RICE_003325,Rice,Jammu and Kashmir,BARAMULLA,Kharif,2001,1.646341463414634
RICE_003326,Rice,Jammu and Kashmir,DODA,Kharif,2001,0.8533127094612013
RICE_003327,Rice,Jammu and Kashmir,JAMMU,Kharif,2001,1.7414301658163265
RICE_003328,Rice,Jammu and Kashmir,KATHUA,Kharif,2001,1.7690962258478862
RICE_003329,Rice,Jammu and Kashmir,KUPWARA,Kharif,2001,1.635692464358452
RICE_003330,Rice,Jammu and Kashmir,POONCH,Kharif,2001,1.5632582322357018
RICE_003331,Rice,Jammu and Kashmir,PULWAMA,Kharif,2001,1.9112661568048661
RICE_003332,Rice,Jammu and Kashmir,RAJAURI,Kharif,2001,1.9062221429844892
RICE_003333,Rice,Jammu and Kashmir,SRINAGAR,Kharif,2001,2.2084511728497755
RICE_003334,Rice,Jammu and Kashmir,UDHAMPUR,Kharif,2001,1.1408906882591092
RICE_003335,Rice,Karnataka,BAGALKOT,Kharif,2001,2.4035087719298245
RICE_003336,Rice,Karnataka,BAGALKOT,Summer,2001,1.4615384615384615
RICE_003337,Rice,Karnataka,BANGALORE RURAL,Kharif,2001,2.5591397849462365
RICE_003338,Rice,Karnataka,BANGALORE RURAL,Rabi,2001,1.9171597633136095
RICE_003339,Rice,Karnataka,BANGALORE RURAL,Summer,2001,2.5678490074845426
RICE_003340,Rice,Karnataka,BELGAUM,Kharif,2001,0.8851434136533568
RICE_003341,Rice,Karnataka,BELGAUM,Summer,2001,2.5584415584415585
RICE_003342,Rice,Karnataka,BELLARY,Kharif,2001,3.2210802095929063
RICE_003343,Rice,Karnataka,BELLARY,Summer,2001,2.6790051657486913
RICE_003344,Rice,Karnataka,BENGALURU URBAN,Kharif,2001,1.9485744737543298
RICE_003345,Rice,Karnataka,BENGALURU URBAN,Summer,2001,2.05464824120603
RICE_003346,Rice,Karnataka,BIDAR,Kharif,2001,0.8061297220242338
RICE_003347,Rice,Karnataka,BIDAR,Rabi,2001,1.5
RICE_003348,Rice,Karnataka,BIJAPUR,Kharif,2001,1.5
RICE_003349,Rice,Karnataka,CHAMARAJANAGAR,Kharif,2001,2.9668734566042283
RICE_003350,Rice,Karnataka,CHAMARAJANAGAR,Rabi,2001,1.9166666666666667
RICE_003351,Rice,Karnataka,CHAMARAJANAGAR,Summer,2001,2.9032438478747205
RICE_003352,Rice,Karnataka,CHIKMAGALUR,Kharif,2001,2.314863102998696
RICE_003353,Rice,Karnataka,CHIKMAGALUR,Summer,2001,2.9031626997065536
RICE_003354,Rice,Karnataka,CHITRADURGA,Kharif,2001,2.10374251497006
RICE_003355,Rice,Karnataka,CHITRADURGA,Rabi,2001,1.9017725258493352
RICE_003356,Rice,Karnataka,CHITRADURGA,Summer,2001,2.2232768361581923
RICE_003357,Rice,Karnataka,DAKSHIN KANNAD,Kharif,2001,2.161065406383103
RICE_003358,Rice,Karnataka,DAKSHIN KANNAD,Rabi,2001,2.185217879784929
RICE_003359,Rice,Karnataka,DAKSHIN KANNAD,Summer,2001,2.2905505952380953
RICE_003360,Rice,Karnataka,DAVANGERE,Kharif,2001,3.3891607974215114
RICE_003361,Rice,Karnataka,DAVANGERE,Summer,2001,3.114094128283691
RICE_003362,Rice,Karnataka,DHARWAD,Kharif,2001,0.21369518332135154
RICE_003363,Rice,Karnataka,DHARWAD,Summer,2001,2.6808510638297873
RICE_003364,Rice,Karnataka,GADAG,Kharif,2001,2.001418439716312
RICE_003365,Rice,Karnataka,GADAG,Rabi,2001,1.3333333333333333
RICE_003366,Rice,Karnataka,GADAG,Summer,2001,2.404320987654321
RICE_003367,Rice,Karnataka,GULBARGA,Kharif,2001,1.7436171349214828
RICE_003368,Rice,Karnataka,GULBARGA,Rabi,2001,0.6354009077155824
RICE_003369,Rice,Karnataka,GULBARGA,Summer,2001,1.8088263511352733
RICE_003370,Rice,Karnataka,HASSAN,Kharif,2001,2.536128217878591
RICE_003371,Rice,Karnataka,HASSAN,Rabi,2001,2.4795081967213113
RICE_003372,Rice,Karnataka,HASSAN,Summer,2001,2.285860655737705
RICE_003373,Rice,Karnataka,HAVERI,Kharif,2001,0.48743103478862493
RICE_003374,Rice,Karnataka,HAVERI,Summer,2001,1.9790368271954675
RICE_003375,Rice,Karnataka,KODAGU,Kharif,2001,2.496306865872083
RICE_003376,Rice,Karnataka,KODAGU,Rabi,2001,1.9090909090909092
RICE_003377,Rice,Karnataka,KODAGU,Summer,2001,2.5205479452054793
RICE_003378,Rice,Karnataka,KOLAR,Kharif,2001,2.28114396509937
RICE_003379,Rice,Karnataka,KOLAR,Summer,2001,2.0548346815788046
RICE_003380,Rice,Karnataka,KOPPAL,Kharif,2001,3.5914253038644643
RICE_003381,Rice,Karnataka,KOPPAL,Summer,2001,3.162554543985347
RICE_003382,Rice,Karnataka,MANDYA,Kharif,2001,3.0626200404893327
RICE_003383,Rice,Karnataka,MANDYA,Rabi,2001,1.894736842105263
RICE_003384,Rice,Karnataka,MANDYA,Summer,2001,2.5707234522634326
RICE_003385,Rice,Karnataka,MYSORE,Kharif,2001,3.2030967615884336
RICE_003386,Rice,Karnataka,MYSORE,Rabi,2001,2.477272727272727
RICE_003387,Rice,Karnataka,MYSORE,Summer,2001,2.739840052227844
RICE_003388,Rice,Karnataka,RAICHUR,Kharif,2001,3.1504529392868617
RICE_003389,Rice,Karnataka,RAICHUR,Summer,2001,2.4601798110845565
RICE_003390,Rice,Karnataka,SHIMOGA,Kharif,2001,1.4960123839949007
RICE_003391,Rice,Karnataka,SHIMOGA,Summer,2001,2.784423054349102
RICE_003392,Rice,Karnataka,TUMKUR,Kharif,2001,2.3798071102861065
RICE_003393,Rice,Karnataka,TUMKUR,Rabi,2001,1.9162763466042154
RICE_003394,Rice,Karnataka,TUMKUR,Summer,2001,2.941193717277487
RICE_003395,Rice,Karnataka,UDUPI,Kharif,2001,2.2015771599608587
RICE_003396,Rice,Karnataka,UDUPI,Rabi,2001,1.8204113310050447
RICE_003397,Rice,Karnataka,UDUPI,Summer,2001,1.9337931034482758
RICE_003398,Rice,Karnataka,UTTAR KANNAD,Kharif,2001,1.076402142461368
RICE_003399,Rice,Karnataka,UTTAR KANNAD,Rabi,2001,1.8735294117647059
RICE_003400,Rice,Karnataka,UTTAR KANNAD,Summer,2001,1.868271954674221
RICE_003401,Rice,Kerala,ALAPPUZHA,Autumn,2001,0.34885418187125966
RICE_003402,Rice,Kerala,ALAPPUZHA,Summer,2001,2.5932959615604623
RICE_003403,Rice,Kerala,ALAPPUZHA,Winter,2001,2.7250984645242307
RICE_003404,Rice,Kerala,ERNAKULAM,Autumn,2001,1.8923948904492005
RICE_003405,Rice,Kerala,ERNAKULAM,Summer,2001,1.6236366352906022
RICE_003406,Rice,Kerala,ERNAKULAM,Winter,2001,1.8404558404558404
RICE_003407,Rice,Kerala,IDUKKI,Autumn,2001,2.4393226716839136
RICE_003408,Rice,Kerala,IDUKKI,Summer,2001,2.336936936936937
RICE_003409,Rice,Kerala,IDUKKI,Winter,2001,2.467870036101083
RICE_003410,Rice,Kerala,KANNUR,Autumn,2001,1.784784446322908
RICE_003411,Rice,Kerala,KANNUR,Summer,2001,1.3929539295392954
RICE_003412,Rice,Kerala,KANNUR,Winter,2001,1.784392940676164
RICE_003413,Rice,Kerala,KASARAGOD,Autumn,2001,2.1842677096914387
RICE_003414,Rice,Kerala,KASARAGOD,Summer,2001,1.6717948717948719
RICE_003415,Rice,Kerala,KASARAGOD,Winter,2001,2.010321100917431
RICE_003416,Rice,Kerala,KOLLAM,Autumn,2001,2.1341440243207295
RICE_003417,Rice,Kerala,KOLLAM,Summer,2001,2.375
RICE_003418,Rice,Kerala,KOLLAM,Winter,2001,2.211053652230123
RICE_003419,Rice,Kerala,KOTTAYAM,Autumn,2001,2.05444822557122
RICE_003420,Rice,Kerala,KOTTAYAM,Summer,2001,2.148793565683646
RICE_003421,Rice,Kerala,KOTTAYAM,Winter,2001,2.4361245674740486
RICE_003422,Rice,Kerala,KOZHIKODE,Autumn,2001,1.147239263803681
RICE_003423,Rice,Kerala,KOZHIKODE,Summer,2001,1.7006880733944953
RICE_003424,Rice,Kerala,KOZHIKODE,Winter,2001,1.2468224682246822
RICE_003425,Rice,Kerala,MALAPPURAM,Autumn,2001,1.9271858714533874
RICE_003426,Rice,Kerala,MALAPPURAM,Summer,2001,2.9645966337782936
RICE_003427,Rice,Kerala,MALAPPURAM,Winter,2001,1.8282821079654852
RICE_003428,Rice,Kerala,PALAKKAD,Autumn,2001,2.25301938672514
RICE_003429,Rice,Kerala,PALAKKAD,Summer,2001,2.7927228127555193
RICE_003430,Rice,Kerala,PALAKKAD,Winter,2001,2.335355353788353
RICE_003431,Rice,Kerala,PATHANAMTHITTA,Autumn,2001,2.1585518102372037
RICE_003432,Rice,Kerala,PATHANAMTHITTA,Summer,2001,2.7033492822966507
RICE_003433,Rice,Kerala,PATHANAMTHITTA,Winter,2001,2.318696883852691
RICE_003434,Rice,Kerala,THIRUVANANTHAPURAM,Autumn,2001,2.198741007194245
RICE_003435,Rice,Kerala,THIRUVANANTHAPURAM,Summer,2001,0.75
RICE_003436,Rice,Kerala,THIRUVANANTHAPURAM,Winter,2001,2.1191575302942876
RICE_003437,Rice,Kerala,THRISSUR,Autumn,2001,2.0216128045672344
RICE_003438,Rice,Kerala,THRISSUR,Summer,2001,2.587860988742046
RICE_003439,Rice,Kerala,THRISSUR,Winter,2001,2.305684729999051
RICE_003440,Rice,Kerala,WAYANAD,Summer,2001,2.4901761517615175
RICE_003441,Rice,Kerala,WAYANAD,Winter,2001,2.496718166212259
RICE_003442,Rice,Madhya Pradesh,BALAGHAT,Kharif,2001,1.4356238400827324
RICE_003443,Rice,Madhya Pradesh,BARWANI,Kharif,2001,0.4206471494607088
RICE_003444,Rice,Madhya Pradesh,BETUL,Kharif,2001,0.880800517655759
RICE_003445,Rice,Madhya Pradesh,BHIND,Kharif,2001,2.130108211330363
RICE_003446,Rice,Madhya Pradesh,BHOPAL,Kharif,2001,0.6419558359621451
RICE_003447,Rice,Madhya Pradesh,CHHATARPUR,Kharif,2001,0.6823807056927416
RICE_003448,Rice,Madhya Pradesh,CHHINDWARA,Kharif,2001,0.4450955714622827
RICE_003449,Rice,Madhya Pradesh,DAMOH,Kharif,2001,0.6247413699226833
RICE_003450,Rice,Madhya Pradesh,DATIA,Kharif,2001,1.1430738119312436
RICE_003451,Rice,Madhya Pradesh,DEWAS,Kharif,2001,0.6423357664233577
RICE_003452,Rice,Madhya Pradesh,DHAR,Kharif,2001,0.4053371799495132
RICE_003453,Rice,Madhya Pradesh,DINDORI,Kharif,2001,0.783284052828701
RICE_003454,Rice,Madhya Pradesh,GUNA,Kharif,2001,0.836937463471654
RICE_003455,Rice,Madhya Pradesh,GWALIOR,Kharif,2001,2.2734452349704126
RICE_003456,Rice,Madhya Pradesh,HARDA,Kharif,2001,1.3782635094110505
RICE_003457,Rice,Madhya Pradesh,HOSHANGABAD,Kharif,2001,1.1858901417192511
RICE_003458,Rice,Madhya Pradesh,INDORE,Kharif,2001,0.5517241379310345
RICE_003459,Rice,Madhya Pradesh,JABALPUR,Kharif,2001,0.8939833686613403
RICE_003460,Rice,Madhya Pradesh,JHABUA,Kharif,2001,0.20218288300279516
RICE_003461,Rice,Madhya Pradesh,KATNI,Kharif,2001,0.8084642312180235
RICE_003462,Rice,Madhya Pradesh,KHANDWA,Kharif,2001,0.7678461942717001
RICE_003463,Rice,Madhya Pradesh,KHARGONE,Kharif,2001,0.3898648648648649
RICE_003464,Rice,Madhya Pradesh,MANDLA,Kharif,2001,0.7536374307318537
RICE_003465,Rice,Madhya Pradesh,MANDSAUR,Kharif,2001,0.5294117647058824
RICE_003466,Rice,Madhya Pradesh,MORENA,Kharif,2001,1.9459893048128343
RICE_003467,Rice,Madhya Pradesh,NARSINGHPUR,Kharif,2001,1.167273278738247
RICE_003468,Rice,Madhya Pradesh,NEEMUCH,Kharif,2001,0.48148148148148145
RICE_003469,Rice,Madhya Pradesh,PANNA,Kharif,2001,0.5480598809975946
RICE_003470,Rice,Madhya Pradesh,RAISEN,Kharif,2001,0.5797421731123389
RICE_003471,Rice,Madhya Pradesh,RAJGARH,Kharif,2001,0.38817480719794345
RICE_003472,Rice,Madhya Pradesh,RATLAM,Kharif,2001,0.48885149347917545
RICE_003473,Rice,Madhya Pradesh,REWA,Kharif,2001,0.9393660116783703
RICE_003474,Rice,Madhya Pradesh,SAGAR,Kharif,2001,0.5226371792196954
RICE_003475,Rice,Madhya Pradesh,SATNA,Kharif,2001,1.0320034838560599
RICE_003476,Rice,Madhya Pradesh,SEHORE,Kharif,2001,0.6076388888888888
RICE_003477,Rice,Madhya Pradesh,SEONI,Kharif,2001,0.9693669925680686
RICE_003478,Rice,Madhya Pradesh,SHAHDOL,Kharif,2001,0.9195248444374079
RICE_003479,Rice,Madhya Pradesh,SHAJAPUR,Kharif,2001,0.4757085020242915
RICE_003480,Rice,Madhya Pradesh,SHEOPUR,Kharif,2001,2.36223191566703
RICE_003481,Rice,Madhya Pradesh,SHIVPURI,Kharif,2001,1.095320351758794
RICE_003482,Rice,Madhya Pradesh,SIDHI,Kharif,2001,0.7130884593792606
RICE_003483,Rice,Madhya Pradesh,TIKAMGARH,Kharif,2001,0.6895018561685229
RICE_003484,Rice,Madhya Pradesh,UJJAIN,Kharif,2001,0.4
RICE_003485,Rice,Madhya Pradesh,UMARIA,Kharif,2001,0.4828347344197624
RICE_003486,Rice,Madhya Pradesh,VIDISHA,Kharif,2001,0.5986486486486486
RICE_003487,Rice,Maharashtra,AHMEDNAGAR,Kharif,2001,0.5616438356164384
RICE_003488,Rice,Maharashtra,AMRAVATI,Kharif,2001,0.941747572815534
RICE_003489,Rice,Maharashtra,AURANGABAD,Kharif,2001,0.6
RICE_003490,Rice,Maharashtra,BEED,Kharif,2001,0.625
RICE_003491,Rice,Maharashtra,BHANDARA,Kharif,2001,1.3728932584269662
RICE_003492,Rice,Maharashtra,BHANDARA,Summer,2001,2.15
RICE_003493,Rice,Maharashtra,BULDHANA,Kharif,2001,1.0
RICE_003494,Rice,Maharashtra,CHANDRAPUR,Kharif,2001,1.4440078585461689
RICE_003495,Rice,Maharashtra,CHANDRAPUR,Summer,2001,1.2
RICE_003496,Rice,Maharashtra,DHULE,Kharif,2001,1.1428571428571428
RICE_003497,Rice,Maharashtra,GADCHIROLI,Kharif,2001,1.1527093596059113
RICE_003498,Rice,Maharashtra,GADCHIROLI,Summer,2001,1.6333333333333333
RICE_003499,Rice,Maharashtra,GONDIA,Kharif,2001,1.3014623172103488
RICE_003500,Rice,Maharashtra,GONDIA,Summer,2001,1.911764705882353
RICE_003501,Rice,Maharashtra,HINGOLI,Kharif,2001,0.6689655172413793
RICE_003502,Rice,Maharashtra,JALGAON,Kharif,2001,0.5833333333333334
RICE_003503,Rice,Maharashtra,JALNA,Kharif,2001,0.6666666666666666
RICE_003504,Rice,Maharashtra,KOLHAPUR,Kharif,2001,2.732766761095373
RICE_003505,Rice,Maharashtra,KOLHAPUR,Summer,2001,2.75
RICE_003506,Rice,Maharashtra,LATUR,Kharif,2001,0.6473429951690821
RICE_003507,Rice,Maharashtra,NAGPUR,Kharif,2001,1.2870588235294118
RICE_003508,Rice,Maharashtra,NAGPUR,Summer,2001,2.0
RICE_003509,Rice,Maharashtra,NANDED,Kharif,2001,1.0209205020920502
RICE_003510,Rice,Maharashtra,NANDURBAR,Kharif,2001,0.615
RICE_003511,Rice,Maharashtra,NASHIK,Kharif,2001,1.2081545064377683
RICE_003512,Rice,Maharashtra,OSMANABAD,Kharif,2001,0.1518987341772152
RICE_003513,Rice,Maharashtra,PARBHANI,Kharif,2001,0.5520833333333334
RICE_003514,Rice,Maharashtra,PUNE,Kharif,2001,1.4619289340101522
RICE_003515,Rice,Maharashtra,RAIGAD,Kharif,2001,2.6491228070175437
RICE_003516,Rice,Maharashtra,RAIGAD,Summer,2001,2.963855421686747
RICE_003517,Rice,Maharashtra,RATNAGIRI,Kharif,2001,2.6683673469387754
RICE_003518,Rice,Maharashtra,RATNAGIRI,Summer,2001,3.3333333333333335
RICE_003519,Rice,Maharashtra,SANGLI,Kharif,2001,2.6666666666666665
RICE_003520,Rice,Maharashtra,SATARA,Kharif,2001,1.7309417040358743
RICE_003521,Rice,Maharashtra,SINDHUDURG,Kharif,2001,2.5491251682368774
RICE_003522,Rice,Maharashtra,SINDHUDURG,Summer,2001,1.8604651162790697
RICE_003523,Rice,Maharashtra,SOLAPUR,Kharif,2001,1.3333333333333333
RICE_003524,Rice,Maharashtra,THANE,Kharif,2001,2.4531024531024532
RICE_003525,Rice,Maharashtra,THANE,Summer,2001,2.125
RICE_003526,Rice,Maharashtra,WARDHA,Kharif,2001,0.6
RICE_003527,Rice,Maharashtra,WASHIM,Kharif,2001,1.0
RICE_003528,Rice,Maharashtra,YAVATMAL,Kharif,2001,1.0
RICE_003529,Rice,Manipur,BISHNUPUR,Kharif,2001,2.702944269190326
RICE_003530,Rice,Manipur,CHANDEL,Kharif,2001,1.3854875283446713
RICE_003531,Rice,Manipur,CHURACHANDPUR,Kharif,2001,1.895500725689405
RICE_003532,Rice,Manipur,IMPHAL EAST,Kharif,2001,2.749442142174052
RICE_003533,Rice,Manipur,IMPHAL WEST,Kharif,2001,3.1644417475728157
RICE_003534,Rice,Manipur,SENAPATI,Kharif,2001,2.2525125628140703
RICE_003535,Rice,Manipur,TAMENGLONG,Kharif,2001,1.2359022556390977
RICE_003536,Rice,Manipur,THOUBAL,Kharif,2001,2.4746677740863787
RICE_003537,Rice,Manipur,UKHRUL,Kharif,2001,2.2475862068965515
RICE_003538,Rice,Meghalaya,EAST GARO HILLS,Kharif,2001,1.7745535714285714
RICE_003539,Rice,Meghalaya,EAST JAINTIA HILLS,Kharif,2001,1.5173822919751259
RICE_003540,Rice,Meghalaya,EAST KHASI HILLS,Kharif,2001,1.8908296943231442
RICE_003541,Rice,Meghalaya,RI BHOI,Kharif,2001,2.5497630331753554
RICE_003542,Rice,Meghalaya,SOUTH GARO HILLS,Kharif,2001,1.1732040546496254
RICE_003543,Rice,Meghalaya,WEST GARO HILLS,Kharif,2001,1.762295718836601
RICE_003544,Rice,Meghalaya,WEST KHASI HILLS,Kharif,2001,1.5959841129744043
RICE_003545,Rice,Mizoram,AIZAWL,Kharif,2001,2.012245052695428
RICE_003546,Rice,Mizoram,CHAMPHAI,Kharif,2001,1.1327461139896373
RICE_003547,Rice,Mizoram,KOLASIB,Kharif,2001,2.1541567695961996
RICE_003548,Rice,Mizoram,LUNGLEI,Kharif,2001,2.007200221545278
RICE_003549,Rice,Nagaland,DIMAPUR,Kharif,2001,1.820532319391635
RICE_003550,Rice,Nagaland,DIMAPUR,Rabi,2001,1.12
RICE_003551,Rice,Nagaland,KOHIMA,Kharif,2001,1.5802139037433156
RICE_003552,Rice,Nagaland,MOKOKCHUNG,Kharif,2001,1.396950578338591
RICE_003553,Rice,Nagaland,MON,Kharif,2001,1.390728476821192
RICE_003554,Rice,Nagaland,PHEK,Kharif,2001,1.767142199723884
RICE_003555,Rice,Nagaland,TUENSANG,Kharif,2001,1.2924474730266893
RICE_003556,Rice,Nagaland,WOKHA,Kharif,2001,1.528443113772455
RICE_003557,Rice,Nagaland,WOKHA,Rabi,2001,2.4
RICE_003558,Rice,Nagaland,ZUNHEBOTO,Kharif,2001,1.1036363636363635
RICE_003559,Rice,Odisha,ANUGUL,Kharif,2001,1.654867256637168
RICE_003560,Rice,Odisha,BALANGIR,Kharif,2001,1.5432692307692308
RICE_003561,Rice,Odisha,BALESHWAR,Kharif,2001,1.7732793522267207
RICE_003562,Rice,Odisha,BARGARH,Kharif,2001,1.9803921568627452
RICE_003563,Rice,Odisha,BHADRAK,Kharif,2001,1.9423076923076923
RICE_003564,Rice,Odisha,BOUDH,Kharif,2001,1.2571428571428571
RICE_003565,Rice,Odisha,CUTTACK,Kharif,2001,1.6830985915492958
RICE_003566,Rice,Odisha,DEOGARH,Kharif,2001,1.3076923076923077
RICE_003567,Rice,Odisha,DHENKANAL,Kharif,2001,1.872
RICE_003568,Rice,Odisha,GAJAPATI,Kharif,2001,1.975609756097561
RICE_003569,Rice,Odisha,GANJAM,Kharif,2001,2.179310344827586
RICE_003570,Rice,Odisha,JAGATSINGHAPUR,Kharif,2001,1.7311827956989247
RICE_003571,Rice,Odisha,JAJAPUR,Kharif,2001,1.6134453781512605
RICE_003572,Rice,Odisha,JHARSUGUDA,Kharif,2001,1.5076923076923077
RICE_003573,Rice,Odisha,KALAHANDI,Kharif,2001,1.3854961832061068
RICE_003574,Rice,Odisha,KANDHAMAL,Kharif,2001,1.5344827586206897
RICE_003575,Rice,Odisha,KENDRAPARA,Kharif,2001,1.4516129032258065
RICE_003576,Rice,Odisha,KENDUJHAR,Kharif,2001,1.3443396226415094
RICE_003577,Rice,Odisha,KHORDHA,Kharif,2001,1.5038167938931297
RICE_003578,Rice,Odisha,KORAPUT,Kharif,2001,1.5106382978723405
RICE_003579,Rice,Odisha,MALKANGIRI,Kharif,2001,1.0918367346938775
RICE_003580,Rice,Odisha,MAYURBHANJ,Kharif,2001,1.547008547008547
RICE_003581,Rice,Odisha,NABARANGPUR,Kharif,2001,1.283132530120482
RICE_003582,Rice,Odisha,NAYAGARH,Kharif,2001,1.6415094339622642
RICE_003583,Rice,Odisha,NUAPADA,Kharif,2001,1.2702702702702702
RICE_003584,Rice,Odisha,PURI,Kharif,2001,1.6884057971014492
RICE_003585,Rice,Odisha,RAYAGADA,Kharif,2001,1.5303030303030303
RICE_003586,Rice,Odisha,SAMBALPUR,Kharif,2001,1.8551724137931034
RICE_003587,Rice,Odisha,SONEPUR,Kharif,2001,1.8888888888888888
RICE_003588,Rice,Odisha,SUNDARGARH,Kharif,2001,0.9838056680161943
RICE_003589,Rice,Puducherry,KARAIKAL,Kharif,2001,2.0535319446060747
RICE_003590,Rice,Puducherry,MAHE,Kharif,2001,2.0
RICE_003591,Rice,Puducherry,PONDICHERRY,Kharif,2001,2.783830038359398
RICE_003592,Rice,Puducherry,YANAM,Kharif,2001,2.8333333333333335
RICE_003593,Rice,Punjab,AMRITSAR,Kharif,2001,3.0031347962382444
RICE_003594,Rice,Punjab,BATHINDA,Kharif,2001,3.7439024390243905
RICE_003595,Rice,Punjab,FARIDKOT,Kharif,2001,3.8142857142857145
RICE_003596,Rice,Punjab,FATEHGARH SAHIB,Kharif,2001,4.0
RICE_003597,Rice,Punjab,FIROZEPUR,Kharif,2001,3.756521739130435
RICE_003598,Rice,Punjab,GURDASPUR,Kharif,2001,2.943298969072165
RICE_003599,Rice,Punjab,HOSHIARPUR,Kharif,2001,2.85
RICE_003600,Rice,Punjab,JALANDHAR,Kharif,2001,3.371212121212121
RICE_003601,Rice,Punjab,KAPURTHALA,Kharif,2001,3.466019417475728
RICE_003602,Rice,Punjab,LUDHIANA,Kharif,2001,3.8978723404255318
RICE_003603,Rice,Punjab,MANSA,Kharif,2001,3.5588235294117645
RICE_003604,Rice,Punjab,MOGA,Kharif,2001,3.834437086092715
RICE_003605,Rice,Punjab,MUKTSAR,Kharif,2001,3.6769230769230767
RICE_003606,Rice,Punjab,NAWANSHAHR,Kharif,2001,3.1777777777777776
RICE_003607,Rice,Punjab,PATIALA,Kharif,2001,3.6031746031746033
RICE_003608,Rice,Punjab,RUPNAGAR,Kharif,2001,3.196078431372549
RICE_003609,Rice,Punjab,SANGRUR,Kharif,2001,3.902578796561605
RICE_003610,Rice,Rajasthan,AJMER,Kharif,2001,1.2549019607843137
RICE_003611,Rice,Rajasthan,ALWAR,Kharif,2001,1.2481751824817517
RICE_003612,Rice,Rajasthan,BANSWARA,Kharif,2001,0.34348242301760357
RICE_003613,Rice,Rajasthan,BARAN,Kharif,2001,1.5488313856427378
RICE_003614,Rice,Rajasthan,BHARATPUR,Kharif,2001,1.3324468085106382
RICE_003615,Rice,Rajasthan,BHILWARA,Kharif,2001,1.24609375
RICE_003616,Rice,Rajasthan,BUNDI,Kharif,2001,1.0608977641235706
RICE_003617,Rice,Rajasthan,CHITTORGARH,Kharif,2001,1.2472677595628416
RICE_003618,Rice,Rajasthan,DAUSA,Kharif,2001,1.0
RICE_003619,Rice,Rajasthan,DHOLPUR,Kharif,2001,1.2470288624787775
RICE_003620,Rice,Rajasthan,DUNGARPUR,Kharif,2001,0.41388024883359253
RICE_003621,Rice,Rajasthan,GANGANAGAR,Kharif,2001,2.2460136674259683
RICE_003622,Rice,Rajasthan,HANUMANGARH,Kharif,2001,3.047698006703122
RICE_003623,Rice,Rajasthan,JAIPUR,Kharif,2001,1.2222222222222223
RICE_003624,Rice,Rajasthan,JHALAWAR,Kharif,2001,1.2466367713004485
RICE_003625,Rice,Rajasthan,KARAULI,Kharif,2001,0.23234811165845648
RICE_003626,Rice,Rajasthan,KOTA,Kharif,2001,1.8292181069958848
RICE_003627,Rice,Rajasthan,RAJSAMAND,Kharif,2001,1.2459677419354838
RICE_003628,Rice,Rajasthan,SAWAI MADHOPUR,Kharif,2001,1.2478873239436619
RICE_003629,Rice,Rajasthan,SIROHI,Kharif,2001,1.2857142857142858
RICE_003630,Rice,Rajasthan,TONK,Kharif,2001,1.25
RICE_003631,Rice,Rajasthan,UDAIPUR,Kharif,2001,1.1221301020408163
RICE_003632,Rice,Sikkim,EAST DISTRICT,Kharif,2001,1.419672131147541
RICE_003633,Rice,Sikkim,NORTH DISTRICT,Kharif,2001,1.464705882352941
RICE_003634,Rice,Sikkim,SOUTH DISTRICT,Kharif,2001,1.3461538461538463
RICE_003635,Rice,Sikkim,WEST DISTRICT,Kharif,2001,1.4843137254901961
RICE_003636,Rice,Tamil Nadu,COIMBATORE,Kharif,2001,3.5267349260523324
RICE_003637,Rice,Tamil Nadu,CUDDALORE,Kharif,2001,3.71681660899654
RICE_003638,Rice,Tamil Nadu,DHARMAPURI,Kharif,2001,3.4878713144623994
RICE_003639,Rice,Tamil Nadu,DINDIGUL,Kharif,2001,4.739227617037129
RICE_003640,Rice,Tamil Nadu,ERODE,Kharif,2001,4.634267147442247
RICE_003641,Rice,Tamil Nadu,KANCHIPURAM,Kharif,2001,3.5435039952648713
RICE_003642,Rice,Tamil Nadu,KANNIYAKUMARI,Kharif,2001,4.300187750185979
RICE_003643,Rice,Tamil Nadu,KARUR,Kharif,2001,3.6115580153163007
RICE_003644,Rice,Tamil Nadu,MADURAI,Kharif,2001,3.986291115644861
RICE_003645,Rice,Tamil Nadu,NAGAPATTINAM,Kharif,2001,2.5406353074020145
RICE_003646,Rice,Tamil Nadu,NAMAKKAL,Kharif,2001,4.569542624408969
RICE_003647,Rice,Tamil Nadu,PERAMBALUR,Kharif,2001,2.4358763901998604
RICE_003648,Rice,Tamil Nadu,PUDUKKOTTAI,Kharif,2001,2.6419161676646707
RICE_003649,Rice,Tamil Nadu,RAMANATHAPURAM,Kharif,2001,1.3644723210485314
RICE_003650,Rice,Tamil Nadu,SALEM,Kharif,2001,4.418921549542534
RICE_003651,Rice,Tamil Nadu,SIVAGANGA,Kharif,2001,2.0662558579085
RICE_003652,Rice,Tamil Nadu,THANJAVUR,Kharif,2001,2.9228095191011705
RICE_003653,Rice,Tamil Nadu,THE NILGIRIS,Kharif,2001,3.9182915506035285
RICE_003654,Rice,Tamil Nadu,THENI,Kharif,2001,4.470210079210194
RICE_003655,Rice,Tamil Nadu,THIRUVALLUR,Kharif,2001,3.4060918006396816
RICE_003656,Rice,Tamil Nadu,THIRUVARUR,Kharif,2001,2.633383317498655
RICE_003657,Rice,Tamil Nadu,TIRUCHIRAPPALLI,Kharif,2001,4.100142428474633
RICE_003658,Rice,Tamil Nadu,TIRUNELVELI,Kharif,2001,4.030534987427587
RICE_003659,Rice,Tamil Nadu,TIRUVANNAMALAI,Kharif,2001,3.023604590505999
RICE_003660,Rice,Tamil Nadu,TUTICORIN,Kharif,2001,4.193706499362808
RICE_003661,Rice,Tamil Nadu,VELLORE,Kharif,2001,3.8948314008617104
RICE_003662,Rice,Tamil Nadu,VILLUPURAM,Kharif,2001,3.6072771688470318
RICE_003663,Rice,Tamil Nadu,VIRUDHUNAGAR,Kharif,2001,3.1397168912481286
RICE_003664,Rice,Telangana,ADILABAD,Kharif,2001,2.231999168621396
RICE_003665,Rice,Telangana,ADILABAD,Rabi,2001,2.3909666871040263
RICE_003666,Rice,Telangana,KARIMNAGAR,Kharif,2001,3.039998866486249
RICE_003667,Rice,Telangana,KARIMNAGAR,Rabi,2001,3.2189967734746676
RICE_003668,Rice,Telangana,KHAMMAM,Kharif,2001,2.5820000810077364
RICE_003669,Rice,Telangana,KHAMMAM,Rabi,2001,3.4840024300106314
RICE_003670,Rice,Telangana,MAHBUBNAGAR,Kharif,2001,2.4219992900061795
RICE_003671,Rice,Telangana,MAHBUBNAGAR,Rabi,2001,2.349006904224338
RICE_003672,Rice,Telangana,MEDAK,Kharif,2001,2.5089990527312915
RICE_003673,Rice,Telangana,MEDAK,Rabi,2001,2.640012330456227
RICE_003674,Rice,Telangana,NALGONDA,Kharif,2001,2.774001121547736
RICE_003675,Rice,Telangana,NALGONDA,Rabi,2001,2.586998063098782
RICE_003676,Rice,Telangana,NIZAMABAD,Kharif,2001,2.484002098085497
RICE_003677,Rice,Telangana,NIZAMABAD,Rabi,2001,2.6910056422170596
RICE_003678,Rice,Telangana,RANGAREDDI,Kharif,2001,2.6499880487610548
RICE_003679,Rice,Telangana,RANGAREDDI,Rabi,2001,2.6640140649578976
RICE_003680,Rice,Telangana,WARANGAL,Kharif,2001,2.8410001923446817
RICE_003681,Rice,Telangana,WARANGAL,Rabi,2001,2.9419979818365287
RICE_003682,Rice,Tripura,DHALAI,Kharif,2001,1.8708058952649733
RICE_003683,Rice,Tripura,NORTH TRIPURA,Kharif,2001,2.25222702977857
RICE_003684,Rice,Tripura,SOUTH TRIPURA,Kharif,2001,2.448077659982118
RICE_003685,Rice,Tripura,WEST TRIPURA,Kharif,2001,2.5450246710526314
RICE_003686,Rice,Uttar Pradesh,AGRA,Kharif,2001,1.8786039453717753
RICE_003687,Rice,Uttar Pradesh,ALIGARH,Kharif,2001,1.9354905806144886
RICE_003688,Rice,Uttar Pradesh,ALLAHABAD,Kharif,2001,1.9995551845709454
RICE_003689,Rice,Uttar Pradesh,AMBEDKAR NAGAR,Kharif,2001,2.418695141449408
RICE_003690,Rice,Uttar Pradesh,AMROHA,Kharif,2001,2.225599459642013
RICE_003691,Rice,Uttar Pradesh,AURAIYA,Kharif,2001,2.433855957723767
RICE_003692,Rice,Uttar Pradesh,AZAMGARH,Kharif,2001,2.068316047592241
RICE_003693,Rice,Uttar Pradesh,BAGHPAT,Kharif,2001,2.2820642124726844
RICE_003694,Rice,Uttar Pradesh,BAHRAICH,Kharif,2001,1.9700777859010585
RICE_003695,Rice,Uttar Pradesh,BALLIA,Kharif,2001,1.9355682693183418
RICE_003696,Rice,Uttar Pradesh,BALLIA,Summer,2001,2.0
RICE_003697,Rice,Uttar Pradesh,BALRAMPUR,Kharif,2001,1.8962853230210064
RICE_003698,Rice,Uttar Pradesh,BANDA,Kharif,2001,1.3988788728126658
RICE_003699,Rice,Uttar Pradesh,BARABANKI,Kharif,2001,2.1212212798378007
RICE_003700,Rice,Uttar Pradesh,BAREILLY,Kharif,2001,2.0689198106767397
RICE_003701,Rice,Uttar Pradesh,BAREILLY,Summer,2001,2.070063694267516
RICE_003702,Rice,Uttar Pradesh,BASTI,Kharif,2001,2.1286507119359133
RICE_003703,Rice,Uttar Pradesh,BIJNOR,Kharif,2001,3.012666264071476
RICE_003704,Rice,Uttar Pradesh,BIJNOR,Summer,2001,3.0
RICE_003705,Rice,Uttar Pradesh,BUDAUN,Kharif,2001,1.5630746420972572
RICE_003706,Rice,Uttar Pradesh,BUDAUN,Summer,2001,1.5609756097560976
RICE_003707,Rice,Uttar Pradesh,BULANDSHAHR,Kharif,2001,2.2501830114855483
RICE_003708,Rice,Uttar Pradesh,BULANDSHAHR,Summer,2001,2.0
RICE_003709,Rice,Uttar Pradesh,CHANDAULI,Kharif,2001,2.853173445113593
RICE_003710,Rice,Uttar Pradesh,CHITRAKOOT,Kharif,2001,1.1346460036089587
RICE_003711,Rice,Uttar Pradesh,DEORIA,Kharif,2001,1.9482740968836876
RICE_003712,Rice,Uttar Pradesh,ETAH,Kharif,2001,1.4978858963220387
RICE_003713,Rice,Uttar Pradesh,ETAH,Summer,2001,1.0
RICE_003714,Rice,Uttar Pradesh,ETAWAH,Kharif,2001,2.21054483729403
RICE_003715,Rice,Uttar Pradesh,FAIZABAD,Kharif,2001,2.399030570619571
RICE_003716,Rice,Uttar Pradesh,FARRUKHABAD,Kharif,2001,2.1026841884523977
RICE_003717,Rice,Uttar Pradesh,FATEHPUR,Kharif,2001,2.037882057922756
RICE_003718,Rice,Uttar Pradesh,FIROZABAD,Kharif,2001,1.7593828190158465
RICE_003719,Rice,Uttar Pradesh,GAUTAM BUDDHA NAGAR,Kharif,2001,2.684680689305626
RICE_003720,Rice,Uttar Pradesh,GHAZIABAD,Kharif,2001,2.3573928672784032
RICE_003721,Rice,Uttar Pradesh,GHAZIPUR,Kharif,2001,2.1979622380842736
RICE_003722,Rice,Uttar Pradesh,GONDA,Kharif,2001,2.0081263733985653
RICE_003723,Rice,Uttar Pradesh,GONDA,Summer,2001,2.0
RICE_003724,Rice,Uttar Pradesh,GORAKHPUR,Kharif,2001,1.6865536621670174
RICE_003725,Rice,Uttar Pradesh,GORAKHPUR,Summer,2001,1.6875
RICE_003726,Rice,Uttar Pradesh,HAMIRPUR,Kharif,2001,1.3325757575757575
RICE_003727,Rice,Uttar Pradesh,HARDOI,Kharif,2001,1.7144684470589764
RICE_003728,Rice,Uttar Pradesh,HATHRAS,Kharif,2001,1.3779137529137528
RICE_003729,Rice,Uttar Pradesh,JALAUN,Kharif,2001,0.7061524334251607
RICE_003730,Rice,Uttar Pradesh,JAUNPUR,Kharif,2001,2.0693323889881134
RICE_003731,Rice,Uttar Pradesh,JAUNPUR,Summer,2001,2.0
RICE_003732,Rice,Uttar Pradesh,JHANSI,Kharif,2001,0.7056262558606832
RICE_003733,Rice,Uttar Pradesh,KANNAUJ,Kharif,2001,1.9652299101300061
RICE_003734,Rice,Uttar Pradesh,KANPUR NAGAR,Kharif,2001,1.9426698229924697
RICE_003735,Rice,Uttar Pradesh,KAUSHAMBI,Kharif,2001,2.184020202020202
RICE_003736,Rice,Uttar Pradesh,KHERI,Kharif,2001,2.5827303965509882
RICE_003737,Rice,Uttar Pradesh,KHERI,Summer,2001,2.5859375
RICE_003738,Rice,Uttar Pradesh,KUSHI NAGAR,Kharif,2001,2.4228241352440967
RICE_003739,Rice,Uttar Pradesh,LALITPUR,Kharif,2001,0.704640215198386
RICE_003740,Rice,Uttar Pradesh,LUCKNOW,Kharif,2001,1.720538335430249
RICE_003741,Rice,Uttar Pradesh,LUCKNOW,Summer,2001,1.5
RICE_003742,Rice,Uttar Pradesh,MAHARAJGANJ,Kharif,2001,2.2420153000963072
RICE_003743,Rice,Uttar Pradesh,MAHARAJGANJ,Summer,2001,2.2443181818181817
RICE_003744,Rice,Uttar Pradesh,MAHOBA,Kharif,2001,1.3319148936170213
RICE_003745,Rice,Uttar Pradesh,MAINPURI,Kharif,2001,2.092838392976316
RICE_003746,Rice,Uttar Pradesh,MATHURA,Kharif,2001,2.053809111568012
RICE_003747,Rice,Uttar Pradesh,MAU,Kharif,2001,1.9111510870280588
RICE_003748,Rice,Uttar Pradesh,MEERUT,Kharif,2001,2.1469505120314785
RICE_003749,Rice,Uttar Pradesh,MIRZAPUR,Kharif,2001,2.2267461792461343
RICE_003750,Rice,Uttar Pradesh,MORADABAD,Kharif,2001,2.302245617636493
RICE_003751,Rice,Uttar Pradesh,MUZAFFARNAGAR,Kharif,2001,2.6626146968865188
RICE_003752,Rice,Uttar Pradesh,PILIBHIT,Kharif,2001,3.034624145785877
RICE_003753,Rice,Uttar Pradesh,PILIBHIT,Summer,2001,3.035230352303523
RICE_003754,Rice,Uttar Pradesh,PRATAPGARH,Kharif,2001,1.9929466612763103
RICE_003755,Rice,Uttar Pradesh,RAE BARELI,Kharif,2001,2.0961659685937217
RICE_003756,Rice,Uttar Pradesh,RAMPUR,Kharif,2001,2.4002165752237943
RICE_003757,Rice,Uttar Pradesh,RAMPUR,Summer,2001,2.400462962962963
RICE_003758,Rice,Uttar Pradesh,SAHARANPUR,Kharif,2001,2.254921335824237
RICE_003759,Rice,Uttar Pradesh,SANT KABEER NAGAR,Kharif,2001,2.2018697672330587
RICE_003760,Rice,Uttar Pradesh,SANT KABEER NAGAR,Summer,2001,2.2
RICE_003761,Rice,Uttar Pradesh,SANT RAVIDAS NAGAR,Kharif,2001,2.083401471790679
RICE_003762,Rice,Uttar Pradesh,SHAHJAHANPUR,Kharif,2001,2.3804432684621175
RICE_003763,Rice,Uttar Pradesh,SHAHJAHANPUR,Summer,2001,2.379968203497615
RICE_003764,Rice,Uttar Pradesh,SHRAVASTI,Kharif,2001,1.9265930791629986
RICE_003765,Rice,Uttar Pradesh,SIDDHARTH NAGAR,Kharif,2001,1.8447832633122283
RICE_003766,Rice,Uttar Pradesh,SIDDHARTH NAGAR,Summer,2001,1.85
RICE_003767,Rice,Uttar Pradesh,SITAPUR,Kharif,2001,1.716862866904799
RICE_003768,Rice,Uttar Pradesh,SONBHADRA,Kharif,2001,2.030074850970373
RICE_003769,Rice,Uttar Pradesh,SULTANPUR,Kharif,2001,2.232972632864236
RICE_003770,Rice,Uttar Pradesh,SULTANPUR,Summer,2001,2.235294117647059
RICE_003771,Rice,Uttar Pradesh,UNNAO,Kharif,2001,1.5694830573351062
RICE_003772,Rice,Uttar Pradesh,VARANASI,Kharif,2001,2.504815852840169
RICE_003773,Rice,Uttarakhand,ALMORA,Kharif,2001,1.2547835330498647
RICE_003774,Rice,Uttarakhand,BAGESHWAR,Kharif,2001,1.2327410632769156
RICE_003775,Rice,Uttarakhand,CHAMOLI,Kharif,2001,1.215610370903853
RICE_003776,Rice,Uttarakhand,CHAMPAWAT,Kharif,2001,1.1508989352417525
RICE_003777,Rice,Uttarakhand,CHAMPAWAT,Rabi,2001,1.3333333333333333
RICE_003778,Rice,Uttarakhand,DEHRADUN,Kharif,2001,1.825501346902125
RICE_003779,Rice,Uttarakhand,HARIDWAR,Kharif,2001,2.1058475203552924
RICE_003780,Rice,Uttarakhand,HARIDWAR,Rabi,2001,2.0
RICE_003781,Rice,Uttarakhand,NAINITAL,Kharif,2001,2.4214588961790815
RICE_003782,Rice,Uttarakhand,NAINITAL,Rabi,2001,2.5555555555555554
RICE_003783,Rice,Uttarakhand,PAURI GARHWAL,Kharif,2001,1.1068351522113729
RICE_003784,Rice,Uttarakhand,PITHORAGARH,Kharif,2001,1.2428261811876897
RICE_003785,Rice,Uttarakhand,RUDRA PRAYAG,Kharif,2001,1.2269259697002257
RICE_003786,Rice,Uttarakhand,TEHRI GARHWAL,Kharif,2001,1.627686274509804
RICE_003787,Rice,Uttarakhand,UDAM SINGH NAGAR,Kharif,2001,3.052738272465237
RICE_003788,Rice,Uttarakhand,UDAM SINGH NAGAR,Rabi,2001,3.1628849270664507
RICE_003789,Rice,Uttarakhand,UTTAR KASHI,Kharif,2001,1.440577743311361
RICE_003790,Rice,West Bengal,24 PARAGANAS NORTH,Autumn,2001,2.312698025834755
RICE_003791,Rice,West Bengal,24 PARAGANAS NORTH,Summer,2001,3.1584575599333022
RICE_003792,Rice,West Bengal,24 PARAGANAS NORTH,Winter,2001,2.3334626370913707
RICE_003793,Rice,West Bengal,24 PARAGANAS SOUTH,Autumn,2001,2.810416482447608
RICE_003794,Rice,West Bengal,24 PARAGANAS SOUTH,Summer,2001,2.867023346303502
RICE_003795,Rice,West Bengal,24 PARAGANAS SOUTH,Winter,2001,2.1899236568545195
RICE_003796,Rice,West Bengal,BANKURA,Autumn,2001,2.5444665487768936
RICE_003797,Rice,West Bengal,BANKURA,Summer,2001,2.454937503286994
RICE_003798,Rice,West Bengal,BANKURA,Winter,2001,2.876582179668051
RICE_003799,Rice,West Bengal,BARDHAMAN,Autumn,2001,2.644783618523961
RICE_003800,Rice,West Bengal,BARDHAMAN,Summer,2001,3.2930008008237044
RICE_003801,Rice,West Bengal,BARDHAMAN,Winter,2001,2.7474736424023765
RICE_003802,Rice,West Bengal,BIRBHUM,Autumn,2001,2.4110562075355157
RICE_003803,Rice,West Bengal,BIRBHUM,Summer,2001,2.885325534398574
RICE_003804,Rice,West Bengal,BIRBHUM,Winter,2001,2.961020828936474
RICE_003805,Rice,West Bengal,COOCHBEHAR,Autumn,2001,1.5692022133501435
RICE_003806,Rice,West Bengal,COOCHBEHAR,Summer,2001,2.4687743673353655
RICE_003807,Rice,West Bengal,COOCHBEHAR,Winter,2001,1.583545015173654
RICE_003808,Rice,West Bengal,DARJEELING,Autumn,2001,1.4401632653061225
RICE_003809,Rice,West Bengal,DARJEELING,Summer,2001,2.044878048780488
RICE_003810,Rice,West Bengal,DARJEELING,Winter,2001,1.6740825449630938
RICE_003811,Rice,West Bengal,DINAJPUR DAKSHIN,Autumn,2001,1.6691225720026792
RICE_003812,Rice,West Bengal,DINAJPUR DAKSHIN,Summer,2001,2.6806079608864324
RICE_003813,Rice,West Bengal,DINAJPUR DAKSHIN,Winter,2001,1.8795783542213154
RICE_003814,Rice,West Bengal,DINAJPUR UTTAR,Autumn,2001,1.0894941634241244
RICE_003815,Rice,West Bengal,DINAJPUR UTTAR,Summer,2001,2.8456964106506097
RICE_003816,Rice,West Bengal,DINAJPUR UTTAR,Winter,2001,1.549203373945642
RICE_003817,Rice,West Bengal,HOOGHLY,Autumn,2001,2.484518700183936
RICE_003818,Rice,West Bengal,HOOGHLY,Summer,2001,2.7224173305484185
RICE_003819,Rice,West Bengal,HOOGHLY,Winter,2001,2.7346131122157935
RICE_003820,Rice,West Bengal,HOWRAH,Autumn,2001,2.398406374501992
RICE_003821,Rice,West Bengal,HOWRAH,Summer,2001,2.6426265482244213
RICE_003822,Rice,West Bengal,HOWRAH,Winter,2001,2.151920114585304
RICE_003823,Rice,West Bengal,JALPAIGURI,Autumn,2001,1.4817115721750378
RICE_003824,Rice,West Bengal,JALPAIGURI,Summer,2001,2.302764825020018
RICE_003825,Rice,West Bengal,JALPAIGURI,Winter,2001,1.5557681281188085
RICE_003826,Rice,West Bengal,MALDAH,Autumn,2001,1.9272744290527892
RICE_003827,Rice,West Bengal,MALDAH,Summer,2001,3.3906973451327436
RICE_003828,Rice,West Bengal,MALDAH,Winter,2001,2.091071577336999
RICE_003829,Rice,West Bengal,MEDINIPUR WEST,Autumn,2001,2.2695416747244246
RICE_003830,Rice,West Bengal,MEDINIPUR WEST,Summer,2001,3.027341419765361
RICE_003831,Rice,West Bengal,MEDINIPUR WEST,Winter,2001,2.2591282416864855
RICE_003832,Rice,West Bengal,MURSHIDABAD,Autumn,2001,2.01319016508316
RICE_003833,Rice,West Bengal,MURSHIDABAD,Summer,2001,3.4134397267219985
RICE_003834,Rice,West Bengal,MURSHIDABAD,Winter,2001,2.5796024362949863
RICE_003835,Rice,West Bengal,NADIA,Autumn,2001,2.2357682619647354
RICE_003836,Rice,West Bengal,NADIA,Summer,2001,3.4230870213951343
RICE_003837,Rice,West Bengal,NADIA,Winter,2001,2.3088482086495974
RICE_003838,Rice,West Bengal,PURULIA,Autumn,2001,2.3164112388250317
RICE_003839,Rice,West Bengal,PURULIA,Summer,2001,1.8004946413849958
RICE_003840,Rice,West Bengal,PURULIA,Winter,2001,2.533697456418875
RICE_003841,Rice,Andaman and Nicobar Islands,NICOBARS,Kharif,2002,2.7
RICE_003842,Rice,Andaman and Nicobar Islands,SOUTH ANDAMANS,Kharif,2002,2.954507376727314
RICE_003843,Rice,Andhra Pradesh,ANANTAPUR,Kharif,2002,2.2820133489300214
RICE_003844,Rice,Andhra Pradesh,ANANTAPUR,Rabi,2002,1.866970802919708
RICE_003845,Rice,Andhra Pradesh,CHITTOOR,Kharif,2002,2.48398470477231
RICE_003846,Rice,Andhra Pradesh,CHITTOOR,Rabi,2002,2.558000932276753
RICE_003847,Rice,Andhra Pradesh,EAST GODAVARI,Kharif,2002,2.829001740166009
RICE_003848,Rice,Andhra Pradesh,EAST GODAVARI,Rabi,2002,4.622003814821427
RICE_003849,Rice,Andhra Pradesh,GUNTUR,Kharif,2002,3.186998960350426
RICE_003850,Rice,Andhra Pradesh,GUNTUR,Rabi,2002,2.7190721649484537
RICE_003851,Rice,Andhra Pradesh,KADAPA,Kharif,2002,2.0549950832210366
RICE_003852,Rice,Andhra Pradesh,KADAPA,Rabi,2002,1.787025969792459
RICE_003853,Rice,Andhra Pradesh,KRISHNA,Kharif,2002,3.1209995490139804
RICE_003854,Rice,Andhra Pradesh,KRISHNA,Rabi,2002,2.603203661327231
RICE_003855,Rice,Andhra Pradesh,KURNOOL,Kharif,2002,2.095999833152582
RICE_003856,Rice,Andhra Pradesh,KURNOOL,Rabi,2002,2.2649899763076364
RICE_003857,Rice,Andhra Pradesh,PRAKASAM,Kharif,2002,2.4370066472787704
RICE_003858,Rice,Andhra Pradesh,PRAKASAM,Rabi,2002,2.2569932717478314
RICE_003859,Rice,Andhra Pradesh,SPSR NELLORE,Kharif,2002,3.2799982421832086
RICE_003860,Rice,Andhra Pradesh,SPSR NELLORE,Rabi,2002,3.0139978314031284
RICE_003861,Rice,Andhra Pradesh,SRIKAKULAM,Kharif,2002,1.7470028991563715
RICE_003862,Rice,Andhra Pradesh,SRIKAKULAM,Rabi,2002,2.5348101265822787
RICE_003863,Rice,Andhra Pradesh,VISAKHAPATANAM,Kharif,2002,0.9899941901749403
RICE_003864,Rice,Andhra Pradesh,VISAKHAPATANAM,Rabi,2002,1.5389546351084813
RICE_003865,Rice,Andhra Pradesh,VIZIANAGARAM,Kharif,2002,1.2280014894409277
RICE_003866,Rice,Andhra Pradesh,VIZIANAGARAM,Rabi,2002,2.622895622895623
RICE_003867,Rice,Andhra Pradesh,WEST GODAVARI,Kharif,2002,3.072000522013106
RICE_003868,Rice,Andhra Pradesh,WEST GODAVARI,Rabi,2002,4.326998308761979
RICE_003869,Rice,Arunachal Pradesh,CHANGLANG,Kharif,2002,1.4148397976391232
RICE_003870,Rice,Arunachal Pradesh,DIBANG VALLEY,Kharif,2002,0.9000591366055588
RICE_003871,Rice,Arunachal Pradesh,EAST KAMENG,Kharif,2002,1.2605882352941176
RICE_003872,Rice,Arunachal Pradesh,EAST SIANG,Kharif,2002,2.1577453365774533
RICE_003873,Rice,Arunachal Pradesh,KURUNG KUMEY,Kharif,2002,1.180952380952381
RICE_003874,Rice,Arunachal Pradesh,LOHIT,Kharif,2002,0.9099449074728069
RICE_003875,Rice,Arunachal Pradesh,LOWER DIBANG VALLEY,Kharif,2002,1.4091858037578289
RICE_003876,Rice,Arunachal Pradesh,LOWER SUBANSIRI,Kharif,2002,1.1800675675675676
RICE_003877,Rice,Arunachal Pradesh,PAPUM PARE,Kharif,2002,1.0559006211180124
RICE_003878,Rice,Arunachal Pradesh,TAWANG,Kharif,2002,1.3340683572216097
RICE_003879,Rice,Arunachal Pradesh,TIRAP,Kharif,2002,0.44623655913978494
RICE_003880,Rice,Arunachal Pradesh,UPPER SIANG,Kharif,2002,0.9818181818181818
RICE_003881,Rice,Arunachal Pradesh,UPPER SUBANSIRI,Kharif,2002,1.038716814159292
RICE_003882,Rice,Arunachal Pradesh,WEST KAMENG,Kharif,2002,1.3567251461988303
RICE_003883,Rice,Arunachal Pradesh,WEST SIANG,Kharif,2002,1.1093569889239714
RICE_003884,Rice,Assam,BARPETA,Autumn,2002,0.6004707728520988
RICE_003885,Rice,Assam,BARPETA,Summer,2002,2.1894375
RICE_003886,Rice,Assam,BARPETA,Winter,2002,1.122753768844221
RICE_003887,Rice,Assam,BONGAIGAON,Autumn,2002,0.8850666666666667
RICE_003888,Rice,Assam,BONGAIGAON,Summer,2002,1.5574682481368742
RICE_003889,Rice,Assam,BONGAIGAON,Winter,2002,1.3205231388329979
RICE_003890,Rice,Assam,CACHAR,Autumn,2002,1.9200887902330743
RICE_003891,Rice,Assam,CACHAR,Summer,2002,1.7500548847420416
RICE_003892,Rice,Assam,CACHAR,Winter,2002,2.1472988505747126
RICE_003893,Rice,Assam,DARRANG,Autumn,2002,0.9986926437294729
RICE_003894,Rice,Assam,DARRANG,Summer,2002,1.884625
RICE_003895,Rice,Assam,DARRANG,Winter,2002,1.2282088983281598
RICE_003896,Rice,Assam,DHEMAJI,Autumn,2002,0.7820673453406422
RICE_003897,Rice,Assam,DHEMAJI,Summer,2002,0.8298486932599725
RICE_003898,Rice,Assam,DHEMAJI,Winter,2002,1.2019635065450218
RICE_003899,Rice,Assam,DHUBRI,Autumn,2002,0.8858309659090909
RICE_003900,Rice,Assam,DHUBRI,Summer,2002,2.1239917660897327
RICE_003901,Rice,Assam,DHUBRI,Winter,2002,1.39151786554274
RICE_003902,Rice,Assam,DIBRUGARH,Autumn,2002,1.2163013059701493
RICE_003903,Rice,Assam,DIBRUGARH,Summer,2002,1.8977272727272727
RICE_003904,Rice,Assam,DIBRUGARH,Winter,2002,1.4932583691428865
RICE_003905,Rice,Assam,DIMA HASAO,Autumn,2002,1.4041562759767248
RICE_003906,Rice,Assam,DIMA HASAO,Summer,2002,1.90625
RICE_003907,Rice,Assam,DIMA HASAO,Winter,2002,1.9029761904761904
RICE_003908,Rice,Assam,GOALPARA,Autumn,2002,1.0922872003044526
RICE_003909,Rice,Assam,GOALPARA,Summer,2002,2.447007874015748
RICE_003910,Rice,Assam,GOALPARA,Winter,2002,1.650855188141391
RICE_003911,Rice,Assam,GOLAGHAT,Autumn,2002,1.418261562998405
RICE_003912,Rice,Assam,GOLAGHAT,Summer,2002,2.2521393643031784
RICE_003913,Rice,Assam,GOLAGHAT,Winter,2002,2.07686538212854
RICE_003914,Rice,Assam,HAILAKANDI,Autumn,2002,1.9807692307692308
RICE_003915,Rice,Assam,HAILAKANDI,Summer,2002,1.785
RICE_003916,Rice,Assam,HAILAKANDI,Winter,2002,2.1325454545454545
RICE_003917,Rice,Assam,JORHAT,Autumn,2002,0.6288227901131127
RICE_003918,Rice,Assam,JORHAT,Summer,2002,1.7659574468085106
RICE_003919,Rice,Assam,JORHAT,Winter,2002,1.6301788170563962
RICE_003920,Rice,Assam,KAMRUP,Autumn,2002,0.938693111386577
RICE_003921,Rice,Assam,KAMRUP,Summer,2002,1.6875347368889086
RICE_003922,Rice,Assam,KAMRUP,Winter,2002,1.493890392917246
RICE_003923,Rice,Assam,KARBI ANGLONG,Autumn,2002,1.1439092011783054
RICE_003924,Rice,Assam,KARBI ANGLONG,Summer,2002,1.3514596451058958
RICE_003925,Rice,Assam,KARBI ANGLONG,Winter,2002,1.5342215279195477
RICE_003926,Rice,Assam,KARIMGANJ,Autumn,2002,1.8940371199157562
RICE_003927,Rice,Assam,KARIMGANJ,Summer,2002,2.077049180327869
RICE_003928,Rice,Assam,KARIMGANJ,Winter,2002,2.2172519465899496
RICE_003929,Rice,Assam,KOKRAJHAR,Autumn,2002,1.0834979684646064
RICE_003930,Rice,Assam,KOKRAJHAR,Summer,2002,2.0274358974358972
RICE_003931,Rice,Assam,KOKRAJHAR,Winter,2002,1.3441848299912815
RICE_003932,Rice,Assam,LAKHIMPUR,Autumn,2002,0.5213851837936001
RICE_003933,Rice,Assam,LAKHIMPUR,Summer,2002,0.8643705463182898
RICE_003934,Rice,Assam,LAKHIMPUR,Winter,2002,0.9885218108504399
RICE_003935,Rice,Assam,MARIGAON,Autumn,2002,0.23814180929095355
RICE_003936,Rice,Assam,MARIGAON,Summer,2002,2.24
RICE_003937,Rice,Assam,MARIGAON,Winter,2002,1.254888888888889
RICE_003938,Rice,Assam,NAGAON,Autumn,2002,1.0750036984072193
RICE_003939,Rice,Assam,NAGAON,Summer,2002,2.189594370999281
RICE_003940,Rice,Assam,NAGAON,Winter,2002,1.6944356078680876
RICE_003941,Rice,Assam,NALBARI,Autumn,2002,0.8235779816513762
RICE_003942,Rice,Assam,NALBARI,Summer,2002,1.2729641693811076
RICE_003943,Rice,Assam,NALBARI,Winter,2002,1.2627693426675153
RICE_003944,Rice,Assam,SIVASAGAR,Autumn,2002,0.9589718240237272
RICE_003945,Rice,Assam,SIVASAGAR,Summer,2002,1.9055555555555554
RICE_003946,Rice,Assam,SIVASAGAR,Winter,2002,1.9012483486774059
RICE_003947,Rice,Assam,SONITPUR,Autumn,2002,1.071413120731745
RICE_003948,Rice,Assam,SONITPUR,Summer,2002,1.3461410788381742
RICE_003949,Rice,Assam,SONITPUR,Winter,2002,1.3690306456212153
RICE_003950,Rice,Assam,TINSUKIA,Autumn,2002,1.1968116281795804
RICE_003951,Rice,Assam,TINSUKIA,Summer,2002,1.8992805755395683
RICE_003952,Rice,Assam,TINSUKIA,Winter,2002,1.219123986894292
RICE_003953,Rice,Bihar,ARARIA,Autumn,2002,0.8551583248212462
RICE_003954,Rice,Bihar,ARARIA,Summer,2002,1.398160048704593
RICE_003955,Rice,Bihar,ARARIA,Winter,2002,1.1606459373746947
RICE_003956,Rice,Bihar,AURANGABAD,Winter,2002,1.8942158880253066
RICE_003957,Rice,Bihar,BANKA,Winter,2002,1.412230515300245
RICE_003958,Rice,Bihar,BEGUSARAI,Autumn,2002,1.0463896732553448
RICE_003959,Rice,Bihar,BEGUSARAI,Summer,2002,1.4759206798866855
RICE_003960,Rice,Bihar,BEGUSARAI,Winter,2002,0.9490536146085217
RICE_003961,Rice,Bihar,BHAGALPUR,Autumn,2002,1.144578313253012
RICE_003962,Rice,Bihar,BHAGALPUR,Summer,2002,1.5305555555555554
RICE_003963,Rice,Bihar,BHAGALPUR,Winter,2002,1.1178945947162338
RICE_003964,Rice,Bihar,BHOJPUR,Autumn,2002,1.1971830985915493
RICE_003965,Rice,Bihar,BHOJPUR,Summer,2002,1.6666666666666667
RICE_003966,Rice,Bihar,BHOJPUR,Winter,2002,1.8637899568132126
RICE_003967,Rice,Bihar,BUXAR,Winter,2002,2.507527704601981
RICE_003968,Rice,Bihar,DARBHANGA,Autumn,2002,0.5464325737766156
RICE_003969,Rice,Bihar,DARBHANGA,Summer,2002,1.445615355664283
RICE_003970,Rice,Bihar,DARBHANGA,Winter,2002,0.7987252080819333
RICE_003971,Rice,Bihar,GAYA,Summer,2002,1.5314685314685315
RICE_003972,Rice,Bihar,GAYA,Winter,2002,1.655554952068001
RICE_003973,Rice,Bihar,GOPALGANJ,Autumn,2002,1.2320715086622132
RICE_003974,Rice,Bihar,GOPALGANJ,Summer,2002,1.7272727272727273
RICE_003975,Rice,Bihar,GOPALGANJ,Winter,2002,1.0394621739834764
RICE_003976,Rice,Bihar,JAMUI,Winter,2002,1.3148578278949536
RICE_003977,Rice,Bihar,JEHANABAD,Autumn,2002,1.0960451977401129
RICE_003978,Rice,Bihar,JEHANABAD,Summer,2002,1.5
RICE_003979,Rice,Bihar,JEHANABAD,Winter,2002,1.6429096973561583
RICE_003980,Rice,Bihar,KAIMUR (BHABUA),Autumn,2002,1.0930232558139534
RICE_003981,Rice,Bihar,KAIMUR (BHABUA),Winter,2002,2.6259205653228896
RICE_003982,Rice,Bihar,KATIHAR,Autumn,2002,0.9384035748707614
RICE_003983,Rice,Bihar,KATIHAR,Summer,2002,1.8091378716565263
RICE_003984,Rice,Bihar,KATIHAR,Winter,2002,1.0406821206889736
RICE_003985,Rice,Bihar,KHAGARIA,Autumn,2002,0.2722407231208373
RICE_003986,Rice,Bihar,KHAGARIA,Summer,2002,1.4540420819490587
RICE_003987,Rice,Bihar,KHAGARIA,Winter,2002,0.06608998693135852
RICE_003988,Rice,Bihar,KISHANGANJ,Autumn,2002,0.7335127860026918
RICE_003989,Rice,Bihar,KISHANGANJ,Summer,2002,1.5495471497069793
RICE_003990,Rice,Bihar,KISHANGANJ,Winter,2002,1.0259227590138236
RICE_003991,Rice,Bihar,LAKHISARAI,Autumn,2002,0.5524475524475524
RICE_003992,Rice,Bihar,LAKHISARAI,Winter,2002,1.4406840684068407
RICE_003993,Rice,Bihar,MADHEPURA,Autumn,2002,1.3705882352941177
RICE_003994,Rice,Bihar,MADHEPURA,Summer,2002,1.580258302583026
RICE_003995,Rice,Bihar,MADHEPURA,Winter,2002,1.3141152785027217
RICE_003996,Rice,Bihar,MADHUBANI,Autumn,2002,0.8871209846892825
RICE_003997,Rice,Bihar,MADHUBANI,Summer,2002,1.4540194884287454
RICE_003998,Rice,Bihar,MADHUBANI,Winter,2002,0.7327341111347085
RICE_003999,Rice,Bihar,MUNGER,Winter,2002,1.1928580581777797
RICE_004000,Rice,Bihar,MUZAFFARPUR,Autumn,2002,1.1215494566805706
RICE_004001,Rice,Bihar,MUZAFFARPUR,Summer,2002,2.02
RICE_004002,Rice,Bihar,MUZAFFARPUR,Winter,2002,1.067532229205854
RICE_004003,Rice,Bihar,NALANDA,Winter,2002,0.892062811511871
RICE_004004,Rice,Bihar,NAWADA,Summer,2002,1.7045454545454546
RICE_004005,Rice,Bihar,NAWADA,Winter,2002,1.5237842638967705
RICE_004006,Rice,Bihar,PASHCHIM CHAMPARAN,Autumn,2002,1.7778217821782178
RICE_004007,Rice,Bihar,PASHCHIM CHAMPARAN,Summer,2002,2.043688381983375
RICE_004008,Rice,Bihar,PASHCHIM CHAMPARAN,Winter,2002,1.8603703168908488
RICE_004009,Rice,Bihar,PATNA,Autumn,2002,1.148936170212766
RICE_004010,Rice,Bihar,PATNA,Summer,2002,1.474820143884892
RICE_004011,Rice,Bihar,PATNA,Winter,2002,2.0138714327960963
RICE_004012,Rice,Bihar,PURBI CHAMPARAN,Autumn,2002,1.4824386766946862
RICE_004013,Rice,Bihar,PURBI CHAMPARAN,Summer,2002,2.079903147699758
RICE_004014,Rice,Bihar,PURBI CHAMPARAN,Winter,2002,1.326069223781539
RICE_004015,Rice,Bihar,PURNIA,Autumn,2002,1.1702577914582533
RICE_004016,Rice,Bihar,PURNIA,Summer,2002,1.4799267985817226
RICE_004017,Rice,Bihar,PURNIA,Winter,2002,1.0725005331746904
RICE_004018,Rice,Bihar,ROHTAS,Autumn,2002,1.1640625
RICE_004019,Rice,Bihar,ROHTAS,Summer,2002,1.489795918367347
RICE_004020,Rice,Bihar,ROHTAS,Winter,2002,2.4115358680429484
RICE_004021,Rice,Bihar,SAHARSA,Autumn,2002,1.0193603050201228
RICE_004022,Rice,Bihar,SAHARSA,Summer,2002,1.5081290322580645
RICE_004023,Rice,Bihar,SAHARSA,Winter,2002,0.9550188971222807
RICE_004024,Rice,Bihar,SAMASTIPUR,Autumn,2002,0.6710807750377453
RICE_004025,Rice,Bihar,SAMASTIPUR,Summer,2002,1.457718120805369
RICE_004026,Rice,Bihar,SAMASTIPUR,Winter,2002,0.839017313086372
RICE_004027,Rice,Bihar,SARAN,Autumn,2002,0.9769965789784122
RICE_004028,Rice,Bihar,SARAN,Summer,2002,1.6955503512880563
RICE_004029,Rice,Bihar,SARAN,Winter,2002,1.1719029301148307
RICE_004030,Rice,Bihar,SHEIKHPURA,Summer,2002,1.4242424242424243
RICE_004031,Rice,Bihar,SHEIKHPURA,Winter,2002,1.8787079762689518
RICE_004032,Rice,Bihar,SHEOHAR,Autumn,2002,1.3690707106330453
RICE_004033,Rice,Bihar,SHEOHAR,Summer,2002,2.0961538461538463
RICE_004034,Rice,Bihar,SHEOHAR,Winter,2002,1.2171788101792034
RICE_004035,Rice,Bihar,SITAMARHI,Autumn,2002,1.2363036016857105
RICE_004036,Rice,Bihar,SITAMARHI,Summer,2002,2.027178257394085
RICE_004037,Rice,Bihar,SITAMARHI,Winter,2002,0.9718198992443325
RICE_004038,Rice,Bihar,SIWAN,Autumn,2002,1.1703562036815682
RICE_004039,Rice,Bihar,SIWAN,Summer,2002,1.437062937062937
RICE_004040,Rice,Bihar,SIWAN,Winter,2002,1.2727400974967475
RICE_004041,Rice,Bihar,SUPAUL,Autumn,2002,1.050526884625777
RICE_004042,Rice,Bihar,SUPAUL,Summer,2002,1.182415254237288
RICE_004043,Rice,Bihar,SUPAUL,Winter,2002,1.2749185138787393
RICE_004044,Rice,Bihar,VAISHALI,Autumn,2002,1.3739507753592262
RICE_004045,Rice,Bihar,VAISHALI,Summer,2002,1.8936170212765957
RICE_004046,Rice,Bihar,VAISHALI,Winter,2002,1.2684147944176731
RICE_004047,Rice,Chandigarh,CHANDIGARH,Kharif,2002,5.0
RICE_004048,Rice,Chhattisgarh,BASTAR,Kharif,2002,0.49713656812959783
RICE_004049,Rice,Chhattisgarh,BILASPUR,Kharif,2002,0.6704186264097507
RICE_004050,Rice,Chhattisgarh,DANTEWADA,Kharif,2002,0.5565547796490816
RICE_004051,Rice,Chhattisgarh,DHAMTARI,Kharif,2002,1.1841045699002042
RICE_004052,Rice,Chhattisgarh,DURG,Kharif,2002,0.5391726572173046
RICE_004053,Rice,Chhattisgarh,JANJGIR-CHAMPA,Kharif,2002,1.183210214570878
RICE_004054,Rice,Chhattisgarh,JASHPUR,Kharif,2002,0.6438204988853273
RICE_004055,Rice,Chhattisgarh,KABIRDHAM,Kharif,2002,0.881045666979676
RICE_004056,Rice,Chhattisgarh,KANKER,Kharif,2002,0.5536359783611298
RICE_004057,Rice,Chhattisgarh,KORBA,Kharif,2002,0.7564321368274242
RICE_004058,Rice,Chhattisgarh,KOREA,Kharif,2002,0.5409155615494119
RICE_004059,Rice,Chhattisgarh,MAHASAMUND,Kharif,2002,0.44736928940291365
RICE_004060,Rice,Chhattisgarh,RAIGARH,Kharif,2002,0.70386260715539
RICE_004061,Rice,Chhattisgarh,RAIPUR,Kharif,2002,0.7484873956089927
RICE_004062,Rice,Chhattisgarh,RAJNANDGAON,Kharif,2002,0.7597446698255793
RICE_004063,Rice,Chhattisgarh,SURGUJA,Kharif,2002,0.7104748863731333
RICE_004064,Rice,Dadra and Nagar Haveli,DADRA AND NAGAR HAVELI,Kharif,2002,2.817983610254868
RICE_004065,Rice,Dadra and Nagar Haveli,DADRA AND NAGAR HAVELI,Rabi,2002,2.196335078534031
RICE_004066,Rice,Gujarat,AHMADABAD,Kharif,2002,0.8273684210526315
RICE_004067,Rice,Gujarat,BHARUCH,Kharif,2002,1.021097046413502
RICE_004068,Rice,Gujarat,BHARUCH,Summer,2002,4.833333333333333
RICE_004069,Rice,Gujarat,BHAVNAGAR,Kharif,2002,1.0
RICE_004070,Rice,Gujarat,DANG,Kharif,2002,0.7588652482269503
RICE_004071,Rice,Gujarat,GANDHINAGAR,Kharif,2002,2.152173913043478
RICE_004072,Rice,Gujarat,KHEDA,Kharif,2002,1.3132022471910112
RICE_004073,Rice,Gujarat,KHEDA,Summer,2002,4.0
RICE_004074,Rice,Gujarat,MAHESANA,Kharif,2002,1.4324324324324325
RICE_004075,Rice,Gujarat,PANCH MAHALS,Kharif,2002,0.3051044083526682
RICE_004076,Rice,Gujarat,SABAR KANTHA,Kharif,2002,1.6091954022988506
RICE_004077,Rice,Gujarat,SURAT,Kharif,2002,1.8666666666666667
RICE_004078,Rice,Gujarat,SURAT,Summer,2002,4.823529411764706
RICE_004079,Rice,Gujarat,SURENDRANAGAR,Kharif,2002,1.0
RICE_004080,Rice,Gujarat,VADODARA,Kharif,2002,0.8050847457627118
RICE_004081,Rice,Gujarat,VALSAD,Kharif,2002,1.622298065984073
RICE_004082,Rice,Gujarat,VALSAD,Summer,2002,4.47457627118644
RICE_004083,Rice,Haryana,AMBALA,Kharif,2002,2.9773041568372243
RICE_004084,Rice,Haryana,BHIWANI,Kharif,2002,2.9271298721306422
RICE_004085,Rice,Haryana,FARIDABAD,Kharif,2002,2.6531063453460093
RICE_004086,Rice,Haryana,FATEHABAD,Kharif,2002,3.0187551371142494
RICE_004087,Rice,Haryana,GURGAON,Kharif,2002,3.031451307313376
RICE_004088,Rice,Haryana,HISAR,Kharif,2002,1.9223555888972244
RICE_004089,Rice,Haryana,JHAJJAR,Kharif,2002,2.9302899444787167
RICE_004090,Rice,Haryana,JIND,Kharif,2002,1.8773918694490577
RICE_004091,Rice,Haryana,KAITHAL,Kharif,2002,2.609262883235486
RICE_004092,Rice,Haryana,KARNAL,Kharif,2002,2.677376171352075
RICE_004093,Rice,Haryana,KURUKSHETRA,Kharif,2002,3.469624420170582
RICE_004094,Rice,Haryana,PANCHKULA,Kharif,2002,2.806032970887408
RICE_004095,Rice,Haryana,PANIPAT,Kharif,2002,2.5153498836064805
RICE_004096,Rice,Haryana,REWARI,Kharif,2002,0.0
RICE_004097,Rice,Haryana,ROHTAK,Kharif,2002,1.0793308148947653
RICE_004098,Rice,Haryana,SIRSA,Kharif,2002,3.2109482262279108
RICE_004099,Rice,Haryana,SONIPAT,Kharif,2002,2.1830089139530653
RICE_004100,Rice,Haryana,YAMUNANAGAR,Kharif,2002,3.0084475613643606
RICE_004101,Rice,Himachal Pradesh,BILASPUR,Kharif,2002,0.44233289646133683
RICE_004102,Rice,Himachal Pradesh,CHAMBA,Kharif,2002,1.780470420527441
RICE_004103,Rice,Himachal Pradesh,HAMIRPUR,Kharif,2002,0.6479360276637129
RICE_004104,Rice,Himachal Pradesh,KANGRA,Kharif,2002,0.9212524230023692
RICE_004105,Rice,Himachal Pradesh,KINNAUR,Kharif,2002,1.032258064516129
RICE_004106,Rice,Himachal Pradesh,KULLU,Kharif,2002,1.614892379290285
RICE_004107,Rice,Himachal Pradesh,MANDI,Kharif,2002,1.072533664406456
RICE_004108,Rice,Himachal Pradesh,SHIMLA,Kharif,2002,0.8539034661483641
RICE_004109,Rice,Himachal Pradesh,SIRMAUR,Kharif,2002,1.0015180265654648
RICE_004110,Rice,Himachal Pradesh,SOLAN,Kharif,2002,1.5922416345869115
RICE_004111,Rice,Himachal Pradesh,UNA,Kharif,2002,1.5324344023323615
RICE_004112,Rice,Jammu and Kashmir,ANANTNAG,Kharif,2002,2.052572219516571
RICE_004113,Rice,Jammu and Kashmir,BADGAM,Kharif,2002,2.2228658781881085
RICE_004114,Rice,Jammu and Kashmir,BARAMULLA,Kharif,2002,2.0872743174861
RICE_004115,Rice,Jammu and Kashmir,DODA,Kharif,2002,1.0618531889290013
RICE_004116,Rice,Jammu and Kashmir,JAMMU,Kharif,2002,1.4151221072837794
RICE_004117,Rice,Jammu and Kashmir,KATHUA,Kharif,2002,1.4752549286199863
RICE_004118,Rice,Jammu and Kashmir,KUPWARA,Kharif,2002,1.6368805159538358
RICE_004119,Rice,Jammu and Kashmir,POONCH,Kharif,2002,1.4901162790697675
RICE_004120,Rice,Jammu and Kashmir,PULWAMA,Kharif,2002,1.7229487638839125
RICE_004121,Rice,Jammu and Kashmir,RAJAURI,Kharif,2002,1.909344262295082
RICE_004122,Rice,Jammu and Kashmir,SRINAGAR,Kharif,2002,2.3604291513628457
RICE_004123,Rice,Jammu and Kashmir,UDHAMPUR,Kharif,2002,1.056523224043716
RICE_004124,Rice,Jharkhand,BOKARO,Winter,2002,0.7099997334700475
RICE_004125,Rice,Jharkhand,CHATRA,Winter,2002,1.2320000431233527
RICE_004126,Rice,Jharkhand,DEOGHAR,Autumn,2002,0.9066655755145465
RICE_004127,Rice,Jharkhand,DEOGHAR,Winter,2002,1.2201303259311027
RICE_004128,Rice,Jharkhand,DHANBAD,Winter,2002,1.0366688632619439
RICE_004129,Rice,Jharkhand,DUMKA,Autumn,2002,1.3324677560205553
RICE_004130,Rice,Jharkhand,DUMKA,Winter,2002,1.431333843932956
RICE_004131,Rice,Jharkhand,EAST SINGHBUM,Autumn,2002,0.7406656503058983
RICE_004132,Rice,Jharkhand,EAST SINGHBUM,Winter,2002,0.9639999159591303
RICE_004133,Rice,Jharkhand,GARHWA,Winter,2002,0.9626661599950147
RICE_004134,Rice,Jharkhand,GIRIDIH,Autumn,2002,0.35600907029478457
RICE_004135,Rice,Jharkhand,GIRIDIH,Winter,2002,0.9193332438422813
RICE_004136,Rice,Jharkhand,GODDA,Autumn,2002,0.7933344938698802
RICE_004137,Rice,Jharkhand,GODDA,Winter,2002,1.3026666842772612
RICE_004138,Rice,Jharkhand,GUMLA,Autumn,2002,0.4540000362433163
RICE_004139,Rice,Jharkhand,GUMLA,Winter,2002,0.6679999383153177
RICE_004140,Rice,Jharkhand,HAZARIBAGH,Autumn,2002,0.8546662522820313
RICE_004141,Rice,Jharkhand,HAZARIBAGH,Winter,2002,1.029999897281865
RICE_004142,Rice,Jharkhand,KODERMA,Winter,2002,1.263333539883329
RICE_004143,Rice,Jharkhand,LOHARDAGA,Autumn,2002,0.6946664985702435
RICE_004144,Rice,Jharkhand,LOHARDAGA,Winter,2002,1.0533332143457392
RICE_004145,Rice,Jharkhand,PAKUR,Autumn,2002,10.50719948228442
RICE_004146,Rice,Jharkhand,PAKUR,Winter,2002,1.4393332075407883
RICE_004147,Rice,Jharkhand,PALAMU,Autumn,2002,0.25066692191606105
RICE_004148,Rice,Jharkhand,PALAMU,Winter,2002,0.7116395084545523
RICE_004149,Rice,Jharkhand,RANCHI,Autumn,2002,0.7499999038432321
RICE_004150,Rice,Jharkhand,RANCHI,Winter,2002,1.2353341500150747
RICE_004151,Rice,Jharkhand,SAHEBGANJ,Winter,2002,1.1839998527171742
RICE_004152,Rice,Jharkhand,WEST SINGHBHUM,Autumn,2002,0.5733329610366459
RICE_004153,Rice,Jharkhand,WEST SINGHBHUM,Winter,2002,0.7693333142075425
RICE_004154,Rice,Karnataka,BAGALKOT,Kharif,2002,2.0535714285714284
RICE_004155,Rice,Karnataka,BAGALKOT,Summer,2002,1.0666666666666667
RICE_004156,Rice,Karnataka,BANGALORE RURAL,Kharif,2002,2.26371897937784
RICE_004157,Rice,Karnataka,BANGALORE RURAL,Rabi,2002,2.09375
RICE_004158,Rice,Karnataka,BANGALORE RURAL,Summer,2002,2.765661252900232
RICE_004159,Rice,Karnataka,BELGAUM,Kharif,2002,0.5751207215962584
RICE_004160,Rice,Karnataka,BELGAUM,Summer,2002,2.6821192052980134
RICE_004161,Rice,Karnataka,BELLARY,Kharif,2002,3.35331083077976
RICE_004162,Rice,Karnataka,BELLARY,Summer,2002,2.509912993866781
RICE_004163,Rice,Karnataka,BENGALURU URBAN,Kharif,2002,2.0208942749686587
RICE_004164,Rice,Karnataka,BENGALURU URBAN,Summer,2002,2.7662337662337664
RICE_004165,Rice,Karnataka,BIDAR,Kharif,2002,0.5625309927600912
RICE_004166,Rice,Karnataka,BIDAR,Rabi,2002,1.6
RICE_004167,Rice,Karnataka,BIJAPUR,Kharif,2002,1.0666666666666667
RICE_004168,Rice,Karnataka,CHAMARAJANAGAR,Kharif,2002,3.289860607217873
RICE_004169,Rice,Karnataka,CHAMARAJANAGAR,Rabi,2002,2.0877777777777777
RICE_004170,Rice,Karnataka,CHAMARAJANAGAR,Summer,2002,1.696562032884903
RICE_004171,Rice,Karnataka,CHIKMAGALUR,Kharif,2002,1.9678147544798696
RICE_004172,Rice,Karnataka,CHIKMAGALUR,Summer,2002,2.831360946745562
RICE_004173,Rice,Karnataka,CHITRADURGA,Kharif,2002,2.0514018691588785
RICE_004174,Rice,Karnataka,CHITRADURGA,Rabi,2002,2.1818873668188736
RICE_004175,Rice,Karnataka,CHITRADURGA,Summer,2002,2.30946123521682
RICE_004176,Rice,Karnataka,DAKSHIN KANNAD,Kharif,2002,2.2529873882551246
RICE_004177,Rice,Karnataka,DAKSHIN KANNAD,Rabi,2002,1.970171047142261
RICE_004178,Rice,Karnataka,DAKSHIN KANNAD,Summer,2002,2.0538592027141647
RICE_004179,Rice,Karnataka,DAVANGERE,Kharif,2002,2.951559521085945
RICE_004180,Rice,Karnataka,DAVANGERE,Summer,2002,2.628691983122363
RICE_004181,Rice,Karnataka,DHARWAD,Kharif,2002,0.19762546091686498
RICE_004182,Rice,Karnataka,DHARWAD,Summer,2002,2.494296577946768
RICE_004183,Rice,Karnataka,GADAG,Kharif,2002,2.2157339821573396
RICE_004184,Rice,Karnataka,GADAG,Summer,2002,1.85
RICE_004185,Rice,Karnataka,GULBARGA,Kharif,2002,1.9160889313889553
RICE_004186,Rice,Karnataka,GULBARGA,Rabi,2002,2.482800732749847
RICE_004187,Rice,Karnataka,GULBARGA,Summer,2002,2.3425194613330302
RICE_004188,Rice,Karnataka,HASSAN,Kharif,2002,1.6636976881262688
RICE_004189,Rice,Karnataka,HASSAN,Rabi,2002,1.7021857923497268
RICE_004190,Rice,Karnataka,HASSAN,Summer,2002,2.5108979947689627
RICE_004191,Rice,Karnataka,HAVERI,Kharif,2002,0.4333055666219985
RICE_004192,Rice,Karnataka,HAVERI,Rabi,2002,2.0943396226415096
RICE_004193,Rice,Karnataka,HAVERI,Summer,2002,1.7044804575786463
RICE_004194,Rice,Karnataka,KODAGU,Kharif,2002,1.978239900136178
RICE_004195,Rice,Karnataka,KODAGU,Rabi,2002,2.111111111111111
RICE_004196,Rice,Karnataka,KODAGU,Summer,2002,2.511111111111111
RICE_004197,Rice,Karnataka,KOLAR,Kharif,2002,1.992007104795737
RICE_004198,Rice,Karnataka,KOLAR,Summer,2002,1.5772727272727274
RICE_004199,Rice,Karnataka,KOPPAL,Kharif,2002,4.047510720635917
RICE_004200,Rice,Karnataka,KOPPAL,Rabi,2002,1.625
RICE_004201,Rice,Karnataka,KOPPAL,Summer,2002,3.270489844683393
RICE_004202,Rice,Karnataka,MANDYA,Kharif,2002,2.895687113523104
RICE_004203,Rice,Karnataka,MANDYA,Rabi,2002,2.088
RICE_004204,Rice,Karnataka,MANDYA,Summer,2002,2.5745441544511976
RICE_004205,Rice,Karnataka,MYSORE,Kharif,2002,2.71354679495968
RICE_004206,Rice,Karnataka,MYSORE,Rabi,2002,2.087719298245614
RICE_004207,Rice,Karnataka,MYSORE,Summer,2002,2.555287494973864
RICE_004208,Rice,Karnataka,RAICHUR,Kharif,2002,3.3181529827985847
RICE_004209,Rice,Karnataka,RAICHUR,Summer,2002,2.24773261672825
RICE_004210,Rice,Karnataka,SHIMOGA,Kharif,2002,1.4855846337440426
RICE_004211,Rice,Karnataka,SHIMOGA,Summer,2002,2.5479122055674517
RICE_004212,Rice,Karnataka,TUMKUR,Kharif,2002,2.395435132675208
RICE_004213,Rice,Karnataka,TUMKUR,Rabi,2002,2.181451612903226
RICE_004214,Rice,Karnataka,TUMKUR,Summer,2002,3.2048624950179354
RICE_004215,Rice,Karnataka,UDUPI,Kharif,2002,2.106508528888802
RICE_004216,Rice,Karnataka,UDUPI,Rabi,2002,2.0234777468119245
RICE_004217,Rice,Karnataka,UDUPI,Summer,2002,2.4188034188034186
RICE_004218,Rice,Karnataka,UTTAR KANNAD,Kharif,2002,1.1706230016471273
RICE_004219,Rice,Karnataka,UTTAR KANNAD,Rabi,2002,1.6940639269406392
RICE_004220,Rice,Karnataka,UTTAR KANNAD,Summer,2002,2.3299638989169673
RICE_004221,Rice,Kerala,ALAPPUZHA,Autumn,2002,2.5442085460897608
RICE_004222,Rice,Kerala,ALAPPUZHA,Summer,2002,3.3077010838562466
RICE_004223,Rice,Kerala,ALAPPUZHA,Winter,2002,3.0965070849612224
RICE_004224,Rice,Kerala,ERNAKULAM,Autumn,2002,1.9856025299600533
RICE_004225,Rice,Kerala,ERNAKULAM,Summer,2002,1.8062953995157385
RICE_004226,Rice,Kerala,ERNAKULAM,Winter,2002,1.8657792980368828
RICE_004227,Rice,Kerala,IDUKKI,Autumn,2002,2.4041731066460588
RICE_004228,Rice,Kerala,IDUKKI,Summer,2002,1.881118881118881
RICE_004229,Rice,Kerala,IDUKKI,Winter,2002,2.233560090702948
RICE_004230,Rice,Kerala,KANNUR,Autumn,2002,1.8701523002041136
RICE_004231,Rice,Kerala,KANNUR,Summer,2002,1.3459119496855345
RICE_004232,Rice,Kerala,KANNUR,Winter,2002,1.8237704918032787
RICE_004233,Rice,Kerala,KASARAGOD,Autumn,2002,2.2899274047186933
RICE_004234,Rice,Kerala,KASARAGOD,Summer,2002,1.6891891891891893
RICE_004235,Rice,Kerala,KASARAGOD,Winter,2002,2.007575757575758
RICE_004236,Rice,Kerala,KOLLAM,Autumn,2002,2.1880674448767836
RICE_004237,Rice,Kerala,KOLLAM,Summer,2002,1.125
RICE_004238,Rice,Kerala,KOLLAM,Winter,2002,2.0647862494490967
RICE_004239,Rice,Kerala,KOTTAYAM,Autumn,2002,2.615939126952343
RICE_004240,Rice,Kerala,KOTTAYAM,Summer,2002,2.5334997919267583
RICE_004241,Rice,Kerala,KOTTAYAM,Winter,2002,2.454343882281798
RICE_004242,Rice,Kerala,KOZHIKODE,Autumn,2002,1.456140350877193
RICE_004243,Rice,Kerala,KOZHIKODE,Summer,2002,1.7869897959183674
RICE_004244,Rice,Kerala,KOZHIKODE,Winter,2002,1.3288057406458227
RICE_004245,Rice,Kerala,MALAPPURAM,Autumn,2002,1.956062964884968
RICE_004246,Rice,Kerala,MALAPPURAM,Summer,2002,3.117898594990837
RICE_004247,Rice,Kerala,MALAPPURAM,Winter,2002,1.8408646003262643
RICE_004248,Rice,Kerala,PALAKKAD,Autumn,2002,2.0375110709758086
RICE_004249,Rice,Kerala,PALAKKAD,Summer,2002,2.8046448087431695
RICE_004250,Rice,Kerala,PALAKKAD,Winter,2002,2.1094487152980097
RICE_004251,Rice,Kerala,PATHANAMTHITTA,Autumn,2002,2.011042944785276
RICE_004252,Rice,Kerala,PATHANAMTHITTA,Summer,2002,2.9378151260504204
RICE_004253,Rice,Kerala,PATHANAMTHITTA,Winter,2002,2.1869409660107335
RICE_004254,Rice,Kerala,THIRUVANANTHAPURAM,Autumn,2002,2.2721856381310754
RICE_004255,Rice,Kerala,THIRUVANANTHAPURAM,Summer,2002,1.0
RICE_004256,Rice,Kerala,THIRUVANANTHAPURAM,Winter,2002,2.12627669452182
RICE_004257,Rice,Kerala,THRISSUR,Autumn,2002,2.0555441478439427
RICE_004258,Rice,Kerala,THRISSUR,Summer,2002,2.9987009612886464
RICE_004259,Rice,Kerala,THRISSUR,Winter,2002,2.2266081871345027
RICE_004260,Rice,Kerala,WAYANAD,Summer,2002,2.621297037630104
RICE_004261,Rice,Kerala,WAYANAD,Winter,2002,2.3620591039084844
RICE_004262,Rice,Madhya Pradesh,BALAGHAT,Kharif,2002,0.8395932154083603
RICE_004263,Rice,Madhya Pradesh,BARWANI,Kharif,2002,0.4967923015236568
RICE_004264,Rice,Madhya Pradesh,BETUL,Kharif,2002,0.6815302144249513
RICE_004265,Rice,Madhya Pradesh,BHIND,Kharif,2002,2.3339379947229553
RICE_004266,Rice,Madhya Pradesh,BHOPAL,Kharif,2002,0.6094420600858369
RICE_004267,Rice,Madhya Pradesh,CHHATARPUR,Kharif,2002,0.4435836982148872
RICE_004268,Rice,Madhya Pradesh,CHHINDWARA,Kharif,2002,0.431441940938225
RICE_004269,Rice,Madhya Pradesh,DAMOH,Kharif,2002,0.2914338561134446
RICE_004270,Rice,Madhya Pradesh,DATIA,Kharif,2002,0.6595197255574614
RICE_004271,Rice,Madhya Pradesh,DEWAS,Kharif,2002,0.5207591933570581
RICE_004272,Rice,Madhya Pradesh,DHAR,Kharif,2002,0.5244177310293012
RICE_004273,Rice,Madhya Pradesh,DINDORI,Kharif,2002,0.4874916298379537
RICE_004274,Rice,Madhya Pradesh,GUNA,Kharif,2002,0.3209647495361781
RICE_004275,Rice,Madhya Pradesh,GWALIOR,Kharif,2002,0.8996520088579564
RICE_004276,Rice,Madhya Pradesh,HARDA,Kharif,2002,0.9406698564593301
RICE_004277,Rice,Madhya Pradesh,HOSHANGABAD,Kharif,2002,1.2920052161701274
RICE_004278,Rice,Madhya Pradesh,INDORE,Kharif,2002,0.48
RICE_004279,Rice,Madhya Pradesh,JABALPUR,Kharif,2002,0.792796017310383
RICE_004280,Rice,Madhya Pradesh,JHABUA,Kharif,2002,0.4378931900629104
RICE_004281,Rice,Madhya Pradesh,KATNI,Kharif,2002,0.440023933354812
RICE_004282,Rice,Madhya Pradesh,KHANDWA,Kharif,2002,0.757144929638764
RICE_004283,Rice,Madhya Pradesh,KHARGONE,Kharif,2002,0.518585024241336
RICE_004284,Rice,Madhya Pradesh,MANDLA,Kharif,2002,0.5591894904167657
RICE_004285,Rice,Madhya Pradesh,MANDSAUR,Kharif,2002,0.35714285714285715
RICE_004286,Rice,Madhya Pradesh,MORENA,Kharif,2002,1.5887445887445888
RICE_004287,Rice,Madhya Pradesh,NARSINGHPUR,Kharif,2002,0.7051025127177432
RICE_004288,Rice,Madhya Pradesh,NEEMUCH,Kharif,2002,0.2
RICE_004289,Rice,Madhya Pradesh,PANNA,Kharif,2002,0.32418502347263717
RICE_004290,Rice,Madhya Pradesh,RAISEN,Kharif,2002,0.5391990975747321
RICE_004291,Rice,Madhya Pradesh,RAJGARH,Kharif,2002,0.2513611615245009
RICE_004292,Rice,Madhya Pradesh,RATLAM,Kharif,2002,0.5390625
RICE_004293,Rice,Madhya Pradesh,REWA,Kharif,2002,0.6841596474393148
RICE_004294,Rice,Madhya Pradesh,SAGAR,Kharif,2002,0.364968970682645
RICE_004295,Rice,Madhya Pradesh,SATNA,Kharif,2002,0.6600504064881192
RICE_004296,Rice,Madhya Pradesh,SEHORE,Kharif,2002,0.6891891891891891
RICE_004297,Rice,Madhya Pradesh,SEONI,Kharif,2002,0.6862746775242071
RICE_004298,Rice,Madhya Pradesh,SHAHDOL,Kharif,2002,0.5197140540938905
RICE_004299,Rice,Madhya Pradesh,SHAJAPUR,Kharif,2002,0.39473684210526316
RICE_004300,Rice,Madhya Pradesh,SHEOPUR,Kharif,2002,0.836059034702832
RICE_004301,Rice,Madhya Pradesh,SHIVPURI,Kharif,2002,0.3995332060258858
RICE_004302,Rice,Madhya Pradesh,SIDHI,Kharif,2002,0.6221902489036694
RICE_004303,Rice,Madhya Pradesh,TIKAMGARH,Kharif,2002,0.33984102635615676
RICE_004304,Rice,Madhya Pradesh,UJJAIN,Kharif,2002,0.25
RICE_004305,Rice,Madhya Pradesh,UMARIA,Kharif,2002,0.361672046937958
RICE_004306,Rice,Madhya Pradesh,VIDISHA,Kharif,2002,0.30466472303207
RICE_004307,Rice,Maharashtra,AHMEDNAGAR,Kharif,2002,0.22972972972972974
RICE_004308,Rice,Maharashtra,AMRAVATI,Kharif,2002,0.6545454545454545
RICE_004309,Rice,Maharashtra,AURANGABAD,Kharif,2002,0.3333333333333333
RICE_004310,Rice,Maharashtra,BEED,Kharif,2002,0.25
RICE_004311,Rice,Maharashtra,BHANDARA,Kharif,2002,1.1298932384341638
RICE_004312,Rice,Maharashtra,BHANDARA,Summer,2002,2.090909090909091
RICE_004313,Rice,Maharashtra,BULDHANA,Kharif,2002,1.0
RICE_004314,Rice,Maharashtra,CHANDRAPUR,Kharif,2002,0.7621393384940183
RICE_004315,Rice,Maharashtra,CHANDRAPUR,Summer,2002,1.75
RICE_004316,Rice,Maharashtra,DHULE,Kharif,2002,0.8076923076923077
RICE_004317,Rice,Maharashtra,GADCHIROLI,Kharif,2002,0.5252454417952315
RICE_004318,Rice,Maharashtra,GADCHIROLI,Summer,2002,1.8666666666666667
RICE_004319,Rice,Maharashtra,GONDIA,Kharif,2002,0.9750593824228029
RICE_004320,Rice,Maharashtra,GONDIA,Summer,2002,2.3095238095238093
RICE_004321,Rice,Maharashtra,HINGOLI,Kharif,2002,0.5849056603773585
RICE_004322,Rice,Maharashtra,JALGAON,Kharif,2002,0.8888888888888888
RICE_004323,Rice,Maharashtra,JALNA,Kharif,2002,0.16666666666666666
RICE_004324,Rice,Maharashtra,KOLHAPUR,Kharif,2002,2.2083333333333335
RICE_004325,Rice,Maharashtra,KOLHAPUR,Summer,2002,3.0
RICE_004326,Rice,Maharashtra,LATUR,Kharif,2002,0.4444444444444444
RICE_004327,Rice,Maharashtra,NAGPUR,Kharif,2002,0.9436619718309859
RICE_004328,Rice,Maharashtra,NAGPUR,Summer,2002,2.111111111111111
RICE_004329,Rice,Maharashtra,NANDED,Kharif,2002,0.6348547717842323
RICE_004330,Rice,Maharashtra,NANDURBAR,Kharif,2002,0.7323232323232324
RICE_004331,Rice,Maharashtra,NASHIK,Kharif,2002,0.8940936863543788
RICE_004332,Rice,Maharashtra,OSMANABAD,Kharif,2002,0.31137724550898205
RICE_004333,Rice,Maharashtra,PARBHANI,Kharif,2002,0.5
RICE_004334,Rice,Maharashtra,PUNE,Kharif,2002,0.6932409012131716
RICE_004335,Rice,Maharashtra,RAIGAD,Kharif,2002,2.0545746388443016
RICE_004336,Rice,Maharashtra,RAIGAD,Summer,2002,2.5348837209302326
RICE_004337,Rice,Maharashtra,RATNAGIRI,Kharif,2002,1.889171974522293
RICE_004338,Rice,Maharashtra,RATNAGIRI,Summer,2002,2.6666666666666665
RICE_004339,Rice,Maharashtra,SANGLI,Kharif,2002,1.5351351351351352
RICE_004340,Rice,Maharashtra,SATARA,Kharif,2002,1.5682819383259912
RICE_004341,Rice,Maharashtra,SINDHUDURG,Kharif,2002,2.191946308724832
RICE_004342,Rice,Maharashtra,SINDHUDURG,Summer,2002,2.0454545454545454
RICE_004343,Rice,Maharashtra,SOLAPUR,Kharif,2002,0.6
RICE_004344,Rice,Maharashtra,THANE,Kharif,2002,1.1144927536231883
RICE_004345,Rice,Maharashtra,THANE,Summer,2002,2.5
RICE_004346,Rice,Maharashtra,WARDHA,Kharif,2002,0.6
RICE_004347,Rice,Maharashtra,WASHIM,Kharif,2002,0.6363636363636364
RICE_004348,Rice,Maharashtra,YAVATMAL,Kharif,2002,0.6486486486486487
RICE_004349,Rice,Manipur,BISHNUPUR,Kharif,2002,2.836950146627566
RICE_004350,Rice,Manipur,CHANDEL,Kharif,2002,1.0570409982174689
RICE_004351,Rice,Manipur,CHURACHANDPUR,Kharif,2002,2.077797202797203
RICE_004352,Rice,Manipur,IMPHAL EAST,Kharif,2002,2.210607820363918
RICE_004353,Rice,Manipur,IMPHAL WEST,Kharif,2002,2.9144834404349975
RICE_004354,Rice,Manipur,SENAPATI,Kharif,2002,2.0395408163265305
RICE_004355,Rice,Manipur,TAMENGLONG,Kharif,2002,1.2201342281879195
RICE_004356,Rice,Manipur,THOUBAL,Kharif,2002,2.1059640995946727
RICE_004357,Rice,Manipur,UKHRUL,Kharif,2002,1.8364732479276564
RICE_004358,Rice,Meghalaya,EAST GARO HILLS,Kharif,2002,1.7986041284674987
RICE_004359,Rice,Meghalaya,EAST JAINTIA HILLS,Kharif,2002,1.5214129600094513
RICE_004360,Rice,Meghalaya,EAST KHASI HILLS,Kharif,2002,1.837852301105958
RICE_004361,Rice,Meghalaya,RI BHOI,Kharif,2002,2.558854532677442
RICE_004362,Rice,Meghalaya,SOUTH GARO HILLS,Kharif,2002,1.264136497867221
RICE_004363,Rice,Meghalaya,WEST GARO HILLS,Kharif,2002,1.7885448916408668
RICE_004364,Rice,Meghalaya,WEST KHASI HILLS,Kharif,2002,1.6040164207256185
RICE_004365,Rice,Mizoram,AIZAWL,Kharif,2002,1.9925995846705682
RICE_004366,Rice,Mizoram,CHAMPHAI,Kharif,2002,1.1185655283570062
RICE_004367,Rice,Mizoram,KOLASIB,Kharif,2002,2.1051240183500504
RICE_004368,Rice,Mizoram,LUNGLEI,Kharif,2002,2.3419296895047474
RICE_004369,Rice,Nagaland,DIMAPUR,Kharif,2002,1.7822937625754527
RICE_004370,Rice,Nagaland,KOHIMA,Kharif,2002,1.5401662049861495
RICE_004371,Rice,Nagaland,MOKOKCHUNG,Kharif,2002,1.3572198275862069
RICE_004372,Rice,Nagaland,MON,Kharif,2002,1.3621399176954732
RICE_004373,Rice,Nagaland,PHEK,Kharif,2002,1.7670588235294118
RICE_004374,Rice,Nagaland,TUENSANG,Kharif,2002,1.2588652482269505
RICE_004375,Rice,Nagaland,WOKHA,Kharif,2002,1.3890020366598779
RICE_004376,Rice,Nagaland,ZUNHEBOTO,Kharif,2002,1.2464396284829722
RICE_004377,Rice,Odisha,ANUGUL,Kharif,2002,0.3942307692307692
RICE_004378,Rice,Odisha,BALANGIR,Kharif,2002,0.29523809523809524
RICE_004379,Rice,Odisha,BALESHWAR,Kharif,2002,0.9553571428571429
RICE_004380,Rice,Odisha,BARGARH,Kharif,2002,1.2843137254901962
RICE_004381,Rice,Odisha,BHADRAK,Kharif,2002,1.2649006622516556
RICE_004382,Rice,Odisha,BOUDH,Kharif,2002,0.4696969696969697
RICE_004383,Rice,Odisha,CUTTACK,Kharif,2002,1.1612903225806452
RICE_004384,Rice,Odisha,DEOGARH,Kharif,2002,0.43478260869565216
RICE_004385,Rice,Odisha,DHENKANAL,Kharif,2002,0.48695652173913045
RICE_004386,Rice,Odisha,GAJAPATI,Kharif,2002,1.0303030303030303
RICE_004387,Rice,Odisha,GANJAM,Kharif,2002,0.8740157480314961
RICE_004388,Rice,Odisha,JAGATSINGHAPUR,Kharif,2002,1.1931818181818181
RICE_004389,Rice,Odisha,JAJAPUR,Kharif,2002,0.746031746031746
RICE_004390,Rice,Odisha,JHARSUGUDA,Kharif,2002,0.7049180327868853
RICE_004391,Rice,Odisha,KALAHANDI,Kharif,2002,0.44129554655870445
RICE_004392,Rice,Odisha,KANDHAMAL,Kharif,2002,0.7924528301886793
RICE_004393,Rice,Odisha,KENDRAPARA,Kharif,2002,0.9302325581395349
RICE_004394,Rice,Odisha,KENDUJHAR,Kharif,2002,0.5164319248826291
RICE_004395,Rice,Odisha,KHORDHA,Kharif,2002,0.4690265486725664
RICE_004396,Rice,Odisha,KORAPUT,Kharif,2002,1.0551181102362204
RICE_004397,Rice,Odisha,MALKANGIRI,Kharif,2002,0.6022727272727273
RICE_004398,Rice,Odisha,MAYURBHANJ,Kharif,2002,0.821656050955414
RICE_004399,Rice,Odisha,NABARANGPUR,Kharif,2002,0.5506329113924051
RICE_004400,Rice,Odisha,NAYAGARH,Kharif,2002,0.62
RICE_004401,Rice,Odisha,NUAPADA,Kharif,2002,0.2621359223300971
RICE_004402,Rice,Odisha,PURI,Kharif,2002,0.8835616438356164
RICE_004403,Rice,Odisha,RAYAGADA,Kharif,2002,0.8571428571428571
RICE_004404,Rice,Odisha,SAMBALPUR,Kharif,2002,1.129496402877698
RICE_004405,Rice,Odisha,SONEPUR,Kharif,2002,1.0573770491803278
RICE_004406,Rice,Odisha,SUNDARGARH,Kharif,2002,0.3274336283185841
RICE_004407,Rice,Puducherry,KARAIKAL,Kharif,2002,1.1051518356247167
RICE_004408,Rice,Puducherry,PONDICHERRY,Kharif,2002,2.8339731852814363
RICE_004409,Rice,Puducherry,YANAM,Kharif,2002,3.7449324324324325
RICE_004410,Rice,Punjab,AMRITSAR,Kharif,2002,2.8263665594855305
RICE_004411,Rice,Punjab,BATHINDA,Kharif,2002,3.4299065420560746
RICE_004412,Rice,Punjab,FARIDKOT,Kharif,2002,3.255813953488372
RICE_004413,Rice,Punjab,FATEHGARH SAHIB,Kharif,2002,3.9
RICE_004414,Rice,Punjab,FIROZEPUR,Kharif,2002,3.5213675213675213
RICE_004415,Rice,Punjab,GURDASPUR,Kharif,2002,2.894179894179894
RICE_004416,Rice,Punjab,HOSHIARPUR,Kharif,2002,2.8392857142857144
RICE_004417,Rice,Punjab,JALANDHAR,Kharif,2002,3.7218045112781954
RICE_004418,Rice,Punjab,KAPURTHALA,Kharif,2002,3.549019607843137
RICE_004419,Rice,Punjab,LUDHIANA,Kharif,2002,4.322033898305085
RICE_004420,Rice,Punjab,MANSA,Kharif,2002,3.034090909090909
RICE_004421,Rice,Punjab,MOGA,Kharif,2002,3.8120805369127515
RICE_004422,Rice,Punjab,MUKTSAR,Kharif,2002,3.144578313253012
RICE_004423,Rice,Punjab,NAWANSHAHR,Kharif,2002,3.511627906976744
RICE_004424,Rice,Punjab,PATIALA,Kharif,2002,3.451476793248945
RICE_004425,Rice,Punjab,RUPNAGAR,Kharif,2002,3.2045454545454546
RICE_004426,Rice,Punjab,SANGRUR,Kharif,2002,4.059659090909091
RICE_004427,Rice,Rajasthan,AJMER,Kharif,2002,1.0
RICE_004428,Rice,Rajasthan,ALWAR,Kharif,2002,0.8076923076923077
RICE_004429,Rice,Rajasthan,BANSWARA,Kharif,2002,0.2983900745882874
RICE_004430,Rice,Rajasthan,BARAN,Kharif,2002,1.091247672253259
RICE_004431,Rice,Rajasthan,BHARATPUR,Kharif,2002,0.6322314049586777
RICE_004432,Rice,Rajasthan,BHILWARA,Kharif,2002,0.8140495867768595
RICE_004433,Rice,Rajasthan,BIKANER,Kharif,2002,0.8
RICE_004434,Rice,Rajasthan,BUNDI,Kharif,2002,0.4284170718530524
RICE_004435,Rice,Rajasthan,CHITTORGARH,Kharif,2002,0.8124137931034483
RICE_004436,Rice,Rajasthan,DHOLPUR,Kharif,2002,0.8121019108280255
RICE_004437,Rice,Rajasthan,DUNGARPUR,Kharif,2002,0.16589643322668562
RICE_004438,Rice,Rajasthan,GANGANAGAR,Kharif,2002,2.0971887550200803
RICE_004439,Rice,Rajasthan,HANUMANGARH,Kharif,2002,1.7386200071968334
RICE_004440,Rice,Rajasthan,JHALAWAR,Kharif,2002,0.8123249299719888
RICE_004441,Rice,Rajasthan,KARAULI,Kharif,2002,0.17421602787456447
RICE_004442,Rice,Rajasthan,KOTA,Kharif,2002,1.0912374073370081
RICE_004443,Rice,Rajasthan,RAJSAMAND,Kharif,2002,0.8172043010752689
RICE_004444,Rice,Rajasthan,SAWAI MADHOPUR,Kharif,2002,0.8235294117647058
RICE_004445,Rice,Rajasthan,SIROHI,Kharif,2002,0.6666666666666666
RICE_004446,Rice,Rajasthan,TONK,Kharif,2002,0.8
RICE_004447,Rice,Rajasthan,UDAIPUR,Kharif,2002,0.23893565028509367
RICE_004448,Rice,Sikkim,EAST DISTRICT,Kharif,2002,1.373228346456693
RICE_004449,Rice,Sikkim,NORTH DISTRICT,Kharif,2002,1.35
RICE_004450,Rice,Sikkim,SOUTH DISTRICT,Kharif,2002,1.517094017094017
RICE_004451,Rice,Sikkim,WEST DISTRICT,Kharif,2002,1.4901960784313726
RICE_004452,Rice,Tamil Nadu,COIMBATORE,Kharif,2002,3.3681009578835335
RICE_004453,Rice,Tamil Nadu,CUDDALORE,Kharif,2002,2.752775171982489
RICE_004454,Rice,Tamil Nadu,DHARMAPURI,Kharif,2002,2.5734942955691165
RICE_004455,Rice,Tamil Nadu,DINDIGUL,Kharif,2002,3.428896695290138
RICE_004456,Rice,Tamil Nadu,ERODE,Kharif,2002,4.461745851057456
RICE_004457,Rice,Tamil Nadu,KANCHIPURAM,Kharif,2002,2.85451652638062
RICE_004458,Rice,Tamil Nadu,KANNIYAKUMARI,Kharif,2002,3.7797098111469367
RICE_004459,Rice,Tamil Nadu,KARUR,Kharif,2002,2.9220222793487576
RICE_004460,Rice,Tamil Nadu,MADURAI,Kharif,2002,2.5517186469209947
RICE_004461,Rice,Tamil Nadu,NAGAPATTINAM,Kharif,2002,1.1577430222764369
RICE_004462,Rice,Tamil Nadu,NAMAKKAL,Kharif,2002,3.7034526583350984
RICE_004463,Rice,Tamil Nadu,PERAMBALUR,Kharif,2002,1.6865575963655621
RICE_004464,Rice,Tamil Nadu,PUDUKKOTTAI,Kharif,2002,2.0718312991379197
RICE_004465,Rice,Tamil Nadu,RAMANATHAPURAM,Kharif,2002,1.2666624389625214
RICE_004466,Rice,Tamil Nadu,SALEM,Kharif,2002,3.580394284680774
RICE_004467,Rice,Tamil Nadu,SIVAGANGA,Kharif,2002,1.7473289526484752
RICE_004468,Rice,Tamil Nadu,THANJAVUR,Kharif,2002,2.2870475478855634
RICE_004469,Rice,Tamil Nadu,THE NILGIRIS,Kharif,2002,3.3706709956709955
RICE_004470,Rice,Tamil Nadu,THENI,Kharif,2002,3.987012987012987
RICE_004471,Rice,Tamil Nadu,THIRUVALLUR,Kharif,2002,3.1851113288816975
RICE_004472,Rice,Tamil Nadu,THIRUVARUR,Kharif,2002,0.8559993895692648
RICE_004473,Rice,Tamil Nadu,TIRUCHIRAPPALLI,Kharif,2002,2.9943763769180225
RICE_004474,Rice,Tamil Nadu,TIRUNELVELI,Kharif,2002,4.022188656445888
RICE_004475,Rice,Tamil Nadu,TIRUVANNAMALAI,Kharif,2002,2.631587345003647
RICE_004476,Rice,Tamil Nadu,TUTICORIN,Kharif,2002,4.380926504551012
RICE_004477,Rice,Tamil Nadu,VELLORE,Kharif,2002,3.41853387606041
RICE_004478,Rice,Tamil Nadu,VILLUPURAM,Kharif,2002,2.9925213940220763
RICE_004479,Rice,Tamil Nadu,VIRUDHUNAGAR,Kharif,2002,2.741860980162622
RICE_004480,Rice,Telangana,ADILABAD,Kharif,2002,1.544999092900903
RICE_004481,Rice,Telangana,ADILABAD,Rabi,2002,2.1779248588670432
RICE_004482,Rice,Telangana,KARIMNAGAR,Kharif,2002,2.586998087954111
RICE_004483,Rice,Telangana,KARIMNAGAR,Rabi,2002,3.1509939231640747
RICE_004484,Rice,Telangana,KHAMMAM,Kharif,2002,1.7089971694298423
RICE_004485,Rice,Telangana,KHAMMAM,Rabi,2002,2.4199839163650987
RICE_004486,Rice,Telangana,MAHBUBNAGAR,Kharif,2002,2.0250029330865194
RICE_004487,Rice,Telangana,MAHBUBNAGAR,Rabi,2002,2.001991913426091
RICE_004488,Rice,Telangana,MEDAK,Kharif,2002,2.1120005370118644
RICE_004489,Rice,Telangana,MEDAK,Rabi,2002,1.7579772240387868
RICE_004490,Rice,Telangana,NALGONDA,Kharif,2002,2.244000510594843
RICE_004491,Rice,Telangana,NALGONDA,Rabi,2002,2.3010090281465745
RICE_004492,Rice,Telangana,NIZAMABAD,Kharif,2002,1.558995359602951
RICE_004493,Rice,Telangana,NIZAMABAD,Rabi,2002,2.2960153950645235
RICE_004494,Rice,Telangana,RANGAREDDI,Kharif,2002,1.78698224852071
RICE_004495,Rice,Telangana,RANGAREDDI,Rabi,2002,2.3679734494918065
RICE_004496,Rice,Telangana,WARANGAL,Kharif,2002,2.0760044419362473
RICE_004497,Rice,Telangana,WARANGAL,Rabi,2002,2.5530159482078005
RICE_004498,Rice,Tripura,DHALAI,Kharif,2002,1.8866980576809889
RICE_004499,Rice,Tripura,NORTH TRIPURA,Kharif,2002,2.120422376993934
RICE_004500,Rice,Tripura,SOUTH TRIPURA,Kharif,2002,2.4598197283229655
RICE_004501,Rice,Tripura,WEST TRIPURA,Kharif,2002,2.552392612998674
RICE_004502,Rice,Uttar Pradesh,AGRA,Kharif,2002,1.6754850088183422
RICE_004503,Rice,Uttar Pradesh,ALIGARH,Kharif,2002,1.7609985832982349
RICE_004504,Rice,Uttar Pradesh,ALLAHABAD,Kharif,2002,1.9020026927976719
RICE_004505,Rice,Uttar Pradesh,AMBEDKAR NAGAR,Kharif,2002,2.137839570689549
RICE_004506,Rice,Uttar Pradesh,AMROHA,Kharif,2002,2.2540670245648284
RICE_004507,Rice,Uttar Pradesh,AURAIYA,Kharif,2002,2.207931230232747
RICE_004508,Rice,Uttar Pradesh,AZAMGARH,Kharif,2002,1.6848002040092247
RICE_004509,Rice,Uttar Pradesh,BAGHPAT,Kharif,2002,2.2280826799714895
RICE_004510,Rice,Uttar Pradesh,BAHRAICH,Kharif,2002,1.4255001398103664
RICE_004511,Rice,Uttar Pradesh,BALLIA,Kharif,2002,1.442016907797519
RICE_004512,Rice,Uttar Pradesh,BALRAMPUR,Kharif,2002,0.7863121799990606
RICE_004513,Rice,Uttar Pradesh,BANDA,Kharif,2002,0.8103683725376396
RICE_004514,Rice,Uttar Pradesh,BARABANKI,Kharif,2002,2.1229656790647082
RICE_004515,Rice,Uttar Pradesh,BAREILLY,Kharif,2002,1.868908397941234
RICE_004516,Rice,Uttar Pradesh,BAREILLY,Summer,2002,1.8674698795180722
RICE_004517,Rice,Uttar Pradesh,BASTI,Kharif,2002,1.1337599673216519
RICE_004518,Rice,Uttar Pradesh,BIJNOR,Kharif,2002,2.681826770463306
RICE_004519,Rice,Uttar Pradesh,BIJNOR,Summer,2002,2.6842105263157894
RICE_004520,Rice,Uttar Pradesh,BUDAUN,Kharif,2002,1.34229466553768
RICE_004521,Rice,Uttar Pradesh,BUDAUN,Summer,2002,1.3333333333333333
RICE_004522,Rice,Uttar Pradesh,BULANDSHAHR,Kharif,2002,2.2980376330525147
RICE_004523,Rice,Uttar Pradesh,CHANDAULI,Kharif,2002,2.5368586717028645
RICE_004524,Rice,Uttar Pradesh,CHITRAKOOT,Kharif,2002,0.7247295057997856
RICE_004525,Rice,Uttar Pradesh,DEORIA,Kharif,2002,1.738850231167982
RICE_004526,Rice,Uttar Pradesh,ETAH,Kharif,2002,1.535998442784496
RICE_004527,Rice,Uttar Pradesh,ETAWAH,Kharif,2002,2.316771461568074
RICE_004528,Rice,Uttar Pradesh,FAIZABAD,Kharif,2002,2.277868967781269
RICE_004529,Rice,Uttar Pradesh,FARRUKHABAD,Kharif,2002,2.0490474686875064
RICE_004530,Rice,Uttar Pradesh,FARRUKHABAD,Summer,2002,2.0
RICE_004531,Rice,Uttar Pradesh,FATEHPUR,Kharif,2002,1.6627588901914812
RICE_004532,Rice,Uttar Pradesh,FIROZABAD,Kharif,2002,1.910016491001649
RICE_004533,Rice,Uttar Pradesh,GAUTAM BUDDHA NAGAR,Kharif,2002,2.1665127731609726
RICE_004534,Rice,Uttar Pradesh,GHAZIABAD,Kharif,2002,2.392661804922516
RICE_004535,Rice,Uttar Pradesh,GHAZIPUR,Kharif,2002,1.9791141042705498
RICE_004536,Rice,Uttar Pradesh,GONDA,Kharif,2002,1.2801077959576517
RICE_004537,Rice,Uttar Pradesh,GONDA,Summer,2002,1.5
RICE_004538,Rice,Uttar Pradesh,GORAKHPUR,Kharif,2002,1.4992711129873812
RICE_004539,Rice,Uttar Pradesh,GORAKHPUR,Summer,2002,1.5
RICE_004540,Rice,Uttar Pradesh,HAMIRPUR,Kharif,2002,0.8186813186813187
RICE_004541,Rice,Uttar Pradesh,HARDOI,Kharif,2002,1.6756171654038199
RICE_004542,Rice,Uttar Pradesh,HARDOI,Summer,2002,2.0
RICE_004543,Rice,Uttar Pradesh,HATHRAS,Kharif,2002,1.5718713956170705
RICE_004544,Rice,Uttar Pradesh,JALAUN,Kharif,2002,0.5594936708860759
RICE_004545,Rice,Uttar Pradesh,JAUNPUR,Kharif,2002,1.9714313485667074
RICE_004546,Rice,Uttar Pradesh,JHANSI,Kharif,2002,0.5581395348837209
RICE_004547,Rice,Uttar Pradesh,JHANSI,Summer,2002,1.0
RICE_004548,Rice,Uttar Pradesh,KANNAUJ,Kharif,2002,2.1469710162955593
RICE_004549,Rice,Uttar Pradesh,KANPUR NAGAR,Kharif,2002,1.8386627386901708
RICE_004550,Rice,Uttar Pradesh,KANPUR NAGAR,Summer,2002,2.0
RICE_004551,Rice,Uttar Pradesh,KAUSHAMBI,Kharif,2002,1.569013731791811
RICE_004552,Rice,Uttar Pradesh,KHERI,Kharif,2002,2.1053396736769554
RICE_004553,Rice,Uttar Pradesh,KHERI,Summer,2002,2.1041666666666665
RICE_004554,Rice,Uttar Pradesh,KUSHI NAGAR,Kharif,2002,2.665033165453573
RICE_004555,Rice,Uttar Pradesh,KUSHI NAGAR,Summer,2002,2.6666666666666665
RICE_004556,Rice,Uttar Pradesh,LALITPUR,Kharif,2002,0.11068909386869234
RICE_004557,Rice,Uttar Pradesh,LUCKNOW,Kharif,2002,1.8231541236228008
RICE_004558,Rice,Uttar Pradesh,LUCKNOW,Summer,2002,1.6666666666666667
RICE_004559,Rice,Uttar Pradesh,MAHARAJGANJ,Kharif,2002,2.6873681556240276
RICE_004560,Rice,Uttar Pradesh,MAHARAJGANJ,Summer,2002,2.686046511627907
RICE_004561,Rice,Uttar Pradesh,MAHOBA,Kharif,2002,0.8192612137203166
RICE_004562,Rice,Uttar Pradesh,MAINPURI,Kharif,2002,1.9200007635336336
RICE_004563,Rice,Uttar Pradesh,MAINPURI,Summer,2002,2.0
RICE_004564,Rice,Uttar Pradesh,MATHURA,Kharif,2002,1.7331845712464138
RICE_004565,Rice,Uttar Pradesh,MATHURA,Summer,2002,1.7142857142857142
RICE_004566,Rice,Uttar Pradesh,MAU,Kharif,2002,2.167633320788967
RICE_004567,Rice,Uttar Pradesh,MEERUT,Kharif,2002,2.2708774583963693
RICE_004568,Rice,Uttar Pradesh,MIRZAPUR,Kharif,2002,1.8784793395835433
RICE_004569,Rice,Uttar Pradesh,MORADABAD,Kharif,2002,2.2253318869776333
RICE_004570,Rice,Uttar Pradesh,MORADABAD,Summer,2002,2.3333333333333335
RICE_004571,Rice,Uttar Pradesh,MUZAFFARNAGAR,Kharif,2002,2.3415784508961326
RICE_004572,Rice,Uttar Pradesh,PILIBHIT,Kharif,2002,2.8103084072665823
RICE_004573,Rice,Uttar Pradesh,PILIBHIT,Summer,2002,2.8105117565698476
RICE_004574,Rice,Uttar Pradesh,PRATAPGARH,Kharif,2002,1.8030049747235706
RICE_004575,Rice,Uttar Pradesh,RAE BARELI,Kharif,2002,1.9477141836494647
RICE_004576,Rice,Uttar Pradesh,RAE BARELI,Summer,2002,2.0
RICE_004577,Rice,Uttar Pradesh,RAMPUR,Kharif,2002,2.253388191545762
RICE_004578,Rice,Uttar Pradesh,RAMPUR,Summer,2002,2.252958579881657
RICE_004579,Rice,Uttar Pradesh,SAHARANPUR,Kharif,2002,2.328164125235291
RICE_004580,Rice,Uttar Pradesh,SANT KABEER NAGAR,Kharif,2002,1.000289226319595
RICE_004581,Rice,Uttar Pradesh,SANT KABEER NAGAR,Summer,2002,1.0
RICE_004582,Rice,Uttar Pradesh,SANT RAVIDAS NAGAR,Kharif,2002,2.297640653357532
RICE_004583,Rice,Uttar Pradesh,SHAHJAHANPUR,Kharif,2002,2.074014856738592
RICE_004584,Rice,Uttar Pradesh,SHAHJAHANPUR,Summer,2002,2.0739532354540513
RICE_004585,Rice,Uttar Pradesh,SHRAVASTI,Kharif,2002,0.9126283052752997
RICE_004586,Rice,Uttar Pradesh,SIDDHARTH NAGAR,Kharif,2002,0.8130444270136059
RICE_004587,Rice,Uttar Pradesh,SITAPUR,Kharif,2002,1.5761051014957266
RICE_004588,Rice,Uttar Pradesh,SONBHADRA,Kharif,2002,1.4281081488743919
RICE_004589,Rice,Uttar Pradesh,SULTANPUR,Kharif,2002,2.0643044207819092
RICE_004590,Rice,Uttar Pradesh,UNNAO,Kharif,2002,1.433996138342197
RICE_004591,Rice,Uttar Pradesh,VARANASI,Kharif,2002,1.7983542414585938
RICE_004592,Rice,Uttarakhand,ALMORA,Kharif,2002,0.6690028537854624
RICE_004593,Rice,Uttarakhand,BAGESHWAR,Kharif,2002,0.9871890919988013
RICE_004594,Rice,Uttarakhand,CHAMOLI,Kharif,2002,1.1434502252451197
RICE_004595,Rice,Uttarakhand,CHAMPAWAT,Kharif,2002,1.2204057971014493
RICE_004596,Rice,Uttarakhand,DEHRADUN,Kharif,2002,1.9261406989165268
RICE_004597,Rice,Uttarakhand,HARIDWAR,Kharif,2002,2.105565153010859
RICE_004598,Rice,Uttarakhand,NAINITAL,Kharif,2002,2.388545150501672
RICE_004599,Rice,Uttarakhand,NAINITAL,Rabi,2002,2.75
RICE_004600,Rice,Uttarakhand,PAURI GARHWAL,Kharif,2002,0.7354407946255616
RICE_004601,Rice,Uttarakhand,PITHORAGARH,Kharif,2002,1.2239555016519594
RICE_004602,Rice,Uttarakhand,RUDRA PRAYAG,Kharif,2002,1.2693948126801153
RICE_004603,Rice,Uttarakhand,TEHRI GARHWAL,Kharif,2002,1.204872646733112
RICE_004604,Rice,Uttarakhand,UDAM SINGH NAGAR,Kharif,2002,3.0550906333195447
RICE_004605,Rice,Uttarakhand,UDAM SINGH NAGAR,Rabi,2002,2.8501246882793017
RICE_004606,Rice,Uttarakhand,UTTAR KASHI,Kharif,2002,1.0615401613081428
RICE_004607,Rice,West Bengal,24 PARAGANAS NORTH,Autumn,2002,2.1938023733198357
RICE_004608,Rice,West Bengal,24 PARAGANAS NORTH,Summer,2002,3.118206828124295
RICE_004609,Rice,West Bengal,24 PARAGANAS NORTH,Winter,2002,2.4102532919103585
RICE_004610,Rice,West Bengal,24 PARAGANAS SOUTH,Autumn,2002,2.366784702549575
RICE_004611,Rice,West Bengal,24 PARAGANAS SOUTH,Summer,2002,2.7907422983913364
RICE_004612,Rice,West Bengal,24 PARAGANAS SOUTH,Winter,2002,2.022651602463358
RICE_004613,Rice,West Bengal,BANKURA,Autumn,2002,2.750160653630772
RICE_004614,Rice,West Bengal,BANKURA,Summer,2002,2.9810028192764735
RICE_004615,Rice,West Bengal,BANKURA,Winter,2002,2.9018125323666495
RICE_004616,Rice,West Bengal,BARDHAMAN,Autumn,2002,2.892866633764853
RICE_004617,Rice,West Bengal,BARDHAMAN,Summer,2002,3.00838279583821
RICE_004618,Rice,West Bengal,BARDHAMAN,Winter,2002,2.975137412157457
RICE_004619,Rice,West Bengal,BIRBHUM,Autumn,2002,2.659635210150674
RICE_004620,Rice,West Bengal,BIRBHUM,Summer,2002,2.8651784366034128
RICE_004621,Rice,West Bengal,BIRBHUM,Winter,2002,2.8576157576794294
RICE_004622,Rice,West Bengal,COOCHBEHAR,Autumn,2002,1.5687626240449635
RICE_004623,Rice,West Bengal,COOCHBEHAR,Summer,2002,2.3242512704076117
RICE_004624,Rice,West Bengal,COOCHBEHAR,Winter,2002,1.6056089376440306
RICE_004625,Rice,West Bengal,DARJEELING,Autumn,2002,1.5754142712208319
RICE_004626,Rice,West Bengal,DARJEELING,Summer,2002,1.6016209476309227
RICE_004627,Rice,West Bengal,DARJEELING,Winter,2002,1.672089511257551
RICE_004628,Rice,West Bengal,DINAJPUR DAKSHIN,Autumn,2002,1.4103488372093023
RICE_004629,Rice,West Bengal,DINAJPUR DAKSHIN,Summer,2002,2.6204226882538304
RICE_004630,Rice,West Bengal,DINAJPUR DAKSHIN,Winter,2002,2.166503169795588
RICE_004631,Rice,West Bengal,DINAJPUR UTTAR,Autumn,2002,1.4816132858837485
RICE_004632,Rice,West Bengal,DINAJPUR UTTAR,Summer,2002,2.7730907950446917
RICE_004633,Rice,West Bengal,DINAJPUR UTTAR,Winter,2002,1.709848925198509
RICE_004634,Rice,West Bengal,HOOGHLY,Autumn,2002,2.415995845235004
RICE_004635,Rice,West Bengal,HOOGHLY,Summer,2002,2.5062399478816753
RICE_004636,Rice,West Bengal,HOOGHLY,Winter,2002,2.5861180838166717
RICE_004637,Rice,West Bengal,HOWRAH,Autumn,2002,2.2320273868391025
RICE_004638,Rice,West Bengal,HOWRAH,Summer,2002,2.6364386129334583
RICE_004639,Rice,West Bengal,HOWRAH,Winter,2002,1.788819793244572
RICE_004640,Rice,West Bengal,JALPAIGURI,Autumn,2002,1.450503393922828
RICE_004641,Rice,West Bengal,JALPAIGURI,Summer,2002,1.8327126897737038
RICE_004642,Rice,West Bengal,JALPAIGURI,Winter,2002,1.584749316559174
RICE_004643,Rice,West Bengal,MALDAH,Autumn,2002,1.9608995137763372
RICE_004644,Rice,West Bengal,MALDAH,Summer,2002,3.596142912024587
RICE_004645,Rice,West Bengal,MALDAH,Winter,2002,2.095906307080692
RICE_004646,Rice,West Bengal,MEDINIPUR EAST,Autumn,2002,2.2028820629503225
RICE_004647,Rice,West Bengal,MEDINIPUR EAST,Summer,2002,3.2349592705954753
RICE_004648,Rice,West Bengal,MEDINIPUR EAST,Winter,2002,2.047223997293538
RICE_004649,Rice,West Bengal,MEDINIPUR WEST,Autumn,2002,2.3074695329355284
RICE_004650,Rice,West Bengal,MEDINIPUR WEST,Summer,2002,2.8742783369246014
RICE_004651,Rice,West Bengal,MEDINIPUR WEST,Winter,2002,2.3234611304112667
RICE_004652,Rice,West Bengal,MURSHIDABAD,Autumn,2002,1.957739613019349
RICE_004653,Rice,West Bengal,MURSHIDABAD,Summer,2002,3.131098990811346
RICE_004654,Rice,West Bengal,MURSHIDABAD,Winter,2002,2.5514132451331815
RICE_004655,Rice,West Bengal,NADIA,Autumn,2002,2.1508199691945276
RICE_004656,Rice,West Bengal,NADIA,Summer,2002,3.478613276948152
RICE_004657,Rice,West Bengal,NADIA,Winter,2002,2.5665039682228787
RICE_004658,Rice,West Bengal,PURULIA,Autumn,2002,2.0860465116279068
RICE_004659,Rice,West Bengal,PURULIA,Summer,2002,2.0911492734478205
RICE_004660,Rice,West Bengal,PURULIA,Winter,2002,2.1146824770819093
RICE_004661,Rice,Andaman and Nicobar Islands,NICOBARS,Kharif,2003,1.7340384615384616
RICE_004662,Rice,Andaman and Nicobar Islands,SOUTH ANDAMANS,Kharif,2003,2.92697849633232
RICE_004663,Rice,Andhra Pradesh,ANANTAPUR,Kharif,2003,2.563003140165572
RICE_004664,Rice,Andhra Pradesh,ANANTAPUR,Rabi,2003,2.3520229078145207
RICE_004665,Rice,Andhra Pradesh,CHITTOOR,Kharif,2003,2.0849959448499593
RICE_004666,Rice,Andhra Pradesh,CHITTOOR,Rabi,2003,1.712013486769772
RICE_004667,Rice,Andhra Pradesh,EAST GODAVARI,Kharif,2003,3.249001802508171
RICE_004668,Rice,Andhra Pradesh,EAST GODAVARI,Rabi,2003,5.256996993727355
RICE_004669,Rice,Andhra Pradesh,GUNTUR,Kharif,2003,2.833001929765906
RICE_004670,Rice,Andhra Pradesh,GUNTUR,Rabi,2003,2.917013167013167
RICE_004671,Rice,Andhra Pradesh,KADAPA,Kharif,2003,2.5700034252440487
RICE_004672,Rice,Andhra Pradesh,KADAPA,Rabi,2003,2.232005201077366
RICE_004673,Rice,Andhra Pradesh,KRISHNA,Kharif,2003,2.3679997481640713
RICE_004674,Rice,Andhra Pradesh,KRISHNA,Rabi,2003,2.5860272508682876
RICE_004675,Rice,Andhra Pradesh,KURNOOL,Kharif,2003,2.907013692298804
RICE_004676,Rice,Andhra Pradesh,KURNOOL,Rabi,2003,2.2909786548530002
RICE_004677,Rice,Andhra Pradesh,PRAKASAM,Kharif,2003,2.872033376650024
RICE_004678,Rice,Andhra Pradesh,PRAKASAM,Rabi,2003,2.517001619201829
RICE_004679,Rice,Andhra Pradesh,SPSR NELLORE,Kharif,2003,2.781996086105675
RICE_004680,Rice,Andhra Pradesh,SPSR NELLORE,Rabi,2003,2.6590187621779013
RICE_004681,Rice,Andhra Pradesh,SRIKAKULAM,Kharif,2003,2.2410011741641385
RICE_004682,Rice,Andhra Pradesh,SRIKAKULAM,Rabi,2003,2.0399274047186933
RICE_004683,Rice,Andhra Pradesh,VISAKHAPATANAM,Kharif,2003,1.6159950871557467
RICE_004684,Rice,Andhra Pradesh,VISAKHAPATANAM,Rabi,2003,1.9719767735420348
RICE_004685,Rice,Andhra Pradesh,VIZIANAGARAM,Kharif,2003,2.100999135186855
RICE_004686,Rice,Andhra Pradesh,VIZIANAGARAM,Rabi,2003,2.4370150616157007
RICE_004687,Rice,Andhra Pradesh,WEST GODAVARI,Kharif,2003,3.4989988589144616
RICE_004688,Rice,Andhra Pradesh,WEST GODAVARI,Rabi,2003,4.871999011141513
RICE_004689,Rice,Arunachal Pradesh,CHANGLANG,Kharif,2003,1.5596191118227016
RICE_004690,Rice,Arunachal Pradesh,DIBANG VALLEY,Kharif,2003,1.0
RICE_004691,Rice,Arunachal Pradesh,EAST KAMENG,Kharif,2003,1.2602820211515864
RICE_004692,Rice,Arunachal Pradesh,EAST SIANG,Kharif,2003,2.3140495867768593
RICE_004693,Rice,Arunachal Pradesh,KURUNG KUMEY,Kharif,2003,0.857546408393866
RICE_004694,Rice,Arunachal Pradesh,LOHIT,Kharif,2003,1.3600336676720208
RICE_004695,Rice,Arunachal Pradesh,LOWER DIBANG VALLEY,Kharif,2003,1.150259067357513
RICE_004696,Rice,Arunachal Pradesh,LOWER SUBANSIRI,Kharif,2003,1.2
RICE_004697,Rice,Arunachal Pradesh,PAPUM PARE,Kharif,2003,1.1599763872491144
RICE_004698,Rice,Arunachal Pradesh,TAWANG,Kharif,2003,1.340285400658617
RICE_004699,Rice,Arunachal Pradesh,TIRAP,Kharif,2003,0.6861340021497672
RICE_004700,Rice,Arunachal Pradesh,UPPER SIANG,Kharif,2003,0.9818181818181818
RICE_004701,Rice,Arunachal Pradesh,UPPER SUBANSIRI,Kharif,2003,1.1637362637362638
RICE_004702,Rice,Arunachal Pradesh,WEST KAMENG,Kharif,2003,0.8416763678696159
RICE_004703,Rice,Arunachal Pradesh,WEST SIANG,Kharif,2003,1.1544820459829501
RICE_004704,Rice,Assam,BARPETA,Autumn,2003,0.7178119658119658
RICE_004705,Rice,Assam,BARPETA,Summer,2003,2.1774712643678162
RICE_004706,Rice,Assam,BARPETA,Winter,2003,1.289624060150376
RICE_004707,Rice,Assam,BONGAIGAON,Autumn,2003,0.9457808435390056
RICE_004708,Rice,Assam,BONGAIGAON,Summer,2003,1.3111087887971575
RICE_004709,Rice,Assam,BONGAIGAON,Winter,2003,1.263119434436816
RICE_004710,Rice,Assam,CACHAR,Autumn,2003,2.0323243243243243
RICE_004711,Rice,Assam,CACHAR,Summer,2003,0.0
RICE_004712,Rice,Assam,CACHAR,Winter,2003,2.3960657630354905
RICE_004713,Rice,Assam,DARRANG,Autumn,2003,1.0325848474460062
RICE_004714,Rice,Assam,DARRANG,Summer,2003,1.6627403298122958
RICE_004715,Rice,Assam,DARRANG,Winter,2003,1.5653512224350012
RICE_004716,Rice,Assam,DHEMAJI,Autumn,2003,0.8036892740717182
RICE_004717,Rice,Assam,DHEMAJI,Summer,2003,0.6464065708418891
RICE_004718,Rice,Assam,DHEMAJI,Winter,2003,1.1672573189522342
RICE_004719,Rice,Assam,DHUBRI,Autumn,2003,0.7129746835443038
RICE_004720,Rice,Assam,DHUBRI,Summer,2003,2.1800951824329964
RICE_004721,Rice,Assam,DHUBRI,Winter,2003,1.2905716942109557
RICE_004722,Rice,Assam,DIBRUGARH,Autumn,2003,1.229066575154427
RICE_004723,Rice,Assam,DIBRUGARH,Summer,2003,1.788888888888889
RICE_004724,Rice,Assam,DIBRUGARH,Winter,2003,1.8350671896097217
RICE_004725,Rice,Assam,DIMA HASAO,Autumn,2003,1.2517354022049816
RICE_004726,Rice,Assam,DIMA HASAO,Summer,2003,1.7777777777777777
RICE_004727,Rice,Assam,DIMA HASAO,Winter,2003,1.6765822784810127
RICE_004728,Rice,Assam,GOALPARA,Autumn,2003,1.055823215776964
RICE_004729,Rice,Assam,GOALPARA,Summer,2003,2.374017891870867
RICE_004730,Rice,Assam,GOALPARA,Winter,2003,1.277542804152625
RICE_004731,Rice,Assam,GOLAGHAT,Autumn,2003,1.8238589211618257
RICE_004732,Rice,Assam,GOLAGHAT,Summer,2003,1.906766917293233
RICE_004733,Rice,Assam,GOLAGHAT,Winter,2003,2.167383848633929
RICE_004734,Rice,Assam,HAILAKANDI,Autumn,2003,1.7908333333333333
RICE_004735,Rice,Assam,HAILAKANDI,Summer,2003,0.0
RICE_004736,Rice,Assam,HAILAKANDI,Winter,2003,2.3354358974358975
RICE_004737,Rice,Assam,JORHAT,Autumn,2003,0.7553048616706957
RICE_004738,Rice,Assam,JORHAT,Summer,2003,1.7932862190812722
RICE_004739,Rice,Assam,JORHAT,Winter,2003,1.727125536096108
RICE_004740,Rice,Assam,KAMRUP,Autumn,2003,1.0755645938135503
RICE_004741,Rice,Assam,KAMRUP,Summer,2003,1.987313151614119
RICE_004742,Rice,Assam,KAMRUP,Winter,2003,1.517623684914867
RICE_004743,Rice,Assam,KARBI ANGLONG,Autumn,2003,1.1531910821930915
RICE_004744,Rice,Assam,KARBI ANGLONG,Summer,2003,1.16156462585034
RICE_004745,Rice,Assam,KARBI ANGLONG,Winter,2003,1.4007551961505045
RICE_004746,Rice,Assam,KARIMGANJ,Autumn,2003,1.84
RICE_004747,Rice,Assam,KARIMGANJ,Summer,2003,0.272
RICE_004748,Rice,Assam,KARIMGANJ,Winter,2003,2.0172926447574335
RICE_004749,Rice,Assam,KOKRAJHAR,Autumn,2003,0.8762383397208764
RICE_004750,Rice,Assam,KOKRAJHAR,Summer,2003,1.73325
RICE_004751,Rice,Assam,KOKRAJHAR,Winter,2003,1.3605862646566165
RICE_004752,Rice,Assam,LAKHIMPUR,Autumn,2003,0.6697388632872504
RICE_004753,Rice,Assam,LAKHIMPUR,Summer,2003,0.7580261248185777
RICE_004754,Rice,Assam,LAKHIMPUR,Winter,2003,1.0655467393999505
RICE_004755,Rice,Assam,MARIGAON,Autumn,2003,0.2351818181818182
RICE_004756,Rice,Assam,MARIGAON,Summer,2003,1.819
RICE_004757,Rice,Assam,MARIGAON,Winter,2003,1.529684499314129
RICE_004758,Rice,Assam,NAGAON,Autumn,2003,1.1029917673017153
RICE_004759,Rice,Assam,NAGAON,Summer,2003,2.278854488090698
RICE_004760,Rice,Assam,NAGAON,Winter,2003,1.8006998495650468
RICE_004761,Rice,Assam,NALBARI,Autumn,2003,0.8787317073170732
RICE_004762,Rice,Assam,NALBARI,Summer,2003,1.4680116959064327
RICE_004763,Rice,Assam,NALBARI,Winter,2003,1.293309090909091
RICE_004764,Rice,Assam,SIVASAGAR,Autumn,2003,1.3703703703703705
RICE_004765,Rice,Assam,SIVASAGAR,Summer,2003,1.7936507936507937
RICE_004766,Rice,Assam,SIVASAGAR,Winter,2003,2.247702384607512
RICE_004767,Rice,Assam,SONITPUR,Autumn,2003,0.9867609447871221
RICE_004768,Rice,Assam,SONITPUR,Summer,2003,1.6806853582554517
RICE_004769,Rice,Assam,SONITPUR,Winter,2003,1.579434650652202
RICE_004770,Rice,Assam,TINSUKIA,Autumn,2003,1.3793618465716226
RICE_004771,Rice,Assam,TINSUKIA,Summer,2003,1.79136690647482
RICE_004772,Rice,Assam,TINSUKIA,Winter,2003,1.3895689457663731
RICE_004773,Rice,Bihar,ARARIA,Autumn,2003,1.155204089783529
RICE_004774,Rice,Bihar,ARARIA,Summer,2003,1.5312364738133026
RICE_004775,Rice,Bihar,ARARIA,Winter,2003,1.4155215003477468
RICE_004776,Rice,Bihar,ARWAL,Autumn,2003,1.3
RICE_004777,Rice,Bihar,ARWAL,Summer,2003,1.3
RICE_004778,Rice,Bihar,ARWAL,Winter,2003,1.6980148259831638
RICE_004779,Rice,Bihar,AURANGABAD,Winter,2003,1.807003756139844
RICE_004780,Rice,Bihar,BANKA,Kharif,2003,1.496927329859592
RICE_004781,Rice,Bihar,BANKA,Winter,2003,1.496927329859592
RICE_004782,Rice,Bihar,BEGUSARAI,Autumn,2003,1.377056094474905
RICE_004783,Rice,Bihar,BEGUSARAI,Summer,2003,1.329268292682927
RICE_004784,Rice,Bihar,BEGUSARAI,Winter,2003,1.3449981678270428
RICE_004785,Rice,Bihar,BHAGALPUR,Autumn,2003,1.229433272394881
RICE_004786,Rice,Bihar,BHAGALPUR,Summer,2003,1.396551724137931
RICE_004787,Rice,Bihar,BHAGALPUR,Winter,2003,1.2658248191941224
RICE_004788,Rice,Bihar,BHOJPUR,Autumn,2003,1.2537462537462538
RICE_004789,Rice,Bihar,BHOJPUR,Summer,2003,1.2857142857142858
RICE_004790,Rice,Bihar,BHOJPUR,Winter,2003,2.120047427080863
RICE_004791,Rice,Bihar,BUXAR,Autumn,2003,1.2
RICE_004792,Rice,Bihar,BUXAR,Winter,2003,2.275043095192492
RICE_004793,Rice,Bihar,DARBHANGA,Autumn,2003,0.6432029508952586
RICE_004794,Rice,Bihar,DARBHANGA,Summer,2003,1.4145748987854252
RICE_004795,Rice,Bihar,DARBHANGA,Winter,2003,1.1272627382478482
RICE_004796,Rice,Bihar,GAYA,Autumn,2003,1.2348837209302326
RICE_004797,Rice,Bihar,GAYA,Summer,2003,1.3472222222222223
RICE_004798,Rice,Bihar,GAYA,Winter,2003,1.5343283582089553
RICE_004799,Rice,Bihar,GOPALGANJ,Autumn,2003,1.4993798348402259
RICE_004800,Rice,Bihar,GOPALGANJ,Summer,2003,1.4545454545454546
RICE_004801,Rice,Bihar,GOPALGANJ,Winter,2003,1.4257037533512065
RICE_004802,Rice,Bihar,JAMUI,Winter,2003,1.1382237041527736
RICE_004803,Rice,Bihar,JEHANABAD,Winter,2003,1.8156424581005586
RICE_004804,Rice,Bihar,KAIMUR (BHABUA),Autumn,2003,1.2066666666666668
RICE_004805,Rice,Bihar,KAIMUR (BHABUA),Winter,2003,3.1120795650154376
RICE_004806,Rice,Bihar,KATIHAR,Autumn,2003,0.5813226870335011
RICE_004807,Rice,Bihar,KATIHAR,Summer,2003,1.6796841166730352
RICE_004808,Rice,Bihar,KATIHAR,Winter,2003,1.0894138991875049
RICE_004809,Rice,Bihar,KHAGARIA,Autumn,2003,0.7434722858451672
RICE_004810,Rice,Bihar,KHAGARIA,Summer,2003,1.3407146451937595
RICE_004811,Rice,Bihar,KHAGARIA,Winter,2003,0.9735896753592337
RICE_004812,Rice,Bihar,KISHANGANJ,Autumn,2003,0.825711199135758
RICE_004813,Rice,Bihar,KISHANGANJ,Summer,2003,1.2126912691269127
RICE_004814,Rice,Bihar,KISHANGANJ,Winter,2003,1.4962280161340944
RICE_004815,Rice,Bihar,LAKHISARAI,Winter,2003,1.3953618789998021
RICE_004816,Rice,Bihar,MADHEPURA,Autumn,2003,1.500337014569399
RICE_004817,Rice,Bihar,MADHEPURA,Summer,2003,1.8137059214903526
RICE_004818,Rice,Bihar,MADHEPURA,Winter,2003,1.4631696237250365
RICE_004819,Rice,Bihar,MADHUBANI,Autumn,2003,0.9239656098871575
RICE_004820,Rice,Bihar,MADHUBANI,Summer,2003,1.4223088163662931
RICE_004821,Rice,Bihar,MADHUBANI,Winter,2003,1.00689573529847
RICE_004822,Rice,Bihar,MUNGER,Summer,2003,1.0
RICE_004823,Rice,Bihar,MUNGER,Winter,2003,1.5007315007315007
RICE_004824,Rice,Bihar,MUZAFFARPUR,Autumn,2003,1.1564159531808822
RICE_004825,Rice,Bihar,MUZAFFARPUR,Summer,2003,1.0167865707434052
RICE_004826,Rice,Bihar,MUZAFFARPUR,Winter,2003,1.0460154330004985
RICE_004827,Rice,Bihar,NALANDA,Autumn,2003,1.0
RICE_004828,Rice,Bihar,NALANDA,Winter,2003,0.9780444964871194
RICE_004829,Rice,Bihar,NAWADA,Autumn,2003,1.2121212121212122
RICE_004830,Rice,Bihar,NAWADA,Summer,2003,1.3829787234042554
RICE_004831,Rice,Bihar,NAWADA,Winter,2003,1.624167665892798
RICE_004832,Rice,Bihar,PASHCHIM CHAMPARAN,Autumn,2003,1.686104956846665
RICE_004833,Rice,Bihar,PASHCHIM CHAMPARAN,Summer,2003,1.0433420365535249
RICE_004834,Rice,Bihar,PASHCHIM CHAMPARAN,Winter,2003,1.3046441697293685
RICE_004835,Rice,Bihar,PATNA,Summer,2003,1.4575471698113207
RICE_004836,Rice,Bihar,PATNA,Winter,2003,2.285066391441558
RICE_004837,Rice,Bihar,PURBI CHAMPARAN,Autumn,2003,1.4556554962986548
RICE_004838,Rice,Bihar,PURBI CHAMPARAN,Summer,2003,1.0946372239747635
RICE_004839,Rice,Bihar,PURBI CHAMPARAN,Winter,2003,1.394496008307912
RICE_004840,Rice,Bihar,PURNIA,Autumn,2003,1.110738073319976
RICE_004841,Rice,Bihar,PURNIA,Summer,2003,1.3682437380987256
RICE_004842,Rice,Bihar,PURNIA,Winter,2003,1.7173200407617037
RICE_004843,Rice,Bihar,ROHTAS,Autumn,2003,1.2507739938080495
RICE_004844,Rice,Bihar,ROHTAS,Summer,2003,1.5
RICE_004845,Rice,Bihar,ROHTAS,Winter,2003,2.645943691238414
RICE_004846,Rice,Bihar,SAHARSA,Autumn,2003,1.1737966510944307
RICE_004847,Rice,Bihar,SAHARSA,Summer,2003,1.4565965583173996
RICE_004848,Rice,Bihar,SAHARSA,Winter,2003,1.2236412593829444
RICE_004849,Rice,Bihar,SAMASTIPUR,Autumn,2003,1.076486452584044
RICE_004850,Rice,Bihar,SAMASTIPUR,Summer,2003,1.4477410654079568
RICE_004851,Rice,Bihar,SAMASTIPUR,Winter,2003,0.6250396573604061
RICE_004852,Rice,Bihar,SARAN,Autumn,2003,0.8539919586444572
RICE_004853,Rice,Bihar,SARAN,Summer,2003,1.4972222222222222
RICE_004854,Rice,Bihar,SARAN,Winter,2003,1.9111782304355918
RICE_004855,Rice,Bihar,SHEIKHPURA,Winter,2003,1.3077996324780508
RICE_004856,Rice,Bihar,SHEOHAR,Autumn,2003,0.7439153439153439
RICE_004857,Rice,Bihar,SHEOHAR,Summer,2003,1.0943396226415094
RICE_004858,Rice,Bihar,SHEOHAR,Winter,2003,0.39796804002654823
RICE_004859,Rice,Bihar,SITAMARHI,Autumn,2003,1.3937061353860085
RICE_004860,Rice,Bihar,SITAMARHI,Summer,2003,1.0121816168327795
RICE_004861,Rice,Bihar,SITAMARHI,Winter,2003,1.2336442786069652
RICE_004862,Rice,Bihar,SIWAN,Autumn,2003,1.222369522746302
RICE_004863,Rice,Bihar,SIWAN,Winter,2003,1.125564152159897
RICE_004864,Rice,Bihar,SUPAUL,Autumn,2003,1.2666666666666666
RICE_004865,Rice,Bihar,SUPAUL,Kharif,2003,1.3414889820679812
RICE_004866,Rice,Bihar,SUPAUL,Summer,2003,1.1881022979985174
RICE_004867,Rice,Bihar,SUPAUL,Winter,2003,1.3414889820679812
RICE_004868,Rice,Bihar,VAISHALI,Autumn,2003,0.979218060850714
RICE_004869,Rice,Bihar,VAISHALI,Summer,2003,1.0136986301369864
RICE_004870,Rice,Bihar,VAISHALI,Winter,2003,0.6377159505929665
RICE_004871,Rice,Chandigarh,CHANDIGARH,Kharif,2003,5.0
RICE_004872,Rice,Chhattisgarh,BASTAR,Kharif,2003,1.688346925128552
RICE_004873,Rice,Chhattisgarh,BILASPUR,Kharif,2003,1.5801551510911793
RICE_004874,Rice,Chhattisgarh,DANTEWADA,Kharif,2003,1.3619371446134931
RICE_004875,Rice,Chhattisgarh,DHAMTARI,Kharif,2003,1.5364904474344034
RICE_004876,Rice,Chhattisgarh,DURG,Kharif,2003,1.6180217864136437
RICE_004877,Rice,Chhattisgarh,JANJGIR-CHAMPA,Kharif,2003,1.3507848233258815
RICE_004878,Rice,Chhattisgarh,JASHPUR,Kharif,2003,1.247520416026789
RICE_004879,Rice,Chhattisgarh,KABIRDHAM,Kharif,2003,1.0883230790780867
RICE_004880,Rice,Chhattisgarh,KANKER,Kharif,2003,1.948455052757268
RICE_004881,Rice,Chhattisgarh,KORBA,Kharif,2003,1.2233796191185418
RICE_004882,Rice,Chhattisgarh,KOREA,Kharif,2003,1.419282254134778
RICE_004883,Rice,Chhattisgarh,MAHASAMUND,Kharif,2003,1.5491441115433982
RICE_004884,Rice,Chhattisgarh,RAIGARH,Kharif,2003,1.3287687608463559
RICE_004885,Rice,Chhattisgarh,RAIPUR,Kharif,2003,1.365794561550705
RICE_004886,Rice,Chhattisgarh,RAJNANDGAON,Kharif,2003,1.3869520715243908
RICE_004887,Rice,Chhattisgarh,SURGUJA,Kharif,2003,1.2871184390616546
RICE_004888,Rice,Dadra and Nagar Haveli,DADRA AND NAGAR HAVELI,Kharif,2003,2.0099894847528916
RICE_004889,Rice,Dadra and Nagar Haveli,DADRA AND NAGAR HAVELI,Rabi,2003,2.0102915951972555
RICE_004890,Rice,Gujarat,AHMADABAD,Kharif,2003,2.375
RICE_004891,Rice,Gujarat,ANAND,Kharif,2003,1.984700973574409
RICE_004892,Rice,Gujarat,ANAND,Summer,2003,3.5
RICE_004893,Rice,Gujarat,BHARUCH,Kharif,2003,1.6466165413533835
RICE_004894,Rice,Gujarat,BHARUCH,Summer,2003,3.6
RICE_004895,Rice,Gujarat,DANG,Kharif,2003,1.2214285714285715
RICE_004896,Rice,Gujarat,DOHAD,Kharif,2003,1.3772893772893773
RICE_004897,Rice,Gujarat,GANDHINAGAR,Kharif,2003,2.687022900763359
RICE_004898,Rice,Gujarat,KHEDA,Kharif,2003,2.013157894736842
RICE_004899,Rice,Gujarat,KHEDA,Summer,2003,3.44
RICE_004900,Rice,Gujarat,MAHESANA,Kharif,2003,1.3472222222222223
RICE_004901,Rice,Gujarat,NARMADA,Kharif,2003,0.7769784172661871
RICE_004902,Rice,Gujarat,NAVSARI,Kharif,2003,2.3819444444444446
RICE_004903,Rice,Gujarat,NAVSARI,Summer,2003,3.876923076923077
RICE_004904,Rice,Gujarat,PANCH MAHALS,Kharif,2003,1.0146103896103895
RICE_004905,Rice,Gujarat,PANCH MAHALS,Summer,2003,5.0
RICE_004906,Rice,Gujarat,SABAR KANTHA,Kharif,2003,1.676923076923077
RICE_004907,Rice,Gujarat,SURAT,Kharif,2003,1.935
RICE_004908,Rice,Gujarat,SURAT,Summer,2003,3.207547169811321
RICE_004909,Rice,Gujarat,SURENDRANAGAR,Kharif,2003,1.5
RICE_004910,Rice,Gujarat,VADODARA,Kharif,2003,1.2584745762711864
RICE_004911,Rice,Gujarat,VALSAD,Kharif,2003,2.1850117096018735
RICE_004912,Rice,Gujarat,VALSAD,Summer,2003,2.3333333333333335
RICE_004913,Rice,Haryana,AMBALA,Kharif,2003,3.099399235390497
RICE_004914,Rice,Haryana,BHIWANI,Kharif,2003,2.3255813953488373
RICE_004915,Rice,Haryana,FARIDABAD,Kharif,2003,2.752973564394875
RICE_004916,Rice,Haryana,FATEHABAD,Kharif,2003,3.348282853105609
RICE_004917,Rice,Haryana,GURGAON,Kharif,2003,2.536376985716193
RICE_004918,Rice,Haryana,HISAR,Kharif,2003,2.4345709068776626
RICE_004919,Rice,Haryana,JHAJJAR,Kharif,2003,1.5381985985301658
RICE_004920,Rice,Haryana,JIND,Kharif,2003,2.3937104708362615
RICE_004921,Rice,Haryana,KAITHAL,Kharif,2003,2.473748302485862
RICE_004922,Rice,Haryana,KARNAL,Kharif,2003,2.979442444217553
RICE_004923,Rice,Haryana,KURUKSHETRA,Kharif,2003,3.1085583613967076
RICE_004924,Rice,Haryana,PANCHKULA,Kharif,2003,3.032928942807626
RICE_004925,Rice,Haryana,PANIPAT,Kharif,2003,2.2677931883236306
RICE_004926,Rice,Haryana,REWARI,Kharif,2003,4.830917874396135
RICE_004927,Rice,Haryana,ROHTAK,Kharif,2003,1.5152608413305433
RICE_004928,Rice,Haryana,SIRSA,Kharif,2003,3.2707145253270715
RICE_004929,Rice,Haryana,SONIPAT,Kharif,2003,2.2591503168875278
RICE_004930,Rice,Haryana,YAMUNANAGAR,Kharif,2003,3.0294490629843596
RICE_004931,Rice,Himachal Pradesh,BILASPUR,Kharif,2003,1.6203759854457247
RICE_004932,Rice,Himachal Pradesh,CHAMBA,Kharif,2003,1.659040590405904
RICE_004933,Rice,Himachal Pradesh,HAMIRPUR,Kharif,2003,1.2387407083515523
RICE_004934,Rice,Himachal Pradesh,KANGRA,Kharif,2003,1.4846039892069203
RICE_004935,Rice,Himachal Pradesh,KINNAUR,Kharif,2003,1.4814814814814814
RICE_004936,Rice,Himachal Pradesh,KULLU,Kharif,2003,1.3132220795892169
RICE_004937,Rice,Himachal Pradesh,MANDI,Kharif,2003,1.4649446494464944
RICE_004938,Rice,Himachal Pradesh,SHIMLA,Kharif,2003,0.9761167624944714
RICE_004939,Rice,Himachal Pradesh,SIRMAUR,Kharif,2003,1.621586475942783
RICE_004940,Rice,Himachal Pradesh,SOLAN,Kharif,2003,1.4689075630252102
RICE_004941,Rice,Himachal Pradesh,UNA,Kharif,2003,1.8384920634920634
RICE_004942,Rice,Jammu and Kashmir,ANANTNAG,Kharif,2003,2.335925696594427
RICE_004943,Rice,Jammu and Kashmir,BADGAM,Kharif,2003,1.7823455335743592
RICE_004944,Rice,Jammu and Kashmir,BARAMULLA,Kharif,2003,2.0323763753636017
RICE_004945,Rice,Jammu and Kashmir,DODA,Kharif,2003,1.8407407407407408
RICE_004946,Rice,Jammu and Kashmir,JAMMU,Kharif,2003,1.8236230445349673
RICE_004947,Rice,Jammu and Kashmir,KATHUA,Kharif,2003,1.8178464150450568
RICE_004948,Rice,Jammu and Kashmir,KUPWARA,Kharif,2003,1.5970692868033203
RICE_004949,Rice,Jammu and Kashmir,POONCH,Kharif,2003,1.6554621848739495
RICE_004950,Rice,Jammu and Kashmir,PULWAMA,Kharif,2003,2.0281008913938523
RICE_004951,Rice,Jammu and Kashmir,RAJAURI,Kharif,2003,1.719415989638526
RICE_004952,Rice,Jammu and Kashmir,SRINAGAR,Kharif,2003,2.7280818499417734
RICE_004953,Rice,Jammu and Kashmir,UDHAMPUR,Kharif,2003,1.0836477987421385
RICE_004954,Rice,Jharkhand,BOKARO,Winter,2003,0.9400001755251493
RICE_004955,Rice,Jharkhand,CHATRA,Winter,2003,1.0713569118234432
RICE_004956,Rice,Jharkhand,DEOGHAR,Autumn,2003,0.9579994744459785
RICE_004957,Rice,Jharkhand,DEOGHAR,Winter,2003,0.9886667387084199
RICE_004958,Rice,Jharkhand,DHANBAD,Winter,2003,1.510666773625798
RICE_004959,Rice,Jharkhand,DUMKA,Autumn,2003,0.863333529862626
RICE_004960,Rice,Jharkhand,DUMKA,Winter,2003,1.189333343305533
RICE_004961,Rice,Jharkhand,EAST SINGHBUM,Autumn,2003,0.7633335171805196
RICE_004962,Rice,Jharkhand,EAST SINGHBUM,Winter,2003,1.1060000314104133
RICE_004963,Rice,Jharkhand,GARHWA,Autumn,2003,0.8013338873883232
RICE_004964,Rice,Jharkhand,GARHWA,Winter,2003,1.0113332978566387
RICE_004965,Rice,Jharkhand,GIRIDIH,Autumn,2003,0.8200000000000001
RICE_004966,Rice,Jharkhand,GIRIDIH,Winter,2003,1.1753333370783179
RICE_004967,Rice,Jharkhand,GODDA,Autumn,2003,0.7853325970666336
RICE_004968,Rice,Jharkhand,GODDA,Winter,2003,1.1373333597448645
RICE_004969,Rice,Jharkhand,GUMLA,Autumn,2003,0.5066666839813235
RICE_004970,Rice,Jharkhand,GUMLA,Winter,2003,0.820666733213778
RICE_004971,Rice,Jharkhand,HAZARIBAGH,Autumn,2003,1.0166669823471475
RICE_004972,Rice,Jharkhand,HAZARIBAGH,Winter,2003,1.1566666835688952
RICE_004973,Rice,Jharkhand,JAMTARA,Winter,2003,1.1693333721763832
RICE_004974,Rice,Jharkhand,KODERMA,Winter,2003,0.9346668179508242
RICE_004975,Rice,Jharkhand,LATEHAR,Autumn,2003,0.2933330358647143
RICE_004976,Rice,Jharkhand,LATEHAR,Winter,2003,0.06722095942392226
RICE_004977,Rice,Jharkhand,LOHARDAGA,Autumn,2003,0.6213331849386292
RICE_004978,Rice,Jharkhand,LOHARDAGA,Winter,2003,1.0920001348481272
RICE_004979,Rice,Jharkhand,PAKUR,Autumn,2003,1.3679995730786036
RICE_004980,Rice,Jharkhand,PAKUR,Winter,2003,1.2313333257618797
RICE_004981,Rice,Jharkhand,PALAMU,Autumn,2003,0.6120002636680812
RICE_004982,Rice,Jharkhand,PALAMU,Winter,2003,0.7313331462608894
RICE_004983,Rice,Jharkhand,RANCHI,Autumn,2003,0.7646666857281041
RICE_004984,Rice,Jharkhand,RANCHI,Winter,2003,1.1853333140659625
RICE_004985,Rice,Jharkhand,SAHEBGANJ,Winter,2003,1.1986664976746855
RICE_004986,Rice,Jharkhand,SARAIKELA KHARSAWAN,Winter,2003,0.9653332812034191
RICE_004987,Rice,Jharkhand,SIMDEGA,Autumn,2003,0.4526667033481825
RICE_004988,Rice,Jharkhand,SIMDEGA,Winter,2003,0.7359999510813157
RICE_004989,Rice,Jharkhand,WEST SINGHBHUM,Autumn,2003,0.4846666346266755
RICE_004990,Rice,Jharkhand,WEST SINGHBHUM,Winter,2003,0.5273333416859076
RICE_004991,Rice,Karnataka,BAGALKOT,Kharif,2003,2.2580645161290325
RICE_004992,Rice,Karnataka,BAGALKOT,Summer,2003,3.5
RICE_004993,Rice,Karnataka,BANGALORE RURAL,Kharif,2003,2.3723076923076922
RICE_004994,Rice,Karnataka,BANGALORE RURAL,Rabi,2003,2.9625
RICE_004995,Rice,Karnataka,BANGALORE RURAL,Summer,2003,3.991683991683992
RICE_004996,Rice,Karnataka,BELGAUM,Kharif,2003,0.7182280639849448
RICE_004997,Rice,Karnataka,BELGAUM,Summer,2003,3.873873873873874
RICE_004998,Rice,Karnataka,BELLARY,Kharif,2003,3.8019001900190017
RICE_004999,Rice,Karnataka,BELLARY,Summer,2003,4.658851113716295
RICE_005000,Rice,Karnataka,BENGALURU URBAN,Kharif,2003,2.1089019430637146
RICE_005001,Rice,Karnataka,BENGALURU URBAN,Rabi,2003,3.0
RICE_005002,Rice,Karnataka,BENGALURU URBAN,Summer,2003,4.976580796252928
RICE_005003,Rice,Karnataka,BIDAR,Kharif,2003,0.4032846715328467
RICE_005004,Rice,Karnataka,BIJAPUR,Kharif,2003,1.1071428571428572
RICE_005005,Rice,Karnataka,CHAMARAJANAGAR,Kharif,2003,2.6742727926816734
RICE_005006,Rice,Karnataka,CHAMARAJANAGAR,Rabi,2003,2.963680387409201
RICE_005007,Rice,Karnataka,CHAMARAJANAGAR,Summer,2003,3.6285714285714286
RICE_005008,Rice,Karnataka,CHIKMAGALUR,Kharif,2003,1.8910764384505587
RICE_005009,Rice,Karnataka,CHIKMAGALUR,Summer,2003,3.6292397660818714
RICE_005010,Rice,Karnataka,CHITRADURGA,Kharif,2003,1.9836629406706794
RICE_005011,Rice,Karnataka,CHITRADURGA,Rabi,2003,3.3479899497487438
RICE_005012,Rice,Karnataka,CHITRADURGA,Summer,2003,2.8825466520307352
RICE_005013,Rice,Karnataka,DAKSHIN KANNAD,Kharif,2003,2.4064519990423747
RICE_005014,Rice,Karnataka,DAKSHIN KANNAD,Rabi,2003,3.055541325136612
RICE_005015,Rice,Karnataka,DAKSHIN KANNAD,Summer,2003,3.629973474801061
RICE_005016,Rice,Karnataka,DAVANGERE,Kharif,2003,3.13689601928219
RICE_005017,Rice,Karnataka,DAVANGERE,Summer,2003,4.976148095407618
RICE_005018,Rice,Karnataka,DHARWAD,Kharif,2003,0.2226194568580268
RICE_005019,Rice,Karnataka,DHARWAD,Summer,2003,3.8849557522123894
RICE_005020,Rice,Karnataka,GADAG,Kharif,2003,2.304662379421222
RICE_005021,Rice,Karnataka,GADAG,Summer,2003,3.608695652173913
RICE_005022,Rice,Karnataka,GULBARGA,Kharif,2003,2.3256000246479958
RICE_005023,Rice,Karnataka,GULBARGA,Rabi,2003,2.0980642416507127
RICE_005024,Rice,Karnataka,GULBARGA,Summer,2003,3.648007290826878
RICE_005025,Rice,Karnataka,HASSAN,Kharif,2003,1.6612618778131663
RICE_005026,Rice,Karnataka,HASSAN,Rabi,2003,1.6620428751576293
RICE_005027,Rice,Karnataka,HASSAN,Summer,2003,4.349799732977303
RICE_005028,Rice,Karnataka,HAVERI,Kharif,2003,0.6789371790914958
RICE_005029,Rice,Karnataka,HAVERI,Summer,2003,3.670756646216769
RICE_005030,Rice,Karnataka,KODAGU,Kharif,2003,1.9895871035999666
RICE_005031,Rice,Karnataka,KODAGU,Rabi,2003,3.0
RICE_005032,Rice,Karnataka,KODAGU,Summer,2003,3.8361581920903953
RICE_005033,Rice,Karnataka,KOLAR,Kharif,2003,2.2703154875717018
RICE_005034,Rice,Karnataka,KOLAR,Summer,2003,2.625180897250362
RICE_005035,Rice,Karnataka,KOPPAL,Kharif,2003,4.10634533415543
RICE_005036,Rice,Karnataka,KOPPAL,Summer,2003,4.547386172006745
RICE_005037,Rice,Karnataka,MANDYA,Kharif,2003,3.2157732949087414
RICE_005038,Rice,Karnataka,MANDYA,Rabi,2003,2.9642058165548097
RICE_005039,Rice,Karnataka,MANDYA,Summer,2003,4.218035824583076
RICE_005040,Rice,Karnataka,MYSORE,Kharif,2003,2.986351287811504
RICE_005041,Rice,Karnataka,MYSORE,Rabi,2003,2.964170692431562
RICE_005042,Rice,Karnataka,MYSORE,Summer,2003,3.850448247758761
RICE_005043,Rice,Karnataka,RAICHUR,Kharif,2003,2.6307259169076245
RICE_005044,Rice,Karnataka,RAICHUR,Rabi,2003,2.9640124681212807
RICE_005045,Rice,Karnataka,RAICHUR,Summer,2003,3.005774783445621
RICE_005046,Rice,Karnataka,SHIMOGA,Kharif,2003,1.910611829522924
RICE_005047,Rice,Karnataka,SHIMOGA,Rabi,2003,3.0
RICE_005048,Rice,Karnataka,SHIMOGA,Summer,2003,3.858831044394762
RICE_005049,Rice,Karnataka,TUMKUR,Kharif,2003,2.3769091379756664
RICE_005050,Rice,Karnataka,TUMKUR,Rabi,2003,3.358974358974359
RICE_005051,Rice,Karnataka,TUMKUR,Summer,2003,4.431021044427124
RICE_005052,Rice,Karnataka,UDUPI,Kharif,2003,2.48135360470819
RICE_005053,Rice,Karnataka,UDUPI,Rabi,2003,2.779893792345724
RICE_005054,Rice,Karnataka,UDUPI,Summer,2003,3.9029126213592233
RICE_005055,Rice,Karnataka,UTTAR KANNAD,Kharif,2003,1.5691317926296064
RICE_005056,Rice,Karnataka,UTTAR KANNAD,Rabi,2003,3.274134790528233
RICE_005057,Rice,Karnataka,UTTAR KANNAD,Summer,2003,3.7235649546827796
RICE_005058,Rice,Kerala,ALAPPUZHA,Autumn,2003,2.0771681415929204
RICE_005059,Rice,Kerala,ALAPPUZHA,Summer,2003,2.177444227408245
RICE_005060,Rice,Kerala,ALAPPUZHA,Winter,2003,1.801269005147851
RICE_005061,Rice,Kerala,ERNAKULAM,Autumn,2003,1.8126826676113719
RICE_005062,Rice,Kerala,ERNAKULAM,Summer,2003,1.7592201462225832
RICE_005063,Rice,Kerala,ERNAKULAM,Winter,2003,1.8880405012864139
RICE_005064,Rice,Kerala,IDUKKI,Autumn,2003,2.3680266444629474
RICE_005065,Rice,Kerala,IDUKKI,Summer,2003,1.3246753246753247
RICE_005066,Rice,Kerala,IDUKKI,Winter,2003,2.348717948717949
RICE_005067,Rice,Kerala,KANNUR,Autumn,2003,1.9192358615471912
RICE_005068,Rice,Kerala,KANNUR,Summer,2003,1.057591623036649
RICE_005069,Rice,Kerala,KANNUR,Winter,2003,1.5488325382877228
RICE_005070,Rice,Kerala,KASARAGOD,Autumn,2003,2.480031948881789
RICE_005071,Rice,Kerala,KASARAGOD,Summer,2003,1.4931506849315068
RICE_005072,Rice,Kerala,KASARAGOD,Winter,2003,2.039030402629417
RICE_005073,Rice,Kerala,KOLLAM,Autumn,2003,2.254689331770223
RICE_005074,Rice,Kerala,KOLLAM,Winter,2003,2.1800148038490006
RICE_005075,Rice,Kerala,KOTTAYAM,Autumn,2003,2.6610764430577225
RICE_005076,Rice,Kerala,KOTTAYAM,Summer,2003,2.1446236559139784
RICE_005077,Rice,Kerala,KOTTAYAM,Winter,2003,2.1835952472211577
RICE_005078,Rice,Kerala,KOZHIKODE,Autumn,2003,1.375968992248062
RICE_005079,Rice,Kerala,KOZHIKODE,Summer,2003,1.7155009451795842
RICE_005080,Rice,Kerala,KOZHIKODE,Winter,2003,1.3996122957629467
RICE_005081,Rice,Kerala,MALAPPURAM,Autumn,2003,2.1446740858505566
RICE_005082,Rice,Kerala,MALAPPURAM,Summer,2003,3.1927639383155397
RICE_005083,Rice,Kerala,MALAPPURAM,Winter,2003,1.8779329863964211
RICE_005084,Rice,Kerala,PALAKKAD,Autumn,2003,2.167711272272822
RICE_005085,Rice,Kerala,PALAKKAD,Summer,2003,1.6513738341315856
RICE_005086,Rice,Kerala,PALAKKAD,Winter,2003,1.4148656753458937
RICE_005087,Rice,Kerala,PATHANAMTHITTA,Autumn,2003,2.103953147877013
RICE_005088,Rice,Kerala,PATHANAMTHITTA,Summer,2003,2.637630662020906
RICE_005089,Rice,Kerala,PATHANAMTHITTA,Winter,2003,2.2976653696498053
RICE_005090,Rice,Kerala,THIRUVANANTHAPURAM,Autumn,2003,2.2210897687181497
RICE_005091,Rice,Kerala,THIRUVANANTHAPURAM,Summer,2003,1.4444444444444444
RICE_005092,Rice,Kerala,THIRUVANANTHAPURAM,Winter,2003,1.993576017130621
RICE_005093,Rice,Kerala,THRISSUR,Autumn,2003,2.248378243512974
RICE_005094,Rice,Kerala,THRISSUR,Summer,2003,2.990976729460187
RICE_005095,Rice,Kerala,THRISSUR,Winter,2003,2.1651954602774275
RICE_005096,Rice,Kerala,WAYANAD,Summer,2003,2.2472324723247232
RICE_005097,Rice,Kerala,WAYANAD,Winter,2003,2.3143980343980344
RICE_005098,Rice,Madhya Pradesh,ANUPPUR,Kharif,2003,0.6406961827126074
RICE_005099,Rice,Madhya Pradesh,ASHOKNAGAR,Kharif,2003,0.8883312421580929
RICE_005100,Rice,Madhya Pradesh,BALAGHAT,Kharif,2003,1.4696010949556662
RICE_005101,Rice,Madhya Pradesh,BARWANI,Kharif,2003,0.5978434504792333
RICE_005102,Rice,Madhya Pradesh,BETUL,Kharif,2003,1.0167012068755334
RICE_005103,Rice,Madhya Pradesh,BHIND,Kharif,2003,2.5899925317401045
RICE_005104,Rice,Madhya Pradesh,BHOPAL,Kharif,2003,0.6913996627318718
RICE_005105,Rice,Madhya Pradesh,BURHANPUR,Kharif,2003,1.0504597972176373
RICE_005106,Rice,Madhya Pradesh,CHHATARPUR,Kharif,2003,0.8558480794130341
RICE_005107,Rice,Madhya Pradesh,CHHINDWARA,Kharif,2003,0.8685857837080966
RICE_005108,Rice,Madhya Pradesh,DAMOH,Kharif,2003,0.7786545482202616
RICE_005109,Rice,Madhya Pradesh,DATIA,Kharif,2003,1.4303249097472923
RICE_005110,Rice,Madhya Pradesh,DEWAS,Kharif,2003,0.6836601307189543
RICE_005111,Rice,Madhya Pradesh,DHAR,Kharif,2003,0.7936384794414275
RICE_005112,Rice,Madhya Pradesh,DINDORI,Kharif,2003,0.7602146366692526
RICE_005113,Rice,Madhya Pradesh,GUNA,Kharif,2003,0.9883495145631068
RICE_005114,Rice,Madhya Pradesh,GWALIOR,Kharif,2003,2.462260986246226
RICE_005115,Rice,Madhya Pradesh,HARDA,Kharif,2003,1.105263157894737
RICE_005116,Rice,Madhya Pradesh,HOSHANGABAD,Kharif,2003,1.3281398441953258
RICE_005117,Rice,Madhya Pradesh,INDORE,Kharif,2003,0.6551724137931034
RICE_005118,Rice,Madhya Pradesh,JABALPUR,Kharif,2003,1.1654252477891862
RICE_005119,Rice,Madhya Pradesh,JHABUA,Kharif,2003,0.6532546494992847
RICE_005120,Rice,Madhya Pradesh,KATNI,Kharif,2003,0.8651071667178274
RICE_005121,Rice,Madhya Pradesh,KHANDWA,Kharif,2003,1.0510482529118137
RICE_005122,Rice,Madhya Pradesh,KHARGONE,Kharif,2003,0.644808743169399
RICE_005123,Rice,Madhya Pradesh,MANDLA,Kharif,2003,0.786781103677444
RICE_005124,Rice,Madhya Pradesh,MANDSAUR,Kharif,2003,0.5714285714285714
RICE_005125,Rice,Madhya Pradesh,MORENA,Kharif,2003,1.8454106280193237
RICE_005126,Rice,Madhya Pradesh,NARSINGHPUR,Kharif,2003,1.169509354572094
RICE_005127,Rice,Madhya Pradesh,NEEMUCH,Kharif,2003,0.75
RICE_005128,Rice,Madhya Pradesh,PANNA,Kharif,2003,0.458594550985764
RICE_005129,Rice,Madhya Pradesh,RAISEN,Kharif,2003,0.6294062205466541
RICE_005130,Rice,Madhya Pradesh,RAJGARH,Kharif,2003,0.7722960151802657
RICE_005131,Rice,Madhya Pradesh,RATLAM,Kharif,2003,0.7130111524163569
RICE_005132,Rice,Madhya Pradesh,REWA,Kharif,2003,0.9393881726057377
RICE_005133,Rice,Madhya Pradesh,SAGAR,Kharif,2003,0.6136153609200123
RICE_005134,Rice,Madhya Pradesh,SATNA,Kharif,2003,0.9512021319172613
RICE_005135,Rice,Madhya Pradesh,SEHORE,Kharif,2003,0.7977675640183848
RICE_005136,Rice,Madhya Pradesh,SEONI,Kharif,2003,1.4568805361112032
RICE_005137,Rice,Madhya Pradesh,SHAHDOL,Kharif,2003,0.965211154784747
RICE_005138,Rice,Madhya Pradesh,SHAJAPUR,Kharif,2003,0.568922305764411
RICE_005139,Rice,Madhya Pradesh,SHEOPUR,Kharif,2003,2.6276228419654712
RICE_005140,Rice,Madhya Pradesh,SHIVPURI,Kharif,2003,1.4045551368179583
RICE_005141,Rice,Madhya Pradesh,SIDHI,Kharif,2003,1.0654977468250717
RICE_005142,Rice,Madhya Pradesh,TIKAMGARH,Kharif,2003,0.8431140869108573
RICE_005143,Rice,Madhya Pradesh,UJJAIN,Kharif,2003,0.6
RICE_005144,Rice,Madhya Pradesh,UMARIA,Kharif,2003,0.6357091764923049
RICE_005145,Rice,Madhya Pradesh,VIDISHA,Kharif,2003,0.6741741741741741
RICE_005146,Rice,Maharashtra,AHMEDNAGAR,Kharif,2003,0.7763157894736842
RICE_005147,Rice,Maharashtra,AMRAVATI,Kharif,2003,0.5882352941176471
RICE_005148,Rice,Maharashtra,AURANGABAD,Kharif,2003,0.3333333333333333
RICE_005149,Rice,Maharashtra,BEED,Kharif,2003,0.4
RICE_005150,Rice,Maharashtra,BHANDARA,Kharif,2003,1.5541176470588236
RICE_005151,Rice,Maharashtra,BHANDARA,Summer,2003,2.3333333333333335
RICE_005152,Rice,Maharashtra,CHANDRAPUR,Kharif,2003,1.44989488437281
RICE_005153,Rice,Maharashtra,CHANDRAPUR,Summer,2003,1.0
RICE_005154,Rice,Maharashtra,DHULE,Kharif,2003,1.38
RICE_005155,Rice,Maharashtra,GADCHIROLI,Kharif,2003,1.2176022176022177
RICE_005156,Rice,Maharashtra,GADCHIROLI,Summer,2003,1.8888888888888888
RICE_005157,Rice,Maharashtra,GONDIA,Kharif,2003,1.5
RICE_005158,Rice,Maharashtra,GONDIA,Summer,2003,1.803030303030303
RICE_005159,Rice,Maharashtra,HINGOLI,Kharif,2003,0.5052631578947369
RICE_005160,Rice,Maharashtra,JALGAON,Kharif,2003,1.2222222222222223
RICE_005161,Rice,Maharashtra,JALNA,Kharif,2003,0.42857142857142855
RICE_005162,Rice,Maharashtra,KOLHAPUR,Kharif,2003,2.317325800376648
RICE_005163,Rice,Maharashtra,KOLHAPUR,Summer,2003,3.142857142857143
RICE_005164,Rice,Maharashtra,LATUR,Kharif,2003,0.32682926829268294
RICE_005165,Rice,Maharashtra,NAGPUR,Kharif,2003,1.4441913439635534
RICE_005166,Rice,Maharashtra,NAGPUR,Summer,2003,1.9
RICE_005167,Rice,Maharashtra,NANDED,Kharif,2003,0.575107296137339
RICE_005168,Rice,Maharashtra,NANDURBAR,Kharif,2003,0.7901785714285714
RICE_005169,Rice,Maharashtra,NASHIK,Kharif,2003,1.3102766798418972
RICE_005170,Rice,Maharashtra,OSMANABAD,Kharif,2003,0.14444444444444443
RICE_005171,Rice,Maharashtra,PARBHANI,Kharif,2003,0.375
RICE_005172,Rice,Maharashtra,PUNE,Kharif,2003,1.4023178807947019
RICE_005173,Rice,Maharashtra,RAIGAD,Kharif,2003,2.837881219903692
RICE_005174,Rice,Maharashtra,RAIGAD,Summer,2003,2.6705882352941175
RICE_005175,Rice,Maharashtra,RATNAGIRI,Kharif,2003,3.0113636363636362
RICE_005176,Rice,Maharashtra,RATNAGIRI,Summer,2003,3.0
RICE_005177,Rice,Maharashtra,SANGLI,Kharif,2003,2.532051282051282
RICE_005178,Rice,Maharashtra,SATARA,Kharif,2003,1.660633484162896
RICE_005179,Rice,Maharashtra,SINDHUDURG,Kharif,2003,3.1713520749665327
RICE_005180,Rice,Maharashtra,SINDHUDURG,Summer,2003,1.9767441860465116
RICE_005181,Rice,Maharashtra,SOLAPUR,Kharif,2003,0.5
RICE_005182,Rice,Maharashtra,THANE,Kharif,2003,2.8274368231046934
RICE_005183,Rice,Maharashtra,THANE,Summer,2003,2.4583333333333335
RICE_005184,Rice,Maharashtra,WARDHA,Kharif,2003,0.6666666666666666
RICE_005185,Rice,Maharashtra,WASHIM,Kharif,2003,0.3333333333333333
RICE_005186,Rice,Maharashtra,YAVATMAL,Kharif,2003,0.6060606060606061
RICE_005187,Rice,Manipur,BISHNUPUR,Kharif,2003,3.341833636915604
RICE_005188,Rice,Manipur,CHANDEL,Kharif,2003,1.6629834254143647
RICE_005189,Rice,Manipur,CHURACHANDPUR,Kharif,2003,1.9108565737051793
RICE_005190,Rice,Manipur,IMPHAL EAST,Kharif,2003,2.5544041450777204
RICE_005191,Rice,Manipur,IMPHAL WEST,Kharif,2003,3.2166276346604215
RICE_005192,Rice,Manipur,SENAPATI,Kharif,2003,2.4158644589911438
RICE_005193,Rice,Manipur,TAMENGLONG,Kharif,2003,0.9463753723932473
RICE_005194,Rice,Manipur,THOUBAL,Kharif,2003,2.38843721770551
RICE_005195,Rice,Manipur,UKHRUL,Kharif,2003,2.308984660336012
RICE_005196,Rice,Meghalaya,EAST GARO HILLS,Kharif,2003,1.7411429588748442
RICE_005197,Rice,Meghalaya,EAST JAINTIA HILLS,Kharif,2003,1.577493062525831
RICE_005198,Rice,Meghalaya,EAST KHASI HILLS,Kharif,2003,1.8408445706174592
RICE_005199,Rice,Meghalaya,RI BHOI,Kharif,2003,2.6312112479259455
RICE_005200,Rice,Meghalaya,SOUTH GARO HILLS,Kharif,2003,1.2477778997037199
RICE_005201,Rice,Meghalaya,WEST GARO HILLS,Kharif,2003,1.914371962892063
RICE_005202,Rice,Meghalaya,WEST KHASI HILLS,Kharif,2003,1.6430399465895182
RICE_005203,Rice,Mizoram,AIZAWL,Kharif,2003,2.00078847394452
RICE_005204,Rice,Mizoram,CHAMPHAI,Kharif,2003,2.3315912969283277
RICE_005205,Rice,Mizoram,KOLASIB,Kharif,2003,2.038364249578415
RICE_005206,Rice,Mizoram,LUNGLEI,Kharif,2003,1.664118246687054
RICE_005207,Rice,Mizoram,MAMIT,Kharif,2003,1.8655067011521278
RICE_005208,Rice,Mizoram,SAIHA,Kharif,2003,1.6543333000897578
RICE_005209,Rice,Nagaland,DIMAPUR,Kharif,2003,2.019158398905234
RICE_005210,Rice,Nagaland,DIMAPUR,Rabi,2003,2.293103448275862
RICE_005211,Rice,Nagaland,KOHIMA,Kharif,2003,1.6577777777777778
RICE_005212,Rice,Nagaland,MON,Kharif,2003,1.4248412138320394
RICE_005213,Rice,Nagaland,PHEK,Kharif,2003,1.645853193517636
RICE_005214,Rice,Nagaland,TUENSANG,Kharif,2003,1.3839434276206324
RICE_005215,Rice,Nagaland,WOKHA,Kharif,2003,1.4721930745015739
RICE_005216,Rice,Nagaland,WOKHA,Rabi,2003,1.5952380952380953
RICE_005217,Rice,Nagaland,ZUNHEBOTO,Kharif,2003,1.2784679089026916
RICE_005218,Rice,Odisha,ANUGUL,Kharif,2003,1.5137614678899083
RICE_005219,Rice,Odisha,BALANGIR,Kharif,2003,1.4464285714285714
RICE_005220,Rice,Odisha,BALESHWAR,Kharif,2003,1.578723404255319
RICE_005221,Rice,Odisha,BARGARH,Kharif,2003,2.0638977635782747
RICE_005222,Rice,Odisha,BHADRAK,Kharif,2003,1.8187134502923976
RICE_005223,Rice,Odisha,BOUDH,Kharif,2003,1.8082191780821917
RICE_005224,Rice,Odisha,CUTTACK,Kharif,2003,1.147887323943662
RICE_005225,Rice,Odisha,DEOGARH,Kharif,2003,1.46
RICE_005226,Rice,Odisha,DHENKANAL,Kharif,2003,1.8376068376068375
RICE_005227,Rice,Odisha,GAJAPATI,Kharif,2003,1.6097560975609757
RICE_005228,Rice,Odisha,GANJAM,Kharif,2003,1.546712802768166
RICE_005229,Rice,Odisha,JAGATSINGHAPUR,Kharif,2003,1.3655913978494623
RICE_005230,Rice,Odisha,JAJAPUR,Kharif,2003,1.2748091603053435
RICE_005231,Rice,Odisha,JHARSUGUDA,Kharif,2003,1.8070175438596492
RICE_005232,Rice,Odisha,KALAHANDI,Kharif,2003,1.3076923076923077
RICE_005233,Rice,Odisha,KANDHAMAL,Kharif,2003,1.4736842105263157
RICE_005234,Rice,Odisha,KENDRAPARA,Kharif,2003,1.2642857142857142
RICE_005235,Rice,Odisha,KENDUJHAR,Kharif,2003,1.554054054054054
RICE_005236,Rice,Odisha,KHORDHA,Kharif,2003,1.3893805309734513
RICE_005237,Rice,Odisha,KORAPUT,Kharif,2003,1.592
RICE_005238,Rice,Odisha,MALKANGIRI,Kharif,2003,1.3255813953488371
RICE_005239,Rice,Odisha,MAYURBHANJ,Kharif,2003,1.4721407624633431
RICE_005240,Rice,Odisha,NABARANGPUR,Kharif,2003,1.6728395061728396
RICE_005241,Rice,Odisha,NAYAGARH,Kharif,2003,1.5876288659793814
RICE_005242,Rice,Odisha,NUAPADA,Kharif,2003,1.2962962962962963
RICE_005243,Rice,Odisha,PURI,Kharif,2003,1.216867469879518
RICE_005244,Rice,Odisha,RAYAGADA,Kharif,2003,1.7741935483870968
RICE_005245,Rice,Odisha,SAMBALPUR,Kharif,2003,1.7724137931034483
RICE_005246,Rice,Odisha,SONEPUR,Kharif,2003,1.4786324786324787
RICE_005247,Rice,Odisha,SUNDARGARH,Kharif,2003,1.0289256198347108
RICE_005248,Rice,Puducherry,KARAIKAL,Kharif,2003,2.143338386390433
RICE_005249,Rice,Puducherry,PONDICHERRY,Kharif,2003,2.79896406604079
RICE_005250,Rice,Puducherry,YANAM,Kharif,2003,4.043771043771044
RICE_005251,Rice,Punjab,AMRITSAR,Kharif,2003,2.6748466257668713
RICE_005252,Rice,Punjab,BATHINDA,Kharif,2003,3.9904761904761905
RICE_005253,Rice,Punjab,FARIDKOT,Kharif,2003,3.6666666666666665
RICE_005254,Rice,Punjab,FATEHGARH SAHIB,Kharif,2003,4.385542168674699
RICE_005255,Rice,Punjab,FIROZEPUR,Kharif,2003,3.7008196721311477
RICE_005256,Rice,Punjab,GURDASPUR,Kharif,2003,3.0414507772020727
RICE_005257,Rice,Punjab,HOSHIARPUR,Kharif,2003,3.086206896551724
RICE_005258,Rice,Punjab,JALANDHAR,Kharif,2003,3.369565217391304
RICE_005259,Rice,Punjab,KAPURTHALA,Kharif,2003,3.4711538461538463
RICE_005260,Rice,Punjab,LUDHIANA,Kharif,2003,4.344398340248962
RICE_005261,Rice,Punjab,MANSA,Kharif,2003,3.8333333333333335
RICE_005262,Rice,Punjab,MOGA,Kharif,2003,4.0920245398773005
RICE_005263,Rice,Punjab,MUKTSAR,Kharif,2003,3.7701149425287355
RICE_005264,Rice,Punjab,NAWANSHAHR,Kharif,2003,3.6382978723404253
RICE_005265,Rice,Punjab,PATIALA,Kharif,2003,3.861788617886179
RICE_005266,Rice,Punjab,RUPNAGAR,Kharif,2003,3.3333333333333335
RICE_005267,Rice,Punjab,SANGRUR,Kharif,2003,4.278688524590164
RICE_005268,Rice,Rajasthan,AJMER,Kharif,2003,1.6538461538461537
RICE_005269,Rice,Rajasthan,ALWAR,Kharif,2003,1.65625
RICE_005270,Rice,Rajasthan,BANSWARA,Kharif,2003,0.8295204498620377
RICE_005271,Rice,Rajasthan,BARAN,Kharif,2003,1.9944842801985658
RICE_005272,Rice,Rajasthan,BHARATPUR,Kharif,2003,1.187866927592955
RICE_005273,Rice,Rajasthan,BHILWARA,Kharif,2003,1.6526315789473685
RICE_005274,Rice,Rajasthan,BIKANER,Kharif,2003,1.6153846153846154
RICE_005275,Rice,Rajasthan,BUNDI,Kharif,2003,1.9837409298575652
RICE_005276,Rice,Rajasthan,CHITTORGARH,Kharif,2003,1.6533505154639174
RICE_005277,Rice,Rajasthan,DHOLPUR,Kharif,2003,1.6521181001283698
RICE_005278,Rice,Rajasthan,DUNGARPUR,Kharif,2003,1.0486114729328402
RICE_005279,Rice,Rajasthan,GANGANAGAR,Kharif,2003,2.5834802316796774
RICE_005280,Rice,Rajasthan,HANUMANGARH,Kharif,2003,3.212564090277445
RICE_005281,Rice,Rajasthan,JHALAWAR,Kharif,2003,1.6520787746170678
RICE_005282,Rice,Rajasthan,KARAULI,Kharif,2003,1.1686103012633624
RICE_005283,Rice,Rajasthan,KOTA,Kharif,2003,1.6855504973866127
RICE_005284,Rice,Rajasthan,RAJSAMAND,Kharif,2003,1.6559139784946237
RICE_005285,Rice,Rajasthan,SAWAI MADHOPUR,Kharif,2003,1.6518987341772151
RICE_005286,Rice,Rajasthan,SIROHI,Kharif,2003,1.6666666666666667
RICE_005287,Rice,Rajasthan,TONK,Kharif,2003,1.6
RICE_005288,Rice,Rajasthan,UDAIPUR,Kharif,2003,1.1807041431628087
RICE_005289,Rice,Sikkim,EAST DISTRICT,Kharif,2003,1.384126984126984
RICE_005290,Rice,Sikkim,NORTH DISTRICT,Kharif,2003,1.32
RICE_005291,Rice,Sikkim,SOUTH DISTRICT,Kharif,2003,1.517094017094017
RICE_005292,Rice,Sikkim,WEST DISTRICT,Kharif,2003,1.4901960784313726
RICE_005293,Rice,Tamil Nadu,COIMBATORE,Kharif,2003,2.9126984126984126
RICE_005294,Rice,Tamil Nadu,CUDDALORE,Kharif,2003,3.0496246231831186
RICE_005295,Rice,Tamil Nadu,DHARMAPURI,Kharif,2003,2.426079889979371
RICE_005296,Rice,Tamil Nadu,DINDIGUL,Kharif,2003,2.830987146979103
RICE_005297,Rice,Tamil Nadu,ERODE,Kharif,2003,4.095679012345679
RICE_005298,Rice,Tamil Nadu,KANCHIPURAM,Kharif,2003,3.0441426320829517
RICE_005299,Rice,Tamil Nadu,KANNIYAKUMARI,Kharif,2003,3.0540993071593534
RICE_005300,Rice,Tamil Nadu,KARUR,Kharif,2003,2.5823409505417874
RICE_005301,Rice,Tamil Nadu,MADURAI,Kharif,2003,2.716804545834378
RICE_005302,Rice,Tamil Nadu,NAGAPATTINAM,Kharif,2003,1.910231624754666
RICE_005303,Rice,Tamil Nadu,NAMAKKAL,Kharif,2003,3.2568525203904266
RICE_005304,Rice,Tamil Nadu,PERAMBALUR,Kharif,2003,2.3613325270738277
RICE_005305,Rice,Tamil Nadu,PUDUKKOTTAI,Kharif,2003,1.837867315214121
RICE_005306,Rice,Tamil Nadu,RAMANATHAPURAM,Kharif,2003,0.1716171889846403
RICE_005307,Rice,Tamil Nadu,SALEM,Kharif,2003,3.2127346337872655
RICE_005308,Rice,Tamil Nadu,SIVAGANGA,Kharif,2003,0.6925578486554096
RICE_005309,Rice,Tamil Nadu,THANJAVUR,Kharif,2003,2.878809015921423
RICE_005310,Rice,Tamil Nadu,THE NILGIRIS,Kharif,2003,3.31131498470948
RICE_005311,Rice,Tamil Nadu,THENI,Kharif,2003,3.8820635366882206
RICE_005312,Rice,Tamil Nadu,THIRUVALLUR,Kharif,2003,2.6091644204851754
RICE_005313,Rice,Tamil Nadu,THIRUVARUR,Kharif,2003,1.395192568986388
RICE_005314,Rice,Tamil Nadu,TIRUCHIRAPPALLI,Kharif,2003,2.9369642191576593
RICE_005315,Rice,Tamil Nadu,TIRUNELVELI,Kharif,2003,3.7704005793345274
RICE_005316,Rice,Tamil Nadu,TIRUVANNAMALAI,Kharif,2003,2.806099940612539
RICE_005317,Rice,Tamil Nadu,TUTICORIN,Kharif,2003,4.201477104874446
RICE_005318,Rice,Tamil Nadu,VELLORE,Kharif,2003,3.499660293118509
RICE_005319,Rice,Tamil Nadu,VILLUPURAM,Kharif,2003,3.1183995536603835
RICE_005320,Rice,Tamil Nadu,VIRUDHUNAGAR,Kharif,2003,1.8217821782178218
RICE_005321,Rice,Telangana,ADILABAD,Kharif,2003,2.467996419553513
RICE_005322,Rice,Telangana,ADILABAD,Rabi,2003,2.6389850057670126
RICE_005323,Rice,Telangana,KARIMNAGAR,Kharif,2003,3.221003109280633
RICE_005324,Rice,Telangana,KARIMNAGAR,Rabi,2003,3.1880002472264284
RICE_005325,Rice,Telangana,KHAMMAM,Kharif,2003,2.9009980101260764
RICE_005326,Rice,Telangana,KHAMMAM,Rabi,2003,2.9199933048790694
RICE_005327,Rice,Telangana,MAHBUBNAGAR,Kharif,2003,2.4300075357950264
RICE_005328,Rice,Telangana,MAHBUBNAGAR,Rabi,2003,2.0930127315513185
RICE_005329,Rice,Telangana,MEDAK,Kharif,2003,2.5689970746053845
RICE_005330,Rice,Telangana,MEDAK,Rabi,2003,2.3139857015192136
RICE_005331,Rice,Telangana,NALGONDA,Kharif,2003,2.9949985710202913
RICE_005332,Rice,Telangana,NALGONDA,Rabi,2003,2.8239929363942293
RICE_005333,Rice,Telangana,NIZAMABAD,Kharif,2003,3.1109979909865886
RICE_005334,Rice,Telangana,NIZAMABAD,Rabi,2003,3.004010846232064
RICE_005335,Rice,Telangana,RANGAREDDI,Kharif,2003,2.3219836820274398
RICE_005336,Rice,Telangana,RANGAREDDI,Rabi,2003,2.409818941504178
RICE_005337,Rice,Telangana,WARANGAL,Kharif,2003,3.0710028713213706
RICE_005338,Rice,Telangana,WARANGAL,Rabi,2003,2.809006143523158
RICE_005339,Rice,Tripura,DHALAI,Kharif,2003,1.966603654694392
RICE_005340,Rice,Tripura,NORTH TRIPURA,Kharif,2003,2.2590732709427073
RICE_005341,Rice,Tripura,SOUTH TRIPURA,Kharif,2003,2.4952404499938186
RICE_005342,Rice,Tripura,WEST TRIPURA,Kharif,2003,2.5107920792079206
RICE_005343,Rice,Uttar Pradesh,AGRA,Kharif,2003,1.7427184466019416
RICE_005344,Rice,Uttar Pradesh,ALIGARH,Kharif,2003,2.0582473723601575
RICE_005345,Rice,Uttar Pradesh,ALIGARH,Summer,2003,2.0
RICE_005346,Rice,Uttar Pradesh,ALLAHABAD,Kharif,2003,2.332560344532151
RICE_005347,Rice,Uttar Pradesh,AMBEDKAR NAGAR,Kharif,2003,2.6178697892928513
RICE_005348,Rice,Uttar Pradesh,AMROHA,Kharif,2003,2.1903697769532404
RICE_005349,Rice,Uttar Pradesh,AURAIYA,Kharif,2003,2.268088259128059
RICE_005350,Rice,Uttar Pradesh,AZAMGARH,Kharif,2003,2.0332745724414663
RICE_005351,Rice,Uttar Pradesh,BAGHPAT,Kharif,2003,2.7054337464251668
RICE_005352,Rice,Uttar Pradesh,BAHRAICH,Kharif,2003,1.8657755446455968
RICE_005353,Rice,Uttar Pradesh,BAHRAICH,Summer,2003,1.8888888888888888
RICE_005354,Rice,Uttar Pradesh,BALLIA,Kharif,2003,1.7863888143285913
RICE_005355,Rice,Uttar Pradesh,BALRAMPUR,Kharif,2003,1.7479139531097363
RICE_005356,Rice,Uttar Pradesh,BANDA,Kharif,2003,1.1732084155161078
RICE_005357,Rice,Uttar Pradesh,BARABANKI,Kharif,2003,2.3506300879745474
RICE_005358,Rice,Uttar Pradesh,BAREILLY,Kharif,2003,2.118671103827051
RICE_005359,Rice,Uttar Pradesh,BAREILLY,Summer,2003,2.1172161172161172
RICE_005360,Rice,Uttar Pradesh,BASTI,Kharif,2003,2.2156453540232595
RICE_005361,Rice,Uttar Pradesh,BIJNOR,Kharif,2003,2.5652173913043477
RICE_005362,Rice,Uttar Pradesh,BIJNOR,Summer,2003,2.574074074074074
RICE_005363,Rice,Uttar Pradesh,BUDAUN,Kharif,2003,1.9936257046530992
RICE_005364,Rice,Uttar Pradesh,BUDAUN,Summer,2003,1.9904761904761905
RICE_005365,Rice,Uttar Pradesh,BULANDSHAHR,Kharif,2003,2.282904252241828
RICE_005366,Rice,Uttar Pradesh,CHANDAULI,Kharif,2003,2.9832808900124608
RICE_005367,Rice,Uttar Pradesh,CHITRAKOOT,Kharif,2003,1.140002885170225
RICE_005368,Rice,Uttar Pradesh,DEORIA,Kharif,2003,2.1536320751110534
RICE_005369,Rice,Uttar Pradesh,DEORIA,Summer,2003,2.1739130434782608
RICE_005370,Rice,Uttar Pradesh,ETAH,Kharif,2003,1.8023468708388815
RICE_005371,Rice,Uttar Pradesh,ETAH,Summer,2003,1.6666666666666667
RICE_005372,Rice,Uttar Pradesh,ETAWAH,Kharif,2003,2.345617956155785
RICE_005373,Rice,Uttar Pradesh,FAIZABAD,Kharif,2003,2.7311716205916996
RICE_005374,Rice,Uttar Pradesh,FARRUKHABAD,Kharif,2003,1.6932125258305515
RICE_005375,Rice,Uttar Pradesh,FATEHPUR,Kharif,2003,1.8199531341534856
RICE_005376,Rice,Uttar Pradesh,FIROZABAD,Kharif,2003,1.9317706455102777
RICE_005377,Rice,Uttar Pradesh,GAUTAM BUDDHA NAGAR,Kharif,2003,1.9735872235872236
RICE_005378,Rice,Uttar Pradesh,GHAZIABAD,Kharif,2003,2.348150800552458
RICE_005379,Rice,Uttar Pradesh,GHAZIPUR,Kharif,2003,2.2134075411795706
RICE_005380,Rice,Uttar Pradesh,GONDA,Kharif,2003,1.8864408469390104
RICE_005381,Rice,Uttar Pradesh,GONDA,Summer,2003,1.8666666666666667
RICE_005382,Rice,Uttar Pradesh,GORAKHPUR,Kharif,2003,2.023096448382586
RICE_005383,Rice,Uttar Pradesh,GORAKHPUR,Summer,2003,2.0211267605633805
RICE_005384,Rice,Uttar Pradesh,HAMIRPUR,Kharif,2003,1.1631799163179917
RICE_005385,Rice,Uttar Pradesh,HARDOI,Kharif,2003,2.055198992752733
RICE_005386,Rice,Uttar Pradesh,HARDOI,Summer,2003,2.0
RICE_005387,Rice,Uttar Pradesh,HATHRAS,Kharif,2003,1.930986113059335
RICE_005388,Rice,Uttar Pradesh,JALAUN,Kharif,2003,0.8943089430894309
RICE_005389,Rice,Uttar Pradesh,JAUNPUR,Kharif,2003,2.2641202167235233
RICE_005390,Rice,Uttar Pradesh,JHANSI,Kharif,2003,1.5563063063063063
RICE_005391,Rice,Uttar Pradesh,KANNAUJ,Kharif,2003,1.9331650628385129
RICE_005392,Rice,Uttar Pradesh,KANPUR DEHAT,Kharif,2003,2.0748997472299826
RICE_005393,Rice,Uttar Pradesh,KANPUR NAGAR,Kharif,2003,2.050372317126588
RICE_005394,Rice,Uttar Pradesh,KAUSHAMBI,Kharif,2003,1.8735709806569871
RICE_005395,Rice,Uttar Pradesh,KHERI,Kharif,2003,2.383166751997863
RICE_005396,Rice,Uttar Pradesh,KHERI,Summer,2003,2.3821656050955413
RICE_005397,Rice,Uttar Pradesh,KUSHI NAGAR,Kharif,2003,2.635180046195517
RICE_005398,Rice,Uttar Pradesh,LALITPUR,Kharif,2003,0.6445702864756829
RICE_005399,Rice,Uttar Pradesh,LUCKNOW,Kharif,2003,2.116515486497097
RICE_005400,Rice,Uttar Pradesh,MAHARAJGANJ,Kharif,2003,2.746506632821176
RICE_005401,Rice,Uttar Pradesh,MAHARAJGANJ,Summer,2003,2.7476635514018692
RICE_005402,Rice,Uttar Pradesh,MAHOBA,Kharif,2003,1.1646903820816865
RICE_005403,Rice,Uttar Pradesh,MAINPURI,Kharif,2003,1.6132291828324108
RICE_005404,Rice,Uttar Pradesh,MATHURA,Kharif,2003,2.0529436679373148
RICE_005405,Rice,Uttar Pradesh,MAU,Kharif,2003,2.109948447954371
RICE_005406,Rice,Uttar Pradesh,MEERUT,Kharif,2003,2.3340083798882683
RICE_005407,Rice,Uttar Pradesh,MIRZAPUR,Kharif,2003,2.075680058690658
RICE_005408,Rice,Uttar Pradesh,MORADABAD,Kharif,2003,2.3824721709139056
RICE_005409,Rice,Uttar Pradesh,MORADABAD,Summer,2003,2.3846153846153846
RICE_005410,Rice,Uttar Pradesh,MUZAFFARNAGAR,Kharif,2003,2.522434927360775
RICE_005411,Rice,Uttar Pradesh,PILIBHIT,Kharif,2003,2.71497970573313
RICE_005412,Rice,Uttar Pradesh,PILIBHIT,Summer,2003,2.714572864321608
RICE_005413,Rice,Uttar Pradesh,PRATAPGARH,Kharif,2003,2.2235017059783413
RICE_005414,Rice,Uttar Pradesh,RAE BARELI,Kharif,2003,1.993180382160054
RICE_005415,Rice,Uttar Pradesh,RAE BARELI,Summer,2003,2.0
RICE_005416,Rice,Uttar Pradesh,RAMPUR,Kharif,2003,2.117487135380982
RICE_005417,Rice,Uttar Pradesh,RAMPUR,Summer,2003,2.1169415292353824
RICE_005418,Rice,Uttar Pradesh,SAHARANPUR,Kharif,2003,2.0553311235411917
RICE_005419,Rice,Uttar Pradesh,SAHARANPUR,Summer,2003,2.0
RICE_005420,Rice,Uttar Pradesh,SANT KABEER NAGAR,Kharif,2003,2.2916425486441963
RICE_005421,Rice,Uttar Pradesh,SANT KABEER NAGAR,Summer,2003,2.3
RICE_005422,Rice,Uttar Pradesh,SANT RAVIDAS NAGAR,Kharif,2003,2.7101743985662092
RICE_005423,Rice,Uttar Pradesh,SHAHJAHANPUR,Kharif,2003,2.2543019906410957
RICE_005424,Rice,Uttar Pradesh,SHAHJAHANPUR,Summer,2003,2.253899688024958
RICE_005425,Rice,Uttar Pradesh,SHRAVASTI,Kharif,2003,1.896068051219402
RICE_005426,Rice,Uttar Pradesh,SIDDHARTH NAGAR,Kharif,2003,2.094047254644897
RICE_005427,Rice,Uttar Pradesh,SITAPUR,Kharif,2003,1.8676521776192878
RICE_005428,Rice,Uttar Pradesh,SONBHADRA,Kharif,2003,1.897668663172781
RICE_005429,Rice,Uttar Pradesh,SULTANPUR,Kharif,2003,2.2781095885194187
RICE_005430,Rice,Uttar Pradesh,UNNAO,Kharif,2003,1.9415493038315008
RICE_005431,Rice,Uttar Pradesh,UNNAO,Summer,2003,2.0
RICE_005432,Rice,Uttar Pradesh,VARANASI,Kharif,2003,2.6703728840626
RICE_005433,Rice,Uttarakhand,ALMORA,Kharif,2003,1.023737398818096
RICE_005434,Rice,Uttarakhand,BAGESHWAR,Kharif,2003,1.5061894937311537
RICE_005435,Rice,Uttarakhand,CHAMOLI,Kharif,2003,1.2408229408863525
RICE_005436,Rice,Uttarakhand,CHAMPAWAT,Kharif,2003,1.2759569103827642
RICE_005437,Rice,Uttarakhand,DEHRADUN,Kharif,2003,2.1165658093797277
RICE_005438,Rice,Uttarakhand,HARIDWAR,Kharif,2003,2.031540381245686
RICE_005439,Rice,Uttarakhand,HARIDWAR,Summer,2003,3.5
RICE_005440,Rice,Uttarakhand,NAINITAL,Kharif,2003,2.5586149353358363
RICE_005441,Rice,Uttarakhand,NAINITAL,Summer,2003,3.735042735042735
RICE_005442,Rice,Uttarakhand,PAURI GARHWAL,Kharif,2003,1.1388199023721846
RICE_005443,Rice,Uttarakhand,PITHORAGARH,Kharif,2003,1.3184064394518316
RICE_005444,Rice,Uttarakhand,RUDRA PRAYAG,Kharif,2003,1.3102221263748113
RICE_005445,Rice,Uttarakhand,TEHRI GARHWAL,Kharif,2003,1.4875747814081914
RICE_005446,Rice,Uttarakhand,UDAM SINGH NAGAR,Kharif,2003,2.6375639459022846
RICE_005447,Rice,Uttarakhand,UDAM SINGH NAGAR,Summer,2003,3.7359104046242773
RICE_005448,Rice,Uttarakhand,UTTAR KASHI,Kharif,2003,1.6673917342297806
RICE_005449,Rice,West Bengal,24 PARAGANAS NORTH,Autumn,2003,2.4355859460245872
RICE_005450,Rice,West Bengal,24 PARAGANAS NORTH,Summer,2003,3.1664836738590796
RICE_005451,Rice,West Bengal,24 PARAGANAS NORTH,Winter,2003,2.370363613894888
RICE_005452,Rice,West Bengal,24 PARAGANAS SOUTH,Autumn,2003,2.1086514151815994
RICE_005453,Rice,West Bengal,24 PARAGANAS SOUTH,Summer,2003,2.8418447141546137
RICE_005454,Rice,West Bengal,24 PARAGANAS SOUTH,Winter,2003,2.0221020861475507
RICE_005455,Rice,West Bengal,BANKURA,Autumn,2003,2.6686871673565937
RICE_005456,Rice,West Bengal,BANKURA,Summer,2003,3.002723636054132
RICE_005457,Rice,West Bengal,BANKURA,Winter,2003,2.668512374546594
RICE_005458,Rice,West Bengal,BARDHAMAN,Autumn,2003,2.8106948968512486
RICE_005459,Rice,West Bengal,BARDHAMAN,Summer,2003,3.2450143640152413
RICE_005460,Rice,West Bengal,BARDHAMAN,Winter,2003,2.981387185902833
RICE_005461,Rice,West Bengal,BIRBHUM,Autumn,2003,2.399135729719112
RICE_005462,Rice,West Bengal,BIRBHUM,Summer,2003,3.118306386476031
RICE_005463,Rice,West Bengal,BIRBHUM,Winter,2003,2.920877644092435
RICE_005464,Rice,West Bengal,COOCHBEHAR,Autumn,2003,1.7829466290517588
RICE_005465,Rice,West Bengal,COOCHBEHAR,Summer,2003,2.524
RICE_005466,Rice,West Bengal,COOCHBEHAR,Winter,2003,1.766905262403019
RICE_005467,Rice,West Bengal,DARJEELING,Autumn,2003,1.6543745480838756
RICE_005468,Rice,West Bengal,DARJEELING,Summer,2003,2.060082304526749
RICE_005469,Rice,West Bengal,DARJEELING,Winter,2003,1.859990906229233
RICE_005470,Rice,West Bengal,DINAJPUR DAKSHIN,Autumn,2003,1.840401424409194
RICE_005471,Rice,West Bengal,DINAJPUR DAKSHIN,Summer,2003,2.9211993131686698
RICE_005472,Rice,West Bengal,DINAJPUR DAKSHIN,Winter,2003,2.3723769345769505
RICE_005473,Rice,West Bengal,DINAJPUR UTTAR,Autumn,2003,1.609720176730486
RICE_005474,Rice,West Bengal,DINAJPUR UTTAR,Summer,2003,2.780935572865953
RICE_005475,Rice,West Bengal,DINAJPUR UTTAR,Winter,2003,2.1628800032595352
RICE_005476,Rice,West Bengal,HOOGHLY,Autumn,2003,2.4787744555186415
RICE_005477,Rice,West Bengal,HOOGHLY,Summer,2003,2.846382556987116
RICE_005478,Rice,West Bengal,HOOGHLY,Winter,2003,2.57539125251321
RICE_005479,Rice,West Bengal,HOWRAH,Autumn,2003,2.44875708678587
RICE_005480,Rice,West Bengal,HOWRAH,Summer,2003,2.7448658615951986
RICE_005481,Rice,West Bengal,HOWRAH,Winter,2003,2.078159312011581
RICE_005482,Rice,West Bengal,JALPAIGURI,Autumn,2003,1.5358056840120324
RICE_005483,Rice,West Bengal,JALPAIGURI,Summer,2003,1.9132220455749867
RICE_005484,Rice,West Bengal,JALPAIGURI,Winter,2003,1.6628310057258038
RICE_005485,Rice,West Bengal,MALDAH,Autumn,2003,2.3340065073488163
RICE_005486,Rice,West Bengal,MALDAH,Summer,2003,3.5442013163975967
RICE_005487,Rice,West Bengal,MALDAH,Winter,2003,2.4050715167091363
RICE_005488,Rice,West Bengal,MEDINIPUR EAST,Autumn,2003,2.6053428182230967
RICE_005489,Rice,West Bengal,MEDINIPUR EAST,Summer,2003,3.3458348175665362
RICE_005490,Rice,West Bengal,MEDINIPUR EAST,Winter,2003,1.892249778075723
RICE_005491,Rice,West Bengal,MEDINIPUR WEST,Autumn,2003,1.9789415927194294
RICE_005492,Rice,West Bengal,MEDINIPUR WEST,Summer,2003,2.8668573624215514
RICE_005493,Rice,West Bengal,MEDINIPUR WEST,Winter,2003,2.218009006164736
RICE_005494,Rice,West Bengal,MURSHIDABAD,Autumn,2003,2.0950211600697037
RICE_005495,Rice,West Bengal,MURSHIDABAD,Summer,2003,3.2912795535571147
RICE_005496,Rice,West Bengal,MURSHIDABAD,Winter,2003,2.575585775229338
RICE_005497,Rice,West Bengal,NADIA,Autumn,2003,2.2024471997136255
RICE_005498,Rice,West Bengal,NADIA,Summer,2003,3.344229183147902
RICE_005499,Rice,West Bengal,NADIA,Winter,2003,2.375374818386967
RICE_005500,Rice,West Bengal,PURULIA,Autumn,2003,1.3664815749621404
RICE_005501,Rice,West Bengal,PURULIA,Summer,2003,2.28
RICE_005502,Rice,West Bengal,PURULIA,Winter,2003,2.176467351682967
RICE_005503,Rice,Andaman and Nicobar Islands,NICOBARS,Kharif,2004,1.3707971288250849
RICE_005504,Rice,Andaman and Nicobar Islands,SOUTH ANDAMANS,Kharif,2004,2.726054532961118
RICE_005505,Rice,Andhra Pradesh,ANANTAPUR,Kharif,2004,3.495007191288268
RICE_005506,Rice,Andhra Pradesh,ANANTAPUR,Rabi,2004,2.34004329004329
RICE_005507,Rice,Andhra Pradesh,CHITTOOR,Kharif,2004,2.273996326423511
RICE_005508,Rice,Andhra Pradesh,CHITTOOR,Rabi,2004,2.678994655719929
RICE_005509,Rice,Andhra Pradesh,EAST GODAVARI,Kharif,2004,3.3120019953590085
RICE_005510,Rice,Andhra Pradesh,EAST GODAVARI,Rabi,2004,4.704001767923243
RICE_005511,Rice,Andhra Pradesh,GUNTUR,Kharif,2004,3.4689980199996673
RICE_005512,Rice,Andhra Pradesh,GUNTUR,Rabi,2004,3.33797712618252
RICE_005513,Rice,Andhra Pradesh,KADAPA,Kharif,2004,3.1879953975965227
RICE_005514,Rice,Andhra Pradesh,KADAPA,Rabi,2004,2.0080857795746176
RICE_005515,Rice,Andhra Pradesh,KRISHNA,Kharif,2004,3.281000057071576
RICE_005516,Rice,Andhra Pradesh,KRISHNA,Rabi,2004,3.153039832285115
RICE_005517,Rice,Andhra Pradesh,KURNOOL,Kharif,2004,3.4279996746115677
RICE_005518,Rice,Andhra Pradesh,KURNOOL,Rabi,2004,3.114032177807265
RICE_005519,Rice,Andhra Pradesh,PRAKASAM,Kharif,2004,3.478986695826499
RICE_005520,Rice,Andhra Pradesh,PRAKASAM,Rabi,2004,3.3340036894789367
RICE_005521,Rice,Andhra Pradesh,SPSR NELLORE,Kharif,2004,2.92000413950119
RICE_005522,Rice,Andhra Pradesh,SPSR NELLORE,Rabi,2004,3.446001397674127
RICE_005523,Rice,Andhra Pradesh,SRIKAKULAM,Kharif,2004,2.3510102465997536
RICE_005524,Rice,Andhra Pradesh,SRIKAKULAM,Rabi,2004,2.6128298453139216
RICE_005525,Rice,Andhra Pradesh,VISAKHAPATANAM,Kharif,2004,1.689001649384895
RICE_005526,Rice,Andhra Pradesh,VISAKHAPATANAM,Rabi,2004,1.4120564669973292
RICE_005527,Rice,Andhra Pradesh,VIZIANAGARAM,Kharif,2004,2.3269997204584483
RICE_005528,Rice,Andhra Pradesh,VIZIANAGARAM,Rabi,2004,1.6789029535864979
RICE_005529,Rice,Andhra Pradesh,WEST GODAVARI,Kharif,2004,3.4479988535631665
RICE_005530,Rice,Andhra Pradesh,WEST GODAVARI,Rabi,2004,4.593999806555493
RICE_005531,Rice,Arunachal Pradesh,ANJAW,Kharif,2004,0.5727109515260324
RICE_005532,Rice,Arunachal Pradesh,CHANGLANG,Kharif,2004,1.567522086663862
RICE_005533,Rice,Arunachal Pradesh,DIBANG VALLEY,Kharif,2004,0.9497816593886463
RICE_005534,Rice,Arunachal Pradesh,EAST KAMENG,Kharif,2004,0.7810921902524955
RICE_005535,Rice,Arunachal Pradesh,EAST SIANG,Kharif,2004,1.39701421044228
RICE_005536,Rice,Arunachal Pradesh,KURUNG KUMEY,Kharif,2004,1.18
RICE_005537,Rice,Arunachal Pradesh,LOHIT,Kharif,2004,1.1999513796037438
RICE_005538,Rice,Arunachal Pradesh,LOWER DIBANG VALLEY,Kharif,2004,1.5427239772138788
RICE_005539,Rice,Arunachal Pradesh,LOWER SUBANSIRI,Kharif,2004,1.1999785084891468
RICE_005540,Rice,Arunachal Pradesh,PAPUM PARE,Kharif,2004,1.1399889073765945
RICE_005541,Rice,Arunachal Pradesh,TAWANG,Kharif,2004,1.3501646542261252
RICE_005542,Rice,Arunachal Pradesh,TIRAP,Kharif,2004,0.42667860340196956
RICE_005543,Rice,Arunachal Pradesh,UPPER SIANG,Kharif,2004,1.2492262583482652
RICE_005544,Rice,Arunachal Pradesh,UPPER SUBANSIRI,Kharif,2004,1.1626783754116357
RICE_005545,Rice,Arunachal Pradesh,WEST KAMENG,Kharif,2004,0.8006607929515418
RICE_005546,Rice,Arunachal Pradesh,WEST SIANG,Kharif,2004,0.7727710944376912
RICE_005547,Rice,Assam,BARPETA,Autumn,2004,0.12503291639236339
RICE_005548,Rice,Assam,BARPETA,Summer,2004,1.706592008144566
RICE_005549,Rice,Assam,BARPETA,Winter,2004,1.1971394134190438
RICE_005550,Rice,Assam,BONGAIGAON,Autumn,2004,0.6995050809734383
RICE_005551,Rice,Assam,BONGAIGAON,Summer,2004,1.315894768430529
RICE_005552,Rice,Assam,BONGAIGAON,Winter,2004,1.238013290168683
RICE_005553,Rice,Assam,CACHAR,Autumn,2004,0.2103400825633969
RICE_005554,Rice,Assam,CACHAR,Summer,2004,1.484984984984985
RICE_005555,Rice,Assam,CACHAR,Winter,2004,1.7894489441712467
RICE_005556,Rice,Assam,DARRANG,Autumn,2004,0.5665333333333333
RICE_005557,Rice,Assam,DARRANG,Summer,2004,1.7511577355637464
RICE_005558,Rice,Assam,DARRANG,Winter,2004,1.3946706143597336
RICE_005559,Rice,Assam,DHEMAJI,Autumn,2004,0.5010434782608696
RICE_005560,Rice,Assam,DHEMAJI,Summer,2004,0.7628143903215536
RICE_005561,Rice,Assam,DHEMAJI,Winter,2004,1.2053524112347642
RICE_005562,Rice,Assam,DHUBRI,Autumn,2004,0.7339094281172298
RICE_005563,Rice,Assam,DHUBRI,Summer,2004,2.1408167539267016
RICE_005564,Rice,Assam,DHUBRI,Winter,2004,1.3119952494061757
RICE_005565,Rice,Assam,DIBRUGARH,Autumn,2004,1.0135552505147563
RICE_005566,Rice,Assam,DIBRUGARH,Summer,2004,1.957142857142857
RICE_005567,Rice,Assam,DIBRUGARH,Winter,2004,1.8478453096148344
RICE_005568,Rice,Assam,DIMA HASAO,Autumn,2004,1.3817186463171864
RICE_005569,Rice,Assam,DIMA HASAO,Summer,2004,1.95
RICE_005570,Rice,Assam,DIMA HASAO,Winter,2004,1.9404790419161677
RICE_005571,Rice,Assam,GOALPARA,Autumn,2004,0.9368894601542417
RICE_005572,Rice,Assam,GOALPARA,Summer,2004,2.316973039215686
RICE_005573,Rice,Assam,GOALPARA,Winter,2004,1.3553687621844697
RICE_005574,Rice,Assam,GOLAGHAT,Autumn,2004,1.1077239958805356
RICE_005575,Rice,Assam,GOLAGHAT,Summer,2004,2.0375
RICE_005576,Rice,Assam,GOLAGHAT,Winter,2004,2.0633364498464006
RICE_005577,Rice,Assam,HAILAKANDI,Autumn,2004,1.6058333333333332
RICE_005578,Rice,Assam,HAILAKANDI,Summer,2004,1.9592039800995025
RICE_005579,Rice,Assam,HAILAKANDI,Winter,2004,2.1729350649350647
RICE_005580,Rice,Assam,JORHAT,Autumn,2004,0.6335421412300684
RICE_005581,Rice,Assam,JORHAT,Summer,2004,1.5021097046413503
RICE_005582,Rice,Assam,JORHAT,Winter,2004,1.698562310618271
RICE_005583,Rice,Assam,KAMRUP,Autumn,2004,0.4098664953237667
RICE_005584,Rice,Assam,KAMRUP,Summer,2004,2.6143329202808756
RICE_005585,Rice,Assam,KAMRUP,Winter,2004,1.559389868755788
RICE_005586,Rice,Assam,KARBI ANGLONG,Autumn,2004,0.9689796697527918
RICE_005587,Rice,Assam,KARBI ANGLONG,Summer,2004,1.1705043859649122
RICE_005588,Rice,Assam,KARBI ANGLONG,Winter,2004,1.4666056724611163
RICE_005589,Rice,Assam,KARIMGANJ,Autumn,2004,0.9584615384615385
RICE_005590,Rice,Assam,KARIMGANJ,Summer,2004,1.5109677419354839
RICE_005591,Rice,Assam,KARIMGANJ,Winter,2004,1.9737722031023177
RICE_005592,Rice,Assam,KOKRAJHAR,Autumn,2004,0.8492782177092411
RICE_005593,Rice,Assam,KOKRAJHAR,Summer,2004,1.967324290998767
RICE_005594,Rice,Assam,KOKRAJHAR,Winter,2004,1.2775433059307104
RICE_005595,Rice,Assam,LAKHIMPUR,Autumn,2004,0.5982614095001553
RICE_005596,Rice,Assam,LAKHIMPUR,Summer,2004,0.9650865220570315
RICE_005597,Rice,Assam,LAKHIMPUR,Winter,2004,1.2152252357117914
RICE_005598,Rice,Assam,MARIGAON,Autumn,2004,0.01775
RICE_005599,Rice,Assam,MARIGAON,Summer,2004,2.242
RICE_005600,Rice,Assam,MARIGAON,Winter,2004,0.7062592592592593
RICE_005601,Rice,Assam,NAGAON,Autumn,2004,1.0408757424013042
RICE_005602,Rice,Assam,NAGAON,Summer,2004,2.293005992917461
RICE_005603,Rice,Assam,NAGAON,Winter,2004,1.6981249168846138
RICE_005604,Rice,Assam,NALBARI,Autumn,2004,0.5244878048780488
RICE_005605,Rice,Assam,NALBARI,Summer,2004,1.494022346368715
RICE_005606,Rice,Assam,NALBARI,Winter,2004,1.2706504854368932
RICE_005607,Rice,Assam,SIVASAGAR,Autumn,2004,1.3376703841387856
RICE_005608,Rice,Assam,SIVASAGAR,Summer,2004,1.9595959595959596
RICE_005609,Rice,Assam,SIVASAGAR,Winter,2004,2.246968004062976
RICE_005610,Rice,Assam,SONITPUR,Autumn,2004,0.8973618163777506
RICE_005611,Rice,Assam,SONITPUR,Summer,2004,1.4842202257544344
RICE_005612,Rice,Assam,SONITPUR,Winter,2004,1.530015810797457
RICE_005613,Rice,Assam,TINSUKIA,Autumn,2004,1.3223001402524543
RICE_005614,Rice,Assam,TINSUKIA,Summer,2004,2.0
RICE_005615,Rice,Assam,TINSUKIA,Winter,2004,1.4995281709686372
RICE_005616,Rice,Bihar,ARARIA,Autumn,2004,0.6208071385114581
RICE_005617,Rice,Bihar,ARARIA,Summer,2004,1.4216152888628542
RICE_005618,Rice,Bihar,ARARIA,Winter,2004,0.5043656312780096
RICE_005619,Rice,Bihar,ARWAL,Winter,2004,0.7850827384815056
RICE_005620,Rice,Bihar,AURANGABAD,Winter,2004,1.141878604204866
RICE_005621,Rice,Bihar,BANKA,Winter,2004,1.3607550006263833
RICE_005622,Rice,Bihar,BEGUSARAI,Autumn,2004,0.8951645672490858
RICE_005623,Rice,Bihar,BEGUSARAI,Summer,2004,1.5824468085106382
RICE_005624,Rice,Bihar,BEGUSARAI,Winter,2004,0.38729591836734695
RICE_005625,Rice,Bihar,BHAGALPUR,Autumn,2004,0.891029900332226
RICE_005626,Rice,Bihar,BHAGALPUR,Summer,2004,1.5049019607843137
RICE_005627,Rice,Bihar,BHAGALPUR,Winter,2004,0.46397687280040223
RICE_005628,Rice,Bihar,BHOJPUR,Autumn,2004,0.8912594631796283
RICE_005629,Rice,Bihar,BHOJPUR,Summer,2004,1.4883720930232558
RICE_005630,Rice,Bihar,BHOJPUR,Winter,2004,0.3192711012207795
RICE_005631,Rice,Bihar,BUXAR,Winter,2004,0.3820309163891024
RICE_005632,Rice,Bihar,DARBHANGA,Autumn,2004,0.18872093768013834
RICE_005633,Rice,Bihar,DARBHANGA,Summer,2004,1.4738162433364692
RICE_005634,Rice,Bihar,DARBHANGA,Winter,2004,0.5138832658569501
RICE_005635,Rice,Bihar,GAYA,Autumn,2004,0.9230769230769231
RICE_005636,Rice,Bihar,GAYA,Summer,2004,1.564625850340136
RICE_005637,Rice,Bihar,GAYA,Winter,2004,0.18354465422734068
RICE_005638,Rice,Bihar,GOPALGANJ,Autumn,2004,1.2926235494603586
RICE_005639,Rice,Bihar,GOPALGANJ,Summer,2004,1.3846153846153846
RICE_005640,Rice,Bihar,GOPALGANJ,Winter,2004,1.5231478199220134
RICE_005641,Rice,Bihar,JAMUI,Winter,2004,0.4343053599536078
RICE_005642,Rice,Bihar,JEHANABAD,Winter,2004,0.38533232364420106
RICE_005643,Rice,Bihar,KAIMUR (BHABUA),Autumn,2004,0.8852459016393442
RICE_005644,Rice,Bihar,KAIMUR (BHABUA),Winter,2004,1.4470452277144508
RICE_005645,Rice,Bihar,KATIHAR,Autumn,2004,0.5664713835060838
RICE_005646,Rice,Bihar,KATIHAR,Summer,2004,1.6003391031480918
RICE_005647,Rice,Bihar,KATIHAR,Winter,2004,0.54777021805343
RICE_005648,Rice,Bihar,KHAGARIA,Autumn,2004,0.06855500821018062
RICE_005649,Rice,Bihar,KHAGARIA,Summer,2004,1.570455735987428
RICE_005650,Rice,Bihar,KHAGARIA,Winter,2004,0.14983271543539198
RICE_005651,Rice,Bihar,KISHANGANJ,Autumn,2004,0.9643211100099108
RICE_005652,Rice,Bihar,KISHANGANJ,Summer,2004,1.385383276856855
RICE_005653,Rice,Bihar,KISHANGANJ,Winter,2004,0.5916961008380082
RICE_005654,Rice,Bihar,LAKHISARAI,Winter,2004,0.5642107502481918
RICE_005655,Rice,Bihar,MADHEPURA,Autumn,2004,0.8837602847639611
RICE_005656,Rice,Bihar,MADHEPURA,Summer,2004,1.4249706916764362
RICE_005657,Rice,Bihar,MADHEPURA,Winter,2004,1.1812864488077572
RICE_005658,Rice,Bihar,MADHUBANI,Autumn,2004,0.2697594501718213
RICE_005659,Rice,Bihar,MADHUBANI,Summer,2004,1.4857456140350878
RICE_005660,Rice,Bihar,MADHUBANI,Winter,2004,0.2611672891804075
RICE_005661,Rice,Bihar,MUNGER,Winter,2004,1.501893273997736
RICE_005662,Rice,Bihar,MUZAFFARPUR,Autumn,2004,0.67961016038677
RICE_005663,Rice,Bihar,MUZAFFARPUR,Summer,2004,1.4674698795180723
RICE_005664,Rice,Bihar,MUZAFFARPUR,Winter,2004,0.13716496418505286
RICE_005665,Rice,Bihar,NALANDA,Autumn,2004,1.0
RICE_005666,Rice,Bihar,NALANDA,Winter,2004,0.18176888973941888
RICE_005667,Rice,Bihar,NAWADA,Summer,2004,1.368421052631579
RICE_005668,Rice,Bihar,NAWADA,Winter,2004,0.3462552953401007
RICE_005669,Rice,Bihar,PASHCHIM CHAMPARAN,Autumn,2004,1.4410614347494277
RICE_005670,Rice,Bihar,PASHCHIM CHAMPARAN,Summer,2004,1.427686737804878
RICE_005671,Rice,Bihar,PASHCHIM CHAMPARAN,Winter,2004,0.23254257843947013
RICE_005672,Rice,Bihar,PATNA,Summer,2004,1.4210526315789473
RICE_005673,Rice,Bihar,PATNA,Winter,2004,0.566437428500046
RICE_005674,Rice,Bihar,PURBI CHAMPARAN,Autumn,2004,1.247191908862863
RICE_005675,Rice,Bihar,PURBI CHAMPARAN,Summer,2004,1.3754646840148699
RICE_005676,Rice,Bihar,PURBI CHAMPARAN,Winter,2004,0.3150556428594336
RICE_005677,Rice,Bihar,PURNIA,Autumn,2004,0.6104627294586827
RICE_005678,Rice,Bihar,PURNIA,Summer,2004,1.1407272727272728
RICE_005679,Rice,Bihar,PURNIA,Winter,2004,0.7561357432108988
RICE_005680,Rice,Bihar,ROHTAS,Autumn,2004,0.896551724137931
RICE_005681,Rice,Bihar,ROHTAS,Summer,2004,1.375
RICE_005682,Rice,Bihar,ROHTAS,Winter,2004,2.613138276373108
RICE_005683,Rice,Bihar,SAHARSA,Autumn,2004,0.8595436051653988
RICE_005684,Rice,Bihar,SAHARSA,Summer,2004,1.6768246802106848
RICE_005685,Rice,Bihar,SAHARSA,Winter,2004,0.8601118703108253
RICE_005686,Rice,Bihar,SAMASTIPUR,Autumn,2004,0.19038213825676256
RICE_005687,Rice,Bihar,SAMASTIPUR,Summer,2004,1.4173855341738553
RICE_005688,Rice,Bihar,SAMASTIPUR,Winter,2004,0.15350677614007321
RICE_005689,Rice,Bihar,SARAN,Autumn,2004,0.6259847148736037
RICE_005690,Rice,Bihar,SARAN,Summer,2004,1.376068376068376
RICE_005691,Rice,Bihar,SARAN,Winter,2004,0.7304253179206679
RICE_005692,Rice,Bihar,SHEIKHPURA,Winter,2004,0.3341557983785689
RICE_005693,Rice,Bihar,SHEOHAR,Autumn,2004,1.0750133952491516
RICE_005694,Rice,Bihar,SHEOHAR,Summer,2004,1.3653846153846154
RICE_005695,Rice,Bihar,SHEOHAR,Winter,2004,0.25798087830173394
RICE_005696,Rice,Bihar,SITAMARHI,Autumn,2004,0.8826454500248633
RICE_005697,Rice,Bihar,SITAMARHI,Summer,2004,1.4407436096049573
RICE_005698,Rice,Bihar,SITAMARHI,Winter,2004,0.2447643170445419
RICE_005699,Rice,Bihar,SIWAN,Autumn,2004,1.062284699488628
RICE_005700,Rice,Bihar,SIWAN,Summer,2004,1.4586466165413534
RICE_005701,Rice,Bihar,SIWAN,Winter,2004,0.9044280944539288
RICE_005702,Rice,Bihar,SUPAUL,Autumn,2004,0.8776497779061789
RICE_005703,Rice,Bihar,SUPAUL,Summer,2004,1.099963113242346
RICE_005704,Rice,Bihar,SUPAUL,Winter,2004,1.0761798454078448
RICE_005705,Rice,Bihar,VAISHALI,Autumn,2004,0.47683294869518905
RICE_005706,Rice,Bihar,VAISHALI,Summer,2004,1.5
RICE_005707,Rice,Bihar,VAISHALI,Winter,2004,0.269446021575148
RICE_005708,Rice,Chandigarh,CHANDIGARH,Kharif,2004,5.0
RICE_005709,Rice,Chhattisgarh,BASTAR,Kharif,2004,1.2549017352564544
RICE_005710,Rice,Chhattisgarh,BILASPUR,Kharif,2004,1.349269026757787
RICE_005711,Rice,Chhattisgarh,DANTEWADA,Kharif,2004,1.0166829286957852
RICE_005712,Rice,Chhattisgarh,DHAMTARI,Kharif,2004,1.3851254320207234
RICE_005713,Rice,Chhattisgarh,DURG,Kharif,2004,1.4089984098212995
RICE_005714,Rice,Chhattisgarh,JANJGIR-CHAMPA,Kharif,2004,1.242503743683152
RICE_005715,Rice,Chhattisgarh,JASHPUR,Kharif,2004,0.9301941920145755
RICE_005716,Rice,Chhattisgarh,KABIRDHAM,Kharif,2004,0.8970097170773608
RICE_005717,Rice,Chhattisgarh,KANKER,Kharif,2004,1.5027211500709734
RICE_005718,Rice,Chhattisgarh,KORBA,Kharif,2004,0.9239732012816778
RICE_005719,Rice,Chhattisgarh,KOREA,Kharif,2004,1.0728618797164418
RICE_005720,Rice,Chhattisgarh,MAHASAMUND,Kharif,2004,1.2724042605737593
RICE_005721,Rice,Chhattisgarh,RAIGARH,Kharif,2004,1.036745526361551
RICE_005722,Rice,Chhattisgarh,RAIPUR,Kharif,2004,1.2009012082553896
RICE_005723,Rice,Chhattisgarh,RAJNANDGAON,Kharif,2004,1.12006225621121
RICE_005724,Rice,Chhattisgarh,SURGUJA,Kharif,2004,0.9621268398727807
RICE_005725,Rice,Dadra and Nagar Haveli,DADRA AND NAGAR HAVELI,Kharif,2004,2.0839958002099896
RICE_005726,Rice,Dadra and Nagar Haveli,DADRA AND NAGAR HAVELI,Rabi,2004,2.11791730474732
RICE_005727,Rice,Goa,NORTH GOA,Kharif,2004,2.90042322668021
RICE_005728,Rice,Goa,SOUTH GOA,Kharif,2004,2.597895839699655
RICE_005729,Rice,Gujarat,AHMADABAD,Kharif,2004,2.2306717363751583
RICE_005730,Rice,Gujarat,AHMADABAD,Summer,2004,2.0
RICE_005731,Rice,Gujarat,ANAND,Kharif,2004,2.177860696517413
RICE_005732,Rice,Gujarat,ANAND,Summer,2004,2.8
RICE_005733,Rice,Gujarat,BHARUCH,Kharif,2004,1.2845528455284554
RICE_005734,Rice,Gujarat,BHARUCH,Summer,2004,2.5
RICE_005735,Rice,Gujarat,DANG,Kharif,2004,2.4206349206349205
RICE_005736,Rice,Gujarat,DOHAD,Kharif,2004,0.7907444668008048
RICE_005737,Rice,Gujarat,GANDHINAGAR,Kharif,2004,2.2045454545454546
RICE_005738,Rice,Gujarat,KHEDA,Kharif,2004,2.2525150905432594
RICE_005739,Rice,Gujarat,KHEDA,Summer,2004,2.892857142857143
RICE_005740,Rice,Gujarat,MAHESANA,Kharif,2004,2.422222222222222
RICE_005741,Rice,Gujarat,NARMADA,Kharif,2004,0.9344262295081968
RICE_005742,Rice,Gujarat,NAVSARI,Kharif,2004,2.149184149184149
RICE_005743,Rice,Gujarat,NAVSARI,Summer,2004,3.1020408163265305
RICE_005744,Rice,Gujarat,PANCH MAHALS,Kharif,2004,0.7445887445887446
RICE_005745,Rice,Gujarat,PANCH MAHALS,Summer,2004,2.6
RICE_005746,Rice,Gujarat,SABAR KANTHA,Kharif,2004,1.731958762886598
RICE_005747,Rice,Gujarat,SURAT,Kharif,2004,1.7780580075662042
RICE_005748,Rice,Gujarat,SURAT,Summer,2004,2.595744680851064
RICE_005749,Rice,Gujarat,VADODARA,Kharif,2004,1.0422264875239924
RICE_005750,Rice,Gujarat,VALSAD,Kharif,2004,1.8207739307535642
RICE_005751,Rice,Gujarat,VALSAD,Summer,2004,3.0
RICE_005752,Rice,Haryana,AMBALA,Kharif,2004,3.166621364501223
RICE_005753,Rice,Haryana,BHIWANI,Kharif,2004,1.2267788293024886
RICE_005754,Rice,Haryana,FARIDABAD,Kharif,2004,2.406653689612458
RICE_005755,Rice,Haryana,FATEHABAD,Kharif,2004,4.283638032586246
RICE_005756,Rice,Haryana,GURGAON,Kharif,2004,2.8790786948176583
RICE_005757,Rice,Haryana,HISAR,Kharif,2004,2.2276440012729393
RICE_005758,Rice,Haryana,JHAJJAR,Kharif,2004,1.197425535099536
RICE_005759,Rice,Haryana,JIND,Kharif,2004,2.2113670869364315
RICE_005760,Rice,Haryana,KAITHAL,Kharif,2004,2.6140450873641385
RICE_005761,Rice,Haryana,KARNAL,Kharif,2004,3.386995609450136
RICE_005762,Rice,Haryana,KURUKSHETRA,Kharif,2004,3.8409769869669415
RICE_005763,Rice,Haryana,PANCHKULA,Kharif,2004,2.656434474616293
RICE_005764,Rice,Haryana,PANIPAT,Kharif,2004,2.2689226767753627
RICE_005765,Rice,Haryana,REWARI,Kharif,2004,6.315789473684211
RICE_005766,Rice,Haryana,ROHTAK,Kharif,2004,1.7317170640735313
RICE_005767,Rice,Haryana,SIRSA,Kharif,2004,3.4332699162457083
RICE_005768,Rice,Haryana,SONIPAT,Kharif,2004,1.8800982502956607
RICE_005769,Rice,Haryana,YAMUNANAGAR,Kharif,2004,3.252724795640327
RICE_005770,Rice,Himachal Pradesh,BILASPUR,Kharif,2004,1.3540414161656646
RICE_005771,Rice,Himachal Pradesh,CHAMBA,Kharif,2004,1.5192028985507247
RICE_005772,Rice,Himachal Pradesh,HAMIRPUR,Kharif,2004,1.0455550641309155
RICE_005773,Rice,Himachal Pradesh,KANGRA,Kharif,2004,1.3128725154400065
RICE_005774,Rice,Himachal Pradesh,KINNAUR,Kharif,2004,1.3870967741935485
RICE_005775,Rice,Himachal Pradesh,KULLU,Kharif,2004,1.6630012936610608
RICE_005776,Rice,Himachal Pradesh,MANDI,Kharif,2004,1.2579633685048777
RICE_005777,Rice,Himachal Pradesh,SHIMLA,Kharif,2004,1.0711761736496719
RICE_005778,Rice,Himachal Pradesh,SIRMAUR,Kharif,2004,1.4305681611907788
RICE_005779,Rice,Himachal Pradesh,SOLAN,Kharif,2004,2.1933783213833826
RICE_005780,Rice,Himachal Pradesh,UNA,Kharif,2004,1.7674418604651163
RICE_005781,Rice,Jammu and Kashmir,ANANTNAG,Kharif,2004,2.6186006191950466
RICE_005782,Rice,Jammu and Kashmir,BADGAM,Kharif,2004,1.701019634279936
RICE_005783,Rice,Jammu and Kashmir,BARAMULLA,Kharif,2004,2.025958968082708
RICE_005784,Rice,Jammu and Kashmir,DODA,Kharif,2004,1.1320485367594575
RICE_005785,Rice,Jammu and Kashmir,JAMMU,Kharif,2004,1.6785461587159722
RICE_005786,Rice,Jammu and Kashmir,KATHUA,Kharif,2004,1.6923654895299076
RICE_005787,Rice,Jammu and Kashmir,KUPWARA,Kharif,2004,1.4817281278614833
RICE_005788,Rice,Jammu and Kashmir,POONCH,Kharif,2004,1.4668725435148793
RICE_005789,Rice,Jammu and Kashmir,PULWAMA,Kharif,2004,2.616744105258587
RICE_005790,Rice,Jammu and Kashmir,RAJAURI,Kharif,2004,1.7889491169784928
RICE_005791,Rice,Jammu and Kashmir,SRINAGAR,Kharif,2004,2.6756987048398093
RICE_005792,Rice,Jammu and Kashmir,UDHAMPUR,Kharif,2004,1.1739594450373532
RICE_005793,Rice,Jharkhand,BOKARO,Winter,2004,0.676667306260506
RICE_005794,Rice,Jharkhand,CHATRA,Winter,2004,0.3566664007093806
RICE_005795,Rice,Jharkhand,DEOGHAR,Autumn,2004,0.7779996988214407
RICE_005796,Rice,Jharkhand,DEOGHAR,Winter,2004,1.2926666275555823
RICE_005797,Rice,Jharkhand,DHANBAD,Winter,2004,1.1073333694580807
RICE_005798,Rice,Jharkhand,DUMKA,Autumn,2004,0.9800004430982697
RICE_005799,Rice,Jharkhand,DUMKA,Winter,2004,1.511333365036991
RICE_005800,Rice,Jharkhand,EAST SINGHBUM,Autumn,2004,1.0667881841158129
RICE_005801,Rice,Jharkhand,EAST SINGHBUM,Winter,2004,0.7666666324232109
RICE_005802,Rice,Jharkhand,GARHWA,Autumn,2004,0.48200062366706836
RICE_005803,Rice,Jharkhand,GARHWA,Winter,2004,0.3880000207989933
RICE_005804,Rice,Jharkhand,GIRIDIH,Autumn,2004,0.5633350936893223
RICE_005805,Rice,Jharkhand,GIRIDIH,Winter,2004,0.9246667915559154
RICE_005806,Rice,Jharkhand,GODDA,Autumn,2004,0.7039994400844741
RICE_005807,Rice,Jharkhand,GODDA,Winter,2004,1.3626668097224444
RICE_005808,Rice,Jharkhand,GUMLA,Autumn,2004,0.6426667316603552
RICE_005809,Rice,Jharkhand,GUMLA,Winter,2004,0.5253333659583425
RICE_005810,Rice,Jharkhand,HAZARIBAGH,Autumn,2004,0.7806664049157781
RICE_005811,Rice,Jharkhand,HAZARIBAGH,Winter,2004,0.6266668248469607
RICE_005812,Rice,Jharkhand,JAMTARA,Winter,2004,1.3106665222898846
RICE_005813,Rice,Jharkhand,KODERMA,Winter,2004,0.5802241765879594
RICE_005814,Rice,Jharkhand,LATEHAR,Autumn,2004,0.6446658551342631
RICE_005815,Rice,Jharkhand,LATEHAR,Winter,2004,0.42066717133200693
RICE_005816,Rice,Jharkhand,LOHARDAGA,Autumn,2004,0.8873335293870521
RICE_005817,Rice,Jharkhand,LOHARDAGA,Winter,2004,0.7853331323485078
RICE_005818,Rice,Jharkhand,PAKUR,Autumn,2004,0.7799981672114122
RICE_005819,Rice,Jharkhand,PAKUR,Winter,2004,1.0326727170651955
RICE_005820,Rice,Jharkhand,PALAMU,Winter,2004,0.4320001449697109
RICE_005821,Rice,Jharkhand,RANCHI,Autumn,2004,0.6806666718617148
RICE_005822,Rice,Jharkhand,RANCHI,Winter,2004,0.9466666492160816
RICE_005823,Rice,Jharkhand,SAHEBGANJ,Winter,2004,0.9706663942098283
RICE_005824,Rice,Jharkhand,SARAIKELA KHARSAWAN,Autumn,2004,0.44933637216785094
RICE_005825,Rice,Jharkhand,SARAIKELA KHARSAWAN,Winter,2004,1.026666671019858
RICE_005826,Rice,Jharkhand,SIMDEGA,Autumn,2004,0.6599998483392954
RICE_005827,Rice,Jharkhand,SIMDEGA,Winter,2004,0.7026666378672926
RICE_005828,Rice,Jharkhand,WEST SINGHBHUM,Autumn,2004,0.6166667689619686
RICE_005829,Rice,Jharkhand,WEST SINGHBHUM,Winter,2004,0.9433333325570016
RICE_005830,Rice,Karnataka,BAGALKOT,Kharif,2004,2.79296875
RICE_005831,Rice,Karnataka,BANGALORE RURAL,Kharif,2004,2.7739997665732963
RICE_005832,Rice,Karnataka,BANGALORE RURAL,Rabi,2004,3.4
RICE_005833,Rice,Karnataka,BANGALORE RURAL,Summer,2004,4.47375
RICE_005834,Rice,Karnataka,BELGAUM,Kharif,2004,1.615
RICE_005835,Rice,Karnataka,BELGAUM,Summer,2004,4.440559440559441
RICE_005836,Rice,Karnataka,BELLARY,Kharif,2004,3.4294999518629052
RICE_005837,Rice,Karnataka,BELLARY,Rabi,2004,3.3714285714285714
RICE_005838,Rice,Karnataka,BELLARY,Summer,2004,4.702508223684211
RICE_005839,Rice,Karnataka,BENGALURU URBAN,Kharif,2004,3.0875017998560117
RICE_005840,Rice,Karnataka,BENGALURU URBAN,Summer,2004,4.473103448275862
RICE_005841,Rice,Karnataka,BIDAR,Kharif,2004,0.4369996249531191
RICE_005842,Rice,Karnataka,BIJAPUR,Kharif,2004,1.6244827586206896
RICE_005843,Rice,Karnataka,BIJAPUR,Rabi,2004,2.0
RICE_005844,Rice,Karnataka,CHAMARAJANAGAR,Kharif,2004,3.3630003466204506
RICE_005845,Rice,Karnataka,CHAMARAJANAGAR,Rabi,2004,3.3725
RICE_005846,Rice,Karnataka,CHAMARAJANAGAR,Summer,2004,4.473858921161826
RICE_005847,Rice,Karnataka,CHIKMAGALUR,Kharif,2004,2.508
RICE_005848,Rice,Karnataka,CHIKMAGALUR,Summer,2004,4.473530194200586
RICE_005849,Rice,Karnataka,CHITRADURGA,Kharif,2004,1.947500701262272
RICE_005850,Rice,Karnataka,CHITRADURGA,Rabi,2004,4.127962085308057
RICE_005851,Rice,Karnataka,CHITRADURGA,Summer,2004,3.217303822937626
RICE_005852,Rice,Karnataka,DAKSHIN KANNAD,Kharif,2004,2.270499895978839
RICE_005853,Rice,Karnataka,DAKSHIN KANNAD,Rabi,2004,3.298574090928791
RICE_005854,Rice,Karnataka,DAKSHIN KANNAD,Summer,2004,3.2261567516525025
RICE_005855,Rice,Karnataka,DAVANGERE,Kharif,2004,3.0970000507433904
RICE_005856,Rice,Karnataka,DAVANGERE,Summer,2004,4.684448005397655
RICE_005857,Rice,Karnataka,DHARWAD,Kharif,2004,0.6555001481606908
RICE_005858,Rice,Karnataka,DHARWAD,Summer,2004,4.4504950495049505
RICE_005859,Rice,Karnataka,GADAG,Kharif,2004,2.061502209131075
RICE_005860,Rice,Karnataka,GADAG,Summer,2004,4.0406626506024095
RICE_005861,Rice,Karnataka,GULBARGA,Kharif,2004,2.3275
RICE_005862,Rice,Karnataka,GULBARGA,Rabi,2004,3.201444845790497
RICE_005863,Rice,Karnataka,GULBARGA,Summer,2004,4.3434086049849165
RICE_005864,Rice,Karnataka,HASSAN,Kharif,2004,2.498499980547018
RICE_005865,Rice,Karnataka,HASSAN,Rabi,2004,4.110791366906475
RICE_005866,Rice,Karnataka,HASSAN,Summer,2004,3.732225300092336
RICE_005867,Rice,Karnataka,HAVERI,Kharif,2004,1.292
RICE_005868,Rice,Karnataka,HAVERI,Summer,2004,4.473459426479561
RICE_005869,Rice,Karnataka,KODAGU,Kharif,2004,2.3369999167799382
RICE_005870,Rice,Karnataka,KODAGU,Rabi,2004,3.36
RICE_005871,Rice,Karnataka,KODAGU,Summer,2004,4.323223570190641
RICE_005872,Rice,Karnataka,KOLAR,Kharif,2004,2.375
RICE_005873,Rice,Karnataka,KOLAR,Summer,2004,4.472934472934473
RICE_005874,Rice,Karnataka,KOPPAL,Kharif,2004,3.106499987610576
RICE_005875,Rice,Karnataka,KOPPAL,Summer,2004,5.168733031674208
RICE_005876,Rice,Karnataka,MANDYA,Kharif,2004,3.382
RICE_005877,Rice,Karnataka,MANDYA,Rabi,2004,4.135294117647059
RICE_005878,Rice,Karnataka,MANDYA,Summer,2004,4.830744237993705
RICE_005879,Rice,Karnataka,MYSORE,Kharif,2004,3.1445000201442324
RICE_005880,Rice,Karnataka,MYSORE,Rabi,2004,3.375
RICE_005881,Rice,Karnataka,MYSORE,Summer,2004,4.392782536035095
RICE_005882,Rice,Karnataka,RAICHUR,Kharif,2004,2.6790000333953
RICE_005883,Rice,Karnataka,RAICHUR,Rabi,2004,3.372972972972973
RICE_005884,Rice,Karnataka,RAICHUR,Summer,2004,3.0323826837859333
RICE_005885,Rice,Karnataka,SHIMOGA,Kharif,2004,2.185
RICE_005886,Rice,Karnataka,SHIMOGA,Summer,2004,4.572374510501958
RICE_005887,Rice,Karnataka,TUMKUR,Kharif,2004,2.7834998844464987
RICE_005888,Rice,Karnataka,TUMKUR,Rabi,2004,3.3727959697733
RICE_005889,Rice,Karnataka,TUMKUR,Summer,2004,4.392661179698217
RICE_005890,Rice,Karnataka,UDUPI,Kharif,2004,2.4224999027048066
RICE_005891,Rice,Karnataka,UDUPI,Rabi,2004,3.1850228480835585
RICE_005892,Rice,Karnataka,UDUPI,Summer,2004,4.47457627118644
RICE_005893,Rice,Karnataka,UTTAR KANNAD,Kharif,2004,1.7764999618815278
RICE_005894,Rice,Karnataka,UTTAR KANNAD,Rabi,2004,3.142787996127783
RICE_005895,Rice,Karnataka,UTTAR KANNAD,Summer,2004,3.218334499650105
RICE_005896,Rice,Kerala,ALAPPUZHA,Autumn,2004,2.8817153628652217
RICE_005897,Rice,Kerala,ALAPPUZHA,Summer,2004,2.308397965140522
RICE_005898,Rice,Kerala,ALAPPUZHA,Winter,2004,2.352438229113832
RICE_005899,Rice,Kerala,ERNAKULAM,Autumn,2004,1.977308511623599
RICE_005900,Rice,Kerala,ERNAKULAM,Summer,2004,1.800082270670506
RICE_005901,Rice,Kerala,ERNAKULAM,Winter,2004,1.9541886913342945
RICE_005902,Rice,Kerala,IDUKKI,Autumn,2004,2.5658238884045335
RICE_005903,Rice,Kerala,IDUKKI,Summer,2004,2.5095541401273884
RICE_005904,Rice,Kerala,IDUKKI,Winter,2004,2.387218045112782
RICE_005905,Rice,Kerala,KANNUR,Autumn,2004,1.8980930900143531
RICE_005906,Rice,Kerala,KANNUR,Summer,2004,1.2627118644067796
RICE_005907,Rice,Kerala,KANNUR,Winter,2004,1.872899926953981
RICE_005908,Rice,Kerala,KASARAGOD,Autumn,2004,2.376593658058189
RICE_005909,Rice,Kerala,KASARAGOD,Summer,2004,1.9021739130434783
RICE_005910,Rice,Kerala,KASARAGOD,Winter,2004,2.0443740095087164
RICE_005911,Rice,Kerala,KOLLAM,Autumn,2004,2.422680412371134
RICE_005912,Rice,Kerala,KOLLAM,Winter,2004,2.2296641791044776
RICE_005913,Rice,Kerala,KOTTAYAM,Autumn,2004,2.8705310656022216
RICE_005914,Rice,Kerala,KOTTAYAM,Summer,2004,2.298549810844893
RICE_005915,Rice,Kerala,KOTTAYAM,Winter,2004,2.4237478897017444
RICE_005916,Rice,Kerala,KOZHIKODE,Autumn,2004,1.3526682134570767
RICE_005917,Rice,Kerala,KOZHIKODE,Summer,2004,2.018633540372671
RICE_005918,Rice,Kerala,KOZHIKODE,Winter,2004,1.3652762119503945
RICE_005919,Rice,Kerala,MALAPPURAM,Autumn,2004,2.1092186502022567
RICE_005920,Rice,Kerala,MALAPPURAM,Summer,2004,3.3937106918238995
RICE_005921,Rice,Kerala,MALAPPURAM,Winter,2004,2.0298222137258652
RICE_005922,Rice,Kerala,PALAKKAD,Autumn,2004,2.3335477586428715
RICE_005923,Rice,Kerala,PALAKKAD,Summer,2004,1.7833333333333334
RICE_005924,Rice,Kerala,PALAKKAD,Winter,2004,2.3559252669039146
RICE_005925,Rice,Kerala,PATHANAMTHITTA,Autumn,2004,2.2206235011990407
RICE_005926,Rice,Kerala,PATHANAMTHITTA,Summer,2004,2.760869565217391
RICE_005927,Rice,Kerala,PATHANAMTHITTA,Winter,2004,2.3477537437603995
RICE_005928,Rice,Kerala,THIRUVANANTHAPURAM,Autumn,2004,2.4505913773368944
RICE_005929,Rice,Kerala,THIRUVANANTHAPURAM,Summer,2004,1.5
RICE_005930,Rice,Kerala,THIRUVANANTHAPURAM,Winter,2004,2.30470268169452
RICE_005931,Rice,Kerala,THRISSUR,Autumn,2004,2.0707395498392285
RICE_005932,Rice,Kerala,THRISSUR,Summer,2004,3.1053361053361055
RICE_005933,Rice,Kerala,THRISSUR,Winter,2004,2.2497784179038334
RICE_005934,Rice,Kerala,WAYANAD,Summer,2004,2.7013769363166955
RICE_005935,Rice,Kerala,WAYANAD,Winter,2004,2.545575663372932
RICE_005936,Rice,Madhya Pradesh,ANUPPUR,Kharif,2004,0.4806319577640243
RICE_005937,Rice,Madhya Pradesh,ASHOKNAGAR,Kharif,2004,0.816
RICE_005938,Rice,Madhya Pradesh,BALAGHAT,Kharif,2004,1.0964902135231316
RICE_005939,Rice,Madhya Pradesh,BARWANI,Kharif,2004,0.4501523726599913
RICE_005940,Rice,Madhya Pradesh,BETUL,Kharif,2004,0.7646987366375122
RICE_005941,Rice,Madhya Pradesh,BHIND,Kharif,2004,2.280467445742905
RICE_005942,Rice,Madhya Pradesh,BHOPAL,Kharif,2004,0.6256239600665557
RICE_005943,Rice,Madhya Pradesh,BURHANPUR,Kharif,2004,1.0822311673375504
RICE_005944,Rice,Madhya Pradesh,CHHATARPUR,Kharif,2004,0.6647111337839561
RICE_005945,Rice,Madhya Pradesh,CHHINDWARA,Kharif,2004,0.6711489286659025
RICE_005946,Rice,Madhya Pradesh,DAMOH,Kharif,2004,0.6866627839254513
RICE_005947,Rice,Madhya Pradesh,DATIA,Kharif,2004,0.6539338654503991
RICE_005948,Rice,Madhya Pradesh,DEWAS,Kharif,2004,0.602919708029197
RICE_005949,Rice,Madhya Pradesh,DHAR,Kharif,2004,0.5197788175244576
RICE_005950,Rice,Madhya Pradesh,DINDORI,Kharif,2004,0.7562799616490892
RICE_005951,Rice,Madhya Pradesh,GUNA,Kharif,2004,0.8720095693779905
RICE_005952,Rice,Madhya Pradesh,GWALIOR,Kharif,2004,2.1095628415300545
RICE_005953,Rice,Madhya Pradesh,HARDA,Kharif,2004,0.9134667387777177
RICE_005954,Rice,Madhya Pradesh,HOSHANGABAD,Kharif,2004,0.9718709677419355
RICE_005955,Rice,Madhya Pradesh,INDORE,Kharif,2004,0.5
RICE_005956,Rice,Madhya Pradesh,JABALPUR,Kharif,2004,1.1186484174508127
RICE_005957,Rice,Madhya Pradesh,JHABUA,Kharif,2004,0.5653839380063402
RICE_005958,Rice,Madhya Pradesh,KATNI,Kharif,2004,0.7642598296792897
RICE_005959,Rice,Madhya Pradesh,KHANDWA,Kharif,2004,0.8120231213872833
RICE_005960,Rice,Madhya Pradesh,KHARGONE,Kharif,2004,0.4185667752442997
RICE_005961,Rice,Madhya Pradesh,MANDLA,Kharif,2004,0.6566677763565959
RICE_005962,Rice,Madhya Pradesh,MANDSAUR,Kharif,2004,0.5714285714285714
RICE_005963,Rice,Madhya Pradesh,MORENA,Kharif,2004,2.0
RICE_005964,Rice,Madhya Pradesh,NARSINGHPUR,Kharif,2004,1.066015541455764
RICE_005965,Rice,Madhya Pradesh,NEEMUCH,Kharif,2004,0.45454545454545453
RICE_005966,Rice,Madhya Pradesh,PANNA,Kharif,2004,0.3959171983643336
RICE_005967,Rice,Madhya Pradesh,RAISEN,Kharif,2004,0.613274635963427
RICE_005968,Rice,Madhya Pradesh,RAJGARH,Kharif,2004,0.6408376963350786
RICE_005969,Rice,Madhya Pradesh,RATLAM,Kharif,2004,0.5264336917562724
RICE_005970,Rice,Madhya Pradesh,REWA,Kharif,2004,0.6324533953080961
RICE_005971,Rice,Madhya Pradesh,SAGAR,Kharif,2004,0.5696695432540517
RICE_005972,Rice,Madhya Pradesh,SATNA,Kharif,2004,1.0386607003282788
RICE_005973,Rice,Madhya Pradesh,SEHORE,Kharif,2004,0.725
RICE_005974,Rice,Madhya Pradesh,SEONI,Kharif,2004,0.7383536146376583
RICE_005975,Rice,Madhya Pradesh,SHAHDOL,Kharif,2004,0.69823828550672
RICE_005976,Rice,Madhya Pradesh,SHAJAPUR,Kharif,2004,0.5833333333333334
RICE_005977,Rice,Madhya Pradesh,SHEOPUR,Kharif,2004,1.704025485085433
RICE_005978,Rice,Madhya Pradesh,SHIVPURI,Kharif,2004,1.0308792742498256
RICE_005979,Rice,Madhya Pradesh,SIDHI,Kharif,2004,0.6932939099010308
RICE_005980,Rice,Madhya Pradesh,TIKAMGARH,Kharif,2004,0.4715197828163491
RICE_005981,Rice,Madhya Pradesh,UJJAIN,Kharif,2004,0.5263157894736842
RICE_005982,Rice,Madhya Pradesh,UMARIA,Kharif,2004,0.43597105776961065
RICE_005983,Rice,Madhya Pradesh,VIDISHA,Kharif,2004,0.6015151515151516
RICE_005984,Rice,Maharashtra,AHMEDNAGAR,Kharif,2004,0.725
RICE_005985,Rice,Maharashtra,AMRAVATI,Kharif,2004,0.4375
RICE_005986,Rice,Maharashtra,AURANGABAD,Kharif,2004,0.6666666666666666
RICE_005987,Rice,Maharashtra,BEED,Kharif,2004,0.2608695652173913
RICE_005988,Rice,Maharashtra,BHANDARA,Kharif,2004,0.7294332723948812
RICE_005989,Rice,Maharashtra,BHANDARA,Summer,2004,2.4444444444444446
RICE_005990,Rice,Maharashtra,CHANDRAPUR,Kharif,2004,0.752280701754386
RICE_005991,Rice,Maharashtra,CHANDRAPUR,Summer,2004,2.2
RICE_005992,Rice,Maharashtra,DHULE,Kharif,2004,1.0588235294117647
RICE_005993,Rice,Maharashtra,GADCHIROLI,Kharif,2004,0.8622589531680441
RICE_005994,Rice,Maharashtra,GADCHIROLI,Summer,2004,1.4285714285714286
RICE_005995,Rice,Maharashtra,GONDIA,Kharif,2004,0.6006153846153847
RICE_005996,Rice,Maharashtra,GONDIA,Summer,2004,2.1538461538461537
RICE_005997,Rice,Maharashtra,HINGOLI,Kharif,2004,0.23076923076923078
RICE_005998,Rice,Maharashtra,JALGAON,Kharif,2004,1.0
RICE_005999,Rice,Maharashtra,JALNA,Kharif,2004,0.4
RICE_006000,Rice,Maharashtra,KOLHAPUR,Kharif,2004,2.52579185520362
RICE_006001,Rice,Maharashtra,KOLHAPUR,Summer,2004,3.6666666666666665
RICE_006002,Rice,Maharashtra,LATUR,Kharif,2004,0.31155778894472363
RICE_006003,Rice,Maharashtra,NAGPUR,Kharif,2004,0.9559164733178654
RICE_006004,Rice,Maharashtra,NAGPUR,Summer,2004,2.0
RICE_006005,Rice,Maharashtra,NANDED,Kharif,2004,0.5
RICE_006006,Rice,Maharashtra,NANDURBAR,Kharif,2004,0.45754716981132076
RICE_006007,Rice,Maharashtra,NASHIK,Kharif,2004,1.3818897637795275
RICE_006008,Rice,Maharashtra,OSMANABAD,Kharif,2004,0.3621621621621622
RICE_006009,Rice,Maharashtra,PARBHANI,Kharif,2004,0.31313131313131315
RICE_006010,Rice,Maharashtra,PUNE,Kharif,2004,1.2588757396449703
RICE_006011,Rice,Maharashtra,RAIGAD,Kharif,2004,2.2160642570281124
RICE_006012,Rice,Maharashtra,RAIGAD,Summer,2004,2.5058823529411764
RICE_006013,Rice,Maharashtra,RATNAGIRI,Kharif,2004,2.3577749683944376
RICE_006014,Rice,Maharashtra,RATNAGIRI,Summer,2004,3.5
RICE_006015,Rice,Maharashtra,SANGLI,Kharif,2004,2.4971751412429377
RICE_006016,Rice,Maharashtra,SATARA,Kharif,2004,1.653061224489796
RICE_006017,Rice,Maharashtra,SINDHUDURG,Kharif,2004,2.829530201342282
RICE_006018,Rice,Maharashtra,SINDHUDURG,Summer,2004,1.9767441860465116
RICE_006019,Rice,Maharashtra,SOLAPUR,Kharif,2004,0.25
RICE_006020,Rice,Maharashtra,THANE,Kharif,2004,2.3722943722943723
RICE_006021,Rice,Maharashtra,THANE,Summer,2004,2.75
RICE_006022,Rice,Maharashtra,WARDHA,Kharif,2004,1.0
RICE_006023,Rice,Maharashtra,WASHIM,Kharif,2004,0.4
RICE_006024,Rice,Maharashtra,YAVATMAL,Kharif,2004,0.3333333333333333
RICE_006025,Rice,Manipur,BISHNUPUR,Kharif,2004,2.9158233670653173
RICE_006026,Rice,Manipur,CHANDEL,Kharif,2004,2.2770352369380316
RICE_006027,Rice,Manipur,CHURACHANDPUR,Kharif,2004,1.9192015209125475
RICE_006028,Rice,Manipur,IMPHAL EAST,Kharif,2004,2.9688844753392916
RICE_006029,Rice,Manipur,IMPHAL WEST,Kharif,2004,3.0929528750540425
RICE_006030,Rice,Manipur,SENAPATI,Kharif,2004,2.2343425964330152
RICE_006031,Rice,Manipur,TAMENGLONG,Kharif,2004,1.0692488262910798
RICE_006032,Rice,Manipur,THOUBAL,Kharif,2004,2.334368932038835
RICE_006033,Rice,Manipur,UKHRUL,Kharif,2004,2.142857142857143
RICE_006034,Rice,Meghalaya,EAST GARO HILLS,Autumn,2004,1.2980027868091035
RICE_006035,Rice,Meghalaya,EAST GARO HILLS,Summer,2004,2.1125
RICE_006036,Rice,Meghalaya,EAST GARO HILLS,Winter,2004,2.585033036483769
RICE_006037,Rice,Meghalaya,EAST JAINTIA HILLS,Autumn,2004,1.6987951807228916
RICE_006038,Rice,Meghalaya,EAST JAINTIA HILLS,Summer,2004,1.1666666666666667
RICE_006039,Rice,Meghalaya,EAST JAINTIA HILLS,Winter,2004,1.4482840659013858
RICE_006040,Rice,Meghalaya,EAST KHASI HILLS,Autumn,2004,2.087866108786611
RICE_006041,Rice,Meghalaya,EAST KHASI HILLS,Summer,2004,1.2307692307692308
RICE_006042,Rice,Meghalaya,EAST KHASI HILLS,Winter,2004,1.8202747864834756
RICE_006043,Rice,Meghalaya,RI BHOI,Autumn,2004,1.883248730964467
RICE_006044,Rice,Meghalaya,RI BHOI,Summer,2004,1.9726027397260273
RICE_006045,Rice,Meghalaya,RI BHOI,Winter,2004,2.700953805872452
RICE_006046,Rice,Meghalaya,SOUTH GARO HILLS,Autumn,2004,0.9769010629599346
RICE_006047,Rice,Meghalaya,SOUTH GARO HILLS,Summer,2004,1.7966804979253113
RICE_006048,Rice,Meghalaya,SOUTH GARO HILLS,Winter,2004,1.5305263157894737
RICE_006049,Rice,Meghalaya,WEST GARO HILLS,Autumn,2004,1.090272278735457
RICE_006050,Rice,Meghalaya,WEST GARO HILLS,Summer,2004,4.1928513963912195
RICE_006051,Rice,Meghalaya,WEST GARO HILLS,Winter,2004,1.2043408909650222
RICE_006052,Rice,Meghalaya,WEST KHASI HILLS,Autumn,2004,1.4054054054054055
RICE_006053,Rice,Meghalaya,WEST KHASI HILLS,Winter,2004,1.2603921568627452
RICE_006054,Rice,Mizoram,AIZAWL,Kharif,2004,1.3689795918367347
RICE_006055,Rice,Mizoram,CHAMPHAI,Kharif,2004,2.1735345865357902
RICE_006056,Rice,Mizoram,KOLASIB,Kharif,2004,1.9634574841883345
RICE_006057,Rice,Mizoram,LAWNGTLAI,Kharif,2004,2.0858785483291413
RICE_006058,Rice,Mizoram,LUNGLEI,Kharif,2004,1.6280300233788605
RICE_006059,Rice,Mizoram,MAMIT,Kharif,2004,2.1870905895510466
RICE_006060,Rice,Mizoram,SAIHA,Kharif,2004,1.6864993509303332
RICE_006061,Rice,Mizoram,SERCHHIP,Kharif,2004,2.277119146413752
RICE_006062,Rice,Nagaland,DIMAPUR,Kharif,2004,1.8625037526268389
RICE_006063,Rice,Nagaland,DIMAPUR,Rabi,2004,2.014925373134328
RICE_006064,Rice,Nagaland,KOHIMA,Kharif,2004,1.8683241252302025
RICE_006065,Rice,Nagaland,MOKOKCHUNG,Kharif,2004,1.5736534717715769
RICE_006066,Rice,Nagaland,MON,Kharif,2004,1.528804815133276
RICE_006067,Rice,Nagaland,PHEK,Kharif,2004,1.834010152284264
RICE_006068,Rice,Nagaland,TUENSANG,Kharif,2004,1.5856
RICE_006069,Rice,Nagaland,WOKHA,Kharif,2004,1.5067961165048545
RICE_006070,Rice,Nagaland,WOKHA,Rabi,2004,1.9696969696969697
RICE_006071,Rice,Nagaland,ZUNHEBOTO,Kharif,2004,1.4888682745825603
RICE_006072,Rice,Odisha,ANUGUL,Autumn,2004,0.9565217391304348
RICE_006073,Rice,Odisha,ANUGUL,Summer,2004,1.6666666666666667
RICE_006074,Rice,Odisha,ANUGUL,Winter,2004,1.3406593406593406
RICE_006075,Rice,Odisha,BALANGIR,Autumn,2004,0.7741935483870968
RICE_006076,Rice,Odisha,BALANGIR,Summer,2004,1.4
RICE_006077,Rice,Odisha,BALANGIR,Winter,2004,1.2932330827067668
RICE_006078,Rice,Odisha,BALESHWAR,Autumn,2004,2.0
RICE_006079,Rice,Odisha,BALESHWAR,Summer,2004,2.1538461538461537
RICE_006080,Rice,Odisha,BALESHWAR,Winter,2004,1.7183098591549295
RICE_006081,Rice,Odisha,BARGARH,Autumn,2004,0.921875
RICE_006082,Rice,Odisha,BARGARH,Summer,2004,2.890909090909091
RICE_006083,Rice,Odisha,BARGARH,Winter,2004,1.7359550561797752
RICE_006084,Rice,Odisha,BHADRAK,Summer,2004,2.2222222222222223
RICE_006085,Rice,Odisha,BHADRAK,Winter,2004,1.9940828402366864
RICE_006086,Rice,Odisha,BOUDH,Autumn,2004,0.9090909090909091
RICE_006087,Rice,Odisha,BOUDH,Summer,2004,1.0
RICE_006088,Rice,Odisha,BOUDH,Winter,2004,1.5087719298245614
RICE_006089,Rice,Odisha,CUTTACK,Autumn,2004,1.3076923076923077
RICE_006090,Rice,Odisha,CUTTACK,Summer,2004,2.4
RICE_006091,Rice,Odisha,CUTTACK,Winter,2004,1.937984496124031
RICE_006092,Rice,Odisha,DEOGARH,Autumn,2004,0.6086956521739131
RICE_006093,Rice,Odisha,DEOGARH,Summer,2004,1.0
RICE_006094,Rice,Odisha,DEOGARH,Winter,2004,0.9629629629629629
RICE_006095,Rice,Odisha,DHENKANAL,Autumn,2004,0.625
RICE_006096,Rice,Odisha,DHENKANAL,Summer,2004,1.5
RICE_006097,Rice,Odisha,DHENKANAL,Winter,2004,1.4761904761904763
RICE_006098,Rice,Odisha,GAJAPATI,Autumn,2004,1.0
RICE_006099,Rice,Odisha,GAJAPATI,Winter,2004,1.7428571428571429
RICE_006100,Rice,Odisha,GANJAM,Autumn,2004,2.0
RICE_006101,Rice,Odisha,GANJAM,Summer,2004,2.0
RICE_006102,Rice,Odisha,GANJAM,Winter,2004,1.4785992217898833
RICE_006103,Rice,Odisha,JAGATSINGHAPUR,Autumn,2004,1.5
RICE_006104,Rice,Odisha,JAGATSINGHAPUR,Summer,2004,3.0
RICE_006105,Rice,Odisha,JAGATSINGHAPUR,Winter,2004,1.826086956521739
RICE_006106,Rice,Odisha,JAJAPUR,Autumn,2004,0.75
RICE_006107,Rice,Odisha,JAJAPUR,Summer,2004,2.5
RICE_006108,Rice,Odisha,JAJAPUR,Winter,2004,1.3675213675213675
RICE_006109,Rice,Odisha,JHARSUGUDA,Autumn,2004,0.7692307692307693
RICE_006110,Rice,Odisha,JHARSUGUDA,Summer,2004,1.0
RICE_006111,Rice,Odisha,JHARSUGUDA,Winter,2004,1.4375
RICE_006112,Rice,Odisha,KALAHANDI,Autumn,2004,0.7126436781609196
RICE_006113,Rice,Odisha,KALAHANDI,Summer,2004,1.619047619047619
RICE_006114,Rice,Odisha,KALAHANDI,Winter,2004,1.144927536231884
RICE_006115,Rice,Odisha,KANDHAMAL,Autumn,2004,1.0
RICE_006116,Rice,Odisha,KANDHAMAL,Summer,2004,1.0
RICE_006117,Rice,Odisha,KANDHAMAL,Winter,2004,1.4285714285714286
RICE_006118,Rice,Odisha,KENDRAPARA,Autumn,2004,1.3333333333333333
RICE_006119,Rice,Odisha,KENDRAPARA,Summer,2004,2.3333333333333335
RICE_006120,Rice,Odisha,KENDRAPARA,Winter,2004,1.4885496183206106
RICE_006121,Rice,Odisha,KENDUJHAR,Autumn,2004,0.8727272727272727
RICE_006122,Rice,Odisha,KENDUJHAR,Summer,2004,2.5
RICE_006123,Rice,Odisha,KENDUJHAR,Winter,2004,1.5135135135135136
RICE_006124,Rice,Odisha,KHORDHA,Autumn,2004,1.0
RICE_006125,Rice,Odisha,KHORDHA,Summer,2004,2.3333333333333335
RICE_006126,Rice,Odisha,KHORDHA,Winter,2004,1.5961538461538463
RICE_006127,Rice,Odisha,KORAPUT,Autumn,2004,0.9230769230769231
RICE_006128,Rice,Odisha,KORAPUT,Summer,2004,1.9444444444444444
RICE_006129,Rice,Odisha,KORAPUT,Winter,2004,1.7045454545454546
RICE_006130,Rice,Odisha,MALKANGIRI,Autumn,2004,0.8333333333333334
RICE_006131,Rice,Odisha,MALKANGIRI,Winter,2004,1.4931506849315068
RICE_006132,Rice,Odisha,MAYURBHANJ,Autumn,2004,0.9655172413793104
RICE_006133,Rice,Odisha,MAYURBHANJ,Summer,2004,1.8333333333333333
RICE_006134,Rice,Odisha,MAYURBHANJ,Winter,2004,1.6145038167938932
RICE_006135,Rice,Odisha,NABARANGPUR,Autumn,2004,0.75
RICE_006136,Rice,Odisha,NABARANGPUR,Summer,2004,2.5
RICE_006137,Rice,Odisha,NABARANGPUR,Winter,2004,1.5491803278688525
RICE_006138,Rice,Odisha,NAYAGARH,Autumn,2004,1.0
RICE_006139,Rice,Odisha,NAYAGARH,Winter,2004,1.2688172043010753
RICE_006140,Rice,Odisha,NUAPADA,Autumn,2004,0.6222222222222222
RICE_006141,Rice,Odisha,NUAPADA,Summer,2004,1.25
RICE_006142,Rice,Odisha,NUAPADA,Winter,2004,1.0526315789473684
RICE_006143,Rice,Odisha,PURI,Autumn,2004,1.0
RICE_006144,Rice,Odisha,PURI,Summer,2004,1.8666666666666667
RICE_006145,Rice,Odisha,PURI,Winter,2004,1.4603174603174602
RICE_006146,Rice,Odisha,RAYAGADA,Autumn,2004,0.8
RICE_006147,Rice,Odisha,RAYAGADA,Summer,2004,1.0
RICE_006148,Rice,Odisha,RAYAGADA,Winter,2004,1.7777777777777777
RICE_006149,Rice,Odisha,SAMBALPUR,Autumn,2004,0.8636363636363636
RICE_006150,Rice,Odisha,SAMBALPUR,Summer,2004,3.5
RICE_006151,Rice,Odisha,SAMBALPUR,Winter,2004,1.4893617021276595
RICE_006152,Rice,Odisha,SONEPUR,Autumn,2004,0.8571428571428571
RICE_006153,Rice,Odisha,SONEPUR,Summer,2004,2.4347826086956523
RICE_006154,Rice,Odisha,SONEPUR,Winter,2004,1.670731707317073
RICE_006155,Rice,Odisha,SUNDARGARH,Autumn,2004,0.7669902912621359
RICE_006156,Rice,Odisha,SUNDARGARH,Summer,2004,1.5
RICE_006157,Rice,Odisha,SUNDARGARH,Winter,2004,1.2698412698412698
RICE_006158,Rice,Puducherry,KARAIKAL,Autumn,2004,1.8432642487046633
RICE_006159,Rice,Puducherry,KARAIKAL,Winter,2004,1.3680430879712746
RICE_006160,Rice,Puducherry,PONDICHERRY,Autumn,2004,2.8529698149951312
RICE_006161,Rice,Puducherry,PONDICHERRY,Summer,2004,2.7310599402355424
RICE_006162,Rice,Puducherry,PONDICHERRY,Winter,2004,2.8830589321434066
RICE_006163,Rice,Puducherry,YANAM,Autumn,2004,3.587878787878788
RICE_006164,Rice,Puducherry,YANAM,Winter,2004,4.159259259259259
RICE_006165,Rice,Punjab,AMRITSAR,Kharif,2004,3.095808383233533
RICE_006166,Rice,Punjab,BATHINDA,Kharif,2004,4.068627450980392
RICE_006167,Rice,Punjab,FARIDKOT,Kharif,2004,3.8295454545454546
RICE_006168,Rice,Punjab,FATEHGARH SAHIB,Kharif,2004,4.364705882352941
RICE_006169,Rice,Punjab,FIROZEPUR,Kharif,2004,3.953781512605042
RICE_006170,Rice,Punjab,GURDASPUR,Kharif,2004,3.1732673267326734
RICE_006171,Rice,Punjab,HOSHIARPUR,Kharif,2004,2.9482758620689653
RICE_006172,Rice,Punjab,JALANDHAR,Kharif,2004,3.7103448275862068
RICE_006173,Rice,Punjab,KAPURTHALA,Kharif,2004,4.0285714285714285
RICE_006174,Rice,Punjab,LUDHIANA,Kharif,2004,2.86
RICE_006175,Rice,Punjab,MANSA,Kharif,2004,4.093333333333334
RICE_006176,Rice,Punjab,MOGA,Kharif,2004,4.4573170731707314
RICE_006177,Rice,Punjab,MUKTSAR,Kharif,2004,3.883720930232558
RICE_006178,Rice,Punjab,NAWANSHAHR,Kharif,2004,3.98
RICE_006179,Rice,Punjab,PATIALA,Kharif,2004,3.86
RICE_006180,Rice,Punjab,RUPNAGAR,Kharif,2004,3.450980392156863
RICE_006181,Rice,Punjab,SANGRUR,Kharif,2004,4.659400544959128
RICE_006182,Rice,Rajasthan,AJMER,Kharif,2004,1.5
RICE_006183,Rice,Rajasthan,ALWAR,Kharif,2004,1.4820143884892085
RICE_006184,Rice,Rajasthan,BANSWARA,Kharif,2004,0.6594506663329788
RICE_006185,Rice,Rajasthan,BARAN,Kharif,2004,2.447311827956989
RICE_006186,Rice,Rajasthan,BHARATPUR,Kharif,2004,0.8906942392909897
RICE_006187,Rice,Rajasthan,BHILWARA,Kharif,2004,1.4854771784232366
RICE_006188,Rice,Rajasthan,BIKANER,Kharif,2004,1.4705882352941178
RICE_006189,Rice,Rajasthan,BUNDI,Kharif,2004,1.850322154303651
RICE_006190,Rice,Rajasthan,CHITTORGARH,Kharif,2004,1.4844192634560907
RICE_006191,Rice,Rajasthan,DAUSA,Kharif,2004,1.3333333333333333
RICE_006192,Rice,Rajasthan,DHOLPUR,Kharif,2004,1.4837712519319939
RICE_006193,Rice,Rajasthan,DUNGARPUR,Kharif,2004,0.8057488172385003
RICE_006194,Rice,Rajasthan,GANGANAGAR,Kharif,2004,2.4091481326059587
RICE_006195,Rice,Rajasthan,HANUMANGARH,Kharif,2004,3.676577600909608
RICE_006196,Rice,Rajasthan,JHALAWAR,Kharif,2004,1.484304932735426
RICE_006197,Rice,Rajasthan,KARAULI,Kharif,2004,1.579768495218923
RICE_006198,Rice,Rajasthan,KOTA,Kharif,2004,2.150458349940215
RICE_006199,Rice,Rajasthan,RAJSAMAND,Kharif,2004,1.4776119402985075
RICE_006200,Rice,Rajasthan,SAWAI MADHOPUR,Kharif,2004,1.4825174825174825
RICE_006201,Rice,Rajasthan,SIROHI,Kharif,2004,2.0
RICE_006202,Rice,Rajasthan,TONK,Kharif,2004,1.6
RICE_006203,Rice,Rajasthan,UDAIPUR,Kharif,2004,0.7485621854780733
RICE_006204,Rice,Sikkim,EAST DISTRICT,Kharif,2004,15.19047619047619
RICE_006205,Rice,Sikkim,NORTH DISTRICT,Kharif,2004,1.0
RICE_006206,Rice,Sikkim,SOUTH DISTRICT,Kharif,2004,1.4572649572649572
RICE_006207,Rice,Sikkim,WEST DISTRICT,Kharif,2004,1.496078431372549
RICE_006208,Rice,Tamil Nadu,COIMBATORE,Kharif,2004,3.37809089653267
RICE_006209,Rice,Tamil Nadu,CUDDALORE,Kharif,2004,2.754840792677074
RICE_006210,Rice,Tamil Nadu,DHARMAPURI,Kharif,2004,2.771685231764283
RICE_006211,Rice,Tamil Nadu,DINDIGUL,Kharif,2004,3.5303123959868765
RICE_006212,Rice,Tamil Nadu,ERODE,Kharif,2004,3.9071133033407413
RICE_006213,Rice,Tamil Nadu,KANCHIPURAM,Kharif,2004,3.020536223616657
RICE_006214,Rice,Tamil Nadu,KANNIYAKUMARI,Kharif,2004,3.9283248546511627
RICE_006215,Rice,Tamil Nadu,KARUR,Kharif,2004,2.976909998354632
RICE_006216,Rice,Tamil Nadu,KRISHNAGIRI,Kharif,2004,2.5683314415437004
RICE_006217,Rice,Tamil Nadu,MADURAI,Kharif,2004,3.2564106811555793
RICE_006218,Rice,Tamil Nadu,NAGAPATTINAM,Kharif,2004,0.9185250001632503
RICE_006219,Rice,Tamil Nadu,NAMAKKAL,Kharif,2004,3.1843618668436187
RICE_006220,Rice,Tamil Nadu,PERAMBALUR,Kharif,2004,2.3368652280656415
RICE_006221,Rice,Tamil Nadu,PUDUKKOTTAI,Kharif,2004,2.948751488854858
RICE_006222,Rice,Tamil Nadu,RAMANATHAPURAM,Kharif,2004,2.011737107742858
RICE_006223,Rice,Tamil Nadu,SALEM,Kharif,2004,3.5388953999414006
RICE_006224,Rice,Tamil Nadu,SIVAGANGA,Kharif,2004,2.1086785450018204
RICE_006225,Rice,Tamil Nadu,THANJAVUR,Kharif,2004,2.7353743275552898
RICE_006226,Rice,Tamil Nadu,THE NILGIRIS,Kharif,2004,3.3007623007623006
RICE_006227,Rice,Tamil Nadu,THENI,Kharif,2004,4.033303276224827
RICE_006228,Rice,Tamil Nadu,THIRUVALLUR,Kharif,2004,2.995264782569605
RICE_006229,Rice,Tamil Nadu,THIRUVARUR,Kharif,2004,1.613674903100775
RICE_006230,Rice,Tamil Nadu,TIRUCHIRAPPALLI,Kharif,2004,3.3033709672231337
RICE_006231,Rice,Tamil Nadu,TIRUNELVELI,Kharif,2004,4.133499170812604
RICE_006232,Rice,Tamil Nadu,TIRUVANNAMALAI,Kharif,2004,2.8290275637733266
RICE_006233,Rice,Tamil Nadu,TUTICORIN,Kharif,2004,4.138227231190984
RICE_006234,Rice,Tamil Nadu,VELLORE,Kharif,2004,3.066260757168611
RICE_006235,Rice,Tamil Nadu,VILLUPURAM,Kharif,2004,3.212357052096569
RICE_006236,Rice,Tamil Nadu,VIRUDHUNAGAR,Kharif,2004,2.9277420657624607
RICE_006237,Rice,Telangana,ADILABAD,Kharif,2004,1.519011140107192
RICE_006238,Rice,Telangana,ADILABAD,Rabi,2004,2.1960341365461846
RICE_006239,Rice,Telangana,KARIMNAGAR,Kharif,2004,2.260996440193727
RICE_006240,Rice,Telangana,KARIMNAGAR,Rabi,2004,2.7709822901770984
RICE_006241,Rice,Telangana,KHAMMAM,Kharif,2004,2.8440025224749585
RICE_006242,Rice,Telangana,KHAMMAM,Rabi,2004,3.2889939745252077
RICE_006243,Rice,Telangana,MAHBUBNAGAR,Kharif,2004,2.2689986493648595
RICE_006244,Rice,Telangana,MAHBUBNAGAR,Rabi,2004,2.254997234731769
RICE_006245,Rice,Telangana,MEDAK,Kharif,2004,1.9369919111237253
RICE_006246,Rice,Telangana,MEDAK,Rabi,2004,2.202984620070047
RICE_006247,Rice,Telangana,NALGONDA,Kharif,2004,2.8179998466793297
RICE_006248,Rice,Telangana,NALGONDA,Rabi,2004,2.9790014742797943
RICE_006249,Rice,Telangana,NIZAMABAD,Kharif,2004,2.2469967478595607
RICE_006250,Rice,Telangana,NIZAMABAD,Rabi,2004,2.5759884208120667
RICE_006251,Rice,Telangana,RANGAREDDI,Kharif,2004,2.593006562756358
RICE_006252,Rice,Telangana,RANGAREDDI,Rabi,2004,2.673977305235053
RICE_006253,Rice,Telangana,WARANGAL,Kharif,2004,2.691996199647637
RICE_006254,Rice,Telangana,WARANGAL,Rabi,2004,2.916989914662529
RICE_006255,Rice,Tripura,DHALAI,Kharif,2004,1.8528027659506354
RICE_006256,Rice,Tripura,NORTH TRIPURA,Kharif,2004,2.1187604175804897
RICE_006257,Rice,Tripura,SOUTH TRIPURA,Kharif,2004,2.4704541775115505
RICE_006258,Rice,Tripura,WEST TRIPURA,Kharif,2004,2.5202437742561448
RICE_006259,Rice,Uttar Pradesh,AGRA,Kharif,2004,2.3473108477666362
RICE_006260,Rice,Uttar Pradesh,ALIGARH,Kharif,2004,2.2516609780881165
RICE_006261,Rice,Uttar Pradesh,ALLAHABAD,Kharif,2004,1.7906599882144962
RICE_006262,Rice,Uttar Pradesh,AMBEDKAR NAGAR,Kharif,2004,2.0079355536852233
RICE_006263,Rice,Uttar Pradesh,AMROHA,Kharif,2004,2.28788868816543
RICE_006264,Rice,Uttar Pradesh,AURAIYA,Kharif,2004,2.82136087325969
RICE_006265,Rice,Uttar Pradesh,AZAMGARH,Kharif,2004,0.8834236094415138
RICE_006266,Rice,Uttar Pradesh,BAGHPAT,Kharif,2004,2.6188854489164086
RICE_006267,Rice,Uttar Pradesh,BAHRAICH,Kharif,2004,1.831234209434745
RICE_006268,Rice,Uttar Pradesh,BALLIA,Kharif,2004,0.5381837846832231
RICE_006269,Rice,Uttar Pradesh,BALRAMPUR,Kharif,2004,1.5726231115630447
RICE_006270,Rice,Uttar Pradesh,BANDA,Kharif,2004,1.179696362251954
RICE_006271,Rice,Uttar Pradesh,BARABANKI,Kharif,2004,2.469487183600999
RICE_006272,Rice,Uttar Pradesh,BAREILLY,Kharif,2004,1.918624617386389
RICE_006273,Rice,Uttar Pradesh,BASTI,Kharif,2004,1.487444907884294
RICE_006274,Rice,Uttar Pradesh,BIJNOR,Kharif,2004,2.8530303524272163
RICE_006275,Rice,Uttar Pradesh,BUDAUN,Kharif,2004,1.5726342569548144
RICE_006276,Rice,Uttar Pradesh,BULANDSHAHR,Kharif,2004,2.4207681647198576
RICE_006277,Rice,Uttar Pradesh,CHANDAULI,Kharif,2004,1.9167560164703974
RICE_006278,Rice,Uttar Pradesh,CHITRAKOOT,Kharif,2004,0.8161162483487451
RICE_006279,Rice,Uttar Pradesh,DEORIA,Kharif,2004,1.6329679252943565
RICE_006280,Rice,Uttar Pradesh,ETAH,Kharif,2004,2.0375635520015796
RICE_006281,Rice,Uttar Pradesh,ETAWAH,Kharif,2004,2.738835322410267
RICE_006282,Rice,Uttar Pradesh,FAIZABAD,Kharif,2004,2.356141002876767
RICE_006283,Rice,Uttar Pradesh,FARRUKHABAD,Kharif,2004,2.292188698542572
RICE_006284,Rice,Uttar Pradesh,FATEHPUR,Kharif,2004,1.856324172573404
RICE_006285,Rice,Uttar Pradesh,FIROZABAD,Kharif,2004,2.798006689876442
RICE_006286,Rice,Uttar Pradesh,GAUTAM BUDDHA NAGAR,Kharif,2004,2.642125767943659
RICE_006287,Rice,Uttar Pradesh,GHAZIABAD,Kharif,2004,2.4187798512974545
RICE_006288,Rice,Uttar Pradesh,GHAZIPUR,Kharif,2004,1.0365682415995887
RICE_006289,Rice,Uttar Pradesh,GONDA,Kharif,2004,1.5981318641223046
RICE_006290,Rice,Uttar Pradesh,GORAKHPUR,Kharif,2004,1.5168392297055748
RICE_006291,Rice,Uttar Pradesh,HAMIRPUR,Kharif,2004,1.084126984126984
RICE_006292,Rice,Uttar Pradesh,HARDOI,Kharif,2004,2.347957588527153
RICE_006293,Rice,Uttar Pradesh,HATHRAS,Kharif,2004,2.1954697986577183
RICE_006294,Rice,Uttar Pradesh,JALAUN,Kharif,2004,0.5580645161290323
RICE_006295,Rice,Uttar Pradesh,JAUNPUR,Kharif,2004,1.177624367545751
RICE_006296,Rice,Uttar Pradesh,JHANSI,Kharif,2004,0.8410863912164115
RICE_006297,Rice,Uttar Pradesh,KANNAUJ,Kharif,2004,2.40620718726947
RICE_006298,Rice,Uttar Pradesh,KANPUR DEHAT,Kharif,2004,2.3912730578387182
RICE_006299,Rice,Uttar Pradesh,KANPUR NAGAR,Kharif,2004,1.9305260325575138
RICE_006300,Rice,Uttar Pradesh,KAUSHAMBI,Kharif,2004,1.9349949250028193
RICE_006301,Rice,Uttar Pradesh,KHERI,Kharif,2004,2.083404130350419
RICE_006302,Rice,Uttar Pradesh,KUSHI NAGAR,Kharif,2004,2.34405862512436
RICE_006303,Rice,Uttar Pradesh,LALITPUR,Kharif,2004,0.3886732533521524
RICE_006304,Rice,Uttar Pradesh,LUCKNOW,Kharif,2004,1.8747373402744913
RICE_006305,Rice,Uttar Pradesh,MAHARAJGANJ,Kharif,2004,2.2435909376673573
RICE_006306,Rice,Uttar Pradesh,MAHOBA,Kharif,2004,1.0828729281767955
RICE_006307,Rice,Uttar Pradesh,MAINPURI,Kharif,2004,2.1980631858016055
RICE_006308,Rice,Uttar Pradesh,MATHURA,Kharif,2004,2.5512955323680875
RICE_006309,Rice,Uttar Pradesh,MAU,Kharif,2004,1.2926563836048461
RICE_006310,Rice,Uttar Pradesh,MEERUT,Kharif,2004,2.503621756881338
RICE_006311,Rice,Uttar Pradesh,MIRZAPUR,Kharif,2004,1.1030027237095597
RICE_006312,Rice,Uttar Pradesh,MORADABAD,Kharif,2004,2.359844291533714
RICE_006313,Rice,Uttar Pradesh,MUZAFFARNAGAR,Kharif,2004,2.593229082701918
RICE_006314,Rice,Uttar Pradesh,PILIBHIT,Kharif,2004,2.5269249821788877
RICE_006315,Rice,Uttar Pradesh,PRATAPGARH,Kharif,2004,1.631263481002157
RICE_006316,Rice,Uttar Pradesh,RAE BARELI,Kharif,2004,2.051059991640329
RICE_006317,Rice,Uttar Pradesh,RAMPUR,Kharif,2004,2.217505102820089
RICE_006318,Rice,Uttar Pradesh,SAHARANPUR,Kharif,2004,2.2342801893712076
RICE_006319,Rice,Uttar Pradesh,SANT KABEER NAGAR,Kharif,2004,1.4116924696285251
RICE_006320,Rice,Uttar Pradesh,SANT RAVIDAS NAGAR,Kharif,2004,0.6354312002715035
RICE_006321,Rice,Uttar Pradesh,SHAHJAHANPUR,Kharif,2004,2.357948417636581
RICE_006322,Rice,Uttar Pradesh,SHRAVASTI,Kharif,2004,1.6098769675876194
RICE_006323,Rice,Uttar Pradesh,SIDDHARTH NAGAR,Kharif,2004,0.8814465576017535
RICE_006324,Rice,Uttar Pradesh,SITAPUR,Kharif,2004,1.521400385774259
RICE_006325,Rice,Uttar Pradesh,SONBHADRA,Kharif,2004,0.49949933970889143
RICE_006326,Rice,Uttar Pradesh,SULTANPUR,Kharif,2004,2.0353648389780767
RICE_006327,Rice,Uttar Pradesh,UNNAO,Kharif,2004,1.7476262293689062
RICE_006328,Rice,Uttar Pradesh,VARANASI,Kharif,2004,0.5785527498569911
RICE_006329,Rice,Uttarakhand,ALMORA,Kharif,2004,0.9796679723932102
RICE_006330,Rice,Uttarakhand,BAGESHWAR,Kharif,2004,1.3315439467991348
RICE_006331,Rice,Uttarakhand,CHAMOLI,Kharif,2004,1.2984805764411027
RICE_006332,Rice,Uttarakhand,CHAMPAWAT,Kharif,2004,1.2372984484332217
RICE_006333,Rice,Uttarakhand,DEHRADUN,Kharif,2004,1.901031095234229
RICE_006334,Rice,Uttarakhand,HARIDWAR,Kharif,2004,2.2688653159720475
RICE_006335,Rice,Uttarakhand,NAINITAL,Kharif,2004,2.4655086436170213
RICE_006336,Rice,Uttarakhand,NAINITAL,Summer,2004,2.9741379310344827
RICE_006337,Rice,Uttarakhand,PAURI GARHWAL,Kharif,2004,1.1558067173057565
RICE_006338,Rice,Uttarakhand,PITHORAGARH,Kharif,2004,1.3037509976057462
RICE_006339,Rice,Uttarakhand,RUDRA PRAYAG,Kharif,2004,1.3261734287987272
RICE_006340,Rice,Uttarakhand,TEHRI GARHWAL,Kharif,2004,1.3824861600402616
RICE_006341,Rice,Uttarakhand,UDAM SINGH NAGAR,Kharif,2004,2.6871519490851234
RICE_006342,Rice,Uttarakhand,UDAM SINGH NAGAR,Summer,2004,2.9779580797836376
RICE_006343,Rice,Uttarakhand,UTTAR KASHI,Kharif,2004,1.354881769641495
RICE_006344,Rice,West Bengal,24 PARAGANAS NORTH,Autumn,2004,2.2457057505601195
RICE_006345,Rice,West Bengal,24 PARAGANAS NORTH,Summer,2004,3.0912418154345516
RICE_006346,Rice,West Bengal,24 PARAGANAS NORTH,Winter,2004,2.3444454346386925
RICE_006347,Rice,West Bengal,24 PARAGANAS SOUTH,Autumn,2004,2.268486194858775
RICE_006348,Rice,West Bengal,24 PARAGANAS SOUTH,Summer,2004,3.295520838925574
RICE_006349,Rice,West Bengal,24 PARAGANAS SOUTH,Winter,2004,2.131233169076328
RICE_006350,Rice,West Bengal,BANKURA,Autumn,2004,2.738304244552308
RICE_006351,Rice,West Bengal,BANKURA,Summer,2004,2.5965593784683683
RICE_006352,Rice,West Bengal,BANKURA,Winter,2004,2.7883119364869793
RICE_006353,Rice,West Bengal,BARDHAMAN,Autumn,2004,3.0450376774344297
RICE_006354,Rice,West Bengal,BARDHAMAN,Summer,2004,3.0408437209952197
RICE_006355,Rice,West Bengal,BARDHAMAN,Winter,2004,2.955478967112037
RICE_006356,Rice,West Bengal,BIRBHUM,Autumn,2004,2.558555059234803
RICE_006357,Rice,West Bengal,BIRBHUM,Summer,2004,2.96612482602997
RICE_006358,Rice,West Bengal,BIRBHUM,Winter,2004,2.77037089820786
RICE_006359,Rice,West Bengal,COOCHBEHAR,Autumn,2004,1.2911410448293066
RICE_006360,Rice,West Bengal,COOCHBEHAR,Summer,2004,2.293917438052755
RICE_006361,Rice,West Bengal,COOCHBEHAR,Winter,2004,1.6908502196335284
RICE_006362,Rice,West Bengal,DARJEELING,Autumn,2004,0.32324677979963196
RICE_006363,Rice,West Bengal,DARJEELING,Summer,2004,1.9099405267629566
RICE_006364,Rice,West Bengal,DARJEELING,Winter,2004,1.5265253826442275
RICE_006365,Rice,West Bengal,DINAJPUR DAKSHIN,Autumn,2004,1.854237660767286
RICE_006366,Rice,West Bengal,DINAJPUR DAKSHIN,Summer,2004,2.9598237622283623
RICE_006367,Rice,West Bengal,DINAJPUR DAKSHIN,Winter,2004,2.481568791695336
RICE_006368,Rice,West Bengal,DINAJPUR UTTAR,Autumn,2004,1.3542466922748613
RICE_006369,Rice,West Bengal,DINAJPUR UTTAR,Summer,2004,2.981817976359979
RICE_006370,Rice,West Bengal,DINAJPUR UTTAR,Winter,2004,2.1492553215351142
RICE_006371,Rice,West Bengal,HOOGHLY,Autumn,2004,2.573083926502235
RICE_006372,Rice,West Bengal,HOOGHLY,Summer,2004,3.0674427824136297
RICE_006373,Rice,West Bengal,HOOGHLY,Winter,2004,2.6970453856313954
RICE_006374,Rice,West Bengal,HOWRAH,Autumn,2004,2.261500547645126
RICE_006375,Rice,West Bengal,HOWRAH,Summer,2004,2.6923029882995637
RICE_006376,Rice,West Bengal,HOWRAH,Winter,2004,2.0569100626658527
RICE_006377,Rice,West Bengal,JALPAIGURI,Autumn,2004,1.1942481059804462
RICE_006378,Rice,West Bengal,JALPAIGURI,Summer,2004,1.7204962679039741
RICE_006379,Rice,West Bengal,JALPAIGURI,Winter,2004,1.5058826100974332
RICE_006380,Rice,West Bengal,MALDAH,Autumn,2004,2.3049277510188957
RICE_006381,Rice,West Bengal,MALDAH,Summer,2004,3.6695073853530276
RICE_006382,Rice,West Bengal,MALDAH,Winter,2004,2.8064661196363585
RICE_006383,Rice,West Bengal,MEDINIPUR EAST,Autumn,2004,2.1564464827280125
RICE_006384,Rice,West Bengal,MEDINIPUR EAST,Summer,2004,3.0180534149535823
RICE_006385,Rice,West Bengal,MEDINIPUR EAST,Winter,2004,2.3405589726335525
RICE_006386,Rice,West Bengal,MEDINIPUR WEST,Autumn,2004,2.013929105395636
RICE_006387,Rice,West Bengal,MEDINIPUR WEST,Summer,2004,3.0428689945212457
RICE_006388,Rice,West Bengal,MEDINIPUR WEST,Winter,2004,2.6212108288483584
RICE_006389,Rice,West Bengal,MURSHIDABAD,Autumn,2004,2.251586677157094
RICE_006390,Rice,West Bengal,MURSHIDABAD,Summer,2004,3.6575495693186757
RICE_006391,Rice,West Bengal,MURSHIDABAD,Winter,2004,2.563155922846032
RICE_006392,Rice,West Bengal,NADIA,Autumn,2004,2.186710705265203
RICE_006393,Rice,West Bengal,NADIA,Summer,2004,3.335972912456993
RICE_006394,Rice,West Bengal,NADIA,Winter,2004,2.2846934340732816
RICE_006395,Rice,West Bengal,PURULIA,Autumn,2004,2.056410256410256
RICE_006396,Rice,West Bengal,PURULIA,Summer,2004,2.0945347119645494
RICE_006397,Rice,West Bengal,PURULIA,Winter,2004,2.3276898249909572
RICE_006398,Rice,Andaman and Nicobar Islands,NICOBARS,Kharif,2005,5.770334928229666
RICE_006399,Rice,Andaman and Nicobar Islands,SOUTH ANDAMANS,Kharif,2005,2.979367481326396
RICE_006400,Rice,Andhra Pradesh,ANANTAPUR,Kharif,2005,2.797984644913628
RICE_006401,Rice,Andhra Pradesh,ANANTAPUR,Rabi,2005,2.401996370235935
RICE_006402,Rice,Andhra Pradesh,CHITTOOR,Kharif,2005,2.288977832512315
RICE_006403,Rice,Andhra Pradesh,CHITTOOR,Rabi,2005,2.917996714442887
RICE_006404,Rice,Andhra Pradesh,EAST GODAVARI,Kharif,2005,1.6039988777016803
RICE_006405,Rice,Andhra Pradesh,EAST GODAVARI,Rabi,2005,4.7110027527468645
RICE_006406,Rice,Andhra Pradesh,GUNTUR,Kharif,2005,3.0899996192177346
RICE_006407,Rice,Andhra Pradesh,GUNTUR,Rabi,2005,3.5489915378252848
RICE_006408,Rice,Andhra Pradesh,KADAPA,Kharif,2005,1.8840108876986565
RICE_006409,Rice,Andhra Pradesh,KADAPA,Rabi,2005,2.6320233995376703
RICE_006410,Rice,Andhra Pradesh,KRISHNA,Kharif,2005,2.7349981758911652
RICE_006411,Rice,Andhra Pradesh,KRISHNA,Rabi,2005,3.9240022236705903
RICE_006412,Rice,Andhra Pradesh,KURNOOL,Kharif,2005,3.3040031618767998
RICE_006413,Rice,Andhra Pradesh,KURNOOL,Rabi,2005,3.2860202201304847
RICE_006414,Rice,Andhra Pradesh,PRAKASAM,Kharif,2005,2.6539988968560397
RICE_006415,Rice,Andhra Pradesh,PRAKASAM,Rabi,2005,3.5880025257840455
RICE_006416,Rice,Andhra Pradesh,SPSR NELLORE,Kharif,2005,3.0599911288534045
RICE_006417,Rice,Andhra Pradesh,SPSR NELLORE,Rabi,2005,3.7630001423517565
RICE_006418,Rice,Andhra Pradesh,SRIKAKULAM,Kharif,2005,1.7679991662378436
RICE_006419,Rice,Andhra Pradesh,SRIKAKULAM,Rabi,2005,2.3849421760679728
RICE_006420,Rice,Andhra Pradesh,VISAKHAPATANAM,Kharif,2005,1.4740000943307234
RICE_006421,Rice,Andhra Pradesh,VISAKHAPATANAM,Rabi,2005,1.851086103114368
RICE_006422,Rice,Andhra Pradesh,VIZIANAGARAM,Kharif,2005,1.3899995759837178
RICE_006423,Rice,Andhra Pradesh,VIZIANAGARAM,Rabi,2005,2.5410666666666666
RICE_006424,Rice,Andhra Pradesh,WEST GODAVARI,Kharif,2005,1.8770003273890525
RICE_006425,Rice,Andhra Pradesh,WEST GODAVARI,Rabi,2005,4.6099991168693535
RICE_006426,Rice,Arunachal Pradesh,ANJAW,Kharif,2005,1.4705882352941178
RICE_006427,Rice,Arunachal Pradesh,CHANGLANG,Kharif,2005,1.5679966400671987
RICE_006428,Rice,Arunachal Pradesh,DIBANG VALLEY,Kharif,2005,0.691
RICE_006429,Rice,Arunachal Pradesh,EAST KAMENG,Kharif,2005,0.3698758491449988
RICE_006430,Rice,Arunachal Pradesh,EAST SIANG,Kharif,2005,1.526171875
RICE_006431,Rice,Arunachal Pradesh,KURUNG KUMEY,Kharif,2005,1.1811764705882353
RICE_006432,Rice,Arunachal Pradesh,LOHIT,Kharif,2005,1.3834117647058823
RICE_006433,Rice,Arunachal Pradesh,LOWER DIBANG VALLEY,Kharif,2005,1.55
RICE_006434,Rice,Arunachal Pradesh,LOWER SUBANSIRI,Kharif,2005,1.2210526315789474
RICE_006435,Rice,Arunachal Pradesh,PAPUM PARE,Kharif,2005,1.2489247311827958
RICE_006436,Rice,Arunachal Pradesh,TAWANG,Kharif,2005,1.3603603603603605
RICE_006437,Rice,Arunachal Pradesh,TIRAP,Kharif,2005,0.5440156114483955
RICE_006438,Rice,Arunachal Pradesh,UPPER SIANG,Kharif,2005,1.2366129032258064
RICE_006439,Rice,Arunachal Pradesh,UPPER SUBANSIRI,Kharif,2005,1.3975
RICE_006440,Rice,Arunachal Pradesh,WEST KAMENG,Kharif,2005,0.8837209302325582
RICE_006441,Rice,Arunachal Pradesh,WEST SIANG,Kharif,2005,0.9541666666666667
RICE_006442,Rice,Assam,BAKSA,Autumn,2005,0.9023590704208863
RICE_006443,Rice,Assam,BAKSA,Summer,2005,1.34600790513834
RICE_006444,Rice,Assam,BAKSA,Winter,2005,1.4085521448308143
RICE_006445,Rice,Assam,BARPETA,Autumn,2005,0.7750679611650485
RICE_006446,Rice,Assam,BARPETA,Summer,2005,1.4664316039432972
RICE_006447,Rice,Assam,BARPETA,Winter,2005,1.428092123969292
RICE_006448,Rice,Assam,BONGAIGAON,Autumn,2005,0.9312345509475419
RICE_006449,Rice,Assam,BONGAIGAON,Summer,2005,1.9128487330432558
RICE_006450,Rice,Assam,BONGAIGAON,Winter,2005,1.1505610027292024
RICE_006451,Rice,Assam,CACHAR,Autumn,2005,1.929338008713208
RICE_006452,Rice,Assam,CACHAR,Summer,2005,1.6296657245882467
RICE_006453,Rice,Assam,CACHAR,Winter,2005,2.0390824223340798
RICE_006454,Rice,Assam,CHIRANG,Autumn,2005,0.798022463281175
RICE_006455,Rice,Assam,CHIRANG,Summer,2005,1.6239092495636998
RICE_006456,Rice,Assam,CHIRANG,Winter,2005,1.213506955124919
RICE_006457,Rice,Assam,DARRANG,Autumn,2005,1.3087272727272727
RICE_006458,Rice,Assam,DARRANG,Summer,2005,1.7629338572364113
RICE_006459,Rice,Assam,DARRANG,Winter,2005,1.5493983611801472
RICE_006460,Rice,Assam,DHEMAJI,Autumn,2005,0.4430099920417367
RICE_006461,Rice,Assam,DHEMAJI,Summer,2005,0.8715380082498527
RICE_006462,Rice,Assam,DHEMAJI,Winter,2005,1.2142111070246415
RICE_006463,Rice,Assam,DHUBRI,Autumn,2005,1.1653193016024874
RICE_006464,Rice,Assam,DHUBRI,Summer,2005,2.102025832766825
RICE_006465,Rice,Assam,DHUBRI,Winter,2005,1.240159581940269
RICE_006466,Rice,Assam,DIBRUGARH,Autumn,2005,1.1715817694369972
RICE_006467,Rice,Assam,DIBRUGARH,Summer,2005,1.7783783783783784
RICE_006468,Rice,Assam,DIBRUGARH,Winter,2005,1.595711112233049
RICE_006469,Rice,Assam,DIMA HASAO,Autumn,2005,1.372706791116833
RICE_006470,Rice,Assam,DIMA HASAO,Summer,2005,1.7894736842105263
RICE_006471,Rice,Assam,DIMA HASAO,Winter,2005,1.9315566323440339
RICE_006472,Rice,Assam,GOALPARA,Autumn,2005,1.1414662084765177
RICE_006473,Rice,Assam,GOALPARA,Summer,2005,2.1590301641848035
RICE_006474,Rice,Assam,GOALPARA,Winter,2005,1.4430275784559523
RICE_006475,Rice,Assam,GOLAGHAT,Autumn,2005,1.7875051376900946
RICE_006476,Rice,Assam,GOLAGHAT,Summer,2005,2.143758573388203
RICE_006477,Rice,Assam,GOLAGHAT,Winter,2005,1.938074074074074
RICE_006478,Rice,Assam,HAILAKANDI,Autumn,2005,2.0761666666666665
RICE_006479,Rice,Assam,HAILAKANDI,Summer,2005,1.78
RICE_006480,Rice,Assam,HAILAKANDI,Winter,2005,1.9374871794871795
RICE_006481,Rice,Assam,JORHAT,Autumn,2005,0.7928795811518324
RICE_006482,Rice,Assam,JORHAT,Summer,2005,0.7455758630693357
RICE_006483,Rice,Assam,JORHAT,Winter,2005,1.7236508558735137
RICE_006484,Rice,Assam,KAMRUP,Autumn,2005,1.2652578328981723
RICE_006485,Rice,Assam,KAMRUP,Summer,2005,2.0143972517176763
RICE_006486,Rice,Assam,KAMRUP,Winter,2005,1.6397262668897825
RICE_006487,Rice,Assam,KAMRUP METRO,Autumn,2005,1.2934879571810882
RICE_006488,Rice,Assam,KAMRUP METRO,Summer,2005,2.0509698428429846
RICE_006489,Rice,Assam,KAMRUP METRO,Winter,2005,1.6695501730103806
RICE_006490,Rice,Assam,KARBI ANGLONG,Autumn,2005,1.1753667365212421
RICE_006491,Rice,Assam,KARBI ANGLONG,Summer,2005,1.1353932584269664
RICE_006492,Rice,Assam,KARBI ANGLONG,Winter,2005,1.4871225963630035
RICE_006493,Rice,Assam,KARIMGANJ,Autumn,2005,1.7652307692307692
RICE_006494,Rice,Assam,KARIMGANJ,Summer,2005,1.6181052631578947
RICE_006495,Rice,Assam,KARIMGANJ,Winter,2005,1.5809360374414976
RICE_006496,Rice,Assam,KOKRAJHAR,Autumn,2005,0.7718131011671673
RICE_006497,Rice,Assam,KOKRAJHAR,Summer,2005,1.8883688401119
RICE_006498,Rice,Assam,KOKRAJHAR,Winter,2005,1.157801500377405
RICE_006499,Rice,Assam,LAKHIMPUR,Autumn,2005,0.7360843934222774
RICE_006500,Rice,Assam,LAKHIMPUR,Summer,2005,0.7808111380145278
RICE_006501,Rice,Assam,LAKHIMPUR,Winter,2005,1.1435717182641612
RICE_006502,Rice,Assam,MARIGAON,Autumn,2005,0.5127142857142857
RICE_006503,Rice,Assam,MARIGAON,Summer,2005,2.0
RICE_006504,Rice,Assam,MARIGAON,Winter,2005,1.2095909090909092
RICE_006505,Rice,Assam,NAGAON,Autumn,2005,0.9455513307984791
RICE_006506,Rice,Assam,NAGAON,Summer,2005,2.113731523496076
RICE_006507,Rice,Assam,NAGAON,Winter,2005,1.5094866686759831
RICE_006508,Rice,Assam,NALBARI,Autumn,2005,0.8147534813699662
RICE_006509,Rice,Assam,NALBARI,Summer,2005,1.4199960047942468
RICE_006510,Rice,Assam,NALBARI,Winter,2005,1.3790092996773582
RICE_006511,Rice,Assam,SIVASAGAR,Autumn,2005,1.7023643949930458
RICE_006512,Rice,Assam,SIVASAGAR,Summer,2005,1.7820512820512822
RICE_006513,Rice,Assam,SIVASAGAR,Winter,2005,1.832786036977332
RICE_006514,Rice,Assam,SONITPUR,Autumn,2005,1.0562622452261894
RICE_006515,Rice,Assam,SONITPUR,Summer,2005,1.1845100753730196
RICE_006516,Rice,Assam,SONITPUR,Winter,2005,1.5167653829454315
RICE_006517,Rice,Assam,TINSUKIA,Autumn,2005,1.2481296758104738
RICE_006518,Rice,Assam,TINSUKIA,Winter,2005,1.3551217570648044
RICE_006519,Rice,Assam,UDALGURI,Autumn,2005,0.6681379310344827
RICE_006520,Rice,Assam,UDALGURI,Summer,2005,1.493997999333111
RICE_006521,Rice,Assam,UDALGURI,Winter,2005,1.2726218888510057
RICE_006522,Rice,Bihar,ARARIA,Autumn,2005,1.3335681302340143
RICE_006523,Rice,Bihar,ARARIA,Summer,2005,1.147922199095672
RICE_006524,Rice,Bihar,ARARIA,Winter,2005,0.5316811415143476
RICE_006525,Rice,Bihar,ARWAL,Autumn,2005,0.8793103448275862
RICE_006526,Rice,Bihar,ARWAL,Winter,2005,1.5914074737077646
RICE_006527,Rice,Bihar,AURANGABAD,Winter,2005,1.3403360277624952
RICE_006528,Rice,Bihar,BANKA,Winter,2005,1.3749793644242674
RICE_006529,Rice,Bihar,BEGUSARAI,Autumn,2005,0.8039611223179901
RICE_006530,Rice,Bihar,BEGUSARAI,Summer,2005,0.8134556574923547
RICE_006531,Rice,Bihar,BEGUSARAI,Winter,2005,0.19378564195491127
RICE_006532,Rice,Bihar,BHAGALPUR,Autumn,2005,0.8854727132974635
RICE_006533,Rice,Bihar,BHAGALPUR,Summer,2005,1.4681647940074907
RICE_006534,Rice,Bihar,BHAGALPUR,Winter,2005,1.0902609747666783
RICE_006535,Rice,Bihar,BHOJPUR,Autumn,2005,1.0154525386313467
RICE_006536,Rice,Bihar,BHOJPUR,Summer,2005,1.4
RICE_006537,Rice,Bihar,BHOJPUR,Winter,2005,2.369132113797135
RICE_006538,Rice,Bihar,BUXAR,Winter,2005,2.336873276830389
RICE_006539,Rice,Bihar,DARBHANGA,Autumn,2005,1.0720585609712552
RICE_006540,Rice,Bihar,DARBHANGA,Summer,2005,1.6264084507042254
RICE_006541,Rice,Bihar,DARBHANGA,Winter,2005,1.0039872121843456
RICE_006542,Rice,Bihar,GAYA,Autumn,2005,1.0223463687150838
RICE_006543,Rice,Bihar,GAYA,Summer,2005,1.4137931034482758
RICE_006544,Rice,Bihar,GAYA,Winter,2005,0.2914483850299627
RICE_006545,Rice,Bihar,GOPALGANJ,Autumn,2005,0.6709707289469623
RICE_006546,Rice,Bihar,GOPALGANJ,Winter,2005,0.40727706713997186
RICE_006547,Rice,Bihar,JAMUI,Winter,2005,0.43742572211026715
RICE_006548,Rice,Bihar,JEHANABAD,Winter,2005,0.8935119278719641
RICE_006549,Rice,Bihar,KAIMUR (BHABUA),Autumn,2005,1.1333333333333333
RICE_006550,Rice,Bihar,KAIMUR (BHABUA),Winter,2005,2.0853024443498693
RICE_006551,Rice,Bihar,KATIHAR,Autumn,2005,0.6689994815966822
RICE_006552,Rice,Bihar,KATIHAR,Summer,2005,2.208496026141619
RICE_006553,Rice,Bihar,KATIHAR,Winter,2005,0.918563168901464
RICE_006554,Rice,Bihar,KHAGARIA,Autumn,2005,0.9710414452709883
RICE_006555,Rice,Bihar,KHAGARIA,Summer,2005,1.1326530612244898
RICE_006556,Rice,Bihar,KHAGARIA,Winter,2005,1.0692852768786634
RICE_006557,Rice,Bihar,KISHANGANJ,Autumn,2005,1.0081736909323116
RICE_006558,Rice,Bihar,KISHANGANJ,Summer,2005,1.390892500217259
RICE_006559,Rice,Bihar,KISHANGANJ,Winter,2005,0.8945054692790653
RICE_006560,Rice,Bihar,LAKHISARAI,Winter,2005,0.8331488217618219
RICE_006561,Rice,Bihar,MADHEPURA,Autumn,2005,1.0695682985885548
RICE_006562,Rice,Bihar,MADHEPURA,Summer,2005,1.5472013366750208
RICE_006563,Rice,Bihar,MADHEPURA,Winter,2005,1.2745078123677485
RICE_006564,Rice,Bihar,MADHUBANI,Autumn,2005,0.6901412639405204
RICE_006565,Rice,Bihar,MADHUBANI,Summer,2005,1.2866510538641687
RICE_006566,Rice,Bihar,MADHUBANI,Winter,2005,0.38577625022513057
RICE_006567,Rice,Bihar,MUNGER,Autumn,2005,0.9
RICE_006568,Rice,Bihar,MUNGER,Summer,2005,1.087378640776699
RICE_006569,Rice,Bihar,MUNGER,Winter,2005,1.4102605599611588
RICE_006570,Rice,Bihar,MUZAFFARPUR,Autumn,2005,0.8321527998026571
RICE_006571,Rice,Bihar,MUZAFFARPUR,Winter,2005,0.5876209698287016
RICE_006572,Rice,Bihar,NALANDA,Autumn,2005,1.0227272727272727
RICE_006573,Rice,Bihar,NALANDA,Winter,2005,0.4625150795812741
RICE_006574,Rice,Bihar,NAWADA,Winter,2005,0.6412365603415517
RICE_006575,Rice,Bihar,PASHCHIM CHAMPARAN,Autumn,2005,1.2431687715269806
RICE_006576,Rice,Bihar,PASHCHIM CHAMPARAN,Summer,2005,0.7304724659126942
RICE_006577,Rice,Bihar,PASHCHIM CHAMPARAN,Winter,2005,1.277300423422493
RICE_006578,Rice,Bihar,PATNA,Autumn,2005,1.1183115338882283
RICE_006579,Rice,Bihar,PATNA,Summer,2005,1.4661654135338347
RICE_006580,Rice,Bihar,PATNA,Winter,2005,1.6087938762512468
RICE_006581,Rice,Bihar,PURBI CHAMPARAN,Autumn,2005,1.190681039029536
RICE_006582,Rice,Bihar,PURBI CHAMPARAN,Summer,2005,0.6521739130434783
RICE_006583,Rice,Bihar,PURBI CHAMPARAN,Winter,2005,0.8634977659702935
RICE_006584,Rice,Bihar,PURNIA,Autumn,2005,0.9365070609002648
RICE_006585,Rice,Bihar,PURNIA,Summer,2005,1.6258986000756717
RICE_006586,Rice,Bihar,PURNIA,Winter,2005,0.9012188646158786
RICE_006587,Rice,Bihar,ROHTAS,Autumn,2005,0.9730941704035875
RICE_006588,Rice,Bihar,ROHTAS,Summer,2005,1.5118110236220472
RICE_006589,Rice,Bihar,ROHTAS,Winter,2005,2.456338071440275
RICE_006590,Rice,Bihar,SAHARSA,Autumn,2005,0.9967071524966262
RICE_006591,Rice,Bihar,SAHARSA,Summer,2005,1.563658536585366
RICE_006592,Rice,Bihar,SAHARSA,Winter,2005,1.0818658400012984
RICE_006593,Rice,Bihar,SAMASTIPUR,Autumn,2005,0.32230877282594816
RICE_006594,Rice,Bihar,SAMASTIPUR,Summer,2005,0.6980994152046783
RICE_006595,Rice,Bihar,SAMASTIPUR,Winter,2005,0.28619428797311985
RICE_006596,Rice,Bihar,SARAN,Autumn,2005,1.5300239358934333
RICE_006597,Rice,Bihar,SARAN,Summer,2005,1.65
RICE_006598,Rice,Bihar,SARAN,Winter,2005,1.32508806565246
RICE_006599,Rice,Bihar,SHEIKHPURA,Winter,2005,0.9442417230331078
RICE_006600,Rice,Bihar,SHEOHAR,Autumn,2005,0.9097938144329897
RICE_006601,Rice,Bihar,SHEOHAR,Winter,2005,0.6495459862960281
RICE_006602,Rice,Bihar,SITAMARHI,Autumn,2005,0.559106155380292
RICE_006603,Rice,Bihar,SITAMARHI,Summer,2005,0.8229965156794425
RICE_006604,Rice,Bihar,SITAMARHI,Winter,2005,0.3290294680916785
RICE_006605,Rice,Bihar,SIWAN,Autumn,2005,0.8542247406662706
RICE_006606,Rice,Bihar,SIWAN,Summer,2005,1.4586466165413534
RICE_006607,Rice,Bihar,SIWAN,Winter,2005,0.9687717892800451
RICE_006608,Rice,Bihar,SUPAUL,Autumn,2005,1.1225850340136054
RICE_006609,Rice,Bihar,SUPAUL,Summer,2005,1.6493506493506493
RICE_006610,Rice,Bihar,SUPAUL,Winter,2005,1.2629942304974109
RICE_006611,Rice,Bihar,VAISHALI,Autumn,2005,1.1590242980051053
RICE_006612,Rice,Bihar,VAISHALI,Summer,2005,0.9536290322580645
RICE_006613,Rice,Bihar,VAISHALI,Winter,2005,0.9658461221547018
RICE_006614,Rice,Chandigarh,CHANDIGARH,Kharif,2005,5.0
RICE_006615,Rice,Chhattisgarh,BASTAR,Kharif,2005,1.3418886681445459
RICE_006616,Rice,Chhattisgarh,BILASPUR,Kharif,2005,1.5988381289720264
RICE_006617,Rice,Chhattisgarh,DANTEWADA,Kharif,2005,0.8192101474576352
RICE_006618,Rice,Chhattisgarh,DHAMTARI,Kharif,2005,1.8163742221510029
RICE_006619,Rice,Chhattisgarh,DURG,Kharif,2005,1.6453878972956884
RICE_006620,Rice,Chhattisgarh,JANJGIR-CHAMPA,Kharif,2005,1.7848126209421566
RICE_006621,Rice,Chhattisgarh,JASHPUR,Kharif,2005,0.8809305105191514
RICE_006622,Rice,Chhattisgarh,KABIRDHAM,Kharif,2005,1.101184091981638
RICE_006623,Rice,Chhattisgarh,KANKER,Kharif,2005,1.6454377164696046
RICE_006624,Rice,Chhattisgarh,KORBA,Kharif,2005,1.1773184214847385
RICE_006625,Rice,Chhattisgarh,KOREA,Kharif,2005,0.8828170206760285
RICE_006626,Rice,Chhattisgarh,MAHASAMUND,Kharif,2005,0.9907900998572325
RICE_006627,Rice,Chhattisgarh,RAIGARH,Kharif,2005,1.1597473337300317
RICE_006628,Rice,Chhattisgarh,RAIPUR,Kharif,2005,1.5522262568916676
RICE_006629,Rice,Chhattisgarh,RAJNANDGAON,Kharif,2005,1.3664782162230256
RICE_006630,Rice,Chhattisgarh,SURGUJA,Kharif,2005,1.0930806694866138
RICE_006631,Rice,Dadra and Nagar Haveli,DADRA AND NAGAR HAVELI,Kharif,2005,2.502983802216539
RICE_006632,Rice,Dadra and Nagar Haveli,DADRA AND NAGAR HAVELI,Rabi,2005,2.050228310502283
RICE_006633,Rice,Goa,NORTH GOA,Kharif,2005,2.8846140854585376
RICE_006634,Rice,Goa,SOUTH GOA,Kharif,2005,2.739544568491937
RICE_006635,Rice,Gujarat,AHMADABAD,Kharif,2005,2.4841772151898733
RICE_006636,Rice,Gujarat,AHMADABAD,Summer,2005,2.9
RICE_006637,Rice,Gujarat,ANAND,Kharif,2005,2.1688942891859053
RICE_006638,Rice,Gujarat,ANAND,Summer,2005,2.978021978021978
RICE_006639,Rice,Gujarat,BHARUCH,Kharif,2005,1.4031007751937985
RICE_006640,Rice,Gujarat,BHARUCH,Summer,2005,3.5
RICE_006641,Rice,Gujarat,DANG,Kharif,2005,1.3483870967741935
RICE_006642,Rice,Gujarat,DOHAD,Kharif,2005,0.7973273942093542
RICE_006643,Rice,Gujarat,GANDHINAGAR,Kharif,2005,2.72
RICE_006644,Rice,Gujarat,GANDHINAGAR,Summer,2005,3.0
RICE_006645,Rice,Gujarat,KHEDA,Kharif,2005,2.4358974358974357
RICE_006646,Rice,Gujarat,KHEDA,Summer,2005,3.0555555555555554
RICE_006647,Rice,Gujarat,MAHESANA,Kharif,2005,2.2666666666666666
RICE_006648,Rice,Gujarat,NARMADA,Kharif,2005,0.7962962962962963
RICE_006649,Rice,Gujarat,NAVSARI,Kharif,2005,2.504297994269341
RICE_006650,Rice,Gujarat,NAVSARI,Summer,2005,3.1964285714285716
RICE_006651,Rice,Gujarat,PANCH MAHALS,Kharif,2005,0.8807854137447405
RICE_006652,Rice,Gujarat,PANCH MAHALS,Summer,2005,3.0833333333333335
RICE_006653,Rice,Gujarat,SABAR KANTHA,Kharif,2005,2.413793103448276
RICE_006654,Rice,Gujarat,SURAT,Kharif,2005,1.9209370424597365
RICE_006655,Rice,Gujarat,SURAT,Summer,2005,2.891891891891892
RICE_006656,Rice,Gujarat,SURENDRANAGAR,Kharif,2005,2.2
RICE_006657,Rice,Gujarat,VADODARA,Kharif,2005,1.1544256120527308
RICE_006658,Rice,Gujarat,VALSAD,Kharif,2005,1.9957894736842106
RICE_006659,Rice,Gujarat,VALSAD,Summer,2005,2.8823529411764706
RICE_006660,Rice,Haryana,AMBALA,Kharif,2005,3.3185262607786776
RICE_006661,Rice,Haryana,BHIWANI,Kharif,2005,1.9958486348395337
RICE_006662,Rice,Haryana,FARIDABAD,Kharif,2005,2.653927813163482
RICE_006663,Rice,Haryana,FATEHABAD,Kharif,2005,3.715025376256015
RICE_006664,Rice,Haryana,GURGAON,Kharif,2005,2.7309968138370504
RICE_006665,Rice,Haryana,HISAR,Kharif,2005,2.4542992552471223
RICE_006666,Rice,Haryana,JHAJJAR,Kharif,2005,1.7030772844726334
RICE_006667,Rice,Haryana,JIND,Kharif,2005,2.6678247921578357
RICE_006668,Rice,Haryana,KAITHAL,Kharif,2005,3.166889079212062
RICE_006669,Rice,Haryana,KARNAL,Kharif,2005,3.080470643883403
RICE_006670,Rice,Haryana,KURUKSHETRA,Kharif,2005,3.754817629590851
RICE_006671,Rice,Haryana,MEWAT,Kharif,2005,3.1311608488924967
RICE_006672,Rice,Haryana,PANCHKULA,Kharif,2005,2.7928371940200427
RICE_006673,Rice,Haryana,PANIPAT,Kharif,2005,2.5581954122086694
RICE_006674,Rice,Haryana,REWARI,Kharif,2005,4.830917874396135
RICE_006675,Rice,Haryana,ROHTAK,Kharif,2005,1.9993335554815062
RICE_006676,Rice,Haryana,SIRSA,Kharif,2005,3.605873664088974
RICE_006677,Rice,Haryana,SONIPAT,Kharif,2005,2.337298810356893
RICE_006678,Rice,Haryana,YAMUNANAGAR,Kharif,2005,3.374046831770025
RICE_006679,Rice,Himachal Pradesh,BILASPUR,Kharif,2005,1.3679378531073447
RICE_006680,Rice,Himachal Pradesh,CHAMBA,Kharif,2005,1.654040404040404
RICE_006681,Rice,Himachal Pradesh,HAMIRPUR,Kharif,2005,1.3436596447748863
RICE_006682,Rice,Himachal Pradesh,KANGRA,Kharif,2005,1.378047130759449
RICE_006683,Rice,Himachal Pradesh,KINNAUR,Kharif,2005,1.4090909090909092
RICE_006684,Rice,Himachal Pradesh,KULLU,Kharif,2005,0.9576999339061467
RICE_006685,Rice,Himachal Pradesh,MANDI,Kharif,2005,1.438498717695798
RICE_006686,Rice,Himachal Pradesh,SHIMLA,Kharif,2005,1.0861878453038674
RICE_006687,Rice,Himachal Pradesh,SIRMAUR,Kharif,2005,1.328978840846366
RICE_006688,Rice,Himachal Pradesh,SOLAN,Kharif,2005,1.7545011650074136
RICE_006689,Rice,Himachal Pradesh,UNA,Kharif,2005,1.6399207528479445
RICE_006690,Rice,Jammu and Kashmir,ANANTNAG,Kharif,2005,2.882693576367679
RICE_006691,Rice,Jammu and Kashmir,BADGAM,Kharif,2005,2.552117802779616
RICE_006692,Rice,Jammu and Kashmir,BARAMULLA,Kharif,2005,2.4997326024466875
RICE_006693,Rice,Jammu and Kashmir,DODA,Kharif,2005,1.4916688706691352
RICE_006694,Rice,Jammu and Kashmir,JAMMU,Kharif,2005,1.6530626482489186
RICE_006695,Rice,Jammu and Kashmir,KATHUA,Kharif,2005,1.6714801444043321
RICE_006696,Rice,Jammu and Kashmir,KUPWARA,Kharif,2005,1.5951539626451288
RICE_006697,Rice,Jammu and Kashmir,POONCH,Kharif,2005,1.4974888392857142
RICE_006698,Rice,Jammu and Kashmir,PULWAMA,Kharif,2005,2.6017757172848146
RICE_006699,Rice,Jammu and Kashmir,RAJAURI,Kharif,2005,1.8622577304334962
RICE_006700,Rice,Jammu and Kashmir,SRINAGAR,Kharif,2005,3.051550783912747
RICE_006701,Rice,Jammu and Kashmir,UDHAMPUR,Kharif,2005,1.1352203618890306
RICE_006702,Rice,Jharkhand,BOKARO,Winter,2005,0.3326666174171069
RICE_006703,Rice,Jharkhand,CHATRA,Winter,2005,0.3386662948221332
RICE_006704,Rice,Jharkhand,DEOGHAR,Autumn,2005,0.1719991773537232
RICE_006705,Rice,Jharkhand,DEOGHAR,Winter,2005,0.1920000542594359
RICE_006706,Rice,Jharkhand,DHANBAD,Winter,2005,0.7453336957647303
RICE_006707,Rice,Jharkhand,DUMKA,Autumn,2005,1.2960005395562149
RICE_006708,Rice,Jharkhand,DUMKA,Winter,2005,0.9880000057877321
RICE_006709,Rice,Jharkhand,EAST SINGHBUM,Autumn,2005,0.49466527977107444
RICE_006710,Rice,Jharkhand,EAST SINGHBUM,Winter,2005,0.5233333352614898
RICE_006711,Rice,Jharkhand,GARHWA,Autumn,2005,0.37666672243320565
RICE_006712,Rice,Jharkhand,GARHWA,Winter,2005,0.24466691200915947
RICE_006713,Rice,Jharkhand,GIRIDIH,Autumn,2005,0.6166659386999044
RICE_006714,Rice,Jharkhand,GIRIDIH,Winter,2005,0.3266666424586325
RICE_006715,Rice,Jharkhand,GODDA,Autumn,2005,0.7446675552187846
RICE_006716,Rice,Jharkhand,GODDA,Winter,2005,1.2013332454181118
RICE_006717,Rice,Jharkhand,GUMLA,Autumn,2005,0.5186666699643493
RICE_006718,Rice,Jharkhand,GUMLA,Winter,2005,0.8533333614635594
RICE_006719,Rice,Jharkhand,HAZARIBAGH,Autumn,2005,0.5579995548787045
RICE_006720,Rice,Jharkhand,HAZARIBAGH,Winter,2005,0.6873332645693657
RICE_006721,Rice,Jharkhand,JAMTARA,Winter,2005,0.2219998818889109
RICE_006722,Rice,Jharkhand,KODERMA,Winter,2005,0.5199571294034582
RICE_006723,Rice,Jharkhand,LATEHAR,Autumn,2005,0.47399977721705355
RICE_006724,Rice,Jharkhand,LATEHAR,Winter,2005,0.31266734782596656
RICE_006725,Rice,Jharkhand,LOHARDAGA,Autumn,2005,0.5273331559513973
RICE_006726,Rice,Jharkhand,LOHARDAGA,Winter,2005,0.4059998277272923
RICE_006727,Rice,Jharkhand,PAKUR,Autumn,2005,0.6393330857250428
RICE_006728,Rice,Jharkhand,PAKUR,Winter,2005,0.9066666817779481
RICE_006729,Rice,Jharkhand,PALAMU,Winter,2005,0.07983010657463674
RICE_006730,Rice,Jharkhand,RANCHI,Autumn,2005,0.5406666834896376
RICE_006731,Rice,Jharkhand,RANCHI,Winter,2005,0.46866661857754416
RICE_006732,Rice,Jharkhand,SAHEBGANJ,Winter,2005,0.857333356394789
RICE_006733,Rice,Jharkhand,SARAIKELA KHARSAWAN,Winter,2005,0.4473333459093863
RICE_006734,Rice,Jharkhand,SIMDEGA,Autumn,2005,0.4053332177220719
RICE_006735,Rice,Jharkhand,SIMDEGA,Winter,2005,0.6253332857808783
RICE_006736,Rice,Jharkhand,WEST SINGHBHUM,Autumn,2005,0.44266685934928046
RICE_006737,Rice,Jharkhand,WEST SINGHBHUM,Winter,2005,0.404000009188617
RICE_006738,Rice,Karnataka,BAGALKOT,Kharif,2005,2.8174603174603177
RICE_006739,Rice,Karnataka,BAGALKOT,Summer,2005,3.111111111111111
RICE_006740,Rice,Karnataka,BANGALORE RURAL,Kharif,2005,2.279884880254908
RICE_006741,Rice,Karnataka,BANGALORE RURAL,Rabi,2005,2.2222222222222223
RICE_006742,Rice,Karnataka,BANGALORE RURAL,Summer,2005,3.109360076408787
RICE_006743,Rice,Karnataka,BELGAUM,Kharif,2005,2.182358146720463
RICE_006744,Rice,Karnataka,BELGAUM,Summer,2005,3.082802547770701
RICE_006745,Rice,Karnataka,BELLARY,Kharif,2005,3.0589968114206174
RICE_006746,Rice,Karnataka,BELLARY,Rabi,2005,3.8183673469387753
RICE_006747,Rice,Karnataka,BELLARY,Summer,2005,3.4171394740737084
RICE_006748,Rice,Karnataka,BENGALURU URBAN,Kharif,2005,2.6153846153846154
RICE_006749,Rice,Karnataka,BENGALURU URBAN,Summer,2005,3.1091617933723197
RICE_006750,Rice,Karnataka,BIDAR,Kharif,2005,0.5458579881656804
RICE_006751,Rice,Karnataka,BIDAR,Rabi,2005,1.6071428571428572
RICE_006752,Rice,Karnataka,BIJAPUR,Kharif,2005,1.7792207792207793
RICE_006753,Rice,Karnataka,BIJAPUR,Rabi,2005,1.6428571428571428
RICE_006754,Rice,Karnataka,CHAMARAJANAGAR,Kharif,2005,2.7711190431460957
RICE_006755,Rice,Karnataka,CHAMARAJANAGAR,Rabi,2005,2.389662027833002
RICE_006756,Rice,Karnataka,CHAMARAJANAGAR,Summer,2005,2.6600341102899376
RICE_006757,Rice,Karnataka,CHIKMAGALUR,Kharif,2005,2.3771264003124006
RICE_006758,Rice,Karnataka,CHIKMAGALUR,Summer,2005,2.7093264248704663
RICE_006759,Rice,Karnataka,CHITRADURGA,Kharif,2005,2.7186881538026575
RICE_006760,Rice,Karnataka,CHITRADURGA,Rabi,2005,3.0991407799074686
RICE_006761,Rice,Karnataka,CHITRADURGA,Summer,2005,2.956378171706639
RICE_006762,Rice,Karnataka,DAKSHIN KANNAD,Kharif,2005,2.4120683183183185
RICE_006763,Rice,Karnataka,DAKSHIN KANNAD,Rabi,2005,2.1618341497859572
RICE_006764,Rice,Karnataka,DAKSHIN KANNAD,Summer,2005,1.9515484515484516
RICE_006765,Rice,Karnataka,DAVANGERE,Kharif,2005,3.155975654222646
RICE_006766,Rice,Karnataka,DAVANGERE,Summer,2005,3.8484453767297087
RICE_006767,Rice,Karnataka,DHARWAD,Kharif,2005,1.7288487904117464
RICE_006768,Rice,Karnataka,DHARWAD,Summer,2005,3.0993150684931505
RICE_006769,Rice,Karnataka,GADAG,Kharif,2005,4.44612885760693
RICE_006770,Rice,Karnataka,GADAG,Summer,2005,4.049678012879485
RICE_006771,Rice,Karnataka,GULBARGA,Kharif,2005,2.628395162275522
RICE_006772,Rice,Karnataka,GULBARGA,Rabi,2005,1.9589790337283501
RICE_006773,Rice,Karnataka,GULBARGA,Summer,2005,3.085603331832508
RICE_006774,Rice,Karnataka,HASSAN,Kharif,2005,2.28633742900948
RICE_006775,Rice,Karnataka,HASSAN,Rabi,2005,1.7250384024577572
RICE_006776,Rice,Karnataka,HASSAN,Summer,2005,2.235283560660445
RICE_006777,Rice,Karnataka,HAVERI,Kharif,2005,2.0674727571279297
RICE_006778,Rice,Karnataka,HAVERI,Summer,2005,3.1739883142177017
RICE_006779,Rice,Karnataka,KODAGU,Kharif,2005,2.3047613490488974
RICE_006780,Rice,Karnataka,KODAGU,Rabi,2005,2.2153846153846155
RICE_006781,Rice,Karnataka,KODAGU,Summer,2005,2.149222797927461
RICE_006782,Rice,Karnataka,KOLAR,Kharif,2005,2.2481886850624324
RICE_006783,Rice,Karnataka,KOLAR,Rabi,2005,2.2
RICE_006784,Rice,Karnataka,KOLAR,Summer,2005,4.408953181507184
RICE_006785,Rice,Karnataka,KOPPAL,Kharif,2005,3.219279711884754
RICE_006786,Rice,Karnataka,KOPPAL,Summer,2005,3.6423024211968937
RICE_006787,Rice,Karnataka,MANDYA,Kharif,2005,2.9645952334055545
RICE_006788,Rice,Karnataka,MANDYA,Rabi,2005,2.5
RICE_006789,Rice,Karnataka,MANDYA,Summer,2005,3.32692139547084
RICE_006790,Rice,Karnataka,MYSORE,Kharif,2005,2.9585737074976675
RICE_006791,Rice,Karnataka,MYSORE,Rabi,2005,2.2285714285714286
RICE_006792,Rice,Karnataka,MYSORE,Summer,2005,3.030500780252518
RICE_006793,Rice,Karnataka,RAICHUR,Kharif,2005,2.721420621671039
RICE_006794,Rice,Karnataka,RAICHUR,Summer,2005,2.0026046703544673
RICE_006795,Rice,Karnataka,SHIMOGA,Kharif,2005,2.371258155027284
RICE_006796,Rice,Karnataka,SHIMOGA,Summer,2005,3.3098000919117645
RICE_006797,Rice,Karnataka,TUMKUR,Kharif,2005,2.5148424694955382
RICE_006798,Rice,Karnataka,TUMKUR,Rabi,2005,2.213270142180095
RICE_006799,Rice,Karnataka,TUMKUR,Summer,2005,3.199553770638108
RICE_006800,Rice,Karnataka,UDUPI,Kharif,2005,2.563402889245586
RICE_006801,Rice,Karnataka,UDUPI,Rabi,2005,2.1050412465627866
RICE_006802,Rice,Karnataka,UDUPI,Summer,2005,2.315068493150685
RICE_006803,Rice,Karnataka,UTTAR KANNAD,Kharif,2005,2.0119225608587312
RICE_006804,Rice,Karnataka,UTTAR KANNAD,Rabi,2005,2.1763546798029556
RICE_006805,Rice,Karnataka,UTTAR KANNAD,Summer,2005,2.3635915145535273
RICE_006806,Rice,Kerala,ALAPPUZHA,Autumn,2005,1.9154228855721394
RICE_006807,Rice,Kerala,ALAPPUZHA,Summer,2005,2.6347144456886897
RICE_006808,Rice,Kerala,ALAPPUZHA,Winter,2005,2.7732439335887613
RICE_006809,Rice,Kerala,ERNAKULAM,Autumn,2005,1.921411387329591
RICE_006810,Rice,Kerala,ERNAKULAM,Summer,2005,1.885135135135135
RICE_006811,Rice,Kerala,ERNAKULAM,Winter,2005,1.9400625720401778
RICE_006812,Rice,Kerala,IDUKKI,Autumn,2005,2.4623529411764706
RICE_006813,Rice,Kerala,IDUKKI,Summer,2005,2.726890756302521
RICE_006814,Rice,Kerala,IDUKKI,Winter,2005,2.5802603036876355
RICE_006815,Rice,Kerala,KANNUR,Autumn,2005,1.8823085628064882
RICE_006816,Rice,Kerala,KANNUR,Summer,2005,1.0853658536585367
RICE_006817,Rice,Kerala,KANNUR,Winter,2005,1.9051836415733263
RICE_006818,Rice,Kerala,KASARAGOD,Autumn,2005,2.5437133147976523
RICE_006819,Rice,Kerala,KASARAGOD,Summer,2005,2.275
RICE_006820,Rice,Kerala,KASARAGOD,Winter,2005,1.9703759969616408
RICE_006821,Rice,Kerala,KOLLAM,Autumn,2005,2.222092570984053
RICE_006822,Rice,Kerala,KOLLAM,Summer,2005,1.6666666666666667
RICE_006823,Rice,Kerala,KOLLAM,Winter,2005,2.2276055124892333
RICE_006824,Rice,Kerala,KOTTAYAM,Autumn,2005,2.3210566421132843
RICE_006825,Rice,Kerala,KOTTAYAM,Summer,2005,2.5089605734767026
RICE_006826,Rice,Kerala,KOTTAYAM,Winter,2005,2.590112948109347
RICE_006827,Rice,Kerala,KOZHIKODE,Autumn,2005,1.2209631728045325
RICE_006828,Rice,Kerala,KOZHIKODE,Summer,2005,1.9371345029239766
RICE_006829,Rice,Kerala,KOZHIKODE,Winter,2005,1.243316966721222
RICE_006830,Rice,Kerala,MALAPPURAM,Autumn,2005,2.1447988904299584
RICE_006831,Rice,Kerala,MALAPPURAM,Summer,2005,3.2111553784860556
RICE_006832,Rice,Kerala,MALAPPURAM,Winter,2005,1.9243912420708
RICE_006833,Rice,Kerala,PALAKKAD,Autumn,2005,2.2693732164902554
RICE_006834,Rice,Kerala,PALAKKAD,Summer,2005,2.4339622641509435
RICE_006835,Rice,Kerala,PALAKKAD,Winter,2005,2.3948901698083813
RICE_006836,Rice,Kerala,PATHANAMTHITTA,Autumn,2005,2.006476683937824
RICE_006837,Rice,Kerala,PATHANAMTHITTA,Summer,2005,2.575916230366492
RICE_006838,Rice,Kerala,PATHANAMTHITTA,Winter,2005,2.243606138107417
RICE_006839,Rice,Kerala,THIRUVANANTHAPURAM,Autumn,2005,2.402203856749311
RICE_006840,Rice,Kerala,THIRUVANANTHAPURAM,Summer,2005,1.7142857142857142
RICE_006841,Rice,Kerala,THIRUVANANTHAPURAM,Winter,2005,2.2992439315559094
RICE_006842,Rice,Kerala,THRISSUR,Autumn,2005,1.9624039886807707
RICE_006843,Rice,Kerala,THRISSUR,Summer,2005,3.3161476944019057
RICE_006844,Rice,Kerala,THRISSUR,Winter,2005,2.1882875787578757
RICE_006845,Rice,Kerala,WAYANAD,Summer,2005,2.846326164874552
RICE_006846,Rice,Kerala,WAYANAD,Winter,2005,2.3764426706935606
RICE_006847,Rice,Madhya Pradesh,ANUPPUR,Kharif,2005,1.0749118481922741
RICE_006848,Rice,Madhya Pradesh,ASHOKNAGAR,Kharif,2005,0.6839622641509434
RICE_006849,Rice,Madhya Pradesh,BALAGHAT,Kharif,2005,1.4687851835172259
RICE_006850,Rice,Madhya Pradesh,BARWANI,Kharif,2005,0.33946188340807176
RICE_006851,Rice,Madhya Pradesh,BETUL,Kharif,2005,0.900227617602428
RICE_006852,Rice,Madhya Pradesh,BHIND,Kharif,2005,2.102440332528828
RICE_006853,Rice,Madhya Pradesh,BHOPAL,Kharif,2005,0.6496598639455783
RICE_006854,Rice,Madhya Pradesh,BURHANPUR,Kharif,2005,1.0309877340219495
RICE_006855,Rice,Madhya Pradesh,CHHATARPUR,Kharif,2005,0.643368700265252
RICE_006856,Rice,Madhya Pradesh,CHHINDWARA,Kharif,2005,0.7643267804154302
RICE_006857,Rice,Madhya Pradesh,DAMOH,Kharif,2005,0.6453713084918759
RICE_006858,Rice,Madhya Pradesh,DATIA,Kharif,2005,0.9470553242117787
RICE_006859,Rice,Madhya Pradesh,DEWAS,Kharif,2005,0.5058043117744611
RICE_006860,Rice,Madhya Pradesh,DHAR,Kharif,2005,0.5206025697828977
RICE_006861,Rice,Madhya Pradesh,DINDORI,Kharif,2005,0.8487349859442883
RICE_006862,Rice,Madhya Pradesh,GUNA,Kharif,2005,0.8381795195954488
RICE_006863,Rice,Madhya Pradesh,GWALIOR,Kharif,2005,2.311976286838055
RICE_006864,Rice,Madhya Pradesh,HARDA,Kharif,2005,1.518363939899833
RICE_006865,Rice,Madhya Pradesh,HOSHANGABAD,Kharif,2005,1.281596925704526
RICE_006866,Rice,Madhya Pradesh,INDORE,Kharif,2005,0.5
RICE_006867,Rice,Madhya Pradesh,JABALPUR,Kharif,2005,0.8935901160306909
RICE_006868,Rice,Madhya Pradesh,JHABUA,Kharif,2005,0.4615623889086385
RICE_006869,Rice,Madhya Pradesh,KATNI,Kharif,2005,0.8476276711336472
RICE_006870,Rice,Madhya Pradesh,KHANDWA,Kharif,2005,0.8838951310861424
RICE_006871,Rice,Madhya Pradesh,KHARGONE,Kharif,2005,0.44181232750689975
RICE_006872,Rice,Madhya Pradesh,MANDLA,Kharif,2005,0.6594064749767135
RICE_006873,Rice,Madhya Pradesh,MANDSAUR,Kharif,2005,0.3333333333333333
RICE_006874,Rice,Madhya Pradesh,MORENA,Kharif,2005,2.094972067039106
RICE_006875,Rice,Madhya Pradesh,NARSINGHPUR,Kharif,2005,1.0672642304451083
RICE_006876,Rice,Madhya Pradesh,NEEMUCH,Kharif,2005,0.5
RICE_006877,Rice,Madhya Pradesh,PANNA,Kharif,2005,0.6206436743764919
RICE_006878,Rice,Madhya Pradesh,RAISEN,Kharif,2005,0.6154958428726353
RICE_006879,Rice,Madhya Pradesh,RAJGARH,Kharif,2005,0.49942196531791905
RICE_006880,Rice,Madhya Pradesh,RATLAM,Kharif,2005,0.7207818109293976
RICE_006881,Rice,Madhya Pradesh,REWA,Kharif,2005,0.9636896455484231
RICE_006882,Rice,Madhya Pradesh,SAGAR,Kharif,2005,0.5286594582025346
RICE_006883,Rice,Madhya Pradesh,SATNA,Kharif,2005,1.1884735502776065
RICE_006884,Rice,Madhya Pradesh,SEHORE,Kharif,2005,0.6712433257055682
RICE_006885,Rice,Madhya Pradesh,SEONI,Kharif,2005,1.216585110249064
RICE_006886,Rice,Madhya Pradesh,SHAHDOL,Kharif,2005,0.9604872169937166
RICE_006887,Rice,Madhya Pradesh,SHAJAPUR,Kharif,2005,0.5306748466257669
RICE_006888,Rice,Madhya Pradesh,SHEOPUR,Kharif,2005,1.8496198254012954
RICE_006889,Rice,Madhya Pradesh,SHIVPURI,Kharif,2005,0.9491800616983277
RICE_006890,Rice,Madhya Pradesh,SIDHI,Kharif,2005,0.737280451893991
RICE_006891,Rice,Madhya Pradesh,TIKAMGARH,Kharif,2005,0.49115549991835844
RICE_006892,Rice,Madhya Pradesh,UJJAIN,Kharif,2005,0.4
RICE_006893,Rice,Madhya Pradesh,UMARIA,Kharif,2005,0.8309689446642113
RICE_006894,Rice,Madhya Pradesh,VIDISHA,Kharif,2005,0.7738287560581584
RICE_006895,Rice,Maharashtra,AHMEDNAGAR,Kharif,2005,0.5
RICE_006896,Rice,Maharashtra,AMRAVATI,Kharif,2005,0.49019607843137253
RICE_006897,Rice,Maharashtra,AURANGABAD,Kharif,2005,1.0
RICE_006898,Rice,Maharashtra,BEED,Kharif,2005,4.5
RICE_006899,Rice,Maharashtra,BHANDARA,Kharif,2005,1.6846793349168645
RICE_006900,Rice,Maharashtra,BHANDARA,Summer,2005,1.434782608695652
RICE_006901,Rice,Maharashtra,CHANDRAPUR,Kharif,2005,1.5816091954022988
RICE_006902,Rice,Maharashtra,CHANDRAPUR,Summer,2005,1.09375
RICE_006903,Rice,Maharashtra,DHULE,Kharif,2005,0.9803921568627451
RICE_006904,Rice,Maharashtra,GADCHIROLI,Kharif,2005,1.5088315217391304
RICE_006905,Rice,Maharashtra,GADCHIROLI,Summer,2005,1.6571428571428573
RICE_006906,Rice,Maharashtra,GONDIA,Kharif,2005,1.5253093363329584
RICE_006907,Rice,Maharashtra,GONDIA,Summer,2005,1.4953271028037383
RICE_006908,Rice,Maharashtra,HINGOLI,Kharif,2005,0.3333333333333333
RICE_006909,Rice,Maharashtra,JALGAON,Kharif,2005,1.5
RICE_006910,Rice,Maharashtra,KOLHAPUR,Kharif,2005,2.2723915050784855
RICE_006911,Rice,Maharashtra,KOLHAPUR,Summer,2005,2.8333333333333335
RICE_006912,Rice,Maharashtra,LATUR,Kharif,2005,0.45604395604395603
RICE_006913,Rice,Maharashtra,NAGPUR,Kharif,2005,1.3711111111111112
RICE_006914,Rice,Maharashtra,NAGPUR,Summer,2005,1.5
RICE_006915,Rice,Maharashtra,NANDED,Kharif,2005,0.42948717948717946
RICE_006916,Rice,Maharashtra,NANDURBAR,Kharif,2005,1.5685279187817258
RICE_006917,Rice,Maharashtra,NASHIK,Kharif,2005,1.1669980119284293
RICE_006918,Rice,Maharashtra,OSMANABAD,Kharif,2005,0.3764705882352941
RICE_006919,Rice,Maharashtra,PARBHANI,Kharif,2005,0.38571428571428573
RICE_006920,Rice,Maharashtra,PUNE,Kharif,2005,1.1441860465116278
RICE_006921,Rice,Maharashtra,RAIGAD,Kharif,2005,2.255371900826446
RICE_006922,Rice,Maharashtra,RAIGAD,Summer,2005,2.6
RICE_006923,Rice,Maharashtra,RATNAGIRI,Kharif,2005,2.5272727272727273
RICE_006924,Rice,Maharashtra,RATNAGIRI,Summer,2005,3.0
RICE_006925,Rice,Maharashtra,SANGLI,Kharif,2005,2.18232044198895
RICE_006926,Rice,Maharashtra,SATARA,Kharif,2005,1.68348623853211
RICE_006927,Rice,Maharashtra,SINDHUDURG,Kharif,2005,2.891275167785235
RICE_006928,Rice,Maharashtra,SINDHUDURG,Summer,2005,2.0952380952380953
RICE_006929,Rice,Maharashtra,SOLAPUR,Kharif,2005,1.0
RICE_006930,Rice,Maharashtra,THANE,Kharif,2005,2.2240875912408757
RICE_006931,Rice,Maharashtra,THANE,Summer,2005,2.36
RICE_006932,Rice,Maharashtra,WARDHA,Kharif,2005,1.0
RICE_006933,Rice,Maharashtra,WASHIM,Kharif,2005,0.3333333333333333
RICE_006934,Rice,Maharashtra,YAVATMAL,Kharif,2005,0.5
RICE_006935,Rice,Manipur,BISHNUPUR,Kharif,2005,3.0056144728633813
RICE_006936,Rice,Manipur,CHANDEL,Kharif,2005,1.7347480106100797
RICE_006937,Rice,Manipur,CHURACHANDPUR,Kharif,2005,1.840942562592047
RICE_006938,Rice,Manipur,IMPHAL EAST,Kharif,2005,2.632233009708738
RICE_006939,Rice,Manipur,IMPHAL WEST,Kharif,2005,3.2660406885758997
RICE_006940,Rice,Manipur,SENAPATI,Kharif,2005,2.0174438108017445
RICE_006941,Rice,Manipur,TAMENGLONG,Kharif,2005,1.1012526096033404
RICE_006942,Rice,Manipur,THOUBAL,Kharif,2005,2.2473498233215548
RICE_006943,Rice,Manipur,UKHRUL,Kharif,2005,2.299934938191282
RICE_006944,Rice,Meghalaya,EAST GARO HILLS,Autumn,2005,1.6310950125383115
RICE_006945,Rice,Meghalaya,EAST GARO HILLS,Summer,2005,1.352112676056338
RICE_006946,Rice,Meghalaya,EAST GARO HILLS,Winter,2005,2.5469557725445147
RICE_006947,Rice,Meghalaya,EAST JAINTIA HILLS,Autumn,2005,1.6938775510204083
RICE_006948,Rice,Meghalaya,EAST JAINTIA HILLS,Summer,2005,3.0
RICE_006949,Rice,Meghalaya,EAST JAINTIA HILLS,Winter,2005,1.5309988518943742
RICE_006950,Rice,Meghalaya,EAST KHASI HILLS,Autumn,2005,2.0714285714285716
RICE_006951,Rice,Meghalaya,EAST KHASI HILLS,Summer,2005,1.2222222222222223
RICE_006952,Rice,Meghalaya,EAST KHASI HILLS,Winter,2005,1.8195140048228529
RICE_006953,Rice,Meghalaya,RI BHOI,Autumn,2005,1.8652849740932642
RICE_006954,Rice,Meghalaya,RI BHOI,Summer,2005,1.9236111111111112
RICE_006955,Rice,Meghalaya,RI BHOI,Winter,2005,2.769963211426098
RICE_006956,Rice,Meghalaya,SOUTH GARO HILLS,Autumn,2005,1.266066311911584
RICE_006957,Rice,Meghalaya,SOUTH GARO HILLS,Summer,2005,1.7754237288135593
RICE_006958,Rice,Meghalaya,SOUTH GARO HILLS,Winter,2005,1.5771771771771772
RICE_006959,Rice,Meghalaya,WEST GARO HILLS,Autumn,2005,1.1499208379003776
RICE_006960,Rice,Meghalaya,WEST GARO HILLS,Summer,2005,4.196950171821306
RICE_006961,Rice,Meghalaya,WEST GARO HILLS,Winter,2005,1.838498347954882
RICE_006962,Rice,Meghalaya,WEST KHASI HILLS,Autumn,2005,1.5
RICE_006963,Rice,Meghalaya,WEST KHASI HILLS,Winter,2005,1.7099809566483701
RICE_006964,Rice,Mizoram,AIZAWL,Whole Year,2005,1.523409719478467
RICE_006965,Rice,Mizoram,CHAMPHAI,Whole Year,2005,1.8869373260389672
RICE_006966,Rice,Mizoram,KOLASIB,Whole Year,2005,2.127649552520019
RICE_006967,Rice,Mizoram,LAWNGTLAI,Whole Year,2005,2.0966654842142605
RICE_006968,Rice,Mizoram,LUNGLEI,Whole Year,2005,1.8963662443222566
RICE_006969,Rice,Mizoram,MAMIT,Whole Year,2005,2.1458646616541355
RICE_006970,Rice,Mizoram,SAIHA,Whole Year,2005,1.78186775732788
RICE_006971,Rice,Mizoram,SERCHHIP,Whole Year,2005,2.0662162162162163
RICE_006972,Rice,Nagaland,DIMAPUR,Kharif,2005,1.8296187683284457
RICE_006973,Rice,Nagaland,DIMAPUR,Rabi,2005,1.9230769230769231
RICE_006974,Rice,Nagaland,KOHIMA,Kharif,2005,1.8569476082004557
RICE_006975,Rice,Nagaland,MOKOKCHUNG,Kharif,2005,1.5475285171102662
RICE_006976,Rice,Nagaland,MON,Kharif,2005,1.52
RICE_006977,Rice,Nagaland,PHEK,Kharif,2005,1.8276381909547739
RICE_006978,Rice,Nagaland,TUENSANG,Kharif,2005,1.575098814229249
RICE_006979,Rice,Nagaland,WOKHA,Kharif,2005,1.4857324032974002
RICE_006980,Rice,Nagaland,WOKHA,Rabi,2005,2.2
RICE_006981,Rice,Nagaland,ZUNHEBOTO,Kharif,2005,1.4812785388127854
RICE_006982,Rice,Odisha,ANUGUL,Autumn,2005,1.04
RICE_006983,Rice,Odisha,ANUGUL,Summer,2005,2.0
RICE_006984,Rice,Odisha,ANUGUL,Winter,2005,1.6470588235294117
RICE_006985,Rice,Odisha,BALANGIR,Autumn,2005,0.7613636363636364
RICE_006986,Rice,Odisha,BALANGIR,Summer,2005,1.6666666666666667
RICE_006987,Rice,Odisha,BALANGIR,Winter,2005,1.6594202898550725
RICE_006988,Rice,Odisha,BALESHWAR,Autumn,2005,2.0
RICE_006989,Rice,Odisha,BALESHWAR,Summer,2005,2.125
RICE_006990,Rice,Odisha,BALESHWAR,Winter,2005,1.425233644859813
RICE_006991,Rice,Odisha,BARGARH,Autumn,2005,0.9838709677419355
RICE_006992,Rice,Odisha,BARGARH,Summer,2005,2.694915254237288
RICE_006993,Rice,Odisha,BARGARH,Winter,2005,1.952662721893491
RICE_006994,Rice,Odisha,BHADRAK,Summer,2005,2.272727272727273
RICE_006995,Rice,Odisha,BHADRAK,Winter,2005,1.8682634730538923
RICE_006996,Rice,Odisha,BOUDH,Autumn,2005,0.9
RICE_006997,Rice,Odisha,BOUDH,Summer,2005,2.0
RICE_006998,Rice,Odisha,BOUDH,Winter,2005,1.631578947368421
RICE_006999,Rice,Odisha,CUTTACK,Autumn,2005,1.5
RICE_007000,Rice,Odisha,CUTTACK,Summer,2005,2.4
RICE_007001,Rice,Odisha,CUTTACK,Winter,2005,2.0074074074074075
RICE_007002,Rice,Odisha,DEOGARH,Autumn,2005,0.9130434782608695
RICE_007003,Rice,Odisha,DEOGARH,Summer,2005,1.3333333333333333
RICE_007004,Rice,Odisha,DEOGARH,Winter,2005,1.5357142857142858
RICE_007005,Rice,Odisha,DHENKANAL,Autumn,2005,1.0
RICE_007006,Rice,Odisha,DHENKANAL,Summer,2005,2.3333333333333335
RICE_007007,Rice,Odisha,DHENKANAL,Winter,2005,1.9711538461538463
RICE_007008,Rice,Odisha,GAJAPATI,Autumn,2005,1.0
RICE_007009,Rice,Odisha,GAJAPATI,Winter,2005,1.4375
RICE_007010,Rice,Odisha,GANJAM,Autumn,2005,1.0
RICE_007011,Rice,Odisha,GANJAM,Summer,2005,1.0
RICE_007012,Rice,Odisha,GANJAM,Winter,2005,1.3699186991869918
RICE_007013,Rice,Odisha,JAGATSINGHAPUR,Autumn,2005,1.6666666666666667
RICE_007014,Rice,Odisha,JAGATSINGHAPUR,Summer,2005,2.0
RICE_007015,Rice,Odisha,JAGATSINGHAPUR,Winter,2005,1.8620689655172413
RICE_007016,Rice,Odisha,JAJAPUR,Autumn,2005,1.2105263157894737
RICE_007017,Rice,Odisha,JAJAPUR,Summer,2005,3.0
RICE_007018,Rice,Odisha,JAJAPUR,Winter,2005,1.805084745762712
RICE_007019,Rice,Odisha,JHARSUGUDA,Autumn,2005,1.0
RICE_007020,Rice,Odisha,JHARSUGUDA,Summer,2005,2.0
RICE_007021,Rice,Odisha,JHARSUGUDA,Winter,2005,2.212121212121212
RICE_007022,Rice,Odisha,KALAHANDI,Autumn,2005,0.6781609195402298
RICE_007023,Rice,Odisha,KALAHANDI,Summer,2005,1.392156862745098
RICE_007024,Rice,Odisha,KALAHANDI,Winter,2005,1.18
RICE_007025,Rice,Odisha,KANDHAMAL,Autumn,2005,0.9230769230769231
RICE_007026,Rice,Odisha,KANDHAMAL,Summer,2005,1.0
RICE_007027,Rice,Odisha,KANDHAMAL,Winter,2005,1.4047619047619047
RICE_007028,Rice,Odisha,KENDRAPARA,Autumn,2005,1.25
RICE_007029,Rice,Odisha,KENDRAPARA,Summer,2005,2.6666666666666665
RICE_007030,Rice,Odisha,KENDRAPARA,Winter,2005,1.6744186046511629
RICE_007031,Rice,Odisha,KENDUJHAR,Autumn,2005,0.8269230769230769
RICE_007032,Rice,Odisha,KENDUJHAR,Summer,2005,2.0
RICE_007033,Rice,Odisha,KENDUJHAR,Winter,2005,1.595890410958904
RICE_007034,Rice,Odisha,KHORDHA,Summer,2005,2.5
RICE_007035,Rice,Odisha,KHORDHA,Winter,2005,1.6460176991150441
RICE_007036,Rice,Odisha,KORAPUT,Autumn,2005,0.8518518518518519
RICE_007037,Rice,Odisha,KORAPUT,Summer,2005,2.3529411764705883
RICE_007038,Rice,Odisha,KORAPUT,Winter,2005,1.702127659574468
RICE_007039,Rice,Odisha,MALKANGIRI,Autumn,2005,1.0833333333333333
RICE_007040,Rice,Odisha,MALKANGIRI,Winter,2005,1.3975903614457832
RICE_007041,Rice,Odisha,MAYURBHANJ,Autumn,2005,0.9245283018867925
RICE_007042,Rice,Odisha,MAYURBHANJ,Summer,2005,1.8571428571428572
RICE_007043,Rice,Odisha,MAYURBHANJ,Winter,2005,1.57421875
RICE_007044,Rice,Odisha,NABARANGPUR,Autumn,2005,0.6
RICE_007045,Rice,Odisha,NABARANGPUR,Summer,2005,2.0
RICE_007046,Rice,Odisha,NABARANGPUR,Winter,2005,1.4227642276422765
RICE_007047,Rice,Odisha,NAYAGARH,Autumn,2005,1.0
RICE_007048,Rice,Odisha,NAYAGARH,Winter,2005,1.5918367346938775
RICE_007049,Rice,Odisha,NUAPADA,Autumn,2005,0.5952380952380952
RICE_007050,Rice,Odisha,NUAPADA,Summer,2005,1.75
RICE_007051,Rice,Odisha,NUAPADA,Winter,2005,1.1639344262295082
RICE_007052,Rice,Odisha,PURI,Autumn,2005,1.0
RICE_007053,Rice,Odisha,PURI,Summer,2005,2.0833333333333335
RICE_007054,Rice,Odisha,PURI,Winter,2005,1.234375
RICE_007055,Rice,Odisha,RAYAGADA,Autumn,2005,0.5714285714285714
RICE_007056,Rice,Odisha,RAYAGADA,Summer,2005,1.4
RICE_007057,Rice,Odisha,RAYAGADA,Winter,2005,1.5384615384615385
RICE_007058,Rice,Odisha,SAMBALPUR,Autumn,2005,1.1818181818181819
RICE_007059,Rice,Odisha,SAMBALPUR,Summer,2005,2.8333333333333335
RICE_007060,Rice,Odisha,SAMBALPUR,Winter,2005,2.146067415730337
RICE_007061,Rice,Odisha,SONEPUR,Autumn,2005,1.2307692307692308
RICE_007062,Rice,Odisha,SONEPUR,Summer,2005,2.4285714285714284
RICE_007063,Rice,Odisha,SONEPUR,Winter,2005,2.1511627906976742
RICE_007064,Rice,Odisha,SUNDARGARH,Autumn,2005,0.7840909090909091
RICE_007065,Rice,Odisha,SUNDARGARH,Summer,2005,2.0
RICE_007066,Rice,Odisha,SUNDARGARH,Winter,2005,1.3821138211382114
RICE_007067,Rice,Puducherry,KARAIKAL,Autumn,2005,2.104424778761062
RICE_007068,Rice,Puducherry,KARAIKAL,Summer,2005,1.1666666666666667
RICE_007069,Rice,Puducherry,KARAIKAL,Winter,2005,1.6210754843019373
RICE_007070,Rice,Puducherry,PONDICHERRY,Autumn,2005,2.967951591214702
RICE_007071,Rice,Puducherry,PONDICHERRY,Summer,2005,2.5200542530517342
RICE_007072,Rice,Puducherry,PONDICHERRY,Winter,2005,2.32496740547588
RICE_007073,Rice,Puducherry,YANAM,Autumn,2005,2.635514018691589
RICE_007074,Rice,Puducherry,YANAM,Winter,2005,4.730769230769231
RICE_007075,Rice,Punjab,AMRITSAR,Kharif,2005,2.907246376811594
RICE_007076,Rice,Punjab,BATHINDA,Kharif,2005,4.052631578947368
RICE_007077,Rice,Punjab,FARIDKOT,Kharif,2005,3.941860465116279
RICE_007078,Rice,Punjab,FATEHGARH SAHIB,Kharif,2005,4.247058823529412
RICE_007079,Rice,Punjab,FIROZEPUR,Kharif,2005,4.0508474576271185
RICE_007080,Rice,Punjab,GURDASPUR,Kharif,2005,3.1052631578947367
RICE_007081,Rice,Punjab,HOSHIARPUR,Kharif,2005,2.9836065573770494
RICE_007082,Rice,Punjab,JALANDHAR,Kharif,2005,3.4834437086092715
RICE_007083,Rice,Punjab,KAPURTHALA,Kharif,2005,3.9074074074074074
RICE_007084,Rice,Punjab,LUDHIANA,Kharif,2005,4.52
RICE_007085,Rice,Punjab,MANSA,Kharif,2005,4.1571428571428575
RICE_007086,Rice,Punjab,MOGA,Kharif,2005,4.401197604790419
RICE_007087,Rice,Punjab,MUKTSAR,Kharif,2005,3.8701298701298703
RICE_007088,Rice,Punjab,NAWANSHAHR,Kharif,2005,3.489795918367347
RICE_007089,Rice,Punjab,PATIALA,Kharif,2005,3.9523809523809526
RICE_007090,Rice,Punjab,RUPNAGAR,Kharif,2005,3.452830188679245
RICE_007091,Rice,Punjab,SANGRUR,Kharif,2005,4.427792915531335
RICE_007092,Rice,Rajasthan,AJMER,Kharif,2005,1.4615384615384615
RICE_007093,Rice,Rajasthan,ALWAR,Kharif,2005,1.4621212121212122
RICE_007094,Rice,Rajasthan,BANSWARA,Kharif,2005,0.6562584767473402
RICE_007095,Rice,Rajasthan,BARAN,Kharif,2005,2.4981631153563555
RICE_007096,Rice,Rajasthan,BHARATPUR,Kharif,2005,2.182600950118765
RICE_007097,Rice,Rajasthan,BHILWARA,Kharif,2005,1.46875
RICE_007098,Rice,Rajasthan,BIKANER,Kharif,2005,1.4705882352941178
RICE_007099,Rice,Rajasthan,BUNDI,Kharif,2005,1.4206873008648158
RICE_007100,Rice,Rajasthan,CHITTORGARH,Kharif,2005,1.466867469879518
RICE_007101,Rice,Rajasthan,DHOLPUR,Kharif,2005,1.4671445639187575
RICE_007102,Rice,Rajasthan,DUNGARPUR,Kharif,2005,0.33063668357786
RICE_007103,Rice,Rajasthan,GANGANAGAR,Kharif,2005,1.6158094580600622
RICE_007104,Rice,Rajasthan,HANUMANGARH,Kharif,2005,3.860038894454594
RICE_007105,Rice,Rajasthan,JHALAWAR,Kharif,2005,1.467315716272601
RICE_007106,Rice,Rajasthan,KARAULI,Kharif,2005,1.224400871459695
RICE_007107,Rice,Rajasthan,KOTA,Kharif,2005,2.3495934959349594
RICE_007108,Rice,Rajasthan,RAJSAMAND,Kharif,2005,1.4698795180722892
RICE_007109,Rice,Rajasthan,SAWAI MADHOPUR,Kharif,2005,1.4666666666666666
RICE_007110,Rice,Rajasthan,SIROHI,Kharif,2005,2.0
RICE_007111,Rice,Rajasthan,TONK,Kharif,2005,1.5
RICE_007112,Rice,Rajasthan,UDAIPUR,Kharif,2005,0.7738980121002593
RICE_007113,Rice,Sikkim,EAST DISTRICT,Kharif,2005,1.5476190476190477
RICE_007114,Rice,Sikkim,NORTH DISTRICT,Kharif,2005,3.0833333333333335
RICE_007115,Rice,Sikkim,SOUTH DISTRICT,Kharif,2005,1.6111111111111112
RICE_007116,Rice,Sikkim,WEST DISTRICT,Kharif,2005,15.127272727272727
RICE_007117,Rice,Tamil Nadu,COIMBATORE,Kharif,2005,2.790305157980016
RICE_007118,Rice,Tamil Nadu,CUDDALORE,Kharif,2005,1.9104303925943424
RICE_007119,Rice,Tamil Nadu,DHARMAPURI,Kharif,2005,2.9421493298418495
RICE_007120,Rice,Tamil Nadu,DINDIGUL,Kharif,2005,3.17269854645039
RICE_007121,Rice,Tamil Nadu,ERODE,Kharif,2005,4.124210477962286
RICE_007122,Rice,Tamil Nadu,KANCHIPURAM,Kharif,2005,2.56167189679219
RICE_007123,Rice,Tamil Nadu,KANNIYAKUMARI,Kharif,2005,3.801326638721268
RICE_007124,Rice,Tamil Nadu,KARUR,Kharif,2005,2.621208827046418
RICE_007125,Rice,Tamil Nadu,KRISHNAGIRI,Kharif,2005,2.6295268425841676
RICE_007126,Rice,Tamil Nadu,MADURAI,Kharif,2005,3.3028903036790807
RICE_007127,Rice,Tamil Nadu,NAGAPATTINAM,Kharif,2005,0.8642441492726123
RICE_007128,Rice,Tamil Nadu,NAMAKKAL,Kharif,2005,3.655763818828652
RICE_007129,Rice,Tamil Nadu,PERAMBALUR,Kharif,2005,2.4930797353760448
RICE_007130,Rice,Tamil Nadu,PUDUKKOTTAI,Kharif,2005,2.4229366782655806
RICE_007131,Rice,Tamil Nadu,RAMANATHAPURAM,Kharif,2005,1.939471721810118
RICE_007132,Rice,Tamil Nadu,SALEM,Kharif,2005,3.6779629232747535
RICE_007133,Rice,Tamil Nadu,SIVAGANGA,Kharif,2005,2.1433432676482362
RICE_007134,Rice,Tamil Nadu,THANJAVUR,Kharif,2005,2.578956882137623
RICE_007135,Rice,Tamil Nadu,THE NILGIRIS,Kharif,2005,3.297902097902098
RICE_007136,Rice,Tamil Nadu,THENI,Kharif,2005,4.159870014018096
RICE_007137,Rice,Tamil Nadu,THIRUVALLUR,Kharif,2005,2.7999876281007072
RICE_007138,Rice,Tamil Nadu,THIRUVARUR,Kharif,2005,1.5595971761329421
RICE_007139,Rice,Tamil Nadu,TIRUCHIRAPPALLI,Kharif,2005,2.975017593244194
RICE_007140,Rice,Tamil Nadu,TIRUNELVELI,Kharif,2005,3.5772654143083673
RICE_007141,Rice,Tamil Nadu,TIRUVANNAMALAI,Kharif,2005,2.75687944852323
RICE_007142,Rice,Tamil Nadu,TUTICORIN,Kharif,2005,4.104756170981337
RICE_007143,Rice,Tamil Nadu,VELLORE,Kharif,2005,2.878995237522136
RICE_007144,Rice,Tamil Nadu,VILLUPURAM,Kharif,2005,3.039338617270757
RICE_007145,Rice,Tamil Nadu,VIRUDHUNAGAR,Kharif,2005,3.199961008578113
RICE_007146,Rice,Telangana,ADILABAD,Kharif,2005,2.5719935338606317
RICE_007147,Rice,Telangana,ADILABAD,Rabi,2005,2.3860130995140505
RICE_007148,Rice,Telangana,KARIMNAGAR,Kharif,2005,3.4129977751923746
RICE_007149,Rice,Telangana,KARIMNAGAR,Rabi,2005,3.438999472436923
RICE_007150,Rice,Telangana,KHAMMAM,Kharif,2005,2.572999749184851
RICE_007151,Rice,Telangana,KHAMMAM,Rabi,2005,2.9700081258772255
RICE_007152,Rice,Telangana,MAHBUBNAGAR,Kharif,2005,2.4629943924726074
RICE_007153,Rice,Telangana,MAHBUBNAGAR,Rabi,2005,2.5530091743119265
RICE_007154,Rice,Telangana,MEDAK,Kharif,2005,2.88499966359416
RICE_007155,Rice,Telangana,MEDAK,Rabi,2005,2.93598233995585
RICE_007156,Rice,Telangana,NALGONDA,Kharif,2005,2.845002869046728
RICE_007157,Rice,Telangana,NALGONDA,Rabi,2005,3.2089981046121103
RICE_007158,Rice,Telangana,NIZAMABAD,Kharif,2005,3.4820046341734883
RICE_007159,Rice,Telangana,NIZAMABAD,Rabi,2005,3.192001262128264
RICE_007160,Rice,Telangana,RANGAREDDI,Kharif,2005,2.785
RICE_007161,Rice,Telangana,RANGAREDDI,Rabi,2005,2.786983669548511
RICE_007162,Rice,Telangana,WARANGAL,Kharif,2005,3.1639977318240873
RICE_007163,Rice,Telangana,WARANGAL,Rabi,2005,3.282994436984462
RICE_007164,Rice,Tripura,DHALAI,Kharif,2005,1.8166036376733297
RICE_007165,Rice,Tripura,NORTH TRIPURA,Kharif,2005,2.4742778931470646
RICE_007166,Rice,Tripura,SOUTH TRIPURA,Kharif,2005,2.618025856559996
RICE_007167,Rice,Tripura,WEST TRIPURA,Kharif,2005,2.3103472044429565
RICE_007168,Rice,Uttar Pradesh,AGRA,Kharif,2005,2.266405484818805
RICE_007169,Rice,Uttar Pradesh,ALIGARH,Kharif,2005,2.086989574283232
RICE_007170,Rice,Uttar Pradesh,ALLAHABAD,Kharif,2005,2.016000426109883
RICE_007171,Rice,Uttar Pradesh,AMBEDKAR NAGAR,Kharif,2005,2.384995719552038
RICE_007172,Rice,Uttar Pradesh,AMROHA,Kharif,2005,2.1239957765229764
RICE_007173,Rice,Uttar Pradesh,AURAIYA,Kharif,2005,2.5189961984280616
RICE_007174,Rice,Uttar Pradesh,AZAMGARH,Kharif,2005,1.7529990772070132
RICE_007175,Rice,Uttar Pradesh,BAGHPAT,Kharif,2005,2.4681063122923588
RICE_007176,Rice,Uttar Pradesh,BAHRAICH,Kharif,2005,1.8829974179878068
RICE_007177,Rice,Uttar Pradesh,BALLIA,Kharif,2005,1.462998489734275
RICE_007178,Rice,Uttar Pradesh,BALRAMPUR,Kharif,2005,1.9550024422012373
RICE_007179,Rice,Uttar Pradesh,BANDA,Kharif,2005,0.8249654218533886
RICE_007180,Rice,Uttar Pradesh,BARABANKI,Kharif,2005,2.3229990297650245
RICE_007181,Rice,Uttar Pradesh,BAREILLY,Kharif,2005,1.887997147539753
RICE_007182,Rice,Uttar Pradesh,BASTI,Kharif,2005,1.661999091169194
RICE_007183,Rice,Uttar Pradesh,BIJNOR,Kharif,2005,2.6119927159209158
RICE_007184,Rice,Uttar Pradesh,BUDAUN,Kharif,2005,1.755998813584458
RICE_007185,Rice,Uttar Pradesh,BULANDSHAHR,Kharif,2005,2.265995957980767
RICE_007186,Rice,Uttar Pradesh,CHANDAULI,Kharif,2005,2.144999494294725
RICE_007187,Rice,Uttar Pradesh,CHITRAKOOT,Kharif,2005,0.7529610829103215
RICE_007188,Rice,Uttar Pradesh,DEORIA,Kharif,2005,1.8130022248897113
RICE_007189,Rice,Uttar Pradesh,ETAH,Kharif,2005,2.209003300330033
RICE_007190,Rice,Uttar Pradesh,ETAWAH,Kharif,2005,2.57800706983854
RICE_007191,Rice,Uttar Pradesh,FAIZABAD,Kharif,2005,2.4930033145171326
RICE_007192,Rice,Uttar Pradesh,FARRUKHABAD,Kharif,2005,2.0890139987827148
RICE_007193,Rice,Uttar Pradesh,FATEHPUR,Kharif,2005,1.6880058146848749
RICE_007194,Rice,Uttar Pradesh,FIROZABAD,Kharif,2005,3.074967089309222
RICE_007195,Rice,Uttar Pradesh,GAUTAM BUDDHA NAGAR,Kharif,2005,2.227022633487558
RICE_007196,Rice,Uttar Pradesh,GHAZIABAD,Kharif,2005,2.3160111716496496
RICE_007197,Rice,Uttar Pradesh,GHAZIPUR,Kharif,2005,1.9249982750293244
RICE_007198,Rice,Uttar Pradesh,GONDA,Kharif,2005,2.011000741963326
RICE_007199,Rice,Uttar Pradesh,GORAKHPUR,Kharif,2005,1.8020001458025436
RICE_007200,Rice,Uttar Pradesh,HAMIRPUR,Kharif,2005,0.7783251231527094
RICE_007201,Rice,Uttar Pradesh,HARDOI,Kharif,2005,2.178998435054773
RICE_007202,Rice,Uttar Pradesh,HATHRAS,Kharif,2005,2.0689877498388136
RICE_007203,Rice,Uttar Pradesh,JALAUN,Kharif,2005,1.0623471882640587
RICE_007204,Rice,Uttar Pradesh,JAUNPUR,Kharif,2005,1.9150035701535166
RICE_007205,Rice,Uttar Pradesh,JHANSI,Kharif,2005,1.8758512310110005
RICE_007206,Rice,Uttar Pradesh,KANNAUJ,Kharif,2005,2.5390009654962142
RICE_007207,Rice,Uttar Pradesh,KANPUR DEHAT,Kharif,2005,2.247004357298475
RICE_007208,Rice,Uttar Pradesh,KANPUR NAGAR,Kharif,2005,1.9979863068868304
RICE_007209,Rice,Uttar Pradesh,KAUSHAMBI,Kharif,2005,1.6560067073901066
RICE_007210,Rice,Uttar Pradesh,KHERI,Kharif,2005,2.2530007608362386
RICE_007211,Rice,Uttar Pradesh,KUSHI NAGAR,Kharif,2005,2.540000831013421
RICE_007212,Rice,Uttar Pradesh,LALITPUR,Kharif,2005,0.6159586681974741
RICE_007213,Rice,Uttar Pradesh,LUCKNOW,Kharif,2005,1.9239978590946223
RICE_007214,Rice,Uttar Pradesh,MAHARAJGANJ,Kharif,2005,2.3360005544459637
RICE_007215,Rice,Uttar Pradesh,MAHOBA,Kharif,2005,0.7758620689655172
RICE_007216,Rice,Uttar Pradesh,MAINPURI,Kharif,2005,2.3520049352251697
RICE_007217,Rice,Uttar Pradesh,MATHURA,Kharif,2005,2.5200121654501215
RICE_007218,Rice,Uttar Pradesh,MAU,Kharif,2005,1.754997953245489
RICE_007219,Rice,Uttar Pradesh,MEERUT,Kharif,2005,2.245995045417011
RICE_007220,Rice,Uttar Pradesh,MIRZAPUR,Kharif,2005,1.4649979728555709
RICE_007221,Rice,Uttar Pradesh,MORADABAD,Kharif,2005,2.033997808276366
RICE_007222,Rice,Uttar Pradesh,MUZAFFARNAGAR,Kharif,2005,2.266999376169682
RICE_007223,Rice,Uttar Pradesh,PILIBHIT,Kharif,2005,2.5049982560396966
RICE_007224,Rice,Uttar Pradesh,PRATAPGARH,Kharif,2005,1.8680010564443104
RICE_007225,Rice,Uttar Pradesh,RAE BARELI,Kharif,2005,2.0560000585086153
RICE_007226,Rice,Uttar Pradesh,RAMPUR,Kharif,2005,1.9880024412289579
RICE_007227,Rice,Uttar Pradesh,SAHARANPUR,Kharif,2005,2.2919982492439916
RICE_007228,Rice,Uttar Pradesh,SANT KABEER NAGAR,Kharif,2005,1.8330051657439366
RICE_007229,Rice,Uttar Pradesh,SANT RAVIDAS NAGAR,Kharif,2005,1.6600126426456399
RICE_007230,Rice,Uttar Pradesh,SHAHJAHANPUR,Kharif,2005,2.1279980828939964
RICE_007231,Rice,Uttar Pradesh,SHRAVASTI,Kharif,2005,1.7950020824656394
RICE_007232,Rice,Uttar Pradesh,SIDDHARTH NAGAR,Kharif,2005,1.6650014149826449
RICE_007233,Rice,Uttar Pradesh,SITAPUR,Kharif,2005,1.66199715334482
RICE_007234,Rice,Uttar Pradesh,SONBHADRA,Kharif,2005,1.0140052973404448
RICE_007235,Rice,Uttar Pradesh,SULTANPUR,Kharif,2005,2.126997407043135
RICE_007236,Rice,Uttar Pradesh,UNNAO,Kharif,2005,1.7170020707723637
RICE_007237,Rice,Uttar Pradesh,VARANASI,Kharif,2005,1.5209947433975808
RICE_007238,Rice,Uttarakhand,ALMORA,Kharif,2005,1.0371487837073354
RICE_007239,Rice,Uttarakhand,BAGESHWAR,Kharif,2005,1.4207274348684629
RICE_007240,Rice,Uttarakhand,CHAMOLI,Kharif,2005,1.4343869263137294
RICE_007241,Rice,Uttarakhand,CHAMPAWAT,Kharif,2005,1.2690792974986695
RICE_007242,Rice,Uttarakhand,DEHRADUN,Kharif,2005,2.079309786130914
RICE_007243,Rice,Uttarakhand,HARIDWAR,Kharif,2005,1.8359106027892864
RICE_007244,Rice,Uttarakhand,NAINITAL,Kharif,2005,2.643131172965472
RICE_007245,Rice,Uttarakhand,NAINITAL,Summer,2005,3.0
RICE_007246,Rice,Uttarakhand,PAURI GARHWAL,Kharif,2005,1.0243116185359302
RICE_007247,Rice,Uttarakhand,PITHORAGARH,Kharif,2005,1.2544941839971802
RICE_007248,Rice,Uttarakhand,RUDRA PRAYAG,Kharif,2005,1.3373253493013972
RICE_007249,Rice,Uttarakhand,TEHRI GARHWAL,Kharif,2005,1.4524827359421244
RICE_007250,Rice,Uttarakhand,UDAM SINGH NAGAR,Kharif,2005,2.650687757909216
RICE_007251,Rice,Uttarakhand,UDAM SINGH NAGAR,Summer,2005,4.778946178199909
RICE_007252,Rice,Uttarakhand,UTTAR KASHI,Kharif,2005,1.625697776907257
RICE_007253,Rice,West Bengal,24 PARAGANAS NORTH,Autumn,2005,2.409411505400044
RICE_007254,Rice,West Bengal,24 PARAGANAS NORTH,Summer,2005,2.937201965347815
RICE_007255,Rice,West Bengal,24 PARAGANAS NORTH,Winter,2005,2.401234872199354
RICE_007256,Rice,West Bengal,24 PARAGANAS SOUTH,Autumn,2005,2.897364771151179
RICE_007257,Rice,West Bengal,24 PARAGANAS SOUTH,Summer,2005,2.8688446710153666
RICE_007258,Rice,West Bengal,24 PARAGANAS SOUTH,Winter,2005,2.011419167804553
RICE_007259,Rice,West Bengal,BANKURA,Autumn,2005,2.4927167482984545
RICE_007260,Rice,West Bengal,BANKURA,Summer,2005,2.3073278756965747
RICE_007261,Rice,West Bengal,BANKURA,Winter,2005,2.679758451508413
RICE_007262,Rice,West Bengal,BARDHAMAN,Autumn,2005,3.046854723038044
RICE_007263,Rice,West Bengal,BARDHAMAN,Summer,2005,2.6950509672188114
RICE_007264,Rice,West Bengal,BARDHAMAN,Winter,2005,3.273148281317417
RICE_007265,Rice,West Bengal,BIRBHUM,Autumn,2005,2.4815593349894898
RICE_007266,Rice,West Bengal,BIRBHUM,Summer,2005,3.1727004668687036
RICE_007267,Rice,West Bengal,BIRBHUM,Winter,2005,3.0158422264338136
RICE_007268,Rice,West Bengal,COOCHBEHAR,Autumn,2005,1.4734042553191489
RICE_007269,Rice,West Bengal,COOCHBEHAR,Summer,2005,2.3721028234302572
RICE_007270,Rice,West Bengal,COOCHBEHAR,Winter,2005,1.9088841561135697
RICE_007271,Rice,West Bengal,DARJEELING,Autumn,2005,1.5914076782449726
RICE_007272,Rice,West Bengal,DARJEELING,Summer,2005,1.8695652173913044
RICE_007273,Rice,West Bengal,DARJEELING,Winter,2005,1.706989154163346
RICE_007274,Rice,West Bengal,DINAJPUR DAKSHIN,Autumn,2005,1.794841414509661
RICE_007275,Rice,West Bengal,DINAJPUR DAKSHIN,Summer,2005,2.740306517114678
RICE_007276,Rice,West Bengal,DINAJPUR DAKSHIN,Winter,2005,2.424204389273454
RICE_007277,Rice,West Bengal,DINAJPUR UTTAR,Autumn,2005,1.5917578879587895
RICE_007278,Rice,West Bengal,DINAJPUR UTTAR,Summer,2005,2.8243063101412584
RICE_007279,Rice,West Bengal,DINAJPUR UTTAR,Winter,2005,2.3126525437159913
RICE_007280,Rice,West Bengal,HOOGHLY,Autumn,2005,2.698014517506405
RICE_007281,Rice,West Bengal,HOOGHLY,Summer,2005,2.688202899358278
RICE_007282,Rice,West Bengal,HOOGHLY,Winter,2005,2.769139628615924
RICE_007283,Rice,West Bengal,HOWRAH,Autumn,2005,2.62882096069869
RICE_007284,Rice,West Bengal,HOWRAH,Summer,2005,2.6237870752307995
RICE_007285,Rice,West Bengal,HOWRAH,Winter,2005,2.0311732270568323
RICE_007286,Rice,West Bengal,JALPAIGURI,Autumn,2005,1.462609223564103
RICE_007287,Rice,West Bengal,JALPAIGURI,Summer,2005,2.2391866721854305
RICE_007288,Rice,West Bengal,JALPAIGURI,Winter,2005,1.5505929134417382
RICE_007289,Rice,West Bengal,MALDAH,Autumn,2005,1.939947399181765
RICE_007290,Rice,West Bengal,MALDAH,Summer,2005,3.423235838578304
RICE_007291,Rice,West Bengal,MALDAH,Winter,2005,2.7155415664279423
RICE_007292,Rice,West Bengal,MEDINIPUR EAST,Autumn,2005,2.092247697169367
RICE_007293,Rice,West Bengal,MEDINIPUR EAST,Summer,2005,3.083635250656626
RICE_007294,Rice,West Bengal,MEDINIPUR EAST,Winter,2005,1.242174584885957
RICE_007295,Rice,West Bengal,MEDINIPUR WEST,Autumn,2005,2.1951897986312834
RICE_007296,Rice,West Bengal,MEDINIPUR WEST,Summer,2005,2.9685085229603136
RICE_007297,Rice,West Bengal,MEDINIPUR WEST,Winter,2005,2.397925529858657
RICE_007298,Rice,West Bengal,MURSHIDABAD,Autumn,2005,2.1700890273145723
RICE_007299,Rice,West Bengal,MURSHIDABAD,Summer,2005,3.440640297488488
RICE_007300,Rice,West Bengal,MURSHIDABAD,Winter,2005,2.766344183138222
RICE_007301,Rice,West Bengal,NADIA,Autumn,2005,2.2042163589532695
RICE_007302,Rice,West Bengal,NADIA,Summer,2005,3.2527873090263246
RICE_007303,Rice,West Bengal,NADIA,Winter,2005,2.5144486930357925
RICE_007304,Rice,West Bengal,PURULIA,Autumn,2005,0.9321295143212951
RICE_007305,Rice,West Bengal,PURULIA,Summer,2005,2.307944307944308
RICE_007306,Rice,West Bengal,PURULIA,Winter,2005,1.985943592655688
RICE_007307,Rice,Andaman and Nicobar Islands,NORTH AND MIDDLE ANDAMAN,Kharif,2006,2.771343536174372
RICE_007308,Rice,Andaman and Nicobar Islands,SOUTH ANDAMANS,Kharif,2006,2.7548786705283823
RICE_007309,Rice,Andhra Pradesh,ANANTAPUR,Kharif,2006,3.0170029978969977
RICE_007310,Rice,Andhra Pradesh,ANANTAPUR,Rabi,2006,2.9479992624008853
RICE_007311,Rice,Andhra Pradesh,CHITTOOR,Kharif,2006,2.493987917179893
RICE_007312,Rice,Andhra Pradesh,CHITTOOR,Rabi,2006,2.9180153614044713
RICE_007313,Rice,Andhra Pradesh,EAST GODAVARI,Kharif,2006,2.4030009213354977
RICE_007314,Rice,Andhra Pradesh,EAST GODAVARI,Rabi,2006,5.0060013138971255
RICE_007315,Rice,Andhra Pradesh,GUNTUR,Kharif,2006,2.716000665193079
RICE_007316,Rice,Andhra Pradesh,GUNTUR,Rabi,2006,3.4889918086613902
RICE_007317,Rice,Andhra Pradesh,KADAPA,Kharif,2006,2.732008208456619
RICE_007318,Rice,Andhra Pradesh,KADAPA,Rabi,2006,2.193916349809886
RICE_007319,Rice,Andhra Pradesh,KRISHNA,Kharif,2006,2.0730015550862455
RICE_007320,Rice,Andhra Pradesh,KRISHNA,Rabi,2006,3.749003816069659
RICE_007321,Rice,Andhra Pradesh,KURNOOL,Kharif,2006,3.3490060972587123
RICE_007322,Rice,Andhra Pradesh,KURNOOL,Rabi,2006,2.9470140280561123
RICE_007323,Rice,Andhra Pradesh,PRAKASAM,Kharif,2006,3.0300065548299386
RICE_007324,Rice,Andhra Pradesh,PRAKASAM,Rabi,2006,3.721001564945227
RICE_007325,Rice,Andhra Pradesh,SPSR NELLORE,Kharif,2006,3.2829978187388646
RICE_007326,Rice,Andhra Pradesh,SPSR NELLORE,Rabi,2006,3.626999444636897
RICE_007327,Rice,Andhra Pradesh,SRIKAKULAM,Kharif,2006,2.5350010825077063
RICE_007328,Rice,Andhra Pradesh,SRIKAKULAM,Rabi,2006,2.108905109489051
RICE_007329,Rice,Andhra Pradesh,VISAKHAPATANAM,Kharif,2006,1.9119968217495409
RICE_007330,Rice,Andhra Pradesh,VISAKHAPATANAM,Rabi,2006,2.027926549349656
RICE_007331,Rice,Andhra Pradesh,VIZIANAGARAM,Kharif,2006,2.396996219732316
RICE_007332,Rice,Andhra Pradesh,VIZIANAGARAM,Rabi,2006,1.803
RICE_007333,Rice,Andhra Pradesh,WEST GODAVARI,Kharif,2006,2.7809987114453016
RICE_007334,Rice,Andhra Pradesh,WEST GODAVARI,Rabi,2006,4.635002436389059
RICE_007335,Rice,Arunachal Pradesh,ANJAW,Kharif,2006,0.7399014778325124
RICE_007336,Rice,Arunachal Pradesh,CHANGLANG,Kharif,2006,1.7131319657567436
RICE_007337,Rice,Arunachal Pradesh,DIBANG VALLEY,Kharif,2006,1.0307692307692307
RICE_007338,Rice,Arunachal Pradesh,EAST KAMENG,Kharif,2006,0.7666059502125075
RICE_007339,Rice,Arunachal Pradesh,EAST SIANG,Kharif,2006,1.5017888406789983
RICE_007340,Rice,Arunachal Pradesh,KURUNG KUMEY,Kharif,2006,0.8491666666666666
RICE_007341,Rice,Arunachal Pradesh,LOHIT,Kharif,2006,1.62
RICE_007342,Rice,Arunachal Pradesh,LOWER DIBANG VALLEY,Kharif,2006,1.3179023845007451
RICE_007343,Rice,Arunachal Pradesh,LOWER SUBANSIRI,Kharif,2006,1.252203671056725
RICE_007344,Rice,Arunachal Pradesh,PAPUM PARE,Kharif,2006,1.48713163064833
RICE_007345,Rice,Arunachal Pradesh,TAWANG,Kharif,2006,1.405194805194805
RICE_007346,Rice,Arunachal Pradesh,TIRAP,Kharif,2006,0.7054318788958148
RICE_007347,Rice,Arunachal Pradesh,UPPER SIANG,Kharif,2006,1.268549019607843
RICE_007348,Rice,Arunachal Pradesh,UPPER SUBANSIRI,Kharif,2006,0.9804415182029435
RICE_007349,Rice,Arunachal Pradesh,WEST KAMENG,Kharif,2006,0.9063231850117096
RICE_007350,Rice,Arunachal Pradesh,WEST SIANG,Kharif,2006,0.8739678757753769
RICE_007351,Rice,Assam,BAKSA,Autumn,2006,0.8846197827329902
RICE_007352,Rice,Assam,BAKSA,Summer,2006,2.017036978880427
RICE_007353,Rice,Assam,BAKSA,Winter,2006,1.3011782737810136
RICE_007354,Rice,Assam,BARPETA,Autumn,2006,0.6445252021331498
RICE_007355,Rice,Assam,BARPETA,Summer,2006,2.166765266548347
RICE_007356,Rice,Assam,BARPETA,Winter,2006,1.0235584876327906
RICE_007357,Rice,Assam,BONGAIGAON,Autumn,2006,0.723360213894519
RICE_007358,Rice,Assam,BONGAIGAON,Summer,2006,1.5589664875927347
RICE_007359,Rice,Assam,BONGAIGAON,Winter,2006,0.9600860347211553
RICE_007360,Rice,Assam,CACHAR,Autumn,2006,1.5587223587223586
RICE_007361,Rice,Assam,CACHAR,Summer,2006,1.035938099501215
RICE_007362,Rice,Assam,CACHAR,Winter,2006,1.684888893844284
RICE_007363,Rice,Assam,CHIRANG,Autumn,2006,0.8846256151083921
RICE_007364,Rice,Assam,CHIRANG,Summer,2006,2.0170348682459407
RICE_007365,Rice,Assam,CHIRANG,Winter,2006,1.3011900755652095
RICE_007366,Rice,Assam,DARRANG,Autumn,2006,1.121746135642717
RICE_007367,Rice,Assam,DARRANG,Summer,2006,2.0559299191374665
RICE_007368,Rice,Assam,DARRANG,Winter,2006,1.4016906820365034
RICE_007369,Rice,Assam,DHEMAJI,Autumn,2006,0.7436232831916285
RICE_007370,Rice,Assam,DHEMAJI,Summer,2006,1.0368543238537435
RICE_007371,Rice,Assam,DHEMAJI,Winter,2006,1.2761246737294643
RICE_007372,Rice,Assam,DHUBRI,Autumn,2006,0.4547906004072423
RICE_007373,Rice,Assam,DHUBRI,Summer,2006,2.980380657887722
RICE_007374,Rice,Assam,DHUBRI,Winter,2006,0.9293527255243704
RICE_007375,Rice,Assam,DIBRUGARH,Autumn,2006,1.2956521739130435
RICE_007376,Rice,Assam,DIBRUGARH,Summer,2006,2.0185185185185186
RICE_007377,Rice,Assam,DIBRUGARH,Winter,2006,1.5454698457223002
RICE_007378,Rice,Assam,DIMA HASAO,Autumn,2006,1.2347644315806399
RICE_007379,Rice,Assam,DIMA HASAO,Summer,2006,2.0
RICE_007380,Rice,Assam,DIMA HASAO,Winter,2006,1.3987105093488073
RICE_007381,Rice,Assam,GOALPARA,Autumn,2006,0.9968448037862354
RICE_007382,Rice,Assam,GOALPARA,Summer,2006,2.28
RICE_007383,Rice,Assam,GOALPARA,Winter,2006,1.1564050632911393
RICE_007384,Rice,Assam,GOLAGHAT,Autumn,2006,1.5725867747656448
RICE_007385,Rice,Assam,GOLAGHAT,Summer,2006,2.0194634402945817
RICE_007386,Rice,Assam,GOLAGHAT,Winter,2006,1.5805003906462924
RICE_007387,Rice,Assam,HAILAKANDI,Autumn,2006,1.8945454545454545
RICE_007388,Rice,Assam,HAILAKANDI,Summer,2006,2.017037037037037
RICE_007389,Rice,Assam,HAILAKANDI,Winter,2006,1.9621282051282052
RICE_007390,Rice,Assam,JORHAT,Autumn,2006,0.6047776726584674
RICE_007391,Rice,Assam,JORHAT,Summer,2006,1.6649282920469362
RICE_007392,Rice,Assam,JORHAT,Winter,2006,1.1801742701901
RICE_007393,Rice,Assam,KAMRUP,Autumn,2006,0.8969271715460925
RICE_007394,Rice,Assam,KAMRUP,Summer,2006,2.217275304318826
RICE_007395,Rice,Assam,KAMRUP,Winter,2006,1.2978835494067524
RICE_007396,Rice,Assam,KAMRUP METRO,Autumn,2006,0.884588318085855
RICE_007397,Rice,Assam,KAMRUP METRO,Summer,2006,2.292943785052824
RICE_007398,Rice,Assam,KAMRUP METRO,Winter,2006,1.2942585417400494
RICE_007399,Rice,Assam,KARBI ANGLONG,Autumn,2006,1.252619546580301
RICE_007400,Rice,Assam,KARBI ANGLONG,Summer,2006,1.1614979520187243
RICE_007401,Rice,Assam,KARBI ANGLONG,Winter,2006,1.467615168890556
RICE_007402,Rice,Assam,KARIMGANJ,Autumn,2006,1.5467241379310346
RICE_007403,Rice,Assam,KARIMGANJ,Summer,2006,1.6170741815167842
RICE_007404,Rice,Assam,KARIMGANJ,Winter,2006,1.9946456692913386
RICE_007405,Rice,Assam,KOKRAJHAR,Autumn,2006,0.9351250176578613
RICE_007406,Rice,Assam,KOKRAJHAR,Summer,2006,1.2988372093023255
RICE_007407,Rice,Assam,KOKRAJHAR,Winter,2006,1.2091777677502893
RICE_007408,Rice,Assam,LAKHIMPUR,Autumn,2006,0.7438069705093834
RICE_007409,Rice,Assam,LAKHIMPUR,Summer,2006,0.7517137602407624
RICE_007410,Rice,Assam,LAKHIMPUR,Winter,2006,0.6713704593050667
RICE_007411,Rice,Assam,MARIGAON,Autumn,2006,0.6603495472731101
RICE_007412,Rice,Assam,MARIGAON,Summer,2006,1.9570009525105456
RICE_007413,Rice,Assam,MARIGAON,Winter,2006,0.5403983234925199
RICE_007414,Rice,Assam,NAGAON,Autumn,2006,1.2374275641285408
RICE_007415,Rice,Assam,NAGAON,Summer,2006,2.172359755613743
RICE_007416,Rice,Assam,NAGAON,Winter,2006,1.3971488923563566
RICE_007417,Rice,Assam,NALBARI,Autumn,2006,0.7960882780494252
RICE_007418,Rice,Assam,NALBARI,Summer,2006,1.937
RICE_007419,Rice,Assam,NALBARI,Winter,2006,1.3011846153846154
RICE_007420,Rice,Assam,SIVASAGAR,Autumn,2006,1.664989939637827
RICE_007421,Rice,Assam,SIVASAGAR,Summer,2006,2.013157894736842
RICE_007422,Rice,Assam,SIVASAGAR,Winter,2006,1.4934809527278026
RICE_007423,Rice,Assam,SONITPUR,Autumn,2006,0.9533539666498232
RICE_007424,Rice,Assam,SONITPUR,Summer,2006,1.5871209168160911
RICE_007425,Rice,Assam,SONITPUR,Winter,2006,0.9545657715120984
RICE_007426,Rice,Assam,TINSUKIA,Autumn,2006,1.021881390593047
RICE_007427,Rice,Assam,TINSUKIA,Summer,2006,2.0
RICE_007428,Rice,Assam,TINSUKIA,Winter,2006,1.2731332264976503
RICE_007429,Rice,Assam,UDALGURI,Autumn,2006,0.5894215217316494
RICE_007430,Rice,Assam,UDALGURI,Summer,2006,1.7030358176854992
RICE_007431,Rice,Assam,UDALGURI,Winter,2006,0.6895115092177898
RICE_007432,Rice,Bihar,ARARIA,Autumn,2006,1.1055992495851072
RICE_007433,Rice,Bihar,ARARIA,Summer,2006,1.4907746705239473
RICE_007434,Rice,Bihar,ARARIA,Winter,2006,0.9301742759474027
RICE_007435,Rice,Bihar,AURANGABAD,Winter,2006,2.598271519812076
RICE_007436,Rice,Bihar,BANKA,Winter,2006,2.5954701344678113
RICE_007437,Rice,Bihar,BEGUSARAI,Autumn,2006,0.7979834353619013
RICE_007438,Rice,Bihar,BEGUSARAI,Summer,2006,1.2679127725856698
RICE_007439,Rice,Bihar,BEGUSARAI,Winter,2006,1.565460809646856
RICE_007440,Rice,Bihar,BHAGALPUR,Autumn,2006,1.0
RICE_007441,Rice,Bihar,BHAGALPUR,Summer,2006,1.3903133903133904
RICE_007442,Rice,Bihar,BHAGALPUR,Winter,2006,2.4234699388623646
RICE_007443,Rice,Bihar,BHOJPUR,Autumn,2006,1.061705989110708
RICE_007444,Rice,Bihar,BHOJPUR,Summer,2006,1.3026315789473684
RICE_007445,Rice,Bihar,BHOJPUR,Winter,2006,2.665637120256522
RICE_007446,Rice,Bihar,BUXAR,Autumn,2006,0.9493670886075949
RICE_007447,Rice,Bihar,BUXAR,Winter,2006,2.2678001867640103
RICE_007448,Rice,Bihar,DARBHANGA,Autumn,2006,0.9210706684463043
RICE_007449,Rice,Bihar,DARBHANGA,Summer,2006,1.5066096423017108
RICE_007450,Rice,Bihar,DARBHANGA,Winter,2006,0.8083344553655581
RICE_007451,Rice,Bihar,GAYA,Autumn,2006,0.9578163771712159
RICE_007452,Rice,Bihar,GAYA,Summer,2006,1.3636363636363635
RICE_007453,Rice,Bihar,GAYA,Winter,2006,1.4884636290367927
RICE_007454,Rice,Bihar,GOPALGANJ,Autumn,2006,1.252416112571517
RICE_007455,Rice,Bihar,GOPALGANJ,Winter,2006,1.045667982547268
RICE_007456,Rice,Bihar,JAMUI,Winter,2006,1.764342102646702
RICE_007457,Rice,Bihar,JEHANABAD,Summer,2006,1.2857142857142858
RICE_007458,Rice,Bihar,JEHANABAD,Winter,2006,1.841913283675469
RICE_007459,Rice,Bihar,KAIMUR (BHABUA),Winter,2006,2.3354164162961184
RICE_007460,Rice,Bihar,KATIHAR,Autumn,2006,0.8010037093606808
RICE_007461,Rice,Bihar,KATIHAR,Summer,2006,1.4125105155630333
RICE_007462,Rice,Bihar,KATIHAR,Winter,2006,1.3201386611701877
RICE_007463,Rice,Bihar,KHAGARIA,Autumn,2006,0.8523358001850139
RICE_007464,Rice,Bihar,KHAGARIA,Summer,2006,1.375
RICE_007465,Rice,Bihar,KHAGARIA,Winter,2006,0.8557337549883292
RICE_007466,Rice,Bihar,KISHANGANJ,Autumn,2006,0.7096258394627438
RICE_007467,Rice,Bihar,KISHANGANJ,Summer,2006,1.3568605826670344
RICE_007468,Rice,Bihar,KISHANGANJ,Winter,2006,0.8524141942990111
RICE_007469,Rice,Bihar,LAKHISARAI,Winter,2006,2.295636215334421
RICE_007470,Rice,Bihar,MADHEPURA,Autumn,2006,1.1748455323193916
RICE_007471,Rice,Bihar,MADHEPURA,Summer,2006,1.5970571590265987
RICE_007472,Rice,Bihar,MADHEPURA,Winter,2006,1.1241580375992761
RICE_007473,Rice,Bihar,MADHUBANI,Autumn,2006,0.9940570656761776
RICE_007474,Rice,Bihar,MADHUBANI,Summer,2006,1.2835751052877866
RICE_007475,Rice,Bihar,MADHUBANI,Winter,2006,0.8587323179505728
RICE_007476,Rice,Bihar,MUNGER,Autumn,2006,0.883453237410072
RICE_007477,Rice,Bihar,MUNGER,Winter,2006,2.0141483703804717
RICE_007478,Rice,Bihar,MUZAFFARPUR,Autumn,2006,0.6525967010012245
RICE_007479,Rice,Bihar,MUZAFFARPUR,Winter,2006,0.6938294612538191
RICE_007480,Rice,Bihar,NALANDA,Autumn,2006,1.0857142857142856
RICE_007481,Rice,Bihar,NALANDA,Winter,2006,2.382884111169376
RICE_007482,Rice,Bihar,NAWADA,Summer,2006,1.5
RICE_007483,Rice,Bihar,NAWADA,Winter,2006,2.0146509153411727
RICE_007484,Rice,Bihar,PASHCHIM CHAMPARAN,Autumn,2006,1.328373031764084
RICE_007485,Rice,Bihar,PASHCHIM CHAMPARAN,Summer,2006,1.5053169734151328
RICE_007486,Rice,Bihar,PASHCHIM CHAMPARAN,Winter,2006,0.7264737206729328
RICE_007487,Rice,Bihar,PATNA,Autumn,2006,0.9523809523809523
RICE_007488,Rice,Bihar,PATNA,Winter,2006,1.6429080138821375
RICE_007489,Rice,Bihar,PURBI CHAMPARAN,Autumn,2006,0.9241427775862526
RICE_007490,Rice,Bihar,PURBI CHAMPARAN,Summer,2006,1.5486725663716814
RICE_007491,Rice,Bihar,PURBI CHAMPARAN,Winter,2006,0.7006349021435229
RICE_007492,Rice,Bihar,PURNIA,Autumn,2006,0.7529996685449122
RICE_007493,Rice,Bihar,PURNIA,Summer,2006,1.7719929933826393
RICE_007494,Rice,Bihar,PURNIA,Winter,2006,0.7987394291155598
RICE_007495,Rice,Bihar,ROHTAS,Autumn,2006,0.9
RICE_007496,Rice,Bihar,ROHTAS,Summer,2006,1.4
RICE_007497,Rice,Bihar,ROHTAS,Winter,2006,2.8093319563363877
RICE_007498,Rice,Bihar,SAHARSA,Autumn,2006,0.9370403948826433
RICE_007499,Rice,Bihar,SAHARSA,Summer,2006,1.2679906542056074
RICE_007500,Rice,Bihar,SAHARSA,Winter,2006,0.9810552463604062
RICE_007501,Rice,Bihar,SAMASTIPUR,Autumn,2006,0.7982862516980738
RICE_007502,Rice,Bihar,SAMASTIPUR,Summer,2006,1.7512
RICE_007503,Rice,Bihar,SAMASTIPUR,Winter,2006,0.41167854216837557
RICE_007504,Rice,Bihar,SARAN,Autumn,2006,1.3907060231352213
RICE_007505,Rice,Bihar,SARAN,Summer,2006,1.5301204819277108
RICE_007506,Rice,Bihar,SARAN,Winter,2006,1.0893156351450413
RICE_007507,Rice,Bihar,SHEIKHPURA,Winter,2006,2.399368988855529
RICE_007508,Rice,Bihar,SHEOHAR,Autumn,2006,0.5416445623342175
RICE_007509,Rice,Bihar,SHEOHAR,Winter,2006,0.5180141701422039
RICE_007510,Rice,Bihar,SITAMARHI,Autumn,2006,0.7541915316851379
RICE_007511,Rice,Bihar,SITAMARHI,Summer,2006,1.4411149825783973
RICE_007512,Rice,Bihar,SITAMARHI,Winter,2006,0.663536440690079
RICE_007513,Rice,Bihar,SIWAN,Autumn,2006,1.0422268971614987
RICE_007514,Rice,Bihar,SIWAN,Winter,2006,1.5444445946128582
RICE_007515,Rice,Bihar,SUPAUL,Autumn,2006,1.2440153268333396
RICE_007516,Rice,Bihar,SUPAUL,Summer,2006,1.500979431929481
RICE_007517,Rice,Bihar,SUPAUL,Winter,2006,1.142366444190008
RICE_007518,Rice,Bihar,VAISHALI,Autumn,2006,1.168
RICE_007519,Rice,Bihar,VAISHALI,Summer,2006,1.5308056872037914
RICE_007520,Rice,Bihar,VAISHALI,Winter,2006,0.6861864925525403
RICE_007521,Rice,Chandigarh,CHANDIGARH,Kharif,2006,5.0
RICE_007522,Rice,Chhattisgarh,BASTAR,Kharif,2006,1.3596046788015261
RICE_007523,Rice,Chhattisgarh,BILASPUR,Kharif,2006,1.4258232529470682
RICE_007524,Rice,Chhattisgarh,DANTEWADA,Kharif,2006,1.783763687981614
RICE_007525,Rice,Chhattisgarh,DHAMTARI,Kharif,2006,2.005312093111395
RICE_007526,Rice,Chhattisgarh,DURG,Kharif,2006,1.4619747033172066
RICE_007527,Rice,Chhattisgarh,JANJGIR-CHAMPA,Kharif,2006,1.8955312710636893
RICE_007528,Rice,Chhattisgarh,JASHPUR,Kharif,2006,1.0464757721467037
RICE_007529,Rice,Chhattisgarh,KABIRDHAM,Kharif,2006,1.399679007292351
RICE_007530,Rice,Chhattisgarh,KANKER,Kharif,2006,1.7703668971984527
RICE_007531,Rice,Chhattisgarh,KORBA,Kharif,2006,0.8722838702629878
RICE_007532,Rice,Chhattisgarh,KOREA,Kharif,2006,0.9342962014991492
RICE_007533,Rice,Chhattisgarh,MAHASAMUND,Kharif,2006,1.289586838661432
RICE_007534,Rice,Chhattisgarh,RAIGARH,Kharif,2006,1.2764404694617149
RICE_007535,Rice,Chhattisgarh,RAIPUR,Kharif,2006,1.4707631447957874
RICE_007536,Rice,Chhattisgarh,RAJNANDGAON,Kharif,2006,1.34593013418958
RICE_007537,Rice,Chhattisgarh,SURGUJA,Kharif,2006,1.1021967800098116
RICE_007538,Rice,Dadra and Nagar Haveli,DADRA AND NAGAR HAVELI,Kharif,2006,2.2139978297938305
RICE_007539,Rice,Dadra and Nagar Haveli,DADRA AND NAGAR HAVELI,Rabi,2006,2.38
RICE_007540,Rice,Goa,NORTH GOA,Kharif,2006,2.6331891223733
RICE_007541,Rice,Goa,SOUTH GOA,Kharif,2006,2.190017182850677
RICE_007542,Rice,Gujarat,AHMADABAD,Kharif,2006,1.8376156217882837
RICE_007543,Rice,Gujarat,AHMADABAD,Summer,2006,2.892857142857143
RICE_007544,Rice,Gujarat,ANAND,Kharif,2006,1.729281767955801
RICE_007545,Rice,Gujarat,ANAND,Summer,2006,2.7049180327868854
RICE_007546,Rice,Gujarat,BHARUCH,Kharif,2006,1.4476190476190476
RICE_007547,Rice,Gujarat,BHARUCH,Summer,2006,2.75
RICE_007548,Rice,Gujarat,DANG,Kharif,2006,1.2071005917159763
RICE_007549,Rice,Gujarat,DOHAD,Kharif,2006,0.8468271334792122
RICE_007550,Rice,Gujarat,GANDHINAGAR,Kharif,2006,2.265486725663717
RICE_007551,Rice,Gujarat,GANDHINAGAR,Summer,2006,2.8666666666666667
RICE_007552,Rice,Gujarat,KHEDA,Kharif,2006,1.8322510822510822
RICE_007553,Rice,Gujarat,KHEDA,Summer,2006,2.810126582278481
RICE_007554,Rice,Gujarat,MAHESANA,Kharif,2006,2.0617283950617282
RICE_007555,Rice,Gujarat,NARMADA,Kharif,2006,0.7461538461538462
RICE_007556,Rice,Gujarat,NAVSARI,Kharif,2006,2.278551532033426
RICE_007557,Rice,Gujarat,NAVSARI,Summer,2006,3.0317460317460316
RICE_007558,Rice,Gujarat,PANCH MAHALS,Kharif,2006,0.71045197740113
RICE_007559,Rice,Gujarat,PANCH MAHALS,Summer,2006,3.0
RICE_007560,Rice,Gujarat,SABAR KANTHA,Kharif,2006,1.7901234567901234
RICE_007561,Rice,Gujarat,SURAT,Kharif,2006,1.9862258953168044
RICE_007562,Rice,Gujarat,SURAT,Summer,2006,2.823529411764706
RICE_007563,Rice,Gujarat,SURENDRANAGAR,Kharif,2006,1.8
RICE_007564,Rice,Gujarat,VADODARA,Kharif,2006,1.1595959595959595
RICE_007565,Rice,Gujarat,VALSAD,Kharif,2006,1.907114624505929
RICE_007566,Rice,Gujarat,VALSAD,Summer,2006,2.8333333333333335
RICE_007567,Rice,Haryana,AMBALA,Kharif,2006,3.4461359705295957
RICE_007568,Rice,Haryana,BHIWANI,Kharif,2006,1.9025318308210157
RICE_007569,Rice,Haryana,FARIDABAD,Kharif,2006,3.0701754385964914
RICE_007570,Rice,Haryana,FATEHABAD,Kharif,2006,4.452753714196007
RICE_007571,Rice,Haryana,GURGAON,Kharif,2006,2.5839793281653747
RICE_007572,Rice,Haryana,HISAR,Kharif,2006,2.664172547685854
RICE_007573,Rice,Haryana,JHAJJAR,Kharif,2006,1.8012783265543288
RICE_007574,Rice,Haryana,JIND,Kharif,2006,2.6462083462264854
RICE_007575,Rice,Haryana,KAITHAL,Kharif,2006,3.1400404952368306
RICE_007576,Rice,Haryana,KARNAL,Kharif,2006,3.3273164861612514
RICE_007577,Rice,Haryana,KURUKSHETRA,Kharif,2006,4.0385497934832495
RICE_007578,Rice,Haryana,MEWAT,Kharif,2006,1.852537977028529
RICE_007579,Rice,Haryana,PANCHKULA,Kharif,2006,3.8147138964577656
RICE_007580,Rice,Haryana,PANIPAT,Kharif,2006,2.7410034333187334
RICE_007581,Rice,Haryana,REWARI,Kharif,2006,3.8071065989847717
RICE_007582,Rice,Haryana,ROHTAK,Kharif,2006,1.833044339856329
RICE_007583,Rice,Haryana,SIRSA,Kharif,2006,3.767248616881579
RICE_007584,Rice,Haryana,SONIPAT,Kharif,2006,2.6228541958299565
RICE_007585,Rice,Haryana,YAMUNANAGAR,Kharif,2006,3.587126761986561
RICE_007586,Rice,Himachal Pradesh,BILASPUR,Kharif,2006,2.5950134770889486
RICE_007587,Rice,Himachal Pradesh,CHAMBA,Kharif,2006,1.4787234042553192
RICE_007588,Rice,Himachal Pradesh,HAMIRPUR,Kharif,2006,1.5
RICE_007589,Rice,Himachal Pradesh,KANGRA,Kharif,2006,1.4145615089213406
RICE_007590,Rice,Himachal Pradesh,KINNAUR,Kharif,2006,1.5714285714285714
RICE_007591,Rice,Himachal Pradesh,KULLU,Kharif,2006,1.30446549391069
RICE_007592,Rice,Himachal Pradesh,MANDI,Kharif,2006,1.3834202187468057
RICE_007593,Rice,Himachal Pradesh,SHIMLA,Kharif,2006,1.1429436705027256
RICE_007594,Rice,Himachal Pradesh,SIRMAUR,Kharif,2006,2.2545045045045047
RICE_007595,Rice,Himachal Pradesh,SOLAN,Kharif,2006,2.36685369011653
RICE_007596,Rice,Himachal Pradesh,UNA,Kharif,2006,2.2591093117408905
RICE_007597,Rice,Jharkhand,BOKARO,Autumn,2006,0.8603154873969547
RICE_007598,Rice,Jharkhand,BOKARO,Winter,2006,0.738682791305769
RICE_007599,Rice,Jharkhand,CHATRA,Autumn,2006,0.8599272520104302
RICE_007600,Rice,Jharkhand,CHATRA,Winter,2006,1.1953154675346158
RICE_007601,Rice,Jharkhand,DEOGHAR,Autumn,2006,0.958106399383192
RICE_007602,Rice,Jharkhand,DEOGHAR,Winter,2006,1.8653353740440115
RICE_007603,Rice,Jharkhand,DHANBAD,Autumn,2006,0.960431654676259
RICE_007604,Rice,Jharkhand,DHANBAD,Winter,2006,1.7673327376338348
RICE_007605,Rice,Jharkhand,DUMKA,Autumn,2006,1.0473185177315796
RICE_007606,Rice,Jharkhand,DUMKA,Winter,2006,1.2800054082229897
RICE_007607,Rice,Jharkhand,EAST SINGHBUM,Autumn,2006,0.810781019722473
RICE_007608,Rice,Jharkhand,EAST SINGHBUM,Winter,2006,1.0540018760031533
RICE_007609,Rice,Jharkhand,GARHWA,Autumn,2006,0.7660362503143151
RICE_007610,Rice,Jharkhand,GARHWA,Winter,2006,0.8860132213413157
RICE_007611,Rice,Jharkhand,GIRIDIH,Autumn,2006,0.9966490404070257
RICE_007612,Rice,Jharkhand,GIRIDIH,Winter,2006,1.37333148460627
RICE_007613,Rice,Jharkhand,GODDA,Autumn,2006,1.351293816233842
RICE_007614,Rice,Jharkhand,GODDA,Winter,2006,1.5520057591295118
RICE_007615,Rice,Jharkhand,GUMLA,Autumn,2006,0.681995643441052
RICE_007616,Rice,Jharkhand,GUMLA,Winter,2006,0.6886634280797068
RICE_007617,Rice,Jharkhand,HAZARIBAGH,Autumn,2006,0.7731780429483994
RICE_007618,Rice,Jharkhand,HAZARIBAGH,Winter,2006,1.271329077256644
RICE_007619,Rice,Jharkhand,JAMTARA,Autumn,2006,1.1111111111111112
RICE_007620,Rice,Jharkhand,JAMTARA,Winter,2006,1.9913281560274096
RICE_007621,Rice,Jharkhand,KODERMA,Autumn,2006,0.8597243491577335
RICE_007622,Rice,Jharkhand,KODERMA,Winter,2006,1.1126749505688107
RICE_007623,Rice,Jharkhand,LATEHAR,Autumn,2006,0.6553311472198625
RICE_007624,Rice,Jharkhand,LATEHAR,Winter,2006,0.9200203117635289
RICE_007625,Rice,Jharkhand,LOHARDAGA,Autumn,2006,10.474666728946524
RICE_007626,Rice,Jharkhand,LOHARDAGA,Winter,2006,1.3760040537589289
RICE_007627,Rice,Jharkhand,PAKUR,Autumn,2006,0.6853017933748974
RICE_007628,Rice,Jharkhand,PAKUR,Winter,2006,0.9926687561541808
RICE_007629,Rice,Jharkhand,PALAMU,Autumn,2006,0.7079540407040528
RICE_007630,Rice,Jharkhand,PALAMU,Winter,2006,1.3006583980081003
RICE_007631,Rice,Jharkhand,RANCHI,Autumn,2006,0.7406641545684417
RICE_007632,Rice,Jharkhand,RANCHI,Winter,2006,1.2753324923883764
RICE_007633,Rice,Jharkhand,SAHEBGANJ,Autumn,2006,1.1113576685528312
RICE_007634,Rice,Jharkhand,SAHEBGANJ,Winter,2006,0.6926659019256184
RICE_007635,Rice,Jharkhand,SARAIKELA KHARSAWAN,Autumn,2006,0.5790462229144715
RICE_007636,Rice,Jharkhand,SARAIKELA KHARSAWAN,Winter,2006,1.5366640610958113
RICE_007637,Rice,Jharkhand,SIMDEGA,Autumn,2006,0.546654450058065
RICE_007638,Rice,Jharkhand,SIMDEGA,Winter,2006,0.7179918305434801
RICE_007639,Rice,Jharkhand,WEST SINGHBHUM,Autumn,2006,0.49466207053116434
RICE_007640,Rice,Jharkhand,WEST SINGHBHUM,Winter,2006,0.9779991870605168
RICE_007641,Rice,Karnataka,BAGALKOT,Kharif,2006,2.8974358974358974
RICE_007642,Rice,Karnataka,BANGALORE RURAL,Kharif,2006,2.0325613079019074
RICE_007643,Rice,Karnataka,BANGALORE RURAL,Rabi,2006,2.3076923076923075
RICE_007644,Rice,Karnataka,BANGALORE RURAL,Summer,2006,0.7719546742209632
RICE_007645,Rice,Karnataka,BELGAUM,Kharif,2006,1.4771076775948118
RICE_007646,Rice,Karnataka,BELGAUM,Summer,2006,2.8785714285714286
RICE_007647,Rice,Karnataka,BELLARY,Kharif,2006,3.082753112095729
RICE_007648,Rice,Karnataka,BELLARY,Rabi,2006,4.777480788506515
RICE_007649,Rice,Karnataka,BELLARY,Summer,2006,3.533041695146958
RICE_007650,Rice,Karnataka,BENGALURU URBAN,Kharif,2006,2.6897338403041826
RICE_007651,Rice,Karnataka,BENGALURU URBAN,Summer,2006,3.1310592459605027
RICE_007652,Rice,Karnataka,BIDAR,Kharif,2006,0.6286562102585841
RICE_007653,Rice,Karnataka,BIDAR,Rabi,2006,1.71875
RICE_007654,Rice,Karnataka,BIJAPUR,Kharif,2006,2.1470588235294117
RICE_007655,Rice,Karnataka,BIJAPUR,Rabi,2006,1.7
RICE_007656,Rice,Karnataka,CHAMARAJANAGAR,Kharif,2006,2.870867495371595
RICE_007657,Rice,Karnataka,CHAMARAJANAGAR,Rabi,2006,2.5357142857142856
RICE_007658,Rice,Karnataka,CHAMARAJANAGAR,Summer,2006,2.268700787401575
RICE_007659,Rice,Karnataka,CHIKMAGALUR,Kharif,2006,2.436667537215983
RICE_007660,Rice,Karnataka,CHIKMAGALUR,Summer,2006,2.6979225154407636
RICE_007661,Rice,Karnataka,CHITRADURGA,Kharif,2006,2.3569450853714815
RICE_007662,Rice,Karnataka,CHITRADURGA,Rabi,2006,1.5616561656165617
RICE_007663,Rice,Karnataka,CHITRADURGA,Summer,2006,2.5743611227482197
RICE_007664,Rice,Karnataka,DAKSHIN KANNAD,Kharif,2006,2.5735871864611664
RICE_007665,Rice,Karnataka,DAKSHIN KANNAD,Rabi,2006,2.1402836685365076
RICE_007666,Rice,Karnataka,DAKSHIN KANNAD,Summer,2006,2.2802986789201607
RICE_007667,Rice,Karnataka,DAVANGERE,Kharif,2006,3.3580560853288124
RICE_007668,Rice,Karnataka,DAVANGERE,Summer,2006,3.530201096221884
RICE_007669,Rice,Karnataka,DHARWAD,Kharif,2006,1.3253100822792583
RICE_007670,Rice,Karnataka,DHARWAD,Summer,2006,2.856115107913669
RICE_007671,Rice,Karnataka,GADAG,Kharif,2006,2.7571906354515052
RICE_007672,Rice,Karnataka,GADAG,Summer,2006,1.5390713476783693
RICE_007673,Rice,Karnataka,GULBARGA,Kharif,2006,2.2370818134445023
RICE_007674,Rice,Karnataka,GULBARGA,Rabi,2006,1.3082369601132877
RICE_007675,Rice,Karnataka,GULBARGA,Summer,2006,2.167908423967343
RICE_007676,Rice,Karnataka,HASSAN,Kharif,2006,2.4196879444318484
RICE_007677,Rice,Karnataka,HASSAN,Rabi,2006,2.5308310991957104
RICE_007678,Rice,Karnataka,HASSAN,Summer,2006,2.863157894736842
RICE_007679,Rice,Karnataka,HAVERI,Kharif,2006,1.8957812285282396
RICE_007680,Rice,Karnataka,HAVERI,Summer,2006,3.379255989911728
RICE_007681,Rice,Karnataka,KODAGU,Kharif,2006,2.465916379963846
RICE_007682,Rice,Karnataka,KODAGU,Rabi,2006,2.2666666666666666
RICE_007683,Rice,Karnataka,KODAGU,Summer,2006,2.3029315960912053
RICE_007684,Rice,Karnataka,KOLAR,Kharif,2006,1.863879186357099
RICE_007685,Rice,Karnataka,KOLAR,Summer,2006,2.7044145873320535
RICE_007686,Rice,Karnataka,KOPPAL,Kharif,2006,3.553482774183842
RICE_007687,Rice,Karnataka,KOPPAL,Summer,2006,2.710359640909842
RICE_007688,Rice,Karnataka,MANDYA,Kharif,2006,3.016230615881305
RICE_007689,Rice,Karnataka,MANDYA,Rabi,2006,2.8461538461538463
RICE_007690,Rice,Karnataka,MANDYA,Summer,2006,3.0095734744707348
RICE_007691,Rice,Karnataka,MYSORE,Kharif,2006,2.7388120342476614
RICE_007692,Rice,Karnataka,MYSORE,Rabi,2006,2.301980198019802
RICE_007693,Rice,Karnataka,MYSORE,Summer,2006,3.059036144578313
RICE_007694,Rice,Karnataka,RAICHUR,Kharif,2006,3.4964798233778978
RICE_007695,Rice,Karnataka,RAICHUR,Summer,2006,2.3170454141327927
RICE_007696,Rice,Karnataka,SHIMOGA,Kharif,2006,2.275922820934013
RICE_007697,Rice,Karnataka,SHIMOGA,Summer,2006,3.1149516097175587
RICE_007698,Rice,Karnataka,TUMKUR,Kharif,2006,2.3669559384563787
RICE_007699,Rice,Karnataka,TUMKUR,Rabi,2006,2.3
RICE_007700,Rice,Karnataka,TUMKUR,Summer,2006,3.588094764085208
RICE_007701,Rice,Karnataka,UDUPI,Kharif,2006,2.565728750851913
RICE_007702,Rice,Karnataka,UDUPI,Rabi,2006,2.216275659824047
RICE_007703,Rice,Karnataka,UDUPI,Summer,2006,2.525
RICE_007704,Rice,Karnataka,UTTAR KANNAD,Kharif,2006,1.9853139575222603
RICE_007705,Rice,Karnataka,UTTAR KANNAD,Rabi,2006,2.5044432828018817
RICE_007706,Rice,Karnataka,UTTAR KANNAD,Summer,2006,2.5776699029126213
RICE_007707,Rice,Kerala,ALAPPUZHA,Autumn,2006,2.9348169607584937
RICE_007708,Rice,Kerala,ALAPPUZHA,Summer,2006,2.8415557830092117
RICE_007709,Rice,Kerala,ALAPPUZHA,Winter,2006,2.9286653037383177
RICE_007710,Rice,Kerala,ERNAKULAM,Autumn,2006,1.9222996515679442
RICE_007711,Rice,Kerala,ERNAKULAM,Summer,2006,1.805295315682281
RICE_007712,Rice,Kerala,ERNAKULAM,Winter,2006,2.0832846715328466
RICE_007713,Rice,Kerala,IDUKKI,Autumn,2006,2.755581668625147
RICE_007714,Rice,Kerala,IDUKKI,Summer,2006,2.622119815668203
RICE_007715,Rice,Kerala,IDUKKI,Winter,2006,2.537569060773481
RICE_007716,Rice,Kerala,KANNUR,Autumn,2006,1.8976531942633637
RICE_007717,Rice,Kerala,KANNUR,Summer,2006,1.2244897959183674
RICE_007718,Rice,Kerala,KANNUR,Winter,2006,2.0574601641718977
RICE_007719,Rice,Kerala,KASARAGOD,Autumn,2006,2.3832248734634853
RICE_007720,Rice,Kerala,KASARAGOD,Summer,2006,2.148936170212766
RICE_007721,Rice,Kerala,KASARAGOD,Winter,2006,2.1722245673279863
RICE_007722,Rice,Kerala,KOLLAM,Autumn,2006,2.41733746130031
RICE_007723,Rice,Kerala,KOLLAM,Summer,2006,1.3333333333333333
RICE_007724,Rice,Kerala,KOLLAM,Winter,2006,2.2356277391080175
RICE_007725,Rice,Kerala,KOTTAYAM,Autumn,2006,2.5950831525668834
RICE_007726,Rice,Kerala,KOTTAYAM,Summer,2006,2.7200803946647176
RICE_007727,Rice,Kerala,KOTTAYAM,Winter,2006,2.3606870229007635
RICE_007728,Rice,Kerala,KOZHIKODE,Autumn,2006,1.3457627118644069
RICE_007729,Rice,Kerala,KOZHIKODE,Summer,2006,1.6637478108581436
RICE_007730,Rice,Kerala,KOZHIKODE,Winter,2006,1.383785360163313
RICE_007731,Rice,Kerala,MALAPPURAM,Autumn,2006,2.1986616478460896
RICE_007732,Rice,Kerala,MALAPPURAM,Summer,2006,3.457680250783699
RICE_007733,Rice,Kerala,MALAPPURAM,Winter,2006,1.9576271186440677
RICE_007734,Rice,Kerala,PALAKKAD,Autumn,2006,2.2651261165987893
RICE_007735,Rice,Kerala,PALAKKAD,Summer,2006,2.8908045977011496
RICE_007736,Rice,Kerala,PALAKKAD,Winter,2006,2.587626757562846
RICE_007737,Rice,Kerala,PATHANAMTHITTA,Autumn,2006,2.391304347826087
RICE_007738,Rice,Kerala,PATHANAMTHITTA,Summer,2006,3.2857142857142856
RICE_007739,Rice,Kerala,PATHANAMTHITTA,Winter,2006,2.3870292887029287
RICE_007740,Rice,Kerala,THIRUVANANTHAPURAM,Autumn,2006,2.5673556664290804
RICE_007741,Rice,Kerala,THIRUVANANTHAPURAM,Summer,2006,2.5616438356164384
RICE_007742,Rice,Kerala,THIRUVANANTHAPURAM,Winter,2006,2.649810366624526
RICE_007743,Rice,Kerala,THRISSUR,Autumn,2006,1.8272406754499908
RICE_007744,Rice,Kerala,THRISSUR,Summer,2006,3.461316593145572
RICE_007745,Rice,Kerala,THRISSUR,Winter,2006,2.1704517095083604
RICE_007746,Rice,Kerala,WAYANAD,Summer,2006,2.963381379041683
RICE_007747,Rice,Kerala,WAYANAD,Winter,2006,2.4948731786292497
RICE_007748,Rice,Madhya Pradesh,ANUPPUR,Kharif,2006,0.9853244917925862
RICE_007749,Rice,Madhya Pradesh,ASHOKNAGAR,Kharif,2006,0.6711990111248455
RICE_007750,Rice,Madhya Pradesh,BALAGHAT,Kharif,2006,1.2038592088541415
RICE_007751,Rice,Madhya Pradesh,BARWANI,Kharif,2006,0.3886404293381038
RICE_007752,Rice,Madhya Pradesh,BETUL,Kharif,2006,0.9833832408816455
RICE_007753,Rice,Madhya Pradesh,BHIND,Kharif,2006,2.021951219512195
RICE_007754,Rice,Madhya Pradesh,BHOPAL,Kharif,2006,0.6861435726210351
RICE_007755,Rice,Madhya Pradesh,BURHANPUR,Kharif,2006,1.0810249307479225
RICE_007756,Rice,Madhya Pradesh,CHHATARPUR,Kharif,2006,0.4228402865571007
RICE_007757,Rice,Madhya Pradesh,CHHINDWARA,Kharif,2006,0.8109646349175463
RICE_007758,Rice,Madhya Pradesh,DAMOH,Kharif,2006,0.5403101648454808
RICE_007759,Rice,Madhya Pradesh,DATIA,Kharif,2006,0.845360824742268
RICE_007760,Rice,Madhya Pradesh,DEWAS,Kharif,2006,0.5354477611940298
RICE_007761,Rice,Madhya Pradesh,DHAR,Kharif,2006,0.5675821217016693
RICE_007762,Rice,Madhya Pradesh,DINDORI,Kharif,2006,0.7078220176252908
RICE_007763,Rice,Madhya Pradesh,GUNA,Kharif,2006,0.8518987341772152
RICE_007764,Rice,Madhya Pradesh,GWALIOR,Kharif,2006,2.3471053623006406
RICE_007765,Rice,Madhya Pradesh,HARDA,Kharif,2006,1.5691868758915835
RICE_007766,Rice,Madhya Pradesh,HOSHANGABAD,Kharif,2006,1.327862394957983
RICE_007767,Rice,Madhya Pradesh,INDORE,Kharif,2006,0.5454545454545454
RICE_007768,Rice,Madhya Pradesh,JABALPUR,Kharif,2006,0.8330736632182475
RICE_007769,Rice,Madhya Pradesh,JHABUA,Kharif,2006,0.46273481869812144
RICE_007770,Rice,Madhya Pradesh,KATNI,Kharif,2006,0.45993060069765523
RICE_007771,Rice,Madhya Pradesh,KHANDWA,Kharif,2006,1.0087502377782005
RICE_007772,Rice,Madhya Pradesh,KHARGONE,Kharif,2006,0.5981578947368421
RICE_007773,Rice,Madhya Pradesh,MANDLA,Kharif,2006,0.6489199424904443
RICE_007774,Rice,Madhya Pradesh,MANDSAUR,Kharif,2006,0.5
RICE_007775,Rice,Madhya Pradesh,MORENA,Kharif,2006,1.9668141592920354
RICE_007776,Rice,Madhya Pradesh,NARSINGHPUR,Kharif,2006,1.0715913267181183
RICE_007777,Rice,Madhya Pradesh,NEEMUCH,Kharif,2006,0.4827586206896552
RICE_007778,Rice,Madhya Pradesh,PANNA,Kharif,2006,0.4536350214347973
RICE_007779,Rice,Madhya Pradesh,RAISEN,Kharif,2006,0.6694154741692943
RICE_007780,Rice,Madhya Pradesh,RAJGARH,Kharif,2006,0.5801447776628749
RICE_007781,Rice,Madhya Pradesh,RATLAM,Kharif,2006,0.731549815498155
RICE_007782,Rice,Madhya Pradesh,REWA,Kharif,2006,0.6476261720253615
RICE_007783,Rice,Madhya Pradesh,SAGAR,Kharif,2006,0.5141593977775123
RICE_007784,Rice,Madhya Pradesh,SATNA,Kharif,2006,0.6418390029603565
RICE_007785,Rice,Madhya Pradesh,SEHORE,Kharif,2006,0.6567055393586005
RICE_007786,Rice,Madhya Pradesh,SEONI,Kharif,2006,1.1375194733403688
RICE_007787,Rice,Madhya Pradesh,SHAHDOL,Kharif,2006,0.7875538066470839
RICE_007788,Rice,Madhya Pradesh,SHAJAPUR,Kharif,2006,0.44224422442244227
RICE_007789,Rice,Madhya Pradesh,SHEOPUR,Kharif,2006,2.2645543534260693
RICE_007790,Rice,Madhya Pradesh,SHIVPURI,Kharif,2006,0.9288367546432063
RICE_007791,Rice,Madhya Pradesh,SIDHI,Kharif,2006,0.8148935332782304
RICE_007792,Rice,Madhya Pradesh,TIKAMGARH,Kharif,2006,0.39496030376251295
RICE_007793,Rice,Madhya Pradesh,UJJAIN,Kharif,2006,1.0
RICE_007794,Rice,Madhya Pradesh,UMARIA,Kharif,2006,0.5472637952701931
RICE_007795,Rice,Madhya Pradesh,VIDISHA,Kharif,2006,0.7810858143607706
RICE_007796,Rice,Maharashtra,AHMEDNAGAR,Kharif,2006,0.7857142857142857
RICE_007797,Rice,Maharashtra,AMRAVATI,Kharif,2006,0.5411764705882353
RICE_007798,Rice,Maharashtra,AURANGABAD,Kharif,2006,1.0
RICE_007799,Rice,Maharashtra,BEED,Kharif,2006,0.75
RICE_007800,Rice,Maharashtra,BHANDARA,Kharif,2006,1.4505119453924915
RICE_007801,Rice,Maharashtra,BHANDARA,Summer,2006,1.891304347826087
RICE_007802,Rice,Maharashtra,CHANDRAPUR,Kharif,2006,1.384446074834923
RICE_007803,Rice,Maharashtra,CHANDRAPUR,Summer,2006,1.7241379310344827
RICE_007804,Rice,Maharashtra,DHULE,Kharif,2006,0.4117647058823529
RICE_007805,Rice,Maharashtra,GADCHIROLI,Kharif,2006,1.4721428571428572
RICE_007806,Rice,Maharashtra,GADCHIROLI,Summer,2006,1.7333333333333334
RICE_007807,Rice,Maharashtra,GONDIA,Kharif,2006,1.118716577540107
RICE_007808,Rice,Maharashtra,GONDIA,Summer,2006,2.0
RICE_007809,Rice,Maharashtra,HINGOLI,Kharif,2006,0.46511627906976744
RICE_007810,Rice,Maharashtra,JALGAON,Kharif,2006,1.0
RICE_007811,Rice,Maharashtra,KOLHAPUR,Kharif,2006,2.593806921675774
RICE_007812,Rice,Maharashtra,KOLHAPUR,Summer,2006,2.6666666666666665
RICE_007813,Rice,Maharashtra,LATUR,Kharif,2006,0.5408805031446541
RICE_007814,Rice,Maharashtra,NAGPUR,Kharif,2006,1.5021739130434784
RICE_007815,Rice,Maharashtra,NAGPUR,Summer,2006,1.875
RICE_007816,Rice,Maharashtra,NANDED,Kharif,2006,0.6025641025641025
RICE_007817,Rice,Maharashtra,NANDURBAR,Kharif,2006,0.845
RICE_007818,Rice,Maharashtra,NASHIK,Kharif,2006,1.0122448979591836
RICE_007819,Rice,Maharashtra,OSMANABAD,Kharif,2006,0.38285714285714284
RICE_007820,Rice,Maharashtra,PARBHANI,Kharif,2006,0.41025641025641024
RICE_007821,Rice,Maharashtra,PUNE,Kharif,2006,1.078247261345853
RICE_007822,Rice,Maharashtra,RAIGAD,Kharif,2006,2.355177993527508
RICE_007823,Rice,Maharashtra,RAIGAD,Summer,2006,2.7209302325581395
RICE_007824,Rice,Maharashtra,RATNAGIRI,Kharif,2006,2.707317073170732
RICE_007825,Rice,Maharashtra,RATNAGIRI,Summer,2006,3.0
RICE_007826,Rice,Maharashtra,SANGLI,Kharif,2006,1.5966850828729282
RICE_007827,Rice,Maharashtra,SATARA,Kharif,2006,2.0733333333333333
RICE_007828,Rice,Maharashtra,SINDHUDURG,Kharif,2006,2.9504685408299864
RICE_007829,Rice,Maharashtra,SINDHUDURG,Summer,2006,2.1463414634146343
RICE_007830,Rice,Maharashtra,SOLAPUR,Kharif,2006,0.25
RICE_007831,Rice,Maharashtra,THANE,Kharif,2006,1.8328488372093024
RICE_007832,Rice,Maharashtra,THANE,Summer,2006,2.0
RICE_007833,Rice,Maharashtra,WARDHA,Kharif,2006,1.0
RICE_007834,Rice,Maharashtra,WASHIM,Kharif,2006,0.5
RICE_007835,Rice,Maharashtra,YAVATMAL,Kharif,2006,0.5
RICE_007836,Rice,Manipur,BISHNUPUR,Kharif,2006,2.6837606837606836
RICE_007837,Rice,Manipur,CHANDEL,Kharif,2006,1.863849765258216
RICE_007838,Rice,Manipur,CHURACHANDPUR,Kharif,2006,1.886157826649418
RICE_007839,Rice,Manipur,IMPHAL EAST,Kharif,2006,2.91519143680527
RICE_007840,Rice,Manipur,IMPHAL WEST,Kharif,2006,3.045526733721546
RICE_007841,Rice,Manipur,SENAPATI,Kharif,2006,2.1305555555555555
RICE_007842,Rice,Manipur,TAMENGLONG,Kharif,2006,1.319327731092437
RICE_007843,Rice,Manipur,THOUBAL,Kharif,2006,2.3244935543278085
RICE_007844,Rice,Manipur,UKHRUL,Kharif,2006,2.315671641791045
RICE_007845,Rice,Meghalaya,EAST GARO HILLS,Autumn,2006,1.5069702602230484
RICE_007846,Rice,Meghalaya,EAST GARO HILLS,Rabi,2006,1.3181818181818181
RICE_007847,Rice,Meghalaya,EAST GARO HILLS,Winter,2006,1.5920023609266638
RICE_007848,Rice,Meghalaya,EAST JAINTIA HILLS,Autumn,2006,1.7040816326530612
RICE_007849,Rice,Meghalaya,EAST JAINTIA HILLS,Rabi,2006,3.0
RICE_007850,Rice,Meghalaya,EAST JAINTIA HILLS,Winter,2006,1.527019270192702
RICE_007851,Rice,Meghalaya,EAST KHASI HILLS,Autumn,2006,2.0714285714285716
RICE_007852,Rice,Meghalaya,EAST KHASI HILLS,Rabi,2006,1.1481481481481481
RICE_007853,Rice,Meghalaya,EAST KHASI HILLS,Winter,2006,1.8487914558740866
RICE_007854,Rice,Meghalaya,RI BHOI,Autumn,2006,1.9384615384615385
RICE_007855,Rice,Meghalaya,RI BHOI,Rabi,2006,1.9411764705882353
RICE_007856,Rice,Meghalaya,RI BHOI,Winter,2006,2.6970352737502705
RICE_007857,Rice,Meghalaya,SOUTH GARO HILLS,Autumn,2006,1.5809289952936363
RICE_007858,Rice,Meghalaya,SOUTH GARO HILLS,Rabi,2006,1.1148936170212767
RICE_007859,Rice,Meghalaya,SOUTH GARO HILLS,Winter,2006,1.5240096038415367
RICE_007860,Rice,Meghalaya,WEST GARO HILLS,Autumn,2006,1.195969803969317
RICE_007861,Rice,Meghalaya,WEST GARO HILLS,Rabi,2006,4.197665702966057
RICE_007862,Rice,Meghalaya,WEST GARO HILLS,Winter,2006,1.8119732635861667
RICE_007863,Rice,Meghalaya,WEST KHASI HILLS,Autumn,2006,1.4933333333333334
RICE_007864,Rice,Meghalaya,WEST KHASI HILLS,Rabi,2006,1.82
RICE_007865,Rice,Meghalaya,WEST KHASI HILLS,Winter,2006,1.9671189979123174
RICE_007866,Rice,Mizoram,AIZAWL,Kharif,2006,0.02615311459819306
RICE_007867,Rice,Mizoram,AIZAWL,Rabi,2006,1.3519553072625698
RICE_007868,Rice,Mizoram,CHAMPHAI,Kharif,2006,0.5134899068322981
RICE_007869,Rice,Mizoram,KOLASIB,Kharif,2006,0.5602919223751865
RICE_007870,Rice,Mizoram,KOLASIB,Rabi,2006,1.7821909032671364
RICE_007871,Rice,Mizoram,LAWNGTLAI,Kharif,2006,0.23735212685627988
RICE_007872,Rice,Mizoram,LUNGLEI,Kharif,2006,1.3076065134954271
RICE_007873,Rice,Mizoram,LUNGLEI,Rabi,2006,1.192
RICE_007874,Rice,Mizoram,MAMIT,Kharif,2006,0.39536807278742764
RICE_007875,Rice,Mizoram,MAMIT,Rabi,2006,2.0
RICE_007876,Rice,Mizoram,SAIHA,Kharif,2006,0.2901248084081454
RICE_007877,Rice,Mizoram,SERCHHIP,Kharif,2006,0.28199320498301245
RICE_007878,Rice,Nagaland,DIMAPUR,Kharif,2006,1.5745052386495926
RICE_007879,Rice,Nagaland,DIMAPUR,Rabi,2006,1.5972222222222223
RICE_007880,Rice,Nagaland,KOHIMA,Kharif,2006,1.7255411255411255
RICE_007881,Rice,Nagaland,MOKOKCHUNG,Kharif,2006,1.566015393724097
RICE_007882,Rice,Nagaland,MON,Kharif,2006,1.5237388724035608
RICE_007883,Rice,Nagaland,PHEK,Kharif,2006,1.6493568365888518
RICE_007884,Rice,Nagaland,TUENSANG,Kharif,2006,1.5919694072657744
RICE_007885,Rice,Nagaland,WOKHA,Kharif,2006,1.513979773944081
RICE_007886,Rice,Nagaland,WOKHA,Rabi,2006,1.6071428571428572
RICE_007887,Rice,Nagaland,ZUNHEBOTO,Kharif,2006,1.619327731092437
RICE_007888,Rice,Odisha,ANUGUL,Autumn,2006,0.9523809523809523
RICE_007889,Rice,Odisha,ANUGUL,Summer,2006,2.0
RICE_007890,Rice,Odisha,ANUGUL,Winter,2006,1.4222222222222223
RICE_007891,Rice,Odisha,BALANGIR,Autumn,2006,1.0256410256410255
RICE_007892,Rice,Odisha,BALANGIR,Summer,2006,2.0
RICE_007893,Rice,Odisha,BALANGIR,Winter,2006,1.7218045112781954
RICE_007894,Rice,Odisha,BALESHWAR,Autumn,2006,1.0
RICE_007895,Rice,Odisha,BALESHWAR,Summer,2006,2.357142857142857
RICE_007896,Rice,Odisha,BALESHWAR,Winter,2006,1.3167420814479638
RICE_007897,Rice,Odisha,BARGARH,Autumn,2006,1.0793650793650793
RICE_007898,Rice,Odisha,BARGARH,Summer,2006,2.9827586206896552
RICE_007899,Rice,Odisha,BARGARH,Winter,2006,2.0279329608938546
RICE_007900,Rice,Odisha,BHADRAK,Summer,2006,2.272727272727273
RICE_007901,Rice,Odisha,BHADRAK,Winter,2006,1.70625
RICE_007902,Rice,Odisha,BOUDH,Autumn,2006,1.2
RICE_007903,Rice,Odisha,BOUDH,Summer,2006,2.0
RICE_007904,Rice,Odisha,BOUDH,Winter,2006,1.6333333333333333
RICE_007905,Rice,Odisha,CUTTACK,Autumn,2006,1.1666666666666667
RICE_007906,Rice,Odisha,CUTTACK,Summer,2006,1.8
RICE_007907,Rice,Odisha,CUTTACK,Winter,2006,1.5041322314049588
RICE_007908,Rice,Odisha,DEOGARH,Autumn,2006,0.9
RICE_007909,Rice,Odisha,DEOGARH,Summer,2006,1.6666666666666667
RICE_007910,Rice,Odisha,DEOGARH,Winter,2006,1.4666666666666666
RICE_007911,Rice,Odisha,DHENKANAL,Autumn,2006,1.0
RICE_007912,Rice,Odisha,DHENKANAL,Summer,2006,1.5
RICE_007913,Rice,Odisha,DHENKANAL,Winter,2006,1.47
RICE_007914,Rice,Odisha,GAJAPATI,Autumn,2006,1.0
RICE_007915,Rice,Odisha,GAJAPATI,Summer,2006,1.0
RICE_007916,Rice,Odisha,GAJAPATI,Winter,2006,1.7837837837837838
RICE_007917,Rice,Odisha,GANJAM,Autumn,2006,2.0
RICE_007918,Rice,Odisha,GANJAM,Winter,2006,2.0842490842490844
RICE_007919,Rice,Odisha,JAGATSINGHAPUR,Autumn,2006,1.25
RICE_007920,Rice,Odisha,JAGATSINGHAPUR,Summer,2006,2.0
RICE_007921,Rice,Odisha,JAGATSINGHAPUR,Winter,2006,1.471264367816092
RICE_007922,Rice,Odisha,JAJAPUR,Autumn,2006,0.9444444444444444
RICE_007923,Rice,Odisha,JAJAPUR,Summer,2006,1.5
RICE_007924,Rice,Odisha,JAJAPUR,Winter,2006,1.3982300884955752
RICE_007925,Rice,Odisha,JHARSUGUDA,Autumn,2006,1.4137931034482758
RICE_007926,Rice,Odisha,JHARSUGUDA,Winter,2006,2.21875
RICE_007927,Rice,Odisha,KALAHANDI,Autumn,2006,0.8571428571428571
RICE_007928,Rice,Odisha,KALAHANDI,Summer,2006,1.5121951219512195
RICE_007929,Rice,Odisha,KALAHANDI,Winter,2006,1.1313868613138687
RICE_007930,Rice,Odisha,KANDHAMAL,Autumn,2006,1.0
RICE_007931,Rice,Odisha,KANDHAMAL,Winter,2006,1.4761904761904763
RICE_007932,Rice,Odisha,KENDRAPARA,Autumn,2006,0.6
RICE_007933,Rice,Odisha,KENDRAPARA,Summer,2006,2.0
RICE_007934,Rice,Odisha,KENDRAPARA,Winter,2006,1.1015625
RICE_007935,Rice,Odisha,KENDUJHAR,Autumn,2006,0.8913043478260869
RICE_007936,Rice,Odisha,KENDUJHAR,Summer,2006,2.0
RICE_007937,Rice,Odisha,KENDUJHAR,Winter,2006,1.5
RICE_007938,Rice,Odisha,KHORDHA,Summer,2006,2.7
RICE_007939,Rice,Odisha,KHORDHA,Winter,2006,1.5089285714285714
RICE_007940,Rice,Odisha,KORAPUT,Autumn,2006,1.125
RICE_007941,Rice,Odisha,KORAPUT,Summer,2006,1.8333333333333333
RICE_007942,Rice,Odisha,KORAPUT,Winter,2006,1.788888888888889
RICE_007943,Rice,Odisha,MALKANGIRI,Autumn,2006,0.9230769230769231
RICE_007944,Rice,Odisha,MALKANGIRI,Winter,2006,1.4473684210526316
RICE_007945,Rice,Odisha,MAYURBHANJ,Autumn,2006,1.127659574468085
RICE_007946,Rice,Odisha,MAYURBHANJ,Summer,2006,2.0
RICE_007947,Rice,Odisha,MAYURBHANJ,Winter,2006,1.623574144486692
RICE_007948,Rice,Odisha,NABARANGPUR,Autumn,2006,0.9285714285714286
RICE_007949,Rice,Odisha,NABARANGPUR,Summer,2006,2.0
RICE_007950,Rice,Odisha,NABARANGPUR,Winter,2006,1.4344262295081966
RICE_007951,Rice,Odisha,NAYAGARH,Autumn,2006,1.0
RICE_007952,Rice,Odisha,NAYAGARH,Winter,2006,1.49
RICE_007953,Rice,Odisha,NUAPADA,Autumn,2006,0.8
RICE_007954,Rice,Odisha,NUAPADA,Summer,2006,2.0
RICE_007955,Rice,Odisha,NUAPADA,Winter,2006,1.2272727272727273
RICE_007956,Rice,Odisha,PURI,Autumn,2006,1.0
RICE_007957,Rice,Odisha,PURI,Summer,2006,2.238095238095238
RICE_007958,Rice,Odisha,PURI,Winter,2006,0.8706896551724138
RICE_007959,Rice,Odisha,RAYAGADA,Autumn,2006,0.8888888888888888
RICE_007960,Rice,Odisha,RAYAGADA,Summer,2006,1.3333333333333333
RICE_007961,Rice,Odisha,RAYAGADA,Winter,2006,1.8653846153846154
RICE_007962,Rice,Odisha,SAMBALPUR,Autumn,2006,1.3488372093023255
RICE_007963,Rice,Odisha,SAMBALPUR,Summer,2006,3.4375
RICE_007964,Rice,Odisha,SAMBALPUR,Winter,2006,2.0588235294117645
RICE_007965,Rice,Odisha,SONEPUR,Autumn,2006,1.25
RICE_007966,Rice,Odisha,SONEPUR,Summer,2006,2.1724137931034484
RICE_007967,Rice,Odisha,SONEPUR,Winter,2006,2.1931818181818183
RICE_007968,Rice,Odisha,SUNDARGARH,Autumn,2006,0.9108910891089109
RICE_007969,Rice,Odisha,SUNDARGARH,Summer,2006,2.0
RICE_007970,Rice,Odisha,SUNDARGARH,Winter,2006,1.4672131147540983
RICE_007971,Rice,Puducherry,KARAIKAL,Kharif,2006,2.517611026033691
RICE_007972,Rice,Puducherry,KARAIKAL,Rabi,2006,2.4399348003259984
RICE_007973,Rice,Puducherry,PONDICHERRY,Kharif,2006,2.666913946587537
RICE_007974,Rice,Puducherry,PONDICHERRY,Rabi,2006,2.9599503810030128
RICE_007975,Rice,Puducherry,PONDICHERRY,Summer,2006,3.04809794490599
RICE_007976,Rice,Puducherry,YANAM,Kharif,2006,2.7348242811501597
RICE_007977,Rice,Puducherry,YANAM,Rabi,2006,6.745583038869258
RICE_007978,Rice,Punjab,AMRITSAR,Kharif,2006,3.0224719101123596
RICE_007979,Rice,Punjab,BATHINDA,Kharif,2006,4.114942528735632
RICE_007980,Rice,Punjab,FARIDKOT,Kharif,2006,3.976470588235294
RICE_007981,Rice,Punjab,FATEHGARH SAHIB,Kharif,2006,4.0476190476190474
RICE_007982,Rice,Punjab,FIROZEPUR,Kharif,2006,4.034042553191489
RICE_007983,Rice,Punjab,GURDASPUR,Kharif,2006,3.1641791044776117
RICE_007984,Rice,Punjab,HOSHIARPUR,Kharif,2006,2.8035714285714284
RICE_007985,Rice,Punjab,JALANDHAR,Kharif,2006,3.496598639455782
RICE_007986,Rice,Punjab,KAPURTHALA,Kharif,2006,3.7636363636363637
RICE_007987,Rice,Punjab,LUDHIANA,Kharif,2006,4.370967741935484
RICE_007988,Rice,Punjab,MANSA,Kharif,2006,4.17741935483871
RICE_007989,Rice,Punjab,MOGA,Kharif,2006,4.232142857142857
RICE_007990,Rice,Punjab,MUKTSAR,Kharif,2006,4.0
RICE_007991,Rice,Punjab,NAWANSHAHR,Kharif,2006,3.943396226415094
RICE_007992,Rice,Punjab,PATIALA,Kharif,2006,4.172995780590718
RICE_007993,Rice,Punjab,RUPNAGAR,Kharif,2006,3.6315789473684212
RICE_007994,Rice,Punjab,S.A.S NAGAR,Kharif,2006,2.8275862068965516
RICE_007995,Rice,Punjab,SANGRUR,Kharif,2006,4.5220994475138125
RICE_007996,Rice,Punjab,TARN TARAN,Kharif,2006,2.9710982658959537
RICE_007997,Rice,Rajasthan,AJMER,Kharif,2006,1.6
RICE_007998,Rice,Rajasthan,ALWAR,Kharif,2006,1.5748031496062993
RICE_007999,Rice,Rajasthan,BANSWARA,Kharif,2006,0.564056297365572
RICE_008000,Rice,Rajasthan,BARAN,Kharif,2006,1.942872687704026
RICE_008001,Rice,Rajasthan,BHARATPUR,Kharif,2006,0.7266514806378133
RICE_008002,Rice,Rajasthan,BHILWARA,Kharif,2006,1.5748792270531402
RICE_008003,Rice,Rajasthan,BIKANER,Kharif,2006,1.5714285714285714
RICE_008004,Rice,Rajasthan,BUNDI,Kharif,2006,1.7204118458762339
RICE_008005,Rice,Rajasthan,CHITTORGARH,Kharif,2006,1.575657894736842
RICE_008006,Rice,Rajasthan,DHOLPUR,Kharif,2006,1.5764925373134329
RICE_008007,Rice,Rajasthan,DUNGARPUR,Kharif,2006,0.6690107138912411
RICE_008008,Rice,Rajasthan,GANGANAGAR,Kharif,2006,3.1756027347966893
RICE_008009,Rice,Rajasthan,HANUMANGARH,Kharif,2006,4.638842443729904
RICE_008010,Rice,Rajasthan,JHALAWAR,Kharif,2006,1.5763888888888888
RICE_008011,Rice,Rajasthan,KARAULI,Kharif,2006,2.3516304347826087
RICE_008012,Rice,Rajasthan,KOTA,Kharif,2006,2.728823981552652
RICE_008013,Rice,Rajasthan,RAJSAMAND,Kharif,2006,1.5714285714285714
RICE_008014,Rice,Rajasthan,SAWAI MADHOPUR,Kharif,2006,1.5555555555555556
RICE_008015,Rice,Rajasthan,SIROHI,Kharif,2006,1.5714285714285714
RICE_008016,Rice,Rajasthan,UDAIPUR,Kharif,2006,0.9271255060728745
RICE_008017,Rice,Sikkim,EAST DISTRICT,Kharif,2006,1.5454545454545454
RICE_008018,Rice,Sikkim,NORTH DISTRICT,Kharif,2006,1.0
RICE_008019,Rice,Sikkim,SOUTH DISTRICT,Kharif,2006,1.6304347826086956
RICE_008020,Rice,Sikkim,WEST DISTRICT,Kharif,2006,15.181818181818182
RICE_008021,Rice,Tamil Nadu,COIMBATORE,Kharif,2006,3.859347371805176
RICE_008022,Rice,Tamil Nadu,CUDDALORE,Kharif,2006,3.7213960546282245
RICE_008023,Rice,Tamil Nadu,DHARMAPURI,Kharif,2006,3.6118127433292186
RICE_008024,Rice,Tamil Nadu,DINDIGUL,Kharif,2006,4.366528725748374
RICE_008025,Rice,Tamil Nadu,ERODE,Kharif,2006,4.19215004669503
RICE_008026,Rice,Tamil Nadu,KANCHIPURAM,Kharif,2006,3.832271329783623
RICE_008027,Rice,Tamil Nadu,KANNIYAKUMARI,Kharif,2006,4.397365224703354
RICE_008028,Rice,Tamil Nadu,KARUR,Kharif,2006,3.5119679883594035
RICE_008029,Rice,Tamil Nadu,KRISHNAGIRI,Kharif,2006,2.852822806036892
RICE_008030,Rice,Tamil Nadu,MADURAI,Kharif,2006,3.9791462144875798
RICE_008031,Rice,Tamil Nadu,NAGAPATTINAM,Kharif,2006,3.8053936299890174
RICE_008032,Rice,Tamil Nadu,NAMAKKAL,Kharif,2006,3.7891210090658256
RICE_008033,Rice,Tamil Nadu,PERAMBALUR,Kharif,2006,3.1476985451943715
RICE_008034,Rice,Tamil Nadu,PUDUKKOTTAI,Kharif,2006,3.041664435280887
RICE_008035,Rice,Tamil Nadu,RAMANATHAPURAM,Kharif,2006,1.7112910398552392
RICE_008036,Rice,Tamil Nadu,SALEM,Kharif,2006,3.6317359822435686
RICE_008037,Rice,Tamil Nadu,SIVAGANGA,Kharif,2006,1.3448424156785648
RICE_008038,Rice,Tamil Nadu,THANJAVUR,Kharif,2006,3.6419208124547167
RICE_008039,Rice,Tamil Nadu,THE NILGIRIS,Kharif,2006,3.198558847077662
RICE_008040,Rice,Tamil Nadu,THENI,Kharif,2006,4.304994971505196
RICE_008041,Rice,Tamil Nadu,THIRUVALLUR,Kharif,2006,3.55167452909097
RICE_008042,Rice,Tamil Nadu,THIRUVARUR,Kharif,2006,3.314725833804409
RICE_008043,Rice,Tamil Nadu,TIRUCHIRAPPALLI,Kharif,2006,3.938038537687181
RICE_008044,Rice,Tamil Nadu,TIRUNELVELI,Kharif,2006,4.193091289016587
RICE_008045,Rice,Tamil Nadu,TIRUVANNAMALAI,Kharif,2006,3.284176244179474
RICE_008046,Rice,Tamil Nadu,TUTICORIN,Kharif,2006,4.397455089820359
RICE_008047,Rice,Tamil Nadu,VELLORE,Kharif,2006,3.0991196296207453
RICE_008048,Rice,Tamil Nadu,VILLUPURAM,Kharif,2006,3.426597045233211
RICE_008049,Rice,Tamil Nadu,VIRUDHUNAGAR,Kharif,2006,4.833175500229112
RICE_008050,Rice,Telangana,ADILABAD,Kharif,2006,2.3989929413218416
RICE_008051,Rice,Telangana,ADILABAD,Rabi,2006,2.500055438518683
RICE_008052,Rice,Telangana,KARIMNAGAR,Kharif,2006,3.125001499250375
RICE_008053,Rice,Telangana,KARIMNAGAR,Rabi,2006,3.288997895166078
RICE_008054,Rice,Telangana,KHAMMAM,Kharif,2006,2.460000899217039
RICE_008055,Rice,Telangana,KHAMMAM,Rabi,2006,2.892980897378943
RICE_008056,Rice,Telangana,MAHBUBNAGAR,Kharif,2006,2.4399994628421022
RICE_008057,Rice,Telangana,MAHBUBNAGAR,Rabi,2006,2.453007732544917
RICE_008058,Rice,Telangana,MEDAK,Kharif,2006,2.614997166782094
RICE_008059,Rice,Telangana,MEDAK,Rabi,2006,2.8380065546480777
RICE_008060,Rice,Telangana,NALGONDA,Kharif,2006,2.591001418723399
RICE_008061,Rice,Telangana,NALGONDA,Rabi,2006,3.149002599116461
RICE_008062,Rice,Telangana,NIZAMABAD,Kharif,2006,3.1629969044579305
RICE_008063,Rice,Telangana,NIZAMABAD,Rabi,2006,3.324007355700668
RICE_008064,Rice,Telangana,RANGAREDDI,Kharif,2006,2.735982008995502
RICE_008065,Rice,Telangana,RANGAREDDI,Rabi,2006,2.541017747193046
RICE_008066,Rice,Telangana,WARANGAL,Kharif,2006,2.9090014616234714
RICE_008067,Rice,Telangana,WARANGAL,Rabi,2006,2.6410017472335467
RICE_008068,Rice,Tripura,DHALAI,Kharif,2006,2.1557483879818906
RICE_008069,Rice,Tripura,NORTH TRIPURA,Kharif,2006,2.31088526998898
RICE_008070,Rice,Tripura,SOUTH TRIPURA,Kharif,2006,2.682652522499294
RICE_008071,Rice,Tripura,WEST TRIPURA,Kharif,2006,2.537542336257927
RICE_008072,Rice,Uttar Pradesh,AGRA,Kharif,2006,1.8931860036832413
RICE_008073,Rice,Uttar Pradesh,ALIGARH,Kharif,2006,2.0609930553749316
RICE_008074,Rice,Uttar Pradesh,ALLAHABAD,Kharif,2006,2.115002220358218
RICE_008075,Rice,Uttar Pradesh,AMBEDKAR NAGAR,Kharif,2006,1.7979996836054912
RICE_008076,Rice,Uttar Pradesh,AMROHA,Kharif,2006,2.061005037890013
RICE_008077,Rice,Uttar Pradesh,AURAIYA,Kharif,2006,2.7690059077250146
RICE_008078,Rice,Uttar Pradesh,AZAMGARH,Kharif,2006,1.4689978127438983
RICE_008079,Rice,Uttar Pradesh,BAGHPAT,Kharif,2006,2.596890405764126
RICE_008080,Rice,Uttar Pradesh,BAHRAICH,Kharif,2006,1.6560031185031185
RICE_008081,Rice,Uttar Pradesh,BAHRAICH,Summer,2006,1.7142857142857142
RICE_008082,Rice,Uttar Pradesh,BALLIA,Kharif,2006,1.336002951955251
RICE_008083,Rice,Uttar Pradesh,BALRAMPUR,Kharif,2006,1.8180015018936921
RICE_008084,Rice,Uttar Pradesh,BANDA,Kharif,2006,0.8840035962515993
RICE_008085,Rice,Uttar Pradesh,BARABANKI,Kharif,2006,2.0629988987930554
RICE_008086,Rice,Uttar Pradesh,BAREILLY,Kharif,2006,1.7889999253436857
RICE_008087,Rice,Uttar Pradesh,BAREILLY,Summer,2006,1.7881773399014778
RICE_008088,Rice,Uttar Pradesh,BASTI,Kharif,2006,1.508997921452795
RICE_008089,Rice,Uttar Pradesh,BIJNOR,Kharif,2006,2.5860039774394417
RICE_008090,Rice,Uttar Pradesh,BIJNOR,Summer,2006,2.581081081081081
RICE_008091,Rice,Uttar Pradesh,BUDAUN,Kharif,2006,1.8389977616372024
RICE_008092,Rice,Uttar Pradesh,BUDAUN,Summer,2006,1.8356164383561644
RICE_008093,Rice,Uttar Pradesh,BULANDSHAHR,Kharif,2006,2.181999869658723
RICE_008094,Rice,Uttar Pradesh,CHANDAULI,Kharif,2006,2.56
RICE_008095,Rice,Uttar Pradesh,CHITRAKOOT,Kharif,2006,0.4679705215419501
RICE_008096,Rice,Uttar Pradesh,DEORIA,Kharif,2006,1.7140017157752334
RICE_008097,Rice,Uttar Pradesh,ETAH,Kharif,2006,2.1660090462900587
RICE_008098,Rice,Uttar Pradesh,ETAWAH,Kharif,2006,2.6760013844750006
RICE_008099,Rice,Uttar Pradesh,FAIZABAD,Kharif,2006,1.7399947468100696
RICE_008100,Rice,Uttar Pradesh,FARRUKHABAD,Kharif,2006,2.2759909248632058
RICE_008101,Rice,Uttar Pradesh,FATEHPUR,Kharif,2006,1.6929959544315107
RICE_008102,Rice,Uttar Pradesh,FIROZABAD,Kharif,2006,2.933017546200547
RICE_008103,Rice,Uttar Pradesh,GAUTAM BUDDHA NAGAR,Kharif,2006,1.9870104115022311
RICE_008104,Rice,Uttar Pradesh,GHAZIABAD,Kharif,2006,2.282976950846987
RICE_008105,Rice,Uttar Pradesh,GHAZIPUR,Kharif,2006,1.9270002804599544
RICE_008106,Rice,Uttar Pradesh,GONDA,Kharif,2006,1.5670011148272018
RICE_008107,Rice,Uttar Pradesh,GONDA,Summer,2006,1.5714285714285714
RICE_008108,Rice,Uttar Pradesh,GORAKHPUR,Kharif,2006,1.6959998897851498
RICE_008109,Rice,Uttar Pradesh,GORAKHPUR,Summer,2006,1.6954022988505748
RICE_008110,Rice,Uttar Pradesh,HAMIRPUR,Kharif,2006,0.8523809523809524
RICE_008111,Rice,Uttar Pradesh,HARDOI,Kharif,2006,2.0300006796710393
RICE_008112,Rice,Uttar Pradesh,HARDOI,Summer,2006,2.0285714285714285
RICE_008113,Rice,Uttar Pradesh,HATHRAS,Kharif,2006,1.9000224164985429
RICE_008114,Rice,Uttar Pradesh,JALAUN,Kharif,2006,0.8195286195286196
RICE_008115,Rice,Uttar Pradesh,JAUNPUR,Kharif,2006,1.8510021700395876
RICE_008116,Rice,Uttar Pradesh,JHANSI,Kharif,2006,1.2615526802218116
RICE_008117,Rice,Uttar Pradesh,KANNAUJ,Kharif,2006,2.398989018650863
RICE_008118,Rice,Uttar Pradesh,KANPUR DEHAT,Kharif,2006,1.8920062778845645
RICE_008119,Rice,Uttar Pradesh,KANPUR NAGAR,Kharif,2006,1.6229868468527568
RICE_008120,Rice,Uttar Pradesh,KAUSHAMBI,Kharif,2006,1.5159916153898167
RICE_008121,Rice,Uttar Pradesh,KHERI,Kharif,2006,2.049998912121146
RICE_008122,Rice,Uttar Pradesh,KHERI,Summer,2006,2.04998264491496
RICE_008123,Rice,Uttar Pradesh,KUSHI NAGAR,Kharif,2006,2.209000158453494
RICE_008124,Rice,Uttar Pradesh,LALITPUR,Kharif,2006,0.7229783827061649
RICE_008125,Rice,Uttar Pradesh,LUCKNOW,Kharif,2006,1.9439998337040347
RICE_008126,Rice,Uttar Pradesh,MAHARAJGANJ,Kharif,2006,2.30799924110372
RICE_008127,Rice,Uttar Pradesh,MAHARAJGANJ,Summer,2006,2.3101604278074865
RICE_008128,Rice,Uttar Pradesh,MAHOBA,Kharif,2006,0.8532110091743119
RICE_008129,Rice,Uttar Pradesh,MAINPURI,Kharif,2006,2.506001914721261
RICE_008130,Rice,Uttar Pradesh,MAINPURI,Summer,2006,2.5
RICE_008131,Rice,Uttar Pradesh,MATHURA,Kharif,2006,2.088004529644908
RICE_008132,Rice,Uttar Pradesh,MAU,Kharif,2006,1.036996646262811
RICE_008133,Rice,Uttar Pradesh,MEERUT,Kharif,2006,2.518992932862191
RICE_008134,Rice,Uttar Pradesh,MIRZAPUR,Kharif,2006,1.945999598957289
RICE_008135,Rice,Uttar Pradesh,MORADABAD,Kharif,2006,2.093996686130225
RICE_008136,Rice,Uttar Pradesh,MORADABAD,Summer,2006,2.094017094017094
RICE_008137,Rice,Uttar Pradesh,MUZAFFARNAGAR,Kharif,2006,2.2520046710782404
RICE_008138,Rice,Uttar Pradesh,PILIBHIT,Kharif,2006,2.3989996012903694
RICE_008139,Rice,Uttar Pradesh,PILIBHIT,Summer,2006,2.3989547038327528
RICE_008140,Rice,Uttar Pradesh,PRATAPGARH,Kharif,2006,1.8709994726808097
RICE_008141,Rice,Uttar Pradesh,RAE BARELI,Kharif,2006,1.820003073118264
RICE_008142,Rice,Uttar Pradesh,RAMPUR,Kharif,2006,2.108999014149044
RICE_008143,Rice,Uttar Pradesh,RAMPUR,Summer,2006,2.1091503267973857
RICE_008144,Rice,Uttar Pradesh,SAHARANPUR,Kharif,2006,2.2630013280212484
RICE_008145,Rice,Uttar Pradesh,SANT KABEER NAGAR,Kharif,2006,1.4089957672449882
RICE_008146,Rice,Uttar Pradesh,SANT KABEER NAGAR,Summer,2006,1.4025974025974026
RICE_008147,Rice,Uttar Pradesh,SANT RAVIDAS NAGAR,Kharif,2006,1.5740086258536001
RICE_008148,Rice,Uttar Pradesh,SHAHJAHANPUR,Kharif,2006,2.2439987311812213
RICE_008149,Rice,Uttar Pradesh,SHAHJAHANPUR,Summer,2006,2.244007670182167
RICE_008150,Rice,Uttar Pradesh,SHRAVASTI,Kharif,2006,1.4379930482091583
RICE_008151,Rice,Uttar Pradesh,SIDDHARTH NAGAR,Kharif,2006,1.3939980354212373
RICE_008152,Rice,Uttar Pradesh,SITAPUR,Kharif,2006,1.6219979576656876
RICE_008153,Rice,Uttar Pradesh,SITAPUR,Summer,2006,1.6
RICE_008154,Rice,Uttar Pradesh,SONBHADRA,Kharif,2006,1.4650012186205215
RICE_008155,Rice,Uttar Pradesh,SULTANPUR,Kharif,2006,1.7869991693772866
RICE_008156,Rice,Uttar Pradesh,UNNAO,Kharif,2006,1.448003299962095
RICE_008157,Rice,Uttar Pradesh,VARANASI,Kharif,2006,1.5690053970701618
RICE_008158,Rice,Uttarakhand,ALMORA,Kharif,2006,1.2540488906256784
RICE_008159,Rice,Uttarakhand,BAGESHWAR,Kharif,2006,1.2298858928701213
RICE_008160,Rice,Uttarakhand,CHAMOLI,Kharif,2006,1.3331980189981327
RICE_008161,Rice,Uttarakhand,CHAMPAWAT,Kharif,2006,1.2006133148679394
RICE_008162,Rice,Uttarakhand,DEHRADUN,Kharif,2006,2.0456537920767515
RICE_008163,Rice,Uttarakhand,HARIDWAR,Kharif,2006,1.9495678376020935
RICE_008164,Rice,Uttarakhand,NAINITAL,Kharif,2006,2.539191988950276
RICE_008165,Rice,Uttarakhand,NAINITAL,Rabi,2006,3.149532710280374
RICE_008166,Rice,Uttarakhand,PAURI GARHWAL,Kharif,2006,1.0434486283864373
RICE_008167,Rice,Uttarakhand,PITHORAGARH,Kharif,2006,1.2920952380952382
RICE_008168,Rice,Uttarakhand,RUDRA PRAYAG,Kharif,2006,1.5449526813880126
RICE_008169,Rice,Uttarakhand,TEHRI GARHWAL,Kharif,2006,1.5878469736737453
RICE_008170,Rice,Uttarakhand,UDAM SINGH NAGAR,Kharif,2006,2.814435341492928
RICE_008171,Rice,Uttarakhand,UDAM SINGH NAGAR,Rabi,2006,3.144967400162999
RICE_008172,Rice,Uttarakhand,UTTAR KASHI,Kharif,2006,1.5743450451239813
RICE_008173,Rice,West Bengal,24 PARAGANAS NORTH,Autumn,2006,2.611829109994921
RICE_008174,Rice,West Bengal,24 PARAGANAS NORTH,Summer,2006,3.030800271996611
RICE_008175,Rice,West Bengal,24 PARAGANAS NORTH,Winter,2006,2.390081230293156
RICE_008176,Rice,West Bengal,24 PARAGANAS SOUTH,Autumn,2006,2.2711822044488876
RICE_008177,Rice,West Bengal,24 PARAGANAS SOUTH,Summer,2006,2.988266022142523
RICE_008178,Rice,West Bengal,24 PARAGANAS SOUTH,Winter,2006,2.008607525904381
RICE_008179,Rice,West Bengal,BANKURA,Autumn,2006,2.6178885774696368
RICE_008180,Rice,West Bengal,BANKURA,Summer,2006,2.760261748958953
RICE_008181,Rice,West Bengal,BANKURA,Winter,2006,2.813107467668663
RICE_008182,Rice,West Bengal,BARDHAMAN,Autumn,2006,3.232150776053215
RICE_008183,Rice,West Bengal,BARDHAMAN,Summer,2006,3.4416334158050046
RICE_008184,Rice,West Bengal,BARDHAMAN,Winter,2006,2.863575470663673
RICE_008185,Rice,West Bengal,BIRBHUM,Autumn,2006,2.590864278672363
RICE_008186,Rice,West Bengal,BIRBHUM,Summer,2006,3.4617101408843634
RICE_008187,Rice,West Bengal,BIRBHUM,Winter,2006,3.0700865411973823
RICE_008188,Rice,West Bengal,COOCHBEHAR,Autumn,2006,0.885548480696381
RICE_008189,Rice,West Bengal,COOCHBEHAR,Summer,2006,2.7750008319744417
RICE_008190,Rice,West Bengal,COOCHBEHAR,Winter,2006,1.7838890129748828
RICE_008191,Rice,West Bengal,DARJEELING,Autumn,2006,2.04040404040404
RICE_008192,Rice,West Bengal,DARJEELING,Summer,2006,2.0709635416666665
RICE_008193,Rice,West Bengal,DARJEELING,Winter,2006,1.8242872807017543
RICE_008194,Rice,West Bengal,DINAJPUR DAKSHIN,Autumn,2006,1.7478854286812764
RICE_008195,Rice,West Bengal,DINAJPUR DAKSHIN,Summer,2006,3.1628132387706858
RICE_008196,Rice,West Bengal,DINAJPUR DAKSHIN,Winter,2006,2.2236815274116926
RICE_008197,Rice,West Bengal,DINAJPUR UTTAR,Autumn,2006,1.3234480031633056
RICE_008198,Rice,West Bengal,DINAJPUR UTTAR,Summer,2006,2.95687597359662
RICE_008199,Rice,West Bengal,DINAJPUR UTTAR,Winter,2006,1.9602226800615044
RICE_008200,Rice,West Bengal,HOOGHLY,Autumn,2006,2.546811206532451
RICE_008201,Rice,West Bengal,HOOGHLY,Summer,2006,3.1043352691232844
RICE_008202,Rice,West Bengal,HOOGHLY,Winter,2006,2.7059862840918956
RICE_008203,Rice,West Bengal,HOWRAH,Autumn,2006,1.505720823798627
RICE_008204,Rice,West Bengal,HOWRAH,Summer,2006,2.8155645981688706
RICE_008205,Rice,West Bengal,HOWRAH,Winter,2006,1.7160377850842858
RICE_008206,Rice,West Bengal,JALPAIGURI,Autumn,2006,1.3112018074484366
RICE_008207,Rice,West Bengal,JALPAIGURI,Summer,2006,2.347002293327509
RICE_008208,Rice,West Bengal,JALPAIGURI,Winter,2006,1.8918644207211388
RICE_008209,Rice,West Bengal,MALDAH,Autumn,2006,1.4973703981968445
RICE_008210,Rice,West Bengal,MALDAH,Summer,2006,3.8253958866233937
RICE_008211,Rice,West Bengal,MALDAH,Winter,2006,2.525146301205422
RICE_008212,Rice,West Bengal,MEDINIPUR EAST,Autumn,2006,2.1967663808339335
RICE_008213,Rice,West Bengal,MEDINIPUR EAST,Summer,2006,3.194500921708957
RICE_008214,Rice,West Bengal,MEDINIPUR EAST,Winter,2006,2.020649166105751
RICE_008215,Rice,West Bengal,MEDINIPUR WEST,Autumn,2006,1.96050853999807
RICE_008216,Rice,West Bengal,MEDINIPUR WEST,Summer,2006,3.1645216256389803
RICE_008217,Rice,West Bengal,MEDINIPUR WEST,Winter,2006,2.4971394821634285
RICE_008218,Rice,West Bengal,MURSHIDABAD,Autumn,2006,1.9083571187429027
RICE_008219,Rice,West Bengal,MURSHIDABAD,Summer,2006,3.4638950787200886
RICE_008220,Rice,West Bengal,MURSHIDABAD,Winter,2006,2.1888056917501597
RICE_008221,Rice,West Bengal,NADIA,Autumn,2006,2.255478508782527
RICE_008222,Rice,West Bengal,NADIA,Summer,2006,3.4832170945244103
RICE_008223,Rice,West Bengal,NADIA,Winter,2006,2.1536578354368165
RICE_008224,Rice,West Bengal,PURULIA,Autumn,2006,1.501254390366282
RICE_008225,Rice,West Bengal,PURULIA,Summer,2006,2.4842814371257487
RICE_008226,Rice,West Bengal,PURULIA,Winter,2006,2.615425957855097
RICE_008227,Rice,Andhra Pradesh,ANANTAPUR,Kharif,2007,3.1666666666666665
RICE_008228,Rice,Andhra Pradesh,ANANTAPUR,Rabi,2007,2.642857142857143
RICE_008229,Rice,Andhra Pradesh,CHITTOOR,Kharif,2007,2.8
RICE_008230,Rice,Andhra Pradesh,CHITTOOR,Rabi,2007,3.135135135135135
RICE_008231,Rice,Andhra Pradesh,EAST GODAVARI,Kharif,2007,2.9545454545454546
RICE_008232,Rice,Andhra Pradesh,EAST GODAVARI,Rabi,2007,4.7514792899408285
RICE_008233,Rice,Andhra Pradesh,GUNTUR,Kharif,2007,3.4487632508833923
RICE_008234,Rice,Andhra Pradesh,GUNTUR,Rabi,2007,3.5416666666666665
RICE_008235,Rice,Andhra Pradesh,KADAPA,Kharif,2007,3.088888888888889
RICE_008236,Rice,Andhra Pradesh,KADAPA,Rabi,2007,2.6470588235294117
RICE_008237,Rice,Andhra Pradesh,KRISHNA,Kharif,2007,3.6168582375478926
RICE_008238,Rice,Andhra Pradesh,KRISHNA,Rabi,2007,3.776595744680851
RICE_008239,Rice,Andhra Pradesh,KURNOOL,Kharif,2007,3.688888888888889
RICE_008240,Rice,Andhra Pradesh,KURNOOL,Rabi,2007,2.6842105263157894
RICE_008241,Rice,Andhra Pradesh,PRAKASAM,Kharif,2007,3.6808510638297873
RICE_008242,Rice,Andhra Pradesh,PRAKASAM,Rabi,2007,3.5875
RICE_008243,Rice,Andhra Pradesh,SPSR NELLORE,Kharif,2007,3.5217391304347827
RICE_008244,Rice,Andhra Pradesh,SPSR NELLORE,Rabi,2007,3.6968085106382977
RICE_008245,Rice,Andhra Pradesh,SRIKAKULAM,Kharif,2007,3.0497512437810945
RICE_008246,Rice,Andhra Pradesh,SRIKAKULAM,Rabi,2007,3.0
RICE_008247,Rice,Andhra Pradesh,VISAKHAPATANAM,Kharif,2007,2.03125
RICE_008248,Rice,Andhra Pradesh,VISAKHAPATANAM,Rabi,2007,2.0
RICE_008249,Rice,Andhra Pradesh,VIZIANAGARAM,Kharif,2007,2.9193548387096775
RICE_008250,Rice,Andhra Pradesh,VIZIANAGARAM,Rabi,2007,2.3333333333333335
RICE_008251,Rice,Andhra Pradesh,WEST GODAVARI,Kharif,2007,3.248031496062992
RICE_008252,Rice,Andhra Pradesh,WEST GODAVARI,Rabi,2007,4.239583333333333
RICE_008253,Rice,Arunachal Pradesh,ANJAW,Kharif,2007,0.6193390452876377
RICE_008254,Rice,Arunachal Pradesh,CHANGLANG,Kharif,2007,1.753808731276405
RICE_008255,Rice,Arunachal Pradesh,DIBANG VALLEY,Kharif,2007,0.6991666666666667
RICE_008256,Rice,Arunachal Pradesh,EAST KAMENG,Kharif,2007,0.8478048780487805
RICE_008257,Rice,Arunachal Pradesh,EAST SIANG,Kharif,2007,1.523
RICE_008258,Rice,Arunachal Pradesh,KURUNG KUMEY,Kharif,2007,1.23
RICE_008259,Rice,Arunachal Pradesh,LOHIT,Kharif,2007,1.6342718446601943
RICE_008260,Rice,Arunachal Pradesh,LOWER DIBANG VALLEY,Kharif,2007,1.2307762557077626
RICE_008261,Rice,Arunachal Pradesh,LOWER SUBANSIRI,Kharif,2007,1.2308392973324658
RICE_008262,Rice,Arunachal Pradesh,PAPUM PARE,Kharif,2007,1.5384786229872294
RICE_008263,Rice,Arunachal Pradesh,TAWANG,Kharif,2007,1.405194805194805
RICE_008264,Rice,Arunachal Pradesh,TIRAP,Kharif,2007,0.722
RICE_008265,Rice,Arunachal Pradesh,UPPER SIANG,Kharif,2007,1.1926984126984126
RICE_008266,Rice,Arunachal Pradesh,UPPER SUBANSIRI,Kharif,2007,2.1723529411764706
RICE_008267,Rice,Arunachal Pradesh,WEST KAMENG,Kharif,2007,0.9396051103368177
RICE_008268,Rice,Arunachal Pradesh,WEST SIANG,Kharif,2007,0.8791230812392289
RICE_008269,Rice,Assam,BAKSA,Autumn,2007,0.9403739965662846
RICE_008270,Rice,Assam,BAKSA,Summer,2007,2.013054463784391
RICE_008271,Rice,Assam,BAKSA,Winter,2007,1.2508282386693534
RICE_008272,Rice,Assam,BARPETA,Autumn,2007,0.5423072339411275
RICE_008273,Rice,Assam,BARPETA,Summer,2007,2.226038386119199
RICE_008274,Rice,Assam,BARPETA,Winter,2007,1.1874732910945542
RICE_008275,Rice,Assam,BONGAIGAON,Autumn,2007,0.7532767583418492
RICE_008276,Rice,Assam,BONGAIGAON,Summer,2007,2.3766601082144616
RICE_008277,Rice,Assam,BONGAIGAON,Winter,2007,0.9403275910759672
RICE_008278,Rice,Assam,CACHAR,Autumn,2007,1.6029615004935833
RICE_008279,Rice,Assam,CACHAR,Summer,2007,1.9145661157024794
RICE_008280,Rice,Assam,CACHAR,Winter,2007,0.8017334235114351
RICE_008281,Rice,Assam,CHIRANG,Autumn,2007,0.7847034404679539
RICE_008282,Rice,Assam,CHIRANG,Summer,2007,1.6084223758642364
RICE_008283,Rice,Assam,CHIRANG,Winter,2007,0.9894651539708266
RICE_008284,Rice,Assam,DARRANG,Autumn,2007,1.192617702448211
RICE_008285,Rice,Assam,DARRANG,Summer,2007,2.368997404282933
RICE_008286,Rice,Assam,DARRANG,Winter,2007,1.5602671824941063
RICE_008287,Rice,Assam,DHEMAJI,Autumn,2007,0.7189073514602216
RICE_008288,Rice,Assam,DHEMAJI,Summer,2007,2.26697965571205
RICE_008289,Rice,Assam,DHEMAJI,Winter,2007,1.283704757388968
RICE_008290,Rice,Assam,DHUBRI,Autumn,2007,0.8630902013877136
RICE_008291,Rice,Assam,DHUBRI,Summer,2007,2.867882319277892
RICE_008292,Rice,Assam,DHUBRI,Winter,2007,1.0664846002124109
RICE_008293,Rice,Assam,DIBRUGARH,Autumn,2007,0.700374531835206
RICE_008294,Rice,Assam,DIBRUGARH,Summer,2007,2.2941176470588234
RICE_008295,Rice,Assam,DIBRUGARH,Winter,2007,1.5967009323452068
RICE_008296,Rice,Assam,DIMA HASAO,Autumn,2007,1.462106615285806
RICE_008297,Rice,Assam,DIMA HASAO,Summer,2007,2.272727272727273
RICE_008298,Rice,Assam,DIMA HASAO,Winter,2007,2.1218041485769414
RICE_008299,Rice,Assam,GOALPARA,Autumn,2007,1.1001311475409836
RICE_008300,Rice,Assam,GOALPARA,Summer,2007,2.8739779005524864
RICE_008301,Rice,Assam,GOALPARA,Winter,2007,1.24503884572697
RICE_008302,Rice,Assam,GOLAGHAT,Autumn,2007,1.8
RICE_008303,Rice,Assam,GOLAGHAT,Summer,2007,1.950997150997151
RICE_008304,Rice,Assam,GOLAGHAT,Winter,2007,1.9103642600457367
RICE_008305,Rice,Assam,HAILAKANDI,Autumn,2007,1.8008319467554077
RICE_008306,Rice,Assam,HAILAKANDI,Summer,2007,1.8451428571428572
RICE_008307,Rice,Assam,HAILAKANDI,Winter,2007,1.9946082337317397
RICE_008308,Rice,Assam,JORHAT,Autumn,2007,0.9471238938053097
RICE_008309,Rice,Assam,JORHAT,Summer,2007,1.8389261744966443
RICE_008310,Rice,Assam,JORHAT,Winter,2007,1.358403325176158
RICE_008311,Rice,Assam,KAMRUP,Autumn,2007,1.1416995778292252
RICE_008312,Rice,Assam,KAMRUP,Summer,2007,2.846929207688701
RICE_008313,Rice,Assam,KAMRUP,Winter,2007,1.5052790781418797
RICE_008314,Rice,Assam,KAMRUP METRO,Autumn,2007,1.7691532258064515
RICE_008315,Rice,Assam,KAMRUP METRO,Summer,2007,2.2329531051964513
RICE_008316,Rice,Assam,KAMRUP METRO,Winter,2007,1.6390943001112492
RICE_008317,Rice,Assam,KARBI ANGLONG,Autumn,2007,1.2923076923076924
RICE_008318,Rice,Assam,KARBI ANGLONG,Summer,2007,1.3264563106796117
RICE_008319,Rice,Assam,KARBI ANGLONG,Winter,2007,1.5801452171475592
RICE_008320,Rice,Assam,KARIMGANJ,Autumn,2007,1.4672881355932204
RICE_008321,Rice,Assam,KARIMGANJ,Summer,2007,2.0680361854504334
RICE_008322,Rice,Assam,KARIMGANJ,Winter,2007,1.516903027980069
RICE_008323,Rice,Assam,KOKRAJHAR,Autumn,2007,0.8575354856665739
RICE_008324,Rice,Assam,KOKRAJHAR,Summer,2007,1.7368094029928027
RICE_008325,Rice,Assam,KOKRAJHAR,Winter,2007,1.2055708185760154
RICE_008326,Rice,Assam,LAKHIMPUR,Autumn,2007,0.6258408969567538
RICE_008327,Rice,Assam,LAKHIMPUR,Summer,2007,0.694823558342555
RICE_008328,Rice,Assam,LAKHIMPUR,Winter,2007,0.793278552303573
RICE_008329,Rice,Assam,MARIGAON,Autumn,2007,0.3602216748768473
RICE_008330,Rice,Assam,MARIGAON,Summer,2007,2.314993412384717
RICE_008331,Rice,Assam,MARIGAON,Winter,2007,0.6087368037859483
RICE_008332,Rice,Assam,NAGAON,Autumn,2007,1.3338054025701547
RICE_008333,Rice,Assam,NAGAON,Summer,2007,2.4491856144696564
RICE_008334,Rice,Assam,NAGAON,Winter,2007,1.4265185003900454
RICE_008335,Rice,Assam,NALBARI,Autumn,2007,1.0302739726027397
RICE_008336,Rice,Assam,NALBARI,Summer,2007,1.6219512195121952
RICE_008337,Rice,Assam,NALBARI,Winter,2007,1.6804153846153846
RICE_008338,Rice,Assam,SIVASAGAR,Autumn,2007,1.0829694323144106
RICE_008339,Rice,Assam,SIVASAGAR,Summer,2007,2.3125
RICE_008340,Rice,Assam,SIVASAGAR,Winter,2007,1.6940342523780416
RICE_008341,Rice,Assam,SONITPUR,Autumn,2007,1.1485389860841124
RICE_008342,Rice,Assam,SONITPUR,Summer,2007,1.7100007424456158
RICE_008343,Rice,Assam,SONITPUR,Winter,2007,1.3183745874587458
RICE_008344,Rice,Assam,TINSUKIA,Autumn,2007,0.9971577451444813
RICE_008345,Rice,Assam,TINSUKIA,Summer,2007,2.3333333333333335
RICE_008346,Rice,Assam,TINSUKIA,Winter,2007,1.4257182281347296
RICE_008347,Rice,Assam,UDALGURI,Autumn,2007,0.9297396210590523
RICE_008348,Rice,Assam,UDALGURI,Summer,2007,1.9610880922356333
RICE_008349,Rice,Assam,UDALGURI,Winter,2007,1.263674889843114
RICE_008350,Rice,Bihar,ARARIA,Autumn,2007,0.9725719424460432
RICE_008351,Rice,Bihar,ARARIA,Summer,2007,1.4561302681992336
RICE_008352,Rice,Bihar,ARARIA,Winter,2007,0.20039775769562795
RICE_008353,Rice,Bihar,ARWAL,Autumn,2007,0.8
RICE_008354,Rice,Bihar,ARWAL,Summer,2007,1.1578947368421053
RICE_008355,Rice,Bihar,ARWAL,Winter,2007,1.8648826431454626
RICE_008356,Rice,Bihar,AURANGABAD,Winter,2007,2.51610403591688
RICE_008357,Rice,Bihar,BANKA,Winter,2007,2.3978019792132876
RICE_008358,Rice,Bihar,BEGUSARAI,Autumn,2007,0.11302170283806344
RICE_008359,Rice,Bihar,BEGUSARAI,Summer,2007,1.1829652996845426
RICE_008360,Rice,Bihar,BEGUSARAI,Winter,2007,0.03349106203995794
RICE_008361,Rice,Bihar,BHAGALPUR,Autumn,2007,0.5922580645161291
RICE_008362,Rice,Bihar,BHAGALPUR,Summer,2007,1.3828571428571428
RICE_008363,Rice,Bihar,BHAGALPUR,Winter,2007,1.038285570638512
RICE_008364,Rice,Bihar,BHOJPUR,Autumn,2007,0.6980461811722913
RICE_008365,Rice,Bihar,BHOJPUR,Summer,2007,1.3103448275862069
RICE_008366,Rice,Bihar,BHOJPUR,Winter,2007,2.5674478773228584
RICE_008367,Rice,Bihar,BUXAR,Winter,2007,2.861254911023804
RICE_008368,Rice,Bihar,DARBHANGA,Autumn,2007,0.3161963078601958
RICE_008369,Rice,Bihar,DARBHANGA,Summer,2007,1.9847211611917495
RICE_008370,Rice,Bihar,DARBHANGA,Winter,2007,0.4417463018719728
RICE_008371,Rice,Bihar,GAYA,Autumn,2007,0.573208722741433
RICE_008372,Rice,Bihar,GAYA,Summer,2007,1.2307692307692308
RICE_008373,Rice,Bihar,GAYA,Winter,2007,2.2025015157299084
RICE_008374,Rice,Bihar,GOPALGANJ,Autumn,2007,0.8670826833073323
RICE_008375,Rice,Bihar,GOPALGANJ,Winter,2007,0.928019058090526
RICE_008376,Rice,Bihar,JAMUI,Winter,2007,1.8532017904448708
RICE_008377,Rice,Bihar,JEHANABAD,Summer,2007,1.0
RICE_008378,Rice,Bihar,JEHANABAD,Winter,2007,1.7341289416764696
RICE_008379,Rice,Bihar,KAIMUR (BHABUA),Autumn,2007,0.7073170731707317
RICE_008380,Rice,Bihar,KAIMUR (BHABUA),Winter,2007,2.396527882158425
RICE_008381,Rice,Bihar,KATIHAR,Autumn,2007,0.6840186809431598
RICE_008382,Rice,Bihar,KATIHAR,Summer,2007,1.750255159900204
RICE_008383,Rice,Bihar,KATIHAR,Winter,2007,0.3450132164270518
RICE_008384,Rice,Bihar,KHAGARIA,Autumn,2007,0.054481546572934976
RICE_008385,Rice,Bihar,KHAGARIA,Summer,2007,1.155844155844156
RICE_008386,Rice,Bihar,KHAGARIA,Winter,2007,0.22309247094492168
RICE_008387,Rice,Bihar,KISHANGANJ,Autumn,2007,0.6613386613386614
RICE_008388,Rice,Bihar,KISHANGANJ,Summer,2007,0.8628011787138152
RICE_008389,Rice,Bihar,KISHANGANJ,Winter,2007,0.7358117789005354
RICE_008390,Rice,Bihar,LAKHISARAI,Winter,2007,3.10406036844084
RICE_008391,Rice,Bihar,MADHEPURA,Autumn,2007,1.3034942585504383
RICE_008392,Rice,Bihar,MADHEPURA,Summer,2007,1.6151461470327724
RICE_008393,Rice,Bihar,MADHEPURA,Winter,2007,1.486163389442621
RICE_008394,Rice,Bihar,MADHUBANI,Autumn,2007,0.5975235531628533
RICE_008395,Rice,Bihar,MADHUBANI,Summer,2007,1.2572178477690288
RICE_008396,Rice,Bihar,MADHUBANI,Winter,2007,0.4303211256418258
RICE_008397,Rice,Bihar,MUNGER,Autumn,2007,0.775
RICE_008398,Rice,Bihar,MUNGER,Winter,2007,1.809896081609305
RICE_008399,Rice,Bihar,MUZAFFARPUR,Autumn,2007,0.10092545142133663
RICE_008400,Rice,Bihar,MUZAFFARPUR,Winter,2007,0.09051955854915726
RICE_008401,Rice,Bihar,NALANDA,Autumn,2007,0.58
RICE_008402,Rice,Bihar,NALANDA,Summer,2007,1.4352941176470588
RICE_008403,Rice,Bihar,NALANDA,Winter,2007,1.3158584243716138
RICE_008404,Rice,Bihar,NAWADA,Winter,2007,2.045124716553288
RICE_008405,Rice,Bihar,PASHCHIM CHAMPARAN,Autumn,2007,0.5838630963847685
RICE_008406,Rice,Bihar,PASHCHIM CHAMPARAN,Summer,2007,1.5429612581511316
RICE_008407,Rice,Bihar,PASHCHIM CHAMPARAN,Winter,2007,0.37500515485174646
RICE_008408,Rice,Bihar,PATNA,Winter,2007,1.055430284996978
RICE_008409,Rice,Bihar,PURBI CHAMPARAN,Autumn,2007,0.40204262400687135
RICE_008410,Rice,Bihar,PURBI CHAMPARAN,Summer,2007,1.6347826086956523
RICE_008411,Rice,Bihar,PURBI CHAMPARAN,Winter,2007,0.16462533173191027
RICE_008412,Rice,Bihar,PURNIA,Autumn,2007,0.6456995252722704
RICE_008413,Rice,Bihar,PURNIA,Summer,2007,1.7954018025797398
RICE_008414,Rice,Bihar,PURNIA,Winter,2007,0.8687476854340632
RICE_008415,Rice,Bihar,ROHTAS,Autumn,2007,0.5833333333333334
RICE_008416,Rice,Bihar,ROHTAS,Winter,2007,2.665062682031151
RICE_008417,Rice,Bihar,SAHARSA,Autumn,2007,0.8475111930471425
RICE_008418,Rice,Bihar,SAHARSA,Summer,2007,1.4501773621412448
RICE_008419,Rice,Bihar,SAHARSA,Winter,2007,0.8803274861602081
RICE_008420,Rice,Bihar,SAMASTIPUR,Autumn,2007,0.17131232378029196
RICE_008421,Rice,Bihar,SAMASTIPUR,Summer,2007,1.6048703849175177
RICE_008422,Rice,Bihar,SAMASTIPUR,Winter,2007,0.06039680752583252
RICE_008423,Rice,Bihar,SARAN,Autumn,2007,1.331008583690987
RICE_008424,Rice,Bihar,SARAN,Summer,2007,1.156549520766773
RICE_008425,Rice,Bihar,SARAN,Winter,2007,1.5098098733408758
RICE_008426,Rice,Bihar,SHEIKHPURA,Winter,2007,1.7716652704086382
RICE_008427,Rice,Bihar,SHEOHAR,Autumn,2007,0.4303153611393693
RICE_008428,Rice,Bihar,SHEOHAR,Winter,2007,0.3614744930214463
RICE_008429,Rice,Bihar,SITAMARHI,Autumn,2007,0.43061310782241013
RICE_008430,Rice,Bihar,SITAMARHI,Summer,2007,1.4503042596348885
RICE_008431,Rice,Bihar,SITAMARHI,Winter,2007,0.5535589183130166
RICE_008432,Rice,Bihar,SIWAN,Autumn,2007,0.7480781665349522
RICE_008433,Rice,Bihar,SIWAN,Summer,2007,1.6444444444444444
RICE_008434,Rice,Bihar,SIWAN,Winter,2007,1.0631774726641632
RICE_008435,Rice,Bihar,SUPAUL,Autumn,2007,1.2498445381054377
RICE_008436,Rice,Bihar,SUPAUL,Summer,2007,1.3406795224977044
RICE_008437,Rice,Bihar,SUPAUL,Winter,2007,1.4181547226544984
RICE_008438,Rice,Bihar,VAISHALI,Autumn,2007,0.7029978586723769
RICE_008439,Rice,Bihar,VAISHALI,Summer,2007,1.5988700564971752
RICE_008440,Rice,Bihar,VAISHALI,Winter,2007,0.5305120167189132
RICE_008441,Rice,Chandigarh,CHANDIGARH,Kharif,2007,5.0
RICE_008442,Rice,Chhattisgarh,BASTAR,Kharif,2007,1.4414057118524486
RICE_008443,Rice,Chhattisgarh,BIJAPUR,Kharif,2007,1.335097146227188
RICE_008444,Rice,Chhattisgarh,BILASPUR,Kharif,2007,1.443992323165218
RICE_008445,Rice,Chhattisgarh,DANTEWADA,Kharif,2007,1.3982296100044027
RICE_008446,Rice,Chhattisgarh,DHAMTARI,Kharif,2007,1.9775721975246563
RICE_008447,Rice,Chhattisgarh,DURG,Kharif,2007,1.5706656637833771
RICE_008448,Rice,Chhattisgarh,JANJGIR-CHAMPA,Kharif,2007,2.1219639787758764
RICE_008449,Rice,Chhattisgarh,JASHPUR,Kharif,2007,1.2147539266438427
RICE_008450,Rice,Chhattisgarh,KABIRDHAM,Kharif,2007,1.1200661580323321
RICE_008451,Rice,Chhattisgarh,KANKER,Kharif,2007,1.654236656988753
RICE_008452,Rice,Chhattisgarh,KORBA,Kharif,2007,1.0982990038062976
RICE_008453,Rice,Chhattisgarh,KOREA,Kharif,2007,0.7972798958257976
RICE_008454,Rice,Chhattisgarh,MAHASAMUND,Kharif,2007,1.3723499749734223
RICE_008455,Rice,Chhattisgarh,NARAYANPUR,Kharif,2007,1.4745489157424267
RICE_008456,Rice,Chhattisgarh,RAIGARH,Kharif,2007,1.2923096021351872
RICE_008457,Rice,Chhattisgarh,RAIPUR,Kharif,2007,1.4918796468831848
RICE_008458,Rice,Chhattisgarh,RAJNANDGAON,Kharif,2007,1.083627463417182
RICE_008459,Rice,Chhattisgarh,SURGUJA,Kharif,2007,1.2200239288933368
RICE_008460,Rice,Dadra and Nagar Haveli,DADRA AND NAGAR HAVELI,Kharif,2007,1.7426470588235294
RICE_008461,Rice,Goa,NORTH GOA,Kharif,2007,2.4253195292213268
RICE_008462,Rice,Goa,SOUTH GOA,Kharif,2007,2.2078711509450706
RICE_008463,Rice,Gujarat,AHMADABAD,Kharif,2007,2.035171102661597
RICE_008464,Rice,Gujarat,AHMADABAD,Summer,2007,3.0714285714285716
RICE_008465,Rice,Gujarat,ANAND,Kharif,2007,2.326364692218351
RICE_008466,Rice,Gujarat,ANAND,Summer,2007,3.06
RICE_008467,Rice,Gujarat,BHARUCH,Kharif,2007,1.4736842105263157
RICE_008468,Rice,Gujarat,BHARUCH,Summer,2007,3.0833333333333335
RICE_008469,Rice,Gujarat,DANG,Kharif,2007,1.3571428571428572
RICE_008470,Rice,Gujarat,DOHAD,Kharif,2007,0.989821882951654
RICE_008471,Rice,Gujarat,GANDHINAGAR,Kharif,2007,2.5
RICE_008472,Rice,Gujarat,GANDHINAGAR,Summer,2007,3.066666666666667
RICE_008473,Rice,Gujarat,KHEDA,Kharif,2007,2.37875751503006
RICE_008474,Rice,Gujarat,KHEDA,Summer,2007,3.1458333333333335
RICE_008475,Rice,Gujarat,MAHESANA,Kharif,2007,2.3012048192771086
RICE_008476,Rice,Gujarat,NARMADA,Kharif,2007,0.8529411764705882
RICE_008477,Rice,Gujarat,NAVSARI,Kharif,2007,2.5111607142857144
RICE_008478,Rice,Gujarat,NAVSARI,Summer,2007,3.081967213114754
RICE_008479,Rice,Gujarat,PANCH MAHALS,Kharif,2007,1.0426356589147288
RICE_008480,Rice,Gujarat,PANCH MAHALS,Summer,2007,3.0
RICE_008481,Rice,Gujarat,SABAR KANTHA,Kharif,2007,2.174757281553398
RICE_008482,Rice,Gujarat,SURAT,Kharif,2007,1.924223602484472
RICE_008483,Rice,Gujarat,SURAT,Summer,2007,2.7468354430379747
RICE_008484,Rice,Gujarat,SURENDRANAGAR,Kharif,2007,1.875
RICE_008485,Rice,Gujarat,VADODARA,Kharif,2007,1.3615635179153094
RICE_008486,Rice,Gujarat,VALSAD,Kharif,2007,2.220869565217391
RICE_008487,Rice,Gujarat,VALSAD,Summer,2007,3.125
RICE_008488,Rice,Haryana,AMBALA,Kharif,2007,3.685274865627162
RICE_008489,Rice,Haryana,BHIWANI,Kharif,2007,2.6994196247806723
RICE_008490,Rice,Haryana,FARIDABAD,Kharif,2007,3.217635380297118
RICE_008491,Rice,Haryana,FATEHABAD,Kharif,2007,4.348242243583608
RICE_008492,Rice,Haryana,GURGAON,Kharif,2007,3.8240917782026767
RICE_008493,Rice,Haryana,HISAR,Kharif,2007,2.631159304736087
RICE_008494,Rice,Haryana,JHAJJAR,Kharif,2007,2.2899137288316114
RICE_008495,Rice,Haryana,JIND,Kharif,2007,2.614008566389519
RICE_008496,Rice,Haryana,KAITHAL,Kharif,2007,3.3725593320623233
RICE_008497,Rice,Haryana,KARNAL,Kharif,2007,3.6494385249089136
RICE_008498,Rice,Haryana,KURUKSHETRA,Kharif,2007,4.016204512118461
RICE_008499,Rice,Haryana,MEWAT,Kharif,2007,2.575810794988877
RICE_008500,Rice,Haryana,PANCHKULA,Kharif,2007,2.8216704288939054
RICE_008501,Rice,Haryana,PANIPAT,Kharif,2007,2.553237722729248
RICE_008502,Rice,Haryana,REWARI,Kharif,2007,3.658536585365854
RICE_008503,Rice,Haryana,ROHTAK,Kharif,2007,2.244572020546467
RICE_008504,Rice,Haryana,SIRSA,Kharif,2007,3.9156376895665868
RICE_008505,Rice,Haryana,SONIPAT,Kharif,2007,2.6919032597266037
RICE_008506,Rice,Haryana,YAMUNANAGAR,Kharif,2007,3.8276705168198295
RICE_008507,Rice,Himachal Pradesh,BILASPUR,Kharif,2007,2.2458784738577484
RICE_008508,Rice,Himachal Pradesh,CHAMBA,Kharif,2007,1.2361419068736141
RICE_008509,Rice,Himachal Pradesh,HAMIRPUR,Kharif,2007,1.5647873392680514
RICE_008510,Rice,Himachal Pradesh,KANGRA,Kharif,2007,1.4543250451227068
RICE_008511,Rice,Himachal Pradesh,KINNAUR,Kharif,2007,1.5384615384615385
RICE_008512,Rice,Himachal Pradesh,KULLU,Kharif,2007,1.350578624914908
RICE_008513,Rice,Himachal Pradesh,MANDI,Kharif,2007,1.2841953875391647
RICE_008514,Rice,Himachal Pradesh,SHIMLA,Kharif,2007,0.9768292682926829
RICE_008515,Rice,Himachal Pradesh,SIRMAUR,Kharif,2007,2.2728079517216897
RICE_008516,Rice,Himachal Pradesh,SOLAN,Kharif,2007,2.32728108480809
RICE_008517,Rice,Himachal Pradesh,UNA,Kharif,2007,2.2990608007909046
RICE_008518,Rice,Jammu and Kashmir,ANANTNAG,Kharif,2007,2.585784899944192
RICE_008519,Rice,Jammu and Kashmir,BADGAM,Kharif,2007,2.2120214793001907
RICE_008520,Rice,Jammu and Kashmir,BANDIPORA,Kharif,2007,2.742282019190655
RICE_008521,Rice,Jammu and Kashmir,BARAMULLA,Kharif,2007,2.7418061777882574
RICE_008522,Rice,Jammu and Kashmir,DODA,Kharif,2007,0.9421841541755889
RICE_008523,Rice,Jammu and Kashmir,GANDERBAL,Kharif,2007,2.6680617003467657
RICE_008524,Rice,Jammu and Kashmir,JAMMU,Kharif,2007,1.8512303809448696
RICE_008525,Rice,Jammu and Kashmir,KATHUA,Kharif,2007,1.9093678598629094
RICE_008526,Rice,Jammu and Kashmir,KISHTWAR,Kharif,2007,0.9406150583244963
RICE_008527,Rice,Jammu and Kashmir,KULGAM,Kharif,2007,2.585991871276655
RICE_008528,Rice,Jammu and Kashmir,KUPWARA,Kharif,2007,1.5812610721081295
RICE_008529,Rice,Jammu and Kashmir,POONCH,Kharif,2007,1.8206595802671028
RICE_008530,Rice,Jammu and Kashmir,PULWAMA,Kharif,2007,2.752898290904745
RICE_008531,Rice,Jammu and Kashmir,RAJAURI,Kharif,2007,1.5846085182351441
RICE_008532,Rice,Jammu and Kashmir,RAMBAN,Kharif,2007,0.9413164155432197
RICE_008533,Rice,Jammu and Kashmir,REASI,Kharif,2007,1.1778036025566532
RICE_008534,Rice,Jammu and Kashmir,SAMBA,Kharif,2007,1.851192595229619
RICE_008535,Rice,Jammu and Kashmir,SHOPIAN,Kharif,2007,2.7571942446043165
RICE_008536,Rice,Jammu and Kashmir,SRINAGAR,Kharif,2007,2.67
RICE_008537,Rice,Jammu and Kashmir,UDHAMPUR,Kharif,2007,1.1770146837784714
RICE_008538,Rice,Jharkhand,BOKARO,Autumn,2007,0.778079357976511
RICE_008539,Rice,Jharkhand,BOKARO,Winter,2007,1.2306686721092888
RICE_008540,Rice,Jharkhand,CHATRA,Autumn,2007,0.9234739808820669
RICE_008541,Rice,Jharkhand,CHATRA,Winter,2007,1.1193394657071742
RICE_008542,Rice,Jharkhand,DEOGHAR,Autumn,2007,1.3019809035200227
RICE_008543,Rice,Jharkhand,DEOGHAR,Winter,2007,1.8499994033846532
RICE_008544,Rice,Jharkhand,DHANBAD,Winter,2007,1.6700033358060586
RICE_008545,Rice,Jharkhand,DUMKA,Autumn,2007,1.0079431755199673
RICE_008546,Rice,Jharkhand,DUMKA,Winter,2007,1.3526581748073963
RICE_008547,Rice,Jharkhand,EAST SINGHBUM,Autumn,2007,0.7592348553253452
RICE_008548,Rice,Jharkhand,EAST SINGHBUM,Winter,2007,1.0446677689086743
RICE_008549,Rice,Jharkhand,GARHWA,Autumn,2007,0.4386960460079296
RICE_008550,Rice,Jharkhand,GARHWA,Winter,2007,0.6520263689980906
RICE_008551,Rice,Jharkhand,GIRIDIH,Autumn,2007,0.9419686537140912
RICE_008552,Rice,Jharkhand,GIRIDIH,Winter,2007,1.4413368334784702
RICE_008553,Rice,Jharkhand,GODDA,Autumn,2007,0.8813405290531849
RICE_008554,Rice,Jharkhand,GODDA,Winter,2007,1.5719997354229955
RICE_008555,Rice,Jharkhand,GUMLA,Autumn,2007,0.9053318294328685
RICE_008556,Rice,Jharkhand,GUMLA,Winter,2007,0.941328523796273
RICE_008557,Rice,Jharkhand,HAZARIBAGH,Autumn,2007,0.9747518939332334
RICE_008558,Rice,Jharkhand,HAZARIBAGH,Winter,2007,1.521340326257223
RICE_008559,Rice,Jharkhand,JAMTARA,Autumn,2007,1.6444444444444444
RICE_008560,Rice,Jharkhand,JAMTARA,Winter,2007,1.227334814004721
RICE_008561,Rice,Jharkhand,KODERMA,Autumn,2007,0.9973612153866537
RICE_008562,Rice,Jharkhand,KODERMA,Winter,2007,1.5360133281095392
RICE_008563,Rice,Jharkhand,LATEHAR,Autumn,2007,0.6300548268863781
RICE_008564,Rice,Jharkhand,LATEHAR,Winter,2007,0.9966814899094436
RICE_008565,Rice,Jharkhand,LOHARDAGA,Autumn,2007,1.2086766265008846
RICE_008566,Rice,Jharkhand,LOHARDAGA,Winter,2007,1.9159974178186432
RICE_008567,Rice,Jharkhand,PAKUR,Autumn,2007,0.8445731777673706
RICE_008568,Rice,Jharkhand,PAKUR,Winter,2007,1.2166599848329362
RICE_008569,Rice,Jharkhand,PALAMU,Autumn,2007,0.710003902735344
RICE_008570,Rice,Jharkhand,PALAMU,Winter,2007,1.0226671165897765
RICE_008571,Rice,Jharkhand,RANCHI,Autumn,2007,0.8446707245199665
RICE_008572,Rice,Jharkhand,RANCHI,Winter,2007,1.3073346839946811
RICE_008573,Rice,Jharkhand,SAHEBGANJ,Autumn,2007,0.665239429297597
RICE_008574,Rice,Jharkhand,SAHEBGANJ,Winter,2007,0.9006567775072453
RICE_008575,Rice,Jharkhand,SARAIKELA KHARSAWAN,Autumn,2007,0.708240298963499
RICE_008576,Rice,Jharkhand,SARAIKELA KHARSAWAN,Winter,2007,1.4846620566336342
RICE_008577,Rice,Jharkhand,SIMDEGA,Autumn,2007,1.0486753153837167
RICE_008578,Rice,Jharkhand,SIMDEGA,Winter,2007,1.668672721669035
RICE_008579,Rice,Jharkhand,WEST SINGHBHUM,Autumn,2007,0.6680283466871418
RICE_008580,Rice,Jharkhand,WEST SINGHBHUM,Winter,2007,1.074000236220793
RICE_008581,Rice,Karnataka,BAGALKOT,Kharif,2007,3.0294117647058822
RICE_008582,Rice,Karnataka,BANGALORE RURAL,Kharif,2007,2.978894472361809
RICE_008583,Rice,Karnataka,BANGALORE RURAL,Rabi,2007,2.1875
RICE_008584,Rice,Karnataka,BANGALORE RURAL,Summer,2007,3.05
RICE_008585,Rice,Karnataka,BELGAUM,Kharif,2007,1.4442310746617768
RICE_008586,Rice,Karnataka,BELGAUM,Summer,2007,3.0
RICE_008587,Rice,Karnataka,BELLARY,Kharif,2007,3.7040484614279934
RICE_008588,Rice,Karnataka,BELLARY,Rabi,2007,3.852861035422343
RICE_008589,Rice,Karnataka,BELLARY,Summer,2007,3.2157495720224993
RICE_008590,Rice,Karnataka,BENGALURU URBAN,Kharif,2007,3.1201575837163493
RICE_008591,Rice,Karnataka,BENGALURU URBAN,Summer,2007,3.1760154738878144
RICE_008592,Rice,Karnataka,BIDAR,Kharif,2007,0.619935408103347
RICE_008593,Rice,Karnataka,BIDAR,Rabi,2007,1.7307692307692308
RICE_008594,Rice,Karnataka,BIJAPUR,Kharif,2007,2.25
RICE_008595,Rice,Karnataka,CHAMARAJANAGAR,Kharif,2007,2.6429178298337175
RICE_008596,Rice,Karnataka,CHAMARAJANAGAR,Rabi,2007,2.5384615384615383
RICE_008597,Rice,Karnataka,CHAMARAJANAGAR,Summer,2007,2.416747494342063
RICE_008598,Rice,Karnataka,CHIKBALLAPUR,Kharif,2007,2.6789129340714646
RICE_008599,Rice,Karnataka,CHIKBALLAPUR,Rabi,2007,2.172727272727273
RICE_008600,Rice,Karnataka,CHIKBALLAPUR,Summer,2007,3.0306236080178173
RICE_008601,Rice,Karnataka,CHIKMAGALUR,Kharif,2007,2.6450380694283133
RICE_008602,Rice,Karnataka,CHIKMAGALUR,Summer,2007,2.608828939301042
RICE_008603,Rice,Karnataka,CHITRADURGA,Kharif,2007,2.5135630498533725
RICE_008604,Rice,Karnataka,CHITRADURGA,Rabi,2007,2.165137614678899
RICE_008605,Rice,Karnataka,CHITRADURGA,Summer,2007,2.4957264957264957
RICE_008606,Rice,Karnataka,DAKSHIN KANNAD,Kharif,2007,2.337006872748191
RICE_008607,Rice,Karnataka,DAKSHIN KANNAD,Rabi,2007,2.187497073284945
RICE_008608,Rice,Karnataka,DAKSHIN KANNAD,Summer,2007,2.2780269058295963
RICE_008609,Rice,Karnataka,DAVANGERE,Kharif,2007,3.05010419498052
RICE_008610,Rice,Karnataka,DAVANGERE,Summer,2007,3.6366085126119376
RICE_008611,Rice,Karnataka,DHARWAD,Kharif,2007,1.7437045109562916
RICE_008612,Rice,Karnataka,DHARWAD,Summer,2007,3.054054054054054
RICE_008613,Rice,Karnataka,GADAG,Kharif,2007,2.515274949083503
RICE_008614,Rice,Karnataka,GADAG,Summer,2007,2.365570599613153
RICE_008615,Rice,Karnataka,GULBARGA,Kharif,2007,2.7121866068174407
RICE_008616,Rice,Karnataka,GULBARGA,Rabi,2007,1.5884570765661252
RICE_008617,Rice,Karnataka,GULBARGA,Summer,2007,2.16788714804723
RICE_008618,Rice,Karnataka,HASSAN,Kharif,2007,2.467284458493916
RICE_008619,Rice,Karnataka,HASSAN,Rabi,2007,2.0272727272727273
RICE_008620,Rice,Karnataka,HASSAN,Summer,2007,2.3673367669048013
RICE_008621,Rice,Karnataka,HAVERI,Kharif,2007,2.4381822999470057
RICE_008622,Rice,Karnataka,HAVERI,Summer,2007,3.0033922946450207
RICE_008623,Rice,Karnataka,KODAGU,Kharif,2007,2.56467675228559
RICE_008624,Rice,Karnataka,KODAGU,Rabi,2007,2.16
RICE_008625,Rice,Karnataka,KODAGU,Summer,2007,2.7672209026128267
RICE_008626,Rice,Karnataka,KOLAR,Kharif,2007,1.5177558310569448
RICE_008627,Rice,Karnataka,KOLAR,Summer,2007,3.00749063670412
RICE_008628,Rice,Karnataka,KOPPAL,Kharif,2007,3.770376338496725
RICE_008629,Rice,Karnataka,KOPPAL,Summer,2007,3.7078498665359265
RICE_008630,Rice,Karnataka,MANDYA,Kharif,2007,3.2417801548901704
RICE_008631,Rice,Karnataka,MANDYA,Rabi,2007,2.5283018867924527
RICE_008632,Rice,Karnataka,MANDYA,Summer,2007,3.1026982754698094
RICE_008633,Rice,Karnataka,MYSORE,Kharif,2007,2.9873847463237033
RICE_008634,Rice,Karnataka,MYSORE,Rabi,2007,2.175
RICE_008635,Rice,Karnataka,MYSORE,Summer,2007,3.191021910812897
RICE_008636,Rice,Karnataka,RAICHUR,Kharif,2007,2.972965958286183
RICE_008637,Rice,Karnataka,RAICHUR,Summer,2007,2.7464477966950427
RICE_008638,Rice,Karnataka,RAMANAGARA,Kharif,2007,2.7491355463347165
RICE_008639,Rice,Karnataka,RAMANAGARA,Summer,2007,3.1206896551724137
RICE_008640,Rice,Karnataka,SHIMOGA,Kharif,2007,2.4318927052438397
RICE_008641,Rice,Karnataka,SHIMOGA,Summer,2007,2.949880031991469
RICE_008642,Rice,Karnataka,TUMKUR,Kharif,2007,2.9140858607432722
RICE_008643,Rice,Karnataka,TUMKUR,Rabi,2007,2.1737704918032787
RICE_008644,Rice,Karnataka,TUMKUR,Summer,2007,2.8595488096475723
RICE_008645,Rice,Karnataka,UDUPI,Kharif,2007,2.4221953926742352
RICE_008646,Rice,Karnataka,UDUPI,Rabi,2007,2.198857686815802
RICE_008647,Rice,Karnataka,UDUPI,Summer,2007,2.415492957746479
RICE_008648,Rice,Karnataka,UTTAR KANNAD,Kharif,2007,2.00835035288643
RICE_008649,Rice,Karnataka,UTTAR KANNAD,Rabi,2007,2.13462545835516
RICE_008650,Rice,Karnataka,UTTAR KANNAD,Summer,2007,2.2549824150058617
RICE_008651,Rice,Kerala,ALAPPUZHA,Autumn,2007,1.7679889876110624
RICE_008652,Rice,Kerala,ALAPPUZHA,Summer,2007,1.75109541560395
RICE_008653,Rice,Kerala,ALAPPUZHA,Winter,2007,2.125335720680394
RICE_008654,Rice,Kerala,ERNAKULAM,Autumn,2007,1.8703788224554998
RICE_008655,Rice,Kerala,ERNAKULAM,Summer,2007,1.8439177101967799
RICE_008656,Rice,Kerala,ERNAKULAM,Winter,2007,2.1114410480349344
RICE_008657,Rice,Kerala,IDUKKI,Autumn,2007,2.502164502164502
RICE_008658,Rice,Kerala,IDUKKI,Summer,2007,2.6379310344827585
RICE_008659,Rice,Kerala,IDUKKI,Winter,2007,2.784431137724551
RICE_008660,Rice,Kerala,KANNUR,Autumn,2007,1.821613832853026
RICE_008661,Rice,Kerala,KANNUR,Summer,2007,1.56198347107438
RICE_008662,Rice,Kerala,KANNUR,Winter,2007,2.0876132930513593
RICE_008663,Rice,Kerala,KASARAGOD,Autumn,2007,2.1660130718954247
RICE_008664,Rice,Kerala,KASARAGOD,Summer,2007,1.8511904761904763
RICE_008665,Rice,Kerala,KASARAGOD,Winter,2007,2.0785123966942147
RICE_008666,Rice,Kerala,KOLLAM,Autumn,2007,2.369024856596558
RICE_008667,Rice,Kerala,KOLLAM,Summer,2007,1.6166666666666667
RICE_008668,Rice,Kerala,KOLLAM,Winter,2007,2.2257401315789473
RICE_008669,Rice,Kerala,KOTTAYAM,Autumn,2007,2.5907553551296507
RICE_008670,Rice,Kerala,KOTTAYAM,Summer,2007,2.5825680414092504
RICE_008671,Rice,Kerala,KOTTAYAM,Winter,2007,2.616213885295386
RICE_008672,Rice,Kerala,KOZHIKODE,Autumn,2007,1.1379310344827587
RICE_008673,Rice,Kerala,KOZHIKODE,Summer,2007,2.031725888324873
RICE_008674,Rice,Kerala,KOZHIKODE,Winter,2007,1.162589928057554
RICE_008675,Rice,Kerala,MALAPPURAM,Autumn,2007,1.8199620972836386
RICE_008676,Rice,Kerala,MALAPPURAM,Summer,2007,3.4476439790575917
RICE_008677,Rice,Kerala,MALAPPURAM,Winter,2007,2.129835552075176
RICE_008678,Rice,Kerala,PALAKKAD,Autumn,2007,2.300193275704607
RICE_008679,Rice,Kerala,PALAKKAD,Summer,2007,2.8077555044364115
RICE_008680,Rice,Kerala,PALAKKAD,Winter,2007,2.58360142596296
RICE_008681,Rice,Kerala,PATHANAMTHITTA,Autumn,2007,2.295238095238095
RICE_008682,Rice,Kerala,PATHANAMTHITTA,Summer,2007,2.287434161023326
RICE_008683,Rice,Kerala,PATHANAMTHITTA,Winter,2007,2.380952380952381
RICE_008684,Rice,Kerala,THIRUVANANTHAPURAM,Autumn,2007,2.4774637127578303
RICE_008685,Rice,Kerala,THIRUVANANTHAPURAM,Summer,2007,2.3896103896103895
RICE_008686,Rice,Kerala,THIRUVANANTHAPURAM,Winter,2007,2.535449020931803
RICE_008687,Rice,Kerala,THRISSUR,Autumn,2007,1.7782598216437695
RICE_008688,Rice,Kerala,THRISSUR,Summer,2007,3.0241944731108816
RICE_008689,Rice,Kerala,THRISSUR,Winter,2007,2.2185768698060944
RICE_008690,Rice,Kerala,WAYANAD,Summer,2007,2.873455759599332
RICE_008691,Rice,Kerala,WAYANAD,Winter,2007,2.493678954637204
RICE_008692,Rice,Madhya Pradesh,ANUPPUR,Kharif,2007,0.6387742376102384
RICE_008693,Rice,Madhya Pradesh,ASHOKNAGAR,Kharif,2007,0.7858032378580324
RICE_008694,Rice,Madhya Pradesh,BALAGHAT,Kharif,2007,1.418016020111204
RICE_008695,Rice,Madhya Pradesh,BARWANI,Kharif,2007,0.40641206977840644
RICE_008696,Rice,Madhya Pradesh,BETUL,Kharif,2007,1.050927402816388
RICE_008697,Rice,Madhya Pradesh,BHIND,Kharif,2007,1.834375
RICE_008698,Rice,Madhya Pradesh,BHOPAL,Kharif,2007,0.7375886524822695
RICE_008699,Rice,Madhya Pradesh,BURHANPUR,Kharif,2007,1.204655248133509
RICE_008700,Rice,Madhya Pradesh,CHHATARPUR,Kharif,2007,0.3212270803949224
RICE_008701,Rice,Madhya Pradesh,CHHINDWARA,Kharif,2007,0.888362090033726
RICE_008702,Rice,Madhya Pradesh,DAMOH,Kharif,2007,0.5763274541441792
RICE_008703,Rice,Madhya Pradesh,DATIA,Kharif,2007,0.8959424083769634
RICE_008704,Rice,Madhya Pradesh,DEWAS,Kharif,2007,0.7001795332136446
RICE_008705,Rice,Madhya Pradesh,DHAR,Kharif,2007,0.6225845410628019
RICE_008706,Rice,Madhya Pradesh,DINDORI,Kharif,2007,0.8103605313092979
RICE_008707,Rice,Madhya Pradesh,GUNA,Kharif,2007,0.7948717948717948
RICE_008708,Rice,Madhya Pradesh,GWALIOR,Kharif,2007,1.4279379157427938
RICE_008709,Rice,Madhya Pradesh,HARDA,Kharif,2007,2.487410071942446
RICE_008710,Rice,Madhya Pradesh,HOSHANGABAD,Kharif,2007,1.6174727932285369
RICE_008711,Rice,Madhya Pradesh,INDORE,Kharif,2007,0.55
RICE_008712,Rice,Madhya Pradesh,JABALPUR,Kharif,2007,0.6570611760770061
RICE_008713,Rice,Madhya Pradesh,JHABUA,Kharif,2007,0.5474583698510079
RICE_008714,Rice,Madhya Pradesh,KATNI,Kharif,2007,0.43031715357508243
RICE_008715,Rice,Madhya Pradesh,KHANDWA,Kharif,2007,1.1287070568660076
RICE_008716,Rice,Madhya Pradesh,KHARGONE,Kharif,2007,0.6752329850324768
RICE_008717,Rice,Madhya Pradesh,MANDLA,Kharif,2007,0.6762197471191902
RICE_008718,Rice,Madhya Pradesh,MORENA,Kharif,2007,2.4608695652173913
RICE_008719,Rice,Madhya Pradesh,NARSINGHPUR,Kharif,2007,0.984548825710754
RICE_008720,Rice,Madhya Pradesh,NEEMUCH,Kharif,2007,0.4878048780487805
RICE_008721,Rice,Madhya Pradesh,PANNA,Kharif,2007,0.4671195433716537
RICE_008722,Rice,Madhya Pradesh,RAISEN,Kharif,2007,1.05513645440426
RICE_008723,Rice,Madhya Pradesh,RAJGARH,Kharif,2007,0.6921420882669537
RICE_008724,Rice,Madhya Pradesh,RATLAM,Kharif,2007,0.7365591397849462
RICE_008725,Rice,Madhya Pradesh,REWA,Kharif,2007,0.5239386962699553
RICE_008726,Rice,Madhya Pradesh,SAGAR,Kharif,2007,0.5377315860822413
RICE_008727,Rice,Madhya Pradesh,SATNA,Kharif,2007,0.3786041738703669
RICE_008728,Rice,Madhya Pradesh,SEHORE,Kharif,2007,0.768624014022787
RICE_008729,Rice,Madhya Pradesh,SEONI,Kharif,2007,1.2434093278186893
RICE_008730,Rice,Madhya Pradesh,SHAHDOL,Kharif,2007,0.5770221917351082
RICE_008731,Rice,Madhya Pradesh,SHAJAPUR,Kharif,2007,0.5021834061135371
RICE_008732,Rice,Madhya Pradesh,SHEOPUR,Kharif,2007,3.7383315733896514
RICE_008733,Rice,Madhya Pradesh,SHIVPURI,Kharif,2007,0.7687207488299532
RICE_008734,Rice,Madhya Pradesh,SIDHI,Kharif,2007,0.6548670401448247
RICE_008735,Rice,Madhya Pradesh,TIKAMGARH,Kharif,2007,0.16889689483616402
RICE_008736,Rice,Madhya Pradesh,UMARIA,Kharif,2007,0.5428302547491902
RICE_008737,Rice,Madhya Pradesh,VIDISHA,Kharif,2007,0.8047808764940239
RICE_008738,Rice,Maharashtra,AHMEDNAGAR,Kharif,2007,1.186046511627907
RICE_008739,Rice,Maharashtra,AMRAVATI,Kharif,2007,0.8253968253968254
RICE_008740,Rice,Maharashtra,BEED,Kharif,2007,0.4666666666666667
RICE_008741,Rice,Maharashtra,BHANDARA,Kharif,2007,1.7942340305257207
RICE_008742,Rice,Maharashtra,CHANDRAPUR,Kharif,2007,1.560446373217607
RICE_008743,Rice,Maharashtra,DHULE,Kharif,2007,0.7954545454545454
RICE_008744,Rice,Maharashtra,GADCHIROLI,Kharif,2007,1.4963112005365526
RICE_008745,Rice,Maharashtra,GONDIA,Kharif,2007,1.6571428571428573
RICE_008746,Rice,Maharashtra,HINGOLI,Kharif,2007,0.4634146341463415
RICE_008747,Rice,Maharashtra,JALGAON,Kharif,2007,1.0
RICE_008748,Rice,Maharashtra,KOLHAPUR,Kharif,2007,3.004468275245755
RICE_008749,Rice,Maharashtra,LATUR,Kharif,2007,0.46825396825396826
RICE_008750,Rice,Maharashtra,NAGPUR,Kharif,2007,1.5201612903225807
RICE_008751,Rice,Maharashtra,NANDED,Kharif,2007,0.007241379310344828
RICE_008752,Rice,Maharashtra,NANDURBAR,Kharif,2007,1.4857142857142858
RICE_008753,Rice,Maharashtra,NASHIK,Kharif,2007,1.3517786561264822
RICE_008754,Rice,Maharashtra,OSMANABAD,Kharif,2007,0.41566265060240964
RICE_008755,Rice,Maharashtra,PARBHANI,Kharif,2007,0.0038888888888888888
RICE_008756,Rice,Maharashtra,PUNE,Kharif,2007,1.2452229299363058
RICE_008757,Rice,Maharashtra,RAIGAD,Kharif,2007,2.509630818619583
RICE_008758,Rice,Maharashtra,RATNAGIRI,Kharif,2007,2.561929595827901
RICE_008759,Rice,Maharashtra,SANGLI,Kharif,2007,2.3315508021390374
RICE_008760,Rice,Maharashtra,SATARA,Kharif,2007,2.064516129032258
RICE_008761,Rice,Maharashtra,SINDHUDURG,Kharif,2007,2.7383177570093458
RICE_008762,Rice,Maharashtra,SOLAPUR,Kharif,2007,1.0
RICE_008763,Rice,Maharashtra,THANE,Kharif,2007,2.1962346125995653
RICE_008764,Rice,Maharashtra,WARDHA,Kharif,2007,1.0
RICE_008765,Rice,Maharashtra,WASHIM,Kharif,2007,1.0
RICE_008766,Rice,Maharashtra,YAVATMAL,Kharif,2007,0.6666666666666666
RICE_008767,Rice,Manipur,BISHNUPUR,Kharif,2007,2.9616279069767444
RICE_008768,Rice,Manipur,CHANDEL,Kharif,2007,2.0316856780735106
RICE_008769,Rice,Manipur,CHURACHANDPUR,Kharif,2007,1.7956389452332657
RICE_008770,Rice,Manipur,IMPHAL EAST,Kharif,2007,2.776862598277799
RICE_008771,Rice,Manipur,IMPHAL WEST,Kharif,2007,3.0164152617568765
RICE_008772,Rice,Manipur,SENAPATI,Kharif,2007,2.280016792611251
RICE_008773,Rice,Manipur,TAMENGLONG,Kharif,2007,1.9050847457627118
RICE_008774,Rice,Manipur,THOUBAL,Kharif,2007,2.2667398463227224
RICE_008775,Rice,Manipur,UKHRUL,Kharif,2007,2.356492969396195
RICE_008776,Rice,Meghalaya,EAST GARO HILLS,Autumn,2007,1.1399850383392556
RICE_008777,Rice,Meghalaya,EAST GARO HILLS,Summer,2007,1.2333333333333334
RICE_008778,Rice,Meghalaya,EAST GARO HILLS,Winter,2007,1.3790358248562582
RICE_008779,Rice,Meghalaya,EAST JAINTIA HILLS,Autumn,2007,1.7422680412371134
RICE_008780,Rice,Meghalaya,EAST JAINTIA HILLS,Summer,2007,2.5
RICE_008781,Rice,Meghalaya,EAST JAINTIA HILLS,Winter,2007,1.5269372693726937
RICE_008782,Rice,Meghalaya,EAST KHASI HILLS,Autumn,2007,2.075313807531381
RICE_008783,Rice,Meghalaya,EAST KHASI HILLS,Summer,2007,1.1481481481481481
RICE_008784,Rice,Meghalaya,EAST KHASI HILLS,Winter,2007,1.8349135527049638
RICE_008785,Rice,Meghalaya,RI BHOI,Autumn,2007,1.8238636363636365
RICE_008786,Rice,Meghalaya,RI BHOI,Summer,2007,1.9064748201438848
RICE_008787,Rice,Meghalaya,RI BHOI,Winter,2007,2.696969696969697
RICE_008788,Rice,Meghalaya,SOUTH GARO HILLS,Autumn,2007,1.0290541932825057
RICE_008789,Rice,Meghalaya,SOUTH GARO HILLS,Summer,2007,1.3122529644268774
RICE_008790,Rice,Meghalaya,SOUTH GARO HILLS,Winter,2007,1.5148425787106448
RICE_008791,Rice,Meghalaya,WEST GARO HILLS,Autumn,2007,1.1921792458558504
RICE_008792,Rice,Meghalaya,WEST GARO HILLS,Summer,2007,4.299136756019991
RICE_008793,Rice,Meghalaya,WEST GARO HILLS,Winter,2007,1.7717422217166259
RICE_008794,Rice,Meghalaya,WEST KHASI HILLS,Autumn,2007,1.486842105263158
RICE_008795,Rice,Meghalaya,WEST KHASI HILLS,Summer,2007,1.76
RICE_008796,Rice,Meghalaya,WEST KHASI HILLS,Winter,2007,1.9669583387749772
RICE_008797,Rice,Mizoram,AIZAWL,Kharif,2007,0.1546647747428166
RICE_008798,Rice,Mizoram,AIZAWL,Rabi,2007,1.2
RICE_008799,Rice,Mizoram,CHAMPHAI,Kharif,2007,0.394133215703573
RICE_008800,Rice,Mizoram,CHAMPHAI,Rabi,2007,0.9
RICE_008801,Rice,Mizoram,KOLASIB,Kharif,2007,0.3977272727272727
RICE_008802,Rice,Mizoram,KOLASIB,Rabi,2007,0.8
RICE_008803,Rice,Mizoram,LAWNGTLAI,Kharif,2007,0.42806570376663833
RICE_008804,Rice,Mizoram,LUNGLEI,Kharif,2007,0.10919197935278936
RICE_008805,Rice,Mizoram,LUNGLEI,Rabi,2007,1.5
RICE_008806,Rice,Mizoram,MAMIT,Kharif,2007,0.242215416028586
RICE_008807,Rice,Mizoram,MAMIT,Rabi,2007,1.9230769230769231
RICE_008808,Rice,Mizoram,SAIHA,Kharif,2007,0.08217993079584775
RICE_008809,Rice,Mizoram,SERCHHIP,Kharif,2007,0.2959679725478982
RICE_008810,Rice,Nagaland,DIMAPUR,Kharif,2007,2.2632825719120135
RICE_008811,Rice,Nagaland,DIMAPUR,Rabi,2007,1.6796116504854368
RICE_008812,Rice,Nagaland,KOHIMA,Kharif,2007,1.8215701823949246
RICE_008813,Rice,Nagaland,MOKOKCHUNG,Kharif,2007,1.7383691845922962
RICE_008814,Rice,Nagaland,MON,Kharif,2007,1.716446124763705
RICE_008815,Rice,Nagaland,PHEK,Kharif,2007,1.9298440979955456
RICE_008816,Rice,Nagaland,TUENSANG,Kharif,2007,1.7677165354330708
RICE_008817,Rice,Nagaland,WOKHA,Kharif,2007,1.768092105263158
RICE_008818,Rice,Nagaland,WOKHA,Rabi,2007,1.6382978723404256
RICE_008819,Rice,Nagaland,ZUNHEBOTO,Kharif,2007,1.6107480029048657
RICE_008820,Rice,Odisha,ANUGUL,Autumn,2007,0.5263157894736842
RICE_008821,Rice,Odisha,ANUGUL,Summer,2007,1.3333333333333333
RICE_008822,Rice,Odisha,ANUGUL,Winter,2007,0.891566265060241
RICE_008823,Rice,Odisha,BALANGIR,Autumn,2007,1.3037974683544304
RICE_008824,Rice,Odisha,BALANGIR,Summer,2007,2.3333333333333335
RICE_008825,Rice,Odisha,BALANGIR,Winter,2007,2.08955223880597
RICE_008826,Rice,Odisha,BALESHWAR,Autumn,2007,1.0
RICE_008827,Rice,Odisha,BALESHWAR,Summer,2007,2.638888888888889
RICE_008828,Rice,Odisha,BALESHWAR,Winter,2007,1.4362745098039216
RICE_008829,Rice,Odisha,BARGARH,Autumn,2007,1.064516129032258
RICE_008830,Rice,Odisha,BARGARH,Summer,2007,3.34375
RICE_008831,Rice,Odisha,BARGARH,Winter,2007,2.0228571428571427
RICE_008832,Rice,Odisha,BHADRAK,Summer,2007,2.4545454545454546
RICE_008833,Rice,Odisha,BHADRAK,Winter,2007,1.6867469879518073
RICE_008834,Rice,Odisha,BOUDH,Autumn,2007,1.0909090909090908
RICE_008835,Rice,Odisha,BOUDH,Summer,2007,2.0
RICE_008836,Rice,Odisha,BOUDH,Winter,2007,1.7547169811320755
RICE_008837,Rice,Odisha,CUTTACK,Autumn,2007,1.0
RICE_008838,Rice,Odisha,CUTTACK,Summer,2007,2.4
RICE_008839,Rice,Odisha,CUTTACK,Winter,2007,1.7230769230769232
RICE_008840,Rice,Odisha,DEOGARH,Autumn,2007,1.0
RICE_008841,Rice,Odisha,DEOGARH,Summer,2007,2.0
RICE_008842,Rice,Odisha,DEOGARH,Winter,2007,1.5
RICE_008843,Rice,Odisha,DHENKANAL,Autumn,2007,1.0
RICE_008844,Rice,Odisha,DHENKANAL,Summer,2007,2.5
RICE_008845,Rice,Odisha,DHENKANAL,Winter,2007,2.0
RICE_008846,Rice,Odisha,GAJAPATI,Autumn,2007,1.0
RICE_008847,Rice,Odisha,GAJAPATI,Summer,2007,1.0
RICE_008848,Rice,Odisha,GAJAPATI,Winter,2007,1.894736842105263
RICE_008849,Rice,Odisha,GANJAM,Autumn,2007,2.0
RICE_008850,Rice,Odisha,GANJAM,Summer,2007,1.0
RICE_008851,Rice,Odisha,GANJAM,Winter,2007,2.2472324723247232
RICE_008852,Rice,Odisha,JAGATSINGHAPUR,Autumn,2007,1.3333333333333333
RICE_008853,Rice,Odisha,JAGATSINGHAPUR,Summer,2007,1.5
RICE_008854,Rice,Odisha,JAGATSINGHAPUR,Winter,2007,1.75
RICE_008855,Rice,Odisha,JAJAPUR,Autumn,2007,0.75
RICE_008856,Rice,Odisha,JAJAPUR,Summer,2007,2.5
RICE_008857,Rice,Odisha,JAJAPUR,Winter,2007,1.5964912280701755
RICE_008858,Rice,Odisha,JHARSUGUDA,Autumn,2007,1.3461538461538463
RICE_008859,Rice,Odisha,JHARSUGUDA,Summer,2007,2.0
RICE_008860,Rice,Odisha,JHARSUGUDA,Winter,2007,2.096774193548387
RICE_008861,Rice,Odisha,KALAHANDI,Autumn,2007,0.9295774647887324
RICE_008862,Rice,Odisha,KALAHANDI,Summer,2007,1.6538461538461537
RICE_008863,Rice,Odisha,KALAHANDI,Winter,2007,1.36
RICE_008864,Rice,Odisha,KANDHAMAL,Autumn,2007,1.0
RICE_008865,Rice,Odisha,KANDHAMAL,Summer,2007,1.0
RICE_008866,Rice,Odisha,KANDHAMAL,Winter,2007,1.45
RICE_008867,Rice,Odisha,KENDRAPARA,Autumn,2007,1.0
RICE_008868,Rice,Odisha,KENDRAPARA,Summer,2007,3.0
RICE_008869,Rice,Odisha,KENDRAPARA,Winter,2007,1.3805970149253732
RICE_008870,Rice,Odisha,KENDUJHAR,Autumn,2007,1.12
RICE_008871,Rice,Odisha,KENDUJHAR,Summer,2007,1.8
RICE_008872,Rice,Odisha,KENDUJHAR,Winter,2007,1.7828947368421053
RICE_008873,Rice,Odisha,KHORDHA,Summer,2007,2.857142857142857
RICE_008874,Rice,Odisha,KHORDHA,Winter,2007,1.5242718446601942
RICE_008875,Rice,Odisha,KORAPUT,Autumn,2007,1.2
RICE_008876,Rice,Odisha,KORAPUT,Summer,2007,1.9473684210526316
RICE_008877,Rice,Odisha,KORAPUT,Winter,2007,2.0697674418604652
RICE_008878,Rice,Odisha,MALKANGIRI,Autumn,2007,0.9333333333333333
RICE_008879,Rice,Odisha,MALKANGIRI,Winter,2007,1.6363636363636365
RICE_008880,Rice,Odisha,MAYURBHANJ,Autumn,2007,1.1754385964912282
RICE_008881,Rice,Odisha,MAYURBHANJ,Summer,2007,1.7777777777777777
RICE_008882,Rice,Odisha,MAYURBHANJ,Winter,2007,1.7311827956989247
RICE_008883,Rice,Odisha,NABARANGPUR,Autumn,2007,0.9230769230769231
RICE_008884,Rice,Odisha,NABARANGPUR,Summer,2007,1.5
RICE_008885,Rice,Odisha,NABARANGPUR,Winter,2007,1.709090909090909
RICE_008886,Rice,Odisha,NAYAGARH,Autumn,2007,1.0
RICE_008887,Rice,Odisha,NAYAGARH,Winter,2007,1.8297872340425532
RICE_008888,Rice,Odisha,NUAPADA,Autumn,2007,1.05
RICE_008889,Rice,Odisha,NUAPADA,Summer,2007,2.6666666666666665
RICE_008890,Rice,Odisha,NUAPADA,Winter,2007,2.257575757575758
RICE_008891,Rice,Odisha,PURI,Autumn,2007,1.0
RICE_008892,Rice,Odisha,PURI,Summer,2007,2.1458333333333335
RICE_008893,Rice,Odisha,PURI,Winter,2007,1.2601626016260163
RICE_008894,Rice,Odisha,RAYAGADA,Autumn,2007,1.0
RICE_008895,Rice,Odisha,RAYAGADA,Summer,2007,1.75
RICE_008896,Rice,Odisha,RAYAGADA,Winter,2007,1.9661016949152543
RICE_008897,Rice,Odisha,SAMBALPUR,Autumn,2007,1.425
RICE_008898,Rice,Odisha,SAMBALPUR,Summer,2007,3.2222222222222223
RICE_008899,Rice,Odisha,SAMBALPUR,Winter,2007,2.2333333333333334
RICE_008900,Rice,Odisha,SONEPUR,Autumn,2007,1.0
RICE_008901,Rice,Odisha,SONEPUR,Summer,2007,2.730769230769231
RICE_008902,Rice,Odisha,SONEPUR,Winter,2007,1.9529411764705882
RICE_008903,Rice,Odisha,SUNDARGARH,Autumn,2007,1.1458333333333333
RICE_008904,Rice,Odisha,SUNDARGARH,Summer,2007,2.0
RICE_008905,Rice,Odisha,SUNDARGARH,Winter,2007,1.5847457627118644
RICE_008906,Rice,Puducherry,KARAIKAL,Kharif,2007,2.5485611510791366
RICE_008907,Rice,Puducherry,KARAIKAL,Rabi,2007,2.1894093686354377
RICE_008908,Rice,Puducherry,KARAIKAL,Summer,2007,1.75
RICE_008909,Rice,Puducherry,PONDICHERRY,Kharif,2007,2.9630881938574247
RICE_008910,Rice,Puducherry,PONDICHERRY,Rabi,2007,2.6749620060790273
RICE_008911,Rice,Puducherry,PONDICHERRY,Summer,2007,2.6688941582237553
RICE_008912,Rice,Puducherry,YANAM,Kharif,2007,3.448905109489051
RICE_008913,Rice,Puducherry,YANAM,Rabi,2007,4.196078431372549
RICE_008914,Rice,Punjab,AMRITSAR,Kharif,2007,3.067415730337079
RICE_008915,Rice,Punjab,BARNALA,Kharif,2007,4.707070707070707
RICE_008916,Rice,Punjab,BATHINDA,Kharif,2007,4.27906976744186
RICE_008917,Rice,Punjab,FARIDKOT,Kharif,2007,4.0344827586206895
RICE_008918,Rice,Punjab,FATEHGARH SAHIB,Kharif,2007,4.559523809523809
RICE_008919,Rice,Punjab,FIROZEPUR,Kharif,2007,4.156378600823046
RICE_008920,Rice,Punjab,GURDASPUR,Kharif,2007,3.230366492146597
RICE_008921,Rice,Punjab,HOSHIARPUR,Kharif,2007,3.3035714285714284
RICE_008922,Rice,Punjab,JALANDHAR,Kharif,2007,3.7181208053691277
RICE_008923,Rice,Punjab,KAPURTHALA,Kharif,2007,3.890909090909091
RICE_008924,Rice,Punjab,LUDHIANA,Kharif,2007,4.532
RICE_008925,Rice,Punjab,MANSA,Kharif,2007,4.131147540983607
RICE_008926,Rice,Punjab,MOGA,Kharif,2007,4.431952662721893
RICE_008927,Rice,Punjab,MUKTSAR,Kharif,2007,4.161764705882353
RICE_008928,Rice,Punjab,NAWANSHAHR,Kharif,2007,3.88
RICE_008929,Rice,Punjab,PATIALA,Kharif,2007,4.269230769230769
RICE_008930,Rice,Punjab,RUPNAGAR,Kharif,2007,3.696969696969697
RICE_008931,Rice,Punjab,S.A.S NAGAR,Kharif,2007,3.5517241379310347
RICE_008932,Rice,Punjab,SANGRUR,Kharif,2007,4.606870229007634
RICE_008933,Rice,Punjab,TARN TARAN,Kharif,2007,3.152046783625731
RICE_008934,Rice,Rajasthan,AJMER,Kharif,2007,2.0
RICE_008935,Rice,Rajasthan,ALWAR,Kharif,2007,2.032258064516129
RICE_008936,Rice,Rajasthan,BANSWARA,Kharif,2007,1.3021504476612835
RICE_008937,Rice,Rajasthan,BARAN,Kharif,2007,3.108861502347418
RICE_008938,Rice,Rajasthan,BHARATPUR,Kharif,2007,1.628654970760234
RICE_008939,Rice,Rajasthan,BHILWARA,Kharif,2007,2.032388663967611
RICE_008940,Rice,Rajasthan,BIKANER,Kharif,2007,2.0
RICE_008941,Rice,Rajasthan,BUNDI,Kharif,2007,2.3311133376554487
RICE_008942,Rice,Rajasthan,CHITTORGARH,Kharif,2007,2.031395348837209
RICE_008943,Rice,Rajasthan,DHOLPUR,Kharif,2007,2.03099173553719
RICE_008944,Rice,Rajasthan,DUNGARPUR,Kharif,2007,1.3091242702251877
RICE_008945,Rice,Rajasthan,GANGANAGAR,Kharif,2007,3.6766266406031836
RICE_008946,Rice,Rajasthan,HANUMANGARH,Kharif,2007,4.194286972315482
RICE_008947,Rice,Rajasthan,JHALAWAR,Kharif,2007,2.0314625850340136
RICE_008948,Rice,Rajasthan,KARAULI,Kharif,2007,0.959830866807611
RICE_008949,Rice,Rajasthan,KOTA,Kharif,2007,2.457153058795525
RICE_008950,Rice,Rajasthan,RAJSAMAND,Kharif,2007,2.03125
RICE_008951,Rice,Rajasthan,SAWAI MADHOPUR,Kharif,2007,2.020408163265306
RICE_008952,Rice,Rajasthan,SIROHI,Kharif,2007,2.0
RICE_008953,Rice,Rajasthan,UDAIPUR,Kharif,2007,0.7390171904844591
RICE_008954,Rice,Sikkim,EAST DISTRICT,Kharif,2007,1.65
RICE_008955,Rice,Sikkim,NORTH DISTRICT,Kharif,2007,1.03
RICE_008956,Rice,Sikkim,SOUTH DISTRICT,Kharif,2007,1.6607142857142858
RICE_008957,Rice,Sikkim,WEST DISTRICT,Kharif,2007,1.853658536585366
RICE_008958,Rice,Tamil Nadu,COIMBATORE,Kharif,2007,3.7746565828059886
RICE_008959,Rice,Tamil Nadu,CUDDALORE,Kharif,2007,3.2599758750170236
RICE_008960,Rice,Tamil Nadu,DHARMAPURI,Kharif,2007,3.7442157332056807
RICE_008961,Rice,Tamil Nadu,DINDIGUL,Kharif,2007,3.9266612641815235
RICE_008962,Rice,Tamil Nadu,ERODE,Kharif,2007,4.349843587069865
RICE_008963,Rice,Tamil Nadu,KANCHIPURAM,Kharif,2007,3.7778471036385133
RICE_008964,Rice,Tamil Nadu,KANNIYAKUMARI,Kharif,2007,4.433141677723721
RICE_008965,Rice,Tamil Nadu,KARUR,Kharif,2007,3.2396847100458457
RICE_008966,Rice,Tamil Nadu,KRISHNAGIRI,Kharif,2007,3.181951675343746
RICE_008967,Rice,Tamil Nadu,MADURAI,Kharif,2007,3.4734255786887367
RICE_008968,Rice,Tamil Nadu,NAGAPATTINAM,Kharif,2007,1.8781939755907557
RICE_008969,Rice,Tamil Nadu,NAMAKKAL,Kharif,2007,3.711593609176567
RICE_008970,Rice,Tamil Nadu,PERAMBALUR,Kharif,2007,2.503292148684452
RICE_008971,Rice,Tamil Nadu,PUDUKKOTTAI,Kharif,2007,1.7994924716630012
RICE_008972,Rice,Tamil Nadu,RAMANATHAPURAM,Kharif,2007,0.24140549886483909
RICE_008973,Rice,Tamil Nadu,SALEM,Kharif,2007,3.3201142278107874
RICE_008974,Rice,Tamil Nadu,SIVAGANGA,Kharif,2007,1.0287490388750602
RICE_008975,Rice,Tamil Nadu,THANJAVUR,Kharif,2007,3.1927669941688634
RICE_008976,Rice,Tamil Nadu,THE NILGIRIS,Kharif,2007,3.862162162162162
RICE_008977,Rice,Tamil Nadu,THENI,Kharif,2007,4.2820833333333335
RICE_008978,Rice,Tamil Nadu,THIRUVALLUR,Kharif,2007,3.633588271165769
RICE_008979,Rice,Tamil Nadu,THIRUVARUR,Kharif,2007,2.053076918003812
RICE_008980,Rice,Tamil Nadu,TIRUCHIRAPPALLI,Kharif,2007,3.7091810928551614
RICE_008981,Rice,Tamil Nadu,TIRUNELVELI,Kharif,2007,3.8697901112159694
RICE_008982,Rice,Tamil Nadu,TIRUVANNAMALAI,Kharif,2007,3.441113528551557
RICE_008983,Rice,Tamil Nadu,TUTICORIN,Kharif,2007,3.585234824988923
RICE_008984,Rice,Tamil Nadu,VELLORE,Kharif,2007,3.347177728646844
RICE_008985,Rice,Tamil Nadu,VILLUPURAM,Kharif,2007,3.3034325289024298
RICE_008986,Rice,Tamil Nadu,VIRUDHUNAGAR,Kharif,2007,3.299532147160984
RICE_008987,Rice,Telangana,ADILABAD,Kharif,2007,2.4
RICE_008988,Rice,Telangana,ADILABAD,Rabi,2007,2.3333333333333335
RICE_008989,Rice,Telangana,KARIMNAGAR,Kharif,2007,3.3923076923076922
RICE_008990,Rice,Telangana,KARIMNAGAR,Rabi,2007,3.585526315789474
RICE_008991,Rice,Telangana,KHAMMAM,Kharif,2007,3.0821917808219177
RICE_008992,Rice,Telangana,KHAMMAM,Rabi,2007,3.2666666666666666
RICE_008993,Rice,Telangana,MAHBUBNAGAR,Kharif,2007,2.911764705882353
RICE_008994,Rice,Telangana,MAHBUBNAGAR,Rabi,2007,2.782608695652174
RICE_008995,Rice,Telangana,MEDAK,Kharif,2007,2.8275862068965516
RICE_008996,Rice,Telangana,MEDAK,Rabi,2007,3.3714285714285714
RICE_008997,Rice,Telangana,NALGONDA,Kharif,2007,3.165644171779141
RICE_008998,Rice,Telangana,NALGONDA,Rabi,2007,3.2027027027027026
RICE_008999,Rice,Telangana,NIZAMABAD,Kharif,2007,3.5774647887323945
RICE_009000,Rice,Telangana,NIZAMABAD,Rabi,2007,3.491228070175439
RICE_009001,Rice,Telangana,RANGAREDDI,Kharif,2007,2.4210526315789473
RICE_009002,Rice,Telangana,RANGAREDDI,Rabi,2007,2.5833333333333335
RICE_009003,Rice,Telangana,WARANGAL,Kharif,2007,3.0782608695652174
RICE_009004,Rice,Telangana,WARANGAL,Rabi,2007,2.8472222222222223
RICE_009005,Rice,Tripura,DHALAI,Kharif,2007,2.227845019476906
RICE_009006,Rice,Tripura,NORTH TRIPURA,Kharif,2007,2.2147016706443914
RICE_009007,Rice,Tripura,SOUTH TRIPURA,Kharif,2007,2.6706040526265244
RICE_009008,Rice,Tripura,WEST TRIPURA,Kharif,2007,2.6389565498630496
RICE_009009,Rice,Uttar Pradesh,AGRA,Kharif,2007,1.9806451612903226
RICE_009010,Rice,Uttar Pradesh,ALIGARH,Kharif,2007,2.0070068802498837
RICE_009011,Rice,Uttar Pradesh,ALLAHABAD,Kharif,2007,2.1520019802458403
RICE_009012,Rice,Uttar Pradesh,AMBEDKAR NAGAR,Kharif,2007,2.5510004407227855
RICE_009013,Rice,Uttar Pradesh,AMROHA,Kharif,2007,2.2079988667485124
RICE_009014,Rice,Uttar Pradesh,AURAIYA,Kharif,2007,2.7409931840311588
RICE_009015,Rice,Uttar Pradesh,AZAMGARH,Kharif,2007,1.9299980995378632
RICE_009016,Rice,Uttar Pradesh,BAGHPAT,Kharif,2007,3.0241157556270095
RICE_009017,Rice,Uttar Pradesh,BAHRAICH,Kharif,2007,1.8489985628229826
RICE_009018,Rice,Uttar Pradesh,BALLIA,Kharif,2007,1.8549974717680768
RICE_009019,Rice,Uttar Pradesh,BALRAMPUR,Kharif,2007,2.0360011132315523
RICE_009020,Rice,Uttar Pradesh,BANDA,Kharif,2007,0.6290023445428141
RICE_009021,Rice,Uttar Pradesh,BARABANKI,Kharif,2007,1.5090022985681302
RICE_009022,Rice,Uttar Pradesh,BAREILLY,Kharif,2007,1.9349978846052145
RICE_009023,Rice,Uttar Pradesh,BAREILLY,Summer,2007,1.9343832020997376
RICE_009024,Rice,Uttar Pradesh,BASTI,Kharif,2007,1.849001375901566
RICE_009025,Rice,Uttar Pradesh,BIJNOR,Kharif,2007,2.6070065273072793
RICE_009026,Rice,Uttar Pradesh,BIJNOR,Summer,2007,2.6
RICE_009027,Rice,Uttar Pradesh,BUDAUN,Kharif,2007,1.848004966420227
RICE_009028,Rice,Uttar Pradesh,BUDAUN,Summer,2007,1.8333333333333333
RICE_009029,Rice,Uttar Pradesh,BULANDSHAHR,Kharif,2007,2.339006970140263
RICE_009030,Rice,Uttar Pradesh,BULANDSHAHR,Summer,2007,2.0
RICE_009031,Rice,Uttar Pradesh,CHANDAULI,Kharif,2007,2.6090018661634
RICE_009032,Rice,Uttar Pradesh,CHITRAKOOT,Kharif,2007,0.2520224978811927
RICE_009033,Rice,Uttar Pradesh,DEORIA,Kharif,2007,1.9720018809309066
RICE_009034,Rice,Uttar Pradesh,ETAH,Kharif,2007,2.2880046546206807
RICE_009035,Rice,Uttar Pradesh,ETAWAH,Kharif,2007,2.5660057808689367
RICE_009036,Rice,Uttar Pradesh,FAIZABAD,Kharif,2007,2.1159979569831453
RICE_009037,Rice,Uttar Pradesh,FARRUKHABAD,Kharif,2007,2.278991339005135
RICE_009038,Rice,Uttar Pradesh,FATEHPUR,Kharif,2007,1.8810007725678968
RICE_009039,Rice,Uttar Pradesh,FIROZABAD,Kharif,2007,3.037011736943427
RICE_009040,Rice,Uttar Pradesh,GAUTAM BUDDHA NAGAR,Kharif,2007,2.49501077672228
RICE_009041,Rice,Uttar Pradesh,GHAZIABAD,Kharif,2007,2.3829777077664804
RICE_009042,Rice,Uttar Pradesh,GHAZIPUR,Kharif,2007,2.1619993194146967
RICE_009043,Rice,Uttar Pradesh,GONDA,Kharif,2007,1.9769962380327817
RICE_009044,Rice,Uttar Pradesh,GORAKHPUR,Kharif,2007,1.8859992779686852
RICE_009045,Rice,Uttar Pradesh,GORAKHPUR,Summer,2007,1.8840579710144927
RICE_009046,Rice,Uttar Pradesh,HAMIRPUR,Kharif,2007,0.4921259842519685
RICE_009047,Rice,Uttar Pradesh,HARDOI,Kharif,2007,1.9460018503832937
RICE_009048,Rice,Uttar Pradesh,HARDOI,Summer,2007,1.9487179487179487
RICE_009049,Rice,Uttar Pradesh,HATHRAS,Kharif,2007,2.046050625190607
RICE_009050,Rice,Uttar Pradesh,JALAUN,Kharif,2007,0.5579399141630901
RICE_009051,Rice,Uttar Pradesh,JAUNPUR,Kharif,2007,1.9209979360538798
RICE_009052,Rice,Uttar Pradesh,JHANSI,Kharif,2007,0.7628943415122684
RICE_009053,Rice,Uttar Pradesh,KANNAUJ,Kharif,2007,2.64
RICE_009054,Rice,Uttar Pradesh,KANPUR DEHAT,Kharif,2007,2.033007334963325
RICE_009055,Rice,Uttar Pradesh,KANPUR NAGAR,Kharif,2007,1.886991654133121
RICE_009056,Rice,Uttar Pradesh,KAUSHAMBI,Kharif,2007,1.5799965460242271
RICE_009057,Rice,Uttar Pradesh,KHERI,Kharif,2007,2.069997775553331
RICE_009058,Rice,Uttar Pradesh,KHERI,Summer,2007,2.0699500356887937
RICE_009059,Rice,Uttar Pradesh,KUSHI NAGAR,Kharif,2007,2.5139992016748534
RICE_009060,Rice,Uttar Pradesh,LALITPUR,Kharif,2007,0.3010043041606887
RICE_009061,Rice,Uttar Pradesh,LUCKNOW,Kharif,2007,1.8320011779058516
RICE_009062,Rice,Uttar Pradesh,MAHARAJGANJ,Kharif,2007,2.215999308565149
RICE_009063,Rice,Uttar Pradesh,MAHARAJGANJ,Summer,2007,2.2169811320754715
RICE_009064,Rice,Uttar Pradesh,MAHOBA,Kharif,2007,0.49393939393939396
RICE_009065,Rice,Uttar Pradesh,MAINPURI,Kharif,2007,2.437995313446197
RICE_009066,Rice,Uttar Pradesh,MAINPURI,Summer,2007,2.4210526315789473
RICE_009067,Rice,Uttar Pradesh,MATHURA,Kharif,2007,2.4480096616069527
RICE_009068,Rice,Uttar Pradesh,MAU,Kharif,2007,1.7989946362631735
RICE_009069,Rice,Uttar Pradesh,MEERUT,Kharif,2007,2.359013642664332
RICE_009070,Rice,Uttar Pradesh,MIRZAPUR,Kharif,2007,1.4179941152597402
RICE_009071,Rice,Uttar Pradesh,MORADABAD,Kharif,2007,2.341998346097149
RICE_009072,Rice,Uttar Pradesh,MUZAFFARNAGAR,Kharif,2007,2.5069948883508206
RICE_009073,Rice,Uttar Pradesh,PILIBHIT,Kharif,2007,2.8429974018187267
RICE_009074,Rice,Uttar Pradesh,PILIBHIT,Summer,2007,2.8430296377607025
RICE_009075,Rice,Uttar Pradesh,PRATAPGARH,Kharif,2007,1.9210034537751817
RICE_009076,Rice,Uttar Pradesh,RAE BARELI,Kharif,2007,2.1180019322816412
RICE_009077,Rice,Uttar Pradesh,RAE BARELI,Summer,2007,2.0
RICE_009078,Rice,Uttar Pradesh,RAMPUR,Kharif,2007,2.2479969562687434
RICE_009079,Rice,Uttar Pradesh,RAMPUR,Summer,2007,2.2481751824817517
RICE_009080,Rice,Uttar Pradesh,SAHARANPUR,Kharif,2007,2.2940088607080438
RICE_009081,Rice,Uttar Pradesh,SANT KABEER NAGAR,Kharif,2007,1.875001355498444
RICE_009082,Rice,Uttar Pradesh,SANT RAVIDAS NAGAR,Kharif,2007,1.6700054352045965
RICE_009083,Rice,Uttar Pradesh,SHAHJAHANPUR,Kharif,2007,2.4109988837766463
RICE_009084,Rice,Uttar Pradesh,SHAHJAHANPUR,Summer,2007,2.4110580878723056
RICE_009085,Rice,Uttar Pradesh,SHRAVASTI,Kharif,2007,1.86800369099455
RICE_009086,Rice,Uttar Pradesh,SIDDHARTH NAGAR,Kharif,2007,2.087001498370988
RICE_009087,Rice,Uttar Pradesh,SITAPUR,Kharif,2007,1.745002679528403
RICE_009088,Rice,Uttar Pradesh,SITAPUR,Summer,2007,1.7333333333333334
RICE_009089,Rice,Uttar Pradesh,SONBHADRA,Kharif,2007,1.0270093519063501
RICE_009090,Rice,Uttar Pradesh,SULTANPUR,Kharif,2007,2.0539992191650187
RICE_009091,Rice,Uttar Pradesh,UNNAO,Kharif,2007,1.8920007059498334
RICE_009092,Rice,Uttar Pradesh,VARANASI,Kharif,2007,1.6959929286977018
RICE_009093,Rice,Uttarakhand,ALMORA,Kharif,2007,1.1394681375846452
RICE_009094,Rice,Uttarakhand,BAGESHWAR,Kharif,2007,1.2705578593224318
RICE_009095,Rice,Uttarakhand,CHAMOLI,Kharif,2007,1.4913061738765225
RICE_009096,Rice,Uttarakhand,CHAMPAWAT,Kharif,2007,1.365860679332182
RICE_009097,Rice,Uttarakhand,DEHRADUN,Kharif,2007,2.1290377278507844
RICE_009098,Rice,Uttarakhand,HARIDWAR,Kharif,2007,2.251346663014699
RICE_009099,Rice,Uttarakhand,HARIDWAR,Summer,2007,3.5
RICE_009100,Rice,Uttarakhand,NAINITAL,Kharif,2007,2.517843167944905
RICE_009101,Rice,Uttarakhand,NAINITAL,Summer,2007,3.3777777777777778
RICE_009102,Rice,Uttarakhand,PAURI GARHWAL,Kharif,2007,0.9678927239246423
RICE_009103,Rice,Uttarakhand,PITHORAGARH,Kharif,2007,1.3608980091307008
RICE_009104,Rice,Uttarakhand,RUDRA PRAYAG,Kharif,2007,1.575826919076347
RICE_009105,Rice,Uttarakhand,TEHRI GARHWAL,Kharif,2007,1.5747055653914248
RICE_009106,Rice,Uttarakhand,UDAM SINGH NAGAR,Kharif,2007,2.843552468580262
RICE_009107,Rice,Uttarakhand,UDAM SINGH NAGAR,Summer,2007,3.3859706097263946
RICE_009108,Rice,Uttarakhand,UTTAR KASHI,Kharif,2007,1.7281008465218992
RICE_009109,Rice,West Bengal,24 PARAGANAS NORTH,Autumn,2007,2.1567997699055654
RICE_009110,Rice,West Bengal,24 PARAGANAS NORTH,Summer,2007,3.0851478100661587
RICE_009111,Rice,West Bengal,24 PARAGANAS NORTH,Winter,2007,2.576370287895658
RICE_009112,Rice,West Bengal,24 PARAGANAS SOUTH,Autumn,2007,2.2987179487179485
RICE_009113,Rice,West Bengal,24 PARAGANAS SOUTH,Summer,2007,3.350142382534409
RICE_009114,Rice,West Bengal,24 PARAGANAS SOUTH,Winter,2007,1.7548590018347492
RICE_009115,Rice,West Bengal,BANKURA,Autumn,2007,2.6939104915627294
RICE_009116,Rice,West Bengal,BANKURA,Summer,2007,2.8427958579881656
RICE_009117,Rice,West Bengal,BANKURA,Winter,2007,2.817308072497666
RICE_009118,Rice,West Bengal,BARDHAMAN,Autumn,2007,2.9532646439346504
RICE_009119,Rice,West Bengal,BARDHAMAN,Summer,2007,3.3375609229364733
RICE_009120,Rice,West Bengal,BARDHAMAN,Winter,2007,2.718574172191822
RICE_009121,Rice,West Bengal,BIRBHUM,Autumn,2007,2.631370091896408
RICE_009122,Rice,West Bengal,BIRBHUM,Summer,2007,3.3591826288423716
RICE_009123,Rice,West Bengal,BIRBHUM,Winter,2007,3.0440586262954685
RICE_009124,Rice,West Bengal,COOCHBEHAR,Autumn,2007,1.351458993741364
RICE_009125,Rice,West Bengal,COOCHBEHAR,Summer,2007,2.9321643465655223
RICE_009126,Rice,West Bengal,COOCHBEHAR,Winter,2007,1.5359302708416365
RICE_009127,Rice,West Bengal,DARJEELING,Autumn,2007,1.6220534311157675
RICE_009128,Rice,West Bengal,DARJEELING,Summer,2007,2.442590120160214
RICE_009129,Rice,West Bengal,DARJEELING,Winter,2007,1.8424828098866382
RICE_009130,Rice,West Bengal,DINAJPUR DAKSHIN,Autumn,2007,2.00671600877193
RICE_009131,Rice,West Bengal,DINAJPUR DAKSHIN,Summer,2007,2.870881567230632
RICE_009132,Rice,West Bengal,DINAJPUR DAKSHIN,Winter,2007,2.398671073888562
RICE_009133,Rice,West Bengal,DINAJPUR UTTAR,Autumn,2007,1.4565322972316659
RICE_009134,Rice,West Bengal,DINAJPUR UTTAR,Summer,2007,2.9154466686585003
RICE_009135,Rice,West Bengal,DINAJPUR UTTAR,Winter,2007,2.1976711560044895
RICE_009136,Rice,West Bengal,HOOGHLY,Autumn,2007,2.4516734972677594
RICE_009137,Rice,West Bengal,HOOGHLY,Summer,2007,3.065854461639776
RICE_009138,Rice,West Bengal,HOOGHLY,Winter,2007,2.6624867510032324
RICE_009139,Rice,West Bengal,HOWRAH,Autumn,2007,1.1129893238434163
RICE_009140,Rice,West Bengal,HOWRAH,Summer,2007,3.394718554551772
RICE_009141,Rice,West Bengal,HOWRAH,Winter,2007,1.3537878452712766
RICE_009142,Rice,West Bengal,JALPAIGURI,Autumn,2007,1.3826696291232268
RICE_009143,Rice,West Bengal,JALPAIGURI,Summer,2007,2.2896098836885748
RICE_009144,Rice,West Bengal,JALPAIGURI,Winter,2007,1.5506269442045064
RICE_009145,Rice,West Bengal,MALDAH,Autumn,2007,1.8301245753114384
RICE_009146,Rice,West Bengal,MALDAH,Summer,2007,3.775532696546657
RICE_009147,Rice,West Bengal,MALDAH,Winter,2007,2.9033983637507865
RICE_009148,Rice,West Bengal,MEDINIPUR EAST,Autumn,2007,1.3048536159762167
RICE_009149,Rice,West Bengal,MEDINIPUR EAST,Summer,2007,3.34704466741367
RICE_009150,Rice,West Bengal,MEDINIPUR EAST,Winter,2007,1.2328748760020376
RICE_009151,Rice,West Bengal,MEDINIPUR WEST,Autumn,2007,2.031981241539354
RICE_009152,Rice,West Bengal,MEDINIPUR WEST,Summer,2007,3.3344656108030017
RICE_009153,Rice,West Bengal,MEDINIPUR WEST,Winter,2007,2.6199956493759573
RICE_009154,Rice,West Bengal,MURSHIDABAD,Autumn,2007,1.9926520115118487
RICE_009155,Rice,West Bengal,MURSHIDABAD,Summer,2007,3.5297031447072666
RICE_009156,Rice,West Bengal,MURSHIDABAD,Winter,2007,2.5750441173185608
RICE_009157,Rice,West Bengal,NADIA,Autumn,2007,2.2311968606932635
RICE_009158,Rice,West Bengal,NADIA,Summer,2007,3.426465227817746
RICE_009159,Rice,West Bengal,NADIA,Winter,2007,2.465864827586207
RICE_009160,Rice,West Bengal,PURULIA,Autumn,2007,1.7171945701357465
RICE_009161,Rice,West Bengal,PURULIA,Summer,2007,1.5706194690265487
RICE_009162,Rice,West Bengal,PURULIA,Winter,2007,2.4622851810570516
RICE_009163,Rice,Andhra Pradesh,ANANTAPUR,Kharif,2008,3.1219890450735828
RICE_009164,Rice,Andhra Pradesh,ANANTAPUR,Rabi,2008,2.7049847958297133
RICE_009165,Rice,Andhra Pradesh,CHITTOOR,Kharif,2008,2.6279836326437827
RICE_009166,Rice,Andhra Pradesh,CHITTOOR,Rabi,2008,3.1280090700556333
RICE_009167,Rice,Andhra Pradesh,EAST GODAVARI,Kharif,2008,2.982999696125812
RICE_009168,Rice,Andhra Pradesh,EAST GODAVARI,Rabi,2008,4.689999470155009
RICE_009169,Rice,Andhra Pradesh,GUNTUR,Kharif,2008,3.407998834776245
RICE_009170,Rice,Andhra Pradesh,GUNTUR,Rabi,2008,3.6539974298064566
RICE_009171,Rice,Andhra Pradesh,KADAPA,Kharif,2008,1.7370025705916345
RICE_009172,Rice,Andhra Pradesh,KADAPA,Rabi,2008,2.7730296311227574
RICE_009173,Rice,Andhra Pradesh,KRISHNA,Kharif,2008,3.5030013363614456
RICE_009174,Rice,Andhra Pradesh,KRISHNA,Rabi,2008,3.8779992540715265
RICE_009175,Rice,Andhra Pradesh,KURNOOL,Kharif,2008,3.329003402088835
RICE_009176,Rice,Andhra Pradesh,KURNOOL,Rabi,2008,3.5450096775371582
RICE_009177,Rice,Andhra Pradesh,PRAKASAM,Kharif,2008,3.536998777248387
RICE_009178,Rice,Andhra Pradesh,PRAKASAM,Rabi,2008,3.746000929047012
RICE_009179,Rice,Andhra Pradesh,SPSR NELLORE,Kharif,2008,3.583998896264161
RICE_009180,Rice,Andhra Pradesh,SPSR NELLORE,Rabi,2008,3.9769981339977276
RICE_009181,Rice,Andhra Pradesh,SRIKAKULAM,Kharif,2008,2.0100013781426576
RICE_009182,Rice,Andhra Pradesh,SRIKAKULAM,Rabi,2008,2.320959880014998
RICE_009183,Rice,Andhra Pradesh,VISAKHAPATANAM,Kharif,2008,1.6829982491094608
RICE_009184,Rice,Andhra Pradesh,VISAKHAPATANAM,Rabi,2008,1.8999626726390444
RICE_009185,Rice,Andhra Pradesh,VIZIANAGARAM,Kharif,2008,2.3879997518687386
RICE_009186,Rice,Andhra Pradesh,VIZIANAGARAM,Rabi,2008,2.3852507374631267
RICE_009187,Rice,Andhra Pradesh,WEST GODAVARI,Kharif,2008,3.047998778597266
RICE_009188,Rice,Andhra Pradesh,WEST GODAVARI,Rabi,2008,4.214000020511348
RICE_009189,Rice,Arunachal Pradesh,ANJAW,Kharif,2008,0.6449628300435786
RICE_009190,Rice,Arunachal Pradesh,CHANGLANG,Kharif,2008,2.088528306389071
RICE_009191,Rice,Arunachal Pradesh,DIBANG VALLEY,Kharif,2008,0.6991666666666667
RICE_009192,Rice,Arunachal Pradesh,EAST KAMENG,Kharif,2008,0.8403636363636363
RICE_009193,Rice,Arunachal Pradesh,EAST SIANG,Kharif,2008,1.5036524121138335
RICE_009194,Rice,Arunachal Pradesh,KURUNG KUMEY,Kharif,2008,1.23
RICE_009195,Rice,Arunachal Pradesh,LOHIT,Kharif,2008,1.724164425662697
RICE_009196,Rice,Arunachal Pradesh,LOWER DIBANG VALLEY,Kharif,2008,1.2306718509811014
RICE_009197,Rice,Arunachal Pradesh,LOWER SUBANSIRI,Kharif,2008,1.2306416634774844
RICE_009198,Rice,Arunachal Pradesh,PAPUM PARE,Kharif,2008,1.5896952908587259
RICE_009199,Rice,Arunachal Pradesh,TAWANG,Kharif,2008,1.0
RICE_009200,Rice,Arunachal Pradesh,TIRAP,Kharif,2008,0.7221333333333333
RICE_009201,Rice,Arunachal Pradesh,UPPER SIANG,Kharif,2008,1.154
RICE_009202,Rice,Arunachal Pradesh,UPPER SUBANSIRI,Kharif,2008,1.3253981846206542
RICE_009203,Rice,Arunachal Pradesh,WEST KAMENG,Kharif,2008,1.0670454545454546
RICE_009204,Rice,Arunachal Pradesh,WEST SIANG,Kharif,2008,0.8885923683581614
RICE_009205,Rice,Assam,BAKSA,Autumn,2008,1.3718996099212482
RICE_009206,Rice,Assam,BAKSA,Summer,2008,1.7886782786885247
RICE_009207,Rice,Assam,BAKSA,Winter,2008,1.793136196848694
RICE_009208,Rice,Assam,BARPETA,Autumn,2008,0.8824468085106383
RICE_009209,Rice,Assam,BARPETA,Summer,2008,1.9941775158953816
RICE_009210,Rice,Assam,BARPETA,Winter,2008,1.2790662401411947
RICE_009211,Rice,Assam,BONGAIGAON,Autumn,2008,0.9309161511717162
RICE_009212,Rice,Assam,BONGAIGAON,Summer,2008,2.1018397506785966
RICE_009213,Rice,Assam,BONGAIGAON,Winter,2008,1.133549771639245
RICE_009214,Rice,Assam,CACHAR,Autumn,2008,1.6536526946107784
RICE_009215,Rice,Assam,CACHAR,Summer,2008,2.2098326359832634
RICE_009216,Rice,Assam,CACHAR,Winter,2008,2.13343659865399
RICE_009217,Rice,Assam,CHIRANG,Autumn,2008,0.6014512595837898
RICE_009218,Rice,Assam,CHIRANG,Summer,2008,1.3653114945890612
RICE_009219,Rice,Assam,CHIRANG,Winter,2008,1.070126521556635
RICE_009220,Rice,Assam,DARRANG,Autumn,2008,1.3637760880116485
RICE_009221,Rice,Assam,DARRANG,Summer,2008,2.4119928713701646
RICE_009222,Rice,Assam,DARRANG,Winter,2008,1.6961815278037045
RICE_009223,Rice,Assam,DHEMAJI,Autumn,2008,0.6852263260205499
RICE_009224,Rice,Assam,DHEMAJI,Summer,2008,1.360540223135643
RICE_009225,Rice,Assam,DHEMAJI,Winter,2008,1.0608407079646018
RICE_009226,Rice,Assam,DHUBRI,Autumn,2008,1.2624693865360492
RICE_009227,Rice,Assam,DHUBRI,Summer,2008,2.07935735150925
RICE_009228,Rice,Assam,DHUBRI,Winter,2008,1.337025859112422
RICE_009229,Rice,Assam,DIBRUGARH,Autumn,2008,0.7868217054263565
RICE_009230,Rice,Assam,DIBRUGARH,Summer,2008,2.111111111111111
RICE_009231,Rice,Assam,DIBRUGARH,Winter,2008,1.922724426481471
RICE_009232,Rice,Assam,DIMA HASAO,Autumn,2008,1.4138817480719794
RICE_009233,Rice,Assam,DIMA HASAO,Summer,2008,2.12
RICE_009234,Rice,Assam,DIMA HASAO,Winter,2008,2.0193003618817853
RICE_009235,Rice,Assam,GOALPARA,Autumn,2008,1.3018354430379746
RICE_009236,Rice,Assam,GOALPARA,Summer,2008,2.756
RICE_009237,Rice,Assam,GOALPARA,Winter,2008,1.5691106019579255
RICE_009238,Rice,Assam,GOLAGHAT,Autumn,2008,1.7702702702702702
RICE_009239,Rice,Assam,GOLAGHAT,Summer,2008,1.677808988764045
RICE_009240,Rice,Assam,GOLAGHAT,Winter,2008,1.9695466666666666
RICE_009241,Rice,Assam,HAILAKANDI,Autumn,2008,1.9118153634171546
RICE_009242,Rice,Assam,HAILAKANDI,Summer,2008,2.038974358974359
RICE_009243,Rice,Assam,HAILAKANDI,Winter,2008,2.405379825653798
RICE_009244,Rice,Assam,JORHAT,Autumn,2008,0.9005668016194331
RICE_009245,Rice,Assam,JORHAT,Summer,2008,1.0573065902578798
RICE_009246,Rice,Assam,JORHAT,Winter,2008,1.631934070311722
RICE_009247,Rice,Assam,KAMRUP,Autumn,2008,1.2202774813233725
RICE_009248,Rice,Assam,KAMRUP,Summer,2008,2.579318612690978
RICE_009249,Rice,Assam,KAMRUP,Winter,2008,1.6359676415681395
RICE_009250,Rice,Assam,KAMRUP METRO,Autumn,2008,0.6584
RICE_009251,Rice,Assam,KAMRUP METRO,Summer,2008,1.9949748743718594
RICE_009252,Rice,Assam,KAMRUP METRO,Winter,2008,1.7572451246605776
RICE_009253,Rice,Assam,KARBI ANGLONG,Autumn,2008,1.2818920210224558
RICE_009254,Rice,Assam,KARBI ANGLONG,Summer,2008,1.161886242100146
RICE_009255,Rice,Assam,KARBI ANGLONG,Winter,2008,1.530257993384785
RICE_009256,Rice,Assam,KARIMGANJ,Autumn,2008,1.6561129124547016
RICE_009257,Rice,Assam,KARIMGANJ,Summer,2008,1.7019764216366158
RICE_009258,Rice,Assam,KARIMGANJ,Winter,2008,2.4841960183767227
RICE_009259,Rice,Assam,KOKRAJHAR,Autumn,2008,0.8194940739430391
RICE_009260,Rice,Assam,KOKRAJHAR,Summer,2008,2.3702018765993746
RICE_009261,Rice,Assam,KOKRAJHAR,Winter,2008,1.1631417192529414
RICE_009262,Rice,Assam,LAKHIMPUR,Autumn,2008,0.27804686477287605
RICE_009263,Rice,Assam,LAKHIMPUR,Summer,2008,0.8206209724663152
RICE_009264,Rice,Assam,LAKHIMPUR,Winter,2008,0.6178211310828584
RICE_009265,Rice,Assam,MARIGAON,Autumn,2008,0.7173333333333334
RICE_009266,Rice,Assam,MARIGAON,Summer,2008,2.5830031091873438
RICE_009267,Rice,Assam,MARIGAON,Winter,2008,1.3533755274261603
RICE_009268,Rice,Assam,NAGAON,Autumn,2008,1.4768975128644939
RICE_009269,Rice,Assam,NAGAON,Summer,2008,2.0910916121356338
RICE_009270,Rice,Assam,NAGAON,Winter,2008,1.4824631605224707
RICE_009271,Rice,Assam,NALBARI,Autumn,2008,1.0331818181818182
RICE_009272,Rice,Assam,NALBARI,Summer,2008,2.5690285714285714
RICE_009273,Rice,Assam,NALBARI,Winter,2008,1.6873076923076924
RICE_009274,Rice,Assam,SIVASAGAR,Autumn,2008,0.8790123456790123
RICE_009275,Rice,Assam,SIVASAGAR,Summer,2008,2.1294117647058823
RICE_009276,Rice,Assam,SIVASAGAR,Winter,2008,2.4461763595166164
RICE_009277,Rice,Assam,SONITPUR,Autumn,2008,1.0284142433951997
RICE_009278,Rice,Assam,SONITPUR,Summer,2008,1.8300558387958241
RICE_009279,Rice,Assam,SONITPUR,Winter,2008,1.5245263514932244
RICE_009280,Rice,Assam,TINSUKIA,Autumn,2008,1.1379008746355685
RICE_009281,Rice,Assam,TINSUKIA,Winter,2008,1.4426702904705282
RICE_009282,Rice,Assam,UDALGURI,Autumn,2008,1.1620426216324888
RICE_009283,Rice,Assam,UDALGURI,Summer,2008,1.8341620356829482
RICE_009284,Rice,Assam,UDALGURI,Winter,2008,1.2631552621048419
RICE_009285,Rice,Bihar,ARARIA,Autumn,2008,1.1226026756478622
RICE_009286,Rice,Bihar,ARARIA,Summer,2008,1.674044412085912
RICE_009287,Rice,Bihar,ARARIA,Winter,2008,1.1579814624098868
RICE_009288,Rice,Bihar,ARWAL,Autumn,2008,1.3
RICE_009289,Rice,Bihar,ARWAL,Winter,2008,1.7475417205146935
RICE_009290,Rice,Bihar,AURANGABAD,Winter,2008,1.449394200471144
RICE_009291,Rice,Bihar,BANKA,Winter,2008,2.2246065365944157
RICE_009292,Rice,Bihar,BEGUSARAI,Autumn,2008,1.3345514343139047
RICE_009293,Rice,Bihar,BEGUSARAI,Summer,2008,1.6170212765957446
RICE_009294,Rice,Bihar,BEGUSARAI,Winter,2008,1.0948824522665281
RICE_009295,Rice,Bihar,BHAGALPUR,Autumn,2008,1.2804428044280443
RICE_009296,Rice,Bihar,BHAGALPUR,Summer,2008,1.66
RICE_009297,Rice,Bihar,BHAGALPUR,Winter,2008,1.3537274805899646
RICE_009298,Rice,Bihar,BHOJPUR,Autumn,2008,1.3333333333333333
RICE_009299,Rice,Bihar,BHOJPUR,Winter,2008,2.96215451372512
RICE_009300,Rice,Bihar,BUXAR,Winter,2008,2.354860169049358
RICE_009301,Rice,Bihar,DARBHANGA,Autumn,2008,1.0288553803975327
RICE_009302,Rice,Bihar,DARBHANGA,Summer,2008,1.4741784037558685
RICE_009303,Rice,Bihar,DARBHANGA,Winter,2008,1.3938075410261213
RICE_009304,Rice,Bihar,GAYA,Autumn,2008,1.3235294117647058
RICE_009305,Rice,Bihar,GAYA,Winter,2008,1.769412369312798
RICE_009306,Rice,Bihar,GOPALGANJ,Autumn,2008,1.2598803602634763
RICE_009307,Rice,Bihar,GOPALGANJ,Winter,2008,1.1427301352102242
RICE_009308,Rice,Bihar,JAMUI,Winter,2008,1.7187778178756166
RICE_009309,Rice,Bihar,JEHANABAD,Winter,2008,2.5130803146883376
RICE_009310,Rice,Bihar,KAIMUR (BHABUA),Autumn,2008,1.3339622641509434
RICE_009311,Rice,Bihar,KAIMUR (BHABUA),Winter,2008,1.9604566317523833
RICE_009312,Rice,Bihar,KATIHAR,Autumn,2008,0.8679027865074377
RICE_009313,Rice,Bihar,KATIHAR,Summer,2008,1.855924952637047
RICE_009314,Rice,Bihar,KATIHAR,Winter,2008,1.211690948942754
RICE_009315,Rice,Bihar,KHAGARIA,Autumn,2008,0.7113336173838943
RICE_009316,Rice,Bihar,KHAGARIA,Summer,2008,1.6142857142857143
RICE_009317,Rice,Bihar,KHAGARIA,Winter,2008,0.3834862385321101
RICE_009318,Rice,Bihar,KISHANGANJ,Autumn,2008,0.8289885297184567
RICE_009319,Rice,Bihar,KISHANGANJ,Summer,2008,1.6114527002000147
RICE_009320,Rice,Bihar,KISHANGANJ,Winter,2008,0.9918241225346699
RICE_009321,Rice,Bihar,LAKHISARAI,Winter,2008,2.0334266757486312
RICE_009322,Rice,Bihar,MADHEPURA,Autumn,2008,1.2096322454943984
RICE_009323,Rice,Bihar,MADHEPURA,Summer,2008,1.827485380116959
RICE_009324,Rice,Bihar,MADHEPURA,Winter,2008,0.6509355806313384
RICE_009325,Rice,Bihar,MADHUBANI,Autumn,2008,0.9890642364969994
RICE_009326,Rice,Bihar,MADHUBANI,Summer,2008,1.7229375298044827
RICE_009327,Rice,Bihar,MADHUBANI,Winter,2008,1.1952385585034675
RICE_009328,Rice,Bihar,MUNGER,Winter,2008,1.4782896603916376
RICE_009329,Rice,Bihar,MUZAFFARPUR,Autumn,2008,1.2559818206122175
RICE_009330,Rice,Bihar,MUZAFFARPUR,Summer,2008,1.7035175879396984
RICE_009331,Rice,Bihar,MUZAFFARPUR,Winter,2008,1.32085692401235
RICE_009332,Rice,Bihar,NALANDA,Autumn,2008,1.34
RICE_009333,Rice,Bihar,NALANDA,Winter,2008,1.3918141390060517
RICE_009334,Rice,Bihar,NAWADA,Winter,2008,1.9799306574209894
RICE_009335,Rice,Bihar,PASHCHIM CHAMPARAN,Autumn,2008,2.114963475227014
RICE_009336,Rice,Bihar,PASHCHIM CHAMPARAN,Summer,2008,1.6834004751575251
RICE_009337,Rice,Bihar,PASHCHIM CHAMPARAN,Winter,2008,1.920648905403076
RICE_009338,Rice,Bihar,PATNA,Autumn,2008,1.327060350421804
RICE_009339,Rice,Bihar,PATNA,Winter,2008,1.5377423742881515
RICE_009340,Rice,Bihar,PURBI CHAMPARAN,Autumn,2008,1.5206984915330357
RICE_009341,Rice,Bihar,PURBI CHAMPARAN,Summer,2008,1.7053571428571428
RICE_009342,Rice,Bihar,PURBI CHAMPARAN,Winter,2008,1.3137726425430796
RICE_009343,Rice,Bihar,PURNIA,Autumn,2008,1.0745991168951894
RICE_009344,Rice,Bihar,PURNIA,Summer,2008,1.627014019669387
RICE_009345,Rice,Bihar,PURNIA,Winter,2008,1.1557938524385991
RICE_009346,Rice,Bihar,ROHTAS,Autumn,2008,1.3275862068965518
RICE_009347,Rice,Bihar,ROHTAS,Winter,2008,2.7686352417073024
RICE_009348,Rice,Bihar,SAHARSA,Autumn,2008,0.730133889758303
RICE_009349,Rice,Bihar,SAHARSA,Summer,2008,1.2103343465045593
RICE_009350,Rice,Bihar,SAHARSA,Winter,2008,0.9591372246927413
RICE_009351,Rice,Bihar,SAMASTIPUR,Autumn,2008,1.3502932719953997
RICE_009352,Rice,Bihar,SAMASTIPUR,Summer,2008,1.7633440514469454
RICE_009353,Rice,Bihar,SAMASTIPUR,Winter,2008,1.6261409521224255
RICE_009354,Rice,Bihar,SARAN,Autumn,2008,1.3619744058500913
RICE_009355,Rice,Bihar,SARAN,Summer,2008,1.6096096096096095
RICE_009356,Rice,Bihar,SARAN,Winter,2008,1.4495044311311118
RICE_009357,Rice,Bihar,SHEIKHPURA,Winter,2008,2.278899322710467
RICE_009358,Rice,Bihar,SHEOHAR,Autumn,2008,1.0607756897241103
RICE_009359,Rice,Bihar,SHEOHAR,Winter,2008,0.8844244021078232
RICE_009360,Rice,Bihar,SITAMARHI,Autumn,2008,1.6701282102488317
RICE_009361,Rice,Bihar,SITAMARHI,Summer,2008,1.6818181818181819
RICE_009362,Rice,Bihar,SITAMARHI,Winter,2008,1.3878205690045051
RICE_009363,Rice,Bihar,SIWAN,Autumn,2008,1.2448593975769702
RICE_009364,Rice,Bihar,SIWAN,Summer,2008,1.7032967032967032
RICE_009365,Rice,Bihar,SIWAN,Winter,2008,1.2982424504712444
RICE_009366,Rice,Bihar,SUPAUL,Autumn,2008,0.9792368125701459
RICE_009367,Rice,Bihar,SUPAUL,Summer,2008,1.3941318151959712
RICE_009368,Rice,Bihar,SUPAUL,Winter,2008,1.0932550137937447
RICE_009369,Rice,Bihar,VAISHALI,Autumn,2008,1.4189619225282564
RICE_009370,Rice,Bihar,VAISHALI,Summer,2008,1.6954022988505748
RICE_009371,Rice,Bihar,VAISHALI,Winter,2008,1.609936706242502
RICE_009372,Rice,Chandigarh,CHANDIGARH,Kharif,2008,5.0
RICE_009373,Rice,Chhattisgarh,BASTAR,Kharif,2008,1.166368477989515
RICE_009374,Rice,Chhattisgarh,BIJAPUR,Kharif,2008,0.7013934318984691
RICE_009375,Rice,Chhattisgarh,BILASPUR,Kharif,2008,1.382465438286741
RICE_009376,Rice,Chhattisgarh,DANTEWADA,Kharif,2008,1.112296755769142
RICE_009377,Rice,Chhattisgarh,DHAMTARI,Kharif,2008,1.759597722263042
RICE_009378,Rice,Chhattisgarh,DURG,Kharif,2008,0.9058299631739691
RICE_009379,Rice,Chhattisgarh,JANJGIR-CHAMPA,Kharif,2008,1.6766456703813941
RICE_009380,Rice,Chhattisgarh,JASHPUR,Kharif,2008,1.1275197461875626
RICE_009381,Rice,Chhattisgarh,KABIRDHAM,Kharif,2008,1.0575925594705777
RICE_009382,Rice,Chhattisgarh,KANKER,Kharif,2008,1.2993500864030163
RICE_009383,Rice,Chhattisgarh,KORBA,Kharif,2008,1.0054719562243501
RICE_009384,Rice,Chhattisgarh,KOREA,Kharif,2008,1.1921913431907494
RICE_009385,Rice,Chhattisgarh,MAHASAMUND,Kharif,2008,1.1214259133510576
RICE_009386,Rice,Chhattisgarh,NARAYANPUR,Kharif,2008,1.5683012621560108
RICE_009387,Rice,Chhattisgarh,RAIGARH,Kharif,2008,1.2247592484094303
RICE_009388,Rice,Chhattisgarh,RAIPUR,Kharif,2008,1.3074810827972514
RICE_009389,Rice,Chhattisgarh,RAJNANDGAON,Kharif,2008,0.7810186687114755
RICE_009390,Rice,Chhattisgarh,SURGUJA,Kharif,2008,1.172333957569072
RICE_009391,Rice,Dadra and Nagar Haveli,DADRA AND NAGAR HAVELI,Kharif,2008,1.7205882352941178
RICE_009392,Rice,Goa,NORTH GOA,Kharif,2008,2.3990687894262543
RICE_009393,Rice,Goa,NORTH GOA,Rabi,2008,2.5447513812154696
RICE_009394,Rice,Goa,SOUTH GOA,Kharif,2008,2.2530737704918034
RICE_009395,Rice,Goa,SOUTH GOA,Rabi,2008,2.9742807901365502
RICE_009396,Rice,Gujarat,AHMADABAD,Kharif,2008,1.826222684703434
RICE_009397,Rice,Gujarat,AHMADABAD,Summer,2008,2.782608695652174
RICE_009398,Rice,Gujarat,ANAND,Kharif,2008,1.9773242630385488
RICE_009399,Rice,Gujarat,ANAND,Summer,2008,2.5454545454545454
RICE_009400,Rice,Gujarat,BHARUCH,Kharif,2008,1.6712328767123288
RICE_009401,Rice,Gujarat,BHARUCH,Summer,2008,3.125
RICE_009402,Rice,Gujarat,DANG,Kharif,2008,1.2681564245810055
RICE_009403,Rice,Gujarat,DOHAD,Kharif,2008,0.6869806094182825
RICE_009404,Rice,Gujarat,GANDHINAGAR,Kharif,2008,2.1015625
RICE_009405,Rice,Gujarat,KHEDA,Kharif,2008,2.09297725024728
RICE_009406,Rice,Gujarat,KHEDA,Summer,2008,2.8260869565217392
RICE_009407,Rice,Gujarat,MAHESANA,Kharif,2008,2.0508474576271185
RICE_009408,Rice,Gujarat,NARMADA,Kharif,2008,0.9013157894736842
RICE_009409,Rice,Gujarat,NAVSARI,Kharif,2008,2.4017278617710582
RICE_009410,Rice,Gujarat,NAVSARI,Summer,2008,2.9836065573770494
RICE_009411,Rice,Gujarat,PANCH MAHALS,Kharif,2008,0.7184466019417476
RICE_009412,Rice,Gujarat,PANCH MAHALS,Summer,2008,3.3333333333333335
RICE_009413,Rice,Gujarat,SABAR KANTHA,Kharif,2008,1.8217821782178218
RICE_009414,Rice,Gujarat,SURAT,Kharif,2008,2.1284246575342465
RICE_009415,Rice,Gujarat,SURAT,Summer,2008,3.422680412371134
RICE_009416,Rice,Gujarat,SURENDRANAGAR,Kharif,2008,1.1111111111111112
RICE_009417,Rice,Gujarat,TAPI,Kharif,2008,1.482490272373541
RICE_009418,Rice,Gujarat,TAPI,Summer,2008,2.142857142857143
RICE_009419,Rice,Gujarat,VADODARA,Kharif,2008,1.1109271523178808
RICE_009420,Rice,Gujarat,VALSAD,Kharif,2008,2.1144278606965172
RICE_009421,Rice,Gujarat,VALSAD,Summer,2008,3.125
RICE_009422,Rice,Haryana,AMBALA,Kharif,2008,3.29621490827387
RICE_009423,Rice,Haryana,BHIWANI,Kharif,2008,2.120940755054909
RICE_009424,Rice,Haryana,FARIDABAD,Kharif,2008,2.6044749615248017
RICE_009425,Rice,Haryana,FATEHABAD,Kharif,2008,4.360801667138336
RICE_009426,Rice,Haryana,GURGAON,Kharif,2008,2.3141452126120914
RICE_009427,Rice,Haryana,HISAR,Kharif,2008,2.717894866884922
RICE_009428,Rice,Haryana,JHAJJAR,Kharif,2008,0.9737960339943342
RICE_009429,Rice,Haryana,JIND,Kharif,2008,2.339816184040582
RICE_009430,Rice,Haryana,KAITHAL,Kharif,2008,2.5014234442873504
RICE_009431,Rice,Haryana,KARNAL,Kharif,2008,2.7509258492374316
RICE_009432,Rice,Haryana,KURUKSHETRA,Kharif,2008,3.3571957541347817
RICE_009433,Rice,Haryana,MEWAT,Kharif,2008,2.250351617440225
RICE_009434,Rice,Haryana,PALWAL,Kharif,2008,2.7220893875298877
RICE_009435,Rice,Haryana,PANCHKULA,Kharif,2008,2.7282027964078663
RICE_009436,Rice,Haryana,PANIPAT,Kharif,2008,2.173270064169335
RICE_009437,Rice,Haryana,REWARI,Kharif,2008,2.420135527589545
RICE_009438,Rice,Haryana,ROHTAK,Kharif,2008,1.2487317568094904
RICE_009439,Rice,Haryana,SIRSA,Kharif,2008,3.4100596760443307
RICE_009440,Rice,Haryana,SONIPAT,Kharif,2008,2.007750348118004
RICE_009441,Rice,Haryana,YAMUNANAGAR,Kharif,2008,3.085127174246866
RICE_009442,Rice,Himachal Pradesh,BILASPUR,Kharif,2008,2.087820512820513
RICE_009443,Rice,Himachal Pradesh,CHAMBA,Kharif,2008,1.2321830457614404
RICE_009444,Rice,Himachal Pradesh,HAMIRPUR,Kharif,2008,1.4596491228070176
RICE_009445,Rice,Himachal Pradesh,KANGRA,Kharif,2008,1.515018315018315
RICE_009446,Rice,Himachal Pradesh,KINNAUR,Kharif,2008,1.5
RICE_009447,Rice,Himachal Pradesh,KULLU,Kharif,2008,1.3703961084086171
RICE_009448,Rice,Himachal Pradesh,MANDI,Kharif,2008,1.3588815626394328
RICE_009449,Rice,Himachal Pradesh,SHIMLA,Kharif,2008,0.9958813838550247
RICE_009450,Rice,Himachal Pradesh,SIRMAUR,Kharif,2008,1.3574171029668411
RICE_009451,Rice,Himachal Pradesh,SOLAN,Kharif,2008,2.4800469483568075
RICE_009452,Rice,Himachal Pradesh,UNA,Kharif,2008,2.234608985024958
RICE_009453,Rice,Karnataka,BAGALKOT,Kharif,2008,3.058965517241379
RICE_009454,Rice,Karnataka,BANGALORE RURAL,Kharif,2008,4.350998877665544
RICE_009455,Rice,Karnataka,BANGALORE RURAL,Rabi,2008,2.1666666666666665
RICE_009456,Rice,Karnataka,BANGALORE RURAL,Summer,2008,3.020501138952164
RICE_009457,Rice,Karnataka,BELGAUM,Kharif,2008,1.3110000140688531
RICE_009458,Rice,Karnataka,BELGAUM,Summer,2008,3.01875
RICE_009459,Rice,Karnataka,BELLARY,Kharif,2008,3.63849996151774
RICE_009460,Rice,Karnataka,BELLARY,Rabi,2008,4.666666666666667
RICE_009461,Rice,Karnataka,BELLARY,Summer,2008,3.52260551857082
RICE_009462,Rice,Karnataka,BENGALURU URBAN,Kharif,2008,3.04
RICE_009463,Rice,Karnataka,BENGALURU URBAN,Summer,2008,3.8822269807280514
RICE_009464,Rice,Karnataka,BIDAR,Kharif,2008,0.7409994548428129
RICE_009465,Rice,Karnataka,BIJAPUR,Kharif,2008,3.0875
RICE_009466,Rice,Karnataka,CHAMARAJANAGAR,Kharif,2008,2.840499746321664
RICE_009467,Rice,Karnataka,CHAMARAJANAGAR,Rabi,2008,3.1587301587301586
RICE_009468,Rice,Karnataka,CHAMARAJANAGAR,Summer,2008,3.050588235294118
RICE_009469,Rice,Karnataka,CHIKBALLAPUR,Kharif,2008,2.9666073898439045
RICE_009470,Rice,Karnataka,CHIKBALLAPUR,Summer,2008,3.13296308395949
RICE_009471,Rice,Karnataka,CHIKMAGALUR,Kharif,2008,2.479500073953557
RICE_009472,Rice,Karnataka,CHIKMAGALUR,Summer,2008,2.3903195780328885
RICE_009473,Rice,Karnataka,CHITRADURGA,Kharif,2008,2.1375004748338085
RICE_009474,Rice,Karnataka,CHITRADURGA,Rabi,2008,1.7155797101449275
RICE_009475,Rice,Karnataka,CHITRADURGA,Summer,2008,2.0985964912280703
RICE_009476,Rice,Karnataka,DAKSHIN KANNAD,Kharif,2008,2.536499923884914
RICE_009477,Rice,Karnataka,DAKSHIN KANNAD,Rabi,2008,2.248004206702041
RICE_009478,Rice,Karnataka,DAKSHIN KANNAD,Summer,2008,2.243781094527363
RICE_009479,Rice,Karnataka,DAVANGERE,Kharif,2008,3.3155000281864817
RICE_009480,Rice,Karnataka,DAVANGERE,Summer,2008,3.5757949098764596
RICE_009481,Rice,Karnataka,DHARWAD,Kharif,2008,0.8454998623811125
RICE_009482,Rice,Karnataka,DHARWAD,Summer,2008,3.022222222222222
RICE_009483,Rice,Karnataka,GADAG,Kharif,2008,1.5959999999999999
RICE_009484,Rice,Karnataka,GADAG,Summer,2008,1.1254658385093168
RICE_009485,Rice,Karnataka,GULBARGA,Kharif,2008,2.5840000422904508
RICE_009486,Rice,Karnataka,GULBARGA,Rabi,2008,1.5579851620460758
RICE_009487,Rice,Karnataka,GULBARGA,Summer,2008,2.1422407379854187
RICE_009488,Rice,Karnataka,HASSAN,Kharif,2008,2.4510001056747335
RICE_009489,Rice,Karnataka,HASSAN,Rabi,2008,2.013333333333333
RICE_009490,Rice,Karnataka,HASSAN,Summer,2008,2.664798408967637
RICE_009491,Rice,Karnataka,HAVERI,Kharif,2008,1.2064999787025599
RICE_009492,Rice,Karnataka,HAVERI,Summer,2008,3.209119830328738
RICE_009493,Rice,Karnataka,KODAGU,Kharif,2008,2.3939998853243885
RICE_009494,Rice,Karnataka,KODAGU,Rabi,2008,2.2
RICE_009495,Rice,Karnataka,KODAGU,Summer,2008,2.5206073752711498
RICE_009496,Rice,Karnataka,KOLAR,Kharif,2008,1.576999238385377
RICE_009497,Rice,Karnataka,KOLAR,Summer,2008,2.1376146788990824
RICE_009498,Rice,Karnataka,KOPPAL,Kharif,2008,3.705
RICE_009499,Rice,Karnataka,KOPPAL,Summer,2008,3.2860623083316614
RICE_009500,Rice,Karnataka,MANDYA,Kharif,2008,3.1919999413377917
RICE_009501,Rice,Karnataka,MANDYA,Rabi,2008,3.142857142857143
RICE_009502,Rice,Karnataka,MANDYA,Summer,2008,3.2214501796180754
RICE_009503,Rice,Karnataka,MYSORE,Kharif,2008,2.963999963830691
RICE_009504,Rice,Karnataka,MYSORE,Summer,2008,2.8480926430517712
RICE_009505,Rice,Karnataka,RAICHUR,Kharif,2008,3.54349999470468
RICE_009506,Rice,Karnataka,RAICHUR,Summer,2008,2.6694987376244645
RICE_009507,Rice,Karnataka,RAMANAGARA,Kharif,2008,2.6441138835572615
RICE_009508,Rice,Karnataka,RAMANAGARA,Summer,2008,3.138888888888889
RICE_009509,Rice,Karnataka,SHIMOGA,Kharif,2008,2.336999973828612
RICE_009510,Rice,Karnataka,SHIMOGA,Summer,2008,3.2040021896478317
RICE_009511,Rice,Karnataka,TUMKUR,Kharif,2008,2.5269998356749652
RICE_009512,Rice,Karnataka,TUMKUR,Rabi,2008,2.7779229261920313
RICE_009513,Rice,Karnataka,TUMKUR,Summer,2008,2.9525926988452986
RICE_009514,Rice,Karnataka,UDUPI,Kharif,2008,2.3085
RICE_009515,Rice,Karnataka,UDUPI,Rabi,2008,2.189765458422175
RICE_009516,Rice,Karnataka,UDUPI,Summer,2008,2.1818181818181817
RICE_009517,Rice,Karnataka,UTTAR KANNAD,Kharif,2008,1.4915000064622026
RICE_009518,Rice,Karnataka,UTTAR KANNAD,Rabi,2008,2.3232533889468194
RICE_009519,Rice,Karnataka,UTTAR KANNAD,Summer,2008,2.2101751459549623
RICE_009520,Rice,Kerala,ALAPPUZHA,Autumn,2008,2.998743575099943
RICE_009521,Rice,Kerala,ALAPPUZHA,Summer,2008,3.090171624082556
RICE_009522,Rice,Kerala,ALAPPUZHA,Winter,2008,3.0272464565845603
RICE_009523,Rice,Kerala,ERNAKULAM,Autumn,2008,1.9956837355307044
RICE_009524,Rice,Kerala,ERNAKULAM,Summer,2008,1.7334352701325177
RICE_009525,Rice,Kerala,ERNAKULAM,Winter,2008,2.0880311494836636
RICE_009526,Rice,Kerala,IDUKKI,Autumn,2008,2.6356275303643724
RICE_009527,Rice,Kerala,IDUKKI,Summer,2008,2.3684210526315788
RICE_009528,Rice,Kerala,IDUKKI,Winter,2008,2.593989769820972
RICE_009529,Rice,Kerala,KANNUR,Autumn,2008,1.7569164652162235
RICE_009530,Rice,Kerala,KANNUR,Summer,2008,1.6271186440677967
RICE_009531,Rice,Kerala,KANNUR,Winter,2008,1.8130252100840336
RICE_009532,Rice,Kerala,KASARAGOD,Autumn,2008,2.3898426323319026
RICE_009533,Rice,Kerala,KASARAGOD,Summer,2008,1.9176470588235295
RICE_009534,Rice,Kerala,KASARAGOD,Winter,2008,1.9925925925925927
RICE_009535,Rice,Kerala,KOLLAM,Autumn,2008,2.263277693474962
RICE_009536,Rice,Kerala,KOLLAM,Summer,2008,0.7033898305084746
RICE_009537,Rice,Kerala,KOLLAM,Winter,2008,2.1568303755674783
RICE_009538,Rice,Kerala,KOTTAYAM,Autumn,2008,3.021615130591414
RICE_009539,Rice,Kerala,KOTTAYAM,Summer,2008,3.041939711664482
RICE_009540,Rice,Kerala,KOTTAYAM,Winter,2008,2.5634050021939445
RICE_009541,Rice,Kerala,KOZHIKODE,Autumn,2008,1.337962962962963
RICE_009542,Rice,Kerala,KOZHIKODE,Summer,2008,2.0973451327433628
RICE_009543,Rice,Kerala,KOZHIKODE,Winter,2008,1.241094147582697
RICE_009544,Rice,Kerala,MALAPPURAM,Autumn,2008,2.1897935779816513
RICE_009545,Rice,Kerala,MALAPPURAM,Summer,2008,3.1176857330703482
RICE_009546,Rice,Kerala,MALAPPURAM,Winter,2008,1.8977800722767166
RICE_009547,Rice,Kerala,PALAKKAD,Autumn,2008,2.4433518035874635
RICE_009548,Rice,Kerala,PALAKKAD,Summer,2008,2.8904580621392606
RICE_009549,Rice,Kerala,PALAKKAD,Winter,2008,2.478177786165896
RICE_009550,Rice,Kerala,PATHANAMTHITTA,Autumn,2008,2.330769230769231
RICE_009551,Rice,Kerala,PATHANAMTHITTA,Summer,2008,2.92886781268524
RICE_009552,Rice,Kerala,PATHANAMTHITTA,Winter,2008,2.494212962962963
RICE_009553,Rice,Kerala,THIRUVANANTHAPURAM,Autumn,2008,2.488888888888889
RICE_009554,Rice,Kerala,THIRUVANANTHAPURAM,Summer,2008,2.6379310344827585
RICE_009555,Rice,Kerala,THIRUVANANTHAPURAM,Winter,2008,2.3597122302158273
RICE_009556,Rice,Kerala,THRISSUR,Autumn,2008,1.9796560402684564
RICE_009557,Rice,Kerala,THRISSUR,Summer,2008,3.269979624179307
RICE_009558,Rice,Kerala,THRISSUR,Winter,2008,2.344199357810973
RICE_009559,Rice,Kerala,WAYANAD,Summer,2008,2.8156077348066297
RICE_009560,Rice,Kerala,WAYANAD,Winter,2008,2.6098477157360405
RICE_009561,Rice,Madhya Pradesh,ALIRAJPUR,Kharif,2008,0.4645792563600783
RICE_009562,Rice,Madhya Pradesh,ANUPPUR,Kharif,2008,1.0437728919450293
RICE_009563,Rice,Madhya Pradesh,ASHOKNAGAR,Kharif,2008,0.7048903878583473
RICE_009564,Rice,Madhya Pradesh,BALAGHAT,Kharif,2008,1.1008985930714272
RICE_009565,Rice,Madhya Pradesh,BARWANI,Kharif,2008,0.34664948453608246
RICE_009566,Rice,Madhya Pradesh,BETUL,Kharif,2008,1.0524319292529671
RICE_009567,Rice,Madhya Pradesh,BHIND,Kharif,2008,1.7393715341959335
RICE_009568,Rice,Madhya Pradesh,BHOPAL,Kharif,2008,0.6992337164750958
RICE_009569,Rice,Madhya Pradesh,BURHANPUR,Kharif,2008,0.9562171628721541
RICE_009570,Rice,Madhya Pradesh,CHHATARPUR,Kharif,2008,0.6558332597368188
RICE_009571,Rice,Madhya Pradesh,CHHINDWARA,Kharif,2008,0.7525708943596136
RICE_009572,Rice,Madhya Pradesh,DAMOH,Kharif,2008,0.7722513554350724
RICE_009573,Rice,Madhya Pradesh,DATIA,Kharif,2008,1.2613636363636365
RICE_009574,Rice,Madhya Pradesh,DEWAS,Kharif,2008,0.6815144766146993
RICE_009575,Rice,Madhya Pradesh,DHAR,Kharif,2008,0.6073260073260073
RICE_009576,Rice,Madhya Pradesh,DINDORI,Kharif,2008,0.77793049530919
RICE_009577,Rice,Madhya Pradesh,GUNA,Kharif,2008,0.6304878048780488
RICE_009578,Rice,Madhya Pradesh,GWALIOR,Kharif,2008,2.6393791745990773
RICE_009579,Rice,Madhya Pradesh,HARDA,Kharif,2008,1.8882063882063882
RICE_009580,Rice,Madhya Pradesh,HOSHANGABAD,Kharif,2008,1.472340923725341
RICE_009581,Rice,Madhya Pradesh,INDORE,Kharif,2008,0.6363636363636364
RICE_009582,Rice,Madhya Pradesh,JABALPUR,Kharif,2008,0.8197733072221233
RICE_009583,Rice,Madhya Pradesh,JHABUA,Kharif,2008,0.5455954897815363
RICE_009584,Rice,Madhya Pradesh,KATNI,Kharif,2008,0.9614792424313985
RICE_009585,Rice,Madhya Pradesh,KHANDWA,Kharif,2008,1.029487576038767
RICE_009586,Rice,Madhya Pradesh,KHARGONE,Kharif,2008,0.6559206447613143
RICE_009587,Rice,Madhya Pradesh,MANDLA,Kharif,2008,0.6555332868595329
RICE_009588,Rice,Madhya Pradesh,MORENA,Kharif,2008,2.0985010706638114
RICE_009589,Rice,Madhya Pradesh,NARSINGHPUR,Kharif,2008,0.9294242908205947
RICE_009590,Rice,Madhya Pradesh,NEEMUCH,Kharif,2008,0.5142857142857142
RICE_009591,Rice,Madhya Pradesh,PANNA,Kharif,2008,0.780099851099238
RICE_009592,Rice,Madhya Pradesh,RAISEN,Kharif,2008,0.9541677955386977
RICE_009593,Rice,Madhya Pradesh,RAJGARH,Kharif,2008,0.6211267605633802
RICE_009594,Rice,Madhya Pradesh,RATLAM,Kharif,2008,0.7199100112485939
RICE_009595,Rice,Madhya Pradesh,REWA,Kharif,2008,0.9762937645151396
RICE_009596,Rice,Madhya Pradesh,SAGAR,Kharif,2008,0.5261432807866396
RICE_009597,Rice,Madhya Pradesh,SATNA,Kharif,2008,0.6547632237906353
RICE_009598,Rice,Madhya Pradesh,SEHORE,Kharif,2008,0.7530678148546824
RICE_009599,Rice,Madhya Pradesh,SEONI,Kharif,2008,1.0151779996884789
RICE_009600,Rice,Madhya Pradesh,SHAHDOL,Kharif,2008,0.8588041106365518
RICE_009601,Rice,Madhya Pradesh,SHAJAPUR,Kharif,2008,0.4421052631578947
RICE_009602,Rice,Madhya Pradesh,SHEOPUR,Kharif,2008,2.4014054209092213
RICE_009603,Rice,Madhya Pradesh,SHIVPURI,Kharif,2008,1.1358443188951663
RICE_009604,Rice,Madhya Pradesh,SIDHI,Kharif,2008,0.6999202464110885
RICE_009605,Rice,Madhya Pradesh,SINGRAULI,Kharif,2008,0.4425817604373957
RICE_009606,Rice,Madhya Pradesh,TIKAMGARH,Kharif,2008,0.5665917719067173
RICE_009607,Rice,Madhya Pradesh,UJJAIN,Kharif,2008,0.5
RICE_009608,Rice,Madhya Pradesh,UMARIA,Kharif,2008,0.6686749627552362
RICE_009609,Rice,Madhya Pradesh,VIDISHA,Kharif,2008,0.8180076628352491
RICE_009610,Rice,Maharashtra,AHMEDNAGAR,Kharif,2008,0.978494623655914
RICE_009611,Rice,Maharashtra,AMRAVATI,Kharif,2008,0.4
RICE_009612,Rice,Maharashtra,BEED,Kharif,2008,0.4
RICE_009613,Rice,Maharashtra,BHANDARA,Kharif,2008,0.7207310108509423
RICE_009614,Rice,Maharashtra,CHANDRAPUR,Kharif,2008,0.8478123018389346
RICE_009615,Rice,Maharashtra,DHULE,Kharif,2008,0.5555555555555556
RICE_009616,Rice,Maharashtra,GADCHIROLI,Kharif,2008,0.8322324966974901
RICE_009617,Rice,Maharashtra,GONDIA,Kharif,2008,0.7071853052404106
RICE_009618,Rice,Maharashtra,HINGOLI,Kharif,2008,0.6
RICE_009619,Rice,Maharashtra,KOLHAPUR,Kharif,2008,2.5061511423550087
RICE_009620,Rice,Maharashtra,LATUR,Kharif,2008,0.358974358974359
RICE_009621,Rice,Maharashtra,NAGPUR,Kharif,2008,0.9495652173913044
RICE_009622,Rice,Maharashtra,NANDED,Kharif,2008,0.525
RICE_009623,Rice,Maharashtra,NANDURBAR,Kharif,2008,1.0735294117647058
RICE_009624,Rice,Maharashtra,NASHIK,Kharif,2008,1.28515625
RICE_009625,Rice,Maharashtra,OSMANABAD,Kharif,2008,0.36
RICE_009626,Rice,Maharashtra,PARBHANI,Kharif,2008,0.3275862068965517
RICE_009627,Rice,Maharashtra,PUNE,Kharif,2008,1.2336601307189543
RICE_009628,Rice,Maharashtra,RAIGAD,Kharif,2008,2.7132471728594507
RICE_009629,Rice,Maharashtra,RATNAGIRI,Kharif,2008,2.5968992248062017
RICE_009630,Rice,Maharashtra,SANGLI,Kharif,2008,2.06951871657754
RICE_009631,Rice,Maharashtra,SATARA,Kharif,2008,2.199195171026157
RICE_009632,Rice,Maharashtra,SINDHUDURG,Kharif,2008,2.795698924731183
RICE_009633,Rice,Maharashtra,SOLAPUR,Kharif,2008,0.1
RICE_009634,Rice,Maharashtra,THANE,Kharif,2008,2.1543478260869566
RICE_009635,Rice,Maharashtra,WASHIM,Kharif,2008,1.0
RICE_009636,Rice,Maharashtra,YAVATMAL,Kharif,2008,0.4
RICE_009637,Rice,Meghalaya,EAST GARO HILLS,Autumn,2008,1.438987816307404
RICE_009638,Rice,Meghalaya,EAST GARO HILLS,Summer,2008,1.927710843373494
RICE_009639,Rice,Meghalaya,EAST GARO HILLS,Winter,2008,1.5949329798202976
RICE_009640,Rice,Meghalaya,EAST JAINTIA HILLS,Autumn,2008,1.6633663366336633
RICE_009641,Rice,Meghalaya,EAST JAINTIA HILLS,Summer,2008,2.175
RICE_009642,Rice,Meghalaya,EAST JAINTIA HILLS,Winter,2008,1.6267322673226732
RICE_009643,Rice,Meghalaya,EAST KHASI HILLS,Autumn,2008,2.0702479338842976
RICE_009644,Rice,Meghalaya,EAST KHASI HILLS,Summer,2008,1.7034883720930232
RICE_009645,Rice,Meghalaya,EAST KHASI HILLS,Winter,2008,1.8323753013165214
RICE_009646,Rice,Meghalaya,RI BHOI,Autumn,2008,1.7701149425287357
RICE_009647,Rice,Meghalaya,RI BHOI,Summer,2008,2.1016042780748663
RICE_009648,Rice,Meghalaya,RI BHOI,Winter,2008,2.7024337479718765
RICE_009649,Rice,Meghalaya,SOUTH GARO HILLS,Autumn,2008,1.0350515463917527
RICE_009650,Rice,Meghalaya,SOUTH GARO HILLS,Summer,2008,1.428
RICE_009651,Rice,Meghalaya,SOUTH GARO HILLS,Winter,2008,1.6008390770152832
RICE_009652,Rice,Meghalaya,WEST GARO HILLS,Autumn,2008,1.2422364023093284
RICE_009653,Rice,Meghalaya,WEST GARO HILLS,Summer,2008,3.7769609890568874
RICE_009654,Rice,Meghalaya,WEST GARO HILLS,Winter,2008,1.86
RICE_009655,Rice,Meghalaya,WEST KHASI HILLS,Autumn,2008,1.4871794871794872
RICE_009656,Rice,Meghalaya,WEST KHASI HILLS,Summer,2008,1.9591836734693877
RICE_009657,Rice,Meghalaya,WEST KHASI HILLS,Winter,2008,1.4110125260960333
RICE_009658,Rice,Mizoram,AIZAWL,Kharif,2008,0.7904300423985463
RICE_009659,Rice,Mizoram,CHAMPHAI,Kharif,2008,2.003276262946523
RICE_009660,Rice,Mizoram,KOLASIB,Kharif,2008,1.201950066479539
RICE_009661,Rice,Mizoram,LAWNGTLAI,Kharif,2008,0.7796314741035857
RICE_009662,Rice,Mizoram,LAWNGTLAI,Rabi,2008,3.0
RICE_009663,Rice,Mizoram,LUNGLEI,Kharif,2008,0.9890665412649894
RICE_009664,Rice,Mizoram,LUNGLEI,Rabi,2008,2.1102362204724407
RICE_009665,Rice,Mizoram,MAMIT,Kharif,2008,1.1199387947269304
RICE_009666,Rice,Mizoram,SAIHA,Kharif,2008,0.3768949294302143
RICE_009667,Rice,Mizoram,SERCHHIP,Kharif,2008,2.387329722632529
RICE_009668,Rice,Nagaland,DIMAPUR,Kharif,2008,2.160891089108911
RICE_009669,Rice,Nagaland,KIPHIRE,Kharif,2008,1.971916971916972
RICE_009670,Rice,Nagaland,KOHIMA,Kharif,2008,1.9588957055214724
RICE_009671,Rice,Nagaland,LONGLENG,Kharif,2008,1.842783505154639
RICE_009672,Rice,Nagaland,MOKOKCHUNG,Kharif,2008,1.893910860012555
RICE_009673,Rice,Nagaland,MON,Kharif,2008,1.8082788671023966
RICE_009674,Rice,Nagaland,PEREN,Kharif,2008,2.1783783783783783
RICE_009675,Rice,Nagaland,PHEK,Kharif,2008,2.237857142857143
RICE_009676,Rice,Nagaland,TUENSANG,Kharif,2008,1.8132075471698113
RICE_009677,Rice,Nagaland,WOKHA,Kharif,2008,1.9042437431991295
RICE_009678,Rice,Nagaland,ZUNHEBOTO,Kharif,2008,1.8469656992084433
RICE_009679,Rice,Odisha,ANUGUL,Autumn,2008,1.125
RICE_009680,Rice,Odisha,ANUGUL,Summer,2008,1.0
RICE_009681,Rice,Odisha,ANUGUL,Winter,2008,1.3780487804878048
RICE_009682,Rice,Odisha,BALANGIR,Autumn,2008,1.0526315789473684
RICE_009683,Rice,Odisha,BALANGIR,Summer,2008,2.0
RICE_009684,Rice,Odisha,BALANGIR,Winter,2008,1.6222222222222222
RICE_009685,Rice,Odisha,BALESHWAR,Autumn,2008,1.0
RICE_009686,Rice,Odisha,BALESHWAR,Summer,2008,2.1176470588235294
RICE_009687,Rice,Odisha,BALESHWAR,Winter,2008,1.2938388625592416
RICE_009688,Rice,Odisha,BARGARH,Autumn,2008,0.8793103448275862
RICE_009689,Rice,Odisha,BARGARH,Summer,2008,3.3934426229508197
RICE_009690,Rice,Odisha,BARGARH,Winter,2008,1.967741935483871
RICE_009691,Rice,Odisha,BHADRAK,Summer,2008,1.4666666666666666
RICE_009692,Rice,Odisha,BHADRAK,Winter,2008,1.9212121212121211
RICE_009693,Rice,Odisha,BOUDH,Autumn,2008,1.0
RICE_009694,Rice,Odisha,BOUDH,Summer,2008,1.5
RICE_009695,Rice,Odisha,BOUDH,Winter,2008,1.3448275862068966
RICE_009696,Rice,Odisha,CUTTACK,Autumn,2008,0.625
RICE_009697,Rice,Odisha,CUTTACK,Summer,2008,2.0
RICE_009698,Rice,Odisha,CUTTACK,Winter,2008,1.4333333333333333
RICE_009699,Rice,Odisha,DEOGARH,Autumn,2008,1.0
RICE_009700,Rice,Odisha,DEOGARH,Winter,2008,1.4074074074074074
RICE_009701,Rice,Odisha,DHENKANAL,Autumn,2008,1.1111111111111112
RICE_009702,Rice,Odisha,DHENKANAL,Summer,2008,2.0
RICE_009703,Rice,Odisha,DHENKANAL,Winter,2008,1.6732673267326732
RICE_009704,Rice,Odisha,GAJAPATI,Autumn,2008,1.0
RICE_009705,Rice,Odisha,GAJAPATI,Winter,2008,1.2
RICE_009706,Rice,Odisha,GANJAM,Autumn,2008,1.3333333333333333
RICE_009707,Rice,Odisha,GANJAM,Winter,2008,1.695970695970696
RICE_009708,Rice,Odisha,JAGATSINGHAPUR,Autumn,2008,1.0
RICE_009709,Rice,Odisha,JAGATSINGHAPUR,Summer,2008,2.0
RICE_009710,Rice,Odisha,JAGATSINGHAPUR,Winter,2008,1.9651162790697674
RICE_009711,Rice,Odisha,JAJAPUR,Autumn,2008,0.7142857142857143
RICE_009712,Rice,Odisha,JAJAPUR,Summer,2008,2.3333333333333335
RICE_009713,Rice,Odisha,JAJAPUR,Winter,2008,1.5737704918032787
RICE_009714,Rice,Odisha,JHARSUGUDA,Autumn,2008,1.25
RICE_009715,Rice,Odisha,JHARSUGUDA,Summer,2008,2.0
RICE_009716,Rice,Odisha,JHARSUGUDA,Winter,2008,2.392857142857143
RICE_009717,Rice,Odisha,KALAHANDI,Autumn,2008,0.9315068493150684
RICE_009718,Rice,Odisha,KALAHANDI,Summer,2008,2.14
RICE_009719,Rice,Odisha,KALAHANDI,Winter,2008,1.1724137931034482
RICE_009720,Rice,Odisha,KANDHAMAL,Autumn,2008,1.0714285714285714
RICE_009721,Rice,Odisha,KANDHAMAL,Summer,2008,1.0
RICE_009722,Rice,Odisha,KANDHAMAL,Winter,2008,1.4615384615384615
RICE_009723,Rice,Odisha,KENDRAPARA,Autumn,2008,0.3333333333333333
RICE_009724,Rice,Odisha,KENDRAPARA,Summer,2008,2.0
RICE_009725,Rice,Odisha,KENDRAPARA,Winter,2008,1.385185185185185
RICE_009726,Rice,Odisha,KENDUJHAR,Autumn,2008,0.9772727272727273
RICE_009727,Rice,Odisha,KENDUJHAR,Summer,2008,1.5
RICE_009728,Rice,Odisha,KENDUJHAR,Winter,2008,1.4161490683229814
RICE_009729,Rice,Odisha,KHORDHA,Summer,2008,2.0
RICE_009730,Rice,Odisha,KHORDHA,Winter,2008,1.2608695652173914
RICE_009731,Rice,Odisha,KORAPUT,Autumn,2008,0.9583333333333334
RICE_009732,Rice,Odisha,KORAPUT,Summer,2008,2.25
RICE_009733,Rice,Odisha,KORAPUT,Winter,2008,1.6483516483516483
RICE_009734,Rice,Odisha,MALKANGIRI,Autumn,2008,0.8
RICE_009735,Rice,Odisha,MALKANGIRI,Summer,2008,2.0
RICE_009736,Rice,Odisha,MALKANGIRI,Winter,2008,1.216867469879518
RICE_009737,Rice,Odisha,MAYURBHANJ,Autumn,2008,1.1636363636363636
RICE_009738,Rice,Odisha,MAYURBHANJ,Summer,2008,1.6666666666666667
RICE_009739,Rice,Odisha,MAYURBHANJ,Winter,2008,1.619718309859155
RICE_009740,Rice,Odisha,NABARANGPUR,Autumn,2008,0.9714285714285714
RICE_009741,Rice,Odisha,NABARANGPUR,Summer,2008,1.5
RICE_009742,Rice,Odisha,NABARANGPUR,Winter,2008,1.278688524590164
RICE_009743,Rice,Odisha,NAYAGARH,Autumn,2008,2.0
RICE_009744,Rice,Odisha,NAYAGARH,Winter,2008,1.3870967741935485
RICE_009745,Rice,Odisha,NUAPADA,Autumn,2008,0.975
RICE_009746,Rice,Odisha,NUAPADA,Summer,2008,2.25
RICE_009747,Rice,Odisha,NUAPADA,Winter,2008,1.6290322580645162
RICE_009748,Rice,Odisha,PURI,Autumn,2008,2.0
RICE_009749,Rice,Odisha,PURI,Summer,2008,1.9423076923076923
RICE_009750,Rice,Odisha,PURI,Winter,2008,0.847457627118644
RICE_009751,Rice,Odisha,RAYAGADA,Autumn,2008,0.8888888888888888
RICE_009752,Rice,Odisha,RAYAGADA,Summer,2008,1.5
RICE_009753,Rice,Odisha,RAYAGADA,Winter,2008,1.6538461538461537
RICE_009754,Rice,Odisha,SAMBALPUR,Autumn,2008,1.4130434782608696
RICE_009755,Rice,Odisha,SAMBALPUR,Summer,2008,3.75
RICE_009756,Rice,Odisha,SAMBALPUR,Winter,2008,2.2588235294117647
RICE_009757,Rice,Odisha,SONEPUR,Autumn,2008,1.0666666666666667
RICE_009758,Rice,Odisha,SONEPUR,Summer,2008,3.0344827586206895
RICE_009759,Rice,Odisha,SONEPUR,Winter,2008,1.6951219512195121
RICE_009760,Rice,Odisha,SUNDARGARH,Autumn,2008,1.1041666666666667
RICE_009761,Rice,Odisha,SUNDARGARH,Summer,2008,3.0
RICE_009762,Rice,Odisha,SUNDARGARH,Winter,2008,1.5454545454545454
RICE_009763,Rice,Puducherry,KARAIKAL,Kharif,2008,2.7897435897435896
RICE_009764,Rice,Puducherry,KARAIKAL,Rabi,2008,1.6480013783597518
RICE_009765,Rice,Puducherry,KARAIKAL,Summer,2008,1.3645833333333333
RICE_009766,Rice,Puducherry,PONDICHERRY,Kharif,2008,2.6670332691778937
RICE_009767,Rice,Puducherry,PONDICHERRY,Rabi,2008,2.578987438142368
RICE_009768,Rice,Puducherry,PONDICHERRY,Summer,2008,2.892937563971341
RICE_009769,Rice,Puducherry,YANAM,Kharif,2008,3.5350553505535056
RICE_009770,Rice,Puducherry,YANAM,Rabi,2008,4.225806451612903
RICE_009771,Rice,Punjab,AMRITSAR,Kharif,2008,2.907103825136612
RICE_009772,Rice,Punjab,BARNALA,Kharif,2008,4.754901960784314
RICE_009773,Rice,Punjab,BATHINDA,Kharif,2008,4.402061855670103
RICE_009774,Rice,Punjab,FARIDKOT,Kharif,2008,4.3578947368421055
RICE_009775,Rice,Punjab,FATEHGARH SAHIB,Kharif,2008,4.270588235294118
RICE_009776,Rice,Punjab,FIROZEPUR,Kharif,2008,4.042307692307692
RICE_009777,Rice,Punjab,GURDASPUR,Kharif,2008,3.298507462686567
RICE_009778,Rice,Punjab,HOSHIARPUR,Kharif,2008,3.4833333333333334
RICE_009779,Rice,Punjab,JALANDHAR,Kharif,2008,3.793548387096774
RICE_009780,Rice,Punjab,KAPURTHALA,Kharif,2008,3.754385964912281
RICE_009781,Rice,Punjab,LUDHIANA,Kharif,2008,4.468503937007874
RICE_009782,Rice,Punjab,MANSA,Kharif,2008,4.169014084507042
RICE_009783,Rice,Punjab,MOGA,Kharif,2008,4.597701149425287
RICE_009784,Rice,Punjab,MUKTSAR,Kharif,2008,4.231578947368421
RICE_009785,Rice,Punjab,NAWANSHAHR,Kharif,2008,4.096153846153846
RICE_009786,Rice,Punjab,PATIALA,Kharif,2008,4.239495798319328
RICE_009787,Rice,Punjab,RUPNAGAR,Kharif,2008,3.861111111111111
RICE_009788,Rice,Punjab,S.A.S NAGAR,Kharif,2008,3.259259259259259
RICE_009789,Rice,Punjab,SANGRUR,Kharif,2008,4.617977528089888
RICE_009790,Rice,Punjab,TARN TARAN,Kharif,2008,3.106508875739645
RICE_009791,Rice,Rajasthan,AJMER,Kharif,2008,1.75
RICE_009792,Rice,Rajasthan,ALWAR,Kharif,2008,1.8075471698113208
RICE_009793,Rice,Rajasthan,BANSWARA,Kharif,2008,0.3925150650174437
RICE_009794,Rice,Rajasthan,BARAN,Kharif,2008,3.133572879237619
RICE_009795,Rice,Rajasthan,BHARATPUR,Kharif,2008,1.2126260412099956
RICE_009796,Rice,Rajasthan,BHILWARA,Kharif,2008,1.8057553956834533
RICE_009797,Rice,Rajasthan,BIKANER,Kharif,2008,1.8044692737430168
RICE_009798,Rice,Rajasthan,BUNDI,Kharif,2008,1.8499551130335428
RICE_009799,Rice,Rajasthan,CHITTORGARH,Kharif,2008,1.8075880758807588
RICE_009800,Rice,Rajasthan,DHOLPUR,Kharif,2008,1.8066202090592334
RICE_009801,Rice,Rajasthan,DUNGARPUR,Kharif,2008,0.2215334860530926
RICE_009802,Rice,Rajasthan,GANGANAGAR,Kharif,2008,2.5137028962939896
RICE_009803,Rice,Rajasthan,HANUMANGARH,Kharif,2008,3.6508394868198506
RICE_009804,Rice,Rajasthan,JHALAWAR,Kharif,2008,1.8070279928528887
RICE_009805,Rice,Rajasthan,KARAULI,Kharif,2008,1.9190184049079755
RICE_009806,Rice,Rajasthan,KOTA,Kharif,2008,3.062692531845808
RICE_009807,Rice,Rajasthan,PRATAPGARH,Kharif,2008,1.8071895424836601
RICE_009808,Rice,Rajasthan,RAJSAMAND,Kharif,2008,1.8095238095238095
RICE_009809,Rice,Rajasthan,SAWAI MADHOPUR,Kharif,2008,1.8125
RICE_009810,Rice,Rajasthan,SIROHI,Kharif,2008,1.6666666666666667
RICE_009811,Rice,Rajasthan,UDAIPUR,Kharif,2008,0.5456763350501491
RICE_009812,Rice,Sikkim,EAST DISTRICT,Kharif,2008,1.749532710280374
RICE_009813,Rice,Sikkim,NORTH DISTRICT,Kharif,2008,1.07
RICE_009814,Rice,Sikkim,SOUTH DISTRICT,Kharif,2008,1.7682926829268293
RICE_009815,Rice,Sikkim,WEST DISTRICT,Kharif,2008,1.7780429594272076
RICE_009816,Rice,Tamil Nadu,COIMBATORE,Kharif,2008,9.886125145744268
RICE_009817,Rice,Tamil Nadu,CUDDALORE,Kharif,2008,2.0764999953625125
RICE_009818,Rice,Tamil Nadu,DHARMAPURI,Kharif,2008,3.816133150039277
RICE_009819,Rice,Tamil Nadu,DINDIGUL,Kharif,2008,3.700020368672981
RICE_009820,Rice,Tamil Nadu,ERODE,Kharif,2008,5.159146453630463
RICE_009821,Rice,Tamil Nadu,KANCHIPURAM,Kharif,2008,3.6227083654290557
RICE_009822,Rice,Tamil Nadu,KANNIYAKUMARI,Kharif,2008,4.599824050145709
RICE_009823,Rice,Tamil Nadu,KARUR,Kharif,2008,3.8493729203992832
RICE_009824,Rice,Tamil Nadu,KRISHNAGIRI,Kharif,2008,3.577251897954996
RICE_009825,Rice,Tamil Nadu,MADURAI,Kharif,2008,4.006476858723519
RICE_009826,Rice,Tamil Nadu,NAGAPATTINAM,Kharif,2008,1.317882228986186
RICE_009827,Rice,Tamil Nadu,NAMAKKAL,Kharif,2008,4.838665612193544
RICE_009828,Rice,Tamil Nadu,PERAMBALUR,Kharif,2008,9.177675619001532
RICE_009829,Rice,Tamil Nadu,PUDUKKOTTAI,Kharif,2008,1.8651048907517689
RICE_009830,Rice,Tamil Nadu,RAMANATHAPURAM,Kharif,2008,1.5760627353546333
RICE_009831,Rice,Tamil Nadu,SALEM,Kharif,2008,4.022286077049016
RICE_009832,Rice,Tamil Nadu,SIVAGANGA,Kharif,2008,1.6347160194475028
RICE_009833,Rice,Tamil Nadu,THANJAVUR,Kharif,2008,2.0167876946706267
RICE_009834,Rice,Tamil Nadu,THE NILGIRIS,Kharif,2008,3.930322580645161
RICE_009835,Rice,Tamil Nadu,THENI,Kharif,2008,5.153860966685923
RICE_009836,Rice,Tamil Nadu,THIRUVALLUR,Kharif,2008,3.8407587548638134
RICE_009837,Rice,Tamil Nadu,THIRUVARUR,Kharif,2008,1.1604751741181758
RICE_009838,Rice,Tamil Nadu,TIRUCHIRAPPALLI,Kharif,2008,3.617592720253688
RICE_009839,Rice,Tamil Nadu,TIRUNELVELI,Kharif,2008,4.097831800262812
RICE_009840,Rice,Tamil Nadu,TIRUVANNAMALAI,Kharif,2008,3.1205857527040024
RICE_009841,Rice,Tamil Nadu,TUTICORIN,Kharif,2008,4.82848979956252
RICE_009842,Rice,Tamil Nadu,VELLORE,Kharif,2008,3.6247126557985534
RICE_009843,Rice,Tamil Nadu,VILLUPURAM,Kharif,2008,3.076486112342387
RICE_009844,Rice,Tamil Nadu,VIRUDHUNAGAR,Kharif,2008,3.218358617718559
RICE_009845,Rice,Telangana,ADILABAD,Kharif,2008,2.44099732139581
RICE_009846,Rice,Telangana,ADILABAD,Rabi,2008,2.8669913989819205
RICE_009847,Rice,Telangana,KARIMNAGAR,Kharif,2008,3.3860017705073377
RICE_009848,Rice,Telangana,KARIMNAGAR,Rabi,2008,3.6049979777956263
RICE_009849,Rice,Telangana,KHAMMAM,Kharif,2008,3.017999861004934
RICE_009850,Rice,Telangana,KHAMMAM,Rabi,2008,3.228997809419496
RICE_009851,Rice,Telangana,MAHBUBNAGAR,Kharif,2008,2.961996037796517
RICE_009852,Rice,Telangana,MAHBUBNAGAR,Rabi,2008,2.807003021398121
RICE_009853,Rice,Telangana,MEDAK,Kharif,2008,2.624996821683745
RICE_009854,Rice,Telangana,MEDAK,Rabi,2008,3.3359923984620146
RICE_009855,Rice,Telangana,NALGONDA,Kharif,2008,3.1110015589671582
RICE_009856,Rice,Telangana,NALGONDA,Rabi,2008,3.2579985008388164
RICE_009857,Rice,Telangana,NIZAMABAD,Kharif,2008,3.6509978779983348
RICE_009858,Rice,Telangana,NIZAMABAD,Rabi,2008,3.4699957875387737
RICE_009859,Rice,Telangana,RANGAREDDI,Kharif,2008,2.939998957410207
RICE_009860,Rice,Telangana,RANGAREDDI,Rabi,2008,2.7579933421073006
RICE_009861,Rice,Telangana,WARANGAL,Kharif,2008,3.0090021720356948
RICE_009862,Rice,Telangana,WARANGAL,Rabi,2008,2.949003922775171
RICE_009863,Rice,Tripura,DHALAI,Kharif,2008,2.2817919630840224
RICE_009864,Rice,Tripura,NORTH TRIPURA,Kharif,2008,2.5447501065777267
RICE_009865,Rice,Tripura,SOUTH TRIPURA,Kharif,2008,2.7311386138613862
RICE_009866,Rice,Tripura,WEST TRIPURA,Kharif,2008,2.5516596734659966
RICE_009867,Rice,Uttar Pradesh,AGRA,Kharif,2008,2.1989942528735633
RICE_009868,Rice,Uttar Pradesh,AGRA,Summer,2008,2.185185185185185
RICE_009869,Rice,Uttar Pradesh,ALIGARH,Kharif,2008,2.1540047114252063
RICE_009870,Rice,Uttar Pradesh,ALLAHABAD,Kharif,2008,2.443998188620656
RICE_009871,Rice,Uttar Pradesh,AMBEDKAR NAGAR,Kharif,2008,2.7
RICE_009872,Rice,Uttar Pradesh,AMROHA,Kharif,2008,1.9740037950664138
RICE_009873,Rice,Uttar Pradesh,AMROHA,Summer,2008,2.0
RICE_009874,Rice,Uttar Pradesh,AURAIYA,Kharif,2008,3.067997924314351
RICE_009875,Rice,Uttar Pradesh,AZAMGARH,Kharif,2008,1.9679980852351922
RICE_009876,Rice,Uttar Pradesh,BAGHPAT,Kharif,2008,2.3159499847514486
RICE_009877,Rice,Uttar Pradesh,BAHRAICH,Kharif,2008,1.9629996862252903
RICE_009878,Rice,Uttar Pradesh,BALLIA,Kharif,2008,1.9629995546017736
RICE_009879,Rice,Uttar Pradesh,BALRAMPUR,Kharif,2008,2.6290043410250004
RICE_009880,Rice,Uttar Pradesh,BANDA,Kharif,2008,1.4360043284667647
RICE_009881,Rice,Uttar Pradesh,BARABANKI,Kharif,2008,2.056999385501561
RICE_009882,Rice,Uttar Pradesh,BAREILLY,Kharif,2008,1.748998114097124
RICE_009883,Rice,Uttar Pradesh,BAREILLY,Summer,2008,1.7492477432296891
RICE_009884,Rice,Uttar Pradesh,BASTI,Kharif,2008,2.004997179011848
RICE_009885,Rice,Uttar Pradesh,BIJNOR,Kharif,2008,2.5130088124213175
RICE_009886,Rice,Uttar Pradesh,BIJNOR,Summer,2008,2.5164835164835164
RICE_009887,Rice,Uttar Pradesh,BUDAUN,Kharif,2008,1.7750009706601784
RICE_009888,Rice,Uttar Pradesh,BUDAUN,Summer,2008,1.75
RICE_009889,Rice,Uttar Pradesh,BULANDSHAHR,Kharif,2008,2.3139987879837243
RICE_009890,Rice,Uttar Pradesh,CHANDAULI,Kharif,2008,2.6710012220520145
RICE_009891,Rice,Uttar Pradesh,CHITRAKOOT,Kharif,2008,0.7539865715484683
RICE_009892,Rice,Uttar Pradesh,DEORIA,Kharif,2008,2.1539977586273524
RICE_009893,Rice,Uttar Pradesh,DEORIA,Summer,2008,2.1494252873563218
RICE_009894,Rice,Uttar Pradesh,ETAH,Kharif,2008,2.2180058548520996
RICE_009895,Rice,Uttar Pradesh,ETAWAH,Kharif,2008,2.769005912704564
RICE_009896,Rice,Uttar Pradesh,FAIZABAD,Kharif,2008,2.377001525428607
RICE_009897,Rice,Uttar Pradesh,FARRUKHABAD,Kharif,2008,2.473989983305509
RICE_009898,Rice,Uttar Pradesh,FATEHPUR,Kharif,2008,2.302001971638735
RICE_009899,Rice,Uttar Pradesh,FIROZABAD,Kharif,2008,3.001977235077219
RICE_009900,Rice,Uttar Pradesh,GAUTAM BUDDHA NAGAR,Kharif,2008,1.9270026058411451
RICE_009901,Rice,Uttar Pradesh,GHAZIABAD,Kharif,2008,2.518987881891108
RICE_009902,Rice,Uttar Pradesh,GHAZIPUR,Kharif,2008,2.2380022946971394
RICE_009903,Rice,Uttar Pradesh,GONDA,Kharif,2008,2.129000327084302
RICE_009904,Rice,Uttar Pradesh,GORAKHPUR,Kharif,2008,1.9379991097845155
RICE_009905,Rice,Uttar Pradesh,GORAKHPUR,Summer,2008,1.9363057324840764
RICE_009906,Rice,Uttar Pradesh,HAMIRPUR,Kharif,2008,1.2885572139303483
RICE_009907,Rice,Uttar Pradesh,HARDOI,Kharif,2008,2.097000728817956
RICE_009908,Rice,Uttar Pradesh,HARDOI,Summer,2008,2.0952380952380953
RICE_009909,Rice,Uttar Pradesh,HATHRAS,Kharif,2008,1.948999819787349
RICE_009910,Rice,Uttar Pradesh,HATHRAS,Summer,2008,2.0
RICE_009911,Rice,Uttar Pradesh,JALAUN,Kharif,2008,1.1481481481481481
RICE_009912,Rice,Uttar Pradesh,JAUNPUR,Kharif,2008,2.148001720143715
RICE_009913,Rice,Uttar Pradesh,JHANSI,Kharif,2008,1.8928359976317348
RICE_009914,Rice,Uttar Pradesh,KANNAUJ,Kharif,2008,2.7230122171039457
RICE_009915,Rice,Uttar Pradesh,KANPUR DEHAT,Kharif,2008,2.390990922267145
RICE_009916,Rice,Uttar Pradesh,KANPUR NAGAR,Kharif,2008,2.1740011750881316
RICE_009917,Rice,Uttar Pradesh,KAUSHAMBI,Kharif,2008,2.1090035931453843
RICE_009918,Rice,Uttar Pradesh,KHERI,Kharif,2008,1.7810016258429062
RICE_009919,Rice,Uttar Pradesh,KHERI,Summer,2008,1.7809559653744824
RICE_009920,Rice,Uttar Pradesh,KUSHI NAGAR,Kharif,2008,2.579996208905775
RICE_009921,Rice,Uttar Pradesh,LALITPUR,Kharif,2008,0.7489865918303711
RICE_009922,Rice,Uttar Pradesh,LUCKNOW,Kharif,2008,2.1100021311358956
RICE_009923,Rice,Uttar Pradesh,MAHARAJGANJ,Kharif,2008,2.306999286034101
RICE_009924,Rice,Uttar Pradesh,MAHARAJGANJ,Summer,2008,2.303225806451613
RICE_009925,Rice,Uttar Pradesh,MAHOBA,Kharif,2008,1.2901023890784984
RICE_009926,Rice,Uttar Pradesh,MAINPURI,Kharif,2008,2.5030011717722456
RICE_009927,Rice,Uttar Pradesh,MAINPURI,Summer,2008,2.5047619047619047
RICE_009928,Rice,Uttar Pradesh,MATHURA,Kharif,2008,2.63299114420408
RICE_009929,Rice,Uttar Pradesh,MAU,Kharif,2008,1.998002239248315
RICE_009930,Rice,Uttar Pradesh,MEERUT,Kharif,2008,2.298986875431729
RICE_009931,Rice,Uttar Pradesh,MIRZAPUR,Kharif,2008,2.0389989591680715
RICE_009932,Rice,Uttar Pradesh,MORADABAD,Kharif,2008,2.2180014392926903
RICE_009933,Rice,Uttar Pradesh,MORADABAD,Summer,2008,2.21680216802168
RICE_009934,Rice,Uttar Pradesh,MUZAFFARNAGAR,Kharif,2008,2.3469853266605387
RICE_009935,Rice,Uttar Pradesh,MUZAFFARNAGAR,Summer,2008,2.3333333333333335
RICE_009936,Rice,Uttar Pradesh,PILIBHIT,Kharif,2008,2.2399974090747157
RICE_009937,Rice,Uttar Pradesh,PILIBHIT,Summer,2008,2.2400521852576647
RICE_009938,Rice,Uttar Pradesh,PRATAPGARH,Kharif,2008,2.182998893320248
RICE_009939,Rice,Uttar Pradesh,RAE BARELI,Kharif,2008,2.2380020069752917
RICE_009940,Rice,Uttar Pradesh,RAMPUR,Kharif,2008,1.964997492657067
RICE_009941,Rice,Uttar Pradesh,RAMPUR,Summer,2008,1.9648846960167714
RICE_009942,Rice,Uttar Pradesh,SAHARANPUR,Kharif,2008,2.2270048894646663
RICE_009943,Rice,Uttar Pradesh,SANT KABEER NAGAR,Kharif,2008,1.9350033166273586
RICE_009944,Rice,Uttar Pradesh,SANT KABEER NAGAR,Summer,2008,1.9384615384615385
RICE_009945,Rice,Uttar Pradesh,SANT RAVIDAS NAGAR,Kharif,2008,1.9909948850947339
RICE_009946,Rice,Uttar Pradesh,SHAHJAHANPUR,Kharif,2008,2.2509985950800253
RICE_009947,Rice,Uttar Pradesh,SHAHJAHANPUR,Summer,2008,2.2509915014164306
RICE_009948,Rice,Uttar Pradesh,SHRAVASTI,Kharif,2008,2.2900045012097
RICE_009949,Rice,Uttar Pradesh,SHRAVASTI,Summer,2008,2.25
RICE_009950,Rice,Uttar Pradesh,SIDDHARTH NAGAR,Kharif,2008,2.3619972422139086
RICE_009951,Rice,Uttar Pradesh,SITAPUR,Kharif,2008,1.7319994610617084
RICE_009952,Rice,Uttar Pradesh,SITAPUR,Summer,2008,1.7258064516129032
RICE_009953,Rice,Uttar Pradesh,SONBHADRA,Kharif,2008,1.3810116845536793
RICE_009954,Rice,Uttar Pradesh,SULTANPUR,Kharif,2008,2.1909999020099487
RICE_009955,Rice,Uttar Pradesh,UNNAO,Kharif,2008,2.1149974369880793
RICE_009956,Rice,Uttar Pradesh,VARANASI,Kharif,2008,2.1459992269037493
RICE_009957,Rice,Uttarakhand,ALMORA,Kharif,2008,0.9837505489679402
RICE_009958,Rice,Uttarakhand,BAGESHWAR,Kharif,2008,1.3752523213564796
RICE_009959,Rice,Uttarakhand,CHAMOLI,Kharif,2008,1.3129588526549427
RICE_009960,Rice,Uttarakhand,CHAMPAWAT,Kharif,2008,0.9441351888667993
RICE_009961,Rice,Uttarakhand,DEHRADUN,Kharif,2008,2.0743787189359466
RICE_009962,Rice,Uttarakhand,HARIDWAR,Kharif,2008,2.1644107351225204
RICE_009963,Rice,Uttarakhand,HARIDWAR,Summer,2008,3.0
RICE_009964,Rice,Uttarakhand,NAINITAL,Kharif,2008,2.195795795795796
RICE_009965,Rice,Uttarakhand,NAINITAL,Summer,2008,3.1463414634146343
RICE_009966,Rice,Uttarakhand,PAURI GARHWAL,Kharif,2008,1.0660197181644557
RICE_009967,Rice,Uttarakhand,PITHORAGARH,Kharif,2008,1.4277844311377246
RICE_009968,Rice,Uttarakhand,RUDRA PRAYAG,Kharif,2008,1.6812429262269781
RICE_009969,Rice,Uttarakhand,TEHRI GARHWAL,Kharif,2008,1.6465616873735915
RICE_009970,Rice,Uttarakhand,UDAM SINGH NAGAR,Kharif,2008,2.597729632314051
RICE_009971,Rice,Uttarakhand,UDAM SINGH NAGAR,Summer,2008,3.145007606693891
RICE_009972,Rice,Uttarakhand,UTTAR KASHI,Kharif,2008,1.6856745479833102
RICE_009973,Rice,West Bengal,24 PARAGANAS NORTH,Autumn,2008,2.6903500430195173
RICE_009974,Rice,West Bengal,24 PARAGANAS NORTH,Summer,2008,2.8499768985215055
RICE_009975,Rice,West Bengal,24 PARAGANAS NORTH,Winter,2008,2.583624845763423
RICE_009976,Rice,West Bengal,24 PARAGANAS SOUTH,Autumn,2008,2.0722450845907634
RICE_009977,Rice,West Bengal,24 PARAGANAS SOUTH,Summer,2008,2.703135709389993
RICE_009978,Rice,West Bengal,24 PARAGANAS SOUTH,Winter,2008,2.1123761955926654
RICE_009979,Rice,West Bengal,BANKURA,Autumn,2008,2.6421934865900383
RICE_009980,Rice,West Bengal,BANKURA,Summer,2008,2.7471148699282733
RICE_009981,Rice,West Bengal,BANKURA,Winter,2008,2.77473687678092
RICE_009982,Rice,West Bengal,BARDHAMAN,Autumn,2008,2.8994009636671443
RICE_009983,Rice,West Bengal,BARDHAMAN,Summer,2008,2.8302759556177444
RICE_009984,Rice,West Bengal,BARDHAMAN,Winter,2008,2.8029945914354015
RICE_009985,Rice,West Bengal,BIRBHUM,Autumn,2008,2.73307121013543
RICE_009986,Rice,West Bengal,BIRBHUM,Summer,2008,3.2947890940813642
RICE_009987,Rice,West Bengal,BIRBHUM,Winter,2008,3.0263584423346144
RICE_009988,Rice,West Bengal,COOCHBEHAR,Autumn,2008,1.6572994673048715
RICE_009989,Rice,West Bengal,COOCHBEHAR,Summer,2008,1.707075962539022
RICE_009990,Rice,West Bengal,COOCHBEHAR,Winter,2008,1.5856488336846506
RICE_009991,Rice,West Bengal,DARJEELING,Autumn,2008,1.633195020746888
RICE_009992,Rice,West Bengal,DARJEELING,Summer,2008,2.0996068152031455
RICE_009993,Rice,West Bengal,DARJEELING,Winter,2008,2.1801010322864047
RICE_009994,Rice,West Bengal,DINAJPUR DAKSHIN,Autumn,2008,2.086244541484716
RICE_009995,Rice,West Bengal,DINAJPUR DAKSHIN,Summer,2008,3.1784048399759848
RICE_009996,Rice,West Bengal,DINAJPUR DAKSHIN,Winter,2008,2.2544907856450047
RICE_009997,Rice,West Bengal,DINAJPUR UTTAR,Autumn,2008,1.5541249403910349
RICE_009998,Rice,West Bengal,DINAJPUR UTTAR,Summer,2008,2.681912262638914
RICE_009999,Rice,West Bengal,DINAJPUR UTTAR,Winter,2008,2.147007720469073
RICE_010000,Rice,West Bengal,HOOGHLY,Autumn,2008,2.446107784431138
RICE_010001,Rice,West Bengal,HOOGHLY,Summer,2008,2.8617401108709952
RICE_010002,Rice,West Bengal,HOOGHLY,Winter,2008,2.882922530648213
RICE_010003,Rice,West Bengal,HOWRAH,Autumn,2008,2.3417346182357304
RICE_010004,Rice,West Bengal,HOWRAH,Summer,2008,1.600546261522704
RICE_010005,Rice,West Bengal,HOWRAH,Winter,2008,1.9336481074595235
RICE_010006,Rice,West Bengal,JALPAIGURI,Autumn,2008,1.4679842532337108
RICE_010007,Rice,West Bengal,JALPAIGURI,Summer,2008,1.8550987720234917
RICE_010008,Rice,West Bengal,JALPAIGURI,Winter,2008,1.6820348963648226
RICE_010009,Rice,West Bengal,MALDAH,Autumn,2008,1.7290789695234887
RICE_010010,Rice,West Bengal,MALDAH,Summer,2008,3.685019575520297
RICE_010011,Rice,West Bengal,MALDAH,Winter,2008,2.6447465022129926
RICE_010012,Rice,West Bengal,MEDINIPUR EAST,Autumn,2008,0.28502024291497974
RICE_010013,Rice,West Bengal,MEDINIPUR EAST,Summer,2008,2.465958600572187
RICE_010014,Rice,West Bengal,MEDINIPUR EAST,Winter,2008,2.0740791940626053
RICE_010015,Rice,West Bengal,MEDINIPUR WEST,Autumn,2008,1.8965288000379885
RICE_010016,Rice,West Bengal,MEDINIPUR WEST,Summer,2008,2.67060674519929
RICE_010017,Rice,West Bengal,MEDINIPUR WEST,Winter,2008,2.6097601198506637
RICE_010018,Rice,West Bengal,MURSHIDABAD,Autumn,2008,2.281276134427753
RICE_010019,Rice,West Bengal,MURSHIDABAD,Summer,2008,3.0729591911927256
RICE_010020,Rice,West Bengal,MURSHIDABAD,Winter,2008,2.7343785768275564
RICE_010021,Rice,West Bengal,NADIA,Autumn,2008,2.333339195582209
RICE_010022,Rice,West Bengal,NADIA,Summer,2008,3.4887721339143534
RICE_010023,Rice,West Bengal,NADIA,Winter,2008,2.606153233348343
RICE_010024,Rice,West Bengal,PURULIA,Autumn,2008,1.967437470504955
RICE_010025,Rice,West Bengal,PURULIA,Summer,2008,1.8431952662721893
RICE_010026,Rice,West Bengal,PURULIA,Winter,2008,2.4780543320620936
RICE_010027,Rice,Andhra Pradesh,ANANTAPUR,Kharif,2009,3.1500031030844657
RICE_010028,Rice,Andhra Pradesh,ANANTAPUR,Rabi,2009,2.4139901173563927
RICE_010029,Rice,Andhra Pradesh,CHITTOOR,Kharif,2009,2.8440125518777206
RICE_010030,Rice,Andhra Pradesh,CHITTOOR,Rabi,2009,3.2409899018631774
RICE_010031,Rice,Andhra Pradesh,EAST GODAVARI,Kharif,2009,3.0500017313618892
RICE_010032,Rice,Andhra Pradesh,EAST GODAVARI,Rabi,2009,4.371996590789386
RICE_010033,Rice,Andhra Pradesh,GUNTUR,Kharif,2009,3.5859987613239137
RICE_010034,Rice,Andhra Pradesh,GUNTUR,Rabi,2009,3.4129978102579623
RICE_010035,Rice,Andhra Pradesh,KADAPA,Kharif,2009,2.933006504778437
RICE_010036,Rice,Andhra Pradesh,KADAPA,Rabi,2009,2.649992244454785
RICE_010037,Rice,Andhra Pradesh,KRISHNA,Kharif,2009,3.4370015250048205
RICE_010038,Rice,Andhra Pradesh,KRISHNA,Rabi,2009,3.9189981741391713
RICE_010039,Rice,Andhra Pradesh,KURNOOL,Kharif,2009,3.131000634858622
RICE_010040,Rice,Andhra Pradesh,KURNOOL,Rabi,2009,3.5270034843205575
RICE_010041,Rice,Andhra Pradesh,PRAKASAM,Kharif,2009,3.5720137140083135
RICE_010042,Rice,Andhra Pradesh,PRAKASAM,Rabi,2009,3.8589983374896093
RICE_010043,Rice,Andhra Pradesh,SPSR NELLORE,Kharif,2009,3.2439979968774857
RICE_010044,Rice,Andhra Pradesh,SPSR NELLORE,Rabi,2009,3.9389978541958763
RICE_010045,Rice,Andhra Pradesh,SRIKAKULAM,Kharif,2009,2.1000011295733603
RICE_010046,Rice,Andhra Pradesh,SRIKAKULAM,Rabi,2009,2.3659527326440175
RICE_010047,Rice,Andhra Pradesh,VISAKHAPATANAM,Kharif,2009,1.0559995110547467
RICE_010048,Rice,Andhra Pradesh,VISAKHAPATANAM,Rabi,2009,1.516139878950908
RICE_010049,Rice,Andhra Pradesh,VIZIANAGARAM,Kharif,2009,2.1980009564801533
RICE_010050,Rice,Andhra Pradesh,VIZIANAGARAM,Rabi,2009,2.521042628292153
RICE_010051,Rice,Andhra Pradesh,WEST GODAVARI,Kharif,2009,3.101001939996336
RICE_010052,Rice,Andhra Pradesh,WEST GODAVARI,Rabi,2009,3.931999308496845
RICE_010053,Rice,Arunachal Pradesh,ANJAW,Kharif,2009,0.597041825095057
RICE_010054,Rice,Arunachal Pradesh,CHANGLANG,Kharif,2009,1.8358175842235005
RICE_010055,Rice,Arunachal Pradesh,DIBANG VALLEY,Kharif,2009,0.6988833333333333
RICE_010056,Rice,Arunachal Pradesh,EAST KAMENG,Kharif,2009,0.8466501210653753
RICE_010057,Rice,Arunachal Pradesh,EAST SIANG,Kharif,2009,1.4685325510708986
RICE_010058,Rice,Arunachal Pradesh,KURUNG KUMEY,Kharif,2009,1.23066
RICE_010059,Rice,Arunachal Pradesh,LOHIT,Kharif,2009,1.660265930331351
RICE_010060,Rice,Arunachal Pradesh,LOWER DIBANG VALLEY,Kharif,2009,0.7999516518936342
RICE_010061,Rice,Arunachal Pradesh,LOWER SUBANSIRI,Kharif,2009,1.230713234572746
RICE_010062,Rice,Arunachal Pradesh,PAPUM PARE,Kharif,2009,1.7433516967827236
RICE_010063,Rice,Arunachal Pradesh,TAWANG,Kharif,2009,1.033328947368421
RICE_010064,Rice,Arunachal Pradesh,TIRAP,Kharif,2009,0.5291951951951952
RICE_010065,Rice,Arunachal Pradesh,UPPER SIANG,Kharif,2009,1.1685087055261165
RICE_010066,Rice,Arunachal Pradesh,UPPER SUBANSIRI,Kharif,2009,1.2553904805914973
RICE_010067,Rice,Arunachal Pradesh,WEST KAMENG,Kharif,2009,0.9233063583815029
RICE_010068,Rice,Arunachal Pradesh,WEST SIANG,Kharif,2009,0.8933533577339275
RICE_010069,Rice,Assam,BAKSA,Autumn,2009,1.6099720057501703
RICE_010070,Rice,Assam,BAKSA,Summer,2009,1.564329152413531
RICE_010071,Rice,Assam,BAKSA,Winter,2009,1.6064306896702847
RICE_010072,Rice,Assam,BARPETA,Autumn,2009,0.8085012883766455
RICE_010073,Rice,Assam,BARPETA,Summer,2009,2.5240638390362045
RICE_010074,Rice,Assam,BARPETA,Winter,2009,1.4131361107341567
RICE_010075,Rice,Assam,BONGAIGAON,Autumn,2009,0.7088826869406217
RICE_010076,Rice,Assam,BONGAIGAON,Summer,2009,2.303749501396091
RICE_010077,Rice,Assam,BONGAIGAON,Winter,2009,1.1351500537462595
RICE_010078,Rice,Assam,CACHAR,Autumn,2009,1.9885210246495892
RICE_010079,Rice,Assam,CACHAR,Summer,2009,0.7243316108739609
RICE_010080,Rice,Assam,CACHAR,Winter,2009,2.192518424614856
RICE_010081,Rice,Assam,CHIRANG,Autumn,2009,0.8522719508028699
RICE_010082,Rice,Assam,CHIRANG,Summer,2009,1.4465682015638575
RICE_010083,Rice,Assam,CHIRANG,Winter,2009,1.5437581583007
RICE_010084,Rice,Assam,DARRANG,Autumn,2009,0.7300328227571116
RICE_010085,Rice,Assam,DARRANG,Summer,2009,2.4239787411421427
RICE_010086,Rice,Assam,DARRANG,Winter,2009,1.5960035133948178
RICE_010087,Rice,Assam,DHEMAJI,Autumn,2009,0.732839064297584
RICE_010088,Rice,Assam,DHEMAJI,Summer,2009,0.8655311519497983
RICE_010089,Rice,Assam,DHEMAJI,Winter,2009,1.397656407161537
RICE_010090,Rice,Assam,DHUBRI,Autumn,2009,0.6003022289384209
RICE_010091,Rice,Assam,DHUBRI,Summer,2009,2.237207833228048
RICE_010092,Rice,Assam,DHUBRI,Winter,2009,1.1748120951820165
RICE_010093,Rice,Assam,DIBRUGARH,Autumn,2009,0.8691588785046729
RICE_010094,Rice,Assam,DIBRUGARH,Summer,2009,2.1866666666666665
RICE_010095,Rice,Assam,DIBRUGARH,Winter,2009,2.067003420996365
RICE_010096,Rice,Assam,DIMA HASAO,Autumn,2009,1.3890700201832014
RICE_010097,Rice,Assam,DIMA HASAO,Summer,2009,2.176470588235294
RICE_010098,Rice,Assam,DIMA HASAO,Winter,2009,2.088970588235294
RICE_010099,Rice,Assam,GOALPARA,Autumn,2009,1.0919793966151583
RICE_010100,Rice,Assam,GOALPARA,Summer,2009,2.030022371364653
RICE_010101,Rice,Assam,GOALPARA,Winter,2009,1.7310034587391516
RICE_010102,Rice,Assam,GOLAGHAT,Autumn,2009,1.3156327543424318
RICE_010103,Rice,Assam,GOLAGHAT,Summer,2009,2.1036837748344372
RICE_010104,Rice,Assam,GOLAGHAT,Winter,2009,2.094002543586457
RICE_010105,Rice,Assam,HAILAKANDI,Autumn,2009,2.198077949813134
RICE_010106,Rice,Assam,HAILAKANDI,Summer,2009,2.1800411522633745
RICE_010107,Rice,Assam,HAILAKANDI,Winter,2009,2.554998180589489
RICE_010108,Rice,Assam,JORHAT,Autumn,2009,1.1701267683262906
RICE_010109,Rice,Assam,JORHAT,Summer,2009,1.0916030534351144
RICE_010110,Rice,Assam,JORHAT,Winter,2009,2.0248197828269
RICE_010111,Rice,Assam,KAMRUP,Autumn,2009,0.8686486879406847
RICE_010112,Rice,Assam,KAMRUP,Summer,2009,2.535965340142886
RICE_010113,Rice,Assam,KAMRUP,Winter,2009,1.8326742886615663
RICE_010114,Rice,Assam,KAMRUP METRO,Autumn,2009,0.8948763250883393
RICE_010115,Rice,Assam,KAMRUP METRO,Summer,2009,2.092964824120603
RICE_010116,Rice,Assam,KAMRUP METRO,Winter,2009,2.055997862676997
RICE_010117,Rice,Assam,KARBI ANGLONG,Autumn,2009,1.295014231934625
RICE_010118,Rice,Assam,KARBI ANGLONG,Summer,2009,1.4455112818050888
RICE_010119,Rice,Assam,KARBI ANGLONG,Winter,2009,2.0880768161808874
RICE_010120,Rice,Assam,KARIMGANJ,Autumn,2009,1.7180094786729858
RICE_010121,Rice,Assam,KARIMGANJ,Summer,2009,1.0299932975871313
RICE_010122,Rice,Assam,KARIMGANJ,Winter,2009,2.4990020577723455
RICE_010123,Rice,Assam,KOKRAJHAR,Autumn,2009,0.953437850754915
RICE_010124,Rice,Assam,KOKRAJHAR,Summer,2009,1.7292420915187845
RICE_010125,Rice,Assam,KOKRAJHAR,Winter,2009,1.7558926009428162
RICE_010126,Rice,Assam,LAKHIMPUR,Autumn,2009,0.7887695375313565
RICE_010127,Rice,Assam,LAKHIMPUR,Summer,2009,0.7269458001541228
RICE_010128,Rice,Assam,LAKHIMPUR,Winter,2009,1.4685203764750847
RICE_010129,Rice,Assam,MARIGAON,Autumn,2009,0.3800265134776845
RICE_010130,Rice,Assam,MARIGAON,Summer,2009,2.5260106030483764
RICE_010131,Rice,Assam,MARIGAON,Winter,2009,1.4169908593478193
RICE_010132,Rice,Assam,NAGAON,Autumn,2009,1.4156610493859976
RICE_010133,Rice,Assam,NAGAON,Summer,2009,2.5828913145876427
RICE_010134,Rice,Assam,NAGAON,Winter,2009,1.9974172423152015
RICE_010135,Rice,Assam,NALBARI,Autumn,2009,0.4690040650406504
RICE_010136,Rice,Assam,NALBARI,Summer,2009,2.738074074074074
RICE_010137,Rice,Assam,NALBARI,Winter,2009,1.72
RICE_010138,Rice,Assam,SIVASAGAR,Autumn,2009,1.3394077448747153
RICE_010139,Rice,Assam,SIVASAGAR,Summer,2009,2.1538461538461537
RICE_010140,Rice,Assam,SIVASAGAR,Winter,2009,2.3530266343825668
RICE_010141,Rice,Assam,SONITPUR,Autumn,2009,0.9127957060499635
RICE_010142,Rice,Assam,SONITPUR,Summer,2009,2.27130126953125
RICE_010143,Rice,Assam,SONITPUR,Winter,2009,1.6111952002334233
RICE_010144,Rice,Assam,TINSUKIA,Autumn,2009,0.9686314191753099
RICE_010145,Rice,Assam,TINSUKIA,Summer,2009,2.1639344262295084
RICE_010146,Rice,Assam,TINSUKIA,Winter,2009,1.458236603211707
RICE_010147,Rice,Assam,UDALGURI,Autumn,2009,0.8306310100372009
RICE_010148,Rice,Assam,UDALGURI,Summer,2009,1.5544871794871795
RICE_010149,Rice,Assam,UDALGURI,Winter,2009,1.1958728130877603
RICE_010150,Rice,Bihar,ARARIA,Autumn,2009,0.9383923849814912
RICE_010151,Rice,Bihar,ARARIA,Summer,2009,1.3308258245846079
RICE_010152,Rice,Bihar,ARARIA,Winter,2009,1.223401310325736
RICE_010153,Rice,Bihar,ARWAL,Winter,2009,1.3904087800222682
RICE_010154,Rice,Bihar,AURANGABAD,Winter,2009,1.4091343194889534
RICE_010155,Rice,Bihar,BANKA,Summer,2009,1.0
RICE_010156,Rice,Bihar,BANKA,Winter,2009,2.069657545662212
RICE_010157,Rice,Bihar,BEGUSARAI,Autumn,2009,0.6753906624484709
RICE_010158,Rice,Bihar,BEGUSARAI,Summer,2009,1.6770114942528735
RICE_010159,Rice,Bihar,BEGUSARAI,Winter,2009,0.4006959169249171
RICE_010160,Rice,Bihar,BHAGALPUR,Autumn,2009,0.8892380204241949
RICE_010161,Rice,Bihar,BHAGALPUR,Summer,2009,1.7400611620795108
RICE_010162,Rice,Bihar,BHAGALPUR,Winter,2009,1.478387204607987
RICE_010163,Rice,Bihar,BHOJPUR,Autumn,2009,0.9024896265560166
RICE_010164,Rice,Bihar,BHOJPUR,Summer,2009,1.3157894736842106
RICE_010165,Rice,Bihar,BHOJPUR,Winter,2009,1.3338835958871804
RICE_010166,Rice,Bihar,BUXAR,Winter,2009,1.535965560445915
RICE_010167,Rice,Bihar,DARBHANGA,Autumn,2009,1.0910695131656345
RICE_010168,Rice,Bihar,DARBHANGA,Summer,2009,1.2814445828144458
RICE_010169,Rice,Bihar,DARBHANGA,Winter,2009,1.0973700607508179
RICE_010170,Rice,Bihar,GAYA,Autumn,2009,0.9389140271493213
RICE_010171,Rice,Bihar,GAYA,Winter,2009,1.245883768137734
RICE_010172,Rice,Bihar,GOPALGANJ,Autumn,2009,0.8763179038155673
RICE_010173,Rice,Bihar,GOPALGANJ,Winter,2009,0.88069317163922
RICE_010174,Rice,Bihar,JAMUI,Autumn,2009,0.9565217391304348
RICE_010175,Rice,Bihar,JAMUI,Winter,2009,0.922547926291753
RICE_010176,Rice,Bihar,JEHANABAD,Winter,2009,1.6923144798376424
RICE_010177,Rice,Bihar,KAIMUR (BHABUA),Autumn,2009,0.9502133712660028
RICE_010178,Rice,Bihar,KAIMUR (BHABUA),Winter,2009,1.0996455783741061
RICE_010179,Rice,Bihar,KATIHAR,Autumn,2009,1.0767391078298847
RICE_010180,Rice,Bihar,KATIHAR,Summer,2009,2.5764913257259487
RICE_010181,Rice,Bihar,KATIHAR,Winter,2009,1.2982347216162702
RICE_010182,Rice,Bihar,KHAGARIA,Autumn,2009,0.7211702127659575
RICE_010183,Rice,Bihar,KHAGARIA,Summer,2009,1.2972972972972974
RICE_010184,Rice,Bihar,KHAGARIA,Winter,2009,0.15591941243851493
RICE_010185,Rice,Bihar,KISHANGANJ,Autumn,2009,0.4669473684210526
RICE_010186,Rice,Bihar,KISHANGANJ,Summer,2009,1.5022983040101443
RICE_010187,Rice,Bihar,KISHANGANJ,Winter,2009,0.5636556316530377
RICE_010188,Rice,Bihar,LAKHISARAI,Winter,2009,1.4132605475393647
RICE_010189,Rice,Bihar,MADHEPURA,Autumn,2009,1.0854105198901212
RICE_010190,Rice,Bihar,MADHEPURA,Summer,2009,1.099056603773585
RICE_010191,Rice,Bihar,MADHEPURA,Winter,2009,1.2913039334053504
RICE_010192,Rice,Bihar,MADHUBANI,Autumn,2009,0.9627114069809284
RICE_010193,Rice,Bihar,MADHUBANI,Summer,2009,1.062619502868069
RICE_010194,Rice,Bihar,MADHUBANI,Winter,2009,1.654777770726238
RICE_010195,Rice,Bihar,MUNGER,Summer,2009,1.7563025210084033
RICE_010196,Rice,Bihar,MUNGER,Winter,2009,1.0482107693352345
RICE_010197,Rice,Bihar,MUZAFFARPUR,Autumn,2009,0.44553650105063375
RICE_010198,Rice,Bihar,MUZAFFARPUR,Summer,2009,1.4595744680851064
RICE_010199,Rice,Bihar,MUZAFFARPUR,Winter,2009,0.3179669145017355
RICE_010200,Rice,Bihar,NALANDA,Autumn,2009,0.956989247311828
RICE_010201,Rice,Bihar,NALANDA,Summer,2009,1.9411764705882353
RICE_010202,Rice,Bihar,NALANDA,Winter,2009,0.9297722567287785
RICE_010203,Rice,Bihar,NAWADA,Winter,2009,1.1973794692546522
RICE_010204,Rice,Bihar,PASHCHIM CHAMPARAN,Autumn,2009,1.637490185368518
RICE_010205,Rice,Bihar,PASHCHIM CHAMPARAN,Summer,2009,1.318533969010727
RICE_010206,Rice,Bihar,PASHCHIM CHAMPARAN,Winter,2009,1.2649097151576805
RICE_010207,Rice,Bihar,PATNA,Autumn,2009,0.8620689655172413
RICE_010208,Rice,Bihar,PATNA,Summer,2009,1.32
RICE_010209,Rice,Bihar,PATNA,Winter,2009,1.0392481793205703
RICE_010210,Rice,Bihar,PURBI CHAMPARAN,Autumn,2009,0.8243095396931287
RICE_010211,Rice,Bihar,PURBI CHAMPARAN,Summer,2009,1.456896551724138
RICE_010212,Rice,Bihar,PURBI CHAMPARAN,Winter,2009,0.36205458059087375
RICE_010213,Rice,Bihar,PURNIA,Autumn,2009,1.0557022175290391
RICE_010214,Rice,Bihar,PURNIA,Summer,2009,1.798023125699366
RICE_010215,Rice,Bihar,PURNIA,Winter,2009,1.3885422139077175
RICE_010216,Rice,Bihar,ROHTAS,Autumn,2009,0.9444444444444444
RICE_010217,Rice,Bihar,ROHTAS,Winter,2009,2.580404431065303
RICE_010218,Rice,Bihar,SAHARSA,Autumn,2009,1.066791029644349
RICE_010219,Rice,Bihar,SAHARSA,Summer,2009,1.3088290310512534
RICE_010220,Rice,Bihar,SAHARSA,Winter,2009,1.2599943249889654
RICE_010221,Rice,Bihar,SAMASTIPUR,Autumn,2009,0.7957294272377956
RICE_010222,Rice,Bihar,SAMASTIPUR,Winter,2009,1.0590796922630281
RICE_010223,Rice,Bihar,SARAN,Autumn,2009,1.186961541877609
RICE_010224,Rice,Bihar,SARAN,Summer,2009,1.9545454545454546
RICE_010225,Rice,Bihar,SARAN,Winter,2009,1.0731118289493924
RICE_010226,Rice,Bihar,SHEIKHPURA,Autumn,2009,1.0
RICE_010227,Rice,Bihar,SHEIKHPURA,Winter,2009,0.9014548842542822
RICE_010228,Rice,Bihar,SHEOHAR,Autumn,2009,1.143936667866139
RICE_010229,Rice,Bihar,SHEOHAR,Winter,2009,0.31269413957341063
RICE_010230,Rice,Bihar,SITAMARHI,Autumn,2009,0.9287937896520472
RICE_010231,Rice,Bihar,SITAMARHI,Summer,2009,1.4615384615384615
RICE_010232,Rice,Bihar,SITAMARHI,Winter,2009,1.0228011355607796
RICE_010233,Rice,Bihar,SIWAN,Autumn,2009,0.11483512240327438
RICE_010234,Rice,Bihar,SIWAN,Summer,2009,1.9555555555555555
RICE_010235,Rice,Bihar,SIWAN,Winter,2009,0.06433310895278392
RICE_010236,Rice,Bihar,SUPAUL,Autumn,2009,0.9708051395118984
RICE_010237,Rice,Bihar,SUPAUL,Summer,2009,1.2530148423005565
RICE_010238,Rice,Bihar,SUPAUL,Winter,2009,1.120807315918841
RICE_010239,Rice,Bihar,VAISHALI,Autumn,2009,0.6750920656176767
RICE_010240,Rice,Bihar,VAISHALI,Summer,2009,0.9333333333333333
RICE_010241,Rice,Bihar,VAISHALI,Winter,2009,0.9330198741809791
RICE_010242,Rice,Chandigarh,CHANDIGARH,Kharif,2009,5.0
RICE_010243,Rice,Chhattisgarh,BASTAR,Kharif,2009,1.1592342361105326
RICE_010244,Rice,Chhattisgarh,BIJAPUR,Kharif,2009,1.1434823059164054
RICE_010245,Rice,Chhattisgarh,BILASPUR,Kharif,2009,1.021107081666683
RICE_010246,Rice,Chhattisgarh,DANTEWADA,Kharif,2009,0.724181626187962
RICE_010247,Rice,Chhattisgarh,DHAMTARI,Kharif,2009,1.811506281965755
RICE_010248,Rice,Chhattisgarh,DURG,Kharif,2009,0.7883495877127086
RICE_010249,Rice,Chhattisgarh,JANJGIR-CHAMPA,Kharif,2009,2.1959436584232863
RICE_010250,Rice,Chhattisgarh,JASHPUR,Kharif,2009,1.0694464437972693
RICE_010251,Rice,Chhattisgarh,KABIRDHAM,Kharif,2009,0.8137510879025239
RICE_010252,Rice,Chhattisgarh,KANKER,Kharif,2009,1.2533615718948734
RICE_010253,Rice,Chhattisgarh,KORBA,Kharif,2009,0.9337099018602607
RICE_010254,Rice,Chhattisgarh,KOREA,Kharif,2009,0.7189608488840102
RICE_010255,Rice,Chhattisgarh,MAHASAMUND,Kharif,2009,1.1146396490654045
RICE_010256,Rice,Chhattisgarh,NARAYANPUR,Kharif,2009,1.094070293373169
RICE_010257,Rice,Chhattisgarh,RAIGARH,Kharif,2009,1.1550586128635976
RICE_010258,Rice,Chhattisgarh,RAIPUR,Kharif,2009,1.4438839051345231
RICE_010259,Rice,Chhattisgarh,RAJNANDGAON,Kharif,2009,0.7819527649127759
RICE_010260,Rice,Chhattisgarh,SURGUJA,Kharif,2009,0.7203046081241834
RICE_010261,Rice,Dadra and Nagar Haveli,DADRA AND NAGAR HAVELI,Kharif,2009,1.08
RICE_010262,Rice,Goa,NORTH GOA,Kharif,2009,1.9455524421735069
RICE_010263,Rice,Goa,NORTH GOA,Rabi,2009,2.8019106813996317
RICE_010264,Rice,Goa,SOUTH GOA,Kharif,2009,1.8400308522946394
RICE_010265,Rice,Goa,SOUTH GOA,Rabi,2009,2.3441379310344828
RICE_010266,Rice,Gujarat,AHMADABAD,Kharif,2009,2.4994026284348867
RICE_010267,Rice,Gujarat,AHMADABAD,Summer,2009,3.2264150943396226
RICE_010268,Rice,Gujarat,ANAND,Kharif,2009,2.5625
RICE_010269,Rice,Gujarat,ANAND,Summer,2009,3.0
RICE_010270,Rice,Gujarat,BHARUCH,Kharif,2009,1.5901639344262295
RICE_010271,Rice,Gujarat,BHARUCH,Summer,2009,3.3333333333333335
RICE_010272,Rice,Gujarat,DANG,Kharif,2009,1.1012658227848102
RICE_010273,Rice,Gujarat,DOHAD,Kharif,2009,0.25252525252525254
RICE_010274,Rice,Gujarat,GANDHINAGAR,Kharif,2009,2.0943396226415096
RICE_010275,Rice,Gujarat,KHEDA,Kharif,2009,2.3111366245694605
RICE_010276,Rice,Gujarat,KHEDA,Summer,2009,2.7735849056603774
RICE_010277,Rice,Gujarat,MAHESANA,Kharif,2009,2.532258064516129
RICE_010278,Rice,Gujarat,NARMADA,Kharif,2009,0.5466666666666666
RICE_010279,Rice,Gujarat,NAVSARI,Kharif,2009,2.4874791318864773
RICE_010280,Rice,Gujarat,NAVSARI,Summer,2009,2.8181818181818183
RICE_010281,Rice,Gujarat,PANCH MAHALS,Kharif,2009,0.4852459016393443
RICE_010282,Rice,Gujarat,PANCH MAHALS,Summer,2009,2.75
RICE_010283,Rice,Gujarat,SABAR KANTHA,Kharif,2009,2.4477611940298507
RICE_010284,Rice,Gujarat,SURAT,Kharif,2009,2.3864468864468864
RICE_010285,Rice,Gujarat,SURAT,Summer,2009,3.274193548387097
RICE_010286,Rice,Gujarat,SURENDRANAGAR,Kharif,2009,1.0
RICE_010287,Rice,Gujarat,TAPI,Kharif,2009,1.6428571428571428
RICE_010288,Rice,Gujarat,TAPI,Summer,2009,3.142857142857143
RICE_010289,Rice,Gujarat,VADODARA,Kharif,2009,0.9085714285714286
RICE_010290,Rice,Gujarat,VALSAD,Kharif,2009,1.9365351629502572
RICE_010291,Rice,Gujarat,VALSAD,Summer,2009,3.0
RICE_010292,Rice,Haryana,AMBALA,Kharif,2009,3.7188726711471385
RICE_010293,Rice,Haryana,BHIWANI,Kharif,2009,2.312381753205802
RICE_010294,Rice,Haryana,FARIDABAD,Kharif,2009,2.510460251046025
RICE_010295,Rice,Haryana,FATEHABAD,Kharif,2009,3.575597468821036
RICE_010296,Rice,Haryana,GURGAON,Kharif,2009,3.1638418079096047
RICE_010297,Rice,Haryana,HISAR,Kharif,2009,2.1734104046242773
RICE_010298,Rice,Haryana,JHAJJAR,Kharif,2009,1.8108962009709486
RICE_010299,Rice,Haryana,JIND,Kharif,2009,2.7338554750997486
RICE_010300,Rice,Haryana,KAITHAL,Kharif,2009,2.9176244726804255
RICE_010301,Rice,Haryana,KARNAL,Kharif,2009,3.0375997714512266
RICE_010302,Rice,Haryana,KURUKSHETRA,Kharif,2009,3.839991862268901
RICE_010303,Rice,Haryana,MEWAT,Kharif,2009,2.975206611570248
RICE_010304,Rice,Haryana,PALWAL,Kharif,2009,2.765306786388184
RICE_010305,Rice,Haryana,PANCHKULA,Kharif,2009,2.7332144979203803
RICE_010306,Rice,Haryana,PANIPAT,Kharif,2009,2.663721413721414
RICE_010307,Rice,Haryana,REWARI,Kharif,2009,2.405002405002405
RICE_010308,Rice,Haryana,ROHTAK,Kharif,2009,1.42628936558649
RICE_010309,Rice,Haryana,SIRSA,Kharif,2009,3.323883077524685
RICE_010310,Rice,Haryana,SONIPAT,Kharif,2009,2.4275611324184716
RICE_010311,Rice,Haryana,YAMUNANAGAR,Kharif,2009,3.6314178850731045
RICE_010312,Rice,Karnataka,BAGALKOT,Kharif,2009,2.8690225563909775
RICE_010313,Rice,Karnataka,BANGALORE RURAL,Kharif,2009,4.427003278688525
RICE_010314,Rice,Karnataka,BANGALORE RURAL,Rabi,2009,2.3333333333333335
RICE_010315,Rice,Karnataka,BANGALORE RURAL,Summer,2009,3.0575539568345325
RICE_010316,Rice,Karnataka,BELGAUM,Kharif,2009,1.1685000697058412
RICE_010317,Rice,Karnataka,BELGAUM,Summer,2009,3.0569620253164556
RICE_010318,Rice,Karnataka,BELLARY,Kharif,2009,3.087499968923639
RICE_010319,Rice,Karnataka,BELLARY,Rabi,2009,4.021739130434782
RICE_010320,Rice,Karnataka,BELLARY,Summer,2009,3.323088098995516
RICE_010321,Rice,Karnataka,BENGALURU URBAN,Kharif,2009,2.7359974905897118
RICE_010322,Rice,Karnataka,BENGALURU URBAN,Summer,2009,3.7181208053691277
RICE_010323,Rice,Karnataka,BIDAR,Kharif,2009,0.7694999007739631
RICE_010324,Rice,Karnataka,BIJAPUR,Kharif,2009,2.85
RICE_010325,Rice,Karnataka,CHAMARAJANAGAR,Kharif,2009,2.641
RICE_010326,Rice,Karnataka,CHAMARAJANAGAR,Rabi,2009,2.9696969696969697
RICE_010327,Rice,Karnataka,CHAMARAJANAGAR,Summer,2009,3.49402390438247
RICE_010328,Rice,Karnataka,CHIKBALLAPUR,Kharif,2009,2.5451113627784068
RICE_010329,Rice,Karnataka,CHIKBALLAPUR,Rabi,2009,2.247311827956989
RICE_010330,Rice,Karnataka,CHIKBALLAPUR,Summer,2009,2.5153970826580228
RICE_010331,Rice,Karnataka,CHIKMAGALUR,Kharif,2009,2.4984999376013977
RICE_010332,Rice,Karnataka,CHIKMAGALUR,Summer,2009,2.282918646910819
RICE_010333,Rice,Karnataka,CHITRADURGA,Kharif,2009,1.9664996458923514
RICE_010334,Rice,Karnataka,CHITRADURGA,Rabi,2009,1.74547983310153
RICE_010335,Rice,Karnataka,CHITRADURGA,Summer,2009,2.1413888192529456
RICE_010336,Rice,Karnataka,DAKSHIN KANNAD,Kharif,2009,2.270499953963723
RICE_010337,Rice,Karnataka,DAKSHIN KANNAD,Rabi,2009,2.251002482337216
RICE_010338,Rice,Karnataka,DAKSHIN KANNAD,Summer,2009,2.152046783625731
RICE_010339,Rice,Karnataka,DAVANGERE,Kharif,2009,3.4010000532084708
RICE_010340,Rice,Karnataka,DAVANGERE,Summer,2009,3.4342491930692276
RICE_010341,Rice,Karnataka,DHARWAD,Kharif,2009,1.1495000187399274
RICE_010342,Rice,Karnataka,DHARWAD,Summer,2009,3.0541516245487363
RICE_010343,Rice,Karnataka,GADAG,Kharif,2009,0.8835021551724138
RICE_010344,Rice,Karnataka,GADAG,Summer,2009,2.6743542435424352
RICE_010345,Rice,Karnataka,GULBARGA,Kharif,2009,2.2990000757709694
RICE_010346,Rice,Karnataka,GULBARGA,Rabi,2009,2.092883548983364
RICE_010347,Rice,Karnataka,GULBARGA,Summer,2009,2.252445976401962
RICE_010348,Rice,Karnataka,HASSAN,Kharif,2009,2.698
RICE_010349,Rice,Karnataka,HASSAN,Rabi,2009,2.0315315315315314
RICE_010350,Rice,Karnataka,HASSAN,Summer,2009,2.735136209982104
RICE_010351,Rice,Karnataka,HAVERI,Kharif,2009,1.0830000455207576
RICE_010352,Rice,Karnataka,HAVERI,Summer,2009,2.0881333553391648
RICE_010353,Rice,Karnataka,KODAGU,Kharif,2009,2.4415000577500576
RICE_010354,Rice,Karnataka,KODAGU,Rabi,2009,2.2
RICE_010355,Rice,Karnataka,KODAGU,Summer,2009,2.6534653465346536
RICE_010356,Rice,Karnataka,KOLAR,Kharif,2009,1.6624999999999999
RICE_010357,Rice,Karnataka,KOLAR,Summer,2009,1.9806985294117647
RICE_010358,Rice,Karnataka,KOPPAL,Kharif,2009,3.097000026949093
RICE_010359,Rice,Karnataka,KOPPAL,Summer,2009,3.5416033434650456
RICE_010360,Rice,Karnataka,MANDYA,Kharif,2009,3.249
RICE_010361,Rice,Karnataka,MANDYA,Summer,2009,3.4351985463096573
RICE_010362,Rice,Karnataka,MYSORE,Kharif,2009,3.096999981850521
RICE_010363,Rice,Karnataka,MYSORE,Summer,2009,3.0286160249739855
RICE_010364,Rice,Karnataka,RAICHUR,Kharif,2009,2.622
RICE_010365,Rice,Karnataka,RAICHUR,Summer,2009,2.9944021942401196
RICE_010366,Rice,Karnataka,RAMANAGARA,Kharif,2009,2.85750738651625
RICE_010367,Rice,Karnataka,RAMANAGARA,Summer,2009,3.154377880184332
RICE_010368,Rice,Karnataka,SHIMOGA,Kharif,2009,2.3084999652548555
RICE_010369,Rice,Karnataka,SHIMOGA,Summer,2009,2.9990625861593605
RICE_010370,Rice,Karnataka,TUMKUR,Kharif,2009,2.498499885312333
RICE_010371,Rice,Karnataka,TUMKUR,Rabi,2009,2.456824512534819
RICE_010372,Rice,Karnataka,TUMKUR,Summer,2009,2.7407759805476264
RICE_010373,Rice,Karnataka,UDUPI,Kharif,2009,2.422500051993428
RICE_010374,Rice,Karnataka,UDUPI,Rabi,2009,2.305289238392761
RICE_010375,Rice,Karnataka,UDUPI,Summer,2009,2.2097902097902096
RICE_010376,Rice,Karnataka,UTTAR KANNAD,Kharif,2009,1.9189999869125365
RICE_010377,Rice,Karnataka,UTTAR KANNAD,Rabi,2009,2.3357380688124305
RICE_010378,Rice,Karnataka,UTTAR KANNAD,Summer,2009,2.2838427947598254
RICE_010379,Rice,Kerala,ALAPPUZHA,Autumn,2009,3.167397020157756
RICE_010380,Rice,Kerala,ALAPPUZHA,Summer,2009,2.7581450653983355
RICE_010381,Rice,Kerala,ALAPPUZHA,Winter,2009,3.0261612386545647
RICE_010382,Rice,Kerala,ERNAKULAM,Autumn,2009,1.9078239608801957
RICE_010383,Rice,Kerala,ERNAKULAM,Summer,2009,1.6491116751269035
RICE_010384,Rice,Kerala,ERNAKULAM,Winter,2009,2.0742042569810586
RICE_010385,Rice,Kerala,IDUKKI,Autumn,2009,2.568027210884354
RICE_010386,Rice,Kerala,IDUKKI,Summer,2009,2.492822966507177
RICE_010387,Rice,Kerala,IDUKKI,Winter,2009,2.681907250163292
RICE_010388,Rice,Kerala,KANNUR,Autumn,2009,1.913860419716935
RICE_010389,Rice,Kerala,KANNUR,Summer,2009,1.4537037037037037
RICE_010390,Rice,Kerala,KANNUR,Winter,2009,1.9982900136798905
RICE_010391,Rice,Kerala,KASARAGOD,Autumn,2009,2.304383116883117
RICE_010392,Rice,Kerala,KASARAGOD,Summer,2009,2.0517241379310347
RICE_010393,Rice,Kerala,KASARAGOD,Winter,2009,1.8434399117971334
RICE_010394,Rice,Kerala,KOLLAM,Autumn,2009,2.34624145785877
RICE_010395,Rice,Kerala,KOLLAM,Summer,2009,1.8653846153846154
RICE_010396,Rice,Kerala,KOLLAM,Winter,2009,2.3039255362201536
RICE_010397,Rice,Kerala,KOTTAYAM,Autumn,2009,2.914720812182741
RICE_010398,Rice,Kerala,KOTTAYAM,Summer,2009,2.417222486898523
RICE_010399,Rice,Kerala,KOTTAYAM,Winter,2009,2.432759719566603
RICE_010400,Rice,Kerala,KOZHIKODE,Autumn,2009,1.277456647398844
RICE_010401,Rice,Kerala,KOZHIKODE,Summer,2009,2.018032786885246
RICE_010402,Rice,Kerala,KOZHIKODE,Winter,2009,1.1427425821972734
RICE_010403,Rice,Kerala,MALAPPURAM,Autumn,2009,1.9738837405223253
RICE_010404,Rice,Kerala,MALAPPURAM,Summer,2009,3.3057915057915057
RICE_010405,Rice,Kerala,MALAPPURAM,Winter,2009,2.08763373190686
RICE_010406,Rice,Kerala,PALAKKAD,Autumn,2009,2.4970353982300884
RICE_010407,Rice,Kerala,PALAKKAD,Summer,2009,2.6854452601340566
RICE_010408,Rice,Kerala,PALAKKAD,Winter,2009,2.783308871493803
RICE_010409,Rice,Kerala,PATHANAMTHITTA,Autumn,2009,2.518918918918919
RICE_010410,Rice,Kerala,PATHANAMTHITTA,Summer,2009,2.618659420289855
RICE_010411,Rice,Kerala,PATHANAMTHITTA,Winter,2009,2.470978441127695
RICE_010412,Rice,Kerala,THIRUVANANTHAPURAM,Autumn,2009,2.7819336626676074
RICE_010413,Rice,Kerala,THIRUVANANTHAPURAM,Summer,2009,2.085889570552147
RICE_010414,Rice,Kerala,THIRUVANANTHAPURAM,Winter,2009,2.413235294117647
RICE_010415,Rice,Kerala,THRISSUR,Autumn,2009,1.7744168162009741
RICE_010416,Rice,Kerala,THRISSUR,Summer,2009,3.1515185226387805
RICE_010417,Rice,Kerala,THRISSUR,Winter,2009,2.279305123914256
RICE_010418,Rice,Kerala,WAYANAD,Summer,2009,2.8189334435717237
RICE_010419,Rice,Kerala,WAYANAD,Winter,2009,2.49035552193646
RICE_010420,Rice,Madhya Pradesh,ALIRAJPUR,Whole Year,2009,0.41627456407417657
RICE_010421,Rice,Madhya Pradesh,ANUPPUR,Whole Year,2009,0.5812659688452979
RICE_010422,Rice,Madhya Pradesh,ASHOKNAGAR,Whole Year,2009,0.7040441176470589
RICE_010423,Rice,Madhya Pradesh,BALAGHAT,Whole Year,2009,1.3649446509356675
RICE_010424,Rice,Madhya Pradesh,BARWANI,Whole Year,2009,0.3940809968847352
RICE_010425,Rice,Madhya Pradesh,BETUL,Whole Year,2009,1.0483903899816238
RICE_010426,Rice,Madhya Pradesh,BHIND,Whole Year,2009,2.1358328211432083
RICE_010427,Rice,Madhya Pradesh,BHOPAL,Whole Year,2009,0.6858846918489065
RICE_010428,Rice,Madhya Pradesh,BURHANPUR,Whole Year,2009,0.9490690032858707
RICE_010429,Rice,Madhya Pradesh,CHHATARPUR,Whole Year,2009,0.45606263521170287
RICE_010430,Rice,Madhya Pradesh,CHHINDWARA,Whole Year,2009,0.7594261639379233
RICE_010431,Rice,Madhya Pradesh,DAMOH,Whole Year,2009,0.6744725624561593
RICE_010432,Rice,Madhya Pradesh,DATIA,Whole Year,2009,1.171508250058099
RICE_010433,Rice,Madhya Pradesh,DEWAS,Whole Year,2009,0.6348547717842323
RICE_010434,Rice,Madhya Pradesh,DHAR,Whole Year,2009,0.5455298013245033
RICE_010435,Rice,Madhya Pradesh,DINDORI,Whole Year,2009,0.6898035196119476
RICE_010436,Rice,Madhya Pradesh,GUNA,Whole Year,2009,0.8391248391248392
RICE_010437,Rice,Madhya Pradesh,GWALIOR,Whole Year,2009,2.574791914387634
RICE_010438,Rice,Madhya Pradesh,HARDA,Whole Year,2009,2.07085020242915
RICE_010439,Rice,Madhya Pradesh,HOSHANGABAD,Whole Year,2009,1.6597176872456925
RICE_010440,Rice,Madhya Pradesh,INDORE,Whole Year,2009,0.6666666666666666
RICE_010441,Rice,Madhya Pradesh,JABALPUR,Whole Year,2009,0.7097590728880756
RICE_010442,Rice,Madhya Pradesh,JHABUA,Whole Year,2009,0.37568099273607747
RICE_010443,Rice,Madhya Pradesh,KATNI,Whole Year,2009,0.4635817722100908
RICE_010444,Rice,Madhya Pradesh,KHANDWA,Whole Year,2009,0.8053510924173385
RICE_010445,Rice,Madhya Pradesh,KHARGONE,Whole Year,2009,0.5390843973839925
RICE_010446,Rice,Madhya Pradesh,MANDLA,Whole Year,2009,0.52707030791855
RICE_010447,Rice,Madhya Pradesh,MORENA,Whole Year,2009,2.4607843137254903
RICE_010448,Rice,Madhya Pradesh,NARSINGHPUR,Whole Year,2009,1.1189958786062195
RICE_010449,Rice,Madhya Pradesh,NEEMUCH,Whole Year,2009,0.48333333333333334
RICE_010450,Rice,Madhya Pradesh,PANNA,Whole Year,2009,0.4896294010764853
RICE_010451,Rice,Madhya Pradesh,RAISEN,Whole Year,2009,0.9710874239443708
RICE_010452,Rice,Madhya Pradesh,RAJGARH,Whole Year,2009,0.5223140495867769
RICE_010453,Rice,Madhya Pradesh,RATLAM,Whole Year,2009,0.7142055025266704
RICE_010454,Rice,Madhya Pradesh,REWA,Whole Year,2009,0.6389970047891339
RICE_010455,Rice,Madhya Pradesh,SAGAR,Whole Year,2009,0.6182991396426207
RICE_010456,Rice,Madhya Pradesh,SATNA,Whole Year,2009,0.6478320865712833
RICE_010457,Rice,Madhya Pradesh,SEHORE,Whole Year,2009,1.040016086869093
RICE_010458,Rice,Madhya Pradesh,SEONI,Whole Year,2009,1.0478142895049947
RICE_010459,Rice,Madhya Pradesh,SHAHDOL,Whole Year,2009,0.8188949151872598
RICE_010460,Rice,Madhya Pradesh,SHAJAPUR,Whole Year,2009,0.4367816091954023
RICE_010461,Rice,Madhya Pradesh,SHEOPUR,Whole Year,2009,2.4865134865134864
RICE_010462,Rice,Madhya Pradesh,SHIVPURI,Whole Year,2009,1.363579395914275
RICE_010463,Rice,Madhya Pradesh,SIDHI,Whole Year,2009,0.6259783134587472
RICE_010464,Rice,Madhya Pradesh,SINGRAULI,Whole Year,2009,0.6367992021853185
RICE_010465,Rice,Madhya Pradesh,TIKAMGARH,Whole Year,2009,0.4110970996216898
RICE_010466,Rice,Madhya Pradesh,UMARIA,Whole Year,2009,0.7059540851492497
RICE_010467,Rice,Madhya Pradesh,VIDISHA,Whole Year,2009,0.7916666666666666
RICE_010468,Rice,Maharashtra,AHMEDNAGAR,Kharif,2009,0.3783783783783784
RICE_010469,Rice,Maharashtra,AMRAVATI,Kharif,2009,1.441860465116279
RICE_010470,Rice,Maharashtra,BEED,Kharif,2009,0.3333333333333333
RICE_010471,Rice,Maharashtra,BHANDARA,Kharif,2009,0.997716894977169
RICE_010472,Rice,Maharashtra,CHANDRAPUR,Kharif,2009,0.6190053285968028
RICE_010473,Rice,Maharashtra,DHULE,Kharif,2009,0.4897959183673469
RICE_010474,Rice,Maharashtra,GADCHIROLI,Kharif,2009,0.7545271629778671
RICE_010475,Rice,Maharashtra,GONDIA,Kharif,2009,1.085761407366685
RICE_010476,Rice,Maharashtra,HINGOLI,Kharif,2009,0.3333333333333333
RICE_010477,Rice,Maharashtra,JALGAON,Kharif,2009,0.5
RICE_010478,Rice,Maharashtra,KOLHAPUR,Kharif,2009,2.5891748003549244
RICE_010479,Rice,Maharashtra,LATUR,Kharif,2009,0.40625
RICE_010480,Rice,Maharashtra,NAGPUR,Kharif,2009,1.1325811001410437
RICE_010481,Rice,Maharashtra,NANDED,Kharif,2009,0.26785714285714285
RICE_010482,Rice,Maharashtra,NANDURBAR,Kharif,2009,0.6898395721925134
RICE_010483,Rice,Maharashtra,NASHIK,Kharif,2009,0.3908523908523909
RICE_010484,Rice,Maharashtra,OSMANABAD,Kharif,2009,0.6065573770491803
RICE_010485,Rice,Maharashtra,PARBHANI,Kharif,2009,0.3548387096774194
RICE_010486,Rice,Maharashtra,PUNE,Kharif,2009,0.8178913738019169
RICE_010487,Rice,Maharashtra,RAIGAD,Kharif,2009,2.5120967741935485
RICE_010488,Rice,Maharashtra,RATNAGIRI,Kharif,2009,2.6222509702457955
RICE_010489,Rice,Maharashtra,SANGLI,Kharif,2009,1.8770053475935828
RICE_010490,Rice,Maharashtra,SATARA,Kharif,2009,1.5197628458498025
RICE_010491,Rice,Maharashtra,SINDHUDURG,Kharif,2009,2.6300268096514747
RICE_010492,Rice,Maharashtra,SOLAPUR,Kharif,2009,0.14
RICE_010493,Rice,Maharashtra,THANE,Kharif,2009,2.0955882352941178
RICE_010494,Rice,Maharashtra,WASHIM,Kharif,2009,2.0
RICE_010495,Rice,Maharashtra,YAVATMAL,Kharif,2009,1.5
RICE_010496,Rice,Meghalaya,EAST GARO HILLS,Autumn,2009,1.4183778715424284
RICE_010497,Rice,Meghalaya,EAST GARO HILLS,Summer,2009,1.8222222222222222
RICE_010498,Rice,Meghalaya,EAST GARO HILLS,Winter,2009,1.591944730266059
RICE_010499,Rice,Meghalaya,EAST JAINTIA HILLS,Autumn,2009,1.696078431372549
RICE_010500,Rice,Meghalaya,EAST JAINTIA HILLS,Summer,2009,2.0444444444444443
RICE_010501,Rice,Meghalaya,EAST JAINTIA HILLS,Winter,2009,1.6300213149696672
RICE_010502,Rice,Meghalaya,EAST KHASI HILLS,Autumn,2009,2.029304029304029
RICE_010503,Rice,Meghalaya,EAST KHASI HILLS,Summer,2009,1.901639344262295
RICE_010504,Rice,Meghalaya,EAST KHASI HILLS,Winter,2009,1.8325934147243803
RICE_010505,Rice,Meghalaya,RI BHOI,Autumn,2009,1.855421686746988
RICE_010506,Rice,Meghalaya,RI BHOI,Summer,2009,2.1518324607329844
RICE_010507,Rice,Meghalaya,RI BHOI,Winter,2009,2.7024221453287196
RICE_010508,Rice,Meghalaya,SOUTH GARO HILLS,Autumn,2009,1.0409598676044685
RICE_010509,Rice,Meghalaya,SOUTH GARO HILLS,Summer,2009,1.3869731800766283
RICE_010510,Rice,Meghalaya,SOUTH GARO HILLS,Winter,2009,1.6120431396045536
RICE_010511,Rice,Meghalaya,WEST GARO HILLS,Autumn,2009,1.245985401459854
RICE_010512,Rice,Meghalaya,WEST GARO HILLS,Summer,2009,3.79194742533899
RICE_010513,Rice,Meghalaya,WEST GARO HILLS,Winter,2009,1.8483446262325787
RICE_010514,Rice,Meghalaya,WEST KHASI HILLS,Autumn,2009,1.5
RICE_010515,Rice,Meghalaya,WEST KHASI HILLS,Summer,2009,2.106382978723404
RICE_010516,Rice,Meghalaya,WEST KHASI HILLS,Winter,2009,1.4119025914832661
RICE_010517,Rice,Mizoram,AIZAWL,Kharif,2009,1.280593093093093
RICE_010518,Rice,Mizoram,CHAMPHAI,Kharif,2009,2.1604164053681174
RICE_010519,Rice,Mizoram,KOLASIB,Kharif,2009,1.7172093023255814
RICE_010520,Rice,Mizoram,LAWNGTLAI,Kharif,2009,0.9528248050218756
RICE_010521,Rice,Mizoram,LUNGLEI,Kharif,2009,1.2830521279274743
RICE_010522,Rice,Mizoram,LUNGLEI,Rabi,2009,2.0
RICE_010523,Rice,Mizoram,MAMIT,Kharif,2009,1.5110269246380734
RICE_010524,Rice,Mizoram,SAIHA,Kharif,2009,0.8586956521739131
RICE_010525,Rice,Mizoram,SERCHHIP,Kharif,2009,0.7795141837948021
RICE_010526,Rice,Nagaland,DIMAPUR,Kharif,2009,1.5589208449987275
RICE_010527,Rice,Nagaland,KIPHIRE,Kharif,2009,1.2611850060459493
RICE_010528,Rice,Nagaland,KOHIMA,Kharif,2009,1.4618805590851334
RICE_010529,Rice,Nagaland,LONGLENG,Kharif,2009,1.249667994687915
RICE_010530,Rice,Nagaland,MOKOKCHUNG,Kharif,2009,1.3653723742838957
RICE_010531,Rice,Nagaland,MON,Kharif,2009,1.3070175438596492
RICE_010532,Rice,Nagaland,PEREN,Kharif,2009,1.479427549194991
RICE_010533,Rice,Nagaland,PHEK,Kharif,2009,1.6496124031007753
RICE_010534,Rice,Nagaland,TUENSANG,Kharif,2009,1.2946084724005136
RICE_010535,Rice,Nagaland,WOKHA,Kharif,2009,1.3761415525114156
RICE_010536,Rice,Nagaland,ZUNHEBOTO,Kharif,2009,1.3231871083258728
RICE_010537,Rice,Odisha,ANUGUL,Autumn,2009,0.6190476190476191
RICE_010538,Rice,Odisha,ANUGUL,Summer,2009,1.0
RICE_010539,Rice,Odisha,ANUGUL,Winter,2009,1.072289156626506
RICE_010540,Rice,Odisha,BALANGIR,Autumn,2009,1.0263157894736843
RICE_010541,Rice,Odisha,BALANGIR,Summer,2009,1.6666666666666667
RICE_010542,Rice,Odisha,BALANGIR,Winter,2009,1.8057553956834533
RICE_010543,Rice,Odisha,BALESHWAR,Summer,2009,2.6333333333333333
RICE_010544,Rice,Odisha,BALESHWAR,Winter,2009,1.4312796208530805
RICE_010545,Rice,Odisha,BARGARH,Autumn,2009,1.1206896551724137
RICE_010546,Rice,Odisha,BARGARH,Summer,2009,3.3676470588235294
RICE_010547,Rice,Odisha,BARGARH,Winter,2009,2.0806451612903225
RICE_010548,Rice,Odisha,BHADRAK,Summer,2009,1.5
RICE_010549,Rice,Odisha,BHADRAK,Winter,2009,1.8848484848484848
RICE_010550,Rice,Odisha,BOUDH,Autumn,2009,1.1428571428571428
RICE_010551,Rice,Odisha,BOUDH,Winter,2009,1.912280701754386
RICE_010552,Rice,Odisha,CUTTACK,Autumn,2009,1.5
RICE_010553,Rice,Odisha,CUTTACK,Summer,2009,2.3333333333333335
RICE_010554,Rice,Odisha,CUTTACK,Winter,2009,2.09375
RICE_010555,Rice,Odisha,DEOGARH,Autumn,2009,0.8125
RICE_010556,Rice,Odisha,DEOGARH,Winter,2009,1.2592592592592593
RICE_010557,Rice,Odisha,DHENKANAL,Autumn,2009,1.0
RICE_010558,Rice,Odisha,DHENKANAL,Summer,2009,2.0
RICE_010559,Rice,Odisha,DHENKANAL,Winter,2009,1.5858585858585859
RICE_010560,Rice,Odisha,GAJAPATI,Winter,2009,1.5
RICE_010561,Rice,Odisha,GANJAM,Autumn,2009,2.0
RICE_010562,Rice,Odisha,GANJAM,Summer,2009,3.0
RICE_010563,Rice,Odisha,GANJAM,Winter,2009,2.0217391304347827
RICE_010564,Rice,Odisha,JAGATSINGHAPUR,Autumn,2009,2.0
RICE_010565,Rice,Odisha,JAGATSINGHAPUR,Summer,2009,2.0
RICE_010566,Rice,Odisha,JAGATSINGHAPUR,Winter,2009,1.9875
RICE_010567,Rice,Odisha,JAJAPUR,Autumn,2009,1.3
RICE_010568,Rice,Odisha,JAJAPUR,Summer,2009,3.0
RICE_010569,Rice,Odisha,JAJAPUR,Winter,2009,1.8688524590163935
RICE_010570,Rice,Odisha,JHARSUGUDA,Autumn,2009,0.15789473684210525
RICE_010571,Rice,Odisha,JHARSUGUDA,Winter,2009,0.5862068965517241
RICE_010572,Rice,Odisha,KALAHANDI,Autumn,2009,1.2222222222222223
RICE_010573,Rice,Odisha,KALAHANDI,Summer,2009,2.5348837209302326
RICE_010574,Rice,Odisha,KALAHANDI,Winter,2009,1.3818181818181818
RICE_010575,Rice,Odisha,KANDHAMAL,Autumn,2009,1.0
RICE_010576,Rice,Odisha,KANDHAMAL,Winter,2009,1.4324324324324325
RICE_010577,Rice,Odisha,KENDRAPARA,Autumn,2009,1.6666666666666667
RICE_010578,Rice,Odisha,KENDRAPARA,Summer,2009,2.0
RICE_010579,Rice,Odisha,KENDRAPARA,Winter,2009,1.6666666666666667
RICE_010580,Rice,Odisha,KENDUJHAR,Autumn,2009,1.0
RICE_010581,Rice,Odisha,KENDUJHAR,Summer,2009,2.0
RICE_010582,Rice,Odisha,KENDUJHAR,Winter,2009,1.5510204081632653
RICE_010583,Rice,Odisha,KHORDHA,Summer,2009,2.0
RICE_010584,Rice,Odisha,KHORDHA,Winter,2009,1.8303571428571428
RICE_010585,Rice,Odisha,KORAPUT,Autumn,2009,0.782608695652174
RICE_010586,Rice,Odisha,KORAPUT,Summer,2009,1.8888888888888888
RICE_010587,Rice,Odisha,KORAPUT,Winter,2009,1.423529411764706
RICE_010588,Rice,Odisha,MALKANGIRI,Autumn,2009,0.7692307692307693
RICE_010589,Rice,Odisha,MALKANGIRI,Winter,2009,1.2345679012345678
RICE_010590,Rice,Odisha,MAYURBHANJ,Autumn,2009,0.9347826086956522
RICE_010591,Rice,Odisha,MAYURBHANJ,Summer,2009,1.5
RICE_010592,Rice,Odisha,MAYURBHANJ,Winter,2009,1.4444444444444444
RICE_010593,Rice,Odisha,NABARANGPUR,Autumn,2009,0.6428571428571429
RICE_010594,Rice,Odisha,NABARANGPUR,Summer,2009,1.0
RICE_010595,Rice,Odisha,NABARANGPUR,Winter,2009,1.5847457627118644
RICE_010596,Rice,Odisha,NAYAGARH,Autumn,2009,2.0
RICE_010597,Rice,Odisha,NAYAGARH,Winter,2009,1.5148514851485149
RICE_010598,Rice,Odisha,NUAPADA,Autumn,2009,0.7567567567567568
RICE_010599,Rice,Odisha,NUAPADA,Summer,2009,2.0
RICE_010600,Rice,Odisha,NUAPADA,Winter,2009,1.435483870967742
RICE_010601,Rice,Odisha,PURI,Autumn,2009,1.0
RICE_010602,Rice,Odisha,PURI,Summer,2009,2.2580645161290325
RICE_010603,Rice,Odisha,PURI,Winter,2009,1.5454545454545454
RICE_010604,Rice,Odisha,RAYAGADA,Autumn,2009,0.8571428571428571
RICE_010605,Rice,Odisha,RAYAGADA,Summer,2009,1.75
RICE_010606,Rice,Odisha,RAYAGADA,Winter,2009,1.9
RICE_010607,Rice,Odisha,SAMBALPUR,Autumn,2009,0.7
RICE_010608,Rice,Odisha,SAMBALPUR,Summer,2009,3.0555555555555554
RICE_010609,Rice,Odisha,SAMBALPUR,Winter,2009,1.1829268292682926
RICE_010610,Rice,Odisha,SONEPUR,Autumn,2009,1.0625
RICE_010611,Rice,Odisha,SONEPUR,Summer,2009,3.107142857142857
RICE_010612,Rice,Odisha,SONEPUR,Winter,2009,2.2738095238095237
RICE_010613,Rice,Odisha,SUNDARGARH,Autumn,2009,0.5795454545454546
RICE_010614,Rice,Odisha,SUNDARGARH,Winter,2009,0.7966101694915254
RICE_010615,Rice,Puducherry,KARAIKAL,Kharif,2009,2.1486068111455108
RICE_010616,Rice,Puducherry,KARAIKAL,Rabi,2009,1.9812734082397003
RICE_010617,Rice,Puducherry,KARAIKAL,Summer,2009,1.2941176470588236
RICE_010618,Rice,Puducherry,PONDICHERRY,Kharif,2009,2.9810452206877875
RICE_010619,Rice,Puducherry,PONDICHERRY,Rabi,2009,2.482907588279489
RICE_010620,Rice,Puducherry,PONDICHERRY,Summer,2009,2.642983664632946
RICE_010621,Rice,Puducherry,YANAM,Kharif,2009,3.54983922829582
RICE_010622,Rice,Puducherry,YANAM,Rabi,2009,4.251012145748988
RICE_010623,Rice,Punjab,AMRITSAR,Kharif,2009,2.708108108108108
RICE_010624,Rice,Punjab,BARNALA,Kharif,2009,4.769230769230769
RICE_010625,Rice,Punjab,BATHINDA,Kharif,2009,4.576923076923077
RICE_010626,Rice,Punjab,FARIDKOT,Kharif,2009,4.224489795918367
RICE_010627,Rice,Punjab,FATEHGARH SAHIB,Kharif,2009,4.546511627906977
RICE_010628,Rice,Punjab,FIROZEPUR,Kharif,2009,3.6793893129770994
RICE_010629,Rice,Punjab,GURDASPUR,Kharif,2009,3.1372549019607843
RICE_010630,Rice,Punjab,HOSHIARPUR,Kharif,2009,3.5428571428571427
RICE_010631,Rice,Punjab,JALANDHAR,Kharif,2009,3.950310559006211
RICE_010632,Rice,Punjab,KAPURTHALA,Kharif,2009,3.9304347826086956
RICE_010633,Rice,Punjab,LUDHIANA,Kharif,2009,4.692607003891051
RICE_010634,Rice,Punjab,MANSA,Kharif,2009,4.207792207792208
RICE_010635,Rice,Punjab,MOGA,Kharif,2009,4.72093023255814
RICE_010636,Rice,Punjab,MUKTSAR,Kharif,2009,3.87
RICE_010637,Rice,Punjab,NAWANSHAHR,Kharif,2009,4.142857142857143
RICE_010638,Rice,Punjab,PATIALA,Kharif,2009,4.254166666666666
RICE_010639,Rice,Punjab,RUPNAGAR,Kharif,2009,3.5526315789473686
RICE_010640,Rice,Punjab,S.A.S NAGAR,Kharif,2009,3.2666666666666666
RICE_010641,Rice,Punjab,SANGRUR,Kharif,2009,4.697416974169742
RICE_010642,Rice,Punjab,TARN TARAN,Kharif,2009,3.0813953488372094
RICE_010643,Rice,Rajasthan,AJMER,Kharif,2009,1.5714285714285714
RICE_010644,Rice,Rajasthan,ALWAR,Kharif,2009,1.5144508670520231
RICE_010645,Rice,Rajasthan,BANSWARA,Kharif,2009,0.4056570250870585
RICE_010646,Rice,Rajasthan,BARAN,Kharif,2009,2.228368281513618
RICE_010647,Rice,Rajasthan,BHARATPUR,Kharif,2009,1.7710455764075066
RICE_010648,Rice,Rajasthan,BHILWARA,Kharif,2009,1.513953488372093
RICE_010649,Rice,Rajasthan,BIKANER,Kharif,2009,1.507936507936508
RICE_010650,Rice,Rajasthan,BUNDI,Kharif,2009,0.8675335454419698
RICE_010651,Rice,Rajasthan,CHITTORGARH,Kharif,2009,1.5147058823529411
RICE_010652,Rice,Rajasthan,DHOLPUR,Kharif,2009,1.5149384885764499
RICE_010653,Rice,Rajasthan,DUNGARPUR,Kharif,2009,0.3624382207578254
RICE_010654,Rice,Rajasthan,GANGANAGAR,Kharif,2009,2.6759725400457666
RICE_010655,Rice,Rajasthan,HANUMANGARH,Kharif,2009,3.4252080373452407
RICE_010656,Rice,Rajasthan,JHALAWAR,Kharif,2009,1.5148101793909052
RICE_010657,Rice,Rajasthan,KARAULI,Kharif,2009,1.0305927342256214
RICE_010658,Rice,Rajasthan,KOTA,Kharif,2009,2.1750634078856352
RICE_010659,Rice,Rajasthan,PRATAPGARH,Kharif,2009,1.515032679738562
RICE_010660,Rice,Rajasthan,RAJSAMAND,Kharif,2009,1.5081967213114753
RICE_010661,Rice,Rajasthan,SAWAI MADHOPUR,Kharif,2009,1.5145631067961165
RICE_010662,Rice,Rajasthan,TONK,Kharif,2009,1.5714285714285714
RICE_010663,Rice,Rajasthan,UDAIPUR,Kharif,2009,0.6099224077122032
RICE_010664,Rice,Sikkim,EAST DISTRICT,Kharif,2009,1.71
RICE_010665,Rice,Sikkim,NORTH DISTRICT,Kharif,2009,1.07
RICE_010666,Rice,Sikkim,SOUTH DISTRICT,Kharif,2009,1.776190476190476
RICE_010667,Rice,Sikkim,WEST DISTRICT,Kharif,2009,1.8177458033573142
RICE_010668,Rice,Tamil Nadu,ARIYALUR,Kharif,2009,3.0973131110940026
RICE_010669,Rice,Tamil Nadu,COIMBATORE,Kharif,2009,3.508697195598154
RICE_010670,Rice,Tamil Nadu,CUDDALORE,Kharif,2009,2.8960786247836654
RICE_010671,Rice,Tamil Nadu,DHARMAPURI,Kharif,2009,3.9229443623830624
RICE_010672,Rice,Tamil Nadu,DINDIGUL,Kharif,2009,4.736529104343125
RICE_010673,Rice,Tamil Nadu,ERODE,Kharif,2009,4.1039775410610275
RICE_010674,Rice,Tamil Nadu,KANCHIPURAM,Kharif,2009,3.641331575477917
RICE_010675,Rice,Tamil Nadu,KANNIYAKUMARI,Kharif,2009,4.404980643670191
RICE_010676,Rice,Tamil Nadu,KARUR,Kharif,2009,4.2687670685405985
RICE_010677,Rice,Tamil Nadu,KRISHNAGIRI,Kharif,2009,3.9403274711946636
RICE_010678,Rice,Tamil Nadu,MADURAI,Kharif,2009,3.9935668614913897
RICE_010679,Rice,Tamil Nadu,NAGAPATTINAM,Kharif,2009,2.7368724462323017
RICE_010680,Rice,Tamil Nadu,NAMAKKAL,Kharif,2009,4.299242069804436
RICE_010681,Rice,Tamil Nadu,PERAMBALUR,Kharif,2009,3.5050045495905366
RICE_010682,Rice,Tamil Nadu,PUDUKKOTTAI,Kharif,2009,1.9773876728715032
RICE_010683,Rice,Tamil Nadu,RAMANATHAPURAM,Kharif,2009,1.7543414124061694
RICE_010684,Rice,Tamil Nadu,SALEM,Kharif,2009,4.366499876958412
RICE_010685,Rice,Tamil Nadu,SIVAGANGA,Kharif,2009,1.7857419955516474
RICE_010686,Rice,Tamil Nadu,THANJAVUR,Kharif,2009,2.621500202531024
RICE_010687,Rice,Tamil Nadu,THE NILGIRIS,Kharif,2009,3.5029469548133596
RICE_010688,Rice,Tamil Nadu,THENI,Kharif,2009,5.055624227441285
RICE_010689,Rice,Tamil Nadu,THIRUVALLUR,Kharif,2009,3.1663907489313337
RICE_010690,Rice,Tamil Nadu,THIRUVARUR,Kharif,2009,2.905980078435147
RICE_010691,Rice,Tamil Nadu,TIRUCHIRAPPALLI,Kharif,2009,4.141346273485131
RICE_010692,Rice,Tamil Nadu,TIRUNELVELI,Kharif,2009,4.138393376282067
RICE_010693,Rice,Tamil Nadu,TIRUPPUR,Kharif,2009,4.196270279310921
RICE_010694,Rice,Tamil Nadu,TIRUVANNAMALAI,Kharif,2009,3.089877064377193
RICE_010695,Rice,Tamil Nadu,TUTICORIN,Kharif,2009,4.9452657424932225
RICE_010696,Rice,Tamil Nadu,VELLORE,Kharif,2009,3.415918521312712
RICE_010697,Rice,Tamil Nadu,VILLUPURAM,Kharif,2009,3.1513532811510636
RICE_010698,Rice,Tamil Nadu,VIRUDHUNAGAR,Kharif,2009,2.431378442348875
RICE_010699,Rice,Telangana,ADILABAD,Kharif,2009,1.9870109298273404
RICE_010700,Rice,Telangana,ADILABAD,Rabi,2009,2.26904296875
RICE_010701,Rice,Telangana,KARIMNAGAR,Kharif,2009,3.2300025917112363
RICE_010702,Rice,Telangana,KARIMNAGAR,Rabi,2009,3.0889990831493175
RICE_010703,Rice,Telangana,KHAMMAM,Kharif,2009,2.256998452810727
RICE_010704,Rice,Telangana,KHAMMAM,Rabi,2009,3.608
RICE_010705,Rice,Telangana,MAHBUBNAGAR,Kharif,2009,2.2719991613376664
RICE_010706,Rice,Telangana,MAHBUBNAGAR,Rabi,2009,2.692995267862359
RICE_010707,Rice,Telangana,MEDAK,Kharif,2009,2.6939963614311706
RICE_010708,Rice,Telangana,MEDAK,Rabi,2009,2.9550007430524596
RICE_010709,Rice,Telangana,NALGONDA,Kharif,2009,3.234998480089168
RICE_010710,Rice,Telangana,NALGONDA,Rabi,2009,3.4320018312922054
RICE_010711,Rice,Telangana,NIZAMABAD,Kharif,2009,3.2480061268684306
RICE_010712,Rice,Telangana,NIZAMABAD,Rabi,2009,3.1419913039659186
RICE_010713,Rice,Telangana,RANGAREDDI,Kharif,2009,2.6049845170312658
RICE_010714,Rice,Telangana,RANGAREDDI,Rabi,2009,2.640026075619296
RICE_010715,Rice,Telangana,WARANGAL,Kharif,2009,2.4810059045315502
RICE_010716,Rice,Telangana,WARANGAL,Rabi,2009,2.6709905954548856
RICE_010717,Rice,Tripura,DHALAI,Kharif,2009,2.2876119292533117
RICE_010718,Rice,Tripura,NORTH TRIPURA,Kharif,2009,2.3750618383298705
RICE_010719,Rice,Tripura,SOUTH TRIPURA,Kharif,2009,2.750322879352779
RICE_010720,Rice,Tripura,WEST TRIPURA,Kharif,2009,2.670930111446724
RICE_010721,Rice,Uttar Pradesh,AGRA,Kharif,2009,1.7580980066445182
RICE_010722,Rice,Uttar Pradesh,AGRA,Summer,2009,1.7714285714285714
RICE_010723,Rice,Uttar Pradesh,ALIGARH,Kharif,2009,1.732000963159162
RICE_010724,Rice,Uttar Pradesh,ALLAHABAD,Kharif,2009,2.1699964882641583
RICE_010725,Rice,Uttar Pradesh,AMBEDKAR NAGAR,Kharif,2009,2.590002511030599
RICE_010726,Rice,Uttar Pradesh,AMROHA,Kharif,2009,2.0279846535770707
RICE_010727,Rice,Uttar Pradesh,AMROHA,Summer,2009,2.0
RICE_010728,Rice,Uttar Pradesh,AURAIYA,Kharif,2009,2.823010093626114
RICE_010729,Rice,Uttar Pradesh,AZAMGARH,Kharif,2009,1.746002039722009
RICE_010730,Rice,Uttar Pradesh,BAGHPAT,Kharif,2009,2.716950082281953
RICE_010731,Rice,Uttar Pradesh,BAHRAICH,Kharif,2009,2.0110000249010183
RICE_010732,Rice,Uttar Pradesh,BALLIA,Kharif,2009,1.0859977413753323
RICE_010733,Rice,Uttar Pradesh,BALRAMPUR,Kharif,2009,1.7730026187064578
RICE_010734,Rice,Uttar Pradesh,BANDA,Kharif,2009,1.0570105862928552
RICE_010735,Rice,Uttar Pradesh,BARABANKI,Kharif,2009,2.314001134351163
RICE_010736,Rice,Uttar Pradesh,BAREILLY,Kharif,2009,1.7859988197108292
RICE_010737,Rice,Uttar Pradesh,BAREILLY,Summer,2009,1.7856510186005314
RICE_010738,Rice,Uttar Pradesh,BASTI,Kharif,2009,2.13200461361015
RICE_010739,Rice,Uttar Pradesh,BIJNOR,Kharif,2009,2.3890047163127743
RICE_010740,Rice,Uttar Pradesh,BIJNOR,Summer,2009,2.3896103896103895
RICE_010741,Rice,Uttar Pradesh,BUDAUN,Kharif,2009,2.0079948880269867
RICE_010742,Rice,Uttar Pradesh,BUDAUN,Summer,2009,2.0128205128205128
RICE_010743,Rice,Uttar Pradesh,BULANDSHAHR,Kharif,2009,2.2500040696065504
RICE_010744,Rice,Uttar Pradesh,CHANDAULI,Kharif,2009,2.0089951228489924
RICE_010745,Rice,Uttar Pradesh,CHITRAKOOT,Kharif,2009,0.5499573014517506
RICE_010746,Rice,Uttar Pradesh,DEORIA,Kharif,2009,1.4249966320894516
RICE_010747,Rice,Uttar Pradesh,DEORIA,Summer,2009,1.4210526315789473
RICE_010748,Rice,Uttar Pradesh,ETAH,Kharif,2009,2.2239872915011913
RICE_010749,Rice,Uttar Pradesh,ETAWAH,Kharif,2009,2.5950085831242573
RICE_010750,Rice,Uttar Pradesh,FAIZABAD,Kharif,2009,2.3010020430002918
RICE_010751,Rice,Uttar Pradesh,FARRUKHABAD,Kharif,2009,2.240026969322396
RICE_010752,Rice,Uttar Pradesh,FATEHPUR,Kharif,2009,2.163007879632932
RICE_010753,Rice,Uttar Pradesh,FIROZABAD,Kharif,2009,2.923017887714741
RICE_010754,Rice,Uttar Pradesh,GAUTAM BUDDHA NAGAR,Kharif,2009,2.4060143545016808
RICE_010755,Rice,Uttar Pradesh,GHAZIABAD,Kharif,2009,2.7470008952551477
RICE_010756,Rice,Uttar Pradesh,GHAZIPUR,Kharif,2009,1.8500037158451896
RICE_010757,Rice,Uttar Pradesh,GONDA,Kharif,2009,2.1959979784308854
RICE_010758,Rice,Uttar Pradesh,GORAKHPUR,Kharif,2009,1.820999035477373
RICE_010759,Rice,Uttar Pradesh,GORAKHPUR,Summer,2009,1.8202247191011236
RICE_010760,Rice,Uttar Pradesh,HAMIRPUR,Kharif,2009,0.953125
RICE_010761,Rice,Uttar Pradesh,HARDOI,Kharif,2009,2.253003105965875
RICE_010762,Rice,Uttar Pradesh,HARDOI,Summer,2009,2.230769230769231
RICE_010763,Rice,Uttar Pradesh,HATHRAS,Kharif,2009,1.762975454375117
RICE_010764,Rice,Uttar Pradesh,JALAUN,Kharif,2009,1.013215859030837
RICE_010765,Rice,Uttar Pradesh,JAUNPUR,Kharif,2009,1.971996665534595
RICE_010766,Rice,Uttar Pradesh,JHANSI,Kharif,2009,1.7372462973121228
RICE_010767,Rice,Uttar Pradesh,KANNAUJ,Kharif,2009,2.66001012951306
RICE_010768,Rice,Uttar Pradesh,KANPUR DEHAT,Kharif,2009,2.249005000510256
RICE_010769,Rice,Uttar Pradesh,KANPUR NAGAR,Kharif,2009,2.301995602207194
RICE_010770,Rice,Uttar Pradesh,KASGANJ,Kharif,2009,2.072990151568066
RICE_010771,Rice,Uttar Pradesh,KASGANJ,Summer,2009,2.0789473684210527
RICE_010772,Rice,Uttar Pradesh,KAUSHAMBI,Kharif,2009,1.8260130950274287
RICE_010773,Rice,Uttar Pradesh,KHERI,Kharif,2009,1.9699988983683612
RICE_010774,Rice,Uttar Pradesh,KHERI,Summer,2009,1.969857568731368
RICE_010775,Rice,Uttar Pradesh,KUSHI NAGAR,Kharif,2009,2.1639971917450365
RICE_010776,Rice,Uttar Pradesh,LALITPUR,Kharif,2009,0.6220151426907397
RICE_010777,Rice,Uttar Pradesh,LUCKNOW,Kharif,2009,2.1890054880709084
RICE_010778,Rice,Uttar Pradesh,LUCKNOW,Summer,2009,2.0
RICE_010779,Rice,Uttar Pradesh,MAHARAJGANJ,Kharif,2009,2.429001759670733
RICE_010780,Rice,Uttar Pradesh,MAHARAJGANJ,Summer,2009,2.425531914893617
RICE_010781,Rice,Uttar Pradesh,MAHOBA,Kharif,2009,0.9575471698113207
RICE_010782,Rice,Uttar Pradesh,MAINPURI,Kharif,2009,2.271007225099799
RICE_010783,Rice,Uttar Pradesh,MAINPURI,Summer,2009,2.282051282051282
RICE_010784,Rice,Uttar Pradesh,MATHURA,Kharif,2009,2.1620041461880692
RICE_010785,Rice,Uttar Pradesh,MAU,Kharif,2009,1.4619955142246297
RICE_010786,Rice,Uttar Pradesh,MEERUT,Kharif,2009,2.5590220659141187
RICE_010787,Rice,Uttar Pradesh,MIRZAPUR,Kharif,2009,1.550002419862229
RICE_010788,Rice,Uttar Pradesh,MORADABAD,Kharif,2009,2.3230026346190606
RICE_010789,Rice,Uttar Pradesh,MORADABAD,Summer,2009,2.322289156626506
RICE_010790,Rice,Uttar Pradesh,MUZAFFARNAGAR,Kharif,2009,2.6040129086572192
RICE_010791,Rice,Uttar Pradesh,MUZAFFARNAGAR,Summer,2009,2.5555555555555554
RICE_010792,Rice,Uttar Pradesh,PILIBHIT,Kharif,2009,2.6049996770234483
RICE_010793,Rice,Uttar Pradesh,PILIBHIT,Summer,2009,2.6050449205252244
RICE_010794,Rice,Uttar Pradesh,PRATAPGARH,Kharif,2009,2.127004990655357
RICE_010795,Rice,Uttar Pradesh,RAE BARELI,Kharif,2009,2.186999196278526
RICE_010796,Rice,Uttar Pradesh,RAMPUR,Kharif,2009,2.2450023245002324
RICE_010797,Rice,Uttar Pradesh,RAMPUR,Summer,2009,2.2451028403525957
RICE_010798,Rice,Uttar Pradesh,SAHARANPUR,Kharif,2009,2.277002544136921
RICE_010799,Rice,Uttar Pradesh,SANT KABEER NAGAR,Kharif,2009,1.9280043640753035
RICE_010800,Rice,Uttar Pradesh,SANT KABEER NAGAR,Summer,2009,1.9206349206349207
RICE_010801,Rice,Uttar Pradesh,SANT RAVIDAS NAGAR,Kharif,2009,1.9390121188257428
RICE_010802,Rice,Uttar Pradesh,SHAHJAHANPUR,Kharif,2009,2.6089992146853835
RICE_010803,Rice,Uttar Pradesh,SHAHJAHANPUR,Summer,2009,2.9089517980107114
RICE_010804,Rice,Uttar Pradesh,SHRAVASTI,Kharif,2009,2.1459931736631757
RICE_010805,Rice,Uttar Pradesh,SIDDHARTH NAGAR,Kharif,2009,2.105001359222178
RICE_010806,Rice,Uttar Pradesh,SITAPUR,Kharif,2009,1.8539983450948208
RICE_010807,Rice,Uttar Pradesh,SITAPUR,Summer,2009,1.84
RICE_010808,Rice,Uttar Pradesh,SONBHADRA,Kharif,2009,1.2350089455762683
RICE_010809,Rice,Uttar Pradesh,SULTANPUR,Kharif,2009,2.274997186480099
RICE_010810,Rice,Uttar Pradesh,UNNAO,Kharif,2009,1.791993720565149
RICE_010811,Rice,Uttar Pradesh,VARANASI,Kharif,2009,1.4829876574627816
RICE_010812,Rice,Uttarakhand,ALMORA,Kharif,2009,0.9803502776591201
RICE_010813,Rice,Uttarakhand,BAGESHWAR,Kharif,2009,1.3438910444215695
RICE_010814,Rice,Uttarakhand,CHAMOLI,Kharif,2009,1.1833290499443159
RICE_010815,Rice,Uttarakhand,CHAMPAWAT,Kharif,2009,1.200642523364486
RICE_010816,Rice,Uttarakhand,DEHRADUN,Kharif,2009,1.9043696275071633
RICE_010817,Rice,Uttarakhand,HARIDWAR,Kharif,2009,2.201766692647441
RICE_010818,Rice,Uttarakhand,NAINITAL,Kharif,2009,2.9515542077331314
RICE_010819,Rice,Uttarakhand,NAINITAL,Rabi,2009,2.851063829787234
RICE_010820,Rice,Uttarakhand,PAURI GARHWAL,Kharif,2009,1.078336608423177
RICE_010821,Rice,Uttarakhand,PITHORAGARH,Kharif,2009,1.2960591364941851
RICE_010822,Rice,Uttarakhand,RUDRA PRAYAG,Kharif,2009,1.395088161209068
RICE_010823,Rice,Uttarakhand,TEHRI GARHWAL,Kharif,2009,1.1966933237487645
RICE_010824,Rice,Uttarakhand,UDAM SINGH NAGAR,Kharif,2009,2.8787334871838706
RICE_010825,Rice,Uttarakhand,UDAM SINGH NAGAR,Rabi,2009,2.8530145225172365
RICE_010826,Rice,Uttarakhand,UTTAR KASHI,Kharif,2009,1.365340030911901
RICE_010827,Rice,West Bengal,24 PARAGANAS NORTH,Autumn,2009,2.679972397685652
RICE_010828,Rice,West Bengal,24 PARAGANAS NORTH,Summer,2009,3.118715131022823
RICE_010829,Rice,West Bengal,24 PARAGANAS NORTH,Winter,2009,2.5960118515731554
RICE_010830,Rice,West Bengal,24 PARAGANAS SOUTH,Autumn,2009,2.2773333333333334
RICE_010831,Rice,West Bengal,24 PARAGANAS SOUTH,Summer,2009,2.6615463389656937
RICE_010832,Rice,West Bengal,24 PARAGANAS SOUTH,Winter,2009,1.9763959221218208
RICE_010833,Rice,West Bengal,BANKURA,Autumn,2009,3.0174500631172494
RICE_010834,Rice,West Bengal,BANKURA,Summer,2009,2.6171010236065144
RICE_010835,Rice,West Bengal,BANKURA,Winter,2009,2.655149981929888
RICE_010836,Rice,West Bengal,BARDHAMAN,Autumn,2009,2.9123984750538705
RICE_010837,Rice,West Bengal,BARDHAMAN,Summer,2009,3.2251614301191767
RICE_010838,Rice,West Bengal,BARDHAMAN,Winter,2009,2.9599998138227313
RICE_010839,Rice,West Bengal,BIRBHUM,Autumn,2009,2.9695652173913043
RICE_010840,Rice,West Bengal,BIRBHUM,Summer,2009,2.741596254435056
RICE_010841,Rice,West Bengal,BIRBHUM,Winter,2009,2.6743857761126115
RICE_010842,Rice,West Bengal,COOCHBEHAR,Autumn,2009,1.438875305623472
RICE_010843,Rice,West Bengal,COOCHBEHAR,Summer,2009,2.8020728008088978
RICE_010844,Rice,West Bengal,COOCHBEHAR,Winter,2009,1.8810666837521566
RICE_010845,Rice,West Bengal,DARJEELING,Autumn,2009,2.1473654550577628
RICE_010846,Rice,West Bengal,DARJEELING,Summer,2009,2.2721814543028684
RICE_010847,Rice,West Bengal,DARJEELING,Winter,2009,2.3633394495412845
RICE_010848,Rice,West Bengal,DINAJPUR DAKSHIN,Autumn,2009,1.683752417794971
RICE_010849,Rice,West Bengal,DINAJPUR DAKSHIN,Summer,2009,2.6774861095362286
RICE_010850,Rice,West Bengal,DINAJPUR DAKSHIN,Winter,2009,2.4049553154595174
RICE_010851,Rice,West Bengal,DINAJPUR UTTAR,Autumn,2009,1.6227106227106227
RICE_010852,Rice,West Bengal,DINAJPUR UTTAR,Summer,2009,2.459325770202699
RICE_010853,Rice,West Bengal,DINAJPUR UTTAR,Winter,2009,2.066072509214942
RICE_010854,Rice,West Bengal,HOOGHLY,Autumn,2009,3.0786911412609737
RICE_010855,Rice,West Bengal,HOOGHLY,Summer,2009,2.94641062016742
RICE_010856,Rice,West Bengal,HOOGHLY,Winter,2009,2.8233989805622937
RICE_010857,Rice,West Bengal,HOWRAH,Autumn,2009,1.2627118644067796
RICE_010858,Rice,West Bengal,HOWRAH,Summer,2009,2.176789299276782
RICE_010859,Rice,West Bengal,HOWRAH,Winter,2009,1.395310560305748
RICE_010860,Rice,West Bengal,JALPAIGURI,Autumn,2009,1.4808858347288791
RICE_010861,Rice,West Bengal,JALPAIGURI,Summer,2009,2.469979067974
RICE_010862,Rice,West Bengal,JALPAIGURI,Winter,2009,1.9409849013839444
RICE_010863,Rice,West Bengal,MALDAH,Autumn,2009,2.0310077519379846
RICE_010864,Rice,West Bengal,MALDAH,Summer,2009,3.295931420841359
RICE_010865,Rice,West Bengal,MALDAH,Winter,2009,2.646521708732434
RICE_010866,Rice,West Bengal,MEDINIPUR EAST,Autumn,2009,1.7862699899149979
RICE_010867,Rice,West Bengal,MEDINIPUR EAST,Summer,2009,2.934339701661678
RICE_010868,Rice,West Bengal,MEDINIPUR EAST,Winter,2009,2.032634950441821
RICE_010869,Rice,West Bengal,MEDINIPUR WEST,Autumn,2009,2.103447097810119
RICE_010870,Rice,West Bengal,MEDINIPUR WEST,Summer,2009,3.1970237638451895
RICE_010871,Rice,West Bengal,MEDINIPUR WEST,Winter,2009,2.4456580466121465
RICE_010872,Rice,West Bengal,MURSHIDABAD,Autumn,2009,2.1164231162427085
RICE_010873,Rice,West Bengal,MURSHIDABAD,Summer,2009,3.1316983660479067
RICE_010874,Rice,West Bengal,MURSHIDABAD,Winter,2009,2.637655220195058
RICE_010875,Rice,West Bengal,NADIA,Autumn,2009,2.270336293691925
RICE_010876,Rice,West Bengal,NADIA,Summer,2009,3.345298401549761
RICE_010877,Rice,West Bengal,NADIA,Winter,2009,2.4621484414661388
RICE_010878,Rice,West Bengal,PURULIA,Autumn,2009,0.8271604938271605
RICE_010879,Rice,West Bengal,PURULIA,Summer,2009,2.125668449197861
RICE_010880,Rice,West Bengal,PURULIA,Winter,2009,2.2551083147559288
RICE_010881,Rice,Andaman and Nicobar Islands,NICOBARS,Autumn,2010,2.857142857142857
RICE_010882,Rice,Andaman and Nicobar Islands,NORTH AND MIDDLE ANDAMAN,Autumn,2010,2.9624503018701223
RICE_010883,Rice,Andaman and Nicobar Islands,SOUTH ANDAMANS,Autumn,2010,2.3741773738639926
RICE_010884,Rice,Andhra Pradesh,ANANTAPUR,Kharif,2010,2.9167357675921424
RICE_010885,Rice,Andhra Pradesh,ANANTAPUR,Rabi,2010,2.794989527952312
RICE_010886,Rice,Andhra Pradesh,CHITTOOR,Kharif,2010,2.9768022642765968
RICE_010887,Rice,Andhra Pradesh,CHITTOOR,Rabi,2010,3.0190091372422976
RICE_010888,Rice,Andhra Pradesh,EAST GODAVARI,Kharif,2010,1.926039387308534
RICE_010889,Rice,Andhra Pradesh,EAST GODAVARI,Rabi,2010,4.915997640090694
RICE_010890,Rice,Andhra Pradesh,GUNTUR,Kharif,2010,2.3970015346476212
RICE_010891,Rice,Andhra Pradesh,GUNTUR,Rabi,2010,3.455996437929204
RICE_010892,Rice,Andhra Pradesh,KADAPA,Kharif,2010,1.511988002624426
RICE_010893,Rice,Andhra Pradesh,KADAPA,Rabi,2010,2.869988847801843
RICE_010894,Rice,Andhra Pradesh,KRISHNA,Kharif,2010,2.7769464182830803
RICE_010895,Rice,Andhra Pradesh,KRISHNA,Rabi,2010,3.8709983051025887
RICE_010896,Rice,Andhra Pradesh,KURNOOL,Kharif,2010,2.7996830275669966
RICE_010897,Rice,Andhra Pradesh,KURNOOL,Rabi,2010,3.2039918706585375
RICE_010898,Rice,Andhra Pradesh,PRAKASAM,Kharif,2010,2.931789353083187
RICE_010899,Rice,Andhra Pradesh,PRAKASAM,Rabi,2010,3.486001315996775
RICE_010900,Rice,Andhra Pradesh,SPSR NELLORE,Kharif,2010,3.270004150387131
RICE_010901,Rice,Andhra Pradesh,SPSR NELLORE,Rabi,2010,3.865998308373551
RICE_010902,Rice,Andhra Pradesh,SRIKAKULAM,Kharif,2010,0.8135999961137317
RICE_010903,Rice,Andhra Pradesh,SRIKAKULAM,Rabi,2010,2.36996336996337
RICE_010904,Rice,Andhra Pradesh,VISAKHAPATANAM,Kharif,2010,1.7443081358975057
RICE_010905,Rice,Andhra Pradesh,VISAKHAPATANAM,Rabi,2010,1.292068300743597
RICE_010906,Rice,Andhra Pradesh,VIZIANAGARAM,Kharif,2010,2.575128672103888
RICE_010907,Rice,Andhra Pradesh,VIZIANAGARAM,Rabi,2010,3.2329749103942653
RICE_010908,Rice,Andhra Pradesh,WEST GODAVARI,Kharif,2010,2.181559807454313
RICE_010909,Rice,Andhra Pradesh,WEST GODAVARI,Rabi,2010,4.6489975994290536
RICE_010910,Rice,Arunachal Pradesh,ANJAW,Kharif,2010,0.9194732843757913
RICE_010911,Rice,Arunachal Pradesh,CHANGLANG,Kharif,2010,1.9055816379760042
RICE_010912,Rice,Arunachal Pradesh,DIBANG VALLEY,Kharif,2010,0.8
RICE_010913,Rice,Arunachal Pradesh,EAST KAMENG,Kharif,2010,0.868271440667715
RICE_010914,Rice,Arunachal Pradesh,EAST SIANG,Kharif,2010,1.592323445861135
RICE_010915,Rice,Arunachal Pradesh,KURUNG KUMEY,Kharif,2010,1.3175
RICE_010916,Rice,Arunachal Pradesh,LOHIT,Kharif,2010,1.738716320576626
RICE_010917,Rice,Arunachal Pradesh,LOWER DIBANG VALLEY,Kharif,2010,1.2307692307692308
RICE_010918,Rice,Arunachal Pradesh,LOWER SUBANSIRI,Kharif,2010,1.3065603923973024
RICE_010919,Rice,Arunachal Pradesh,PAPUM PARE,Kharif,2010,1.6166464824397226
RICE_010920,Rice,Arunachal Pradesh,TAWANG,Kharif,2010,1.0392156862745099
RICE_010921,Rice,Arunachal Pradesh,TIRAP,Kharif,2010,0.8142742902838864
RICE_010922,Rice,Arunachal Pradesh,UPPER SIANG,Kharif,2010,1.1686037735849057
RICE_010923,Rice,Arunachal Pradesh,UPPER SUBANSIRI,Kharif,2010,1.3626769009354762
RICE_010924,Rice,Arunachal Pradesh,WEST KAMENG,Kharif,2010,0.9226327944572749
RICE_010925,Rice,Arunachal Pradesh,WEST SIANG,Kharif,2010,0.8974471130905042
RICE_010926,Rice,Assam,BAKSA,Autumn,2010,1.1666666666666667
RICE_010927,Rice,Assam,BAKSA,Summer,2010,2.191666666666667
RICE_010928,Rice,Assam,BAKSA,Winter,2010,1.5946321642429426
RICE_010929,Rice,Assam,BARPETA,Autumn,2010,0.850311902605896
RICE_010930,Rice,Assam,BARPETA,Summer,2010,2.5487097962428025
RICE_010931,Rice,Assam,BARPETA,Winter,2010,2.002002526677956
RICE_010932,Rice,Assam,BONGAIGAON,Autumn,2010,0.7945731631768058
RICE_010933,Rice,Assam,BONGAIGAON,Summer,2010,3.2868913857677904
RICE_010934,Rice,Assam,BONGAIGAON,Winter,2010,1.512698959949434
RICE_010935,Rice,Assam,CACHAR,Autumn,2010,1.924512501495394
RICE_010936,Rice,Assam,CACHAR,Summer,2010,1.9405346426623022
RICE_010937,Rice,Assam,CACHAR,Winter,2010,2.1933684257884556
RICE_010938,Rice,Assam,CHIRANG,Autumn,2010,1.0255659640905543
RICE_010939,Rice,Assam,CHIRANG,Summer,2010,2.475189725627554
RICE_010940,Rice,Assam,CHIRANG,Winter,2010,1.6083379966424174
RICE_010941,Rice,Assam,DARRANG,Autumn,2010,1.3910046181647815
RICE_010942,Rice,Assam,DARRANG,Summer,2010,2.699
RICE_010943,Rice,Assam,DARRANG,Winter,2010,2.246008914100486
RICE_010944,Rice,Assam,DHEMAJI,Autumn,2010,0.7811553561413348
RICE_010945,Rice,Assam,DHEMAJI,Summer,2010,1.4114285714285715
RICE_010946,Rice,Assam,DHEMAJI,Winter,2010,1.3453276212784318
RICE_010947,Rice,Assam,DHUBRI,Autumn,2010,0.6181891025641025
RICE_010948,Rice,Assam,DHUBRI,Summer,2010,3.1893726937269373
RICE_010949,Rice,Assam,DHUBRI,Winter,2010,1.4988367525757622
RICE_010950,Rice,Assam,DIBRUGARH,Autumn,2010,1.1568627450980393
RICE_010951,Rice,Assam,DIBRUGARH,Summer,2010,2.573529411764706
RICE_010952,Rice,Assam,DIBRUGARH,Winter,2010,2.1420002900117323
RICE_010953,Rice,Assam,DIMA HASAO,Autumn,2010,1.6179547228727558
RICE_010954,Rice,Assam,DIMA HASAO,Summer,2010,2.5714285714285716
RICE_010955,Rice,Assam,DIMA HASAO,Winter,2010,1.27605346624377
RICE_010956,Rice,Assam,GOALPARA,Autumn,2010,1.21697932618683
RICE_010957,Rice,Assam,GOALPARA,Summer,2010,2.7909802642309574
RICE_010958,Rice,Assam,GOALPARA,Winter,2010,2.401997218012332
RICE_010959,Rice,Assam,GOLAGHAT,Autumn,2010,1.954732510288066
RICE_010960,Rice,Assam,GOLAGHAT,Summer,2010,1.9740689655172414
RICE_010961,Rice,Assam,GOLAGHAT,Winter,2010,2.265271602551711
RICE_010962,Rice,Assam,HAILAKANDI,Autumn,2010,2.125083166999335
RICE_010963,Rice,Assam,HAILAKANDI,Summer,2010,1.8701234567901235
RICE_010964,Rice,Assam,HAILAKANDI,Winter,2010,2.317986898529373
RICE_010965,Rice,Assam,JORHAT,Autumn,2010,0.955860423501342
RICE_010966,Rice,Assam,JORHAT,Summer,2010,0.9309006211180124
RICE_010967,Rice,Assam,JORHAT,Winter,2010,2.0453637393833897
RICE_010968,Rice,Assam,KAMRUP,Autumn,2010,1.6417356551527262
RICE_010969,Rice,Assam,KAMRUP,Summer,2010,2.741419679058877
RICE_010970,Rice,Assam,KAMRUP,Winter,2010,2.311187159037214
RICE_010971,Rice,Assam,KAMRUP METRO,Autumn,2010,1.975
RICE_010972,Rice,Assam,KAMRUP METRO,Summer,2010,2.472942643391521
RICE_010973,Rice,Assam,KAMRUP METRO,Winter,2010,2.4049918288515824
RICE_010974,Rice,Assam,KARBI ANGLONG,Autumn,2010,1.4398143935947594
RICE_010975,Rice,Assam,KARBI ANGLONG,Summer,2010,2.577259475218659
RICE_010976,Rice,Assam,KARBI ANGLONG,Winter,2010,1.9125792783787847
RICE_010977,Rice,Assam,KARIMGANJ,Autumn,2010,1.7029880925634688
RICE_010978,Rice,Assam,KARIMGANJ,Summer,2010,2.0359531772575252
RICE_010979,Rice,Assam,KARIMGANJ,Winter,2010,2.0719953122278003
RICE_010980,Rice,Assam,KOKRAJHAR,Autumn,2010,1.1718769006203624
RICE_010981,Rice,Assam,KOKRAJHAR,Summer,2010,2.2119365225390983
RICE_010982,Rice,Assam,KOKRAJHAR,Winter,2010,1.8609131932074576
RICE_010983,Rice,Assam,LAKHIMPUR,Autumn,2010,0.7148550491740052
RICE_010984,Rice,Assam,LAKHIMPUR,Summer,2010,1.056791604197901
RICE_010985,Rice,Assam,LAKHIMPUR,Winter,2010,2.0093325948490723
RICE_010986,Rice,Assam,MARIGAON,Autumn,2010,0.5959843290891284
RICE_010987,Rice,Assam,MARIGAON,Summer,2010,2.4570107019771448
RICE_010988,Rice,Assam,MARIGAON,Winter,2010,1.9200009566402794
RICE_010989,Rice,Assam,NAGAON,Autumn,2010,1.5183380193689473
RICE_010990,Rice,Assam,NAGAON,Summer,2010,2.68515649867374
RICE_010991,Rice,Assam,NAGAON,Winter,2010,1.6686911756199543
RICE_010992,Rice,Assam,NALBARI,Autumn,2010,0.9360953683799101
RICE_010993,Rice,Assam,NALBARI,Summer,2010,2.666043165467626
RICE_010994,Rice,Assam,NALBARI,Winter,2010,2.2439984381101135
RICE_010995,Rice,Assam,SIVASAGAR,Autumn,2010,1.0353535353535352
RICE_010996,Rice,Assam,SIVASAGAR,Summer,2010,2.5849056603773586
RICE_010997,Rice,Assam,SIVASAGAR,Winter,2010,2.3908767096753367
RICE_010998,Rice,Assam,SONITPUR,Autumn,2010,1.160882307573654
RICE_010999,Rice,Assam,SONITPUR,Summer,2010,3.0938742172610945
RICE_011000,Rice,Assam,SONITPUR,Winter,2010,2.1991321040829823
RICE_011001,Rice,Assam,TINSUKIA,Autumn,2010,1.998884995221408
RICE_011002,Rice,Assam,TINSUKIA,Summer,2010,2.5774647887323945
RICE_011003,Rice,Assam,TINSUKIA,Winter,2010,1.987680376108852
RICE_011004,Rice,Assam,UDALGURI,Autumn,2010,0.8666902279554691
RICE_011005,Rice,Assam,UDALGURI,Summer,2010,1.618506175259753
RICE_011006,Rice,Assam,UDALGURI,Winter,2010,1.4558435637760918
RICE_011007,Rice,Bihar,ARARIA,Autumn,2010,1.2744001978728667
RICE_011008,Rice,Bihar,ARARIA,Summer,2010,1.9581644359464627
RICE_011009,Rice,Bihar,ARARIA,Winter,2010,0.9913391893974418
RICE_011010,Rice,Bihar,ARWAL,Winter,2010,1.7850525254874599
RICE_011011,Rice,Bihar,AURANGABAD,Winter,2010,1.416839759659385
RICE_011012,Rice,Bihar,BANKA,Winter,2010,1.9948359735561931
RICE_011013,Rice,Bihar,BEGUSARAI,Autumn,2010,0.466324200913242
RICE_011014,Rice,Bihar,BEGUSARAI,Summer,2010,1.9271028037383178
RICE_011015,Rice,Bihar,BEGUSARAI,Winter,2010,0.27658872077028884
RICE_011016,Rice,Bihar,BHAGALPUR,Autumn,2010,0.8725738396624473
RICE_011017,Rice,Bihar,BHAGALPUR,Summer,2010,1.9223602484472049
RICE_011018,Rice,Bihar,BHAGALPUR,Winter,2010,0.9496685573703273
RICE_011019,Rice,Bihar,BHOJPUR,Autumn,2010,0.8941908713692946
RICE_011020,Rice,Bihar,BHOJPUR,Summer,2010,1.894736842105263
RICE_011021,Rice,Bihar,BHOJPUR,Winter,2010,2.0396781170603626
RICE_011022,Rice,Bihar,BUXAR,Winter,2010,1.7511329581170967
RICE_011023,Rice,Bihar,DARBHANGA,Autumn,2010,0.9987549347099909
RICE_011024,Rice,Bihar,DARBHANGA,Summer,2010,1.6482520500647388
RICE_011025,Rice,Bihar,DARBHANGA,Winter,2010,0.8915926115479459
RICE_011026,Rice,Bihar,GAYA,Autumn,2010,0.9642857142857143
RICE_011027,Rice,Bihar,GAYA,Summer,2010,1.8666666666666667
RICE_011028,Rice,Bihar,GAYA,Winter,2010,1.0907023904627298
RICE_011029,Rice,Bihar,GOPALGANJ,Autumn,2010,1.0064917326820175
RICE_011030,Rice,Bihar,GOPALGANJ,Winter,2010,0.8145883961117861
RICE_011031,Rice,Bihar,JAMUI,Autumn,2010,1.0833333333333333
RICE_011032,Rice,Bihar,JAMUI,Winter,2010,0.41827541827541825
RICE_011033,Rice,Bihar,JEHANABAD,Winter,2010,1.309946096331073
RICE_011034,Rice,Bihar,KAIMUR (BHABUA),Autumn,2010,1.0375586854460095
RICE_011035,Rice,Bihar,KAIMUR (BHABUA),Winter,2010,1.8074671344633724
RICE_011036,Rice,Bihar,KATIHAR,Autumn,2010,1.1378730186841406
RICE_011037,Rice,Bihar,KATIHAR,Summer,2010,2.044688492885758
RICE_011038,Rice,Bihar,KATIHAR,Winter,2010,1.4093918004608126
RICE_011039,Rice,Bihar,KHAGARIA,Autumn,2010,0.8004637925582376
RICE_011040,Rice,Bihar,KHAGARIA,Summer,2010,1.8904109589041096
RICE_011041,Rice,Bihar,KHAGARIA,Winter,2010,0.3771451376879074
RICE_011042,Rice,Bihar,KISHANGANJ,Autumn,2010,0.5258913412563667
RICE_011043,Rice,Bihar,KISHANGANJ,Summer,2010,1.9044222539229672
RICE_011044,Rice,Bihar,KISHANGANJ,Winter,2010,0.8898664522334169
RICE_011045,Rice,Bihar,LAKHISARAI,Winter,2010,0.4435831180017227
RICE_011046,Rice,Bihar,MADHEPURA,Autumn,2010,1.1103395515800625
RICE_011047,Rice,Bihar,MADHEPURA,Summer,2010,1.7621052631578948
RICE_011048,Rice,Bihar,MADHEPURA,Winter,2010,0.7037600081078342
RICE_011049,Rice,Bihar,MADHUBANI,Autumn,2010,0.6587006633109094
RICE_011050,Rice,Bihar,MADHUBANI,Summer,2010,1.822572931611669
RICE_011051,Rice,Bihar,MADHUBANI,Winter,2010,0.5148171734075796
RICE_011052,Rice,Bihar,MUNGER,Summer,2010,1.9101123595505618
RICE_011053,Rice,Bihar,MUNGER,Winter,2010,0.4478331276989513
RICE_011054,Rice,Bihar,MUZAFFARPUR,Autumn,2010,0.7012517055229281
RICE_011055,Rice,Bihar,MUZAFFARPUR,Summer,2010,1.6884615384615385
RICE_011056,Rice,Bihar,MUZAFFARPUR,Winter,2010,0.46831266134824046
RICE_011057,Rice,Bihar,NALANDA,Summer,2010,1.9444444444444444
RICE_011058,Rice,Bihar,NALANDA,Winter,2010,1.0841003877954196
RICE_011059,Rice,Bihar,NAWADA,Winter,2010,1.0350355759704584
RICE_011060,Rice,Bihar,PASHCHIM CHAMPARAN,Autumn,2010,1.1347886863159147
RICE_011061,Rice,Bihar,PASHCHIM CHAMPARAN,Summer,2010,1.7654270535349408
RICE_011062,Rice,Bihar,PASHCHIM CHAMPARAN,Winter,2010,1.2585844729283662
RICE_011063,Rice,Bihar,PATNA,Autumn,2010,1.0298507462686568
RICE_011064,Rice,Bihar,PATNA,Winter,2010,1.2853781512605043
RICE_011065,Rice,Bihar,PURBI CHAMPARAN,Autumn,2010,0.6243995760903973
RICE_011066,Rice,Bihar,PURBI CHAMPARAN,Summer,2010,1.6896551724137931
RICE_011067,Rice,Bihar,PURBI CHAMPARAN,Winter,2010,0.6197623409583677
RICE_011068,Rice,Bihar,PURNIA,Autumn,2010,1.5990976263650036
RICE_011069,Rice,Bihar,PURNIA,Summer,2010,1.858034321372855
RICE_011070,Rice,Bihar,PURNIA,Winter,2010,1.102624510436518
RICE_011071,Rice,Bihar,ROHTAS,Autumn,2010,0.9813084112149533
RICE_011072,Rice,Bihar,ROHTAS,Summer,2010,1.9
RICE_011073,Rice,Bihar,ROHTAS,Winter,2010,1.6535314869023494
RICE_011074,Rice,Bihar,SAHARSA,Autumn,2010,1.306033483281547
RICE_011075,Rice,Bihar,SAHARSA,Summer,2010,1.8011472275334608
RICE_011076,Rice,Bihar,SAHARSA,Winter,2010,0.9938949222189609
RICE_011077,Rice,Bihar,SAMASTIPUR,Autumn,2010,0.701779278640143
RICE_011078,Rice,Bihar,SAMASTIPUR,Summer,2010,0.8656215005599104
RICE_011079,Rice,Bihar,SAMASTIPUR,Winter,2010,0.4120874918741157
RICE_011080,Rice,Bihar,SARAN,Autumn,2010,1.090940054495913
RICE_011081,Rice,Bihar,SARAN,Summer,2010,1.944055944055944
RICE_011082,Rice,Bihar,SARAN,Winter,2010,1.264848596523555
RICE_011083,Rice,Bihar,SHEIKHPURA,Winter,2010,0.4748193315266486
RICE_011084,Rice,Bihar,SHEOHAR,Autumn,2010,0.5051903114186851
RICE_011085,Rice,Bihar,SHEOHAR,Winter,2010,0.1902241131944788
RICE_011086,Rice,Bihar,SITAMARHI,Autumn,2010,0.49804802592810843
RICE_011087,Rice,Bihar,SITAMARHI,Summer,2010,2.2222222222222223
RICE_011088,Rice,Bihar,SITAMARHI,Winter,2010,0.3014164517696304
RICE_011089,Rice,Bihar,SIWAN,Autumn,2010,0.7779546902010736
RICE_011090,Rice,Bihar,SIWAN,Winter,2010,0.9427931565075641
RICE_011091,Rice,Bihar,SUPAUL,Autumn,2010,1.410380123551427
RICE_011092,Rice,Bihar,SUPAUL,Summer,2010,1.9567462879276953
RICE_011093,Rice,Bihar,SUPAUL,Winter,2010,1.139440818628636
RICE_011094,Rice,Bihar,VAISHALI,Autumn,2010,0.556989247311828
RICE_011095,Rice,Bihar,VAISHALI,Summer,2010,1.6878980891719746
RICE_011096,Rice,Bihar,VAISHALI,Winter,2010,0.6823639153853098
RICE_011097,Rice,Chandigarh,CHANDIGARH,Kharif,2010,5.15
RICE_011098,Rice,Chhattisgarh,BASTAR,Kharif,2010,1.6772191030011363
RICE_011099,Rice,Chhattisgarh,BIJAPUR,Kharif,2010,2.130350944851523
RICE_011100,Rice,Chhattisgarh,BILASPUR,Kharif,2010,1.6762184876502886
RICE_011101,Rice,Chhattisgarh,DANTEWADA,Kharif,2010,1.8963212401390512
RICE_011102,Rice,Chhattisgarh,DHAMTARI,Kharif,2010,2.3400728435640046
RICE_011103,Rice,Chhattisgarh,DURG,Kharif,2010,1.8281492446227658
RICE_011104,Rice,Chhattisgarh,JANJGIR-CHAMPA,Kharif,2010,2.5880727535344494
RICE_011105,Rice,Chhattisgarh,JASHPUR,Kharif,2010,1.3786635600494979
RICE_011106,Rice,Chhattisgarh,KABIRDHAM,Kharif,2010,1.5772673623079414
RICE_011107,Rice,Chhattisgarh,KANKER,Kharif,2010,2.2219175557040485
RICE_011108,Rice,Chhattisgarh,KORBA,Kharif,2010,1.1950699131008085
RICE_011109,Rice,Chhattisgarh,KOREA,Kharif,2010,1.088835516524968
RICE_011110,Rice,Chhattisgarh,MAHASAMUND,Kharif,2010,1.8245919216609556
RICE_011111,Rice,Chhattisgarh,NARAYANPUR,Kharif,2010,1.7238025203061804
RICE_011112,Rice,Chhattisgarh,RAIGARH,Kharif,2010,1.400452601627369
RICE_011113,Rice,Chhattisgarh,RAIPUR,Kharif,2010,1.412901925947634
RICE_011114,Rice,Chhattisgarh,RAJNANDGAON,Kharif,2010,1.5982136349722316
RICE_011115,Rice,Chhattisgarh,SURGUJA,Kharif,2010,1.0683014109242643
RICE_011116,Rice,Dadra and Nagar Haveli,DADRA AND NAGAR HAVELI,Kharif,2010,1.9229941291585126
RICE_011117,Rice,Dadra and Nagar Haveli,DADRA AND NAGAR HAVELI,Rabi,2010,2.0448275862068965
RICE_011118,Rice,Goa,NORTH GOA,Kharif,2010,2.4197759038928037
RICE_011119,Rice,Goa,NORTH GOA,Rabi,2010,2.655266272189349
RICE_011120,Rice,Goa,SOUTH GOA,Kharif,2010,2.27699354257396
RICE_011121,Rice,Goa,SOUTH GOA,Rabi,2010,2.70066401062417
RICE_011122,Rice,Gujarat,AHMADABAD,Kharif,2010,2.643478260869565
RICE_011123,Rice,Gujarat,AHMADABAD,Summer,2010,3.67
RICE_011124,Rice,Gujarat,ANAND,Kharif,2010,2.111744583808438
RICE_011125,Rice,Gujarat,ANAND,Summer,2010,2.7333333333333334
RICE_011126,Rice,Gujarat,BHARUCH,Kharif,2010,1.6842105263157894
RICE_011127,Rice,Gujarat,BHARUCH,Summer,2010,3.0555555555555554
RICE_011128,Rice,Gujarat,DANG,Kharif,2010,1.3
RICE_011129,Rice,Gujarat,DOHAD,Kharif,2010,0.8938547486033519
RICE_011130,Rice,Gujarat,GANDHINAGAR,Kharif,2010,2.30625
RICE_011131,Rice,Gujarat,KHEDA,Kharif,2010,2.411225658648339
RICE_011132,Rice,Gujarat,KHEDA,Summer,2010,2.5544554455445545
RICE_011133,Rice,Gujarat,MAHESANA,Kharif,2010,2.1219512195121952
RICE_011134,Rice,Gujarat,NARMADA,Kharif,2010,0.875
RICE_011135,Rice,Gujarat,NAVSARI,Kharif,2010,2.57667731629393
RICE_011136,Rice,Gujarat,NAVSARI,Summer,2010,3.0240963855421685
RICE_011137,Rice,Gujarat,PANCH MAHALS,Kharif,2010,0.8465909090909091
RICE_011138,Rice,Gujarat,PANCH MAHALS,Summer,2010,2.8
RICE_011139,Rice,Gujarat,SABAR KANTHA,Kharif,2010,2.142857142857143
RICE_011140,Rice,Gujarat,SURAT,Kharif,2010,2.042833607907743
RICE_011141,Rice,Gujarat,SURAT,Summer,2010,2.9894179894179893
RICE_011142,Rice,Gujarat,TAPI,Kharif,2010,2.031073446327684
RICE_011143,Rice,Gujarat,TAPI,Summer,2010,3.0384615384615383
RICE_011144,Rice,Gujarat,VADODARA,Kharif,2010,1.2359346642468239
RICE_011145,Rice,Gujarat,VALSAD,Kharif,2010,2.0170648464163823
RICE_011146,Rice,Gujarat,VALSAD,Summer,2010,3.031578947368421
RICE_011147,Rice,Haryana,AMBALA,Kharif,2010,3.4445272325300174
RICE_011148,Rice,Haryana,BHIWANI,Kharif,2010,2.0643708360701885
RICE_011149,Rice,Haryana,FARIDABAD,Kharif,2010,1.8848167539267016
RICE_011150,Rice,Haryana,FATEHABAD,Kharif,2010,3.9735099337748343
RICE_011151,Rice,Haryana,GURGAON,Kharif,2010,2.7179188507086
RICE_011152,Rice,Haryana,HISAR,Kharif,2010,2.5260993002928487
RICE_011153,Rice,Haryana,JHAJJAR,Kharif,2010,1.9990971819178436
RICE_011154,Rice,Haryana,JIND,Kharif,2010,2.493787483645496
RICE_011155,Rice,Haryana,KAITHAL,Kharif,2010,2.7478241140473054
RICE_011156,Rice,Haryana,KARNAL,Kharif,2010,2.6693997614332536
RICE_011157,Rice,Haryana,KURUKSHETRA,Kharif,2010,3.1974487197682477
RICE_011158,Rice,Haryana,MEWAT,Kharif,2010,2.7521450542334467
RICE_011159,Rice,Haryana,PALWAL,Kharif,2010,2.7517387360145147
RICE_011160,Rice,Haryana,PANCHKULA,Kharif,2010,3.3076074972436604
RICE_011161,Rice,Haryana,PANIPAT,Kharif,2010,2.2625316949483127
RICE_011162,Rice,Haryana,REWARI,Kharif,2010,2.9133284777858703
RICE_011163,Rice,Haryana,ROHTAK,Kharif,2010,1.4997458057956279
RICE_011164,Rice,Haryana,SIRSA,Kharif,2010,3.1773447174607314
RICE_011165,Rice,Haryana,SONIPAT,Kharif,2010,2.1546207014250363
RICE_011166,Rice,Haryana,YAMUNANAGAR,Kharif,2010,3.2717423368821903
RICE_011167,Rice,Himachal Pradesh,BILASPUR,Kharif,2010,1.9194805194805196
RICE_011168,Rice,Himachal Pradesh,CHAMBA,Kharif,2010,1.6448944666286367
RICE_011169,Rice,Himachal Pradesh,HAMIRPUR,Kharif,2010,1.5041928721174005
RICE_011170,Rice,Himachal Pradesh,KANGRA,Kharif,2010,1.574246895854936
RICE_011171,Rice,Himachal Pradesh,KINNAUR,Kharif,2010,1.6666666666666667
RICE_011172,Rice,Himachal Pradesh,KULLU,Kharif,2010,1.2018469656992083
RICE_011173,Rice,Himachal Pradesh,MANDI,Kharif,2010,1.5670653457214723
RICE_011174,Rice,Himachal Pradesh,SHIMLA,Kharif,2010,1.0772626931567328
RICE_011175,Rice,Himachal Pradesh,SIRMAUR,Kharif,2010,2.262142273098937
RICE_011176,Rice,Himachal Pradesh,SOLAN,Kharif,2010,2.4670487106017194
RICE_011177,Rice,Himachal Pradesh,UNA,Kharif,2010,2.749869723814487
RICE_011178,Rice,Karnataka,BAGALKOT,Kharif,2010,3.206611570247934
RICE_011179,Rice,Karnataka,BAGALKOT,Summer,2010,3.217391304347826
RICE_011180,Rice,Karnataka,BANGALORE RURAL,Kharif,2010,2.930111038536904
RICE_011181,Rice,Karnataka,BANGALORE RURAL,Summer,2010,3.232258064516129
RICE_011182,Rice,Karnataka,BELGAUM,Kharif,2010,2.0364572665827896
RICE_011183,Rice,Karnataka,BELGAUM,Summer,2010,3.234782608695652
RICE_011184,Rice,Karnataka,BELLARY,Kharif,2010,3.821844840595052
RICE_011185,Rice,Karnataka,BELLARY,Rabi,2010,4.45925925925926
RICE_011186,Rice,Karnataka,BELLARY,Summer,2010,3.49601149838304
RICE_011187,Rice,Karnataka,BENGALURU URBAN,Kharif,2010,2.848160535117057
RICE_011188,Rice,Karnataka,BENGALURU URBAN,Summer,2010,3.2325
RICE_011189,Rice,Karnataka,BIDAR,Kharif,2010,0.97747107773493
RICE_011190,Rice,Karnataka,BIJAPUR,Kharif,2010,3.211267605633803
RICE_011191,Rice,Karnataka,CHAMARAJANAGAR,Kharif,2010,2.884203398177789
RICE_011192,Rice,Karnataka,CHAMARAJANAGAR,Rabi,2010,2.8219178082191783
RICE_011193,Rice,Karnataka,CHAMARAJANAGAR,Summer,2010,3.120884289746002
RICE_011194,Rice,Karnataka,CHIKBALLAPUR,Kharif,2010,3.2832247310198515
RICE_011195,Rice,Karnataka,CHIKBALLAPUR,Rabi,2010,2.379220779220779
RICE_011196,Rice,Karnataka,CHIKBALLAPUR,Summer,2010,2.6715481171548117
RICE_011197,Rice,Karnataka,CHIKMAGALUR,Kharif,2010,2.7441447660371776
RICE_011198,Rice,Karnataka,CHIKMAGALUR,Summer,2010,2.218374356038924
RICE_011199,Rice,Karnataka,CHITRADURGA,Kharif,2010,2.3497040674977963
RICE_011200,Rice,Karnataka,CHITRADURGA,Rabi,2010,2.2025183630640086
RICE_011201,Rice,Karnataka,CHITRADURGA,Summer,2010,2.297190344281757
RICE_011202,Rice,Karnataka,DAKSHIN KANNAD,Kharif,2010,2.4763330041964946
RICE_011203,Rice,Karnataka,DAKSHIN KANNAD,Rabi,2010,2.2566962158040225
RICE_011204,Rice,Karnataka,DAKSHIN KANNAD,Summer,2010,2.2968624296057922
RICE_011205,Rice,Karnataka,DAVANGERE,Kharif,2010,3.5551593024780384
RICE_011206,Rice,Karnataka,DAVANGERE,Summer,2010,3.9178011893621516
RICE_011207,Rice,Karnataka,DHARWAD,Kharif,2010,1.2072020372296546
RICE_011208,Rice,Karnataka,DHARWAD,Summer,2010,3.2344322344322345
RICE_011209,Rice,Karnataka,GADAG,Kharif,2010,2.2127167630057802
RICE_011210,Rice,Karnataka,GADAG,Summer,2010,3.1635135135135135
RICE_011211,Rice,Karnataka,GULBARGA,Kharif,2010,1.5898450379162545
RICE_011212,Rice,Karnataka,GULBARGA,Rabi,2010,3.0427631578947367
RICE_011213,Rice,Karnataka,GULBARGA,Summer,2010,3.2330743618202
RICE_011214,Rice,Karnataka,HASSAN,Kharif,2010,2.9443621629174235
RICE_011215,Rice,Karnataka,HASSAN,Rabi,2010,2.688507877664504
RICE_011216,Rice,Karnataka,HASSAN,Summer,2010,2.5849129593810445
RICE_011217,Rice,Karnataka,HAVERI,Kharif,2010,1.9850431149435506
RICE_011218,Rice,Karnataka,HAVERI,Summer,2010,3.0067442252571235
RICE_011219,Rice,Karnataka,KODAGU,Kharif,2010,2.526281488198124
RICE_011220,Rice,Karnataka,KODAGU,Rabi,2010,2.4
RICE_011221,Rice,Karnataka,KODAGU,Summer,2010,2.85
RICE_011222,Rice,Karnataka,KOLAR,Kharif,2010,2.1602334527125615
RICE_011223,Rice,Karnataka,KOLAR,Summer,2010,1.6651960784313726
RICE_011224,Rice,Karnataka,KOPPAL,Kharif,2010,4.142483343428225
RICE_011225,Rice,Karnataka,KOPPAL,Summer,2010,4.145798855096449
RICE_011226,Rice,Karnataka,MANDYA,Kharif,2010,3.710428137069603
RICE_011227,Rice,Karnataka,MANDYA,Summer,2010,3.5919676686031825
RICE_011228,Rice,Karnataka,MYSORE,Kharif,2010,3.1701509653888817
RICE_011229,Rice,Karnataka,MYSORE,Summer,2010,3.0314236853356133
RICE_011230,Rice,Karnataka,RAICHUR,Kharif,2010,3.0861242110930536
RICE_011231,Rice,Karnataka,RAICHUR,Summer,2010,2.8528451899703193
RICE_011232,Rice,Karnataka,RAMANAGARA,Kharif,2010,2.510654490106545
RICE_011233,Rice,Karnataka,RAMANAGARA,Summer,2010,2.960950764006791
RICE_011234,Rice,Karnataka,SHIMOGA,Kharif,2010,2.725746549783281
RICE_011235,Rice,Karnataka,SHIMOGA,Summer,2010,3.4637037037037035
RICE_011236,Rice,Karnataka,TUMKUR,Kharif,2010,2.778128418749474
RICE_011237,Rice,Karnataka,TUMKUR,Rabi,2010,3.0824295010845986
RICE_011238,Rice,Karnataka,TUMKUR,Summer,2010,3.013431249396077
RICE_011239,Rice,Karnataka,UDUPI,Kharif,2010,2.586906779661017
RICE_011240,Rice,Karnataka,UDUPI,Rabi,2010,2.179692718770875
RICE_011241,Rice,Karnataka,UDUPI,Summer,2010,2.4177215189873418
RICE_011242,Rice,Karnataka,UTTAR KANNAD,Kharif,2010,1.907364932051707
RICE_011243,Rice,Karnataka,UTTAR KANNAD,Rabi,2010,2.1905697445972496
RICE_011244,Rice,Karnataka,UTTAR KANNAD,Summer,2010,2.0134788189987165
RICE_011245,Rice,Karnataka,YADGIR,Kharif,2010,2.026015673921706
RICE_011246,Rice,Karnataka,YADGIR,Rabi,2010,2.3198863636363636
RICE_011247,Rice,Karnataka,YADGIR,Summer,2010,2.0539037216828477
RICE_011248,Rice,Kerala,ALAPPUZHA,Autumn,2010,2.2838896643632207
RICE_011249,Rice,Kerala,ALAPPUZHA,Summer,2010,2.5603655373143517
RICE_011250,Rice,Kerala,ALAPPUZHA,Winter,2010,2.386383370201154
RICE_011251,Rice,Kerala,ERNAKULAM,Autumn,2010,1.902214748291531
RICE_011252,Rice,Kerala,ERNAKULAM,Summer,2010,1.9448256121572742
RICE_011253,Rice,Kerala,ERNAKULAM,Winter,2010,2.0406145411235537
RICE_011254,Rice,Kerala,IDUKKI,Autumn,2010,2.589988764850716
RICE_011255,Rice,Kerala,IDUKKI,Summer,2010,2.638642131979696
RICE_011256,Rice,Kerala,IDUKKI,Winter,2010,2.6082344967807525
RICE_011257,Rice,Kerala,KANNUR,Autumn,2010,2.140087159522882
RICE_011258,Rice,Kerala,KANNUR,Summer,2010,2.247604873965212
RICE_011259,Rice,Kerala,KANNUR,Winter,2010,2.055668876423593
RICE_011260,Rice,Kerala,KASARAGOD,Autumn,2010,2.550059326004055
RICE_011261,Rice,Kerala,KASARAGOD,Summer,2010,2.3574050816346244
RICE_011262,Rice,Kerala,KASARAGOD,Winter,2010,2.0817969109160894
RICE_011263,Rice,Kerala,KOLLAM,Autumn,2010,2.247605064767379
RICE_011264,Rice,Kerala,KOLLAM,Summer,2010,1.6968230330106726
RICE_011265,Rice,Kerala,KOLLAM,Winter,2010,2.1122808695236395
RICE_011266,Rice,Kerala,KOTTAYAM,Autumn,2010,2.940346587206876
RICE_011267,Rice,Kerala,KOTTAYAM,Summer,2010,2.756856586889113
RICE_011268,Rice,Kerala,KOTTAYAM,Winter,2010,2.2583977814233265
RICE_011269,Rice,Kerala,KOZHIKODE,Autumn,2010,1.2657366923450621
RICE_011270,Rice,Kerala,KOZHIKODE,Summer,2010,2.0205487517663685
RICE_011271,Rice,Kerala,KOZHIKODE,Winter,2010,1.1074643636967265
RICE_011272,Rice,Kerala,MALAPPURAM,Autumn,2010,2.1104137759930897
RICE_011273,Rice,Kerala,MALAPPURAM,Summer,2010,3.3587356815254963
RICE_011274,Rice,Kerala,MALAPPURAM,Winter,2010,2.1058639836867115
RICE_011275,Rice,Kerala,PALAKKAD,Autumn,2010,2.484753641818287
RICE_011276,Rice,Kerala,PALAKKAD,Summer,2010,2.7821938632635916
RICE_011277,Rice,Kerala,PALAKKAD,Winter,2010,2.4634332961677132
RICE_011278,Rice,Kerala,PATHANAMTHITTA,Autumn,2010,2.1791044776119404
RICE_011279,Rice,Kerala,PATHANAMTHITTA,Summer,2010,2.2100640913155014
RICE_011280,Rice,Kerala,PATHANAMTHITTA,Winter,2010,2.276172420258755
RICE_011281,Rice,Kerala,THIRUVANANTHAPURAM,Autumn,2010,2.4069332797427654
RICE_011282,Rice,Kerala,THIRUVANANTHAPURAM,Summer,2010,2.0918165165052898
RICE_011283,Rice,Kerala,THIRUVANANTHAPURAM,Winter,2010,2.391148975839656
RICE_011284,Rice,Kerala,THRISSUR,Autumn,2010,1.9820007516169653
RICE_011285,Rice,Kerala,THRISSUR,Summer,2010,3.178915103978371
RICE_011286,Rice,Kerala,THRISSUR,Winter,2010,2.470844938963437
RICE_011287,Rice,Kerala,WAYANAD,Summer,2010,2.8701910237894106
RICE_011288,Rice,Kerala,WAYANAD,Winter,2010,2.456370582658443
RICE_011289,Rice,Madhya Pradesh,ALIRAJPUR,Kharif,2010,0.7337826453243471
RICE_011290,Rice,Madhya Pradesh,ANUPPUR,Kharif,2010,0.6461442276156116
RICE_011291,Rice,Madhya Pradesh,ASHOKNAGAR,Kharif,2010,0.8111658456486043
RICE_011292,Rice,Madhya Pradesh,BALAGHAT,Kharif,2010,1.4241986565267384
RICE_011293,Rice,Madhya Pradesh,BARWANI,Kharif,2010,0.7384823848238482
RICE_011294,Rice,Madhya Pradesh,BETUL,Kharif,2010,1.391709393883904
RICE_011295,Rice,Madhya Pradesh,BHIND,Kharif,2010,2.7323717948717947
RICE_011296,Rice,Madhya Pradesh,BHOPAL,Kharif,2010,0.9479392624728851
RICE_011297,Rice,Madhya Pradesh,BURHANPUR,Kharif,2010,1.4727707959305805
RICE_011298,Rice,Madhya Pradesh,CHHATARPUR,Kharif,2010,0.6242110009017132
RICE_011299,Rice,Madhya Pradesh,CHHINDWARA,Kharif,2010,1.6475212928587029
RICE_011300,Rice,Madhya Pradesh,DAMOH,Kharif,2010,1.0337078651685394
RICE_011301,Rice,Madhya Pradesh,DATIA,Kharif,2010,1.232469114320515
RICE_011302,Rice,Madhya Pradesh,DEWAS,Kharif,2010,0.8777777777777778
RICE_011303,Rice,Madhya Pradesh,DHAR,Kharif,2010,0.7562604340567612
RICE_011304,Rice,Madhya Pradesh,DINDORI,Kharif,2010,0.6928531347242769
RICE_011305,Rice,Madhya Pradesh,GUNA,Kharif,2010,1.1558073654390935
RICE_011306,Rice,Madhya Pradesh,GWALIOR,Kharif,2010,2.6130996159189346
RICE_011307,Rice,Madhya Pradesh,HARDA,Kharif,2010,2.8317535545023698
RICE_011308,Rice,Madhya Pradesh,HOSHANGABAD,Kharif,2010,2.295248534929803
RICE_011309,Rice,Madhya Pradesh,INDORE,Kharif,2010,1.0
RICE_011310,Rice,Madhya Pradesh,JABALPUR,Kharif,2010,1.2365672525001479
RICE_011311,Rice,Madhya Pradesh,JHABUA,Kharif,2010,0.6546008912516613
RICE_011312,Rice,Madhya Pradesh,KATNI,Kharif,2010,0.854658890871424
RICE_011313,Rice,Madhya Pradesh,KHANDWA,Kharif,2010,1.3260210708615963
RICE_011314,Rice,Madhya Pradesh,KHARGONE,Kharif,2010,0.8005068790731354
RICE_011315,Rice,Madhya Pradesh,MANDLA,Kharif,2010,0.9159155429382541
RICE_011316,Rice,Madhya Pradesh,MORENA,Kharif,2010,2.9619565217391304
RICE_011317,Rice,Madhya Pradesh,NARSINGHPUR,Kharif,2010,1.551933041052212
RICE_011318,Rice,Madhya Pradesh,NEEMUCH,Kharif,2010,0.7446808510638298
RICE_011319,Rice,Madhya Pradesh,PANNA,Kharif,2010,0.9609654350417163
RICE_011320,Rice,Madhya Pradesh,RAISEN,Kharif,2010,1.2675307792307104
RICE_011321,Rice,Madhya Pradesh,RAJGARH,Kharif,2010,0.8327137546468402
RICE_011322,Rice,Madhya Pradesh,RATLAM,Kharif,2010,0.7612028301886793
RICE_011323,Rice,Madhya Pradesh,REWA,Kharif,2010,0.6608309739108286
RICE_011324,Rice,Madhya Pradesh,SAGAR,Kharif,2010,0.7441705529646903
RICE_011325,Rice,Madhya Pradesh,SATNA,Kharif,2010,1.0365137589087714
RICE_011326,Rice,Madhya Pradesh,SEHORE,Kharif,2010,1.1209584769407517
RICE_011327,Rice,Madhya Pradesh,SEONI,Kharif,2010,1.3228066254652353
RICE_011328,Rice,Madhya Pradesh,SHAHDOL,Kharif,2010,1.278706557393295
RICE_011329,Rice,Madhya Pradesh,SHAJAPUR,Kharif,2010,0.7410714285714286
RICE_011330,Rice,Madhya Pradesh,SHEOPUR,Kharif,2010,2.988602785985648
RICE_011331,Rice,Madhya Pradesh,SHIVPURI,Kharif,2010,1.5859834393375736
RICE_011332,Rice,Madhya Pradesh,SIDHI,Kharif,2010,0.8759322266900368
RICE_011333,Rice,Madhya Pradesh,SINGRAULI,Kharif,2010,0.9087690017592133
RICE_011334,Rice,Madhya Pradesh,TIKAMGARH,Kharif,2010,0.44906479625918505
RICE_011335,Rice,Madhya Pradesh,UMARIA,Kharif,2010,0.9194534057229785
RICE_011336,Rice,Madhya Pradesh,VIDISHA,Kharif,2010,1.0106951871657754
RICE_011337,Rice,Maharashtra,AHMEDNAGAR,Kharif,2010,0.9333333333333333
RICE_011338,Rice,Maharashtra,AMRAVATI,Kharif,2010,0.7368421052631579
RICE_011339,Rice,Maharashtra,BEED,Kharif,2010,0.375
RICE_011340,Rice,Maharashtra,BHANDARA,Kharif,2010,1.4258953168044077
RICE_011341,Rice,Maharashtra,CHANDRAPUR,Kharif,2010,1.400699912510936
RICE_011342,Rice,Maharashtra,DHULE,Kharif,2010,1.34
RICE_011343,Rice,Maharashtra,GADCHIROLI,Kharif,2010,1.4872448979591837
RICE_011344,Rice,Maharashtra,GONDIA,Kharif,2010,1.7171717171717171
RICE_011345,Rice,Maharashtra,HINGOLI,Kharif,2010,0.6363636363636364
RICE_011346,Rice,Maharashtra,KOLHAPUR,Kharif,2010,2.884304932735426
RICE_011347,Rice,Maharashtra,LATUR,Kharif,2010,0.4444444444444444
RICE_011348,Rice,Maharashtra,NAGPUR,Kharif,2010,0.9817927170868347
RICE_011349,Rice,Maharashtra,NANDED,Kharif,2010,0.5192307692307693
RICE_011350,Rice,Maharashtra,NANDURBAR,Kharif,2010,1.0555555555555556
RICE_011351,Rice,Maharashtra,NASHIK,Kharif,2010,0.40609137055837563
RICE_011352,Rice,Maharashtra,OSMANABAD,Kharif,2010,0.30357142857142855
RICE_011353,Rice,Maharashtra,PARBHANI,Kharif,2010,0.45
RICE_011354,Rice,Maharashtra,PUNE,Kharif,2010,1.180623973727422
RICE_011355,Rice,Maharashtra,RAIGAD,Kharif,2010,2.364365971107544
RICE_011356,Rice,Maharashtra,RATNAGIRI,Kharif,2010,2.8602564102564103
RICE_011357,Rice,Maharashtra,SANGLI,Kharif,2010,2.6683168316831685
RICE_011358,Rice,Maharashtra,SATARA,Kharif,2010,1.6181102362204725
RICE_011359,Rice,Maharashtra,SINDHUDURG,Kharif,2010,2.665764546684709
RICE_011360,Rice,Maharashtra,SOLAPUR,Kharif,2010,0.2857142857142857
RICE_011361,Rice,Maharashtra,THANE,Kharif,2010,2.024264705882353
RICE_011362,Rice,Meghalaya,EAST GARO HILLS,Autumn,2010,1.4255737704918032
RICE_011363,Rice,Meghalaya,EAST GARO HILLS,Rabi,2010,1.2790697674418605
RICE_011364,Rice,Meghalaya,EAST GARO HILLS,Winter,2010,1.5920105742399766
RICE_011365,Rice,Meghalaya,EAST JAINTIA HILLS,Autumn,2010,1.5742574257425743
RICE_011366,Rice,Meghalaya,EAST JAINTIA HILLS,Rabi,2010,1.98
RICE_011367,Rice,Meghalaya,EAST JAINTIA HILLS,Winter,2010,1.7049005972347215
RICE_011368,Rice,Meghalaya,EAST KHASI HILLS,Autumn,2010,2.0836363636363635
RICE_011369,Rice,Meghalaya,EAST KHASI HILLS,Rabi,2010,1.8468468468468469
RICE_011370,Rice,Meghalaya,EAST KHASI HILLS,Winter,2010,1.8419008875739644
RICE_011371,Rice,Meghalaya,RI BHOI,Autumn,2010,1.7597402597402598
RICE_011372,Rice,Meghalaya,RI BHOI,Rabi,2010,2.1414141414141414
RICE_011373,Rice,Meghalaya,RI BHOI,Winter,2010,2.7086486486486487
RICE_011374,Rice,Meghalaya,SOUTH GARO HILLS,Autumn,2010,1.1666666666666667
RICE_011375,Rice,Meghalaya,SOUTH GARO HILLS,Rabi,2010,1.3820224719101124
RICE_011376,Rice,Meghalaya,SOUTH GARO HILLS,Winter,2010,1.6381322957198443
RICE_011377,Rice,Meghalaya,WEST GARO HILLS,Autumn,2010,1.2449933244325768
RICE_011378,Rice,Meghalaya,WEST GARO HILLS,Rabi,2010,3.830964846671653
RICE_011379,Rice,Meghalaya,WEST GARO HILLS,Winter,2010,1.8529783840272813
RICE_011380,Rice,Meghalaya,WEST KHASI HILLS,Autumn,2010,1.4578313253012047
RICE_011381,Rice,Meghalaya,WEST KHASI HILLS,Rabi,2010,2.076923076923077
RICE_011382,Rice,Meghalaya,WEST KHASI HILLS,Winter,2010,1.466015625
RICE_011383,Rice,Nagaland,DIMAPUR,Kharif,2010,2.2860068259385664
RICE_011384,Rice,Nagaland,DIMAPUR,Rabi,2010,2.357142857142857
RICE_011385,Rice,Nagaland,KIPHIRE,Kharif,2010,1.8800403225806452
RICE_011386,Rice,Nagaland,KOHIMA,Kharif,2010,2.0881204684885666
RICE_011387,Rice,Nagaland,LONGLENG,Kharif,2010,1.8355795148247978
RICE_011388,Rice,Nagaland,MOKOKCHUNG,Kharif,2010,2.0186757215619693
RICE_011389,Rice,Nagaland,MON,Kharif,2010,1.8898643256185155
RICE_011390,Rice,Nagaland,MON,Rabi,2010,2.4
RICE_011391,Rice,Nagaland,PEREN,Kharif,2010,2.216
RICE_011392,Rice,Nagaland,PHEK,Kharif,2010,2.378242074927954
RICE_011393,Rice,Nagaland,TUENSANG,Kharif,2010,1.971409574468085
RICE_011394,Rice,Nagaland,WOKHA,Kharif,2010,2.0437188710570005
RICE_011395,Rice,Nagaland,ZUNHEBOTO,Kharif,2010,1.9483870967741936
RICE_011396,Rice,Odisha,ANUGUL,Autumn,2010,0.25
RICE_011397,Rice,Odisha,ANUGUL,Winter,2010,0.6323529411764706
RICE_011398,Rice,Odisha,BALANGIR,Autumn,2010,1.0273972602739727
RICE_011399,Rice,Odisha,BALANGIR,Summer,2010,2.6666666666666665
RICE_011400,Rice,Odisha,BALANGIR,Winter,2010,2.3161764705882355
RICE_011401,Rice,Odisha,BALESHWAR,Autumn,2010,1.0
RICE_011402,Rice,Odisha,BALESHWAR,Summer,2010,2.6666666666666665
RICE_011403,Rice,Odisha,BALESHWAR,Winter,2010,1.697560975609756
RICE_011404,Rice,Odisha,BARGARH,Autumn,2010,0.7966101694915254
RICE_011405,Rice,Odisha,BARGARH,Summer,2010,4.149253731343284
RICE_011406,Rice,Odisha,BARGARH,Winter,2010,2.0903954802259888
RICE_011407,Rice,Odisha,BHADRAK,Summer,2010,2.0
RICE_011408,Rice,Odisha,BHADRAK,Winter,2010,1.8269230769230769
RICE_011409,Rice,Odisha,BOUDH,Autumn,2010,0.7142857142857143
RICE_011410,Rice,Odisha,BOUDH,Summer,2010,1.0
RICE_011411,Rice,Odisha,BOUDH,Winter,2010,1.263157894736842
RICE_011412,Rice,Odisha,CUTTACK,Autumn,2010,1.0
RICE_011413,Rice,Odisha,CUTTACK,Summer,2010,2.3333333333333335
RICE_011414,Rice,Odisha,CUTTACK,Winter,2010,1.8412698412698412
RICE_011415,Rice,Odisha,DEOGARH,Autumn,2010,0.5263157894736842
RICE_011416,Rice,Odisha,DEOGARH,Winter,2010,0.8695652173913043
RICE_011417,Rice,Odisha,DHENKANAL,Autumn,2010,0.5555555555555556
RICE_011418,Rice,Odisha,DHENKANAL,Winter,2010,1.4578313253012047
RICE_011419,Rice,Odisha,GAJAPATI,Autumn,2010,1.0
RICE_011420,Rice,Odisha,GAJAPATI,Winter,2010,1.972972972972973
RICE_011421,Rice,Odisha,GANJAM,Autumn,2010,2.0
RICE_011422,Rice,Odisha,GANJAM,Summer,2010,1.0
RICE_011423,Rice,Odisha,GANJAM,Winter,2010,1.5793357933579335
RICE_011424,Rice,Odisha,JAGATSINGHAPUR,Autumn,2010,1.5
RICE_011425,Rice,Odisha,JAGATSINGHAPUR,Summer,2010,2.0
RICE_011426,Rice,Odisha,JAGATSINGHAPUR,Winter,2010,1.5529411764705883
RICE_011427,Rice,Odisha,JAJAPUR,Autumn,2010,0.7142857142857143
RICE_011428,Rice,Odisha,JAJAPUR,Summer,2010,1.5
RICE_011429,Rice,Odisha,JAJAPUR,Winter,2010,1.4545454545454546
RICE_011430,Rice,Odisha,JHARSUGUDA,Autumn,2010,0.2727272727272727
RICE_011431,Rice,Odisha,JHARSUGUDA,Summer,2010,1.0
RICE_011432,Rice,Odisha,JHARSUGUDA,Winter,2010,0.8333333333333334
RICE_011433,Rice,Odisha,KALAHANDI,Autumn,2010,1.5342465753424657
RICE_011434,Rice,Odisha,KALAHANDI,Summer,2010,2.58
RICE_011435,Rice,Odisha,KALAHANDI,Winter,2010,2.5751633986928106
RICE_011436,Rice,Odisha,KANDHAMAL,Autumn,2010,1.0
RICE_011437,Rice,Odisha,KANDHAMAL,Summer,2010,1.0
RICE_011438,Rice,Odisha,KANDHAMAL,Winter,2010,1.3902439024390243
RICE_011439,Rice,Odisha,KENDRAPARA,Autumn,2010,1.3333333333333333
RICE_011440,Rice,Odisha,KENDRAPARA,Summer,2010,2.0
RICE_011441,Rice,Odisha,KENDRAPARA,Winter,2010,1.2170542635658914
RICE_011442,Rice,Odisha,KENDUJHAR,Autumn,2010,0.6052631578947368
RICE_011443,Rice,Odisha,KENDUJHAR,Summer,2010,2.3333333333333335
RICE_011444,Rice,Odisha,KENDUJHAR,Winter,2010,1.1571428571428573
RICE_011445,Rice,Odisha,KHORDHA,Summer,2010,3.0
RICE_011446,Rice,Odisha,KHORDHA,Winter,2010,1.66
RICE_011447,Rice,Odisha,KORAPUT,Autumn,2010,1.206896551724138
RICE_011448,Rice,Odisha,KORAPUT,Summer,2010,2.05
RICE_011449,Rice,Odisha,KORAPUT,Winter,2010,2.0470588235294116
RICE_011450,Rice,Odisha,MALKANGIRI,Autumn,2010,1.1538461538461537
RICE_011451,Rice,Odisha,MALKANGIRI,Summer,2010,2.0
RICE_011452,Rice,Odisha,MALKANGIRI,Winter,2010,2.2048192771084336
RICE_011453,Rice,Odisha,MAYURBHANJ,Autumn,2010,0.3181818181818182
RICE_011454,Rice,Odisha,MAYURBHANJ,Summer,2010,2.3333333333333335
RICE_011455,Rice,Odisha,MAYURBHANJ,Winter,2010,1.0126582278481013
RICE_011456,Rice,Odisha,NABARANGPUR,Autumn,2010,1.2571428571428571
RICE_011457,Rice,Odisha,NABARANGPUR,Summer,2010,1.6666666666666667
RICE_011458,Rice,Odisha,NABARANGPUR,Winter,2010,2.1559633027522938
RICE_011459,Rice,Odisha,NAYAGARH,Autumn,2010,1.5
RICE_011460,Rice,Odisha,NAYAGARH,Winter,2010,1.6630434782608696
RICE_011461,Rice,Odisha,NUAPADA,Autumn,2010,1.4615384615384615
RICE_011462,Rice,Odisha,NUAPADA,Summer,2010,2.0
RICE_011463,Rice,Odisha,NUAPADA,Winter,2010,2.0327868852459017
RICE_011464,Rice,Odisha,PURI,Autumn,2010,1.0
RICE_011465,Rice,Odisha,PURI,Summer,2010,2.303030303030303
RICE_011466,Rice,Odisha,PURI,Winter,2010,1.5166666666666666
RICE_011467,Rice,Odisha,RAYAGADA,Autumn,2010,1.0
RICE_011468,Rice,Odisha,RAYAGADA,Summer,2010,2.0
RICE_011469,Rice,Odisha,RAYAGADA,Winter,2010,2.2857142857142856
RICE_011470,Rice,Odisha,SAMBALPUR,Autumn,2010,0.3953488372093023
RICE_011471,Rice,Odisha,SAMBALPUR,Summer,2010,3.608695652173913
RICE_011472,Rice,Odisha,SAMBALPUR,Winter,2010,1.4022988505747127
RICE_011473,Rice,Odisha,SONEPUR,Autumn,2010,0.8571428571428571
RICE_011474,Rice,Odisha,SONEPUR,Summer,2010,3.3703703703703702
RICE_011475,Rice,Odisha,SONEPUR,Winter,2010,2.3563218390804597
RICE_011476,Rice,Odisha,SUNDARGARH,Autumn,2010,0.3225806451612903
RICE_011477,Rice,Odisha,SUNDARGARH,Winter,2010,0.9152542372881356
RICE_011478,Rice,Puducherry,KARAIKAL,Kharif,2010,2.668411867364747
RICE_011479,Rice,Puducherry,KARAIKAL,Rabi,2010,2.3729827742520397
RICE_011480,Rice,Puducherry,KARAIKAL,Summer,2010,2.6857142857142855
RICE_011481,Rice,Puducherry,PONDICHERRY,Kharif,2010,2.9521215596330275
RICE_011482,Rice,Puducherry,PONDICHERRY,Rabi,2010,2.338969873663751
RICE_011483,Rice,Puducherry,PONDICHERRY,Summer,2010,2.712085561497326
RICE_011484,Rice,Puducherry,YANAM,Kharif,2010,2.4024767801857587
RICE_011485,Rice,Puducherry,YANAM,Rabi,2010,5.630769230769231
RICE_011486,Rice,Punjab,AMRITSAR,Kharif,2010,2.704301075268817
RICE_011487,Rice,Punjab,BARNALA,Kharif,2010,4.428571428571429
RICE_011488,Rice,Punjab,BATHINDA,Kharif,2010,4.08411214953271
RICE_011489,Rice,Punjab,FARIDKOT,Kharif,2010,4.0495049504950495
RICE_011490,Rice,Punjab,FATEHGARH SAHIB,Kharif,2010,4.206896551724138
RICE_011491,Rice,Punjab,FIROZEPUR,Kharif,2010,3.697674418604651
RICE_011492,Rice,Punjab,GURDASPUR,Kharif,2010,3.4558823529411766
RICE_011493,Rice,Punjab,HOSHIARPUR,Kharif,2010,3.5753424657534247
RICE_011494,Rice,Punjab,JALANDHAR,Kharif,2010,3.607361963190184
RICE_011495,Rice,Punjab,KAPURTHALA,Kharif,2010,3.8983050847457625
RICE_011496,Rice,Punjab,LUDHIANA,Kharif,2010,4.408560311284047
RICE_011497,Rice,Punjab,MANSA,Kharif,2010,4.051282051282051
RICE_011498,Rice,Punjab,MOGA,Kharif,2010,4.3313953488372094
RICE_011499,Rice,Punjab,MUKTSAR,Kharif,2010,3.891891891891892
RICE_011500,Rice,Punjab,NAWANSHAHR,Kharif,2010,3.9827586206896552
RICE_011501,Rice,Punjab,PATIALA,Kharif,2010,3.730769230769231
RICE_011502,Rice,Punjab,RUPNAGAR,Kharif,2010,3.8684210526315788
RICE_011503,Rice,Punjab,S.A.S NAGAR,Kharif,2010,3.4324324324324325
RICE_011504,Rice,Punjab,SANGRUR,Kharif,2010,4.356617647058823
RICE_011505,Rice,Punjab,TARN TARAN,Kharif,2010,2.9069767441860463
RICE_011506,Rice,Rajasthan,AJMER,Kharif,2010,2.0
RICE_011507,Rice,Rajasthan,ALWAR,Kharif,2010,2.0264550264550265
RICE_011508,Rice,Rajasthan,BANSWARA,Kharif,2010,0.6515706515706515
RICE_011509,Rice,Rajasthan,BARAN,Kharif,2010,2.89150771473697
RICE_011510,Rice,Rajasthan,BHARATPUR,Kharif,2010,2.0149739583333335
RICE_011511,Rice,Rajasthan,BHILWARA,Kharif,2010,2.0255102040816326
RICE_011512,Rice,Rajasthan,BIKANER,Kharif,2010,2.027027027027027
RICE_011513,Rice,Rajasthan,BUNDI,Kharif,2010,1.876626779631409
RICE_011514,Rice,Rajasthan,CHITTORGARH,Kharif,2010,2.02511961722488
RICE_011515,Rice,Rajasthan,DHOLPUR,Kharif,2010,2.0250368188512518
RICE_011516,Rice,Rajasthan,DUNGARPUR,Kharif,2010,0.6598674145843957
RICE_011517,Rice,Rajasthan,GANGANAGAR,Kharif,2010,2.4976326937453277
RICE_011518,Rice,Rajasthan,HANUMANGARH,Kharif,2010,3.964412173367397
RICE_011519,Rice,Rajasthan,JHALAWAR,Kharif,2010,2.5536181342632958
RICE_011520,Rice,Rajasthan,KARAULI,Kharif,2010,1.2232532751091703
RICE_011521,Rice,Rajasthan,KOTA,Kharif,2010,2.7378703306139975
RICE_011522,Rice,Rajasthan,PRATAPGARH,Kharif,2010,2.0249244712990935
RICE_011523,Rice,Rajasthan,RAJSAMAND,Kharif,2010,2.0232558139534884
RICE_011524,Rice,Rajasthan,SAWAI MADHOPUR,Kharif,2010,2.024767801857585
RICE_011525,Rice,Rajasthan,TONK,Kharif,2010,2.0
RICE_011526,Rice,Rajasthan,UDAIPUR,Kharif,2010,1.0794919073960254
RICE_011527,Rice,Sikkim,EAST DISTRICT,Kharif,2010,1.7519191919191919
RICE_011528,Rice,Sikkim,NORTH DISTRICT,Kharif,2010,1.14
RICE_011529,Rice,Sikkim,SOUTH DISTRICT,Kharif,2010,1.7783783783783784
RICE_011530,Rice,Sikkim,WEST DISTRICT,Kharif,2010,1.8168765743073048
RICE_011531,Rice,Tamil Nadu,ARIYALUR,Kharif,2010,3.8819959541469995
RICE_011532,Rice,Tamil Nadu,COIMBATORE,Kharif,2010,3.9081020255063765
RICE_011533,Rice,Tamil Nadu,CUDDALORE,Kharif,2010,2.6033415360704573
RICE_011534,Rice,Tamil Nadu,DHARMAPURI,Kharif,2010,4.076939900271192
RICE_011535,Rice,Tamil Nadu,DINDIGUL,Kharif,2010,5.343778952531473
RICE_011536,Rice,Tamil Nadu,ERODE,Kharif,2010,4.215554161324641
RICE_011537,Rice,Tamil Nadu,KANCHIPURAM,Kharif,2010,3.954793762207669
RICE_011538,Rice,Tamil Nadu,KANNIYAKUMARI,Kharif,2010,4.73170875272235
RICE_011539,Rice,Tamil Nadu,KARUR,Kharif,2010,3.8486628849270663
RICE_011540,Rice,Tamil Nadu,KRISHNAGIRI,Kharif,2010,4.292464956846422
RICE_011541,Rice,Tamil Nadu,MADURAI,Kharif,2010,4.258728547098126
RICE_011542,Rice,Tamil Nadu,NAGAPATTINAM,Kharif,2010,2.0602887554550176
RICE_011543,Rice,Tamil Nadu,NAMAKKAL,Kharif,2010,3.8380993028880352
RICE_011544,Rice,Tamil Nadu,PERAMBALUR,Kharif,2010,3.8409266409266407
RICE_011545,Rice,Tamil Nadu,PUDUKKOTTAI,Kharif,2010,2.2483503945059793
RICE_011546,Rice,Tamil Nadu,RAMANATHAPURAM,Kharif,2010,1.9330654428944345
RICE_011547,Rice,Tamil Nadu,SALEM,Kharif,2010,4.438310908217203
RICE_011548,Rice,Tamil Nadu,SIVAGANGA,Kharif,2010,2.245010544878287
RICE_011549,Rice,Tamil Nadu,THANJAVUR,Kharif,2010,2.86863527245817
RICE_011550,Rice,Tamil Nadu,THE NILGIRIS,Kharif,2010,3.5714285714285716
RICE_011551,Rice,Tamil Nadu,THENI,Kharif,2010,4.819928362097037
RICE_011552,Rice,Tamil Nadu,THIRUVALLUR,Kharif,2010,3.0066451171006623
RICE_011553,Rice,Tamil Nadu,THIRUVARUR,Kharif,2010,1.7822912311139125
RICE_011554,Rice,Tamil Nadu,TIRUCHIRAPPALLI,Kharif,2010,3.9921983175761184
RICE_011555,Rice,Tamil Nadu,TIRUNELVELI,Kharif,2010,4.4107868211223105
RICE_011556,Rice,Tamil Nadu,TIRUPPUR,Kharif,2010,3.97940154276511
RICE_011557,Rice,Tamil Nadu,TIRUVANNAMALAI,Kharif,2010,2.8503625786915294
RICE_011558,Rice,Tamil Nadu,TUTICORIN,Kharif,2010,4.470535312640576
RICE_011559,Rice,Tamil Nadu,VELLORE,Kharif,2010,3.5358150941650086
RICE_011560,Rice,Tamil Nadu,VILLUPURAM,Kharif,2010,3.415036450586611
RICE_011561,Rice,Tamil Nadu,VIRUDHUNAGAR,Kharif,2010,3.09195891127977
RICE_011562,Rice,Telangana,ADILABAD,Kharif,2010,2.786242309587778
RICE_011563,Rice,Telangana,ADILABAD,Rabi,2010,2.889994212125597
RICE_011564,Rice,Telangana,KARIMNAGAR,Kharif,2010,3.2809248627372325
RICE_011565,Rice,Telangana,KARIMNAGAR,Rabi,2010,3.7320010271612056
RICE_011566,Rice,Telangana,KHAMMAM,Kharif,2010,3.1305878338332227
RICE_011567,Rice,Telangana,KHAMMAM,Rabi,2010,3.5369911158840184
RICE_011568,Rice,Telangana,MAHBUBNAGAR,Kharif,2010,2.7622669866805714
RICE_011569,Rice,Telangana,MAHBUBNAGAR,Rabi,2010,2.79899527810883
RICE_011570,Rice,Telangana,MEDAK,Kharif,2010,3.490160412139561
RICE_011571,Rice,Telangana,MEDAK,Rabi,2010,3.655992593065577
RICE_011572,Rice,Telangana,NALGONDA,Kharif,2010,3.11699789957749
RICE_011573,Rice,Telangana,NALGONDA,Rabi,2010,3.4200014058624464
RICE_011574,Rice,Telangana,NIZAMABAD,Kharif,2010,3.6622947168227262
RICE_011575,Rice,Telangana,NIZAMABAD,Rabi,2010,3.9730013156138577
RICE_011576,Rice,Telangana,RANGAREDDI,Kharif,2010,2.5443601742778763
RICE_011577,Rice,Telangana,RANGAREDDI,Rabi,2010,2.6790175438596493
RICE_011578,Rice,Telangana,WARANGAL,Kharif,2010,3.0678174364063846
RICE_011579,Rice,Telangana,WARANGAL,Rabi,2010,3.452997509667753
RICE_011580,Rice,Tripura,DHALAI,Kharif,2010,2.2601223145679787
RICE_011581,Rice,Tripura,NORTH TRIPURA,Kharif,2010,2.4867361390010356
RICE_011582,Rice,Tripura,SOUTH TRIPURA,Kharif,2010,2.776651276054538
RICE_011583,Rice,Tripura,WEST TRIPURA,Kharif,2010,2.7578334781717166
RICE_011584,Rice,Uttar Pradesh,AGRA,Kharif,2010,2.1678949792722246
RICE_011585,Rice,Uttar Pradesh,ALIGARH,Kharif,2010,2.0410017833604712
RICE_011586,Rice,Uttar Pradesh,ALLAHABAD,Kharif,2010,2.325002122901865
RICE_011587,Rice,Uttar Pradesh,AMBEDKAR NAGAR,Kharif,2010,2.637997557565353
RICE_011588,Rice,Uttar Pradesh,AMETHI,Kharif,2010,2.09100375946485
RICE_011589,Rice,Uttar Pradesh,AMROHA,Kharif,2010,1.935003079449805
RICE_011590,Rice,Uttar Pradesh,AURAIYA,Kharif,2010,2.684004956362461
RICE_011591,Rice,Uttar Pradesh,AZAMGARH,Kharif,2010,2.0509979025135454
RICE_011592,Rice,Uttar Pradesh,AZAMGARH,Summer,2010,2.0
RICE_011593,Rice,Uttar Pradesh,BAGHPAT,Kharif,2010,2.3510382513661203
RICE_011594,Rice,Uttar Pradesh,BAHRAICH,Kharif,2010,2.07100074790555
RICE_011595,Rice,Uttar Pradesh,BALLIA,Kharif,2010,1.906003610640336
RICE_011596,Rice,Uttar Pradesh,BALRAMPUR,Kharif,2010,2.1790024706316675
RICE_011597,Rice,Uttar Pradesh,BANDA,Kharif,2010,1.1519900706832715
RICE_011598,Rice,Uttar Pradesh,BARABANKI,Kharif,2010,2.379998190700199
RICE_011599,Rice,Uttar Pradesh,BAREILLY,Kharif,2010,1.6580007974726252
RICE_011600,Rice,Uttar Pradesh,BAREILLY,Summer,2010,1.6579710144927535
RICE_011601,Rice,Uttar Pradesh,BASTI,Kharif,2010,2.105997224231288
RICE_011602,Rice,Uttar Pradesh,BIJNOR,Kharif,2010,2.3469972767665186
RICE_011603,Rice,Uttar Pradesh,BIJNOR,Summer,2010,2.3444444444444446
RICE_011604,Rice,Uttar Pradesh,BUDAUN,Kharif,2010,1.875994828670043
RICE_011605,Rice,Uttar Pradesh,BUDAUN,Summer,2010,2.0
RICE_011606,Rice,Uttar Pradesh,BULANDSHAHR,Kharif,2010,2.257006160877758
RICE_011607,Rice,Uttar Pradesh,BULANDSHAHR,Summer,2010,2.0
RICE_011608,Rice,Uttar Pradesh,CHANDAULI,Kharif,2010,2.756003051106026
RICE_011609,Rice,Uttar Pradesh,CHITRAKOOT,Kharif,2010,0.7849720223820943
RICE_011610,Rice,Uttar Pradesh,DEORIA,Kharif,2010,1.997000249329926
RICE_011611,Rice,Uttar Pradesh,DEORIA,Summer,2010,2.0
RICE_011612,Rice,Uttar Pradesh,ETAH,Kharif,2010,2.1020024744535584
RICE_011613,Rice,Uttar Pradesh,ETAWAH,Kharif,2010,2.474992567521211
RICE_011614,Rice,Uttar Pradesh,FAIZABAD,Kharif,2010,2.2059959422857083
RICE_011615,Rice,Uttar Pradesh,FARRUKHABAD,Kharif,2010,1.6089687896812137
RICE_011616,Rice,Uttar Pradesh,FATEHPUR,Kharif,2010,2.1109921765548507
RICE_011617,Rice,Uttar Pradesh,FIROZABAD,Kharif,2010,2.7599779105376774
RICE_011618,Rice,Uttar Pradesh,GAUTAM BUDDHA NAGAR,Kharif,2010,2.076004944797306
RICE_011619,Rice,Uttar Pradesh,GHAZIABAD,Kharif,2010,2.549000066440768
RICE_011620,Rice,Uttar Pradesh,GHAZIPUR,Kharif,2010,2.105001975609593
RICE_011621,Rice,Uttar Pradesh,GONDA,Kharif,2010,2.2479980917981397
RICE_011622,Rice,Uttar Pradesh,GORAKHPUR,Kharif,2010,2.0269975385934265
RICE_011623,Rice,Uttar Pradesh,GORAKHPUR,Summer,2010,2.026315789473684
RICE_011624,Rice,Uttar Pradesh,HAMIRPUR,Kharif,2010,1.1132075471698113
RICE_011625,Rice,Uttar Pradesh,HARDOI,Kharif,2010,2.0369997772948234
RICE_011626,Rice,Uttar Pradesh,HARDOI,Summer,2010,2.0384615384615383
RICE_011627,Rice,Uttar Pradesh,HATHRAS,Kharif,2010,1.7510199323930529
RICE_011628,Rice,Uttar Pradesh,JALAUN,Kharif,2010,1.351032448377581
RICE_011629,Rice,Uttar Pradesh,JAUNPUR,Kharif,2010,2.0890016799513886
RICE_011630,Rice,Uttar Pradesh,JHANSI,Kharif,2010,2.2922109337203675
RICE_011631,Rice,Uttar Pradesh,KANNAUJ,Kharif,2010,2.79003119313751
RICE_011632,Rice,Uttar Pradesh,KANPUR DEHAT,Kharif,2010,2.300996570692076
RICE_011633,Rice,Uttar Pradesh,KANPUR NAGAR,Kharif,2010,2.2529901444837814
RICE_011634,Rice,Uttar Pradesh,KASGANJ,Kharif,2010,2.078990000558628
RICE_011635,Rice,Uttar Pradesh,KAUSHAMBI,Kharif,2010,1.99399047452809
RICE_011636,Rice,Uttar Pradesh,KHERI,Kharif,2010,2.1650025319800084
RICE_011637,Rice,Uttar Pradesh,KHERI,Summer,2010,2.1650930671702184
RICE_011638,Rice,Uttar Pradesh,KUSHI NAGAR,Kharif,2010,2.334999800661803
RICE_011639,Rice,Uttar Pradesh,LALITPUR,Kharif,2010,0.6551358983409813
RICE_011640,Rice,Uttar Pradesh,LUCKNOW,Kharif,2010,1.9110028054799009
RICE_011641,Rice,Uttar Pradesh,MAHARAJGANJ,Kharif,2010,2.170999277400553
RICE_011642,Rice,Uttar Pradesh,MAHARAJGANJ,Summer,2010,2.1785714285714284
RICE_011643,Rice,Uttar Pradesh,MAHOBA,Kharif,2010,1.118421052631579
RICE_011644,Rice,Uttar Pradesh,MAINPURI,Kharif,2010,2.4280069352042255
RICE_011645,Rice,Uttar Pradesh,MATHURA,Kharif,2010,2.1460056849518474
RICE_011646,Rice,Uttar Pradesh,MAU,Kharif,2010,1.8549976201808662
RICE_011647,Rice,Uttar Pradesh,MEERUT,Kharif,2010,2.1930133484805454
RICE_011648,Rice,Uttar Pradesh,MIRZAPUR,Kharif,2010,2.068992899850523
RICE_011649,Rice,Uttar Pradesh,MORADABAD,Kharif,2010,1.7930019359070763
RICE_011650,Rice,Uttar Pradesh,MORADABAD,Summer,2010,1.7928118393234673
RICE_011651,Rice,Uttar Pradesh,MUZAFFARNAGAR,Kharif,2010,2.2340012928248223
RICE_011652,Rice,Uttar Pradesh,MUZAFFARNAGAR,Summer,2010,2.235294117647059
RICE_011653,Rice,Uttar Pradesh,PILIBHIT,Kharif,2010,2.4849971844582095
RICE_011654,Rice,Uttar Pradesh,PILIBHIT,Summer,2010,2.48504349898701
RICE_011655,Rice,Uttar Pradesh,PRATAPGARH,Kharif,2010,2.0049966895638502
RICE_011656,Rice,Uttar Pradesh,RAE BARELI,Kharif,2010,2.1409948499554323
RICE_011657,Rice,Uttar Pradesh,RAE BARELI,Summer,2010,2.0
RICE_011658,Rice,Uttar Pradesh,RAMPUR,Kharif,2010,1.898996494116645
RICE_011659,Rice,Uttar Pradesh,RAMPUR,Summer,2010,1.8990328820116054
RICE_011660,Rice,Uttar Pradesh,SAHARANPUR,Kharif,2010,2.1890023709648
RICE_011661,Rice,Uttar Pradesh,SANT KABEER NAGAR,Kharif,2010,1.9300049980563114
RICE_011662,Rice,Uttar Pradesh,SANT RAVIDAS NAGAR,Kharif,2010,2.031018267317779
RICE_011663,Rice,Uttar Pradesh,SHAHJAHANPUR,Kharif,2010,2.038000710647874
RICE_011664,Rice,Uttar Pradesh,SHAHJAHANPUR,Summer,2010,2.0379895780803494
RICE_011665,Rice,Uttar Pradesh,SHRAVASTI,Kharif,2010,1.9069963591380013
RICE_011666,Rice,Uttar Pradesh,SIDDHARTH NAGAR,Kharif,2010,2.3709985898365464
RICE_011667,Rice,Uttar Pradesh,SITAPUR,Kharif,2010,1.9779989423181075
RICE_011668,Rice,Uttar Pradesh,SITAPUR,Summer,2010,1.9655172413793103
RICE_011669,Rice,Uttar Pradesh,SONBHADRA,Kharif,2010,1.5310108592668172
RICE_011670,Rice,Uttar Pradesh,SULTANPUR,Kharif,2010,2.408004619758351
RICE_011671,Rice,Uttar Pradesh,UNNAO,Kharif,2010,1.706
RICE_011672,Rice,Uttar Pradesh,UNNAO,Summer,2010,1.7272727272727273
RICE_011673,Rice,Uttar Pradesh,VARANASI,Kharif,2010,2.019990004997501
RICE_011674,Rice,Uttarakhand,ALMORA,Kharif,2010,1.0306831139214263
RICE_011675,Rice,Uttarakhand,BAGESHWAR,Kharif,2010,1.2057664233576642
RICE_011676,Rice,Uttarakhand,CHAMOLI,Kharif,2010,1.4130732650922866
RICE_011677,Rice,Uttarakhand,CHAMPAWAT,Kharif,2010,1.0331208425720622
RICE_011678,Rice,Uttarakhand,DEHRADUN,Kharif,2010,1.9500580720092915
RICE_011679,Rice,Uttarakhand,HARIDWAR,Kharif,2010,1.6058013927729342
RICE_011680,Rice,Uttarakhand,HARIDWAR,Rabi,2010,2.375
RICE_011681,Rice,Uttarakhand,NAINITAL,Kharif,2010,2.3359642828669376
RICE_011682,Rice,Uttarakhand,NAINITAL,Rabi,2010,3.306451612903226
RICE_011683,Rice,Uttarakhand,PAURI GARHWAL,Kharif,2010,1.0853317811408614
RICE_011684,Rice,Uttarakhand,PITHORAGARH,Kharif,2010,1.2632186459489456
RICE_011685,Rice,Uttarakhand,RUDRA PRAYAG,Kharif,2010,1.531667694838577
RICE_011686,Rice,Uttarakhand,TEHRI GARHWAL,Kharif,2010,1.4615654615654616
RICE_011687,Rice,Uttarakhand,UDAM SINGH NAGAR,Kharif,2010,2.461654652874706
RICE_011688,Rice,Uttarakhand,UDAM SINGH NAGAR,Rabi,2010,3.308983936008462
RICE_011689,Rice,Uttarakhand,UTTAR KASHI,Kharif,2010,1.647783014331057
RICE_011690,Rice,West Bengal,24 PARAGANAS NORTH,Autumn,2010,2.2689856324943287
RICE_011691,Rice,West Bengal,24 PARAGANAS NORTH,Summer,2010,3.3695335746396506
RICE_011692,Rice,West Bengal,24 PARAGANAS NORTH,Winter,2010,2.3746805875621186
RICE_011693,Rice,West Bengal,24 PARAGANAS SOUTH,Autumn,2010,1.9687228496959166
RICE_011694,Rice,West Bengal,24 PARAGANAS SOUTH,Summer,2010,3.167603654251581
RICE_011695,Rice,West Bengal,24 PARAGANAS SOUTH,Winter,2010,2.1102260711948038
RICE_011696,Rice,West Bengal,BANKURA,Autumn,2010,2.2960511123085214
RICE_011697,Rice,West Bengal,BANKURA,Summer,2010,2.981051608723818
RICE_011698,Rice,West Bengal,BANKURA,Winter,2010,2.481508011055324
RICE_011699,Rice,West Bengal,BARDHAMAN,Autumn,2010,2.851696284329564
RICE_011700,Rice,West Bengal,BARDHAMAN,Summer,2010,3.0925555444117756
RICE_011701,Rice,West Bengal,BARDHAMAN,Winter,2010,2.893493496792337
RICE_011702,Rice,West Bengal,BIRBHUM,Autumn,2010,2.7128675066819397
RICE_011703,Rice,West Bengal,BIRBHUM,Summer,2010,3.387700174942807
RICE_011704,Rice,West Bengal,BIRBHUM,Winter,2010,2.8853777773023395
RICE_011705,Rice,West Bengal,COOCHBEHAR,Autumn,2010,1.5903058280438547
RICE_011706,Rice,West Bengal,COOCHBEHAR,Summer,2010,2.891328061085356
RICE_011707,Rice,West Bengal,COOCHBEHAR,Winter,2010,2.275560255602556
RICE_011708,Rice,West Bengal,DARJEELING,Autumn,2010,2.3706172124022022
RICE_011709,Rice,West Bengal,DARJEELING,Summer,2010,2.5968688845401173
RICE_011710,Rice,West Bengal,DARJEELING,Winter,2010,2.40633477527678
RICE_011711,Rice,West Bengal,DINAJPUR DAKSHIN,Autumn,2010,2.164379725567068
RICE_011712,Rice,West Bengal,DINAJPUR DAKSHIN,Summer,2010,3.042286903488742
RICE_011713,Rice,West Bengal,DINAJPUR DAKSHIN,Winter,2010,2.9536806132816107
RICE_011714,Rice,West Bengal,DINAJPUR UTTAR,Autumn,2010,1.8719512195121952
RICE_011715,Rice,West Bengal,DINAJPUR UTTAR,Summer,2010,2.6200206715458965
RICE_011716,Rice,West Bengal,DINAJPUR UTTAR,Winter,2010,2.6311794352000453
RICE_011717,Rice,West Bengal,HOOGHLY,Autumn,2010,2.582700044702727
RICE_011718,Rice,West Bengal,HOOGHLY,Summer,2010,3.2204037800687284
RICE_011719,Rice,West Bengal,HOOGHLY,Winter,2010,3.043100792705467
RICE_011720,Rice,West Bengal,HOWRAH,Autumn,2010,2.750332005312085
RICE_011721,Rice,West Bengal,HOWRAH,Summer,2010,3.2965777627184276
RICE_011722,Rice,West Bengal,HOWRAH,Winter,2010,2.268129861990981
RICE_011723,Rice,West Bengal,JALPAIGURI,Autumn,2010,1.8646611656162693
RICE_011724,Rice,West Bengal,JALPAIGURI,Summer,2010,2.1481460090100497
RICE_011725,Rice,West Bengal,JALPAIGURI,Winter,2010,2.2676802108899192
RICE_011726,Rice,West Bengal,MALDAH,Autumn,2010,1.6
RICE_011727,Rice,West Bengal,MALDAH,Summer,2010,3.801768321952277
RICE_011728,Rice,West Bengal,MALDAH,Winter,2010,2.858560214551536
RICE_011729,Rice,West Bengal,MEDINIPUR EAST,Autumn,2010,2.050187265917603
RICE_011730,Rice,West Bengal,MEDINIPUR EAST,Summer,2010,3.5028822122091814
RICE_011731,Rice,West Bengal,MEDINIPUR EAST,Winter,2010,2.285297540829735
RICE_011732,Rice,West Bengal,MEDINIPUR WEST,Autumn,2010,2.203251206502413
RICE_011733,Rice,West Bengal,MEDINIPUR WEST,Summer,2010,3.6209169120353333
RICE_011734,Rice,West Bengal,MEDINIPUR WEST,Winter,2010,2.48397362811679
RICE_011735,Rice,West Bengal,MURSHIDABAD,Autumn,2010,1.968315496755709
RICE_011736,Rice,West Bengal,MURSHIDABAD,Summer,2010,3.2816169456961486
RICE_011737,Rice,West Bengal,MURSHIDABAD,Winter,2010,2.5735049444626705
RICE_011738,Rice,West Bengal,NADIA,Autumn,2010,2.079682592163994
RICE_011739,Rice,West Bengal,NADIA,Summer,2010,3.531557214889365
RICE_011740,Rice,West Bengal,NADIA,Winter,2010,2.272330982901169
RICE_011741,Rice,West Bengal,PURULIA,Autumn,2010,0.28688524590163933
RICE_011742,Rice,West Bengal,PURULIA,Summer,2010,2.676190476190476
RICE_011743,Rice,West Bengal,PURULIA,Winter,2010,1.712351646624224
RICE_011744,Rice,Andhra Pradesh,ANANTAPUR,Kharif,2011,2.5061240721102864
RICE_011745,Rice,Andhra Pradesh,ANANTAPUR,Rabi,2011,2.333028863719401
RICE_011746,Rice,Andhra Pradesh,CHITTOOR,Kharif,2011,3.212951216699343
RICE_011747,Rice,Andhra Pradesh,CHITTOOR,Rabi,2011,3.3530091221419265
RICE_011748,Rice,Andhra Pradesh,EAST GODAVARI,Kharif,2011,2.9868621641469777
RICE_011749,Rice,Andhra Pradesh,EAST GODAVARI,Rabi,2011,4.203997164319114
RICE_011750,Rice,Andhra Pradesh,GUNTUR,Kharif,2011,3.8359097200042584
RICE_011751,Rice,Andhra Pradesh,GUNTUR,Rabi,2011,3.5470395931710863
RICE_011752,Rice,Andhra Pradesh,KADAPA,Kharif,2011,2.9850074011418903
RICE_011753,Rice,Andhra Pradesh,KADAPA,Rabi,2011,2.6489554950045413
RICE_011754,Rice,Andhra Pradesh,KRISHNA,Kharif,2011,3.729102143623538
RICE_011755,Rice,Andhra Pradesh,KRISHNA,Rabi,2011,3.4159513202216667
RICE_011756,Rice,Andhra Pradesh,KURNOOL,Kharif,2011,3.629783440598365
RICE_011757,Rice,Andhra Pradesh,KURNOOL,Rabi,2011,3.124033111684082
RICE_011758,Rice,Andhra Pradesh,PRAKASAM,Kharif,2011,3.4490056745565156
RICE_011759,Rice,Andhra Pradesh,PRAKASAM,Rabi,2011,3.6790014610307824
RICE_011760,Rice,Andhra Pradesh,SPSR NELLORE,Kharif,2011,3.6748216873365074
RICE_011761,Rice,Andhra Pradesh,SPSR NELLORE,Rabi,2011,4.15100156377988
RICE_011762,Rice,Andhra Pradesh,SRIKAKULAM,Kharif,2011,1.9172201172690995
RICE_011763,Rice,Andhra Pradesh,SRIKAKULAM,Rabi,2011,2.108815426997245
RICE_011764,Rice,Andhra Pradesh,VISAKHAPATANAM,Kharif,2011,1.5229076297885942
RICE_011765,Rice,Andhra Pradesh,VISAKHAPATANAM,Rabi,2011,1.1360336262896447
RICE_011766,Rice,Andhra Pradesh,VIZIANAGARAM,Kharif,2011,2.1467637317699264
RICE_011767,Rice,Andhra Pradesh,VIZIANAGARAM,Rabi,2011,2.448051948051948
RICE_011768,Rice,Andhra Pradesh,WEST GODAVARI,Kharif,2011,3.1808162619763096
RICE_011769,Rice,Andhra Pradesh,WEST GODAVARI,Rabi,2011,4.406002315433253
RICE_011770,Rice,Arunachal Pradesh,ANJAW,Kharif,2011,0.8564058469475494
RICE_011771,Rice,Arunachal Pradesh,CHANGLANG,Kharif,2011,2.0344054580896684
RICE_011772,Rice,Arunachal Pradesh,DIBANG VALLEY,Kharif,2011,0.8583850931677018
RICE_011773,Rice,Arunachal Pradesh,EAST KAMENG,Kharif,2011,0.9314122410097643
RICE_011774,Rice,Arunachal Pradesh,EAST SIANG,Kharif,2011,1.7081545064377683
RICE_011775,Rice,Arunachal Pradesh,KURUNG KUMEY,Kharif,2011,1.4137931034482758
RICE_011776,Rice,Arunachal Pradesh,LOHIT,Kharif,2011,1.865191316834192
RICE_011777,Rice,Arunachal Pradesh,LOWER DIBANG VALLEY,Kharif,2011,1.3203310733468345
RICE_011778,Rice,Arunachal Pradesh,LOWER SUBANSIRI,Kharif,2011,0.14013277006638503
RICE_011779,Rice,Arunachal Pradesh,PAPUM PARE,Kharif,2011,1.7342581554134604
RICE_011780,Rice,Arunachal Pradesh,TAWANG,Kharif,2011,1.1145431145431146
RICE_011781,Rice,Arunachal Pradesh,TIRAP,Kharif,2011,0.8732782369146006
RICE_011782,Rice,Arunachal Pradesh,UPPER SIANG,Kharif,2011,1.2534918276374443
RICE_011783,Rice,Arunachal Pradesh,UPPER SUBANSIRI,Kharif,2011,1.461629279811098
RICE_011784,Rice,Arunachal Pradesh,WEST KAMENG,Kharif,2011,0.9886363636363636
RICE_011785,Rice,Arunachal Pradesh,WEST SIANG,Kharif,2011,0.9627744940697538
RICE_011786,Rice,Assam,BAKSA,Autumn,2011,1.388861985472155
RICE_011787,Rice,Assam,BAKSA,Summer,2011,2.238
RICE_011788,Rice,Assam,BAKSA,Winter,2011,1.792264482153306
RICE_011789,Rice,Assam,BARPETA,Autumn,2011,0.4919069568013721
RICE_011790,Rice,Assam,BARPETA,Summer,2011,3.371199814342075
RICE_011791,Rice,Assam,BARPETA,Winter,2011,1.41082765932985
RICE_011792,Rice,Assam,BONGAIGAON,Autumn,2011,1.1112643389958001
RICE_011793,Rice,Assam,BONGAIGAON,Summer,2011,2.964785381174455
RICE_011794,Rice,Assam,BONGAIGAON,Winter,2011,1.3506145560005525
RICE_011795,Rice,Assam,CACHAR,Autumn,2011,1.7033766233766234
RICE_011796,Rice,Assam,CACHAR,Summer,2011,1.8737171464330413
RICE_011797,Rice,Assam,CACHAR,Winter,2011,1.9626938091352197
RICE_011798,Rice,Assam,CHIRANG,Autumn,2011,1.130724122026751
RICE_011799,Rice,Assam,CHIRANG,Summer,2011,2.502262443438914
RICE_011800,Rice,Assam,CHIRANG,Winter,2011,1.1958850056369785
RICE_011801,Rice,Assam,DARRANG,Autumn,2011,1.6374016747018523
RICE_011802,Rice,Assam,DARRANG,Summer,2011,2.9219861812931835
RICE_011803,Rice,Assam,DARRANG,Winter,2011,2.17389959797959
RICE_011804,Rice,Assam,DHEMAJI,Autumn,2011,0.769908651262762
RICE_011805,Rice,Assam,DHEMAJI,Summer,2011,1.7716390423572743
RICE_011806,Rice,Assam,DHEMAJI,Winter,2011,1.4357095071731212
RICE_011807,Rice,Assam,DHUBRI,Autumn,2011,0.6187214611872146
RICE_011808,Rice,Assam,DHUBRI,Summer,2011,3.1887476280834917
RICE_011809,Rice,Assam,DHUBRI,Winter,2011,1.530338028169014
RICE_011810,Rice,Assam,DIBRUGARH,Autumn,2011,1.2210526315789474
RICE_011811,Rice,Assam,DIBRUGARH,Summer,2011,2.7451612903225806
RICE_011812,Rice,Assam,DIBRUGARH,Winter,2011,1.354371201496026
RICE_011813,Rice,Assam,DIMA HASAO,Autumn,2011,1.3540212443095598
RICE_011814,Rice,Assam,DIMA HASAO,Winter,2011,3.0249443207126947
RICE_011815,Rice,Assam,GOALPARA,Autumn,2011,1.2084004602991945
RICE_011816,Rice,Assam,GOALPARA,Summer,2011,3.126
RICE_011817,Rice,Assam,GOALPARA,Winter,2011,1.5218163265306122
RICE_011818,Rice,Assam,GOLAGHAT,Autumn,2011,1.9200482121333868
RICE_011819,Rice,Assam,GOLAGHAT,Summer,2011,2.538748627881449
RICE_011820,Rice,Assam,GOLAGHAT,Winter,2011,2.1263974017486706
RICE_011821,Rice,Assam,HAILAKANDI,Autumn,2011,2.286896551724138
RICE_011822,Rice,Assam,HAILAKANDI,Summer,2011,2.5171014492753625
RICE_011823,Rice,Assam,HAILAKANDI,Winter,2011,2.182756952841596
RICE_011824,Rice,Assam,JORHAT,Autumn,2011,0.7119688614985403
RICE_011825,Rice,Assam,JORHAT,Summer,2011,1.2312267657992566
RICE_011826,Rice,Assam,JORHAT,Winter,2011,1.8788699825989466
RICE_011827,Rice,Assam,KAMRUP,Autumn,2011,1.356920852909288
RICE_011828,Rice,Assam,KAMRUP,Summer,2011,2.6770108026017936
RICE_011829,Rice,Assam,KAMRUP,Winter,2011,1.6712525001351424
RICE_011830,Rice,Assam,KAMRUP METRO,Autumn,2011,1.222130470685384
RICE_011831,Rice,Assam,KAMRUP METRO,Summer,2011,2.908944099378882
RICE_011832,Rice,Assam,KAMRUP METRO,Winter,2011,1.957170731707317
RICE_011833,Rice,Assam,KARBI ANGLONG,Autumn,2011,1.3758734828981243
RICE_011834,Rice,Assam,KARBI ANGLONG,Summer,2011,1.6843987483236478
RICE_011835,Rice,Assam,KARBI ANGLONG,Winter,2011,1.4353815512853612
RICE_011836,Rice,Assam,KARIMGANJ,Autumn,2011,1.8852678571428572
RICE_011837,Rice,Assam,KARIMGANJ,Summer,2011,1.9069626026147766
RICE_011838,Rice,Assam,KARIMGANJ,Winter,2011,2.788530411326333
RICE_011839,Rice,Assam,KOKRAJHAR,Autumn,2011,1.5721325731954778
RICE_011840,Rice,Assam,KOKRAJHAR,Summer,2011,2.4630807277866102
RICE_011841,Rice,Assam,KOKRAJHAR,Winter,2011,1.5485691510561976
RICE_011842,Rice,Assam,LAKHIMPUR,Autumn,2011,0.9566866680460722
RICE_011843,Rice,Assam,LAKHIMPUR,Summer,2011,1.6721980288792115
RICE_011844,Rice,Assam,LAKHIMPUR,Winter,2011,1.8396148796498906
RICE_011845,Rice,Assam,MARIGAON,Autumn,2011,0.7665952890792291
RICE_011846,Rice,Assam,MARIGAON,Summer,2011,2.8199972423936024
RICE_011847,Rice,Assam,MARIGAON,Winter,2011,1.8813428471166218
RICE_011848,Rice,Assam,NAGAON,Autumn,2011,1.5194635488308115
RICE_011849,Rice,Assam,NAGAON,Summer,2011,2.270710345495016
RICE_011850,Rice,Assam,NAGAON,Winter,2011,1.5288283658787256
RICE_011851,Rice,Assam,NALBARI,Autumn,2011,0.8530386740331491
RICE_011852,Rice,Assam,NALBARI,Summer,2011,2.6130392156862747
RICE_011853,Rice,Assam,NALBARI,Winter,2011,1.699123076923077
RICE_011854,Rice,Assam,SIVASAGAR,Autumn,2011,0.8387096774193549
RICE_011855,Rice,Assam,SIVASAGAR,Summer,2011,2.744047619047619
RICE_011856,Rice,Assam,SIVASAGAR,Winter,2011,2.205272193265492
RICE_011857,Rice,Assam,SONITPUR,Autumn,2011,1.465659601993836
RICE_011858,Rice,Assam,SONITPUR,Summer,2011,3.35903185006324
RICE_011859,Rice,Assam,SONITPUR,Winter,2011,1.646402042711235
RICE_011860,Rice,Assam,TINSUKIA,Autumn,2011,1.8871331828442437
RICE_011861,Rice,Assam,TINSUKIA,Summer,2011,2.776470588235294
RICE_011862,Rice,Assam,TINSUKIA,Winter,2011,1.8179076343072573
RICE_011863,Rice,Assam,UDALGURI,Autumn,2011,0.984674464487035
RICE_011864,Rice,Assam,UDALGURI,Summer,2011,1.853206239168111
RICE_011865,Rice,Assam,UDALGURI,Winter,2011,1.5527039115231358
RICE_011866,Rice,Bihar,ARARIA,Autumn,2011,1.1947487113402062
RICE_011867,Rice,Bihar,ARARIA,Summer,2011,2.104309827206618
RICE_011868,Rice,Bihar,ARARIA,Winter,2011,2.0033494410685027
RICE_011869,Rice,Bihar,ARWAL,Autumn,2011,1.5
RICE_011870,Rice,Bihar,ARWAL,Winter,2011,3.0663063337393424
RICE_011871,Rice,Bihar,AURANGABAD,Winter,2011,3.303595554092256
RICE_011872,Rice,Bihar,BANKA,Winter,2011,3.914832631789938
RICE_011873,Rice,Bihar,BEGUSARAI,Autumn,2011,1.2709401709401709
RICE_011874,Rice,Bihar,BEGUSARAI,Summer,2011,1.75390625
RICE_011875,Rice,Bihar,BEGUSARAI,Winter,2011,2.0204369274136718
RICE_011876,Rice,Bihar,BHAGALPUR,Autumn,2011,1.6078098471986417
RICE_011877,Rice,Bihar,BHAGALPUR,Summer,2011,1.8224637681159421
RICE_011878,Rice,Bihar,BHAGALPUR,Winter,2011,3.0885295486272684
RICE_011879,Rice,Bihar,BHOJPUR,Autumn,2011,1.603211009174312
RICE_011880,Rice,Bihar,BHOJPUR,Summer,2011,1.5
RICE_011881,Rice,Bihar,BHOJPUR,Winter,2011,3.302458877075032
RICE_011882,Rice,Bihar,BUXAR,Autumn,2011,1.5
RICE_011883,Rice,Bihar,BUXAR,Winter,2011,3.523794572161852
RICE_011884,Rice,Bihar,DARBHANGA,Autumn,2011,1.6718020667512075
RICE_011885,Rice,Bihar,DARBHANGA,Summer,2011,1.6133101348412353
RICE_011886,Rice,Bihar,DARBHANGA,Winter,2011,2.024003979934497
RICE_011887,Rice,Bihar,GAYA,Autumn,2011,1.606060606060606
RICE_011888,Rice,Bihar,GAYA,Summer,2011,1.4615384615384615
RICE_011889,Rice,Bihar,GAYA,Winter,2011,3.222169308569744
RICE_011890,Rice,Bihar,GOPALGANJ,Autumn,2011,1.8466018776708961
RICE_011891,Rice,Bihar,GOPALGANJ,Winter,2011,2.437898623699228
RICE_011892,Rice,Bihar,JAMUI,Autumn,2011,1.5925925925925926
RICE_011893,Rice,Bihar,JAMUI,Winter,2011,2.083623551455164
RICE_011894,Rice,Bihar,JEHANABAD,Winter,2011,2.822302506611047
RICE_011895,Rice,Bihar,KAIMUR (BHABUA),Winter,2011,3.492601642877109
RICE_011896,Rice,Bihar,KATIHAR,Autumn,2011,1.7622785539392194
RICE_011897,Rice,Bihar,KATIHAR,Summer,2011,1.866676542478335
RICE_011898,Rice,Bihar,KATIHAR,Winter,2011,2.136713459424146
RICE_011899,Rice,Bihar,KHAGARIA,Autumn,2011,0.986895376092052
RICE_011900,Rice,Bihar,KHAGARIA,Summer,2011,1.5054945054945055
RICE_011901,Rice,Bihar,KHAGARIA,Winter,2011,1.8807439824945296
RICE_011902,Rice,Bihar,KISHANGANJ,Autumn,2011,0.9852193995381062
RICE_011903,Rice,Bihar,KISHANGANJ,Summer,2011,1.8814191602508135
RICE_011904,Rice,Bihar,KISHANGANJ,Winter,2011,2.221351326082214
RICE_011905,Rice,Bihar,LAKHISARAI,Winter,2011,1.9209465381244522
RICE_011906,Rice,Bihar,MADHEPURA,Autumn,2011,0.8736607878687984
RICE_011907,Rice,Bihar,MADHEPURA,Summer,2011,1.635667396061269
RICE_011908,Rice,Bihar,MADHEPURA,Winter,2011,1.5135432421284203
RICE_011909,Rice,Bihar,MADHUBANI,Autumn,2011,1.7500057275080758
RICE_011910,Rice,Bihar,MADHUBANI,Summer,2011,1.8248669569424287
RICE_011911,Rice,Bihar,MADHUBANI,Winter,2011,1.5945895270523647
RICE_011912,Rice,Bihar,MUNGER,Summer,2011,1.7582417582417582
RICE_011913,Rice,Bihar,MUNGER,Winter,2011,2.1231725645579997
RICE_011914,Rice,Bihar,MUZAFFARPUR,Autumn,2011,1.674071856287425
RICE_011915,Rice,Bihar,MUZAFFARPUR,Summer,2011,1.8115942028985508
RICE_011916,Rice,Bihar,MUZAFFARPUR,Winter,2011,2.365187683866348
RICE_011917,Rice,Bihar,NALANDA,Autumn,2011,1.5907590759075907
RICE_011918,Rice,Bihar,NALANDA,Winter,2011,2.7515373886581926
RICE_011919,Rice,Bihar,NAWADA,Winter,2011,2.938644011528769
RICE_011920,Rice,Bihar,PASHCHIM CHAMPARAN,Autumn,2011,1.9752972258916777
RICE_011921,Rice,Bihar,PASHCHIM CHAMPARAN,Summer,2011,1.6373626373626373
RICE_011922,Rice,Bihar,PASHCHIM CHAMPARAN,Winter,2011,2.596508632547748
RICE_011923,Rice,Bihar,PATNA,Autumn,2011,1.5985915492957747
RICE_011924,Rice,Bihar,PATNA,Winter,2011,2.786250250116721
RICE_011925,Rice,Bihar,PURBI CHAMPARAN,Autumn,2011,1.4319157910882736
RICE_011926,Rice,Bihar,PURBI CHAMPARAN,Winter,2011,2.6420981691564642
RICE_011927,Rice,Bihar,PURNIA,Autumn,2011,1.1484255579333538
RICE_011928,Rice,Bihar,PURNIA,Summer,2011,1.7938267081883128
RICE_011929,Rice,Bihar,PURNIA,Winter,2011,2.1741256568549314
RICE_011930,Rice,Bihar,ROHTAS,Autumn,2011,1.588235294117647
RICE_011931,Rice,Bihar,ROHTAS,Summer,2011,1.4761904761904763
RICE_011932,Rice,Bihar,ROHTAS,Winter,2011,4.3275074513677
RICE_011933,Rice,Bihar,SAHARSA,Autumn,2011,1.714066398004222
RICE_011934,Rice,Bihar,SAHARSA,Summer,2011,1.9544084400904296
RICE_011935,Rice,Bihar,SAHARSA,Winter,2011,2.021381555361163
RICE_011936,Rice,Bihar,SAMASTIPUR,Autumn,2011,1.9393455859735467
RICE_011937,Rice,Bihar,SAMASTIPUR,Winter,2011,2.1325694723420607
RICE_011938,Rice,Bihar,SARAN,Autumn,2011,1.6985925163062134
RICE_011939,Rice,Bihar,SARAN,Summer,2011,2.0036630036630036
RICE_011940,Rice,Bihar,SARAN,Winter,2011,1.753577853556373
RICE_011941,Rice,Bihar,SHEIKHPURA,Autumn,2011,1.507936507936508
RICE_011942,Rice,Bihar,SHEIKHPURA,Winter,2011,2.254778101716877
RICE_011943,Rice,Bihar,SHEOHAR,Autumn,2011,2.996656346749226
RICE_011944,Rice,Bihar,SHEOHAR,Winter,2011,2.389515349565057
RICE_011945,Rice,Bihar,SITAMARHI,Autumn,2011,1.3665438467207074
RICE_011946,Rice,Bihar,SITAMARHI,Summer,2011,1.8
RICE_011947,Rice,Bihar,SITAMARHI,Winter,2011,1.6696195195798986
RICE_011948,Rice,Bihar,SIWAN,Autumn,2011,1.5693213320099935
RICE_011949,Rice,Bihar,SIWAN,Winter,2011,2.044656473096803
RICE_011950,Rice,Bihar,SUPAUL,Autumn,2011,0.8894106458228074
RICE_011951,Rice,Bihar,SUPAUL,Summer,2011,1.4468291108600937
RICE_011952,Rice,Bihar,SUPAUL,Winter,2011,1.7622980436690239
RICE_011953,Rice,Bihar,VAISHALI,Autumn,2011,1.5031906407870248
RICE_011954,Rice,Bihar,VAISHALI,Summer,2011,1.8211920529801324
RICE_011955,Rice,Bihar,VAISHALI,Winter,2011,2.4182191923397167
RICE_011956,Rice,Chhattisgarh,BALOD,Kharif,2011,1.849222256725856
RICE_011957,Rice,Chhattisgarh,BALODA BAZAR,Kharif,2011,1.1746544637863845
RICE_011958,Rice,Chhattisgarh,BALRAMPUR,Kharif,2011,1.370323809058842
RICE_011959,Rice,Chhattisgarh,BASTAR,Kharif,2011,1.061221061856423
RICE_011960,Rice,Chhattisgarh,BEMETARA,Kharif,2011,1.7462170174727811
RICE_011961,Rice,Chhattisgarh,BIJAPUR,Kharif,2011,1.4221999678105832
RICE_011962,Rice,Chhattisgarh,BILASPUR,Kharif,2011,1.8351205001692168
RICE_011963,Rice,Chhattisgarh,DANTEWADA,Kharif,2011,1.2726765659154293
RICE_011964,Rice,Chhattisgarh,DHAMTARI,Kharif,2011,2.4936807047568625
RICE_011965,Rice,Chhattisgarh,DURG,Kharif,2011,1.922078423499251
RICE_011966,Rice,Chhattisgarh,GARIYABAND,Kharif,2011,1.1441417398717522
RICE_011967,Rice,Chhattisgarh,JANJGIR-CHAMPA,Kharif,2011,2.629195111130193
RICE_011968,Rice,Chhattisgarh,JASHPUR,Kharif,2011,1.4861153510987273
RICE_011969,Rice,Chhattisgarh,KABIRDHAM,Kharif,2011,1.619771147917864
RICE_011970,Rice,Chhattisgarh,KANKER,Kharif,2011,1.3880139806183027
RICE_011971,Rice,Chhattisgarh,KONDAGAON,Kharif,2011,1.05680746463329
RICE_011972,Rice,Chhattisgarh,KORBA,Kharif,2011,1.3911253347027106
RICE_011973,Rice,Chhattisgarh,KOREA,Kharif,2011,1.4992980344965905
RICE_011974,Rice,Chhattisgarh,MAHASAMUND,Kharif,2011,1.4171066962106134
RICE_011975,Rice,Chhattisgarh,MUNGELI,Kharif,2011,1.9749337078340248
RICE_011976,Rice,Chhattisgarh,NARAYANPUR,Kharif,2011,1.0898960811318392
RICE_011977,Rice,Chhattisgarh,RAIGARH,Kharif,2011,1.388788449258175
RICE_011978,Rice,Chhattisgarh,RAIPUR,Kharif,2011,1.3008651736556691
RICE_011979,Rice,Chhattisgarh,RAJNANDGAON,Kharif,2011,1.6581778067129629
RICE_011980,Rice,Chhattisgarh,SUKMA,Kharif,2011,1.2789904406294306
RICE_011981,Rice,Chhattisgarh,SURAJPUR,Kharif,2011,1.3796846658294963
RICE_011982,Rice,Chhattisgarh,SURGUJA,Kharif,2011,1.398020373024826
RICE_011983,Rice,Dadra and Nagar Haveli,DADRA AND NAGAR HAVELI,Kharif,2011,1.7599844901124466
RICE_011984,Rice,Dadra and Nagar Haveli,DADRA AND NAGAR HAVELI,Rabi,2011,1.1346704871060171
RICE_011985,Rice,Goa,NORTH GOA,Kharif,2011,2.6613019590432323
RICE_011986,Rice,Goa,NORTH GOA,Rabi,2011,2.734674556213018
RICE_011987,Rice,Goa,SOUTH GOA,Kharif,2011,2.3296038705775626
RICE_011988,Rice,Goa,SOUTH GOA,Rabi,2011,2.6675066312997346
RICE_011989,Rice,Gujarat,AHMADABAD,Kharif,2011,2.6134453781512605
RICE_011990,Rice,Gujarat,AHMADABAD,Summer,2011,3.872340425531915
RICE_011991,Rice,Gujarat,ANAND,Kharif,2011,2.230337078651685
RICE_011992,Rice,Gujarat,ANAND,Summer,2011,2.25
RICE_011993,Rice,Gujarat,BHARUCH,Kharif,2011,1.6019417475728155
RICE_011994,Rice,Gujarat,BHARUCH,Summer,2011,3.1785714285714284
RICE_011995,Rice,Gujarat,DANG,Kharif,2011,1.7055555555555555
RICE_011996,Rice,Gujarat,DOHAD,Kharif,2011,0.8756906077348067
RICE_011997,Rice,Gujarat,GANDHINAGAR,Kharif,2011,2.284090909090909
RICE_011998,Rice,Gujarat,JUNAGADH,Kharif,2011,2.5
RICE_011999,Rice,Gujarat,KHEDA,Kharif,2011,2.1815384615384614
RICE_012000,Rice,Gujarat,KHEDA,Summer,2011,2.816666666666667
RICE_012001,Rice,Gujarat,MAHESANA,Kharif,2011,1.7962962962962963
RICE_012002,Rice,Gujarat,NARMADA,Kharif,2011,0.8212290502793296
RICE_012003,Rice,Gujarat,NAVSARI,Kharif,2011,2.5651340996168583
RICE_012004,Rice,Gujarat,NAVSARI,Summer,2011,2.9452554744525545
RICE_012005,Rice,Gujarat,PANCH MAHALS,Kharif,2011,1.2541507024265646
RICE_012006,Rice,Gujarat,PANCH MAHALS,Summer,2011,3.25
RICE_012007,Rice,Gujarat,SABAR KANTHA,Kharif,2011,2.373134328358209
RICE_012008,Rice,Gujarat,SURAT,Kharif,2011,2.424474187380497
RICE_012009,Rice,Gujarat,SURAT,Summer,2011,3.3684210526315788
RICE_012010,Rice,Gujarat,SURENDRANAGAR,Kharif,2011,2.4
RICE_012011,Rice,Gujarat,TAPI,Kharif,2011,2.0993657505285412
RICE_012012,Rice,Gujarat,TAPI,Summer,2011,3.1923076923076925
RICE_012013,Rice,Gujarat,VADODARA,Kharif,2011,1.2454954954954955
RICE_012014,Rice,Gujarat,VALSAD,Kharif,2011,2.1560178306092124
RICE_012015,Rice,Gujarat,VALSAD,Summer,2011,3.2222222222222223
RICE_012016,Rice,Haryana,AMBALA,Kharif,2011,3.8989659264282084
RICE_012017,Rice,Haryana,BHIWANI,Kharif,2011,2.625570776255708
RICE_012018,Rice,Haryana,FARIDABAD,Kharif,2011,2.4234031504240954
RICE_012019,Rice,Haryana,FATEHABAD,Kharif,2011,3.7329290284047185
RICE_012020,Rice,Haryana,GURGAON,Kharif,2011,3.1230480949406623
RICE_012021,Rice,Haryana,HISAR,Kharif,2011,2.586146641504159
RICE_012022,Rice,Haryana,JHAJJAR,Kharif,2011,2.1666720563981503
RICE_012023,Rice,Haryana,JIND,Kharif,2011,2.5858916537517196
RICE_012024,Rice,Haryana,KAITHAL,Kharif,2011,2.901268754405397
RICE_012025,Rice,Haryana,KARNAL,Kharif,2011,3.035738090332901
RICE_012026,Rice,Haryana,KURUKSHETRA,Kharif,2011,3.7866288278775078
RICE_012027,Rice,Haryana,MEWAT,Kharif,2011,2.9658922392486406
RICE_012028,Rice,Haryana,PALWAL,Kharif,2011,2.7171395930465927
RICE_012029,Rice,Haryana,PANCHKULA,Kharif,2011,2.731941864277128
RICE_012030,Rice,Haryana,PANIPAT,Kharif,2011,2.6436237373737375
RICE_012031,Rice,Haryana,REWARI,Kharif,2011,2.72892662219527
RICE_012032,Rice,Haryana,ROHTAK,Kharif,2011,2.139582272032603
RICE_012033,Rice,Haryana,SIRSA,Kharif,2011,0.32180336704606705
RICE_012034,Rice,Haryana,SONIPAT,Kharif,2011,2.416810021846274
RICE_012035,Rice,Haryana,YAMUNANAGAR,Kharif,2011,3.6887671534554665
RICE_012036,Rice,Karnataka,BAGALKOT,Kharif,2011,3.2151898734177213
RICE_012037,Rice,Karnataka,BAGALKOT,Summer,2011,3.3333333333333335
RICE_012038,Rice,Karnataka,BANGALORE RURAL,Kharif,2011,3.3123287671232875
RICE_012039,Rice,Karnataka,BANGALORE RURAL,Summer,2011,3.4052287581699345
RICE_012040,Rice,Karnataka,BELGAUM,Kharif,2011,2.32731803855457
RICE_012041,Rice,Karnataka,BELGAUM,Summer,2011,3.402173913043478
RICE_012042,Rice,Karnataka,BELLARY,Kharif,2011,3.7401522803200993
RICE_012043,Rice,Karnataka,BELLARY,Summer,2011,3.583391110083969
RICE_012044,Rice,Karnataka,BENGALURU URBAN,Kharif,2011,3.4418439716312057
RICE_012045,Rice,Karnataka,BENGALURU URBAN,Summer,2011,3.888888888888889
RICE_012046,Rice,Karnataka,BIDAR,Kharif,2011,0.8984435198027431
RICE_012047,Rice,Karnataka,BIJAPUR,Kharif,2011,3.215909090909091
RICE_012048,Rice,Karnataka,CHAMARAJANAGAR,Kharif,2011,3.0124627847400123
RICE_012049,Rice,Karnataka,CHAMARAJANAGAR,Rabi,2011,3.462167689161554
RICE_012050,Rice,Karnataka,CHAMARAJANAGAR,Summer,2011,3.074656188605108
RICE_012051,Rice,Karnataka,CHIKBALLAPUR,Kharif,2011,2.9598214285714284
RICE_012052,Rice,Karnataka,CHIKBALLAPUR,Summer,2011,3.391489361702128
RICE_012053,Rice,Karnataka,CHIKMAGALUR,Kharif,2011,2.713204393505253
RICE_012054,Rice,Karnataka,CHIKMAGALUR,Summer,2011,2.566075514874142
RICE_012055,Rice,Karnataka,CHITRADURGA,Kharif,2011,2.226762650857506
RICE_012056,Rice,Karnataka,CHITRADURGA,Rabi,2011,2.3019607843137253
RICE_012057,Rice,Karnataka,CHITRADURGA,Summer,2011,1.9973787680209698
RICE_012058,Rice,Karnataka,DAKSHIN KANNAD,Kharif,2011,2.6894488480399716
RICE_012059,Rice,Karnataka,DAKSHIN KANNAD,Rabi,2011,2.2234939475295556
RICE_012060,Rice,Karnataka,DAKSHIN KANNAD,Summer,2011,2.490740740740741
RICE_012061,Rice,Karnataka,DAVANGERE,Kharif,2011,3.5230728024080404
RICE_012062,Rice,Karnataka,DAVANGERE,Summer,2011,4.022296943884032
RICE_012063,Rice,Karnataka,DHARWAD,Kharif,2011,1.0060856674728875
RICE_012064,Rice,Karnataka,DHARWAD,Summer,2011,3.4
RICE_012065,Rice,Karnataka,GADAG,Kharif,2011,2.7591721542803387
RICE_012066,Rice,Karnataka,GADAG,Summer,2011,2.2888198757763973
RICE_012067,Rice,Karnataka,GULBARGA,Kharif,2011,1.6243144424131628
RICE_012068,Rice,Karnataka,GULBARGA,Rabi,2011,1.248695652173913
RICE_012069,Rice,Karnataka,GULBARGA,Summer,2011,1.7169811320754718
RICE_012070,Rice,Karnataka,HASSAN,Kharif,2011,2.5814514219284836
RICE_012071,Rice,Karnataka,HASSAN,Rabi,2011,2.6539196940726577
RICE_012072,Rice,Karnataka,HASSAN,Summer,2011,2.4854881266490767
RICE_012073,Rice,Karnataka,HAVERI,Kharif,2011,2.2843323428877818
RICE_012074,Rice,Karnataka,HAVERI,Summer,2011,3.3231645312182225
RICE_012075,Rice,Karnataka,KODAGU,Kharif,2011,2.6000293556436227
RICE_012076,Rice,Karnataka,KODAGU,Rabi,2011,2.3333333333333335
RICE_012077,Rice,Karnataka,KODAGU,Summer,2011,3.061224489795918
RICE_012078,Rice,Karnataka,KOLAR,Kharif,2011,1.9585441806150252
RICE_012079,Rice,Karnataka,KOLAR,Summer,2011,3.4
RICE_012080,Rice,Karnataka,KOPPAL,Kharif,2011,3.81792036962825
RICE_012081,Rice,Karnataka,KOPPAL,Summer,2011,3.4295138476167835
RICE_012082,Rice,Karnataka,MANDYA,Kharif,2011,3.9464970159441344
RICE_012083,Rice,Karnataka,MANDYA,Summer,2011,3.1321663533834587
RICE_012084,Rice,Karnataka,MYSORE,Kharif,2011,3.2433036542385456
RICE_012085,Rice,Karnataka,MYSORE,Rabi,2011,2.25
RICE_012086,Rice,Karnataka,MYSORE,Summer,2011,3.4228376327769348
RICE_012087,Rice,Karnataka,RAICHUR,Kharif,2011,3.2878464818763327
RICE_012088,Rice,Karnataka,RAICHUR,Summer,2011,2.9117417619367854
RICE_012089,Rice,Karnataka,RAMANAGARA,Kharif,2011,2.691701244813278
RICE_012090,Rice,Karnataka,RAMANAGARA,Summer,2011,1.7173447537473234
RICE_012091,Rice,Karnataka,SHIMOGA,Kharif,2011,2.9137963536476987
RICE_012092,Rice,Karnataka,SHIMOGA,Summer,2011,3.416382252559727
RICE_012093,Rice,Karnataka,TUMKUR,Kharif,2011,2.544612907554005
RICE_012094,Rice,Karnataka,TUMKUR,Rabi,2011,3.2301255230125525
RICE_012095,Rice,Karnataka,TUMKUR,Summer,2011,3.33927042301764
RICE_012096,Rice,Karnataka,UDUPI,Kharif,2011,2.5758033624175356
RICE_012097,Rice,Karnataka,UDUPI,Rabi,2011,2.3001577861390947
RICE_012098,Rice,Karnataka,UDUPI,Summer,2011,2.2427184466019416
RICE_012099,Rice,Karnataka,UTTAR KANNAD,Kharif,2011,1.9918032786885247
RICE_012100,Rice,Karnataka,UTTAR KANNAD,Rabi,2011,2.2803638309256287
RICE_012101,Rice,Karnataka,UTTAR KANNAD,Summer,2011,2.1861908456167574
RICE_012102,Rice,Karnataka,YADGIR,Kharif,2011,1.9821067042014537
RICE_012103,Rice,Karnataka,YADGIR,Rabi,2011,1.8943217665615142
RICE_012104,Rice,Karnataka,YADGIR,Summer,2011,1.4524980585037535
RICE_012105,Rice,Kerala,ALAPPUZHA,Autumn,2011,3.062647814626285
RICE_012106,Rice,Kerala,ALAPPUZHA,Summer,2011,3.095960404873909
RICE_012107,Rice,Kerala,ALAPPUZHA,Winter,2011,3.104854696991472
RICE_012108,Rice,Kerala,ERNAKULAM,Autumn,2011,2.069687544858606
RICE_012109,Rice,Kerala,ERNAKULAM,Summer,2011,2.1812806922359944
RICE_012110,Rice,Kerala,ERNAKULAM,Winter,2011,2.1965201332934416
RICE_012111,Rice,Kerala,IDUKKI,Autumn,2011,2.409543967673658
RICE_012112,Rice,Kerala,IDUKKI,Summer,2011,2.3789919782049345
RICE_012113,Rice,Kerala,IDUKKI,Winter,2011,2.508103900535284
RICE_012114,Rice,Kerala,KANNUR,Autumn,2011,2.0239234259649233
RICE_012115,Rice,Kerala,KANNUR,Summer,2011,2.0786071726438697
RICE_012116,Rice,Kerala,KANNUR,Winter,2011,2.199179373688789
RICE_012117,Rice,Kerala,KASARAGOD,Autumn,2011,2.350966343727425
RICE_012118,Rice,Kerala,KASARAGOD,Summer,2011,2.6066754317815093
RICE_012119,Rice,Kerala,KASARAGOD,Winter,2011,1.9527558530655744
RICE_012120,Rice,Kerala,KOLLAM,Autumn,2011,2.2524802787591347
RICE_012121,Rice,Kerala,KOLLAM,Summer,2011,1.5480083857442348
RICE_012122,Rice,Kerala,KOLLAM,Winter,2011,2.2952871870397646
RICE_012123,Rice,Kerala,KOTTAYAM,Autumn,2011,2.854153482000085
RICE_012124,Rice,Kerala,KOTTAYAM,Summer,2011,3.1091657872030307
RICE_012125,Rice,Kerala,KOTTAYAM,Winter,2011,2.6865245642800755
RICE_012126,Rice,Kerala,KOZHIKODE,Autumn,2011,1.569321024933138
RICE_012127,Rice,Kerala,KOZHIKODE,Summer,2011,2.286203763298376
RICE_012128,Rice,Kerala,KOZHIKODE,Winter,2011,1.2669519261605506
RICE_012129,Rice,Kerala,MALAPPURAM,Autumn,2011,2.072250339142231
RICE_012130,Rice,Kerala,MALAPPURAM,Summer,2011,3.6082045331094763
RICE_012131,Rice,Kerala,MALAPPURAM,Winter,2011,2.1674272486772486
RICE_012132,Rice,Kerala,PALAKKAD,Autumn,2011,2.439107193557478
RICE_012133,Rice,Kerala,PALAKKAD,Summer,2011,2.9199904922968476
RICE_012134,Rice,Kerala,PALAKKAD,Winter,2011,2.858206106015153
RICE_012135,Rice,Kerala,PATHANAMTHITTA,Autumn,2011,2.1140466754733596
RICE_012136,Rice,Kerala,PATHANAMTHITTA,Summer,2011,3.292049512542447
RICE_012137,Rice,Kerala,PATHANAMTHITTA,Winter,2011,2.9067014868792387
RICE_012138,Rice,Kerala,THIRUVANANTHAPURAM,Autumn,2011,2.6040847150990056
RICE_012139,Rice,Kerala,THIRUVANANTHAPURAM,Summer,2011,2.3905024946543123
RICE_012140,Rice,Kerala,THIRUVANANTHAPURAM,Winter,2011,2.5356284507957128
RICE_012141,Rice,Kerala,THRISSUR,Autumn,2011,2.1236670583684285
RICE_012142,Rice,Kerala,THRISSUR,Summer,2011,3.6305130191806283
RICE_012143,Rice,Kerala,THRISSUR,Winter,2011,2.6590529621850503
RICE_012144,Rice,Kerala,WAYANAD,Summer,2011,2.6570144073248456
RICE_012145,Rice,Kerala,WAYANAD,Winter,2011,2.608233853128828
RICE_012146,Rice,Madhya Pradesh,ALIRAJPUR,Kharif,2011,0.7520152425619229
RICE_012147,Rice,Madhya Pradesh,ANUPPUR,Kharif,2011,1.0298800786106765
RICE_012148,Rice,Madhya Pradesh,ASHOKNAGAR,Kharif,2011,0.9221967963386728
RICE_012149,Rice,Madhya Pradesh,BALAGHAT,Kharif,2011,1.3544030338490198
RICE_012150,Rice,Madhya Pradesh,BARWANI,Kharif,2011,0.8569332355099046
RICE_012151,Rice,Madhya Pradesh,BETUL,Kharif,2011,1.5751428101271774
RICE_012152,Rice,Madhya Pradesh,BHIND,Kharif,2011,3.290886828756341
RICE_012153,Rice,Madhya Pradesh,BHOPAL,Kharif,2011,1.6521739130434783
RICE_012154,Rice,Madhya Pradesh,BURHANPUR,Kharif,2011,1.5561290322580645
RICE_012155,Rice,Madhya Pradesh,CHHATARPUR,Kharif,2011,0.8899475283070974
RICE_012156,Rice,Madhya Pradesh,CHHINDWARA,Kharif,2011,2.176220923823173
RICE_012157,Rice,Madhya Pradesh,DAMOH,Kharif,2011,1.0867989711045605
RICE_012158,Rice,Madhya Pradesh,DATIA,Kharif,2011,1.2164431802790194
RICE_012159,Rice,Madhya Pradesh,DEWAS,Kharif,2011,0.9281437125748503
RICE_012160,Rice,Madhya Pradesh,DHAR,Kharif,2011,0.8668054110301769
RICE_012161,Rice,Madhya Pradesh,DINDORI,Kharif,2011,1.0097974432612398
RICE_012162,Rice,Madhya Pradesh,GUNA,Kharif,2011,1.3754152823920265
RICE_012163,Rice,Madhya Pradesh,GWALIOR,Kharif,2011,3.1445975960282206
RICE_012164,Rice,Madhya Pradesh,HARDA,Kharif,2011,3.5037593984962405
RICE_012165,Rice,Madhya Pradesh,HOSHANGABAD,Kharif,2011,1.9829837752275425
RICE_012166,Rice,Madhya Pradesh,INDORE,Kharif,2011,1.0
RICE_012167,Rice,Madhya Pradesh,JABALPUR,Kharif,2011,1.289588438058059
RICE_012168,Rice,Madhya Pradesh,JHABUA,Kharif,2011,0.7060229051660213
RICE_012169,Rice,Madhya Pradesh,KATNI,Kharif,2011,1.272684816642785
RICE_012170,Rice,Madhya Pradesh,KHANDWA,Kharif,2011,1.2001815117334371
RICE_012171,Rice,Madhya Pradesh,KHARGONE,Kharif,2011,0.8453557312252964
RICE_012172,Rice,Madhya Pradesh,MANDLA,Kharif,2011,1.0469318669442635
RICE_012173,Rice,Madhya Pradesh,MORENA,Kharif,2011,2.9058823529411764
RICE_012174,Rice,Madhya Pradesh,NARSINGHPUR,Kharif,2011,1.8726836532097948
RICE_012175,Rice,Madhya Pradesh,NEEMUCH,Kharif,2011,0.7608695652173914
RICE_012176,Rice,Madhya Pradesh,PANNA,Kharif,2011,1.0205124844354152
RICE_012177,Rice,Madhya Pradesh,RAISEN,Kharif,2011,1.5316354261027105
RICE_012178,Rice,Madhya Pradesh,RAJGARH,Kharif,2011,0.9102564102564102
RICE_012179,Rice,Madhya Pradesh,RATLAM,Kharif,2011,0.9733969986357435
RICE_012180,Rice,Madhya Pradesh,REWA,Kharif,2011,1.2286239920221453
RICE_012181,Rice,Madhya Pradesh,SAGAR,Kharif,2011,0.7989312977099237
RICE_012182,Rice,Madhya Pradesh,SATNA,Kharif,2011,1.6386006690480241
RICE_012183,Rice,Madhya Pradesh,SEHORE,Kharif,2011,1.6568618842742997
RICE_012184,Rice,Madhya Pradesh,SEONI,Kharif,2011,1.475096136238784
RICE_012185,Rice,Madhya Pradesh,SHAHDOL,Kharif,2011,1.8410963915739207
RICE_012186,Rice,Madhya Pradesh,SHAJAPUR,Kharif,2011,0.8910891089108911
RICE_012187,Rice,Madhya Pradesh,SHEOPUR,Kharif,2011,2.94580518018018
RICE_012188,Rice,Madhya Pradesh,SHIVPURI,Kharif,2011,1.57804032083243
RICE_012189,Rice,Madhya Pradesh,SIDHI,Kharif,2011,1.0481376285853041
RICE_012190,Rice,Madhya Pradesh,SINGRAULI,Kharif,2011,0.6272766139375802
RICE_012191,Rice,Madhya Pradesh,TIKAMGARH,Kharif,2011,0.7407467664524526
RICE_012192,Rice,Madhya Pradesh,UMARIA,Kharif,2011,1.0966830098058835
RICE_012193,Rice,Madhya Pradesh,VIDISHA,Kharif,2011,1.1133896260554885
RICE_012194,Rice,Maharashtra,AHMEDNAGAR,Kharif,2011,0.9873417721518988
RICE_012195,Rice,Maharashtra,AMRAVATI,Kharif,2011,0.7560975609756098
RICE_012196,Rice,Maharashtra,BEED,Kharif,2011,0.5
RICE_012197,Rice,Maharashtra,BHANDARA,Kharif,2011,1.709373266777593
RICE_012198,Rice,Maharashtra,BHANDARA,Summer,2011,2.54
RICE_012199,Rice,Maharashtra,CHANDRAPUR,Kharif,2011,1.2643896268184693
RICE_012200,Rice,Maharashtra,CHANDRAPUR,Summer,2011,1.8333333333333333
RICE_012201,Rice,Maharashtra,DHULE,Kharif,2011,0.6708860759493671
RICE_012202,Rice,Maharashtra,GADCHIROLI,Kharif,2011,1.1977660972404731
RICE_012203,Rice,Maharashtra,GADCHIROLI,Summer,2011,1.6551724137931034
RICE_012204,Rice,Maharashtra,GONDIA,Kharif,2011,1.7060185185185186
RICE_012205,Rice,Maharashtra,GONDIA,Summer,2011,2.3636363636363638
RICE_012206,Rice,Maharashtra,HINGOLI,Kharif,2011,0.3333333333333333
RICE_012207,Rice,Maharashtra,JALGAON,Kharif,2011,1.5
RICE_012208,Rice,Maharashtra,KOLHAPUR,Kharif,2011,2.6740172579098753
RICE_012209,Rice,Maharashtra,KOLHAPUR,Summer,2011,3.3333333333333335
RICE_012210,Rice,Maharashtra,LATUR,Kharif,2011,0.47761194029850745
RICE_012211,Rice,Maharashtra,NAGPUR,Kharif,2011,1.5148387096774194
RICE_012212,Rice,Maharashtra,NANDED,Kharif,2011,0.375
RICE_012213,Rice,Maharashtra,NANDURBAR,Kharif,2011,1.634020618556701
RICE_012214,Rice,Maharashtra,NASHIK,Kharif,2011,1.2368839427662957
RICE_012215,Rice,Maharashtra,OSMANABAD,Kharif,2011,0.38317757009345793
RICE_012216,Rice,Maharashtra,PARBHANI,Kharif,2011,0.35294117647058826
RICE_012217,Rice,Maharashtra,PUNE,Kharif,2011,1.3806451612903226
RICE_012218,Rice,Maharashtra,RAIGAD,Kharif,2011,2.4119547657512115
RICE_012219,Rice,Maharashtra,RAIGAD,Summer,2011,2.533333333333333
RICE_012220,Rice,Maharashtra,RATNAGIRI,Kharif,2011,2.9211886304909562
RICE_012221,Rice,Maharashtra,RATNAGIRI,Summer,2011,3.0
RICE_012222,Rice,Maharashtra,SANGLI,Kharif,2011,1.861878453038674
RICE_012223,Rice,Maharashtra,SATARA,Kharif,2011,1.6435643564356435
RICE_012224,Rice,Maharashtra,SINDHUDURG,Kharif,2011,2.72911051212938
RICE_012225,Rice,Maharashtra,SINDHUDURG,Summer,2011,2.263157894736842
RICE_012226,Rice,Maharashtra,SOLAPUR,Kharif,2011,0.2857142857142857
RICE_012227,Rice,Maharashtra,THANE,Kharif,2011,2.4523636363636365
RICE_012228,Rice,Maharashtra,THANE,Summer,2011,2.3448275862068964
RICE_012229,Rice,Maharashtra,WASHIM,Kharif,2011,1.0
RICE_012230,Rice,Maharashtra,YAVATMAL,Kharif,2011,1.0
RICE_012231,Rice,Meghalaya,EAST GARO HILLS,Autumn,2011,1.4205003279302915
RICE_012232,Rice,Meghalaya,EAST GARO HILLS,Rabi,2011,1.4
RICE_012233,Rice,Meghalaya,EAST GARO HILLS,Winter,2011,1.5925274725274725
RICE_012234,Rice,Meghalaya,EAST JAINTIA HILLS,Autumn,2011,1.5660377358490567
RICE_012235,Rice,Meghalaya,EAST JAINTIA HILLS,Rabi,2011,2.021276595744681
RICE_012236,Rice,Meghalaya,EAST JAINTIA HILLS,Winter,2011,1.7053147996729354
RICE_012237,Rice,Meghalaya,EAST KHASI HILLS,Autumn,2011,2.083032490974729
RICE_012238,Rice,Meghalaya,EAST KHASI HILLS,Rabi,2011,1.8461538461538463
RICE_012239,Rice,Meghalaya,EAST KHASI HILLS,Winter,2011,1.8317032662852926
RICE_012240,Rice,Meghalaya,RI BHOI,Autumn,2011,1.722972972972973
RICE_012241,Rice,Meghalaya,RI BHOI,Rabi,2011,1.46875
RICE_012242,Rice,Meghalaya,RI BHOI,Winter,2011,2.712093375121582
RICE_012243,Rice,Meghalaya,SOUTH GARO HILLS,Autumn,2011,1.2029826014913008
RICE_012244,Rice,Meghalaya,SOUTH GARO HILLS,Rabi,2011,1.106060606060606
RICE_012245,Rice,Meghalaya,SOUTH GARO HILLS,Winter,2011,1.8919161676646707
RICE_012246,Rice,Meghalaya,WEST GARO HILLS,Autumn,2011,1.293264563106796
RICE_012247,Rice,Meghalaya,WEST GARO HILLS,Rabi,2011,4.380230642504118
RICE_012248,Rice,Meghalaya,WEST GARO HILLS,Winter,2011,2.183837302649184
RICE_012249,Rice,Meghalaya,WEST KHASI HILLS,Autumn,2011,1.3010752688172043
RICE_012250,Rice,Meghalaya,WEST KHASI HILLS,Rabi,2011,2.26
RICE_012251,Rice,Meghalaya,WEST KHASI HILLS,Winter,2011,1.4649830773236137
RICE_012252,Rice,Nagaland,DIMAPUR,Kharif,2011,2.308411214953271
RICE_012253,Rice,Nagaland,DIMAPUR,Rabi,2011,2.37888198757764
RICE_012254,Rice,Nagaland,KIPHIRE,Kharif,2011,1.8612538540596095
RICE_012255,Rice,Nagaland,KOHIMA,Kharif,2011,2.187177597641857
RICE_012256,Rice,Nagaland,LONGLENG,Kharif,2011,1.8193343898573693
RICE_012257,Rice,Nagaland,MOKOKCHUNG,Kharif,2011,2.022372881355932
RICE_012258,Rice,Nagaland,MON,Kharif,2011,1.8977451494493969
RICE_012259,Rice,Nagaland,MON,Rabi,2011,2.3529411764705883
RICE_012260,Rice,Nagaland,PEREN,Kharif,2011,2.148936170212766
RICE_012261,Rice,Nagaland,PEREN,Rabi,2011,2.2857142857142856
RICE_012262,Rice,Nagaland,PHEK,Kharif,2011,2.353579175704989
RICE_012263,Rice,Nagaland,TUENSANG,Kharif,2011,1.9466950959488274
RICE_012264,Rice,Nagaland,WOKHA,Kharif,2011,2.0470035252643948
RICE_012265,Rice,Nagaland,ZUNHEBOTO,Kharif,2011,1.936378466557912
RICE_012266,Rice,Odisha,ANUGUL,Autumn,2011,0.6428571428571429
RICE_012267,Rice,Odisha,ANUGUL,Summer,2011,2.0
RICE_012268,Rice,Odisha,ANUGUL,Winter,2011,1.046875
RICE_012269,Rice,Odisha,BALANGIR,Autumn,2011,0.2641509433962264
RICE_012270,Rice,Odisha,BALANGIR,Summer,2011,2.25
RICE_012271,Rice,Odisha,BALANGIR,Winter,2011,0.4358974358974359
RICE_012272,Rice,Odisha,BALESHWAR,Autumn,2011,1.0
RICE_012273,Rice,Odisha,BALESHWAR,Summer,2011,3.0
RICE_012274,Rice,Odisha,BALESHWAR,Winter,2011,2.014218009478673
RICE_012275,Rice,Odisha,BARGARH,Autumn,2011,0.7735849056603774
RICE_012276,Rice,Odisha,BARGARH,Summer,2011,3.7464788732394365
RICE_012277,Rice,Odisha,BARGARH,Winter,2011,1.879120879120879
RICE_012278,Rice,Odisha,BHADRAK,Summer,2011,1.8333333333333333
RICE_012279,Rice,Odisha,BHADRAK,Winter,2011,1.6369047619047619
RICE_012280,Rice,Odisha,BOUDH,Autumn,2011,0.6
RICE_012281,Rice,Odisha,BOUDH,Summer,2011,1.0
RICE_012282,Rice,Odisha,BOUDH,Winter,2011,1.2203389830508475
RICE_012283,Rice,Odisha,CUTTACK,Autumn,2011,0.6666666666666666
RICE_012284,Rice,Odisha,CUTTACK,Summer,2011,2.75
RICE_012285,Rice,Odisha,CUTTACK,Winter,2011,1.921875
RICE_012286,Rice,Odisha,DEOGARH,Autumn,2011,1.0714285714285714
RICE_012287,Rice,Odisha,DEOGARH,Winter,2011,1.9166666666666667
RICE_012288,Rice,Odisha,DHENKANAL,Autumn,2011,1.25
RICE_012289,Rice,Odisha,DHENKANAL,Summer,2011,3.0
RICE_012290,Rice,Odisha,DHENKANAL,Winter,2011,2.102272727272727
RICE_012291,Rice,Odisha,GAJAPATI,Winter,2011,1.0277777777777777
RICE_012292,Rice,Odisha,GANJAM,Autumn,2011,1.0
RICE_012293,Rice,Odisha,GANJAM,Winter,2011,0.5823754789272031
RICE_012294,Rice,Odisha,JAGATSINGHAPUR,Autumn,2011,1.0
RICE_012295,Rice,Odisha,JAGATSINGHAPUR,Winter,2011,2.4430379746835444
RICE_012296,Rice,Odisha,JAJAPUR,Autumn,2011,0.3333333333333333
RICE_012297,Rice,Odisha,JAJAPUR,Summer,2011,3.0
RICE_012298,Rice,Odisha,JAJAPUR,Winter,2011,1.1666666666666667
RICE_012299,Rice,Odisha,JHARSUGUDA,Autumn,2011,0.5
RICE_012300,Rice,Odisha,JHARSUGUDA,Summer,2011,1.0
RICE_012301,Rice,Odisha,JHARSUGUDA,Winter,2011,1.5
RICE_012302,Rice,Odisha,KALAHANDI,Autumn,2011,0.6785714285714286
RICE_012303,Rice,Odisha,KALAHANDI,Summer,2011,2.3333333333333335
RICE_012304,Rice,Odisha,KALAHANDI,Winter,2011,0.952054794520548
RICE_012305,Rice,Odisha,KANDHAMAL,Autumn,2011,1.0
RICE_012306,Rice,Odisha,KANDHAMAL,Summer,2011,1.0
RICE_012307,Rice,Odisha,KANDHAMAL,Winter,2011,1.125
RICE_012308,Rice,Odisha,KENDRAPARA,Autumn,2011,1.0
RICE_012309,Rice,Odisha,KENDRAPARA,Summer,2011,2.3333333333333335
RICE_012310,Rice,Odisha,KENDRAPARA,Winter,2011,1.5
RICE_012311,Rice,Odisha,KENDUJHAR,Autumn,2011,1.15625
RICE_012312,Rice,Odisha,KENDUJHAR,Summer,2011,2.5
RICE_012313,Rice,Odisha,KENDUJHAR,Winter,2011,1.789855072463768
RICE_012314,Rice,Odisha,KHORDHA,Summer,2011,2.0
RICE_012315,Rice,Odisha,KHORDHA,Winter,2011,1.53125
RICE_012316,Rice,Odisha,KORAPUT,Autumn,2011,0.9166666666666666
RICE_012317,Rice,Odisha,KORAPUT,Summer,2011,2.3846153846153846
RICE_012318,Rice,Odisha,KORAPUT,Winter,2011,1.4691358024691359
RICE_012319,Rice,Odisha,MALKANGIRI,Autumn,2011,0.3333333333333333
RICE_012320,Rice,Odisha,MALKANGIRI,Winter,2011,0.5853658536585366
RICE_012321,Rice,Odisha,MAYURBHANJ,Autumn,2011,1.3448275862068966
RICE_012322,Rice,Odisha,MAYURBHANJ,Summer,2011,2.25
RICE_012323,Rice,Odisha,MAYURBHANJ,Winter,2011,1.9097744360902256
RICE_012324,Rice,Odisha,NABARANGPUR,Autumn,2011,0.5
RICE_012325,Rice,Odisha,NABARANGPUR,Winter,2011,0.7368421052631579
RICE_012326,Rice,Odisha,NAYAGARH,Autumn,2011,1.0
RICE_012327,Rice,Odisha,NAYAGARH,Winter,2011,0.6352941176470588
RICE_012328,Rice,Odisha,NUAPADA,Autumn,2011,0.4722222222222222
RICE_012329,Rice,Odisha,NUAPADA,Summer,2011,1.75
RICE_012330,Rice,Odisha,NUAPADA,Winter,2011,0.8813559322033898
RICE_012331,Rice,Odisha,PURI,Summer,2011,2.6
RICE_012332,Rice,Odisha,PURI,Winter,2011,1.2166666666666666
RICE_012333,Rice,Odisha,RAYAGADA,Autumn,2011,0.8333333333333334
RICE_012334,Rice,Odisha,RAYAGADA,Summer,2011,2.0
RICE_012335,Rice,Odisha,RAYAGADA,Winter,2011,1.2884615384615385
RICE_012336,Rice,Odisha,SAMBALPUR,Autumn,2011,0.8611111111111112
RICE_012337,Rice,Odisha,SAMBALPUR,Summer,2011,3.8333333333333335
RICE_012338,Rice,Odisha,SAMBALPUR,Winter,2011,1.7349397590361446
RICE_012339,Rice,Odisha,SONEPUR,Autumn,2011,0.4375
RICE_012340,Rice,Odisha,SONEPUR,Summer,2011,4.32258064516129
RICE_012341,Rice,Odisha,SONEPUR,Winter,2011,1.7058823529411764
RICE_012342,Rice,Odisha,SUNDARGARH,Autumn,2011,1.1794871794871795
RICE_012343,Rice,Odisha,SUNDARGARH,Summer,2011,1.5
RICE_012344,Rice,Odisha,SUNDARGARH,Winter,2011,2.1769911504424777
RICE_012345,Rice,Puducherry,KARAIKAL,Kharif,2011,2.8680124223602483
RICE_012346,Rice,Puducherry,KARAIKAL,Rabi,2011,2.4407216494845363
RICE_012347,Rice,Puducherry,KARAIKAL,Summer,2011,2.076923076923077
RICE_012348,Rice,Puducherry,PONDICHERRY,Kharif,2011,3.027267156862745
RICE_012349,Rice,Puducherry,PONDICHERRY,Rabi,2011,2.018636171113935
RICE_012350,Rice,Puducherry,PONDICHERRY,Summer,2011,2.8991008991008993
RICE_012351,Rice,Puducherry,YANAM,Kharif,2011,3.2401215805471124
RICE_012352,Rice,Puducherry,YANAM,Rabi,2011,4.1117647058823525
RICE_012353,Rice,Punjab,AMRITSAR,Kharif,2011,2.619565217391304
RICE_012354,Rice,Punjab,BARNALA,Kharif,2011,4.371428571428571
RICE_012355,Rice,Punjab,BATHINDA,Kharif,2011,4.0495049504950495
RICE_012356,Rice,Punjab,FARIDKOT,Kharif,2011,4.00990099009901
RICE_012357,Rice,Punjab,FATEHGARH SAHIB,Kharif,2011,4.232558139534884
RICE_012358,Rice,Punjab,FIROZEPUR,Kharif,2011,3.4591439688715955
RICE_012359,Rice,Punjab,GURDASPUR,Kharif,2011,3.228855721393035
RICE_012360,Rice,Punjab,HOSHIARPUR,Kharif,2011,3.635135135135135
RICE_012361,Rice,Punjab,JALANDHAR,Kharif,2011,3.533333333333333
RICE_012362,Rice,Punjab,KAPURTHALA,Kharif,2011,3.669491525423729
RICE_012363,Rice,Punjab,LUDHIANA,Kharif,2011,4.256809338521401
RICE_012364,Rice,Punjab,MANSA,Kharif,2011,3.945945945945946
RICE_012365,Rice,Punjab,MOGA,Kharif,2011,4.362068965517241
RICE_012366,Rice,Punjab,MUKTSAR,Kharif,2011,3.5575221238938055
RICE_012367,Rice,Punjab,NAWANSHAHR,Kharif,2011,3.9649122807017543
RICE_012368,Rice,Punjab,PATIALA,Kharif,2011,3.858974358974359
RICE_012369,Rice,Punjab,RUPNAGAR,Kharif,2011,3.3421052631578947
RICE_012370,Rice,Punjab,S.A.S NAGAR,Kharif,2011,3.71875
RICE_012371,Rice,Punjab,SANGRUR,Kharif,2011,4.335766423357664
RICE_012372,Rice,Punjab,TARN TARAN,Kharif,2011,2.832369942196532
RICE_012373,Rice,Sikkim,EAST DISTRICT,Kharif,2011,1.7550607287449393
RICE_012374,Rice,Sikkim,NORTH DISTRICT,Kharif,2011,1.134020618556701
RICE_012375,Rice,Sikkim,SOUTH DISTRICT,Kharif,2011,1.7782805429864252
RICE_012376,Rice,Sikkim,WEST DISTRICT,Kharif,2011,1.8177215189873417
RICE_012377,Rice,Tamil Nadu,ARIYALUR,Kharif,2011,4.0360625804042
RICE_012378,Rice,Tamil Nadu,COIMBATORE,Kharif,2011,3.9885888170407
RICE_012379,Rice,Tamil Nadu,CUDDALORE,Kharif,2011,2.0518750568261654
RICE_012380,Rice,Tamil Nadu,DHARMAPURI,Kharif,2011,4.737355451287546
RICE_012381,Rice,Tamil Nadu,DINDIGUL,Kharif,2011,5.395970351811254
RICE_012382,Rice,Tamil Nadu,ERODE,Kharif,2011,4.281176784602153
RICE_012383,Rice,Tamil Nadu,KANCHIPURAM,Kharif,2011,4.373107422112609
RICE_012384,Rice,Tamil Nadu,KANNIYAKUMARI,Kharif,2011,5.422759824276343
RICE_012385,Rice,Tamil Nadu,KARUR,Kharif,2011,3.8465184318314805
RICE_012386,Rice,Tamil Nadu,KRISHNAGIRI,Kharif,2011,4.546914623837701
RICE_012387,Rice,Tamil Nadu,MADURAI,Kharif,2011,4.63525558010208
RICE_012388,Rice,Tamil Nadu,NAGAPATTINAM,Kharif,2011,3.393432210865551
RICE_012389,Rice,Tamil Nadu,NAMAKKAL,Kharif,2011,4.397465862959773
RICE_012390,Rice,Tamil Nadu,PERAMBALUR,Kharif,2011,4.464081227574624
RICE_012391,Rice,Tamil Nadu,PUDUKKOTTAI,Kharif,2011,3.6101522842639593
RICE_012392,Rice,Tamil Nadu,RAMANATHAPURAM,Kharif,2011,3.3982320099255583
RICE_012393,Rice,Tamil Nadu,SALEM,Kharif,2011,4.517102180573076
RICE_012394,Rice,Tamil Nadu,SIVAGANGA,Kharif,2011,3.7022236545278764
RICE_012395,Rice,Tamil Nadu,THANJAVUR,Kharif,2011,3.9952449145466913
RICE_012396,Rice,Tamil Nadu,THE NILGIRIS,Kharif,2011,4.12531328320802
RICE_012397,Rice,Tamil Nadu,THENI,Kharif,2011,5.370342721411605
RICE_012398,Rice,Tamil Nadu,THIRUVALLUR,Kharif,2011,3.9516277660662213
RICE_012399,Rice,Tamil Nadu,THIRUVARUR,Kharif,2011,4.240296929261917
RICE_012400,Rice,Tamil Nadu,TIRUCHIRAPPALLI,Kharif,2011,4.73072772486276
RICE_012401,Rice,Tamil Nadu,TIRUNELVELI,Kharif,2011,5.297192274430672
RICE_012402,Rice,Tamil Nadu,TIRUPPUR,Kharif,2011,4.6113833396155295
RICE_012403,Rice,Tamil Nadu,TIRUVANNAMALAI,Kharif,2011,3.427466225318502
RICE_012404,Rice,Tamil Nadu,TUTICORIN,Kharif,2011,4.8518497567598144
RICE_012405,Rice,Tamil Nadu,VELLORE,Kharif,2011,3.9819416657891966
RICE_012406,Rice,Tamil Nadu,VILLUPURAM,Kharif,2011,3.6317747077577045
RICE_012407,Rice,Tamil Nadu,VIRUDHUNAGAR,Kharif,2011,3.994504012408119
RICE_012408,Rice,Telangana,ADILABAD,Kharif,2011,2.493531747993606
RICE_012409,Rice,Telangana,ADILABAD,Rabi,2011,3.100006456194719
RICE_012410,Rice,Telangana,KARIMNAGAR,Kharif,2011,3.240551992978942
RICE_012411,Rice,Telangana,KARIMNAGAR,Rabi,2011,3.2869983317369598
RICE_012412,Rice,Telangana,KHAMMAM,Kharif,2011,2.4399237592551866
RICE_012413,Rice,Telangana,KHAMMAM,Rabi,2011,2.98597916530171
RICE_012414,Rice,Telangana,MAHBUBNAGAR,Kharif,2011,2.2065532252991904
RICE_012415,Rice,Telangana,MAHBUBNAGAR,Rabi,2011,2.536005620389524
RICE_012416,Rice,Telangana,MEDAK,Kharif,2011,3.159015486725664
RICE_012417,Rice,Telangana,MEDAK,Rabi,2011,2.6029979413278435
RICE_012418,Rice,Telangana,NALGONDA,Kharif,2011,2.928001773287092
RICE_012419,Rice,Telangana,NALGONDA,Rabi,2011,2.965004405920118
RICE_012420,Rice,Telangana,NIZAMABAD,Kharif,2011,3.9064329050081272
RICE_012421,Rice,Telangana,NIZAMABAD,Rabi,2011,3.5190003082111065
RICE_012422,Rice,Telangana,RANGAREDDI,Kharif,2011,2.307356650985205
RICE_012423,Rice,Telangana,RANGAREDDI,Rabi,2011,2.4710109537431104
RICE_012424,Rice,Telangana,WARANGAL,Kharif,2011,2.51678290787599
RICE_012425,Rice,Telangana,WARANGAL,Rabi,2011,2.662999056900346
RICE_012426,Rice,Tripura,DHALAI,Kharif,2011,2.4125459169256853
RICE_012427,Rice,Tripura,NORTH TRIPURA,Kharif,2011,2.510366402224585
RICE_012428,Rice,Tripura,SOUTH TRIPURA,Kharif,2011,2.803821444263677
RICE_012429,Rice,Tripura,WEST TRIPURA,Kharif,2011,2.796943512387287
RICE_012430,Rice,Uttar Pradesh,AGRA,Kharif,2011,2.498958953004164
RICE_012431,Rice,Uttar Pradesh,AGRA,Summer,2011,2.5
RICE_012432,Rice,Uttar Pradesh,ALIGARH,Kharif,2011,2.195997553586414
RICE_012433,Rice,Uttar Pradesh,ALLAHABAD,Kharif,2011,2.5579970624613484
RICE_012434,Rice,Uttar Pradesh,AMBEDKAR NAGAR,Kharif,2011,2.693998607326152
RICE_012435,Rice,Uttar Pradesh,AMETHI,Kharif,2011,2.2269993371684818
RICE_012436,Rice,Uttar Pradesh,AMROHA,Kharif,2011,2.018009778747054
RICE_012437,Rice,Uttar Pradesh,AURAIYA,Kharif,2011,2.8999980071344584
RICE_012438,Rice,Uttar Pradesh,AZAMGARH,Kharif,2011,2.224998103762136
RICE_012439,Rice,Uttar Pradesh,AZAMGARH,Summer,2011,2.0
RICE_012440,Rice,Uttar Pradesh,BAGHPAT,Kharif,2011,2.79796397807361
RICE_012441,Rice,Uttar Pradesh,BAHRAICH,Kharif,2011,2.2069999874754207
RICE_012442,Rice,Uttar Pradesh,BALLIA,Kharif,2011,2.5419990093767613
RICE_012443,Rice,Uttar Pradesh,BALRAMPUR,Kharif,2011,2.1950030810598844
RICE_012444,Rice,Uttar Pradesh,BANDA,Kharif,2011,1.478993553008596
RICE_012445,Rice,Uttar Pradesh,BARABANKI,Kharif,2011,2.7349998311742394
RICE_012446,Rice,Uttar Pradesh,BARABANKI,Summer,2011,2.5
RICE_012447,Rice,Uttar Pradesh,BAREILLY,Kharif,2011,2.5200014380902163
RICE_012448,Rice,Uttar Pradesh,BAREILLY,Summer,2011,2.5205047318611986
RICE_012449,Rice,Uttar Pradesh,BASTI,Kharif,2011,2.5929969879518073
RICE_012450,Rice,Uttar Pradesh,BIJNOR,Kharif,2011,2.3969925931440055
RICE_012451,Rice,Uttar Pradesh,BIJNOR,Summer,2011,2.4
RICE_012452,Rice,Uttar Pradesh,BUDAUN,Kharif,2011,2.134996808316615
RICE_012453,Rice,Uttar Pradesh,BUDAUN,Summer,2011,2.15
RICE_012454,Rice,Uttar Pradesh,BULANDSHAHR,Kharif,2011,2.37
RICE_012455,Rice,Uttar Pradesh,CHANDAULI,Kharif,2011,2.6790037306422607
RICE_012456,Rice,Uttar Pradesh,CHITRAKOOT,Kharif,2011,1.0079888409840223
RICE_012457,Rice,Uttar Pradesh,DEORIA,Kharif,2011,2.202999747341342
RICE_012458,Rice,Uttar Pradesh,DEORIA,Summer,2011,2.1818181818181817
RICE_012459,Rice,Uttar Pradesh,ETAH,Kharif,2011,2.5619828605200947
RICE_012460,Rice,Uttar Pradesh,ETAWAH,Kharif,2011,2.7090031836427992
RICE_012461,Rice,Uttar Pradesh,FAIZABAD,Kharif,2011,2.3839971801198447
RICE_012462,Rice,Uttar Pradesh,FARRUKHABAD,Kharif,2011,2.2439825678846796
RICE_012463,Rice,Uttar Pradesh,FATEHPUR,Kharif,2011,2.346994957291345
RICE_012464,Rice,Uttar Pradesh,FIROZABAD,Kharif,2011,2.8399842581660764
RICE_012465,Rice,Uttar Pradesh,GAUTAM BUDDHA NAGAR,Kharif,2011,2.235993894774645
RICE_012466,Rice,Uttar Pradesh,GHAZIABAD,Kharif,2011,2.727002769343699
RICE_012467,Rice,Uttar Pradesh,GHAZIPUR,Kharif,2011,2.1860012330856344
RICE_012468,Rice,Uttar Pradesh,GONDA,Kharif,2011,2.3030001070584456
RICE_012469,Rice,Uttar Pradesh,GORAKHPUR,Kharif,2011,2.183000992748335
RICE_012470,Rice,Uttar Pradesh,GORAKHPUR,Summer,2011,2.183673469387755
RICE_012471,Rice,Uttar Pradesh,HAMIRPUR,Kharif,2011,1.5657894736842106
RICE_012472,Rice,Uttar Pradesh,HARDOI,Kharif,2011,2.2479986351347803
RICE_012473,Rice,Uttar Pradesh,HARDOI,Summer,2011,2.0
RICE_012474,Rice,Uttar Pradesh,HATHRAS,Kharif,2011,2.107015718275919
RICE_012475,Rice,Uttar Pradesh,JALAUN,Kharif,2011,1.8370998116760828
RICE_012476,Rice,Uttar Pradesh,JAUNPUR,Kharif,2011,2.2370005748778383
RICE_012477,Rice,Uttar Pradesh,JHANSI,Kharif,2011,2.0080264400377716
RICE_012478,Rice,Uttar Pradesh,KANNAUJ,Kharif,2011,2.798023205844435
RICE_012479,Rice,Uttar Pradesh,KANPUR DEHAT,Kharif,2011,2.680997839871786
RICE_012480,Rice,Uttar Pradesh,KANPUR NAGAR,Kharif,2011,2.7079873349662464
RICE_012481,Rice,Uttar Pradesh,KASGANJ,Kharif,2011,2.5709939777736386
RICE_012482,Rice,Uttar Pradesh,KASGANJ,Summer,2011,2.625
RICE_012483,Rice,Uttar Pradesh,KAUSHAMBI,Kharif,2011,2.425991833882836
RICE_012484,Rice,Uttar Pradesh,KHERI,Kharif,2011,2.4030007754081737
RICE_012485,Rice,Uttar Pradesh,KHERI,Summer,2011,2.4030788564247567
RICE_012486,Rice,Uttar Pradesh,KUSHI NAGAR,Kharif,2011,2.389997877241672
RICE_012487,Rice,Uttar Pradesh,LALITPUR,Kharif,2011,0.6940527283874923
RICE_012488,Rice,Uttar Pradesh,LUCKNOW,Kharif,2011,2.013005398467288
RICE_012489,Rice,Uttar Pradesh,MAHARAJGANJ,Kharif,2011,2.3939980813047126
RICE_012490,Rice,Uttar Pradesh,MAHARAJGANJ,Summer,2011,2.3684210526315788
RICE_012491,Rice,Uttar Pradesh,MAHOBA,Kharif,2011,1.5517241379310345
RICE_012492,Rice,Uttar Pradesh,MAINPURI,Kharif,2011,2.620000931142046
RICE_012493,Rice,Uttar Pradesh,MAINPURI,Summer,2011,2.619047619047619
RICE_012494,Rice,Uttar Pradesh,MATHURA,Kharif,2011,2.2709952751105016
RICE_012495,Rice,Uttar Pradesh,MAU,Kharif,2011,2.383994854632466
RICE_012496,Rice,Uttar Pradesh,MEERUT,Kharif,2011,2.608020298285785
RICE_012497,Rice,Uttar Pradesh,MIRZAPUR,Kharif,2011,2.173998629675146
RICE_012498,Rice,Uttar Pradesh,MORADABAD,Kharif,2011,2.1499972844850994
RICE_012499,Rice,Uttar Pradesh,MORADABAD,Summer,2011,2.1505882352941175
RICE_012500,Rice,Uttar Pradesh,MUZAFFARNAGAR,Kharif,2011,2.3390049536937325
RICE_012501,Rice,Uttar Pradesh,MUZAFFARNAGAR,Summer,2011,2.3529411764705883
RICE_012502,Rice,Uttar Pradesh,PILIBHIT,Kharif,2011,2.803998688954441
RICE_012503,Rice,Uttar Pradesh,PILIBHIT,Summer,2011,2.8039404794709286
RICE_012504,Rice,Uttar Pradesh,PRATAPGARH,Kharif,2011,2.318001007308123
RICE_012505,Rice,Uttar Pradesh,RAE BARELI,Kharif,2011,2.2659964646039517
RICE_012506,Rice,Uttar Pradesh,RAE BARELI,Summer,2011,2.0
RICE_012507,Rice,Uttar Pradesh,RAMPUR,Kharif,2011,2.1769977595220316
RICE_012508,Rice,Uttar Pradesh,RAMPUR,Summer,2011,2.1770103436770105
RICE_012509,Rice,Uttar Pradesh,SAHARANPUR,Kharif,2011,2.2909980131438177
RICE_012510,Rice,Uttar Pradesh,SAHARANPUR,Summer,2011,2.5
RICE_012511,Rice,Uttar Pradesh,SANT KABEER NAGAR,Kharif,2011,2.1020018750344676
RICE_012512,Rice,Uttar Pradesh,SANT KABEER NAGAR,Summer,2011,2.1076923076923078
RICE_012513,Rice,Uttar Pradesh,SANT RAVIDAS NAGAR,Kharif,2011,2.4280079609191243
RICE_012514,Rice,Uttar Pradesh,SHAHJAHANPUR,Kharif,2011,2.6179975195323744
RICE_012515,Rice,Uttar Pradesh,SHAHJAHANPUR,Summer,2011,2.6180665610142633
RICE_012516,Rice,Uttar Pradesh,SHRAVASTI,Kharif,2011,1.8600048016645772
RICE_012517,Rice,Uttar Pradesh,SIDDHARTH NAGAR,Kharif,2011,2.5640015545505936
RICE_012518,Rice,Uttar Pradesh,SITAPUR,Kharif,2011,2.2240017988500207
RICE_012519,Rice,Uttar Pradesh,SITAPUR,Summer,2011,2.230769230769231
RICE_012520,Rice,Uttar Pradesh,SONBHADRA,Kharif,2011,2.0389850547185255
RICE_012521,Rice,Uttar Pradesh,SULTANPUR,Kharif,2011,2.4260006834978
RICE_012522,Rice,Uttar Pradesh,UNNAO,Kharif,2011,1.7930037881524756
RICE_012523,Rice,Uttar Pradesh,VARANASI,Kharif,2011,2.2149950932286555
RICE_012524,Rice,Uttarakhand,ALMORA,Kharif,2011,1.1342869342442357
RICE_012525,Rice,Uttarakhand,BAGESHWAR,Kharif,2011,1.4172798135062286
RICE_012526,Rice,Uttarakhand,CHAMOLI,Kharif,2011,1.3232433415144078
RICE_012527,Rice,Uttarakhand,CHAMPAWAT,Kharif,2011,1.2404891304347827
RICE_012528,Rice,Uttarakhand,DEHRADUN,Kharif,2011,2.116735442457588
RICE_012529,Rice,Uttarakhand,HARIDWAR,Kharif,2011,1.9852331606217617
RICE_012530,Rice,Uttarakhand,NAINITAL,Kharif,2011,2.8233699860616386
RICE_012531,Rice,Uttarakhand,NAINITAL,Summer,2011,3.307142857142857
RICE_012532,Rice,Uttarakhand,PAURI GARHWAL,Kharif,2011,1.1538172715894868
RICE_012533,Rice,Uttarakhand,PITHORAGARH,Kharif,2011,1.2885772470610015
RICE_012534,Rice,Uttarakhand,RUDRA PRAYAG,Kharif,2011,1.4037928357546856
RICE_012535,Rice,Uttarakhand,TEHRI GARHWAL,Kharif,2011,1.4876787589884464
RICE_012536,Rice,Uttarakhand,UDAM SINGH NAGAR,Kharif,2011,2.9063431624310043
RICE_012537,Rice,Uttarakhand,UDAM SINGH NAGAR,Summer,2011,3.309010339734121
RICE_012538,Rice,Uttarakhand,UTTAR KASHI,Kharif,2011,1.6164422261983238
RICE_012539,Rice,West Bengal,24 PARAGANAS NORTH,Autumn,2011,2.7182215466463995
RICE_012540,Rice,West Bengal,24 PARAGANAS NORTH,Summer,2011,3.134890636724938
RICE_012541,Rice,West Bengal,24 PARAGANAS NORTH,Winter,2011,2.4598447920093305
RICE_012542,Rice,West Bengal,24 PARAGANAS SOUTH,Autumn,2011,2.3422120064899947
RICE_012543,Rice,West Bengal,24 PARAGANAS SOUTH,Summer,2011,3.184006866038266
RICE_012544,Rice,West Bengal,24 PARAGANAS SOUTH,Winter,2011,2.1360265778191154
RICE_012545,Rice,West Bengal,BANKURA,Autumn,2011,2.747290670218563
RICE_012546,Rice,West Bengal,BANKURA,Summer,2011,2.457146218091989
RICE_012547,Rice,West Bengal,BANKURA,Winter,2011,3.0496559402203993
RICE_012548,Rice,West Bengal,BARDHAMAN,Autumn,2011,3.01288228931065
RICE_012549,Rice,West Bengal,BARDHAMAN,Summer,2011,2.812989789349979
RICE_012550,Rice,West Bengal,BARDHAMAN,Winter,2011,3.00592791175396
RICE_012551,Rice,West Bengal,BIRBHUM,Autumn,2011,2.3108848864526235
RICE_012552,Rice,West Bengal,BIRBHUM,Summer,2011,3.109079292719989
RICE_012553,Rice,West Bengal,BIRBHUM,Winter,2011,2.8823756479541194
RICE_012554,Rice,West Bengal,COOCHBEHAR,Autumn,2011,1.6412991939307728
RICE_012555,Rice,West Bengal,COOCHBEHAR,Summer,2011,2.872754915872694
RICE_012556,Rice,West Bengal,COOCHBEHAR,Winter,2011,2.0573347836178533
RICE_012557,Rice,West Bengal,DARJEELING,Autumn,2011,1.8630334486735871
RICE_012558,Rice,West Bengal,DARJEELING,Summer,2011,2.722609246358455
RICE_012559,Rice,West Bengal,DARJEELING,Winter,2011,2.223625284487189
RICE_012560,Rice,West Bengal,DINAJPUR DAKSHIN,Autumn,2011,2.1123222748815165
RICE_012561,Rice,West Bengal,DINAJPUR DAKSHIN,Summer,2011,2.9484208134514884
RICE_012562,Rice,West Bengal,DINAJPUR DAKSHIN,Winter,2011,2.5016781215735566
RICE_012563,Rice,West Bengal,DINAJPUR UTTAR,Autumn,2011,1.8628158844765343
RICE_012564,Rice,West Bengal,DINAJPUR UTTAR,Summer,2011,3.0434291978333765
RICE_012565,Rice,West Bengal,DINAJPUR UTTAR,Winter,2011,2.5771137387972276
RICE_012566,Rice,West Bengal,HOOGHLY,Autumn,2011,1.9198025086736055
RICE_012567,Rice,West Bengal,HOOGHLY,Summer,2011,3.1847225066557443
RICE_012568,Rice,West Bengal,HOOGHLY,Winter,2011,2.837658812598524
RICE_012569,Rice,West Bengal,HOWRAH,Autumn,2011,0.9686057248384118
RICE_012570,Rice,West Bengal,HOWRAH,Summer,2011,3.19286725577308
RICE_012571,Rice,West Bengal,HOWRAH,Winter,2011,1.4382307692307692
RICE_012572,Rice,West Bengal,JALPAIGURI,Autumn,2011,1.8505627763633927
RICE_012573,Rice,West Bengal,JALPAIGURI,Summer,2011,2.037745879851143
RICE_012574,Rice,West Bengal,JALPAIGURI,Winter,2011,2.136232519694337
RICE_012575,Rice,West Bengal,MALDAH,Autumn,2011,2.316888045540797
RICE_012576,Rice,West Bengal,MALDAH,Summer,2011,3.835300760503238
RICE_012577,Rice,West Bengal,MALDAH,Winter,2011,2.670568052903904
RICE_012578,Rice,West Bengal,MEDINIPUR EAST,Autumn,2011,1.8594876514802885
RICE_012579,Rice,West Bengal,MEDINIPUR EAST,Summer,2011,3.457147814018043
RICE_012580,Rice,West Bengal,MEDINIPUR EAST,Winter,2011,2.107104926965168
RICE_012581,Rice,West Bengal,MEDINIPUR WEST,Autumn,2011,2.114893379167715
RICE_012582,Rice,West Bengal,MEDINIPUR WEST,Summer,2011,3.2998578561796115
RICE_012583,Rice,West Bengal,MEDINIPUR WEST,Winter,2011,2.580438268305719
RICE_012584,Rice,West Bengal,MURSHIDABAD,Autumn,2011,2.232762258418432
RICE_012585,Rice,West Bengal,MURSHIDABAD,Summer,2011,3.302097372338645
RICE_012586,Rice,West Bengal,MURSHIDABAD,Winter,2011,2.4639704318230162
RICE_012587,Rice,West Bengal,NADIA,Autumn,2011,2.209509971149999
RICE_012588,Rice,West Bengal,NADIA,Summer,2011,3.5838715290216268
RICE_012589,Rice,West Bengal,NADIA,Winter,2011,2.7059868537928584
RICE_012590,Rice,West Bengal,PURULIA,Autumn,2011,1.225
RICE_012591,Rice,West Bengal,PURULIA,Summer,2011,2.4672131147540983
RICE_012592,Rice,West Bengal,PURULIA,Winter,2011,2.7076590076590077
RICE_012593,Rice,Andhra Pradesh,ANANTAPUR,Kharif,2012,2.660999274573812
RICE_012594,Rice,Andhra Pradesh,ANANTAPUR,Rabi,2012,2.539011146041726
RICE_012595,Rice,Andhra Pradesh,CHITTOOR,Kharif,2012,3.4929740580605313
RICE_012596,Rice,Andhra Pradesh,CHITTOOR,Rabi,2012,3.6510113725149753
RICE_012597,Rice,Andhra Pradesh,EAST GODAVARI,Kharif,2012,1.5309987085665089
RICE_012598,Rice,Andhra Pradesh,EAST GODAVARI,Rabi,2012,4.4219998103771125
RICE_012599,Rice,Andhra Pradesh,GUNTUR,Kharif,2012,3.4790010246194885
RICE_012600,Rice,Andhra Pradesh,GUNTUR,Rabi,2012,3.5760583592442
RICE_012601,Rice,Andhra Pradesh,KADAPA,Kharif,2012,2.549012299664555
RICE_012602,Rice,Andhra Pradesh,KADAPA,Rabi,2012,2.9160733222239053
RICE_012603,Rice,Andhra Pradesh,KRISHNA,Kharif,2012,3.588001548391174
RICE_012604,Rice,Andhra Pradesh,KRISHNA,Rabi,2012,3.717025956885174
RICE_012605,Rice,Andhra Pradesh,KURNOOL,Kharif,2012,3.811001721170396
RICE_012606,Rice,Andhra Pradesh,KURNOOL,Rabi,2012,3.569002375296912
RICE_012607,Rice,Andhra Pradesh,PRAKASAM,Kharif,2012,3.5929854096520764
RICE_012608,Rice,Andhra Pradesh,PRAKASAM,Rabi,2012,3.7110070119615814
RICE_012609,Rice,Andhra Pradesh,SPSR NELLORE,Kharif,2012,3.9860023020086883
RICE_012610,Rice,Andhra Pradesh,SPSR NELLORE,Rabi,2012,4.111999311054037
RICE_012611,Rice,Andhra Pradesh,SRIKAKULAM,Kharif,2012,2.5299986884226584
RICE_012612,Rice,Andhra Pradesh,SRIKAKULAM,Rabi,2012,2.7288488210818307
RICE_012613,Rice,Andhra Pradesh,VISAKHAPATANAM,Kharif,2012,1.4340039303875687
RICE_012614,Rice,Andhra Pradesh,VISAKHAPATANAM,Rabi,2012,2.036068172810147
RICE_012615,Rice,Andhra Pradesh,VIZIANAGARAM,Kharif,2012,2.573997094365925
RICE_012616,Rice,Andhra Pradesh,VIZIANAGARAM,Rabi,2012,2.1390134529147984
RICE_012617,Rice,Andhra Pradesh,WEST GODAVARI,Kharif,2012,1.9890006259471569
RICE_012618,Rice,Andhra Pradesh,WEST GODAVARI,Rabi,2012,4.488000489775928
RICE_012619,Rice,Arunachal Pradesh,ANJAW,Kharif,2012,0.8413367031732659
RICE_012620,Rice,Arunachal Pradesh,CHANGLANG,Kharif,2012,2.031441957313899
RICE_012621,Rice,Arunachal Pradesh,DIBANG VALLEY,Kharif,2012,0.8442330558858502
RICE_012622,Rice,Arunachal Pradesh,EAST KAMENG,Kharif,2012,0.9628193430656934
RICE_012623,Rice,Arunachal Pradesh,EAST SIANG,Kharif,2012,1.6158616577221228
RICE_012624,Rice,Arunachal Pradesh,KURUNG KUMEY,Kharif,2012,1.4390243902439024
RICE_012625,Rice,Arunachal Pradesh,LOHIT,Kharif,2012,1.9210719830051475
RICE_012626,Rice,Arunachal Pradesh,LOWER DIBANG VALLEY,Kharif,2012,1.293368237347295
RICE_012627,Rice,Arunachal Pradesh,LOWER SUBANSIRI,Kharif,2012,1.7319662243667069
RICE_012628,Rice,Arunachal Pradesh,PAPUM PARE,Kharif,2012,1.6794987468671678
RICE_012629,Rice,Arunachal Pradesh,TAWANG,Kharif,2012,1.1137724550898203
RICE_012630,Rice,Arunachal Pradesh,TIRAP,Kharif,2012,0.8832677165354331
RICE_012631,Rice,Arunachal Pradesh,UPPER SIANG,Kharif,2012,1.2572078907435509
RICE_012632,Rice,Arunachal Pradesh,UPPER SUBANSIRI,Kharif,2012,1.3412429378531074
RICE_012633,Rice,Arunachal Pradesh,WEST KAMENG,Kharif,2012,1.0265282583621684
RICE_012634,Rice,Arunachal Pradesh,WEST SIANG,Kharif,2012,0.9649012848636791
RICE_012635,Rice,Assam,BAKSA,Autumn,2012,1.4122241086587437
RICE_012636,Rice,Assam,BAKSA,Summer,2012,2.43531746031746
RICE_012637,Rice,Assam,BAKSA,Winter,2012,1.8366847985026613
RICE_012638,Rice,Assam,BARPETA,Autumn,2012,0.16939804601323669
RICE_012639,Rice,Assam,BARPETA,Summer,2012,3.0871487689197106
RICE_012640,Rice,Assam,BARPETA,Winter,2012,1.6070093247443578
RICE_012641,Rice,Assam,BONGAIGAON,Autumn,2012,1.3078470824949697
RICE_012642,Rice,Assam,BONGAIGAON,Summer,2012,2.970856610800745
RICE_012643,Rice,Assam,BONGAIGAON,Winter,2012,1.5896301244051099
RICE_012644,Rice,Assam,CACHAR,Autumn,2012,2.0205729166666666
RICE_012645,Rice,Assam,CACHAR,Summer,2012,1.9525639326884854
RICE_012646,Rice,Assam,CACHAR,Winter,2012,2.2056423535555747
RICE_012647,Rice,Assam,CHIRANG,Autumn,2012,1.2959033969077982
RICE_012648,Rice,Assam,CHIRANG,Summer,2012,2.9650521152667078
RICE_012649,Rice,Assam,CHIRANG,Winter,2012,1.4060979655019903
RICE_012650,Rice,Assam,DARRANG,Autumn,2012,1.381496062992126
RICE_012651,Rice,Assam,DARRANG,Summer,2012,3.5680100755667508
RICE_012652,Rice,Assam,DARRANG,Winter,2012,2.006453860022947
RICE_012653,Rice,Assam,DHEMAJI,Autumn,2012,1.3246280991735537
RICE_012654,Rice,Assam,DHEMAJI,Summer,2012,1.9749571183533448
RICE_012655,Rice,Assam,DHEMAJI,Winter,2012,1.6197632527020072
RICE_012656,Rice,Assam,DHUBRI,Autumn,2012,0.5446719404374127
RICE_012657,Rice,Assam,DHUBRI,Summer,2012,3.5913854853911404
RICE_012658,Rice,Assam,DHUBRI,Winter,2012,1.5776404494382021
RICE_012659,Rice,Assam,DIBRUGARH,Autumn,2012,1.2964285714285715
RICE_012660,Rice,Assam,DIBRUGARH,Summer,2012,2.963855421686747
RICE_012661,Rice,Assam,DIBRUGARH,Winter,2012,2.07738126202986
RICE_012662,Rice,Assam,DIMA HASAO,Autumn,2012,1.7298411728772145
RICE_012663,Rice,Assam,DIMA HASAO,Winter,2012,2.6574390876101606
RICE_012664,Rice,Assam,GOALPARA,Autumn,2012,1.373602853745541
RICE_012665,Rice,Assam,GOALPARA,Summer,2012,3.175
RICE_012666,Rice,Assam,GOALPARA,Winter,2012,1.9099186991869919
RICE_012667,Rice,Assam,GOLAGHAT,Autumn,2012,1.248097412480974
RICE_012668,Rice,Assam,GOLAGHAT,Summer,2012,2.6047350620067644
RICE_012669,Rice,Assam,GOLAGHAT,Winter,2012,2.351088723058465
RICE_012670,Rice,Assam,HAILAKANDI,Autumn,2012,1.9828571428571429
RICE_012671,Rice,Assam,HAILAKANDI,Winter,2012,2.487149643705463
RICE_012672,Rice,Assam,JORHAT,Autumn,2012,0.8105134474327629
RICE_012673,Rice,Assam,JORHAT,Summer,2012,1.5459317585301837
RICE_012674,Rice,Assam,JORHAT,Winter,2012,2.3019891250069358
RICE_012675,Rice,Assam,KAMRUP,Autumn,2012,0.7670129479072568
RICE_012676,Rice,Assam,KAMRUP,Summer,2012,2.3157109531817937
RICE_012677,Rice,Assam,KAMRUP,Winter,2012,2.136321377159309
RICE_012678,Rice,Assam,KAMRUP METRO,Autumn,2012,0.9741666666666666
RICE_012679,Rice,Assam,KAMRUP METRO,Summer,2012,2.375
RICE_012680,Rice,Assam,KAMRUP METRO,Winter,2012,2.378808728130529
RICE_012681,Rice,Assam,KARBI ANGLONG,Autumn,2012,1.36793893129771
RICE_012682,Rice,Assam,KARBI ANGLONG,Summer,2012,2.9650127226463106
RICE_012683,Rice,Assam,KARBI ANGLONG,Winter,2012,1.546291181944102
RICE_012684,Rice,Assam,KARIMGANJ,Autumn,2012,1.8353982300884957
RICE_012685,Rice,Assam,KARIMGANJ,Summer,2012,1.93593984962406
RICE_012686,Rice,Assam,KARIMGANJ,Winter,2012,1.9542410554241056
RICE_012687,Rice,Assam,KOKRAJHAR,Autumn,2012,1.295892286627111
RICE_012688,Rice,Assam,KOKRAJHAR,Summer,2012,2.4375954198473284
RICE_012689,Rice,Assam,KOKRAJHAR,Winter,2012,1.5265845599279062
RICE_012690,Rice,Assam,LAKHIMPUR,Autumn,2012,1.1390518578461124
RICE_012691,Rice,Assam,LAKHIMPUR,Summer,2012,2.298472021474293
RICE_012692,Rice,Assam,LAKHIMPUR,Winter,2012,2.2473087308730872
RICE_012693,Rice,Assam,MARIGAON,Autumn,2012,1.4515775034293552
RICE_012694,Rice,Assam,MARIGAON,Summer,2012,2.9780010071828036
RICE_012695,Rice,Assam,MARIGAON,Winter,2012,1.9443886517700226
RICE_012696,Rice,Assam,NAGAON,Autumn,2012,1.5350019252984213
RICE_012697,Rice,Assam,NAGAON,Summer,2012,3.040927050775491
RICE_012698,Rice,Assam,NAGAON,Winter,2012,1.874893500486855
RICE_012699,Rice,Assam,NALBARI,Autumn,2012,1.392292089249493
RICE_012700,Rice,Assam,NALBARI,Summer,2012,2.774972557628979
RICE_012701,Rice,Assam,NALBARI,Winter,2012,2.0231901840490796
RICE_012702,Rice,Assam,SIVASAGAR,Autumn,2012,1.1627906976744187
RICE_012703,Rice,Assam,SIVASAGAR,Summer,2012,2.9651162790697674
RICE_012704,Rice,Assam,SIVASAGAR,Winter,2012,2.4743392473962422
RICE_012705,Rice,Assam,SONITPUR,Autumn,2012,1.5103885213826516
RICE_012706,Rice,Assam,SONITPUR,Summer,2012,4.113193906532404
RICE_012707,Rice,Assam,SONITPUR,Winter,2012,1.9475856308803419
RICE_012708,Rice,Assam,TINSUKIA,Autumn,2012,1.371684464347227
RICE_012709,Rice,Assam,TINSUKIA,Summer,2012,2.964
RICE_012710,Rice,Assam,TINSUKIA,Winter,2012,1.640397713336981
RICE_012711,Rice,Assam,UDALGURI,Autumn,2012,1.1738265712012728
RICE_012712,Rice,Assam,UDALGURI,Summer,2012,3.2900175131348512
RICE_012713,Rice,Assam,UDALGURI,Winter,2012,1.8129715122170926
RICE_012714,Rice,Bihar,ARARIA,Autumn,2012,1.9114046391752577
RICE_012715,Rice,Bihar,ARARIA,Summer,2012,3.446994462605911
RICE_012716,Rice,Bihar,ARARIA,Winter,2012,2.2019308542630194
RICE_012717,Rice,Bihar,ARWAL,Autumn,2012,1.8333333333333333
RICE_012718,Rice,Bihar,ARWAL,Winter,2012,3.061586479902558
RICE_012719,Rice,Bihar,AURANGABAD,Winter,2012,3.4186314069430086
RICE_012720,Rice,Bihar,BANKA,Winter,2012,3.020724582031777
RICE_012721,Rice,Bihar,BEGUSARAI,Autumn,2012,1.946486693471185
RICE_012722,Rice,Bihar,BEGUSARAI,Summer,2012,2.6
RICE_012723,Rice,Bihar,BEGUSARAI,Winter,2012,2.0041573778393684
RICE_012724,Rice,Bihar,BHAGALPUR,Autumn,2012,1.773143438453713
RICE_012725,Rice,Bihar,BHAGALPUR,Summer,2012,2.630434782608696
RICE_012726,Rice,Bihar,BHAGALPUR,Winter,2012,1.913466930319039
RICE_012727,Rice,Bihar,BHOJPUR,Autumn,2012,1.782857142857143
RICE_012728,Rice,Bihar,BHOJPUR,Summer,2012,2.375
RICE_012729,Rice,Bihar,BHOJPUR,Winter,2012,3.4230204999237923
RICE_012730,Rice,Bihar,BUXAR,Winter,2012,3.520421607378129
RICE_012731,Rice,Bihar,DARBHANGA,Autumn,2012,1.6040411784032418
RICE_012732,Rice,Bihar,DARBHANGA,Summer,2012,2.0109075043630016
RICE_012733,Rice,Bihar,DARBHANGA,Winter,2012,1.6174199364979813
RICE_012734,Rice,Bihar,GAYA,Autumn,2012,1.7777777777777777
RICE_012735,Rice,Bihar,GAYA,Summer,2012,2.3076923076923075
RICE_012736,Rice,Bihar,GAYA,Winter,2012,3.2745274527452746
RICE_012737,Rice,Bihar,GOPALGANJ,Autumn,2012,2.163438997044134
RICE_012738,Rice,Bihar,GOPALGANJ,Winter,2012,2.870939755691283
RICE_012739,Rice,Bihar,JAMUI,Autumn,2012,1.25
RICE_012740,Rice,Bihar,JAMUI,Winter,2012,1.4674903382126194
RICE_012741,Rice,Bihar,JEHANABAD,Winter,2012,3.8233703649205415
RICE_012742,Rice,Bihar,KAIMUR (BHABUA),Winter,2012,3.8570910942671914
RICE_012743,Rice,Bihar,KATIHAR,Autumn,2012,2.3656403850393124
RICE_012744,Rice,Bihar,KATIHAR,Summer,2012,2.985966249696802
RICE_012745,Rice,Bihar,KATIHAR,Winter,2012,3.5133214310238277
RICE_012746,Rice,Bihar,KHAGARIA,Autumn,2012,1.2493354598617756
RICE_012747,Rice,Bihar,KHAGARIA,Summer,2012,2.2967032967032965
RICE_012748,Rice,Bihar,KHAGARIA,Winter,2012,2.208068762583243
RICE_012749,Rice,Bihar,KISHANGANJ,Autumn,2012,0.45933503836317136
RICE_012750,Rice,Bihar,KISHANGANJ,Summer,2012,2.1725341191067
RICE_012751,Rice,Bihar,KISHANGANJ,Winter,2012,1.2575501506356088
RICE_012752,Rice,Bihar,LAKHISARAI,Winter,2012,3.5033641404805915
RICE_012753,Rice,Bihar,MADHEPURA,Autumn,2012,1.5876333741472801
RICE_012754,Rice,Bihar,MADHEPURA,Summer,2012,1.8435448577680524
RICE_012755,Rice,Bihar,MADHEPURA,Winter,2012,2.6306967918760322
RICE_012756,Rice,Bihar,MADHUBANI,Autumn,2012,1.3451347911604767
RICE_012757,Rice,Bihar,MADHUBANI,Summer,2012,2.1391257995735606
RICE_012758,Rice,Bihar,MADHUBANI,Winter,2012,0.9403033630189906
RICE_012759,Rice,Bihar,MUNGER,Autumn,2012,2.0
RICE_012760,Rice,Bihar,MUNGER,Summer,2012,2.5604395604395602
RICE_012761,Rice,Bihar,MUNGER,Winter,2012,2.8122681455390266
RICE_012762,Rice,Bihar,MUZAFFARPUR,Autumn,2012,2.0273849472674974
RICE_012763,Rice,Bihar,MUZAFFARPUR,Summer,2012,2.2922374429223744
RICE_012764,Rice,Bihar,MUZAFFARPUR,Winter,2012,2.204667899246536
RICE_012765,Rice,Bihar,NALANDA,Winter,2012,2.507681738695978
RICE_012766,Rice,Bihar,NAWADA,Winter,2012,2.899771576737869
RICE_012767,Rice,Bihar,PASHCHIM CHAMPARAN,Autumn,2012,1.9307851239669422
RICE_012768,Rice,Bihar,PASHCHIM CHAMPARAN,Summer,2012,2.2985452245414293
RICE_012769,Rice,Bihar,PASHCHIM CHAMPARAN,Winter,2012,2.3102953079714874
RICE_012770,Rice,Bihar,PATNA,Autumn,2012,1.7974683544303798
RICE_012771,Rice,Bihar,PATNA,Summer,2012,2.375
RICE_012772,Rice,Bihar,PATNA,Winter,2012,3.210380090043348
RICE_012773,Rice,Bihar,PURBI CHAMPARAN,Autumn,2012,1.9360973484503075
RICE_012774,Rice,Bihar,PURBI CHAMPARAN,Winter,2012,1.8072599349690937
RICE_012775,Rice,Bihar,PURNIA,Autumn,2012,1.3230319100301728
RICE_012776,Rice,Bihar,PURNIA,Summer,2012,2.00477796514896
RICE_012777,Rice,Bihar,PURNIA,Winter,2012,2.062058492535897
RICE_012778,Rice,Bihar,ROHTAS,Autumn,2012,1.7605633802816902
RICE_012779,Rice,Bihar,ROHTAS,Summer,2012,2.2857142857142856
RICE_012780,Rice,Bihar,ROHTAS,Winter,2012,4.0142039585717875
RICE_012781,Rice,Bihar,SAHARSA,Autumn,2012,0.8659871482384224
RICE_012782,Rice,Bihar,SAHARSA,Summer,2012,1.7813932172318974
RICE_012783,Rice,Bihar,SAHARSA,Winter,2012,2.23439676328182
RICE_012784,Rice,Bihar,SAMASTIPUR,Autumn,2012,1.4919063365118426
RICE_012785,Rice,Bihar,SAMASTIPUR,Winter,2012,2.1741318074191
RICE_012786,Rice,Bihar,SARAN,Autumn,2012,2.104384133611691
RICE_012787,Rice,Bihar,SARAN,Summer,2012,2.827838827838828
RICE_012788,Rice,Bihar,SARAN,Winter,2012,2.3501547148825734
RICE_012789,Rice,Bihar,SHEIKHPURA,Winter,2012,3.0975277741184737
RICE_012790,Rice,Bihar,SHEOHAR,Autumn,2012,2.4353252647503782
RICE_012791,Rice,Bihar,SHEOHAR,Winter,2012,2.057452936940644
RICE_012792,Rice,Bihar,SITAMARHI,Autumn,2012,1.8296945947627046
RICE_012793,Rice,Bihar,SITAMARHI,Summer,2012,2.8
RICE_012794,Rice,Bihar,SITAMARHI,Winter,2012,2.2149473684210528
RICE_012795,Rice,Bihar,SIWAN,Autumn,2012,2.0022966197638685
RICE_012796,Rice,Bihar,SIWAN,Summer,2012,2.3333333333333335
RICE_012797,Rice,Bihar,SIWAN,Winter,2012,2.225964601279672
RICE_012798,Rice,Bihar,SUPAUL,Autumn,2012,1.67343299551223
RICE_012799,Rice,Bihar,SUPAUL,Summer,2012,1.8960787477811845
RICE_012800,Rice,Bihar,SUPAUL,Winter,2012,1.4677127961596035
RICE_012801,Rice,Bihar,VAISHALI,Autumn,2012,2.3384910485933506
RICE_012802,Rice,Bihar,VAISHALI,Summer,2012,2.827814569536424
RICE_012803,Rice,Bihar,VAISHALI,Winter,2012,2.4279461191735496
RICE_012804,Rice,Chhattisgarh,BALOD,Kharif,2012,2.0176203000304773
RICE_012805,Rice,Chhattisgarh,BALODA BAZAR,Kharif,2012,1.7197875166002656
RICE_012806,Rice,Chhattisgarh,BALRAMPUR,Kharif,2012,1.9467002493258028
RICE_012807,Rice,Chhattisgarh,BASTAR,Kharif,2012,1.7782267148224318
RICE_012808,Rice,Chhattisgarh,BEMETARA,Kharif,2012,1.7257382600306894
RICE_012809,Rice,Chhattisgarh,BIJAPUR,Kharif,2012,1.9036176262717575
RICE_012810,Rice,Chhattisgarh,BILASPUR,Kharif,2012,1.9864628741479573
RICE_012811,Rice,Chhattisgarh,DANTEWADA,Kharif,2012,2.429266279515373
RICE_012812,Rice,Chhattisgarh,DHAMTARI,Kharif,2012,2.6448519833741413
RICE_012813,Rice,Chhattisgarh,DURG,Kharif,2012,2.281668002219072
RICE_012814,Rice,Chhattisgarh,GARIYABAND,Kharif,2012,1.5646312149773656
RICE_012815,Rice,Chhattisgarh,JANJGIR-CHAMPA,Kharif,2012,3.0119348697110055
RICE_012816,Rice,Chhattisgarh,JASHPUR,Kharif,2012,1.525480587393728
RICE_012817,Rice,Chhattisgarh,KABIRDHAM,Kharif,2012,1.4908244916695357
RICE_012818,Rice,Chhattisgarh,KANKER,Kharif,2012,2.5939402974804757
RICE_012819,Rice,Chhattisgarh,KONDAGAON,Kharif,2012,1.729147460820073
RICE_012820,Rice,Chhattisgarh,KORBA,Kharif,2012,1.6018928715263794
RICE_012821,Rice,Chhattisgarh,KOREA,Kharif,2012,1.758718881682079
RICE_012822,Rice,Chhattisgarh,MAHASAMUND,Kharif,2012,1.926026527704992
RICE_012823,Rice,Chhattisgarh,MUNGELI,Kharif,2012,2.2573264781491003
RICE_012824,Rice,Chhattisgarh,NARAYANPUR,Kharif,2012,1.441483868302557
RICE_012825,Rice,Chhattisgarh,RAIGARH,Kharif,2012,1.5110398801098992
RICE_012826,Rice,Chhattisgarh,RAIPUR,Kharif,2012,2.042070880287441
RICE_012827,Rice,Chhattisgarh,RAJNANDGAON,Kharif,2012,1.8465143421142687
RICE_012828,Rice,Chhattisgarh,SUKMA,Kharif,2012,2.136662789902169
RICE_012829,Rice,Chhattisgarh,SURAJPUR,Kharif,2012,1.2829078257007227
RICE_012830,Rice,Chhattisgarh,SURGUJA,Kharif,2012,1.6689645194508982
RICE_012831,Rice,Dadra and Nagar Haveli,DADRA AND NAGAR HAVELI,Kharif,2012,1.9300222386953299
RICE_012832,Rice,Dadra and Nagar Haveli,DADRA AND NAGAR HAVELI,Rabi,2012,1.941860465116279
RICE_012833,Rice,Goa,NORTH GOA,Kharif,2012,2.6483236353560544
RICE_012834,Rice,Goa,NORTH GOA,Rabi,2012,2.9710401087695444
RICE_012835,Rice,Goa,SOUTH GOA,Kharif,2012,2.531415594246783
RICE_012836,Rice,Goa,SOUTH GOA,Rabi,2012,2.7340720221606647
RICE_012837,Rice,Gujarat,AHMADABAD,Kharif,2012,1.9721706864564008
RICE_012838,Rice,Gujarat,AHMADABAD,Summer,2012,2.7872340425531914
RICE_012839,Rice,Gujarat,ANAND,Kharif,2012,2.530720338983051
RICE_012840,Rice,Gujarat,ANAND,Summer,2012,3.142857142857143
RICE_012841,Rice,Gujarat,BHARUCH,Kharif,2012,1.46875
RICE_012842,Rice,Gujarat,BHARUCH,Summer,2012,3.0
RICE_012843,Rice,Gujarat,DANG,Kharif,2012,1.5797101449275361
RICE_012844,Rice,Gujarat,DOHAD,Kharif,2012,1.1257861635220126
RICE_012845,Rice,Gujarat,GANDHINAGAR,Kharif,2012,2.3142857142857145
RICE_012846,Rice,Gujarat,KHEDA,Kharif,2012,2.3806609547123623
RICE_012847,Rice,Gujarat,KHEDA,Summer,2012,3.1923076923076925
RICE_012848,Rice,Gujarat,MAHESANA,Kharif,2012,2.2857142857142856
RICE_012849,Rice,Gujarat,NARMADA,Kharif,2012,1.103448275862069
RICE_012850,Rice,Gujarat,NARMADA,Summer,2012,1.0
RICE_012851,Rice,Gujarat,NAVSARI,Kharif,2012,2.4990253411306043
RICE_012852,Rice,Gujarat,NAVSARI,Summer,2012,3.2409638554216866
RICE_012853,Rice,Gujarat,PANCH MAHALS,Kharif,2012,1.7667161961367013
RICE_012854,Rice,Gujarat,PANCH MAHALS,Summer,2012,4.0
RICE_012855,Rice,Gujarat,SABAR KANTHA,Kharif,2012,2.2162162162162162
RICE_012856,Rice,Gujarat,SURAT,Kharif,2012,2.118387909319899
RICE_012857,Rice,Gujarat,SURAT,Summer,2012,3.0224719101123596
RICE_012858,Rice,Gujarat,SURENDRANAGAR,Kharif,2012,2.0
RICE_012859,Rice,Gujarat,TAPI,Kharif,2012,2.606986899563319
RICE_012860,Rice,Gujarat,TAPI,Summer,2012,3.2222222222222223
RICE_012861,Rice,Gujarat,VADODARA,Kharif,2012,1.4170403587443947
RICE_012862,Rice,Gujarat,VALSAD,Kharif,2012,2.2554858934169277
RICE_012863,Rice,Gujarat,VALSAD,Summer,2012,2.8333333333333335
RICE_012864,Rice,Haryana,AMBALA,Kharif,2012,4.150431983737083
RICE_012865,Rice,Haryana,BHIWANI,Kharif,2012,2.6700487283892933
RICE_012866,Rice,Haryana,FARIDABAD,Kharif,2012,2.334485012606219
RICE_012867,Rice,Haryana,FATEHABAD,Kharif,2012,4.127667644663595
RICE_012868,Rice,Haryana,GURGAON,Kharif,2012,2.9200359389038635
RICE_012869,Rice,Haryana,HISAR,Kharif,2012,2.424530544330877
RICE_012870,Rice,Haryana,JHAJJAR,Kharif,2012,2.291594603943272
RICE_012871,Rice,Haryana,JIND,Kharif,2012,2.7891800863067044
RICE_012872,Rice,Haryana,KAITHAL,Kharif,2012,3.1515255969124896
RICE_012873,Rice,Haryana,KARNAL,Kharif,2012,3.361305032555297
RICE_012874,Rice,Haryana,KURUKSHETRA,Kharif,2012,4.307853478794884
RICE_012875,Rice,Haryana,MEWAT,Kharif,2012,3.209084176746482
RICE_012876,Rice,Haryana,PALWAL,Kharif,2012,2.764731354718364
RICE_012877,Rice,Haryana,PANCHKULA,Kharif,2012,2.6446630699248916
RICE_012878,Rice,Haryana,PANIPAT,Kharif,2012,2.774731445635083
RICE_012879,Rice,Haryana,REWARI,Kharif,2012,3.4860557768924303
RICE_012880,Rice,Haryana,ROHTAK,Kharif,2012,1.5096618357487923
RICE_012881,Rice,Haryana,SIRSA,Kharif,2012,3.52663375141832
RICE_012882,Rice,Haryana,SONIPAT,Kharif,2012,2.4446833795484126
RICE_012883,Rice,Haryana,YAMUNANAGAR,Kharif,2012,3.9548829240434036
RICE_012884,Rice,Karnataka,BAGALKOT,Kharif,2012,2.5510204081632653
RICE_012885,Rice,Karnataka,BANGALORE RURAL,Kharif,2012,2.9034267912772584
RICE_012886,Rice,Karnataka,BANGALORE RURAL,Rabi,2012,2.0
RICE_012887,Rice,Karnataka,BANGALORE RURAL,Summer,2012,3.1538461538461537
RICE_012888,Rice,Karnataka,BELGAUM,Kharif,2012,1.4905443855815634
RICE_012889,Rice,Karnataka,BELGAUM,Summer,2012,3.1707317073170733
RICE_012890,Rice,Karnataka,BELLARY,Kharif,2012,3.70880057414551
RICE_012891,Rice,Karnataka,BELLARY,Summer,2012,3.1616054500465953
RICE_012892,Rice,Karnataka,BENGALURU URBAN,Kharif,2012,3.086242299794661
RICE_012893,Rice,Karnataka,BENGALURU URBAN,Rabi,2012,2.4047619047619047
RICE_012894,Rice,Karnataka,BENGALURU URBAN,Summer,2012,3.5898876404494384
RICE_012895,Rice,Karnataka,BIDAR,Kharif,2012,0.9880542619963555
RICE_012896,Rice,Karnataka,BIJAPUR,Kharif,2012,2.5463917525773194
RICE_012897,Rice,Karnataka,CHAMARAJANAGAR,Kharif,2012,3.4057633532236937
RICE_012898,Rice,Karnataka,CHAMARAJANAGAR,Rabi,2012,3.479858419012304
RICE_012899,Rice,Karnataka,CHAMARAJANAGAR,Summer,2012,4.6923076923076925
RICE_012900,Rice,Karnataka,CHIKBALLAPUR,Kharif,2012,2.7978585334198574
RICE_012901,Rice,Karnataka,CHIKBALLAPUR,Summer,2012,3.172932330827068
RICE_012902,Rice,Karnataka,CHIKMAGALUR,Kharif,2012,2.2724051924494075
RICE_012903,Rice,Karnataka,CHIKMAGALUR,Summer,2012,2.694977843426883
RICE_012904,Rice,Karnataka,CHITRADURGA,Kharif,2012,2.2590782122905027
RICE_012905,Rice,Karnataka,CHITRADURGA,Rabi,2012,2.446886446886447
RICE_012906,Rice,Karnataka,CHITRADURGA,Summer,2012,2.0707317073170732
RICE_012907,Rice,Karnataka,DAKSHIN KANNAD,Kharif,2012,2.6609626008000506
RICE_012908,Rice,Karnataka,DAKSHIN KANNAD,Rabi,2012,2.5935097401065987
RICE_012909,Rice,Karnataka,DAKSHIN KANNAD,Summer,2012,2.5913621262458473
RICE_012910,Rice,Karnataka,DAVANGERE,Kharif,2012,3.283197903708213
RICE_012911,Rice,Karnataka,DAVANGERE,Summer,2012,3.3715571905706954
RICE_012912,Rice,Karnataka,DHARWAD,Kharif,2012,0.875889241545365
RICE_012913,Rice,Karnataka,DHARWAD,Summer,2012,3.1770833333333335
RICE_012914,Rice,Karnataka,GADAG,Kharif,2012,2.374301675977654
RICE_012915,Rice,Karnataka,GADAG,Summer,2012,2.4208211143695015
RICE_012916,Rice,Karnataka,GULBARGA,Kharif,2012,1.727045373347624
RICE_012917,Rice,Karnataka,GULBARGA,Rabi,2012,1.4029574861367837
RICE_012918,Rice,Karnataka,GULBARGA,Summer,2012,1.5
RICE_012919,Rice,Karnataka,HASSAN,Kharif,2012,2.1793017714700094
RICE_012920,Rice,Karnataka,HASSAN,Rabi,2012,2.576923076923077
RICE_012921,Rice,Karnataka,HASSAN,Summer,2012,2.5214356929212363
RICE_012922,Rice,Karnataka,HAVERI,Kharif,2012,0.8094101824334584
RICE_012923,Rice,Karnataka,HAVERI,Summer,2012,2.025479094076655
RICE_012924,Rice,Karnataka,KODAGU,Kharif,2012,2.481410440842684
RICE_012925,Rice,Karnataka,KODAGU,Summer,2012,1.8352941176470587
RICE_012926,Rice,Karnataka,KOLAR,Kharif,2012,2.187771808646713
RICE_012927,Rice,Karnataka,KOLAR,Summer,2012,2.3484848484848486
RICE_012928,Rice,Karnataka,KOPPAL,Kharif,2012,3.2024508490267256
RICE_012929,Rice,Karnataka,KOPPAL,Summer,2012,3.7145089721764855
RICE_012930,Rice,Karnataka,MANDYA,Kharif,2012,3.110293655285166
RICE_012931,Rice,Karnataka,MANDYA,Rabi,2012,3.4056603773584904
RICE_012932,Rice,Karnataka,MANDYA,Summer,2012,3.218408736349454
RICE_012933,Rice,Karnataka,MYSORE,Kharif,2012,3.1464036225453387
RICE_012934,Rice,Karnataka,MYSORE,Rabi,2012,2.4125
RICE_012935,Rice,Karnataka,MYSORE,Summer,2012,3.006659267480577
RICE_012936,Rice,Karnataka,RAICHUR,Kharif,2012,3.1131512689820946
RICE_012937,Rice,Karnataka,RAICHUR,Summer,2012,3.072299697757039
RICE_012938,Rice,Karnataka,RAMANAGARA,Kharif,2012,2.4301261829653
RICE_012939,Rice,Karnataka,RAMANAGARA,Summer,2012,2.0606796116504853
RICE_012940,Rice,Karnataka,SHIMOGA,Kharif,2012,2.5906544306259085
RICE_012941,Rice,Karnataka,SHIMOGA,Summer,2012,3.2071913338553903
RICE_012942,Rice,Karnataka,TUMKUR,Kharif,2012,2.5269967827668207
RICE_012943,Rice,Karnataka,TUMKUR,Rabi,2012,2.63265306122449
RICE_012944,Rice,Karnataka,TUMKUR,Summer,2012,2.7171945701357467
RICE_012945,Rice,Karnataka,UDUPI,Kharif,2012,2.4814083432443956
RICE_012946,Rice,Karnataka,UDUPI,Rabi,2012,2.2106777953662395
RICE_012947,Rice,Karnataka,UDUPI,Summer,2012,2.3020833333333335
RICE_012948,Rice,Karnataka,UTTAR KANNAD,Kharif,2012,2.0159007635722874
RICE_012949,Rice,Karnataka,UTTAR KANNAD,Rabi,2012,2.183152520740268
RICE_012950,Rice,Karnataka,UTTAR KANNAD,Summer,2012,2.0635838150289016
RICE_012951,Rice,Karnataka,YADGIR,Kharif,2012,1.3290545544310046
RICE_012952,Rice,Karnataka,YADGIR,Rabi,2012,1.3889523265772195
RICE_012953,Rice,Karnataka,YADGIR,Summer,2012,1.3433159722222223
RICE_012954,Rice,Kerala,ALAPPUZHA,Autumn,2012,3.0081799591002043
RICE_012955,Rice,Kerala,ALAPPUZHA,Summer,2012,2.8065436654366542
RICE_012956,Rice,Kerala,ALAPPUZHA,Winter,2012,2.9710485133020343
RICE_012957,Rice,Kerala,ERNAKULAM,Autumn,2012,1.9656934306569342
RICE_012958,Rice,Kerala,ERNAKULAM,Summer,2012,2.2448979591836733
RICE_012959,Rice,Kerala,ERNAKULAM,Winter,2012,2.276605298607993
RICE_012960,Rice,Kerala,IDUKKI,Autumn,2012,2.4615384615384617
RICE_012961,Rice,Kerala,IDUKKI,Summer,2012,1.8241758241758241
RICE_012962,Rice,Kerala,IDUKKI,Winter,2012,2.856328392246294
RICE_012963,Rice,Kerala,KANNUR,Autumn,2012,2.1907131011608625
RICE_012964,Rice,Kerala,KANNUR,Summer,2012,1.8035714285714286
RICE_012965,Rice,Kerala,KANNUR,Winter,2012,2.0631229235880397
RICE_012966,Rice,Kerala,KASARAGOD,Autumn,2012,2.56558682952735
RICE_012967,Rice,Kerala,KASARAGOD,Summer,2012,2.343283582089552
RICE_012968,Rice,Kerala,KASARAGOD,Winter,2012,1.9493763756419662
RICE_012969,Rice,Kerala,KOLLAM,Autumn,2012,2.415204678362573
RICE_012970,Rice,Kerala,KOLLAM,Summer,2012,2.103448275862069
RICE_012971,Rice,Kerala,KOLLAM,Winter,2012,2.0634920634920637
RICE_012972,Rice,Kerala,KOTTAYAM,Autumn,2012,3.3208715596330274
RICE_012973,Rice,Kerala,KOTTAYAM,Summer,2012,2.714089157952669
RICE_012974,Rice,Kerala,KOTTAYAM,Winter,2012,3.0103941100043308
RICE_012975,Rice,Kerala,KOZHIKODE,Autumn,2012,1.4265734265734267
RICE_012976,Rice,Kerala,KOZHIKODE,Summer,2012,2.286846275752773
RICE_012977,Rice,Kerala,KOZHIKODE,Winter,2012,1.3441724515893314
RICE_012978,Rice,Kerala,MALAPPURAM,Autumn,2012,2.178498985801217
RICE_012979,Rice,Kerala,MALAPPURAM,Summer,2012,3.5082304526748973
RICE_012980,Rice,Kerala,MALAPPURAM,Winter,2012,1.9453737031547744
RICE_012981,Rice,Kerala,PALAKKAD,Autumn,2012,2.4151427568137005
RICE_012982,Rice,Kerala,PALAKKAD,Summer,2012,1.9738610903659448
RICE_012983,Rice,Kerala,PALAKKAD,Winter,2012,2.393094020555921
RICE_012984,Rice,Kerala,PATHANAMTHITTA,Autumn,2012,2.7058823529411766
RICE_012985,Rice,Kerala,PATHANAMTHITTA,Summer,2012,2.6881429344883596
RICE_012986,Rice,Kerala,PATHANAMTHITTA,Winter,2012,2.4661654135338344
RICE_012987,Rice,Kerala,THIRUVANANTHAPURAM,Autumn,2012,2.4681208053691277
RICE_012988,Rice,Kerala,THIRUVANANTHAPURAM,Summer,2012,2.275
RICE_012989,Rice,Kerala,THIRUVANANTHAPURAM,Winter,2012,2.147457627118644
RICE_012990,Rice,Kerala,THRISSUR,Autumn,2012,2.1788901823826152
RICE_012991,Rice,Kerala,THRISSUR,Summer,2012,3.523542001070091
RICE_012992,Rice,Kerala,THRISSUR,Winter,2012,2.729934840935224
RICE_012993,Rice,Kerala,WAYANAD,Summer,2012,2.6740812379110253
RICE_012994,Rice,Kerala,WAYANAD,Winter,2012,2.749782514136581
RICE_012995,Rice,Madhya Pradesh,ALIRAJPUR,Kharif,2012,0.544620163795538
RICE_012996,Rice,Madhya Pradesh,ANUPPUR,Kharif,2012,1.1218718363562392
RICE_012997,Rice,Madhya Pradesh,ASHOKNAGAR,Kharif,2012,2.9217456734386755
RICE_012998,Rice,Madhya Pradesh,BALAGHAT,Kharif,2012,1.865512123850027
RICE_012999,Rice,Madhya Pradesh,BARWANI,Kharif,2012,1.0474956822107082
RICE_013000,Rice,Madhya Pradesh,BETUL,Kharif,2012,2.7141328577797594
RICE_013001,Rice,Madhya Pradesh,BHIND,Kharif,2012,2.6975989617131733
RICE_013002,Rice,Madhya Pradesh,BHOPAL,Kharif,2012,1.136163982430454
RICE_013003,Rice,Madhya Pradesh,BURHANPUR,Kharif,2012,1.6670353982300885
RICE_013004,Rice,Madhya Pradesh,CHHATARPUR,Kharif,2012,0.3742013469176308
RICE_013005,Rice,Madhya Pradesh,CHHINDWARA,Kharif,2012,2.7530492179652746
RICE_013006,Rice,Madhya Pradesh,DAMOH,Kharif,2012,0.9934989964297767
RICE_013007,Rice,Madhya Pradesh,DATIA,Kharif,2012,2.047047170979324
RICE_013008,Rice,Madhya Pradesh,DEWAS,Kharif,2012,0.8391608391608392
RICE_013009,Rice,Madhya Pradesh,DHAR,Kharif,2012,0.8586387434554974
RICE_013010,Rice,Madhya Pradesh,DINDORI,Kharif,2012,1.5434463345979683
RICE_013011,Rice,Madhya Pradesh,GUNA,Kharif,2012,1.1789667896678966
RICE_013012,Rice,Madhya Pradesh,GWALIOR,Kharif,2012,1.8190342527052314
RICE_013013,Rice,Madhya Pradesh,HARDA,Kharif,2012,2.830344827586207
RICE_013014,Rice,Madhya Pradesh,HOSHANGABAD,Kharif,2012,6.6396221267307824
RICE_013015,Rice,Madhya Pradesh,INDORE,Kharif,2012,1.0
RICE_013016,Rice,Madhya Pradesh,JABALPUR,Kharif,2012,2.0780210490204487
RICE_013017,Rice,Madhya Pradesh,JHABUA,Kharif,2012,0.4862138533960995
RICE_013018,Rice,Madhya Pradesh,KATNI,Kharif,2012,1.2267060661234317
RICE_013019,Rice,Madhya Pradesh,KHANDWA,Kharif,2012,1.4815256257449345
RICE_013020,Rice,Madhya Pradesh,KHARGONE,Kharif,2012,0.6494312306101344
RICE_013021,Rice,Madhya Pradesh,MANDLA,Kharif,2012,0.6724720541283762
RICE_013022,Rice,Madhya Pradesh,MORENA,Kharif,2012,3.1021276595744682
RICE_013023,Rice,Madhya Pradesh,NARSINGHPUR,Kharif,2012,1.332894533064891
RICE_013024,Rice,Madhya Pradesh,NEEMUCH,Kharif,2012,0.5348837209302325
RICE_013025,Rice,Madhya Pradesh,PANNA,Kharif,2012,1.0199245757385291
RICE_013026,Rice,Madhya Pradesh,RAISEN,Kharif,2012,1.2843639450969293
RICE_013027,Rice,Madhya Pradesh,RAJGARH,Kharif,2012,0.8096385542168675
RICE_013028,Rice,Madhya Pradesh,RATLAM,Kharif,2012,1.1460176991150441
RICE_013029,Rice,Madhya Pradesh,REWA,Kharif,2012,1.6164763986721722
RICE_013030,Rice,Madhya Pradesh,SAGAR,Kharif,2012,0.6331304678585014
RICE_013031,Rice,Madhya Pradesh,SATNA,Kharif,2012,2.315210007261824
RICE_013032,Rice,Madhya Pradesh,SEHORE,Kharif,2012,2.6065895953757225
RICE_013033,Rice,Madhya Pradesh,SEONI,Kharif,2012,2.0580024314150545
RICE_013034,Rice,Madhya Pradesh,SHAHDOL,Kharif,2012,1.983600553793935
RICE_013035,Rice,Madhya Pradesh,SHAJAPUR,Kharif,2012,0.5205479452054794
RICE_013036,Rice,Madhya Pradesh,SHEOPUR,Kharif,2012,3.7066726044681957
RICE_013037,Rice,Madhya Pradesh,SHIVPURI,Kharif,2012,1.4839913426375102
RICE_013038,Rice,Madhya Pradesh,SIDHI,Kharif,2012,1.3985797950219618
RICE_013039,Rice,Madhya Pradesh,SINGRAULI,Kharif,2012,3.007691983478041
RICE_013040,Rice,Madhya Pradesh,TIKAMGARH,Kharif,2012,0.47628760836308004
RICE_013041,Rice,Madhya Pradesh,UMARIA,Kharif,2012,1.0794759825327511
RICE_013042,Rice,Madhya Pradesh,VIDISHA,Kharif,2012,0.9816176470588235
RICE_013043,Rice,Maharashtra,AHMEDNAGAR,Kharif,2012,0.6133333333333333
RICE_013044,Rice,Maharashtra,AMRAVATI,Kharif,2012,0.39473684210526316
RICE_013045,Rice,Maharashtra,BEED,Kharif,2012,0.5
RICE_013046,Rice,Maharashtra,BHANDARA,Kharif,2012,2.034424379232506
RICE_013047,Rice,Maharashtra,BHANDARA,Summer,2012,2.6338028169014085
RICE_013048,Rice,Maharashtra,CHANDRAPUR,Kharif,2012,1.5834386852085967
RICE_013049,Rice,Maharashtra,CHANDRAPUR,Summer,2012,2.076923076923077
RICE_013050,Rice,Maharashtra,DHULE,Kharif,2012,0.961038961038961
RICE_013051,Rice,Maharashtra,GADCHIROLI,Kharif,2012,1.511228533685601
RICE_013052,Rice,Maharashtra,GADCHIROLI,Summer,2012,2.1379310344827585
RICE_013053,Rice,Maharashtra,GONDIA,Kharif,2012,1.8850704225352113
RICE_013054,Rice,Maharashtra,GONDIA,Summer,2012,2.393258426966292
RICE_013055,Rice,Maharashtra,HINGOLI,Kharif,2012,0.3333333333333333
RICE_013056,Rice,Maharashtra,KOLHAPUR,Kharif,2012,2.6178107606679037
RICE_013057,Rice,Maharashtra,KOLHAPUR,Summer,2012,2.5714285714285716
RICE_013058,Rice,Maharashtra,LATUR,Kharif,2012,0.6024096385542169
RICE_013059,Rice,Maharashtra,NAGPUR,Kharif,2012,1.4955223880597015
RICE_013060,Rice,Maharashtra,NAGPUR,Summer,2012,2.0
RICE_013061,Rice,Maharashtra,NANDED,Kharif,2012,0.525
RICE_013062,Rice,Maharashtra,NANDURBAR,Kharif,2012,1.4564102564102563
RICE_013063,Rice,Maharashtra,NASHIK,Kharif,2012,1.1899852724594993
RICE_013064,Rice,Maharashtra,OSMANABAD,Kharif,2012,0.24347826086956523
RICE_013065,Rice,Maharashtra,PARBHANI,Kharif,2012,0.07142857142857142
RICE_013066,Rice,Maharashtra,PUNE,Kharif,2012,1.3685567010309279
RICE_013067,Rice,Maharashtra,RAIGAD,Kharif,2012,2.6027397260273974
RICE_013068,Rice,Maharashtra,RAIGAD,Summer,2012,2.710526315789474
RICE_013069,Rice,Maharashtra,RATNAGIRI,Kharif,2012,2.910569105691057
RICE_013070,Rice,Maharashtra,RATNAGIRI,Summer,2012,2.0
RICE_013071,Rice,Maharashtra,SANGLI,Kharif,2012,1.9257142857142857
RICE_013072,Rice,Maharashtra,SATARA,Kharif,2012,1.3725490196078431
RICE_013073,Rice,Maharashtra,SINDHUDURG,Kharif,2012,2.789757412398922
RICE_013074,Rice,Maharashtra,SINDHUDURG,Summer,2012,2.3846153846153846
RICE_013075,Rice,Maharashtra,SOLAPUR,Kharif,2012,0.25
RICE_013076,Rice,Maharashtra,THANE,Kharif,2012,2.594909090909091
RICE_013077,Rice,Maharashtra,THANE,Summer,2012,2.9047619047619047
RICE_013078,Rice,Maharashtra,YAVATMAL,Kharif,2012,0.4
RICE_013079,Rice,Meghalaya,EAST GARO HILLS,Autumn,2012,2.1296381974646064
RICE_013080,Rice,Meghalaya,EAST GARO HILLS,Rabi,2012,1.431578947368421
RICE_013081,Rice,Meghalaya,EAST GARO HILLS,Winter,2012,1.717610891523935
RICE_013082,Rice,Meghalaya,EAST JAINTIA HILLS,Autumn,2012,2.2524271844660193
RICE_013083,Rice,Meghalaya,EAST JAINTIA HILLS,Rabi,2012,2.1458333333333335
RICE_013084,Rice,Meghalaya,EAST JAINTIA HILLS,Winter,2012,1.8349538360977204
RICE_013085,Rice,Meghalaya,EAST KHASI HILLS,Autumn,2012,2.8315412186379927
RICE_013086,Rice,Meghalaya,EAST KHASI HILLS,Rabi,2012,1.9098360655737705
RICE_013087,Rice,Meghalaya,EAST KHASI HILLS,Winter,2012,1.9723451327433628
RICE_013088,Rice,Meghalaya,RI BHOI,Autumn,2012,2.4871794871794872
RICE_013089,Rice,Meghalaya,RI BHOI,Rabi,2012,1.5454545454545454
RICE_013090,Rice,Meghalaya,RI BHOI,Winter,2012,2.9171795702407946
RICE_013091,Rice,Meghalaya,SOUTH GARO HILLS,Autumn,2012,1.8564123542646758
RICE_013092,Rice,Meghalaya,SOUTH GARO HILLS,Rabi,2012,1.101123595505618
RICE_013093,Rice,Meghalaya,SOUTH GARO HILLS,Winter,2012,2.0346993718217172
RICE_013094,Rice,Meghalaya,WEST GARO HILLS,Autumn,2012,1.9374138241112644
RICE_013095,Rice,Meghalaya,WEST GARO HILLS,Rabi,2012,4.4373008285532185
RICE_013096,Rice,Meghalaya,WEST GARO HILLS,Winter,2012,2.7832923307305593
RICE_013097,Rice,Meghalaya,WEST KHASI HILLS,Autumn,2012,2.1294117647058823
RICE_013098,Rice,Meghalaya,WEST KHASI HILLS,Rabi,2012,2.3333333333333335
RICE_013099,Rice,Meghalaya,WEST KHASI HILLS,Winter,2012,1.576222684703434
RICE_013100,Rice,Nagaland,DIMAPUR,Kharif,2012,2.4022727272727273
RICE_013101,Rice,Nagaland,DIMAPUR,Rabi,2012,2.5251141552511416
RICE_013102,Rice,Nagaland,KIPHIRE,Kharif,2012,1.9394250513347022
RICE_013103,Rice,Nagaland,KOHIMA,Kharif,2012,2.2928257686676425
RICE_013104,Rice,Nagaland,LONGLENG,Kharif,2012,1.9261006289308176
RICE_013105,Rice,Nagaland,MOKOKCHUNG,Kharif,2012,2.1244925575101488
RICE_013106,Rice,Nagaland,MON,Kharif,2012,2.0130753138075312
RICE_013107,Rice,Nagaland,MON,Rabi,2012,2.5132743362831858
RICE_013108,Rice,Nagaland,PEREN,Kharif,2012,2.233287858117326
RICE_013109,Rice,Nagaland,PEREN,Rabi,2012,2.5217391304347827
RICE_013110,Rice,Nagaland,PHEK,Kharif,2012,2.453697056712132
RICE_013111,Rice,Nagaland,TUENSANG,Kharif,2012,2.077793493635078
RICE_013112,Rice,Nagaland,WOKHA,Kharif,2012,2.1487990626830697
RICE_013113,Rice,Nagaland,ZUNHEBOTO,Kharif,2012,2.0454545454545454
RICE_013114,Rice,Odisha,ANUGUL,Autumn,2012,1.5
RICE_013115,Rice,Odisha,ANUGUL,Summer,2012,0.011560693641618497
RICE_013116,Rice,Odisha,ANUGUL,Winter,2012,2.2028985507246377
RICE_013117,Rice,Odisha,BALANGIR,Autumn,2012,2.078125
RICE_013118,Rice,Odisha,BALANGIR,Summer,2012,0.016051364365971106
RICE_013119,Rice,Odisha,BALANGIR,Winter,2012,3.769230769230769
RICE_013120,Rice,Odisha,BALESHWAR,Summer,2012,0.30935251798561153
RICE_013121,Rice,Odisha,BALESHWAR,Winter,2012,1.5444444444444445
RICE_013122,Rice,Odisha,BARGARH,Autumn,2012,2.019230769230769
RICE_013123,Rice,Odisha,BARGARH,Summer,2012,0.38573508005822416
RICE_013124,Rice,Odisha,BARGARH,Winter,2012,3.2154696132596685
RICE_013125,Rice,Odisha,BHADRAK,Summer,2012,0.014285714285714285
RICE_013126,Rice,Odisha,BHADRAK,Winter,2012,2.1341463414634148
RICE_013127,Rice,Odisha,BOUDH,Autumn,2012,1.3333333333333333
RICE_013128,Rice,Odisha,BOUDH,Summer,2012,0.017341040462427744
RICE_013129,Rice,Odisha,BOUDH,Winter,2012,2.661290322580645
RICE_013130,Rice,Odisha,CUTTACK,Autumn,2012,2.125
RICE_013131,Rice,Odisha,CUTTACK,Summer,2012,0.015957446808510637
RICE_013132,Rice,Odisha,CUTTACK,Winter,2012,2.9916666666666667
RICE_013133,Rice,Odisha,DEOGARH,Autumn,2012,2.0588235294117645
RICE_013134,Rice,Odisha,DEOGARH,Summer,2012,0.06306306306306306
RICE_013135,Rice,Odisha,DEOGARH,Winter,2012,2.923076923076923
RICE_013136,Rice,Odisha,DHENKANAL,Autumn,2012,1.5
RICE_013137,Rice,Odisha,DHENKANAL,Summer,2012,0.008888888888888889
RICE_013138,Rice,Odisha,DHENKANAL,Winter,2012,2.7721518987341773
RICE_013139,Rice,Odisha,GAJAPATI,Summer,2012,0.014925373134328358
RICE_013140,Rice,Odisha,GAJAPATI,Winter,2012,2.09375
RICE_013141,Rice,Odisha,GANJAM,Autumn,2012,1.0
RICE_013142,Rice,Odisha,GANJAM,Winter,2012,1.7921568627450981
RICE_013143,Rice,Odisha,JAGATSINGHAPUR,Autumn,2012,2.0
RICE_013144,Rice,Odisha,JAGATSINGHAPUR,Summer,2012,0.009523809523809525
RICE_013145,Rice,Odisha,JAGATSINGHAPUR,Winter,2012,2.9295774647887325
RICE_013146,Rice,Odisha,JAJAPUR,Autumn,2012,0.875
RICE_013147,Rice,Odisha,JAJAPUR,Summer,2012,0.018779342723004695
RICE_013148,Rice,Odisha,JAJAPUR,Winter,2012,1.8773584905660377
RICE_013149,Rice,Odisha,JHARSUGUDA,Autumn,2012,1.9230769230769231
RICE_013150,Rice,Odisha,JHARSUGUDA,Summer,2012,0.010101010101010102
RICE_013151,Rice,Odisha,JHARSUGUDA,Winter,2012,3.0833333333333335
RICE_013152,Rice,Odisha,KALAHANDI,Autumn,2012,1.8
RICE_013153,Rice,Odisha,KALAHANDI,Summer,2012,0.20848708487084872
RICE_013154,Rice,Odisha,KALAHANDI,Winter,2012,2.9310344827586206
RICE_013155,Rice,Odisha,KANDHAMAL,Autumn,2012,1.125
RICE_013156,Rice,Odisha,KANDHAMAL,Summer,2012,0.014084507042253521
RICE_013157,Rice,Odisha,KANDHAMAL,Winter,2012,1.7714285714285714
RICE_013158,Rice,Odisha,KENDRAPARA,Autumn,2012,1.5
RICE_013159,Rice,Odisha,KENDRAPARA,Summer,2012,0.02702702702702703
RICE_013160,Rice,Odisha,KENDRAPARA,Winter,2012,1.855072463768116
RICE_013161,Rice,Odisha,KENDUJHAR,Autumn,2012,1.2916666666666667
RICE_013162,Rice,Odisha,KENDUJHAR,Summer,2012,0.02888086642599278
RICE_013163,Rice,Odisha,KENDUJHAR,Winter,2012,1.7083333333333333
RICE_013164,Rice,Odisha,KHORDHA,Summer,2012,0.01485148514851485
RICE_013165,Rice,Odisha,KHORDHA,Winter,2012,2.269662921348315
RICE_013166,Rice,Odisha,KORAPUT,Autumn,2012,1.2173913043478262
RICE_013167,Rice,Odisha,KORAPUT,Summer,2012,0.16346153846153846
RICE_013168,Rice,Odisha,KORAPUT,Winter,2012,2.25
RICE_013169,Rice,Odisha,MALKANGIRI,Autumn,2012,0.9
RICE_013170,Rice,Odisha,MALKANGIRI,Summer,2012,0.02247191011235955
RICE_013171,Rice,Odisha,MALKANGIRI,Winter,2012,1.988235294117647
RICE_013172,Rice,Odisha,MAYURBHANJ,Autumn,2012,1.2
RICE_013173,Rice,Odisha,MAYURBHANJ,Summer,2012,0.012244897959183673
RICE_013174,Rice,Odisha,MAYURBHANJ,Winter,2012,1.7692307692307692
RICE_013175,Rice,Odisha,NABARANGPUR,Autumn,2012,1.5172413793103448
RICE_013176,Rice,Odisha,NABARANGPUR,Summer,2012,0.0061162079510703364
RICE_013177,Rice,Odisha,NABARANGPUR,Winter,2012,2.482456140350877
RICE_013178,Rice,Odisha,NAYAGARH,Autumn,2012,1.0
RICE_013179,Rice,Odisha,NAYAGARH,Winter,2012,2.1894736842105265
RICE_013180,Rice,Odisha,NUAPADA,Autumn,2012,1.5588235294117647
RICE_013181,Rice,Odisha,NUAPADA,Summer,2012,0.04040404040404041
RICE_013182,Rice,Odisha,NUAPADA,Winter,2012,2.377049180327869
RICE_013183,Rice,Odisha,PURI,Summer,2012,0.40408163265306124
RICE_013184,Rice,Odisha,PURI,Winter,2012,2.2803738317757007
RICE_013185,Rice,Odisha,RAYAGADA,Autumn,2012,1.0
RICE_013186,Rice,Odisha,RAYAGADA,Summer,2012,0.02608695652173913
RICE_013187,Rice,Odisha,RAYAGADA,Winter,2012,2.25
RICE_013188,Rice,Odisha,SAMBALPUR,Autumn,2012,2.0256410256410255
RICE_013189,Rice,Odisha,SAMBALPUR,Summer,2012,0.20579710144927535
RICE_013190,Rice,Odisha,SAMBALPUR,Winter,2012,3.2839506172839505
RICE_013191,Rice,Odisha,SONEPUR,Autumn,2012,2.5714285714285716
RICE_013192,Rice,Odisha,SONEPUR,Summer,2012,0.25223214285714285
RICE_013193,Rice,Odisha,SONEPUR,Winter,2012,4.681818181818182
RICE_013194,Rice,Odisha,SUNDARGARH,Autumn,2012,1.8571428571428572
RICE_013195,Rice,Odisha,SUNDARGARH,Summer,2012,0.00423728813559322
RICE_013196,Rice,Odisha,SUNDARGARH,Winter,2012,2.6554621848739495
RICE_013197,Rice,Puducherry,KARAIKAL,Kharif,2012,2.80184331797235
RICE_013198,Rice,Puducherry,KARAIKAL,Rabi,2012,1.8851035404141616
RICE_013199,Rice,Puducherry,KARAIKAL,Summer,2012,2.0
RICE_013200,Rice,Puducherry,PONDICHERRY,Kharif,2012,3.3630234208658623
RICE_013201,Rice,Puducherry,PONDICHERRY,Rabi,2012,3.275104118463674
RICE_013202,Rice,Puducherry,PONDICHERRY,Summer,2012,3.075093532870123
RICE_013203,Rice,Puducherry,YANAM,Kharif,2012,3.0749185667752443
RICE_013204,Rice,Puducherry,YANAM,Rabi,2012,4.530120481927711
RICE_013205,Rice,Punjab,AMRITSAR,Kharif,2012,2.9405405405405407
RICE_013206,Rice,Punjab,BARNALA,Kharif,2012,4.622641509433962
RICE_013207,Rice,Punjab,BATHINDA,Kharif,2012,4.280373831775701
RICE_013208,Rice,Punjab,FARIDKOT,Kharif,2012,4.352941176470588
RICE_013209,Rice,Punjab,FATEHGARH SAHIB,Kharif,2012,4.465116279069767
RICE_013210,Rice,Punjab,FAZILKA,Kharif,2012,3.4235294117647057
RICE_013211,Rice,Punjab,FIROZEPUR,Kharif,2012,4.208791208791209
RICE_013212,Rice,Punjab,GURDASPUR,Kharif,2012,3.1149425287356323
RICE_013213,Rice,Punjab,HOSHIARPUR,Kharif,2012,3.6
RICE_013214,Rice,Punjab,JALANDHAR,Kharif,2012,3.787878787878788
RICE_013215,Rice,Punjab,KAPURTHALA,Kharif,2012,3.8034188034188032
RICE_013216,Rice,Punjab,LUDHIANA,Kharif,2012,4.54863813229572
RICE_013217,Rice,Punjab,MANSA,Kharif,2012,4.115384615384615
RICE_013218,Rice,Punjab,MOGA,Kharif,2012,4.511363636363637
RICE_013219,Rice,Punjab,MUKTSAR,Kharif,2012,3.9915254237288136
RICE_013220,Rice,Punjab,NAWANSHAHR,Kharif,2012,4.140350877192983
RICE_013221,Rice,Punjab,PATHANKOT,Kharif,2012,2.814814814814815
RICE_013222,Rice,Punjab,PATIALA,Kharif,2012,3.9570815450643777
RICE_013223,Rice,Punjab,RUPNAGAR,Kharif,2012,3.8157894736842106
RICE_013224,Rice,Punjab,S.A.S NAGAR,Kharif,2012,3.774193548387097
RICE_013225,Rice,Punjab,SANGRUR,Kharif,2012,4.706521739130435
RICE_013226,Rice,Punjab,TARN TARAN,Kharif,2012,3.346368715083799
RICE_013227,Rice,Sikkim,EAST DISTRICT,Kharif,2012,1.7861507128309573
RICE_013228,Rice,Sikkim,NORTH DISTRICT,Kharif,2012,1.346938775510204
RICE_013229,Rice,Sikkim,SOUTH DISTRICT,Kharif,2012,1.8512396694214877
RICE_013230,Rice,Sikkim,WEST DISTRICT,Kharif,2012,1.8753462603878117
RICE_013231,Rice,Tamil Nadu,ARIYALUR,Kharif,2012,2.0768133310506194
RICE_013232,Rice,Tamil Nadu,COIMBATORE,Kharif,2012,3.6595547309833023
RICE_013233,Rice,Tamil Nadu,CUDDALORE,Kharif,2012,3.0304757141070757
RICE_013234,Rice,Tamil Nadu,DHARMAPURI,Kharif,2012,4.471298841956178
RICE_013235,Rice,Tamil Nadu,DINDIGUL,Kharif,2012,3.250949767834529
RICE_013236,Rice,Tamil Nadu,ERODE,Kharif,2012,4.410873845221869
RICE_013237,Rice,Tamil Nadu,KANCHIPURAM,Kharif,2012,4.43375244266173
RICE_013238,Rice,Tamil Nadu,KANNIYAKUMARI,Kharif,2012,4.663390267483081
RICE_013239,Rice,Tamil Nadu,KARUR,Kharif,2012,4.040799486568259
RICE_013240,Rice,Tamil Nadu,KRISHNAGIRI,Kharif,2012,4.066129668225089
RICE_013241,Rice,Tamil Nadu,MADURAI,Kharif,2012,3.6063027075011096
RICE_013242,Rice,Tamil Nadu,NAGAPATTINAM,Kharif,2012,1.417291329723648
RICE_013243,Rice,Tamil Nadu,NAMAKKAL,Kharif,2012,3.652660054102795
RICE_013244,Rice,Tamil Nadu,PERAMBALUR,Kharif,2012,2.8623099054665024
RICE_013245,Rice,Tamil Nadu,PUDUKKOTTAI,Kharif,2012,2.8760423520966683
RICE_013246,Rice,Tamil Nadu,RAMANATHAPURAM,Kharif,2012,0.588464014419982
RICE_013247,Rice,Tamil Nadu,SALEM,Kharif,2012,4.09567638641813
RICE_013248,Rice,Tamil Nadu,SIVAGANGA,Kharif,2012,1.8448578547966927
RICE_013249,Rice,Tamil Nadu,THANJAVUR,Kharif,2012,2.933614137276383
RICE_013250,Rice,Tamil Nadu,THE NILGIRIS,Kharif,2012,3.972318339100346
RICE_013251,Rice,Tamil Nadu,THENI,Kharif,2012,4.6153473500629785
RICE_013252,Rice,Tamil Nadu,THIRUVALLUR,Kharif,2012,3.8354162145601696
RICE_013253,Rice,Tamil Nadu,THIRUVARUR,Kharif,2012,1.2135817852288173
RICE_013254,Rice,Tamil Nadu,TIRUCHIRAPPALLI,Kharif,2012,3.052346530494949
RICE_013255,Rice,Tamil Nadu,TIRUNELVELI,Kharif,2012,4.0234135811986524
RICE_013256,Rice,Tamil Nadu,TIRUPPUR,Kharif,2012,2.4653061224489794
RICE_013257,Rice,Tamil Nadu,TIRUVANNAMALAI,Kharif,2012,3.5468760215311526
RICE_013258,Rice,Tamil Nadu,TUTICORIN,Kharif,2012,3.910009624639076
RICE_013259,Rice,Tamil Nadu,VELLORE,Kharif,2012,4.279384994538886
RICE_013260,Rice,Tamil Nadu,VILLUPURAM,Kharif,2012,3.430457388551012
RICE_013261,Rice,Tamil Nadu,VIRUDHUNAGAR,Kharif,2012,1.7615026335263135
RICE_013262,Rice,Tripura,DHALAI,Kharif,2012,2.4119498796370595
RICE_013263,Rice,Tripura,GOMATI,Kharif,2012,2.8990572918073525
RICE_013264,Rice,Tripura,KHOWAI,Kharif,2012,2.816233412867847
RICE_013265,Rice,Tripura,NORTH TRIPURA,Kharif,2012,2.5193153213626447
RICE_013266,Rice,Tripura,SEPAHIJALA,Kharif,2012,3.0493216974108694
RICE_013267,Rice,Tripura,SOUTH TRIPURA,Kharif,2012,2.873373639661427
RICE_013268,Rice,Tripura,UNAKOTI,Kharif,2012,2.7990233125981048
RICE_013269,Rice,Tripura,WEST TRIPURA,Kharif,2012,2.8707590278620243
RICE_013270,Rice,Uttar Pradesh,AGRA,Kharif,2012,2.5239032620922384
RICE_013271,Rice,Uttar Pradesh,AGRA,Summer,2012,2.5405405405405403
RICE_013272,Rice,Uttar Pradesh,ALIGARH,Kharif,2012,2.456998511329137
RICE_013273,Rice,Uttar Pradesh,ALLAHABAD,Kharif,2012,2.8689983012951785
RICE_013274,Rice,Uttar Pradesh,AMBEDKAR NAGAR,Kharif,2012,2.7589982728842832
RICE_013275,Rice,Uttar Pradesh,AMETHI,Kharif,2012,2.6089979446319367
RICE_013276,Rice,Uttar Pradesh,AMROHA,Kharif,2012,1.8159786950732357
RICE_013277,Rice,Uttar Pradesh,AURAIYA,Kharif,2012,3.1259939885096832
RICE_013278,Rice,Uttar Pradesh,AZAMGARH,Kharif,2012,2.1509994738363964
RICE_013279,Rice,Uttar Pradesh,AZAMGARH,Summer,2012,2.0
RICE_013280,Rice,Uttar Pradesh,BAGHPAT,Kharif,2012,3.0430424528301887
RICE_013281,Rice,Uttar Pradesh,BAHRAICH,Kharif,2012,2.3900001256423464
RICE_013282,Rice,Uttar Pradesh,BALLIA,Kharif,2012,2.1780008558590684
RICE_013283,Rice,Uttar Pradesh,BALRAMPUR,Kharif,2012,2.3220035106492825
RICE_013284,Rice,Uttar Pradesh,BANDA,Kharif,2012,1.7500050167559649
RICE_013285,Rice,Uttar Pradesh,BARABANKI,Kharif,2012,3.05700090236027
RICE_013286,Rice,Uttar Pradesh,BAREILLY,Kharif,2012,2.234003429681205
RICE_013287,Rice,Uttar Pradesh,BAREILLY,Summer,2012,2.2337164750957856
RICE_013288,Rice,Uttar Pradesh,BASTI,Kharif,2012,2.4550043064726745
RICE_013289,Rice,Uttar Pradesh,BIJNOR,Kharif,2012,2.5239929947460595
RICE_013290,Rice,Uttar Pradesh,BIJNOR,Summer,2012,2.524193548387097
RICE_013291,Rice,Uttar Pradesh,BUDAUN,Kharif,2012,2.2829988306326516
RICE_013292,Rice,Uttar Pradesh,BUDAUN,Summer,2012,2.3
RICE_013293,Rice,Uttar Pradesh,BULANDSHAHR,Kharif,2012,2.582003509065085
RICE_013294,Rice,Uttar Pradesh,BULANDSHAHR,Summer,2012,3.0
RICE_013295,Rice,Uttar Pradesh,CHANDAULI,Kharif,2012,2.793003696857671
RICE_013296,Rice,Uttar Pradesh,CHITRAKOOT,Kharif,2012,1.5
RICE_013297,Rice,Uttar Pradesh,DEORIA,Kharif,2012,2.2349971999818377
RICE_013298,Rice,Uttar Pradesh,DEORIA,Summer,2012,2.217391304347826
RICE_013299,Rice,Uttar Pradesh,ETAH,Kharif,2012,2.649009451593955
RICE_013300,Rice,Uttar Pradesh,ETAWAH,Kharif,2012,2.959005908509472
RICE_013301,Rice,Uttar Pradesh,FAIZABAD,Kharif,2012,2.54100069144512
RICE_013302,Rice,Uttar Pradesh,FARRUKHABAD,Kharif,2012,2.7789700974939477
RICE_013303,Rice,Uttar Pradesh,FATEHPUR,Kharif,2012,2.456002799232803
RICE_013304,Rice,Uttar Pradesh,FIROZABAD,Kharif,2012,2.8359848681142146
RICE_013305,Rice,Uttar Pradesh,GAUTAM BUDDHA NAGAR,Kharif,2012,2.1220208910680025
RICE_013306,Rice,Uttar Pradesh,GHAZIABAD,Kharif,2012,2.582986730045554
RICE_013307,Rice,Uttar Pradesh,GHAZIPUR,Kharif,2012,2.337000167588403
RICE_013308,Rice,Uttar Pradesh,GONDA,Kharif,2012,2.355002290126284
RICE_013309,Rice,Uttar Pradesh,GORAKHPUR,Kharif,2012,2.2780005558422998
RICE_013310,Rice,Uttar Pradesh,GORAKHPUR,Summer,2012,2.2789115646258504
RICE_013311,Rice,Uttar Pradesh,HAMIRPUR,Kharif,2012,1.865979381443299
RICE_013312,Rice,Uttar Pradesh,HAPUR,Kharif,2012,2.956001984126984
RICE_013313,Rice,Uttar Pradesh,HARDOI,Kharif,2012,2.4539981315525417
RICE_013314,Rice,Uttar Pradesh,HARDOI,Summer,2012,2.5
RICE_013315,Rice,Uttar Pradesh,HATHRAS,Kharif,2012,2.260008630196097
RICE_013316,Rice,Uttar Pradesh,JALAUN,Kharif,2012,1.083984375
RICE_013317,Rice,Uttar Pradesh,JAUNPUR,Kharif,2012,2.3369976560111425
RICE_013318,Rice,Uttar Pradesh,JHANSI,Kharif,2012,1.9809798844851623
RICE_013319,Rice,Uttar Pradesh,KANNAUJ,Kharif,2012,3.0250072358900146
RICE_013320,Rice,Uttar Pradesh,KANPUR DEHAT,Kharif,2012,3.0089992437610285
RICE_013321,Rice,Uttar Pradesh,KANPUR NAGAR,Kharif,2012,2.3420087171929382
RICE_013322,Rice,Uttar Pradesh,KASGANJ,Kharif,2012,2.7250261051166027
RICE_013323,Rice,Uttar Pradesh,KAUSHAMBI,Kharif,2012,2.1750070436271427
RICE_013324,Rice,Uttar Pradesh,KHERI,Kharif,2012,2.562999885350527
RICE_013325,Rice,Uttar Pradesh,KHERI,Summer,2012,2.5629271070615034
RICE_013326,Rice,Uttar Pradesh,KUSHI NAGAR,Kharif,2012,2.4709967166094273
RICE_013327,Rice,Uttar Pradesh,LALITPUR,Kharif,2012,1.0851711026615969
RICE_013328,Rice,Uttar Pradesh,LUCKNOW,Kharif,2012,2.05000195549298
RICE_013329,Rice,Uttar Pradesh,MAHARAJGANJ,Kharif,2012,2.4590014687852784
RICE_013330,Rice,Uttar Pradesh,MAHARAJGANJ,Summer,2012,2.45
RICE_013331,Rice,Uttar Pradesh,MAHOBA,Kharif,2012,1.875
RICE_013332,Rice,Uttar Pradesh,MAINPURI,Kharif,2012,2.6340076380434603
RICE_013333,Rice,Uttar Pradesh,MAINPURI,Summer,2012,2.619047619047619
RICE_013334,Rice,Uttar Pradesh,MATHURA,Kharif,2012,2.4710058441023954
RICE_013335,Rice,Uttar Pradesh,MAU,Kharif,2012,2.138996825095958
RICE_013336,Rice,Uttar Pradesh,MEERUT,Kharif,2012,2.7469752435316748
RICE_013337,Rice,Uttar Pradesh,MIRZAPUR,Kharif,2012,2.34000314049216
RICE_013338,Rice,Uttar Pradesh,MORADABAD,Kharif,2012,2.379996029645315
RICE_013339,Rice,Uttar Pradesh,MORADABAD,Summer,2012,2.380252100840336
RICE_013340,Rice,Uttar Pradesh,MUZAFFARNAGAR,Kharif,2012,2.501980062815786
RICE_013341,Rice,Uttar Pradesh,MUZAFFARNAGAR,Summer,2012,2.5
RICE_013342,Rice,Uttar Pradesh,PILIBHIT,Kharif,2012,2.771001000281125
RICE_013343,Rice,Uttar Pradesh,PILIBHIT,Summer,2012,2.7709425608761507
RICE_013344,Rice,Uttar Pradesh,PRATAPGARH,Kharif,2012,2.4300018149918325
RICE_013345,Rice,Uttar Pradesh,RAE BARELI,Kharif,2012,2.423005873436908
RICE_013346,Rice,Uttar Pradesh,RAMPUR,Kharif,2012,2.272999263301911
RICE_013347,Rice,Uttar Pradesh,RAMPUR,Summer,2012,2.2730292294065544
RICE_013348,Rice,Uttar Pradesh,SAHARANPUR,Kharif,2012,2.6170015913548723
RICE_013349,Rice,Uttar Pradesh,SAMBHAL,Kharif,2012,2.408006029645758
RICE_013350,Rice,Uttar Pradesh,SANT KABEER NAGAR,Kharif,2012,2.281998381415919
RICE_013351,Rice,Uttar Pradesh,SANT KABEER NAGAR,Summer,2012,2.276923076923077
RICE_013352,Rice,Uttar Pradesh,SANT RAVIDAS NAGAR,Kharif,2012,2.5510204081632653
RICE_013353,Rice,Uttar Pradesh,SHAHJAHANPUR,Kharif,2012,2.6870009181714476
RICE_013354,Rice,Uttar Pradesh,SHAHJAHANPUR,Summer,2012,2.686973660634295
RICE_013355,Rice,Uttar Pradesh,SHAMLI,Kharif,2012,2.5830203216796686
RICE_013356,Rice,Uttar Pradesh,SHAMLI,Summer,2012,2.6
RICE_013357,Rice,Uttar Pradesh,SHRAVASTI,Kharif,2012,2.2290068027210883
RICE_013358,Rice,Uttar Pradesh,SIDDHARTH NAGAR,Kharif,2012,2.5549999689423633
RICE_013359,Rice,Uttar Pradesh,SITAPUR,Kharif,2012,2.3950001541259516
RICE_013360,Rice,Uttar Pradesh,SITAPUR,Summer,2012,2.423076923076923
RICE_013361,Rice,Uttar Pradesh,SONBHADRA,Kharif,2012,2.081994114984156
RICE_013362,Rice,Uttar Pradesh,SULTANPUR,Kharif,2012,2.5149955785683082
RICE_013363,Rice,Uttar Pradesh,UNNAO,Kharif,2012,1.9620022591051094
RICE_013364,Rice,Uttar Pradesh,UNNAO,Summer,2012,2.0
RICE_013365,Rice,Uttar Pradesh,VARANASI,Kharif,2012,2.428000093551933
RICE_013366,Rice,Uttarakhand,ALMORA,Kharif,2012,1.0748031496062993
RICE_013367,Rice,Uttarakhand,BAGESHWAR,Kharif,2012,1.4873417721518987
RICE_013368,Rice,Uttarakhand,CHAMOLI,Kharif,2012,1.369773846282233
RICE_013369,Rice,Uttarakhand,CHAMPAWAT,Kharif,2012,1.3569763569763569
RICE_013370,Rice,Uttarakhand,DEHRADUN,Kharif,2012,2.055218611387707
RICE_013371,Rice,Uttarakhand,HARIDWAR,Kharif,2012,2.259521178637201
RICE_013372,Rice,Uttarakhand,NAINITAL,Kharif,2012,2.9448925872463274
RICE_013373,Rice,Uttarakhand,NAINITAL,Summer,2012,3.210227272727273
RICE_013374,Rice,Uttarakhand,PAURI GARHWAL,Kharif,2012,1.1729357207265232
RICE_013375,Rice,Uttarakhand,PITHORAGARH,Kharif,2012,1.2882102553949712
RICE_013376,Rice,Uttarakhand,RUDRA PRAYAG,Kharif,2012,1.3421450151057401
RICE_013377,Rice,Uttarakhand,TEHRI GARHWAL,Kharif,2012,1.4414836154123154
RICE_013378,Rice,Uttarakhand,UDAM SINGH NAGAR,Kharif,2012,3.085723433982768
RICE_013379,Rice,Uttarakhand,UDAM SINGH NAGAR,Summer,2012,3.2078579577866515
RICE_013380,Rice,Uttarakhand,UTTAR KASHI,Kharif,2012,1.8755922976106463
RICE_013381,Rice,West Bengal,24 PARAGANAS NORTH,Autumn,2012,2.597365200489526
RICE_013382,Rice,West Bengal,24 PARAGANAS NORTH,Summer,2012,3.5326382978723405
RICE_013383,Rice,West Bengal,24 PARAGANAS NORTH,Winter,2012,2.7351701441848935
RICE_013384,Rice,West Bengal,24 PARAGANAS SOUTH,Autumn,2012,2.3046050939027527
RICE_013385,Rice,West Bengal,24 PARAGANAS SOUTH,Summer,2012,3.007829736409933
RICE_013386,Rice,West Bengal,24 PARAGANAS SOUTH,Winter,2012,2.272724668586979
RICE_013387,Rice,West Bengal,BANKURA,Autumn,2012,2.94308857563644
RICE_013388,Rice,West Bengal,BANKURA,Summer,2012,3.245327438201602
RICE_013389,Rice,West Bengal,BANKURA,Winter,2012,2.6818672389624245
RICE_013390,Rice,West Bengal,BARDHAMAN,Autumn,2012,3.0953405789303776
RICE_013391,Rice,West Bengal,BARDHAMAN,Summer,2012,3.627638861677116
RICE_013392,Rice,West Bengal,BARDHAMAN,Winter,2012,3.0922081378713777
RICE_013393,Rice,West Bengal,BIRBHUM,Autumn,2012,2.5066612838110616
RICE_013394,Rice,West Bengal,BIRBHUM,Summer,2012,3.5225673167828004
RICE_013395,Rice,West Bengal,BIRBHUM,Winter,2012,2.805869515129794
RICE_013396,Rice,West Bengal,COOCHBEHAR,Autumn,2012,1.5109159943046986
RICE_013397,Rice,West Bengal,COOCHBEHAR,Summer,2012,3.282425885017357
RICE_013398,Rice,West Bengal,COOCHBEHAR,Winter,2012,2.216684112319665
RICE_013399,Rice,West Bengal,DARJEELING,Autumn,2012,1.4309948246118458
RICE_013400,Rice,West Bengal,DARJEELING,Summer,2012,2.255828220858896
RICE_013401,Rice,West Bengal,DARJEELING,Winter,2012,2.1567500274614626
RICE_013402,Rice,West Bengal,DINAJPUR DAKSHIN,Autumn,2012,1.7809829059829059
RICE_013403,Rice,West Bengal,DINAJPUR DAKSHIN,Summer,2012,3.1368449881321894
RICE_013404,Rice,West Bengal,DINAJPUR DAKSHIN,Winter,2012,2.777571720535917
RICE_013405,Rice,West Bengal,DINAJPUR UTTAR,Autumn,2012,1.782426778242678
RICE_013406,Rice,West Bengal,DINAJPUR UTTAR,Summer,2012,2.7575977721273763
RICE_013407,Rice,West Bengal,DINAJPUR UTTAR,Winter,2012,2.4666930268026097
RICE_013408,Rice,West Bengal,HOOGHLY,Autumn,2012,2.4871078994908853
RICE_013409,Rice,West Bengal,HOOGHLY,Summer,2012,3.092628193502364
RICE_013410,Rice,West Bengal,HOOGHLY,Winter,2012,2.8275423223975653
RICE_013411,Rice,West Bengal,HOWRAH,Autumn,2012,3.235860409145608
RICE_013412,Rice,West Bengal,HOWRAH,Summer,2012,3.0732598126408157
RICE_013413,Rice,West Bengal,HOWRAH,Winter,2012,2.2539180765805877
RICE_013414,Rice,West Bengal,JALPAIGURI,Autumn,2012,1.887923932445421
RICE_013415,Rice,West Bengal,JALPAIGURI,Summer,2012,2.849313627518014
RICE_013416,Rice,West Bengal,JALPAIGURI,Winter,2012,2.1319542835553036
RICE_013417,Rice,West Bengal,MALDAH,Autumn,2012,1.7814719173660427
RICE_013418,Rice,West Bengal,MALDAH,Summer,2012,3.8472255258418566
RICE_013419,Rice,West Bengal,MALDAH,Winter,2012,2.833248643823388
RICE_013420,Rice,West Bengal,MEDINIPUR EAST,Autumn,2012,1.9846790525666989
RICE_013421,Rice,West Bengal,MEDINIPUR EAST,Summer,2012,3.309691271192715
RICE_013422,Rice,West Bengal,MEDINIPUR EAST,Winter,2012,2.307373815494465
RICE_013423,Rice,West Bengal,MEDINIPUR WEST,Autumn,2012,2.316114921423557
RICE_013424,Rice,West Bengal,MEDINIPUR WEST,Summer,2012,2.8504941824096086
RICE_013425,Rice,West Bengal,MEDINIPUR WEST,Winter,2012,2.7066778835473864
RICE_013426,Rice,West Bengal,MURSHIDABAD,Autumn,2012,2.3072247902756375
RICE_013427,Rice,West Bengal,MURSHIDABAD,Summer,2012,3.437275891393353
RICE_013428,Rice,West Bengal,MURSHIDABAD,Winter,2012,2.4473991907907218
RICE_013429,Rice,West Bengal,NADIA,Autumn,2012,2.2143097855849025
RICE_013430,Rice,West Bengal,NADIA,Summer,2012,3.755557422322094
RICE_013431,Rice,West Bengal,NADIA,Winter,2012,2.279807862974796
RICE_013432,Rice,West Bengal,PURULIA,Autumn,2012,2.5040650406504064
RICE_013433,Rice,West Bengal,PURULIA,Summer,2012,3.1142857142857143
RICE_013434,Rice,West Bengal,PURULIA,Winter,2012,2.5267217344623965
RICE_013435,Rice,Andhra Pradesh,ANANTAPUR,Kharif,2013,2.112008252116383
RICE_013436,Rice,Andhra Pradesh,ANANTAPUR,Rabi,2013,2.325002035333388
RICE_013437,Rice,Andhra Pradesh,CHITTOOR,Kharif,2013,3.207023543338156
RICE_013438,Rice,Andhra Pradesh,CHITTOOR,Rabi,2013,3.469989034454897
RICE_013439,Rice,Andhra Pradesh,EAST GODAVARI,Kharif,2013,1.846002066686795
RICE_013440,Rice,Andhra Pradesh,EAST GODAVARI,Rabi,2013,4.586999994101095
RICE_013441,Rice,Andhra Pradesh,GUNTUR,Kharif,2013,3.2590016425051775
RICE_013442,Rice,Andhra Pradesh,GUNTUR,Rabi,2013,3.810006859708566
RICE_013443,Rice,Andhra Pradesh,KADAPA,Kharif,2013,2.876007187989102
RICE_013444,Rice,Andhra Pradesh,KADAPA,Rabi,2013,2.687015238616662
RICE_013445,Rice,Andhra Pradesh,KRISHNA,Kharif,2013,2.9249993380514505
RICE_013446,Rice,Andhra Pradesh,KRISHNA,Rabi,2013,4.0650018696122325
RICE_013447,Rice,Andhra Pradesh,KURNOOL,Kharif,2013,3.6760011231586676
RICE_013448,Rice,Andhra Pradesh,KURNOOL,Rabi,2013,3.654003343860301
RICE_013449,Rice,Andhra Pradesh,PRAKASAM,Kharif,2013,3.6769996898369923
RICE_013450,Rice,Andhra Pradesh,PRAKASAM,Rabi,2013,3.9590037743345254
RICE_013451,Rice,Andhra Pradesh,SPSR NELLORE,Kharif,2013,3.5809993486554386
RICE_013452,Rice,Andhra Pradesh,SPSR NELLORE,Rabi,2013,4.1300012457695745
RICE_013453,Rice,Andhra Pradesh,SRIKAKULAM,Kharif,2013,1.7379992689655863
RICE_013454,Rice,Andhra Pradesh,SRIKAKULAM,Rabi,2013,2.381897810218978
RICE_013455,Rice,Andhra Pradesh,VISAKHAPATANAM,Kharif,2013,1.7390026055131442
RICE_013456,Rice,Andhra Pradesh,VISAKHAPATANAM,Rabi,2013,1.9420032549193669
RICE_013457,Rice,Andhra Pradesh,VIZIANAGARAM,Kharif,2013,2.475002516678716
RICE_013458,Rice,Andhra Pradesh,VIZIANAGARAM,Rabi,2013,2.7279872119355266
RICE_013459,Rice,Andhra Pradesh,WEST GODAVARI,Kharif,2013,2.1690003161450275
RICE_013460,Rice,Andhra Pradesh,WEST GODAVARI,Rabi,2013,4.555001303940118
RICE_013461,Rice,Arunachal Pradesh,ANJAW,Kharif,2013,0.7368716652625666
RICE_013462,Rice,Arunachal Pradesh,CHANGLANG,Kharif,2013,2.0400785042867473
RICE_013463,Rice,Arunachal Pradesh,DIBANG VALLEY,Kharif,2013,0.8792899408284024
RICE_013464,Rice,Arunachal Pradesh,EAST KAMENG,Kharif,2013,1.0132694023193578
RICE_013465,Rice,Arunachal Pradesh,EAST SIANG,Kharif,2013,1.6126416219439474
RICE_013466,Rice,Arunachal Pradesh,KURUNG KUMEY,Kharif,2013,1.3962264150943395
RICE_013467,Rice,Arunachal Pradesh,LOHIT,Kharif,2013,1.782880658436214
RICE_013468,Rice,Arunachal Pradesh,LONGDING,Kharif,2013,0.8664359861591695
RICE_013469,Rice,Arunachal Pradesh,LOWER DIBANG VALLEY,Kharif,2013,1.1002398081534772
RICE_013470,Rice,Arunachal Pradesh,LOWER SUBANSIRI,Kharif,2013,1.7666308372148574
RICE_013471,Rice,Arunachal Pradesh,PAPUM PARE,Kharif,2013,1.8865696465696467
RICE_013472,Rice,Arunachal Pradesh,TAWANG,Kharif,2013,1.0526946107784432
RICE_013473,Rice,Arunachal Pradesh,TIRAP,Kharif,2013,0.8666666666666667
RICE_013474,Rice,Arunachal Pradesh,UPPER SIANG,Kharif,2013,1.2864701436130008
RICE_013475,Rice,Arunachal Pradesh,UPPER SUBANSIRI,Kharif,2013,1.833267483208218
RICE_013476,Rice,Arunachal Pradesh,WEST KAMENG,Kharif,2013,1.0125
RICE_013477,Rice,Arunachal Pradesh,WEST SIANG,Kharif,2013,0.9702672039435077
RICE_013478,Rice,Assam,BAKSA,Autumn,2013,1.6345098039215686
RICE_013479,Rice,Assam,BAKSA,Summer,2013,2.14
RICE_013480,Rice,Assam,BAKSA,Winter,2013,1.8836346669777209
RICE_013481,Rice,Assam,BARPETA,Autumn,2013,0.8752019175655255
RICE_013482,Rice,Assam,BARPETA,Summer,2013,3.301627086074733
RICE_013483,Rice,Assam,BARPETA,Winter,2013,1.8208783084429987
RICE_013484,Rice,Assam,BONGAIGAON,Autumn,2013,1.5964975954995009
RICE_013485,Rice,Assam,BONGAIGAON,Summer,2013,2.963045141545524
RICE_013486,Rice,Assam,BONGAIGAON,Winter,2013,2.023982869379015
RICE_013487,Rice,Assam,CACHAR,Autumn,2013,1.6
RICE_013488,Rice,Assam,CACHAR,Summer,2013,1.6828571428571428
RICE_013489,Rice,Assam,CACHAR,Winter,2013,1.8584890767119628
RICE_013490,Rice,Assam,CHIRANG,Autumn,2013,1.3185043360738822
RICE_013491,Rice,Assam,CHIRANG,Summer,2013,2.2093876054272092
RICE_013492,Rice,Assam,CHIRANG,Winter,2013,1.6512624113475178
RICE_013493,Rice,Assam,DARRANG,Autumn,2013,1.1200221238938053
RICE_013494,Rice,Assam,DARRANG,Summer,2013,3.604025340584179
RICE_013495,Rice,Assam,DARRANG,Winter,2013,1.9276266688780164
RICE_013496,Rice,Assam,DHEMAJI,Autumn,2013,1.5288681204569055
RICE_013497,Rice,Assam,DHEMAJI,Summer,2013,2.0097285067873303
RICE_013498,Rice,Assam,DHEMAJI,Winter,2013,1.5452269399707175
RICE_013499,Rice,Assam,DHUBRI,Autumn,2013,1.2830414967618133
RICE_013500,Rice,Assam,DHUBRI,Summer,2013,3.5392959086584206
RICE_013501,Rice,Assam,DHUBRI,Winter,2013,1.8083380762663632
RICE_013502,Rice,Assam,DIBRUGARH,Autumn,2013,1.7287234042553192
RICE_013503,Rice,Assam,DIBRUGARH,Summer,2013,2.9801488833746896
RICE_013504,Rice,Assam,DIBRUGARH,Winter,2013,1.8911963241652576
RICE_013505,Rice,Assam,DIMA HASAO,Autumn,2013,1.7206896551724138
RICE_013506,Rice,Assam,DIMA HASAO,Summer,2013,2.9642857142857144
RICE_013507,Rice,Assam,DIMA HASAO,Winter,2013,2.22213698630137
RICE_013508,Rice,Assam,GOALPARA,Autumn,2013,1.1160714285714286
RICE_013509,Rice,Assam,GOALPARA,Summer,2013,3.2519968366943455
RICE_013510,Rice,Assam,GOALPARA,Winter,2013,2.3639760381764647
RICE_013511,Rice,Assam,GOLAGHAT,Autumn,2013,2.3143603133159267
RICE_013512,Rice,Assam,GOLAGHAT,Summer,2013,2.4216618437370814
RICE_013513,Rice,Assam,GOLAGHAT,Winter,2013,2.3759263360534253
RICE_013514,Rice,Assam,HAILAKANDI,Autumn,2013,1.0637540453074434
RICE_013515,Rice,Assam,HAILAKANDI,Summer,2013,1.767076167076167
RICE_013516,Rice,Assam,HAILAKANDI,Winter,2013,2.574801444043321
RICE_013517,Rice,Assam,JORHAT,Autumn,2013,1.0045913682277319
RICE_013518,Rice,Assam,JORHAT,Summer,2013,1.5511473300450354
RICE_013519,Rice,Assam,JORHAT,Winter,2013,2.067857184298163
RICE_013520,Rice,Assam,KAMRUP,Autumn,2013,1.1231589075568056
RICE_013521,Rice,Assam,KAMRUP,Summer,2013,2.9091230167354922
RICE_013522,Rice,Assam,KAMRUP,Winter,2013,2.140326668544072
RICE_013523,Rice,Assam,KAMRUP METRO,Autumn,2013,1.3195530726256983
RICE_013524,Rice,Assam,KAMRUP METRO,Summer,2013,2.9569461827284105
RICE_013525,Rice,Assam,KAMRUP METRO,Winter,2013,2.1995280932015926
RICE_013526,Rice,Assam,KARBI ANGLONG,Autumn,2013,1.3633966824123915
RICE_013527,Rice,Assam,KARBI ANGLONG,Summer,2013,1.886968085106383
RICE_013528,Rice,Assam,KARBI ANGLONG,Winter,2013,1.710259927129526
RICE_013529,Rice,Assam,KARIMGANJ,Autumn,2013,1.2557768924302788
RICE_013530,Rice,Assam,KARIMGANJ,Summer,2013,1.970948905109489
RICE_013531,Rice,Assam,KARIMGANJ,Winter,2013,2.0015130991151975
RICE_013532,Rice,Assam,KOKRAJHAR,Autumn,2013,1.1860550458715597
RICE_013533,Rice,Assam,KOKRAJHAR,Summer,2013,3.0272380291464263
RICE_013534,Rice,Assam,KOKRAJHAR,Winter,2013,1.9719028979004534
RICE_013535,Rice,Assam,LAKHIMPUR,Autumn,2013,1.508846153846154
RICE_013536,Rice,Assam,LAKHIMPUR,Summer,2013,1.5357926829268294
RICE_013537,Rice,Assam,LAKHIMPUR,Winter,2013,1.9316293643688451
RICE_013538,Rice,Assam,MARIGAON,Autumn,2013,1.6532
RICE_013539,Rice,Assam,MARIGAON,Summer,2013,3.2820038910505835
RICE_013540,Rice,Assam,MARIGAON,Winter,2013,2.3531562533605763
RICE_013541,Rice,Assam,NAGAON,Autumn,2013,1.4905691594970218
RICE_013542,Rice,Assam,NAGAON,Summer,2013,2.773708793068436
RICE_013543,Rice,Assam,NAGAON,Winter,2013,2.104738883659907
RICE_013544,Rice,Assam,NALBARI,Autumn,2013,1.1563894523326572
RICE_013545,Rice,Assam,NALBARI,Summer,2013,2.893
RICE_013546,Rice,Assam,NALBARI,Winter,2013,1.8685483870967743
RICE_013547,Rice,Assam,SIVASAGAR,Autumn,2013,1.5
RICE_013548,Rice,Assam,SIVASAGAR,Summer,2013,2.9819168173598554
RICE_013549,Rice,Assam,SIVASAGAR,Winter,2013,2.143423923824638
RICE_013550,Rice,Assam,SONITPUR,Autumn,2013,1.5919492960472206
RICE_013551,Rice,Assam,SONITPUR,Summer,2013,3.151630763504397
RICE_013552,Rice,Assam,SONITPUR,Winter,2013,1.9378652374648888
RICE_013553,Rice,Assam,TINSUKIA,Autumn,2013,1.4206883651328095
RICE_013554,Rice,Assam,TINSUKIA,Summer,2013,2.976470588235294
RICE_013555,Rice,Assam,TINSUKIA,Winter,2013,1.7223940938653541
RICE_013556,Rice,Assam,UDALGURI,Autumn,2013,0.9632064317805628
RICE_013557,Rice,Assam,UDALGURI,Summer,2013,2.9936193970330196
RICE_013558,Rice,Assam,UDALGURI,Winter,2013,1.4511826595997153
RICE_013559,Rice,Bihar,ARARIA,Autumn,2013,2.1241664318587397
RICE_013560,Rice,Bihar,ARARIA,Summer,2013,2.399551066217733
RICE_013561,Rice,Bihar,ARARIA,Winter,2013,2.8815903747166853
RICE_013562,Rice,Bihar,ARWAL,Winter,2013,2.913844996237773
RICE_013563,Rice,Bihar,AURANGABAD,Winter,2013,3.6827629149310774
RICE_013564,Rice,Bihar,BANKA,Winter,2013,2.9771994472593275
RICE_013565,Rice,Bihar,BEGUSARAI,Autumn,2013,0.7959474885844748
RICE_013566,Rice,Bihar,BEGUSARAI,Summer,2013,2.332355816226784
RICE_013567,Rice,Bihar,BEGUSARAI,Winter,2013,1.2189024390243903
RICE_013568,Rice,Bihar,BHAGALPUR,Autumn,2013,1.4760589318600368
RICE_013569,Rice,Bihar,BHAGALPUR,Summer,2013,2.3254237288135595
RICE_013570,Rice,Bihar,BHAGALPUR,Winter,2013,1.9294616241065976
RICE_013571,Rice,Bihar,BHOJPUR,Autumn,2013,1.3658536585365855
RICE_013572,Rice,Bihar,BHOJPUR,Winter,2013,2.8407387714563748
RICE_013573,Rice,Bihar,BUXAR,Autumn,2013,1.5
RICE_013574,Rice,Bihar,BUXAR,Winter,2013,3.07459147315395
RICE_013575,Rice,Bihar,DARBHANGA,Autumn,2013,1.7215178702750404
RICE_013576,Rice,Bihar,DARBHANGA,Summer,2013,1.8236316246741964
RICE_013577,Rice,Bihar,DARBHANGA,Winter,2013,1.4358714200064566
RICE_013578,Rice,Bihar,GAYA,Autumn,2013,1.5408163265306123
RICE_013579,Rice,Bihar,GAYA,Winter,2013,1.9849310571240972
RICE_013580,Rice,Bihar,GOPALGANJ,Autumn,2013,1.6083232678159658
RICE_013581,Rice,Bihar,GOPALGANJ,Winter,2013,1.4911207381196467
RICE_013582,Rice,Bihar,JAMUI,Autumn,2013,1.2173913043478262
RICE_013583,Rice,Bihar,JAMUI,Winter,2013,1.8202937143538482
RICE_013584,Rice,Bihar,JEHANABAD,Winter,2013,2.7976296853689506
RICE_013585,Rice,Bihar,KAIMUR (BHABUA),Winter,2013,3.2962520143473513
RICE_013586,Rice,Bihar,KATIHAR,Autumn,2013,2.4215987140143214
RICE_013587,Rice,Bihar,KATIHAR,Summer,2013,2.641311836847182
RICE_013588,Rice,Bihar,KATIHAR,Winter,2013,2.955758740179092
RICE_013589,Rice,Bihar,KHAGARIA,Autumn,2013,0.672311348781937
RICE_013590,Rice,Bihar,KHAGARIA,Summer,2013,2.3155339805825244
RICE_013591,Rice,Bihar,KHAGARIA,Winter,2013,1.3859587844917918
RICE_013592,Rice,Bihar,KISHANGANJ,Autumn,2013,2.4607679465776293
RICE_013593,Rice,Bihar,KISHANGANJ,Summer,2013,2.4920743789056545
RICE_013594,Rice,Bihar,KISHANGANJ,Winter,2013,2.4582418217547106
RICE_013595,Rice,Bihar,LAKHISARAI,Winter,2013,2.138239427622333
RICE_013596,Rice,Bihar,MADHEPURA,Autumn,2013,1.52344619297409
RICE_013597,Rice,Bihar,MADHEPURA,Summer,2013,2.023316062176166
RICE_013598,Rice,Bihar,MADHEPURA,Winter,2013,1.452789977947036
RICE_013599,Rice,Bihar,MADHUBANI,Autumn,2013,0.795434311151695
RICE_013600,Rice,Bihar,MADHUBANI,Summer,2013,2.0301100173711637
RICE_013601,Rice,Bihar,MADHUBANI,Winter,2013,0.8991632166303715
RICE_013602,Rice,Bihar,MUNGER,Autumn,2013,0.9
RICE_013603,Rice,Bihar,MUNGER,Summer,2013,2.3333333333333335
RICE_013604,Rice,Bihar,MUNGER,Winter,2013,2.585505303418635
RICE_013605,Rice,Bihar,MUZAFFARPUR,Autumn,2013,0.34394354756828105
RICE_013606,Rice,Bihar,MUZAFFARPUR,Summer,2013,2.3526970954356847
RICE_013607,Rice,Bihar,MUZAFFARPUR,Winter,2013,0.834106937248129
RICE_013608,Rice,Bihar,NALANDA,Winter,2013,2.275493470999089
RICE_013609,Rice,Bihar,NAWADA,Autumn,2013,1.378125
RICE_013610,Rice,Bihar,NAWADA,Winter,2013,2.1185190065221686
RICE_013611,Rice,Bihar,PASHCHIM CHAMPARAN,Autumn,2013,1.9572589043949178
RICE_013612,Rice,Bihar,PASHCHIM CHAMPARAN,Summer,2013,2.312169312169312
RICE_013613,Rice,Bihar,PASHCHIM CHAMPARAN,Winter,2013,2.0892588708267787
RICE_013614,Rice,Bihar,PATNA,Autumn,2013,1.5389221556886228
RICE_013615,Rice,Bihar,PATNA,Winter,2013,2.4282978723404254
RICE_013616,Rice,Bihar,PURBI CHAMPARAN,Autumn,2013,1.4461702191745063
RICE_013617,Rice,Bihar,PURBI CHAMPARAN,Winter,2013,1.0207158194541792
RICE_013618,Rice,Bihar,PURNIA,Autumn,2013,1.8766890295757346
RICE_013619,Rice,Bihar,PURNIA,Summer,2013,2.1426759051429687
RICE_013620,Rice,Bihar,PURNIA,Winter,2013,1.8367117269805975
RICE_013621,Rice,Bihar,ROHTAS,Autumn,2013,1.3333333333333333
RICE_013622,Rice,Bihar,ROHTAS,Winter,2013,3.9374311991761655
RICE_013623,Rice,Bihar,SAHARSA,Autumn,2013,1.6964048567634225
RICE_013624,Rice,Bihar,SAHARSA,Summer,2013,2.2422926617455494
RICE_013625,Rice,Bihar,SAHARSA,Winter,2013,1.4557054320087495
RICE_013626,Rice,Bihar,SAMASTIPUR,Autumn,2013,1.2250113251792043
RICE_013627,Rice,Bihar,SAMASTIPUR,Summer,2013,1.7107438016528926
RICE_013628,Rice,Bihar,SAMASTIPUR,Winter,2013,1.1713852923143506
RICE_013629,Rice,Bihar,SARAN,Autumn,2013,1.6455194290245836
RICE_013630,Rice,Bihar,SARAN,Summer,2013,2.3302977232924693
RICE_013631,Rice,Bihar,SARAN,Winter,2013,1.7253427373668706
RICE_013632,Rice,Bihar,SHEIKHPURA,Winter,2013,2.4912055202273033
RICE_013633,Rice,Bihar,SHEOHAR,Autumn,2013,1.3808429118773946
RICE_013634,Rice,Bihar,SHEOHAR,Winter,2013,0.860326411104484
RICE_013635,Rice,Bihar,SITAMARHI,Autumn,2013,0.4757854949208599
RICE_013636,Rice,Bihar,SITAMARHI,Winter,2013,1.0435230772962092
RICE_013637,Rice,Bihar,SIWAN,Autumn,2013,1.556762160857724
RICE_013638,Rice,Bihar,SIWAN,Summer,2013,2.310344827586207
RICE_013639,Rice,Bihar,SIWAN,Winter,2013,1.7368275480569768
RICE_013640,Rice,Bihar,SUPAUL,Autumn,2013,1.5199901359390895
RICE_013641,Rice,Bihar,SUPAUL,Summer,2013,1.975020363833831
RICE_013642,Rice,Bihar,SUPAUL,Winter,2013,1.7603472753085072
RICE_013643,Rice,Bihar,VAISHALI,Autumn,2013,0.8571428571428571
RICE_013644,Rice,Bihar,VAISHALI,Summer,2013,2.3454810495626823
RICE_013645,Rice,Bihar,VAISHALI,Winter,2013,1.5148599165460275
RICE_013646,Rice,Chhattisgarh,BALOD,Kharif,2013,1.6066920964128646
RICE_013647,Rice,Chhattisgarh,BALODA BAZAR,Kharif,2013,1.4563508425959124
RICE_013648,Rice,Chhattisgarh,BALRAMPUR,Kharif,2013,1.6762296683118676
RICE_013649,Rice,Chhattisgarh,BASTAR,Kharif,2013,1.6649313496990423
RICE_013650,Rice,Chhattisgarh,BEMETARA,Kharif,2013,1.4716490740799726
RICE_013651,Rice,Chhattisgarh,BIJAPUR,Kharif,2013,1.6096536059057354
RICE_013652,Rice,Chhattisgarh,BILASPUR,Kharif,2013,2.064390278982592
RICE_013653,Rice,Chhattisgarh,DANTEWADA,Kharif,2013,1.6568896453567707
RICE_013654,Rice,Chhattisgarh,DHAMTARI,Kharif,2013,2.2397894736842106
RICE_013655,Rice,Chhattisgarh,DURG,Kharif,2013,1.9414866343718193
RICE_013656,Rice,Chhattisgarh,GARIYABAND,Kharif,2013,1.4798570258396009
RICE_013657,Rice,Chhattisgarh,JANJGIR-CHAMPA,Kharif,2013,2.8800462345238467
RICE_013658,Rice,Chhattisgarh,JASHPUR,Kharif,2013,1.5374004188226431
RICE_013659,Rice,Chhattisgarh,KABIRDHAM,Kharif,2013,1.3306396184366733
RICE_013660,Rice,Chhattisgarh,KANKER,Kharif,2013,2.431067600223062
RICE_013661,Rice,Chhattisgarh,KONDAGAON,Kharif,2013,1.8149625537261784
RICE_013662,Rice,Chhattisgarh,KORBA,Kharif,2013,1.3784610593612325
RICE_013663,Rice,Chhattisgarh,KOREA,Kharif,2013,1.6136138862212794
RICE_013664,Rice,Chhattisgarh,MAHASAMUND,Kharif,2013,1.74847907554324
RICE_013665,Rice,Chhattisgarh,MUNGELI,Kharif,2013,1.7257103995882808
RICE_013666,Rice,Chhattisgarh,NARAYANPUR,Kharif,2013,1.5958906890810898
RICE_013667,Rice,Chhattisgarh,RAIGARH,Kharif,2013,1.2745536464812885
RICE_013668,Rice,Chhattisgarh,RAIPUR,Kharif,2013,1.6955526593567567
RICE_013669,Rice,Chhattisgarh,RAJNANDGAON,Kharif,2013,1.521299764478874
RICE_013670,Rice,Chhattisgarh,SUKMA,Kharif,2013,2.355934530675015
RICE_013671,Rice,Chhattisgarh,SURAJPUR,Kharif,2013,1.7529142265984372
RICE_013672,Rice,Chhattisgarh,SURGUJA,Kharif,2013,1.7315065914982077
RICE_013673,Rice,Dadra and Nagar Haveli,DADRA AND NAGAR HAVELI,Kharif,2013,1.8759713315729913
RICE_013674,Rice,Dadra and Nagar Haveli,DADRA AND NAGAR HAVELI,Rabi,2013,1.9415384615384614
RICE_013675,Rice,Goa,NORTH GOA,Kharif,2013,2.9990502035278155
RICE_013676,Rice,Goa,NORTH GOA,Rabi,2013,3.046079779917469
RICE_013677,Rice,Goa,SOUTH GOA,Kharif,2013,2.642236938925681
RICE_013678,Rice,Goa,SOUTH GOA,Rabi,2013,3.3590027700831024
RICE_013679,Rice,Karnataka,BAGALKOT,Kharif,2013,2.962962962962963
RICE_013680,Rice,Karnataka,BANGALORE RURAL,Kharif,2013,3.2072992700729928
RICE_013681,Rice,Karnataka,BANGALORE RURAL,Summer,2013,3.3795620437956204
RICE_013682,Rice,Karnataka,BELGAUM,Kharif,2013,2.1089987542024335
RICE_013683,Rice,Karnataka,BELGAUM,Summer,2013,3.3766233766233764
RICE_013684,Rice,Karnataka,BELLARY,Kharif,2013,3.825654519142218
RICE_013685,Rice,Karnataka,BELLARY,Summer,2013,3.7011986797150964
RICE_013686,Rice,Karnataka,BENGALURU URBAN,Kharif,2013,3.540880503144654
RICE_013687,Rice,Karnataka,BENGALURU URBAN,Rabi,2013,2.5
RICE_013688,Rice,Karnataka,BENGALURU URBAN,Summer,2013,3.694915254237288
RICE_013689,Rice,Karnataka,BIDAR,Kharif,2013,1.5512318029115342
RICE_013690,Rice,Karnataka,BIJAPUR,Kharif,2013,2.9615384615384617
RICE_013691,Rice,Karnataka,CHAMARAJANAGAR,Kharif,2013,3.7182854476368243
RICE_013692,Rice,Karnataka,CHAMARAJANAGAR,Rabi,2013,2.5
RICE_013693,Rice,Karnataka,CHAMARAJANAGAR,Summer,2013,3.5028571428571427
RICE_013694,Rice,Karnataka,CHIKBALLAPUR,Kharif,2013,2.8558472553699286
RICE_013695,Rice,Karnataka,CHIKBALLAPUR,Summer,2013,2.888888888888889
RICE_013696,Rice,Karnataka,CHIKMAGALUR,Kharif,2013,2.7521616835086986
RICE_013697,Rice,Karnataka,CHIKMAGALUR,Summer,2013,2.4245852187028656
RICE_013698,Rice,Karnataka,CHITRADURGA,Kharif,2013,2.250836120401338
RICE_013699,Rice,Karnataka,CHITRADURGA,Rabi,2013,2.7534626038781163
RICE_013700,Rice,Karnataka,CHITRADURGA,Summer,2013,2.1356209150326797
RICE_013701,Rice,Karnataka,DAKSHIN KANNAD,Kharif,2013,2.7492890096694684
RICE_013702,Rice,Karnataka,DAKSHIN KANNAD,Rabi,2013,2.668555632342778
RICE_013703,Rice,Karnataka,DAKSHIN KANNAD,Summer,2013,2.728282828282828
RICE_013704,Rice,Karnataka,DAVANGERE,Kharif,2013,3.34494698408849
RICE_013705,Rice,Karnataka,DAVANGERE,Summer,2013,3.8028464419475654
RICE_013706,Rice,Karnataka,DHARWAD,Kharif,2013,1.1219468551489666
RICE_013707,Rice,Karnataka,DHARWAD,Summer,2013,3.3820224719101124
RICE_013708,Rice,Karnataka,GADAG,Kharif,2013,2.86784140969163
RICE_013709,Rice,Karnataka,GADAG,Summer,2013,2.6619808306709265
RICE_013710,Rice,Karnataka,GULBARGA,Kharif,2013,2.647745853772483
RICE_013711,Rice,Karnataka,GULBARGA,Rabi,2013,2.2274285714285713
RICE_013712,Rice,Karnataka,GULBARGA,Summer,2013,2.040983606557377
RICE_013713,Rice,Karnataka,HASSAN,Kharif,2013,3.0609033028253085
RICE_013714,Rice,Karnataka,HASSAN,Rabi,2013,2.2229580573951435
RICE_013715,Rice,Karnataka,HASSAN,Summer,2013,3.4493554327808473
RICE_013716,Rice,Karnataka,HAVERI,Kharif,2013,2.4605003532191665
RICE_013717,Rice,Karnataka,HAVERI,Summer,2013,2.887035010940919
RICE_013718,Rice,Karnataka,KODAGU,Kharif,2013,2.8775574145439733
RICE_013719,Rice,Karnataka,KODAGU,Summer,2013,3.327272727272727
RICE_013720,Rice,Karnataka,KOLAR,Kharif,2013,1.709963484611372
RICE_013721,Rice,Karnataka,KOLAR,Summer,2013,3.3833333333333333
RICE_013722,Rice,Karnataka,KOPPAL,Kharif,2013,3.3744086562657274
RICE_013723,Rice,Karnataka,KOPPAL,Summer,2013,3.5681987990148603
RICE_013724,Rice,Karnataka,MANDYA,Kharif,2013,3.5007551859286874
RICE_013725,Rice,Karnataka,MANDYA,Rabi,2013,3.616915422885572
RICE_013726,Rice,Karnataka,MANDYA,Summer,2013,3.4408972527934134
RICE_013727,Rice,Karnataka,MYSORE,Kharif,2013,3.3905512497683596
RICE_013728,Rice,Karnataka,MYSORE,Rabi,2013,2.5
RICE_013729,Rice,Karnataka,MYSORE,Summer,2013,3.6803301754056843
RICE_013730,Rice,Karnataka,RAICHUR,Kharif,2013,3.2309473116580048
RICE_013731,Rice,Karnataka,RAICHUR,Summer,2013,3.184395259820054
RICE_013732,Rice,Karnataka,RAMANAGARA,Kharif,2013,2.6181168953204286
RICE_013733,Rice,Karnataka,RAMANAGARA,Summer,2013,1.8538283062645011
RICE_013734,Rice,Karnataka,SHIMOGA,Kharif,2013,3.0171980640632503
RICE_013735,Rice,Karnataka,SHIMOGA,Summer,2013,3.31074966369084
RICE_013736,Rice,Karnataka,TUMKUR,Kharif,2013,2.935500471738571
RICE_013737,Rice,Karnataka,TUMKUR,Rabi,2013,2.5137614678899083
RICE_013738,Rice,Karnataka,TUMKUR,Summer,2013,3.1498422712933754
RICE_013739,Rice,Karnataka,UDUPI,Kharif,2013,2.6951391532140696
RICE_013740,Rice,Karnataka,UDUPI,Rabi,2013,2.5250586166471276
RICE_013741,Rice,Karnataka,UDUPI,Summer,2013,2.6454545454545455
RICE_013742,Rice,Karnataka,UTTAR KANNAD,Kharif,2013,2.4310504051477597
RICE_013743,Rice,Karnataka,UTTAR KANNAD,Rabi,2013,2.6948264571054357
RICE_013744,Rice,Karnataka,UTTAR KANNAD,Summer,2013,2.30184331797235
RICE_013745,Rice,Karnataka,YADGIR,Kharif,2013,1.9959562648450229
RICE_013746,Rice,Karnataka,YADGIR,Rabi,2013,1.8344142951687623
RICE_013747,Rice,Karnataka,YADGIR,Summer,2013,1.730857404860156
RICE_013748,Rice,Kerala,ALAPPUZHA,Autumn,2013,3.2479886417415997
RICE_013749,Rice,Kerala,ALAPPUZHA,Summer,2013,2.5518190155915623
RICE_013750,Rice,Kerala,ALAPPUZHA,Winter,2013,3.164451827242525
RICE_013751,Rice,Kerala,ERNAKULAM,Autumn,2013,2.094401756311745
RICE_013752,Rice,Kerala,ERNAKULAM,Summer,2013,2.1709006928406467
RICE_013753,Rice,Kerala,ERNAKULAM,Winter,2013,2.292466765140325
RICE_013754,Rice,Kerala,IDUKKI,Autumn,2013,2.532258064516129
RICE_013755,Rice,Kerala,IDUKKI,Summer,2013,2.6923076923076925
RICE_013756,Rice,Kerala,IDUKKI,Winter,2013,2.7392857142857143
RICE_013757,Rice,Kerala,KANNUR,Autumn,2013,2.201192250372578
RICE_013758,Rice,Kerala,KANNUR,Summer,2013,2.3
RICE_013759,Rice,Kerala,KANNUR,Winter,2013,2.247053872053872
RICE_013760,Rice,Kerala,KASARAGOD,Autumn,2013,2.4356767097082734
RICE_013761,Rice,Kerala,KASARAGOD,Summer,2013,2.2751842751842752
RICE_013762,Rice,Kerala,KASARAGOD,Winter,2013,2.0035149384885766
RICE_013763,Rice,Kerala,KOLLAM,Autumn,2013,2.4872727272727273
RICE_013764,Rice,Kerala,KOLLAM,Summer,2013,1.0
RICE_013765,Rice,Kerala,KOLLAM,Winter,2013,2.3499538319482918
RICE_013766,Rice,Kerala,KOTTAYAM,Autumn,2013,2.5623869801084993
RICE_013767,Rice,Kerala,KOTTAYAM,Summer,2013,3.2690783586859262
RICE_013768,Rice,Kerala,KOTTAYAM,Winter,2013,3.2743142144638404
RICE_013769,Rice,Kerala,KOZHIKODE,Autumn,2013,1.518987341772152
RICE_013770,Rice,Kerala,KOZHIKODE,Summer,2013,2.552397868561279
RICE_013771,Rice,Kerala,KOZHIKODE,Winter,2013,1.2802903405918482
RICE_013772,Rice,Kerala,MALAPPURAM,Autumn,2013,2.2479338842975207
RICE_013773,Rice,Kerala,MALAPPURAM,Summer,2013,3.6840934371523915
RICE_013774,Rice,Kerala,MALAPPURAM,Winter,2013,2.2758436944937834
RICE_013775,Rice,Kerala,PALAKKAD,Autumn,2013,2.728550940637215
RICE_013776,Rice,Kerala,PALAKKAD,Summer,2013,2.8347694959069365
RICE_013777,Rice,Kerala,PALAKKAD,Winter,2013,2.9952451221511724
RICE_013778,Rice,Kerala,PATHANAMTHITTA,Autumn,2013,2.25
RICE_013779,Rice,Kerala,PATHANAMTHITTA,Summer,2013,3.2
RICE_013780,Rice,Kerala,PATHANAMTHITTA,Winter,2013,2.5194274028629855
RICE_013781,Rice,Kerala,THIRUVANANTHAPURAM,Autumn,2013,2.8205714285714287
RICE_013782,Rice,Kerala,THIRUVANANTHAPURAM,Summer,2013,2.706766917293233
RICE_013783,Rice,Kerala,THIRUVANANTHAPURAM,Winter,2013,2.515609264853978
RICE_013784,Rice,Kerala,THRISSUR,Autumn,2013,2.294475138121547
RICE_013785,Rice,Kerala,THRISSUR,Summer,2013,3.53285134449518
RICE_013786,Rice,Kerala,THRISSUR,Winter,2013,2.7541335453100158
RICE_013787,Rice,Kerala,WAYANAD,Summer,2013,2.668856767411301
RICE_013788,Rice,Kerala,WAYANAD,Winter,2013,2.680289185661211
RICE_013789,Rice,Madhya Pradesh,AGAR MALWA,Kharif,2013,0.5
RICE_013790,Rice,Madhya Pradesh,ALIRAJPUR,Kharif,2013,0.6277529869008205
RICE_013791,Rice,Madhya Pradesh,ANUPPUR,Kharif,2013,1.8136028781908515
RICE_013792,Rice,Madhya Pradesh,ASHOKNAGAR,Kharif,2013,1.6579134137686302
RICE_013793,Rice,Madhya Pradesh,BALAGHAT,Kharif,2013,1.6782680641956025
RICE_013794,Rice,Madhya Pradesh,BARWANI,Kharif,2013,0.3791208791208791
RICE_013795,Rice,Madhya Pradesh,BETUL,Kharif,2013,2.254652860140498
RICE_013796,Rice,Madhya Pradesh,BHIND,Kharif,2013,4.334375
RICE_013797,Rice,Madhya Pradesh,BHOPAL,Kharif,2013,1.2988505747126438
RICE_013798,Rice,Madhya Pradesh,BURHANPUR,Kharif,2013,0.9891186071817193
RICE_013799,Rice,Madhya Pradesh,CHHATARPUR,Kharif,2013,0.8837772397094431
RICE_013800,Rice,Madhya Pradesh,CHHINDWARA,Kharif,2013,2.0315758980301273
RICE_013801,Rice,Madhya Pradesh,DAMOH,Kharif,2013,1.1200524858899235
RICE_013802,Rice,Madhya Pradesh,DATIA,Kharif,2013,1.1447162507206985
RICE_013803,Rice,Madhya Pradesh,DEWAS,Kharif,2013,0.672566371681416
RICE_013804,Rice,Madhya Pradesh,DHAR,Kharif,2013,0.7530120481927711
RICE_013805,Rice,Madhya Pradesh,DINDORI,Kharif,2013,1.5373235446281195
RICE_013806,Rice,Madhya Pradesh,GUNA,Kharif,2013,1.61328125
RICE_013807,Rice,Madhya Pradesh,GWALIOR,Kharif,2013,2.348988853918517
RICE_013808,Rice,Madhya Pradesh,HARDA,Kharif,2013,1.4633294528521537
RICE_013809,Rice,Madhya Pradesh,HOSHANGABAD,Kharif,2013,1.5794718972129265
RICE_013810,Rice,Madhya Pradesh,INDORE,Kharif,2013,0.4
RICE_013811,Rice,Madhya Pradesh,JABALPUR,Kharif,2013,0.9396046403257058
RICE_013812,Rice,Madhya Pradesh,JHABUA,Kharif,2013,1.6823122945984663
RICE_013813,Rice,Madhya Pradesh,KATNI,Kharif,2013,2.685663617696472
RICE_013814,Rice,Madhya Pradesh,KHANDWA,Kharif,2013,0.7590817356205852
RICE_013815,Rice,Madhya Pradesh,KHARGONE,Kharif,2013,0.4628242074927954
RICE_013816,Rice,Madhya Pradesh,MANDLA,Kharif,2013,0.8924098282116214
RICE_013817,Rice,Madhya Pradesh,MORENA,Kharif,2013,1.9481481481481482
RICE_013818,Rice,Madhya Pradesh,NARSINGHPUR,Kharif,2013,1.360760182966674
RICE_013819,Rice,Madhya Pradesh,NEEMUCH,Kharif,2013,0.3684210526315789
RICE_013820,Rice,Madhya Pradesh,PANNA,Kharif,2013,1.134751069502139
RICE_013821,Rice,Madhya Pradesh,RAISEN,Kharif,2013,0.8636059088153655
RICE_013822,Rice,Madhya Pradesh,RAJGARH,Kharif,2013,0.6483516483516484
RICE_013823,Rice,Madhya Pradesh,RATLAM,Kharif,2013,1.1956689868522816
RICE_013824,Rice,Madhya Pradesh,REWA,Kharif,2013,1.7898899041154293
RICE_013825,Rice,Madhya Pradesh,SAGAR,Kharif,2013,0.4380234505862647
RICE_013826,Rice,Madhya Pradesh,SATNA,Kharif,2013,2.297683599985378
RICE_013827,Rice,Madhya Pradesh,SEHORE,Kharif,2013,3.1149542217700916
RICE_013828,Rice,Madhya Pradesh,SEONI,Kharif,2013,2.9352955663385183
RICE_013829,Rice,Madhya Pradesh,SHAHDOL,Kharif,2013,2.209705698184095
RICE_013830,Rice,Madhya Pradesh,SHAJAPUR,Kharif,2013,0.38636363636363635
RICE_013831,Rice,Madhya Pradesh,SHEOPUR,Kharif,2013,3.6996659385840935
RICE_013832,Rice,Madhya Pradesh,SHIVPURI,Kharif,2013,1.1659833264999317
RICE_013833,Rice,Madhya Pradesh,SIDHI,Kharif,2013,1.4824198853217685
RICE_013834,Rice,Madhya Pradesh,SINGRAULI,Kharif,2013,1.4900084139671854
RICE_013835,Rice,Madhya Pradesh,TIKAMGARH,Kharif,2013,0.3512353250394253
RICE_013836,Rice,Madhya Pradesh,UMARIA,Kharif,2013,1.1734504055361261
RICE_013837,Rice,Madhya Pradesh,VIDISHA,Kharif,2013,0.5573333333333333
RICE_013838,Rice,Maharashtra,AHMEDNAGAR,Kharif,2013,2.4050632911392404
RICE_013839,Rice,Maharashtra,AMRAVATI,Kharif,2013,0.1702127659574468
RICE_013840,Rice,Maharashtra,BEED,Kharif,2013,0.6
RICE_013841,Rice,Maharashtra,BHANDARA,Kharif,2013,1.629967776584318
RICE_013842,Rice,Maharashtra,BHANDARA,Summer,2013,2.4726190476190477
RICE_013843,Rice,Maharashtra,CHANDRAPUR,Kharif,2013,1.318976279650437
RICE_013844,Rice,Maharashtra,CHANDRAPUR,Summer,2013,2.15625
RICE_013845,Rice,Maharashtra,DHULE,Kharif,2013,1.2597402597402598
RICE_013846,Rice,Maharashtra,GADCHIROLI,Kharif,2013,1.4745098039215687
RICE_013847,Rice,Maharashtra,GADCHIROLI,Summer,2013,2.1333333333333333
RICE_013848,Rice,Maharashtra,GONDIA,Kharif,2013,1.555023923444976
RICE_013849,Rice,Maharashtra,GONDIA,Summer,2013,2.4492537313432834
RICE_013850,Rice,Maharashtra,KOLHAPUR,Kharif,2013,3.1213235294117645
RICE_013851,Rice,Maharashtra,KOLHAPUR,Summer,2013,2.75
RICE_013852,Rice,Maharashtra,LATUR,Kharif,2013,0.6710526315789473
RICE_013853,Rice,Maharashtra,NAGPUR,Kharif,2013,1.3513513513513513
RICE_013854,Rice,Maharashtra,NAGPUR,Summer,2013,2.0
RICE_013855,Rice,Maharashtra,NANDED,Kharif,2013,0.5
RICE_013856,Rice,Maharashtra,NANDURBAR,Kharif,2013,0.9022222222222223
RICE_013857,Rice,Maharashtra,NASHIK,Kharif,2013,1.2851239669421488
RICE_013858,Rice,Maharashtra,OSMANABAD,Kharif,2013,0.48854961832061067
RICE_013859,Rice,Maharashtra,PARBHANI,Kharif,2013,0.42857142857142855
RICE_013860,Rice,Maharashtra,PUNE,Kharif,2013,1.8660170523751523
RICE_013861,Rice,Maharashtra,RAIGAD,Kharif,2013,2.861402095084609
RICE_013862,Rice,Maharashtra,RAIGAD,Summer,2013,2.8421052631578947
RICE_013863,Rice,Maharashtra,RATNAGIRI,Kharif,2013,2.957004160887656
RICE_013864,Rice,Maharashtra,SANGLI,Kharif,2013,1.7586206896551724
RICE_013865,Rice,Maharashtra,SATARA,Kharif,2013,1.5
RICE_013866,Rice,Maharashtra,SINDHUDURG,Kharif,2013,3.137466307277628
RICE_013867,Rice,Maharashtra,SINDHUDURG,Summer,2013,2.1538461538461537
RICE_013868,Rice,Maharashtra,SOLAPUR,Kharif,2013,0.25
RICE_013869,Rice,Maharashtra,THANE,Kharif,2013,2.3854545454545453
RICE_013870,Rice,Maharashtra,THANE,Summer,2013,2.857142857142857
RICE_013871,Rice,Meghalaya,EAST GARO HILLS,Autumn,2013,2.349323282508138
RICE_013872,Rice,Meghalaya,EAST GARO HILLS,Winter,2013,1.716550412175016
RICE_013873,Rice,Meghalaya,EAST JAINTIA HILLS,Autumn,2013,2.4025974025974026
RICE_013874,Rice,Meghalaya,EAST JAINTIA HILLS,Winter,2013,1.974971558589306
RICE_013875,Rice,Meghalaya,EAST KHASI HILLS,Autumn,2013,3.007142857142857
RICE_013876,Rice,Meghalaya,EAST KHASI HILLS,Winter,2013,2.118253822066679
RICE_013877,Rice,Meghalaya,RI BHOI,Autumn,2013,2.8025477707006368
RICE_013878,Rice,Meghalaya,RI BHOI,Winter,2013,3.1288164850577194
RICE_013879,Rice,Meghalaya,SOUTH GARO HILLS,Autumn,2013,2.000612619971411
RICE_013880,Rice,Meghalaya,SOUTH GARO HILLS,Winter,2013,2.182606096832038
RICE_013881,Rice,Meghalaya,WEST GARO HILLS,Autumn,2013,2.0970254957507084
RICE_013882,Rice,Meghalaya,WEST GARO HILLS,Winter,2013,2.845061728395062
RICE_013883,Rice,Meghalaya,WEST KHASI HILLS,Autumn,2013,2.48
RICE_013884,Rice,Meghalaya,WEST KHASI HILLS,Winter,2013,1.7044351464435146
RICE_013885,Rice,Nagaland,DIMAPUR,Kharif,2013,2.4715592237341064
RICE_013886,Rice,Nagaland,DIMAPUR,Rabi,2013,2.6200873362445414
RICE_013887,Rice,Nagaland,KIPHIRE,Kharif,2013,1.9702675916749257
RICE_013888,Rice,Nagaland,KOHIMA,Kharif,2013,2.3674321503131526
RICE_013889,Rice,Nagaland,LONGLENG,Kharif,2013,1.9749262536873156
RICE_013890,Rice,Nagaland,MOKOKCHUNG,Kharif,2013,2.1702970297029704
RICE_013891,Rice,Nagaland,MON,Kharif,2013,2.0410046130189645
RICE_013892,Rice,Nagaland,MON,Rabi,2013,2.628099173553719
RICE_013893,Rice,Nagaland,PEREN,Kharif,2013,2.2931147540983607
RICE_013894,Rice,Nagaland,PEREN,Rabi,2013,2.6451612903225805
RICE_013895,Rice,Nagaland,PHEK,Kharif,2013,2.533469945355191
RICE_013896,Rice,Nagaland,TUENSANG,Kharif,2013,2.1225051617343427
RICE_013897,Rice,Nagaland,WOKHA,Kharif,2013,2.205981941309255
RICE_013898,Rice,Nagaland,ZUNHEBOTO,Kharif,2013,2.0984375
RICE_013899,Rice,Odisha,ANUGUL,Autumn,2013,1.2307692307692308
RICE_013900,Rice,Odisha,ANUGUL,Winter,2013,2.0615384615384613
RICE_013901,Rice,Odisha,BALANGIR,Autumn,2013,2.101449275362319
RICE_013902,Rice,Odisha,BALANGIR,Summer,2013,3.0
RICE_013903,Rice,Odisha,BALANGIR,Winter,2013,3.7709923664122136
RICE_013904,Rice,Odisha,BALESHWAR,Summer,2013,3.774193548387097
RICE_013905,Rice,Odisha,BALESHWAR,Winter,2013,0.8461538461538461
RICE_013906,Rice,Odisha,BARGARH,Autumn,2013,1.2131147540983607
RICE_013907,Rice,Odisha,BARGARH,Summer,2013,3.9166666666666665
RICE_013908,Rice,Odisha,BARGARH,Winter,2013,1.8777777777777778
RICE_013909,Rice,Odisha,BHADRAK,Summer,2013,2.6666666666666665
RICE_013910,Rice,Odisha,BHADRAK,Winter,2013,1.4484848484848485
RICE_013911,Rice,Odisha,BOUDH,Autumn,2013,1.1428571428571428
RICE_013912,Rice,Odisha,BOUDH,Summer,2013,2.0
RICE_013913,Rice,Odisha,BOUDH,Winter,2013,1.8644067796610169
RICE_013914,Rice,Odisha,CUTTACK,Autumn,2013,1.0
RICE_013915,Rice,Odisha,CUTTACK,Summer,2013,2.0
RICE_013916,Rice,Odisha,CUTTACK,Winter,2013,1.4608695652173913
RICE_013917,Rice,Odisha,DEOGARH,Autumn,2013,1.75
RICE_013918,Rice,Odisha,DEOGARH,Summer,2013,2.5
RICE_013919,Rice,Odisha,DEOGARH,Winter,2013,2.7058823529411766
RICE_013920,Rice,Odisha,DHENKANAL,Autumn,2013,1.5
RICE_013921,Rice,Odisha,DHENKANAL,Summer,2013,4.0
RICE_013922,Rice,Odisha,DHENKANAL,Winter,2013,2.7045454545454546
RICE_013923,Rice,Odisha,GAJAPATI,Summer,2013,1.0
RICE_013924,Rice,Odisha,GAJAPATI,Winter,2013,0.8918918918918919
RICE_013925,Rice,Odisha,GANJAM,Autumn,2013,1.0
RICE_013926,Rice,Odisha,GANJAM,Summer,2013,1.0
RICE_013927,Rice,Odisha,GANJAM,Winter,2013,0.36
RICE_013928,Rice,Odisha,JAGATSINGHAPUR,Autumn,2013,1.0
RICE_013929,Rice,Odisha,JAGATSINGHAPUR,Summer,2013,2.0
RICE_013930,Rice,Odisha,JAGATSINGHAPUR,Winter,2013,2.0126582278481013
RICE_013931,Rice,Odisha,JAJAPUR,Autumn,2013,1.2
RICE_013932,Rice,Odisha,JAJAPUR,Summer,2013,3.0
RICE_013933,Rice,Odisha,JAJAPUR,Winter,2013,1.0091743119266054
RICE_013934,Rice,Odisha,JHARSUGUDA,Autumn,2013,0.8235294117647058
RICE_013935,Rice,Odisha,JHARSUGUDA,Winter,2013,1.608695652173913
RICE_013936,Rice,Odisha,KALAHANDI,Autumn,2013,1.7777777777777777
RICE_013937,Rice,Odisha,KALAHANDI,Summer,2013,2.575
RICE_013938,Rice,Odisha,KALAHANDI,Winter,2013,2.7739726027397262
RICE_013939,Rice,Odisha,KANDHAMAL,Autumn,2013,1.2222222222222223
RICE_013940,Rice,Odisha,KANDHAMAL,Winter,2013,1.6216216216216217
RICE_013941,Rice,Odisha,KENDRAPARA,Autumn,2013,1.3333333333333333
RICE_013942,Rice,Odisha,KENDRAPARA,Summer,2013,2.0
RICE_013943,Rice,Odisha,KENDRAPARA,Winter,2013,1.146153846153846
RICE_013944,Rice,Odisha,KENDUJHAR,Autumn,2013,1.3333333333333333
RICE_013945,Rice,Odisha,KENDUJHAR,Summer,2013,3.0
RICE_013946,Rice,Odisha,KENDUJHAR,Winter,2013,1.5763888888888888
RICE_013947,Rice,Odisha,KHORDHA,Summer,2013,6.0
RICE_013948,Rice,Odisha,KHORDHA,Winter,2013,0.7628865979381443
RICE_013949,Rice,Odisha,KORAPUT,Autumn,2013,1.391304347826087
RICE_013950,Rice,Odisha,KORAPUT,Summer,2013,2.6666666666666665
RICE_013951,Rice,Odisha,KORAPUT,Winter,2013,3.0
RICE_013952,Rice,Odisha,MALKANGIRI,Autumn,2013,1.0
RICE_013953,Rice,Odisha,MALKANGIRI,Summer,2013,3.0
RICE_013954,Rice,Odisha,MALKANGIRI,Winter,2013,1.8202247191011236
RICE_013955,Rice,Odisha,MAYURBHANJ,Autumn,2013,1.0357142857142858
RICE_013956,Rice,Odisha,MAYURBHANJ,Summer,2013,2.0
RICE_013957,Rice,Odisha,MAYURBHANJ,Winter,2013,1.4175824175824177
RICE_013958,Rice,Odisha,NABARANGPUR,Autumn,2013,1.7
RICE_013959,Rice,Odisha,NABARANGPUR,Summer,2013,3.0
RICE_013960,Rice,Odisha,NABARANGPUR,Winter,2013,3.0476190476190474
RICE_013961,Rice,Odisha,NAYAGARH,Autumn,2013,1.0
RICE_013962,Rice,Odisha,NAYAGARH,Winter,2013,0.8415841584158416
RICE_013963,Rice,Odisha,NUAPADA,Autumn,2013,1.4324324324324325
RICE_013964,Rice,Odisha,NUAPADA,Summer,2013,2.8
RICE_013965,Rice,Odisha,NUAPADA,Winter,2013,2.2698412698412698
RICE_013966,Rice,Odisha,PURI,Summer,2013,3.375
RICE_013967,Rice,Odisha,PURI,Winter,2013,0.883495145631068
RICE_013968,Rice,Odisha,RAYAGADA,Autumn,2013,1.0
RICE_013969,Rice,Odisha,RAYAGADA,Summer,2013,2.25
RICE_013970,Rice,Odisha,RAYAGADA,Winter,2013,2.6842105263157894
RICE_013971,Rice,Odisha,SAMBALPUR,Autumn,2013,1.1363636363636365
RICE_013972,Rice,Odisha,SAMBALPUR,Summer,2013,4.318181818181818
RICE_013973,Rice,Odisha,SAMBALPUR,Winter,2013,1.8541666666666667
RICE_013974,Rice,Odisha,SONEPUR,Autumn,2013,1.6
RICE_013975,Rice,Odisha,SONEPUR,Summer,2013,3.9285714285714284
RICE_013976,Rice,Odisha,SONEPUR,Winter,2013,3.0425531914893615
RICE_013977,Rice,Odisha,SUNDARGARH,Autumn,2013,1.5232558139534884
RICE_013978,Rice,Odisha,SUNDARGARH,Summer,2013,2.5
RICE_013979,Rice,Odisha,SUNDARGARH,Winter,2013,2.2439024390243905
RICE_013980,Rice,Puducherry,KARAIKAL,Kharif,2013,1.9206349206349207
RICE_013981,Rice,Puducherry,KARAIKAL,Rabi,2013,2.56
RICE_013982,Rice,Puducherry,KARAIKAL,Summer,2013,3.375
RICE_013983,Rice,Puducherry,PONDICHERRY,Kharif,2013,3.5470548408937033
RICE_013984,Rice,Puducherry,PONDICHERRY,Rabi,2013,3.2050674875680794
RICE_013985,Rice,Puducherry,PONDICHERRY,Summer,2013,3.4400425418771605
RICE_013986,Rice,Puducherry,YANAM,Kharif,2013,2.616519174041298
RICE_013987,Rice,Puducherry,YANAM,Rabi,2013,5.570652173913044
RICE_013988,Rice,Punjab,AMRITSAR,Kharif,2013,2.8461538461538463
RICE_013989,Rice,Punjab,BARNALA,Kharif,2013,4.672897196261682
RICE_013990,Rice,Punjab,BATHINDA,Kharif,2013,4.513513513513513
RICE_013991,Rice,Punjab,FARIDKOT,Kharif,2013,4.259615384615385
RICE_013992,Rice,Punjab,FATEHGARH SAHIB,Kharif,2013,4.0813953488372094
RICE_013993,Rice,Punjab,FAZILKA,Kharif,2013,3.1847826086956523
RICE_013994,Rice,Punjab,FIROZEPUR,Kharif,2013,4.185792349726776
RICE_013995,Rice,Punjab,GURDASPUR,Kharif,2013,2.930635838150289
RICE_013996,Rice,Punjab,HOSHIARPUR,Kharif,2013,3.6
RICE_013997,Rice,Punjab,JALANDHAR,Kharif,2013,3.568862275449102
RICE_013998,Rice,Punjab,KAPURTHALA,Kharif,2013,3.8547008547008548
RICE_013999,Rice,Punjab,LUDHIANA,Kharif,2013,4.424124513618677
RICE_014000,Rice,Punjab,MANSA,Kharif,2013,4.1234567901234565
RICE_014001,Rice,Punjab,MOGA,Kharif,2013,4.630681818181818
RICE_014002,Rice,Punjab,MUKTSAR,Kharif,2013,3.973913043478261
RICE_014003,Rice,Punjab,NAWANSHAHR,Kharif,2013,3.607142857142857
RICE_014004,Rice,Punjab,PATHANKOT,Kharif,2013,2.689655172413793
RICE_014005,Rice,Punjab,PATIALA,Kharif,2013,4.151515151515151
RICE_014006,Rice,Punjab,RUPNAGAR,Kharif,2013,3.4594594594594597
RICE_014007,Rice,Punjab,S.A.S NAGAR,Kharif,2013,3.5185185185185186
RICE_014008,Rice,Punjab,SANGRUR,Kharif,2013,4.725274725274725
RICE_014009,Rice,Punjab,TARN TARAN,Kharif,2013,3.3559322033898304
RICE_014010,Rice,Sikkim,EAST DISTRICT,Kharif,2013,1.80040733197556
RICE_014011,Rice,Sikkim,NORTH DISTRICT,Kharif,2013,1.4271255060728745
RICE_014012,Rice,Sikkim,SOUTH DISTRICT,Kharif,2013,1.9095238095238096
RICE_014013,Rice,Sikkim,WEST DISTRICT,Kharif,2013,1.8987341772151898
RICE_014014,Rice,Tamil Nadu,ARIYALUR,Kharif,2013,5.387649875189262
RICE_014015,Rice,Tamil Nadu,COIMBATORE,Kharif,2013,4.698331788693235
RICE_014016,Rice,Tamil Nadu,CUDDALORE,Kharif,2013,4.439424245989724
RICE_014017,Rice,Tamil Nadu,DHARMAPURI,Kharif,2013,4.965903555772041
RICE_014018,Rice,Tamil Nadu,DINDIGUL,Kharif,2013,6.083608880491261
RICE_014019,Rice,Tamil Nadu,ERODE,Kharif,2013,5.277639289067306
RICE_014020,Rice,Tamil Nadu,KANCHIPURAM,Kharif,2013,4.579460988266093
RICE_014021,Rice,Tamil Nadu,KANNIYAKUMARI,Kharif,2013,4.897789852412071
RICE_014022,Rice,Tamil Nadu,KARUR,Kharif,2013,5.562912853163549
RICE_014023,Rice,Tamil Nadu,KRISHNAGIRI,Kharif,2013,4.827767304066793
RICE_014024,Rice,Tamil Nadu,MADURAI,Kharif,2013,4.649115345355563
RICE_014025,Rice,Tamil Nadu,NAGAPATTINAM,Kharif,2013,3.911657512116317
RICE_014026,Rice,Tamil Nadu,NAMAKKAL,Kharif,2013,5.553703703703704
RICE_014027,Rice,Tamil Nadu,PERAMBALUR,Kharif,2013,5.0401393728223
RICE_014028,Rice,Tamil Nadu,PUDUKKOTTAI,Kharif,2013,1.6502642735230963
RICE_014029,Rice,Tamil Nadu,RAMANATHAPURAM,Kharif,2013,0.2950748384515703
RICE_014030,Rice,Tamil Nadu,SALEM,Kharif,2013,4.816954536430415
RICE_014031,Rice,Tamil Nadu,SIVAGANGA,Kharif,2013,0.7041422830687426
RICE_014032,Rice,Tamil Nadu,THANJAVUR,Kharif,2013,4.970338755088499
RICE_014033,Rice,Tamil Nadu,THE NILGIRIS,Kharif,2013,4.329268292682927
RICE_014034,Rice,Tamil Nadu,THENI,Kharif,2013,4.0653652292183375
RICE_014035,Rice,Tamil Nadu,THIRUVALLUR,Kharif,2013,4.711845304559258
RICE_014036,Rice,Tamil Nadu,THIRUVARUR,Kharif,2013,4.705837147150247
RICE_014037,Rice,Tamil Nadu,TIRUCHIRAPPALLI,Kharif,2013,4.716586888657648
RICE_014038,Rice,Tamil Nadu,TIRUNELVELI,Kharif,2013,5.828326455901479
RICE_014039,Rice,Tamil Nadu,TIRUPPUR,Kharif,2013,5.775129809612568
RICE_014040,Rice,Tamil Nadu,TIRUVANNAMALAI,Kharif,2013,4.349809379727685
RICE_014041,Rice,Tamil Nadu,TUTICORIN,Kharif,2013,4.727280477408355
RICE_014042,Rice,Tamil Nadu,VELLORE,Kharif,2013,4.889904994157395
RICE_014043,Rice,Tamil Nadu,VILLUPURAM,Kharif,2013,4.673750168678092
RICE_014044,Rice,Tamil Nadu,VIRUDHUNAGAR,Kharif,2013,4.137583485124469
RICE_014045,Rice,Telangana,ADILABAD,Kharif,2013,2.6762999603065554
RICE_014046,Rice,Telangana,ADILABAD,Rabi,2013,2.921995950934858
RICE_014047,Rice,Telangana,KARIMNAGAR,Kharif,2013,3.495001289065857
RICE_014048,Rice,Telangana,KARIMNAGAR,Rabi,2013,3.6879995010985427
RICE_014049,Rice,Telangana,KHAMMAM,Kharif,2013,2.9200024301008494
RICE_014050,Rice,Telangana,KHAMMAM,Rabi,2013,3.2699922093396268
RICE_014051,Rice,Telangana,MAHBUBNAGAR,Kharif,2013,2.906780151141271
RICE_014052,Rice,Telangana,MAHBUBNAGAR,Rabi,2013,2.7300033905619085
RICE_014053,Rice,Telangana,MEDAK,Kharif,2013,3.626552158985263
RICE_014054,Rice,Telangana,MEDAK,Rabi,2013,3.6979993903515105
RICE_014055,Rice,Telangana,NALGONDA,Kharif,2013,2.842001196763535
RICE_014056,Rice,Telangana,NALGONDA,Rabi,2013,3.2700016868593655
RICE_014057,Rice,Telangana,NIZAMABAD,Kharif,2013,4.085277374706998
RICE_014058,Rice,Telangana,NIZAMABAD,Rabi,2013,3.889004598696882
RICE_014059,Rice,Telangana,RANGAREDDI,Kharif,2013,2.31799364234494
RICE_014060,Rice,Telangana,RANGAREDDI,Rabi,2013,2.2330145668853554
RICE_014061,Rice,Telangana,WARANGAL,Kharif,2013,3.147792682237887
RICE_014062,Rice,Telangana,WARANGAL,Rabi,2013,3.129995185363505
RICE_014063,Rice,Tripura,DHALAI,Kharif,2013,2.473613691038095
RICE_014064,Rice,Tripura,GOMATI,Kharif,2013,2.8921065220857916
RICE_014065,Rice,Tripura,KHOWAI,Kharif,2013,2.779562823568083
RICE_014066,Rice,Tripura,NORTH TRIPURA,Kharif,2013,2.4210348637368035
RICE_014067,Rice,Tripura,SEPAHIJALA,Kharif,2013,3.0270034843205575
RICE_014068,Rice,Tripura,SOUTH TRIPURA,Kharif,2013,3.0138237939686596
RICE_014069,Rice,Tripura,UNAKOTI,Kharif,2013,2.7278051609162075
RICE_014070,Rice,Tripura,WEST TRIPURA,Kharif,2013,2.865955606803113
RICE_014071,Rice,Uttar Pradesh,AGRA,Kharif,2013,2.586008514555287
RICE_014072,Rice,Uttar Pradesh,ALIGARH,Kharif,2013,2.241005427020851
RICE_014073,Rice,Uttar Pradesh,ALLAHABAD,Kharif,2013,2.6389970224102806
RICE_014074,Rice,Uttar Pradesh,AMBEDKAR NAGAR,Kharif,2013,2.7260038688746433
RICE_014075,Rice,Uttar Pradesh,AMETHI,Kharif,2013,2.274999797161889
RICE_014076,Rice,Uttar Pradesh,AMROHA,Kharif,2013,2.103996302353694
RICE_014077,Rice,Uttar Pradesh,AMROHA,Summer,2013,2.0
RICE_014078,Rice,Uttar Pradesh,AURAIYA,Kharif,2013,3.2859915643313053
RICE_014079,Rice,Uttar Pradesh,AZAMGARH,Kharif,2013,2.202002192921838
RICE_014080,Rice,Uttar Pradesh,BAGHPAT,Kharif,2013,3.041987139074518
RICE_014081,Rice,Uttar Pradesh,BAHRAICH,Kharif,2013,2.363999371168055
RICE_014082,Rice,Uttar Pradesh,BALLIA,Kharif,2013,2.22
RICE_014083,Rice,Uttar Pradesh,BALRAMPUR,Kharif,2013,2.209001110193857
RICE_014084,Rice,Uttar Pradesh,BANDA,Kharif,2013,1.8080035492457853
RICE_014085,Rice,Uttar Pradesh,BARABANKI,Kharif,2013,2.858002041548266
RICE_014086,Rice,Uttar Pradesh,BAREILLY,Kharif,2013,2.25
RICE_014087,Rice,Uttar Pradesh,BAREILLY,Summer,2013,2.249579831932773
RICE_014088,Rice,Uttar Pradesh,BASTI,Kharif,2013,2.517003623879458
RICE_014089,Rice,Uttar Pradesh,BIJNOR,Kharif,2013,2.3289953346051413
RICE_014090,Rice,Uttar Pradesh,BIJNOR,Summer,2013,2.326923076923077
RICE_014091,Rice,Uttar Pradesh,BUDAUN,Kharif,2013,2.2030009377930604
RICE_014092,Rice,Uttar Pradesh,BULANDSHAHR,Kharif,2013,2.632002006919692
RICE_014093,Rice,Uttar Pradesh,BULANDSHAHR,Summer,2013,3.0
RICE_014094,Rice,Uttar Pradesh,CHANDAULI,Kharif,2013,2.6749988884442666
RICE_014095,Rice,Uttar Pradesh,CHITRAKOOT,Kharif,2013,1.7930083702609552
RICE_014096,Rice,Uttar Pradesh,DEORIA,Kharif,2013,2.459001887682869
RICE_014097,Rice,Uttar Pradesh,DEORIA,Summer,2013,2.4285714285714284
RICE_014098,Rice,Uttar Pradesh,ETAH,Kharif,2013,2.332020521324558
RICE_014099,Rice,Uttar Pradesh,ETAWAH,Kharif,2013,2.9110069855654532
RICE_014100,Rice,Uttar Pradesh,FAIZABAD,Kharif,2013,2.622997997997998
RICE_014101,Rice,Uttar Pradesh,FARRUKHABAD,Kharif,2013,2.6750181554103123
RICE_014102,Rice,Uttar Pradesh,FATEHPUR,Kharif,2013,2.605003527683642
RICE_014103,Rice,Uttar Pradesh,FIROZABAD,Kharif,2013,2.7479975924811333
RICE_014104,Rice,Uttar Pradesh,FIROZABAD,Summer,2013,3.0
RICE_014105,Rice,Uttar Pradesh,GAUTAM BUDDHA NAGAR,Kharif,2013,2.448
RICE_014106,Rice,Uttar Pradesh,GHAZIABAD,Kharif,2013,2.718050774526678
RICE_014107,Rice,Uttar Pradesh,GHAZIPUR,Kharif,2013,2.1360018805198293
RICE_014108,Rice,Uttar Pradesh,GONDA,Kharif,2013,2.4500031553704407
RICE_014109,Rice,Uttar Pradesh,GORAKHPUR,Kharif,2013,2.402998540533369
RICE_014110,Rice,Uttar Pradesh,GORAKHPUR,Summer,2013,2.404255319148936
RICE_014111,Rice,Uttar Pradesh,HAMIRPUR,Kharif,2013,1.8095238095238095
RICE_014112,Rice,Uttar Pradesh,HAPUR,Kharif,2013,2.9240232260604273
RICE_014113,Rice,Uttar Pradesh,HARDOI,Kharif,2013,2.5159976925759975
RICE_014114,Rice,Uttar Pradesh,HARDOI,Summer,2013,2.5208333333333335
RICE_014115,Rice,Uttar Pradesh,HATHRAS,Kharif,2013,2.3549928949748096
RICE_014116,Rice,Uttar Pradesh,HATHRAS,Summer,2013,2.3333333333333335
RICE_014117,Rice,Uttar Pradesh,JALAUN,Kharif,2013,1.7961538461538462
RICE_014118,Rice,Uttar Pradesh,JAUNPUR,Kharif,2013,2.2900004681741875
RICE_014119,Rice,Uttar Pradesh,JHANSI,Kharif,2013,1.947010616502142
RICE_014120,Rice,Uttar Pradesh,KANNAUJ,Kharif,2013,2.953015427769986
RICE_014121,Rice,Uttar Pradesh,KANPUR DEHAT,Kharif,2013,2.7090027500361846
RICE_014122,Rice,Uttar Pradesh,KANPUR NAGAR,Kharif,2013,2.5589864221057645
RICE_014123,Rice,Uttar Pradesh,KASGANJ,Kharif,2013,2.231971789597414
RICE_014124,Rice,Uttar Pradesh,KAUSHAMBI,Kharif,2013,2.2090030258969624
RICE_014125,Rice,Uttar Pradesh,KHERI,Kharif,2013,2.696000138283897
RICE_014126,Rice,Uttar Pradesh,KHERI,Summer,2013,2.695961995249406
RICE_014127,Rice,Uttar Pradesh,KUSHI NAGAR,Kharif,2013,2.6170039231039013
RICE_014128,Rice,Uttar Pradesh,LALITPUR,Kharif,2013,0.7107011070110701
RICE_014129,Rice,Uttar Pradesh,LUCKNOW,Kharif,2013,2.0259974309323416
RICE_014130,Rice,Uttar Pradesh,MAHARAJGANJ,Kharif,2013,2.4719974684172645
RICE_014131,Rice,Uttar Pradesh,MAHARAJGANJ,Summer,2013,2.4727272727272727
RICE_014132,Rice,Uttar Pradesh,MAHOBA,Kharif,2013,1.7916666666666667
RICE_014133,Rice,Uttar Pradesh,MAINPURI,Kharif,2013,2.639994476324915
RICE_014134,Rice,Uttar Pradesh,MAINPURI,Summer,2013,2.638888888888889
RICE_014135,Rice,Uttar Pradesh,MATHURA,Kharif,2013,2.4039958977475595
RICE_014136,Rice,Uttar Pradesh,MAU,Kharif,2013,2.097998886376291
RICE_014137,Rice,Uttar Pradesh,MEERUT,Kharif,2013,2.7119988960187675
RICE_014138,Rice,Uttar Pradesh,MEERUT,Summer,2013,2.7142857142857144
RICE_014139,Rice,Uttar Pradesh,MIRZAPUR,Kharif,2013,2.3030000369918247
RICE_014140,Rice,Uttar Pradesh,MORADABAD,Kharif,2013,2.183002624671916
RICE_014141,Rice,Uttar Pradesh,MORADABAD,Summer,2013,2.182328190743338
RICE_014142,Rice,Uttar Pradesh,MUZAFFARNAGAR,Kharif,2013,2.337039045553145
RICE_014143,Rice,Uttar Pradesh,MUZAFFARNAGAR,Summer,2013,2.0
RICE_014144,Rice,Uttar Pradesh,PILIBHIT,Kharif,2013,2.7970023839656237
RICE_014145,Rice,Uttar Pradesh,PILIBHIT,Summer,2013,2.7969910493239385
RICE_014146,Rice,Uttar Pradesh,PRATAPGARH,Kharif,2013,2.395999798478513
RICE_014147,Rice,Uttar Pradesh,RAE BARELI,Kharif,2013,2.454001094813044
RICE_014148,Rice,Uttar Pradesh,RAMPUR,Kharif,2013,2.2410016791998246
RICE_014149,Rice,Uttar Pradesh,RAMPUR,Summer,2013,2.24099173553719
RICE_014150,Rice,Uttar Pradesh,SAHARANPUR,Kharif,2013,2.44600768352196
RICE_014151,Rice,Uttar Pradesh,SAMBHAL,Kharif,2013,2.301988339064135
RICE_014152,Rice,Uttar Pradesh,SANT KABEER NAGAR,Kharif,2013,2.314000911242735
RICE_014153,Rice,Uttar Pradesh,SANT KABEER NAGAR,Summer,2013,2.3134328358208953
RICE_014154,Rice,Uttar Pradesh,SANT RAVIDAS NAGAR,Kharif,2013,2.558998593124346
RICE_014155,Rice,Uttar Pradesh,SHAHJAHANPUR,Kharif,2013,2.684000908609071
RICE_014156,Rice,Uttar Pradesh,SHAHJAHANPUR,Summer,2013,2.6840225563909774
RICE_014157,Rice,Uttar Pradesh,SHAMLI,Kharif,2013,2.641015269491354
RICE_014158,Rice,Uttar Pradesh,SHAMLI,Summer,2013,2.641025641025641
RICE_014159,Rice,Uttar Pradesh,SHRAVASTI,Kharif,2013,2.0590015530217554
RICE_014160,Rice,Uttar Pradesh,SIDDHARTH NAGAR,Kharif,2013,2.743000408273578
RICE_014161,Rice,Uttar Pradesh,SITAPUR,Kharif,2013,2.4389982384927626
RICE_014162,Rice,Uttar Pradesh,SITAPUR,Summer,2013,2.4318181818181817
RICE_014163,Rice,Uttar Pradesh,SONBHADRA,Kharif,2013,2.1619869009791843
RICE_014164,Rice,Uttar Pradesh,SULTANPUR,Kharif,2013,2.436997720681869
RICE_014165,Rice,Uttar Pradesh,UNNAO,Kharif,2013,2.129998535942609
RICE_014166,Rice,Uttar Pradesh,VARANASI,Kharif,2013,2.151007712301334
RICE_014167,Rice,Uttarakhand,ALMORA,Kharif,2013,1.1890107071872795
RICE_014168,Rice,Uttarakhand,BAGESHWAR,Kharif,2013,1.4353460972017673
RICE_014169,Rice,Uttarakhand,CHAMOLI,Kharif,2013,1.2933186178792766
RICE_014170,Rice,Uttarakhand,CHAMPAWAT,Kharif,2013,1.4700280986575085
RICE_014171,Rice,Uttarakhand,DEHRADUN,Kharif,2013,2.1298457278481013
RICE_014172,Rice,Uttarakhand,HARIDWAR,Kharif,2013,1.9719887955182074
RICE_014173,Rice,Uttarakhand,HARIDWAR,Summer,2013,3.4
RICE_014174,Rice,Uttarakhand,NAINITAL,Kharif,2013,2.6065964796841588
RICE_014175,Rice,Uttarakhand,NAINITAL,Summer,2013,3.327683615819209
RICE_014176,Rice,Uttarakhand,PAURI GARHWAL,Kharif,2013,1.2862888745241687
RICE_014177,Rice,Uttarakhand,PITHORAGARH,Kharif,2013,1.3730154876923824
RICE_014178,Rice,Uttarakhand,RUDRA PRAYAG,Kharif,2013,1.3429075927015892
RICE_014179,Rice,Uttarakhand,TEHRI GARHWAL,Kharif,2013,1.5500352360817478
RICE_014180,Rice,Uttarakhand,UDAM SINGH NAGAR,Kharif,2013,3.146120643247952
RICE_014181,Rice,Uttarakhand,UDAM SINGH NAGAR,Summer,2013,3.326033665631639
RICE_014182,Rice,Uttarakhand,UTTAR KASHI,Kharif,2013,1.7736958934517204
RICE_014183,Rice,West Bengal,24 PARAGANAS NORTH,Autumn,2013,2.827397764951492
RICE_014184,Rice,West Bengal,24 PARAGANAS NORTH,Summer,2013,3.2629091422121896
RICE_014185,Rice,West Bengal,24 PARAGANAS NORTH,Winter,2013,2.9640147639511003
RICE_014186,Rice,West Bengal,24 PARAGANAS SOUTH,Autumn,2013,2.7079097446069924
RICE_014187,Rice,West Bengal,24 PARAGANAS SOUTH,Summer,2013,3.172776734688284
RICE_014188,Rice,West Bengal,24 PARAGANAS SOUTH,Winter,2013,2.360942505878825
RICE_014189,Rice,West Bengal,BANKURA,Autumn,2013,2.5515037784652836
RICE_014190,Rice,West Bengal,BANKURA,Summer,2013,3.013371991301957
RICE_014191,Rice,West Bengal,BANKURA,Winter,2013,2.750959469492016
RICE_014192,Rice,West Bengal,BARDHAMAN,Autumn,2013,2.6895040615647714
RICE_014193,Rice,West Bengal,BARDHAMAN,Summer,2013,3.793047287749902
RICE_014194,Rice,West Bengal,BARDHAMAN,Winter,2013,3.160531370038412
RICE_014195,Rice,West Bengal,BIRBHUM,Autumn,2013,2.2899022801302933
RICE_014196,Rice,West Bengal,BIRBHUM,Summer,2013,3.4072936595844663
RICE_014197,Rice,West Bengal,BIRBHUM,Winter,2013,3.3040346805024576
RICE_014198,Rice,West Bengal,COOCHBEHAR,Autumn,2013,1.7040767386091127
RICE_014199,Rice,West Bengal,COOCHBEHAR,Summer,2013,3.2196617298472616
RICE_014200,Rice,West Bengal,COOCHBEHAR,Winter,2013,2.5379530666416104
RICE_014201,Rice,West Bengal,DARJEELING,Autumn,2013,1.942767653758542
RICE_014202,Rice,West Bengal,DARJEELING,Summer,2013,2.0476190476190474
RICE_014203,Rice,West Bengal,DARJEELING,Winter,2013,2.300499907424551
RICE_014204,Rice,West Bengal,DINAJPUR DAKSHIN,Autumn,2013,1.8473625140291807
RICE_014205,Rice,West Bengal,DINAJPUR DAKSHIN,Summer,2013,3.2540352504638217
RICE_014206,Rice,West Bengal,DINAJPUR DAKSHIN,Winter,2013,2.8126067656901905
RICE_014207,Rice,West Bengal,DINAJPUR UTTAR,Autumn,2013,1.9422492401215805
RICE_014208,Rice,West Bengal,DINAJPUR UTTAR,Summer,2013,2.57191350012979
RICE_014209,Rice,West Bengal,DINAJPUR UTTAR,Winter,2013,2.399297655275207
RICE_014210,Rice,West Bengal,HOOGHLY,Autumn,2013,2.4661279229711144
RICE_014211,Rice,West Bengal,HOOGHLY,Summer,2013,2.9467598912643487
RICE_014212,Rice,West Bengal,HOOGHLY,Winter,2013,2.7815529522215647
RICE_014213,Rice,West Bengal,HOWRAH,Autumn,2013,2.964376590330789
RICE_014214,Rice,West Bengal,HOWRAH,Summer,2013,3.0011941277014214
RICE_014215,Rice,West Bengal,HOWRAH,Winter,2013,2.21086078309509
RICE_014216,Rice,West Bengal,JALPAIGURI,Autumn,2013,1.9600666122892876
RICE_014217,Rice,West Bengal,JALPAIGURI,Summer,2013,2.2243366789227865
RICE_014218,Rice,West Bengal,JALPAIGURI,Winter,2013,2.336007818009184
RICE_014219,Rice,West Bengal,MALDAH,Autumn,2013,1.9428754813863929
RICE_014220,Rice,West Bengal,MALDAH,Summer,2013,3.935310287380258
RICE_014221,Rice,West Bengal,MALDAH,Winter,2013,3.4070515892618833
RICE_014222,Rice,West Bengal,MEDINIPUR EAST,Autumn,2013,2.033784373635967
RICE_014223,Rice,West Bengal,MEDINIPUR EAST,Summer,2013,3.407626519194907
RICE_014224,Rice,West Bengal,MEDINIPUR EAST,Winter,2013,1.5848948479498406
RICE_014225,Rice,West Bengal,MEDINIPUR WEST,Autumn,2013,2.3059267867518884
RICE_014226,Rice,West Bengal,MEDINIPUR WEST,Summer,2013,3.414545867135644
RICE_014227,Rice,West Bengal,MEDINIPUR WEST,Winter,2013,2.0955722177903064
RICE_014228,Rice,West Bengal,MURSHIDABAD,Autumn,2013,2.5857794611345444
RICE_014229,Rice,West Bengal,MURSHIDABAD,Summer,2013,3.4390201137189087
RICE_014230,Rice,West Bengal,MURSHIDABAD,Winter,2013,3.0762904269966174
RICE_014231,Rice,West Bengal,NADIA,Autumn,2013,2.401270546796377
RICE_014232,Rice,West Bengal,NADIA,Summer,2013,3.72119451717887
RICE_014233,Rice,West Bengal,NADIA,Winter,2013,2.771601756592376
RICE_014234,Rice,West Bengal,PURULIA,Autumn,2013,1.391304347826087
RICE_014235,Rice,West Bengal,PURULIA,Summer,2013,2.4689922480620154
RICE_014236,Rice,West Bengal,PURULIA,Winter,2013,2.415477348366052
RICE_014237,Rice,Andhra Pradesh,ANANTAPUR,Kharif,2014,3.007988348486186
RICE_014238,Rice,Andhra Pradesh,ANANTAPUR,Rabi,2014,2.1939569662749885
RICE_014239,Rice,Andhra Pradesh,ANANTAPUR,Whole Year,2014,2.8253740029440966
RICE_014240,Rice,Andhra Pradesh,CHITTOOR,Kharif,2014,3.3420024052916415
RICE_014241,Rice,Andhra Pradesh,CHITTOOR,Rabi,2014,3.1800007230396585
RICE_014242,Rice,Andhra Pradesh,CHITTOOR,Whole Year,2014,3.232613206395704
RICE_014243,Rice,Andhra Pradesh,EAST GODAVARI,Kharif,2014,3.015999327647829
RICE_014244,Rice,Andhra Pradesh,EAST GODAVARI,Rabi,2014,5.244999851230325
RICE_014245,Rice,Andhra Pradesh,EAST GODAVARI,Whole Year,2014,3.9664084523123844
RICE_014246,Rice,Andhra Pradesh,GUNTUR,Kharif,2014,3.9129992527591186
RICE_014247,Rice,Andhra Pradesh,GUNTUR,Rabi,2014,3.7629904024246508
RICE_014248,Rice,Andhra Pradesh,GUNTUR,Whole Year,2014,3.897385927893951
RICE_014249,Rice,Andhra Pradesh,KADAPA,Kharif,2014,3.6949957269015288
RICE_014250,Rice,Andhra Pradesh,KADAPA,Rabi,2014,2.7091199149162457
RICE_014251,Rice,Andhra Pradesh,KADAPA,Whole Year,2014,3.614187643020595
RICE_014252,Rice,Andhra Pradesh,KRISHNA,Kharif,2014,3.3539997959287793
RICE_014253,Rice,Andhra Pradesh,KRISHNA,Rabi,2014,3.9730077607420027
RICE_014254,Rice,Andhra Pradesh,KRISHNA,Whole Year,2014,3.4675325126196874
RICE_014255,Rice,Andhra Pradesh,KURNOOL,Kharif,2014,3.947995500660704
RICE_014256,Rice,Andhra Pradesh,KURNOOL,Rabi,2014,3.54700158600883
RICE_014257,Rice,Andhra Pradesh,KURNOOL,Whole Year,2014,3.8665773120506883
RICE_014258,Rice,Andhra Pradesh,PRAKASAM,Kharif,2014,3.833994459136129
RICE_014259,Rice,Andhra Pradesh,PRAKASAM,Rabi,2014,3.86400663647614
RICE_014260,Rice,Andhra Pradesh,PRAKASAM,Whole Year,2014,3.8549531325678794
RICE_014261,Rice,Andhra Pradesh,SPSR NELLORE,Kharif,2014,3.7370002571024554
RICE_014262,Rice,Andhra Pradesh,SPSR NELLORE,Rabi,2014,4.126000750738132
RICE_014263,Rice,Andhra Pradesh,SPSR NELLORE,Whole Year,2014,4.025435874428285
RICE_014264,Rice,Andhra Pradesh,SRIKAKULAM,Kharif,2014,2.1159987347008298
RICE_014265,Rice,Andhra Pradesh,SRIKAKULAM,Rabi,2014,2.7200845665961944
RICE_014266,Rice,Andhra Pradesh,SRIKAKULAM,Whole Year,2014,2.1295911328877577
RICE_014267,Rice,Andhra Pradesh,VISAKHAPATANAM,Kharif,2014,1.6269986760362563
RICE_014268,Rice,Andhra Pradesh,VISAKHAPATANAM,Rabi,2014,2.4940591323570045
RICE_014269,Rice,Andhra Pradesh,VISAKHAPATANAM,Whole Year,2014,1.6865254012216868
RICE_014270,Rice,Andhra Pradesh,VIZIANAGARAM,Kharif,2014,2.6379991445034348
RICE_014271,Rice,Andhra Pradesh,VIZIANAGARAM,Rabi,2014,3.2320328542094456
RICE_014272,Rice,Andhra Pradesh,VIZIANAGARAM,Whole Year,2014,2.6635416499446167
RICE_014273,Rice,Andhra Pradesh,WEST GODAVARI,Kharif,2014,3.168000864024193
RICE_014274,Rice,Andhra Pradesh,WEST GODAVARI,Rabi,2014,5.011000444291973
RICE_014275,Rice,Andhra Pradesh,WEST GODAVARI,Whole Year,2014,3.9686771597367123
RICE_014276,Rice,Arunachal Pradesh,ANJAW,Kharif,2014,0.6722830665543387
RICE_014277,Rice,Arunachal Pradesh,CHANGLANG,Kharif,2014,2.2210109018830524
RICE_014278,Rice,Arunachal Pradesh,DIBANG VALLEY,Kharif,2014,0.878698224852071
RICE_014279,Rice,Arunachal Pradesh,EAST KAMENG,Kharif,2014,1.052185548617306
RICE_014280,Rice,Arunachal Pradesh,EAST SIANG,Kharif,2014,1.7036600496277916
RICE_014281,Rice,Arunachal Pradesh,KURUNG KUMEY,Kharif,2014,1.3962264150943395
RICE_014282,Rice,Arunachal Pradesh,LOHIT,Kharif,2014,1.9283842794759825
RICE_014283,Rice,Arunachal Pradesh,LONGDING,Kharif,2014,1.0114186851211073
RICE_014284,Rice,Arunachal Pradesh,LOWER DIBANG VALLEY,Kharif,2014,1.185028045448008
RICE_014285,Rice,Arunachal Pradesh,LOWER SUBANSIRI,Kharif,2014,1.9822755115339503
RICE_014286,Rice,Arunachal Pradesh,PAPUM PARE,Kharif,2014,2.040176600441501
RICE_014287,Rice,Arunachal Pradesh,TAWANG,Kharif,2014,1.5544910179640719
RICE_014288,Rice,Arunachal Pradesh,TIRAP,Kharif,2014,1.275438596491228
RICE_014289,Rice,Arunachal Pradesh,UPPER SIANG,Kharif,2014,1.329402872260015
RICE_014290,Rice,Arunachal Pradesh,UPPER SUBANSIRI,Kharif,2014,1.9158435401027263
RICE_014291,Rice,Arunachal Pradesh,WEST KAMENG,Kharif,2014,1.4272727272727272
RICE_014292,Rice,Arunachal Pradesh,WEST SIANG,Kharif,2014,1.0164846237555922
RICE_014293,Rice,Assam,BAKSA,Autumn,2014,1.6928703703703705
RICE_014294,Rice,Assam,BAKSA,Summer,2014,2.1340983606557375
RICE_014295,Rice,Assam,BAKSA,Winter,2014,2.2659114674102474
RICE_014296,Rice,Assam,BARPETA,Autumn,2014,1.0617058857045183
RICE_014297,Rice,Assam,BARPETA,Summer,2014,2.879153894561621
RICE_014298,Rice,Assam,BARPETA,Winter,2014,1.4756340920264917
RICE_014299,Rice,Assam,BONGAIGAON,Autumn,2014,1.3485080988917306
RICE_014300,Rice,Assam,BONGAIGAON,Summer,2014,3.334959349593496
RICE_014301,Rice,Assam,BONGAIGAON,Winter,2014,1.9564576900195474
RICE_014302,Rice,Assam,CACHAR,Autumn,2014,2.0432464454976302
RICE_014303,Rice,Assam,CACHAR,Summer,2014,1.9536126290224651
RICE_014304,Rice,Assam,CACHAR,Winter,2014,2.32530276118198
RICE_014305,Rice,Assam,CHIRANG,Autumn,2014,1.0476418864908073
RICE_014306,Rice,Assam,CHIRANG,Summer,2014,2.3773806035745677
RICE_014307,Rice,Assam,CHIRANG,Winter,2014,1.6228072621803273
RICE_014308,Rice,Assam,DARRANG,Autumn,2014,1.5102905569007263
RICE_014309,Rice,Assam,DARRANG,Summer,2014,3.7589882461396633
RICE_014310,Rice,Assam,DARRANG,Winter,2014,2.1246566004998657
RICE_014311,Rice,Assam,DHEMAJI,Autumn,2014,1.3428936986885596
RICE_014312,Rice,Assam,DHEMAJI,Summer,2014,1.5085882352941176
RICE_014313,Rice,Assam,DHEMAJI,Winter,2014,1.5707064735441916
RICE_014314,Rice,Assam,DHUBRI,Autumn,2014,0.945276073619632
RICE_014315,Rice,Assam,DHUBRI,Summer,2014,3.7873762618837596
RICE_014316,Rice,Assam,DHUBRI,Winter,2014,1.2721518987341771
RICE_014317,Rice,Assam,DIBRUGARH,Autumn,2014,1.4324324324324325
RICE_014318,Rice,Assam,DIBRUGARH,Summer,2014,2.9402866242038215
RICE_014319,Rice,Assam,DIBRUGARH,Winter,2014,1.7079943668904416
RICE_014320,Rice,Assam,DIMA HASAO,Autumn,2014,1.8369894774389157
RICE_014321,Rice,Assam,DIMA HASAO,Winter,2014,2.662597602551413
RICE_014322,Rice,Assam,GOALPARA,Autumn,2014,0.9367402629620442
RICE_014323,Rice,Assam,GOALPARA,Summer,2014,3.1869937878430448
RICE_014324,Rice,Assam,GOALPARA,Winter,2014,2.0724218072953597
RICE_014325,Rice,Assam,GOLAGHAT,Autumn,2014,1.8971078976640712
RICE_014326,Rice,Assam,GOLAGHAT,Summer,2014,2.197572752185828
RICE_014327,Rice,Assam,GOLAGHAT,Winter,2014,2.242442822981176
RICE_014328,Rice,Assam,HAILAKANDI,Autumn,2014,2.6218955904713632
RICE_014329,Rice,Assam,HAILAKANDI,Summer,2014,1.7660377358490567
RICE_014330,Rice,Assam,HAILAKANDI,Winter,2014,2.8456484848484846
RICE_014331,Rice,Assam,JORHAT,Autumn,2014,1.3454063604240283
RICE_014332,Rice,Assam,JORHAT,Summer,2014,1.5634715025906736
RICE_014333,Rice,Assam,JORHAT,Winter,2014,1.9643355392595243
RICE_014334,Rice,Assam,KAMRUP,Autumn,2014,1.5128704304564136
RICE_014335,Rice,Assam,KAMRUP,Summer,2014,2.895993017102643
RICE_014336,Rice,Assam,KAMRUP,Winter,2014,2.078248670998228
RICE_014337,Rice,Assam,KAMRUP METRO,Autumn,2014,1.429585798816568
RICE_014338,Rice,Assam,KAMRUP METRO,Summer,2014,2.983055102296975
RICE_014339,Rice,Assam,KAMRUP METRO,Winter,2014,1.9502892440435338
RICE_014340,Rice,Assam,KARBI ANGLONG,Autumn,2014,1.4622931615170596
RICE_014341,Rice,Assam,KARBI ANGLONG,Summer,2014,1.705655526992288
RICE_014342,Rice,Assam,KARBI ANGLONG,Winter,2014,1.7185630254222313
RICE_014343,Rice,Assam,KARIMGANJ,Autumn,2014,1.645621181262729
RICE_014344,Rice,Assam,KARIMGANJ,Summer,2014,1.6079767947788253
RICE_014345,Rice,Assam,KARIMGANJ,Winter,2014,1.8774110032362459
RICE_014346,Rice,Assam,KOKRAJHAR,Autumn,2014,1.5669200181205014
RICE_014347,Rice,Assam,KOKRAJHAR,Summer,2014,2.7236071970518103
RICE_014348,Rice,Assam,KOKRAJHAR,Winter,2014,1.8187776928953399
RICE_014349,Rice,Assam,LAKHIMPUR,Autumn,2014,1.459699752222708
RICE_014350,Rice,Assam,LAKHIMPUR,Summer,2014,1.817482993197279
RICE_014351,Rice,Assam,LAKHIMPUR,Winter,2014,2.1832366843721065
RICE_014352,Rice,Assam,MARIGAON,Autumn,2014,2.308679706601467
RICE_014353,Rice,Assam,MARIGAON,Summer,2014,3.1129893029270015
RICE_014354,Rice,Assam,MARIGAON,Winter,2014,1.6833503343533944
RICE_014355,Rice,Assam,NAGAON,Autumn,2014,1.651865767227393
RICE_014356,Rice,Assam,NAGAON,Summer,2014,2.793562012625325
RICE_014357,Rice,Assam,NAGAON,Winter,2014,1.8433922713599302
RICE_014358,Rice,Assam,NALBARI,Autumn,2014,1.5835
RICE_014359,Rice,Assam,NALBARI,Summer,2014,2.943030303030303
RICE_014360,Rice,Assam,NALBARI,Winter,2014,2.3364193548387098
RICE_014361,Rice,Assam,SIVASAGAR,Autumn,2014,1.558139534883721
RICE_014362,Rice,Assam,SIVASAGAR,Summer,2014,2.9399714149595044
RICE_014363,Rice,Assam,SIVASAGAR,Winter,2014,2.088184877814244
RICE_014364,Rice,Assam,SONITPUR,Autumn,2014,1.7873190214677983
RICE_014365,Rice,Assam,SONITPUR,Summer,2014,3.2721928982725528
RICE_014366,Rice,Assam,SONITPUR,Winter,2014,2.052217574508658
RICE_014367,Rice,Assam,TINSUKIA,Autumn,2014,1.3548500881834216
RICE_014368,Rice,Assam,TINSUKIA,Summer,2014,2.9353233830845773
RICE_014369,Rice,Assam,TINSUKIA,Winter,2014,1.687502168557649
RICE_014370,Rice,Assam,UDALGURI,Autumn,2014,0.9575696123547305
RICE_014371,Rice,Assam,UDALGURI,Summer,2014,2.816365202411714
RICE_014372,Rice,Assam,UDALGURI,Winter,2014,1.9667299477930706
RICE_014373,Rice,Bihar,ARARIA,Autumn,2014,1.3709037779169275
RICE_014374,Rice,Bihar,ARARIA,Summer,2014,2.058668897120325
RICE_014375,Rice,Bihar,ARARIA,Winter,2014,2.4375400456379763
RICE_014376,Rice,Bihar,ARWAL,Winter,2014,4.397734689959685
RICE_014377,Rice,Bihar,AURANGABAD,Winter,2014,3.7750498405711395
RICE_014378,Rice,Bihar,BANKA,Winter,2014,3.522909114659874
RICE_014379,Rice,Bihar,BEGUSARAI,Autumn,2014,1.4042081949058693
RICE_014380,Rice,Bihar,BEGUSARAI,Winter,2014,1.7460851995285402
RICE_014381,Rice,Bihar,BHAGALPUR,Autumn,2014,1.7390939597315436
RICE_014382,Rice,Bihar,BHAGALPUR,Summer,2014,2.125
RICE_014383,Rice,Bihar,BHAGALPUR,Winter,2014,3.0244913953564314
RICE_014384,Rice,Bihar,BHOJPUR,Autumn,2014,1.7317073170731707
RICE_014385,Rice,Bihar,BHOJPUR,Winter,2014,2.8857111340640387
RICE_014386,Rice,Bihar,BUXAR,Autumn,2014,1.5
RICE_014387,Rice,Bihar,BUXAR,Winter,2014,2.783500139849935
RICE_014388,Rice,Bihar,DARBHANGA,Autumn,2014,1.5250037274489339
RICE_014389,Rice,Bihar,DARBHANGA,Summer,2014,1.6901347240330291
RICE_014390,Rice,Bihar,DARBHANGA,Winter,2014,1.848348591957353
RICE_014391,Rice,Bihar,GAYA,Autumn,2014,1.7387120651369357
RICE_014392,Rice,Bihar,GAYA,Winter,2014,3.230585068025576
RICE_014393,Rice,Bihar,GOPALGANJ,Autumn,2014,1.8705602376223451
RICE_014394,Rice,Bihar,GOPALGANJ,Winter,2014,2.1211796061057075
RICE_014395,Rice,Bihar,JAMUI,Winter,2014,2.0415295188738707
RICE_014396,Rice,Bihar,JEHANABAD,Winter,2014,3.2929174680157205
RICE_014397,Rice,Bihar,KAIMUR (BHABUA),Winter,2014,2.7532623559288925
RICE_014398,Rice,Bihar,KATIHAR,Autumn,2014,2.6810073452256034
RICE_014399,Rice,Bihar,KATIHAR,Summer,2014,2.431541243810795
RICE_014400,Rice,Bihar,KATIHAR,Winter,2014,2.727327422979597
RICE_014401,Rice,Bihar,KHAGARIA,Autumn,2014,0.9451159104418466
RICE_014402,Rice,Bihar,KHAGARIA,Summer,2014,2.0528846153846154
RICE_014403,Rice,Bihar,KHAGARIA,Winter,2014,2.189893143365984
RICE_014404,Rice,Bihar,KISHANGANJ,Autumn,2014,1.5736871823828344
RICE_014405,Rice,Bihar,KISHANGANJ,Summer,2014,2.6220599538816294
RICE_014406,Rice,Bihar,KISHANGANJ,Winter,2014,2.9317588643452797
RICE_014407,Rice,Bihar,LAKHISARAI,Winter,2014,3.688327240640363
RICE_014408,Rice,Bihar,MADHEPURA,Autumn,2014,2.0460897134805074
RICE_014409,Rice,Bihar,MADHEPURA,Summer,2014,1.3771929824561404
RICE_014410,Rice,Bihar,MADHEPURA,Winter,2014,2.2294171359001673
RICE_014411,Rice,Bihar,MADHUBANI,Autumn,2014,1.448941286878996
RICE_014412,Rice,Bihar,MADHUBANI,Summer,2014,1.7435684647302905
RICE_014413,Rice,Bihar,MADHUBANI,Winter,2014,1.625816359103105
RICE_014414,Rice,Bihar,MUNGER,Autumn,2014,1.75
RICE_014415,Rice,Bihar,MUNGER,Summer,2014,2.1592592592592594
RICE_014416,Rice,Bihar,MUNGER,Winter,2014,2.7849922593570713
RICE_014417,Rice,Bihar,MUZAFFARPUR,Autumn,2014,2.219579169194419
RICE_014418,Rice,Bihar,MUZAFFARPUR,Summer,2014,2.25625
RICE_014419,Rice,Bihar,MUZAFFARPUR,Winter,2014,1.978775967525669
RICE_014420,Rice,Bihar,NALANDA,Autumn,2014,1.75
RICE_014421,Rice,Bihar,NALANDA,Winter,2014,2.5863227497468277
RICE_014422,Rice,Bihar,NAWADA,Autumn,2014,1.735632183908046
RICE_014423,Rice,Bihar,NAWADA,Winter,2014,3.072000519109727
RICE_014424,Rice,Bihar,PASHCHIM CHAMPARAN,Autumn,2014,1.8256469769061159
RICE_014425,Rice,Bihar,PASHCHIM CHAMPARAN,Summer,2014,2.052325581395349
RICE_014426,Rice,Bihar,PASHCHIM CHAMPARAN,Winter,2014,2.635274066242549
RICE_014427,Rice,Bihar,PATNA,Autumn,2014,1.7351351351351352
RICE_014428,Rice,Bihar,PATNA,Winter,2014,2.564789287120914
RICE_014429,Rice,Bihar,PURBI CHAMPARAN,Autumn,2014,1.6100752054582106
RICE_014430,Rice,Bihar,PURBI CHAMPARAN,Winter,2014,1.8846289532663734
RICE_014431,Rice,Bihar,PURNIA,Autumn,2014,1.9517030475587893
RICE_014432,Rice,Bihar,PURNIA,Summer,2014,2.4966137673102193
RICE_014433,Rice,Bihar,PURNIA,Winter,2014,2.8124536693847295
RICE_014434,Rice,Bihar,ROHTAS,Winter,2014,4.17785026563804
RICE_014435,Rice,Bihar,SAHARSA,Autumn,2014,1.5410205434062292
RICE_014436,Rice,Bihar,SAHARSA,Summer,2014,1.2928921568627452
RICE_014437,Rice,Bihar,SAHARSA,Winter,2014,1.9506198686985001
RICE_014438,Rice,Bihar,SAMASTIPUR,Autumn,2014,2.097430342420413
RICE_014439,Rice,Bihar,SAMASTIPUR,Summer,2014,1.5223988439306357
RICE_014440,Rice,Bihar,SAMASTIPUR,Winter,2014,2.1284165925813836
RICE_014441,Rice,Bihar,SARAN,Autumn,2014,2.012087912087912
RICE_014442,Rice,Bihar,SARAN,Winter,2014,2.2739024220004187
RICE_014443,Rice,Bihar,SHEIKHPURA,Winter,2014,3.809709028349166
RICE_014444,Rice,Bihar,SHEOHAR,Autumn,2014,2.3727404944940784
RICE_014445,Rice,Bihar,SHEOHAR,Winter,2014,1.6925757911042265
RICE_014446,Rice,Bihar,SITAMARHI,Autumn,2014,1.3900330357770436
RICE_014447,Rice,Bihar,SITAMARHI,Winter,2014,1.9696583375828658
RICE_014448,Rice,Bihar,SIWAN,Autumn,2014,2.2796933499732575
RICE_014449,Rice,Bihar,SIWAN,Summer,2014,2.0357142857142856
RICE_014450,Rice,Bihar,SIWAN,Winter,2014,1.965657191542096
RICE_014451,Rice,Bihar,SUPAUL,Autumn,2014,1.5123554989924701
RICE_014452,Rice,Bihar,SUPAUL,Summer,2014,1.3691726854891662
RICE_014453,Rice,Bihar,SUPAUL,Winter,2014,1.9284794975417643
RICE_014454,Rice,Bihar,VAISHALI,Autumn,2014,1.0555274261603376
RICE_014455,Rice,Bihar,VAISHALI,Summer,2014,2.2305433186490453
RICE_014456,Rice,Bihar,VAISHALI,Winter,2014,2.2859922178988326
RICE_014457,Rice,Chhattisgarh,BALOD,Kharif,2014,1.8970592235915014
RICE_014458,Rice,Chhattisgarh,BALODA BAZAR,Kharif,2014,1.6096828326900487
RICE_014459,Rice,Chhattisgarh,BALRAMPUR,Kharif,2014,1.822805558854971
RICE_014460,Rice,Chhattisgarh,BASTAR,Kharif,2014,1.8239635026021013
RICE_014461,Rice,Chhattisgarh,BEMETARA,Kharif,2014,1.708056736530668
RICE_014462,Rice,Chhattisgarh,BIJAPUR,Kharif,2014,1.872638674571591
RICE_014463,Rice,Chhattisgarh,BILASPUR,Kharif,2014,2.0058573066934997
RICE_014464,Rice,Chhattisgarh,DANTEWADA,Kharif,2014,1.8654179575363101
RICE_014465,Rice,Chhattisgarh,DHAMTARI,Kharif,2014,3.13100308860044
RICE_014466,Rice,Chhattisgarh,DURG,Kharif,2014,1.8552430882905255
RICE_014467,Rice,Chhattisgarh,GARIYABAND,Kharif,2014,1.6961733946200201
RICE_014468,Rice,Chhattisgarh,JANJGIR-CHAMPA,Kharif,2014,3.1630010998671487
RICE_014469,Rice,Chhattisgarh,JASHPUR,Kharif,2014,1.6071057000553404
RICE_014470,Rice,Chhattisgarh,KABIRDHAM,Kharif,2014,1.357028886909365
RICE_014471,Rice,Chhattisgarh,KANKER,Kharif,2014,2.67054491322913
RICE_014472,Rice,Chhattisgarh,KONDAGAON,Kharif,2014,1.9278164629469132
RICE_014473,Rice,Chhattisgarh,KORBA,Kharif,2014,1.5033215741970953
RICE_014474,Rice,Chhattisgarh,KOREA,Kharif,2014,1.7840755181612968
RICE_014475,Rice,Chhattisgarh,MAHASAMUND,Kharif,2014,1.8714405744246032
RICE_014476,Rice,Chhattisgarh,MUNGELI,Kharif,2014,2.029065279717709
RICE_014477,Rice,Chhattisgarh,NARAYANPUR,Kharif,2014,1.770397489539749
RICE_014478,Rice,Chhattisgarh,RAIGARH,Kharif,2014,1.6099255039439089
RICE_014479,Rice,Chhattisgarh,RAIPUR,Kharif,2014,2.0227260511067393
RICE_014480,Rice,Chhattisgarh,RAJNANDGAON,Kharif,2014,1.6723364694248488
RICE_014481,Rice,Chhattisgarh,SUKMA,Kharif,2014,2.2218822509497946
RICE_014482,Rice,Chhattisgarh,SURAJPUR,Kharif,2014,1.8392083469798344
RICE_014483,Rice,Chhattisgarh,SURGUJA,Kharif,2014,1.761972575638708
RICE_014484,Rice,Dadra and Nagar Haveli,DADRA AND NAGAR HAVELI,Kharif,2014,1.866641957005189
RICE_014485,Rice,Dadra and Nagar Haveli,DADRA AND NAGAR HAVELI,Rabi,2014,1.9308510638297873
RICE_014486,Rice,Goa,NORTH GOA,Kharif,2014,2.8475495307612095
RICE_014487,Rice,Goa,NORTH GOA,Rabi,2014,2.7604105571847506
RICE_014488,Rice,Goa,SOUTH GOA,Kharif,2014,2.9956893348197697
RICE_014489,Rice,Goa,SOUTH GOA,Rabi,2014,2.792065663474692
RICE_014490,Rice,Jammu and Kashmir,ANANTNAG,Kharif,2014,0.8117051539491299
RICE_014491,Rice,Jammu and Kashmir,BADGAM,Kharif,2014,0.9061986785318719
RICE_014492,Rice,Jammu and Kashmir,BANDIPORA,Kharif,2014,1.2005867651852657
RICE_014493,Rice,Jammu and Kashmir,BARAMULLA,Kharif,2014,1.0992711027509994
RICE_014494,Rice,Jammu and Kashmir,DODA,Kharif,2014,0.9905808477237049
RICE_014495,Rice,Jammu and Kashmir,GANDERBAL,Kharif,2014,1.1301405517959395
RICE_014496,Rice,Jammu and Kashmir,JAMMU,Kharif,2014,1.7866045517030702
RICE_014497,Rice,Jammu and Kashmir,KATHUA,Kharif,2014,1.541287719086912
RICE_014498,Rice,Jammu and Kashmir,KISHTWAR,Kharif,2014,0.12040133779264214
RICE_014499,Rice,Jammu and Kashmir,KULGAM,Kharif,2014,0.9826101177496729
RICE_014500,Rice,Jammu and Kashmir,KUPWARA,Kharif,2014,1.0354638009049775
RICE_014501,Rice,Jammu and Kashmir,POONCH,Kharif,2014,1.2977008062108093
RICE_014502,Rice,Jammu and Kashmir,PULWAMA,Kharif,2014,0.41012422360248446
RICE_014503,Rice,Jammu and Kashmir,RAJAURI,Kharif,2014,0.8061569016881828
RICE_014504,Rice,Jammu and Kashmir,RAMBAN,Kharif,2014,0.46547314578005117
RICE_014505,Rice,Jammu and Kashmir,REASI,Kharif,2014,0.6400987876066457
RICE_014506,Rice,Jammu and Kashmir,SAMBA,Kharif,2014,1.6600898827140196
RICE_014507,Rice,Jammu and Kashmir,SRINAGAR,Kharif,2014,2.9617802363590644
RICE_014508,Rice,Jammu and Kashmir,UDHAMPUR,Kharif,2014,1.0201393095093882
RICE_014509,Rice,Karnataka,BAGALKOT,Kharif,2014,3.04
RICE_014510,Rice,Karnataka,BANGALORE RURAL,Kharif,2014,3.5
RICE_014511,Rice,Karnataka,BANGALORE RURAL,Summer,2014,3.061224489795918
RICE_014512,Rice,Karnataka,BELGAUM,Kharif,2014,2.947846107644566
RICE_014513,Rice,Karnataka,BELLARY,Kharif,2014,3.6945539833500862
RICE_014514,Rice,Karnataka,BELLARY,Rabi,2014,2.475
RICE_014515,Rice,Karnataka,BELLARY,Summer,2014,2.9592488720887697
RICE_014516,Rice,Karnataka,BENGALURU URBAN,Kharif,2014,3.551578947368421
RICE_014517,Rice,Karnataka,BENGALURU URBAN,Summer,2014,4.142857142857143
RICE_014518,Rice,Karnataka,BIDAR,Kharif,2014,0.9641299079011149
RICE_014519,Rice,Karnataka,BIJAPUR,Kharif,2014,3.06
RICE_014520,Rice,Karnataka,CHAMARAJANAGAR,Kharif,2014,3.2356794526530317
RICE_014521,Rice,Karnataka,CHAMARAJANAGAR,Rabi,2014,3.3529411764705883
RICE_014522,Rice,Karnataka,CHAMARAJANAGAR,Summer,2014,3.4833333333333334
RICE_014523,Rice,Karnataka,CHIKBALLAPUR,Kharif,2014,2.3779724655819776
RICE_014524,Rice,Karnataka,CHIKBALLAPUR,Summer,2014,1.8
RICE_014525,Rice,Karnataka,CHIKMAGALUR,Kharif,2014,2.6001553835025586
RICE_014526,Rice,Karnataka,CHIKMAGALUR,Summer,2014,2.738870431893688
RICE_014527,Rice,Karnataka,CHITRADURGA,Kharif,2014,2.267175572519084
RICE_014528,Rice,Karnataka,CHITRADURGA,Rabi,2014,2.3059701492537314
RICE_014529,Rice,Karnataka,CHITRADURGA,Summer,2014,1.9304347826086956
RICE_014530,Rice,Karnataka,DAKSHIN KANNAD,Kharif,2014,2.6296009949914283
RICE_014531,Rice,Karnataka,DAKSHIN KANNAD,Rabi,2014,2.4472222222222224
RICE_014532,Rice,Karnataka,DAKSHIN KANNAD,Summer,2014,2.0713235294117647
RICE_014533,Rice,Karnataka,DAVANGERE,Kharif,2014,3.490293519711928
RICE_014534,Rice,Karnataka,DAVANGERE,Summer,2014,3.8598524934468665
RICE_014535,Rice,Karnataka,DHARWAD,Kharif,2014,1.5855307969251726
RICE_014536,Rice,Karnataka,DHARWAD,Summer,2014,3.0569105691056913
RICE_014537,Rice,Karnataka,GADAG,Kharif,2014,2.4846743295019156
RICE_014538,Rice,Karnataka,GADAG,Summer,2014,3.4084084084084085
RICE_014539,Rice,Karnataka,GULBARGA,Kharif,2014,1.8553984575835476
RICE_014540,Rice,Karnataka,GULBARGA,Rabi,2014,1.2696629213483146
RICE_014541,Rice,Karnataka,GULBARGA,Summer,2014,1.2131410256410255
RICE_014542,Rice,Karnataka,HASSAN,Kharif,2014,3.078943333406348
RICE_014543,Rice,Karnataka,HASSAN,Rabi,2014,2.2323059360730593
RICE_014544,Rice,Karnataka,HASSAN,Summer,2014,2.719640179910045
RICE_014545,Rice,Karnataka,HAVERI,Kharif,2014,2.4823532360756
RICE_014546,Rice,Karnataka,HAVERI,Summer,2014,3.0779634049323787
RICE_014547,Rice,Karnataka,KODAGU,Kharif,2014,2.8072429528463703
RICE_014548,Rice,Karnataka,KODAGU,Rabi,2014,2.4
RICE_014549,Rice,Karnataka,KODAGU,Summer,2014,2.625
RICE_014550,Rice,Karnataka,KOLAR,Kharif,2014,2.5377906976744184
RICE_014551,Rice,Karnataka,KOPPAL,Kharif,2014,3.6907375947666017
RICE_014552,Rice,Karnataka,KOPPAL,Summer,2014,2.6656960465897637
RICE_014553,Rice,Karnataka,MANDYA,Kharif,2014,3.721143484138958
RICE_014554,Rice,Karnataka,MANDYA,Rabi,2014,3.1739130434782608
RICE_014555,Rice,Karnataka,MANDYA,Summer,2014,3.6100156921607423
RICE_014556,Rice,Karnataka,MYSORE,Kharif,2014,3.3905509808285377
RICE_014557,Rice,Karnataka,MYSORE,Summer,2014,3.423849277978339
RICE_014558,Rice,Karnataka,RAICHUR,Kharif,2014,3.2775003829070304
RICE_014559,Rice,Karnataka,RAICHUR,Summer,2014,2.6590455565008893
RICE_014560,Rice,Karnataka,RAMANAGARA,Kharif,2014,2.3303010612952133
RICE_014561,Rice,Karnataka,RAMANAGARA,Rabi,2014,2.5
RICE_014562,Rice,Karnataka,RAMANAGARA,Summer,2014,3.11900826446281
RICE_014563,Rice,Karnataka,SHIMOGA,Kharif,2014,2.9715952680880084
RICE_014564,Rice,Karnataka,SHIMOGA,Summer,2014,3.4541994106090375
RICE_014565,Rice,Karnataka,TUMKUR,Kharif,2014,2.974463069669984
RICE_014566,Rice,Karnataka,TUMKUR,Rabi,2014,2.462686567164179
RICE_014567,Rice,Karnataka,TUMKUR,Summer,2014,2.249722530521643
RICE_014568,Rice,Karnataka,UDUPI,Kharif,2014,2.7749517587706043
RICE_014569,Rice,Karnataka,UDUPI,Rabi,2014,2.746467939760907
RICE_014570,Rice,Karnataka,UDUPI,Summer,2014,2.9789473684210526
RICE_014571,Rice,Karnataka,UTTAR KANNAD,Kharif,2014,2.2106429818568283
RICE_014572,Rice,Karnataka,UTTAR KANNAD,Rabi,2014,2.678237650200267
RICE_014573,Rice,Karnataka,UTTAR KANNAD,Summer,2014,2.6904969485614645
RICE_014574,Rice,Karnataka,YADGIR,Kharif,2014,2.8376476990049753
RICE_014575,Rice,Karnataka,YADGIR,Rabi,2014,2.3654842050750906
RICE_014576,Rice,Karnataka,YADGIR,Summer,2014,2.303781650772772
RICE_014577,Rice,Kerala,ALAPPUZHA,Autumn,2014,2.567687166982751
RICE_014578,Rice,Kerala,ALAPPUZHA,Summer,2014,3.2405137811078406
RICE_014579,Rice,Kerala,ALAPPUZHA,Winter,2014,3.0307064633884475
RICE_014580,Rice,Kerala,ERNAKULAM,Autumn,2014,1.949624060150376
RICE_014581,Rice,Kerala,ERNAKULAM,Summer,2014,2.1974358974358976
RICE_014582,Rice,Kerala,ERNAKULAM,Winter,2014,2.2311901504787963
RICE_014583,Rice,Kerala,IDUKKI,Autumn,2014,2.3146067415730336
RICE_014584,Rice,Kerala,IDUKKI,Summer,2014,2.696969696969697
RICE_014585,Rice,Kerala,IDUKKI,Winter,2014,2.6226086956521737
RICE_014586,Rice,Kerala,KANNUR,Autumn,2014,2.2384382107657315
RICE_014587,Rice,Kerala,KANNUR,Summer,2014,2.272727272727273
RICE_014588,Rice,Kerala,KANNUR,Winter,2014,2.2697311361665222
RICE_014589,Rice,Kerala,KASARAGOD,Autumn,2014,2.371393492940454
RICE_014590,Rice,Kerala,KASARAGOD,Summer,2014,2.2871621621621623
RICE_014591,Rice,Kerala,KASARAGOD,Winter,2014,2.1013513513513513
RICE_014592,Rice,Kerala,KOLLAM,Autumn,2014,2.516042780748663
RICE_014593,Rice,Kerala,KOLLAM,Summer,2014,2.0
RICE_014594,Rice,Kerala,KOLLAM,Winter,2014,2.31827731092437
RICE_014595,Rice,Kerala,KOTTAYAM,Autumn,2014,2.8373196283850564
RICE_014596,Rice,Kerala,KOTTAYAM,Summer,2014,2.901562165632356
RICE_014597,Rice,Kerala,KOTTAYAM,Winter,2014,2.7408304498269898
RICE_014598,Rice,Kerala,KOZHIKODE,Autumn,2014,1.0
RICE_014599,Rice,Kerala,KOZHIKODE,Summer,2014,2.3303085299455537
RICE_014600,Rice,Kerala,KOZHIKODE,Winter,2014,1.2160421545667448
RICE_014601,Rice,Kerala,MALAPPURAM,Autumn,2014,2.064777327935223
RICE_014602,Rice,Kerala,MALAPPURAM,Summer,2014,3.9056701030927834
RICE_014603,Rice,Kerala,MALAPPURAM,Winter,2014,2.2925603217158175
RICE_014604,Rice,Kerala,PALAKKAD,Autumn,2014,2.5468411334992376
RICE_014605,Rice,Kerala,PALAKKAD,Summer,2014,3.311688311688312
RICE_014606,Rice,Kerala,PALAKKAD,Winter,2014,3.0876861317275823
RICE_014607,Rice,Kerala,PATHANAMTHITTA,Autumn,2014,1.5142857142857142
RICE_014608,Rice,Kerala,PATHANAMTHITTA,Summer,2014,2.9817658349328213
RICE_014609,Rice,Kerala,PATHANAMTHITTA,Winter,2014,2.7610993657505287
RICE_014610,Rice,Kerala,THIRUVANANTHAPURAM,Autumn,2014,2.687435098650052
RICE_014611,Rice,Kerala,THIRUVANANTHAPURAM,Summer,2014,2.6363636363636362
RICE_014612,Rice,Kerala,THIRUVANANTHAPURAM,Winter,2014,2.630639097744361
RICE_014613,Rice,Kerala,THRISSUR,Autumn,2014,2.1934357541899443
RICE_014614,Rice,Kerala,THRISSUR,Summer,2014,3.7051297975406783
RICE_014615,Rice,Kerala,THRISSUR,Winter,2014,3.014808099123602
RICE_014616,Rice,Kerala,WAYANAD,Summer,2014,2.7372473532242543
RICE_014617,Rice,Kerala,WAYANAD,Winter,2014,2.6961044965899896
RICE_014618,Rice,Maharashtra,AHMEDNAGAR,Kharif,2014,0.2558139534883721
RICE_014619,Rice,Maharashtra,AMRAVATI,Kharif,2014,0.3018867924528302
RICE_014620,Rice,Maharashtra,BEED,Kharif,2014,0.25
RICE_014621,Rice,Maharashtra,BHANDARA,Kharif,2014,1.6193001060445387
RICE_014622,Rice,Maharashtra,BHANDARA,Summer,2014,2.289473684210526
RICE_014623,Rice,Maharashtra,CHANDRAPUR,Kharif,2014,0.7524682651622003
RICE_014624,Rice,Maharashtra,CHANDRAPUR,Summer,2014,1.7
RICE_014625,Rice,Maharashtra,DHULE,Kharif,2014,0.0
RICE_014626,Rice,Maharashtra,GADCHIROLI,Kharif,2014,1.3193717277486912
RICE_014627,Rice,Maharashtra,GADCHIROLI,Summer,2014,1.5517241379310345
RICE_014628,Rice,Maharashtra,GONDIA,Kharif,2014,1.9496279336004578
RICE_014629,Rice,Maharashtra,GONDIA,Summer,2014,2.798449612403101
RICE_014630,Rice,Maharashtra,KOLHAPUR,Kharif,2014,3.022542831379621
RICE_014631,Rice,Maharashtra,KOLHAPUR,Summer,2014,3.7777777777777777
RICE_014632,Rice,Maharashtra,LATUR,Kharif,2014,0.1896551724137931
RICE_014633,Rice,Maharashtra,NAGPUR,Kharif,2014,1.2119289340101522
RICE_014634,Rice,Maharashtra,NANDED,Kharif,2014,0.125
RICE_014635,Rice,Maharashtra,NANDURBAR,Kharif,2014,0.4945054945054945
RICE_014636,Rice,Maharashtra,NASHIK,Kharif,2014,1.2176966292134832
RICE_014637,Rice,Maharashtra,OSMANABAD,Kharif,2014,0.19083969465648856
RICE_014638,Rice,Maharashtra,PALGHAR,Kharif,2014,2.517379679144385
RICE_014639,Rice,Maharashtra,PUNE,Kharif,2014,1.6577344701583434
RICE_014640,Rice,Maharashtra,RAIGAD,Kharif,2014,2.759896729776248
RICE_014641,Rice,Maharashtra,RAIGAD,Summer,2014,3.3076923076923075
RICE_014642,Rice,Maharashtra,RATNAGIRI,Kharif,2014,3.0413793103448277
RICE_014643,Rice,Maharashtra,SANGLI,Kharif,2014,2.0258064516129033
RICE_014644,Rice,Maharashtra,SATARA,Kharif,2014,1.7901701323251418
RICE_014645,Rice,Maharashtra,SINDHUDURG,Kharif,2014,3.2997032640949553
RICE_014646,Rice,Maharashtra,SINDHUDURG,Summer,2014,2.076923076923077
RICE_014647,Rice,Maharashtra,SOLAPUR,Kharif,2014,0.25
RICE_014648,Rice,Maharashtra,THANE,Kharif,2014,2.407608695652174
RICE_014649,Rice,Maharashtra,THANE,Summer,2014,2.6785714285714284
RICE_014650,Rice,Meghalaya,EAST GARO HILLS,Autumn,2014,2.4987168520102654
RICE_014651,Rice,Meghalaya,EAST GARO HILLS,Winter,2014,1.8438390877415267
RICE_014652,Rice,Meghalaya,EAST JAINTIA HILLS,Autumn,2014,2.4444444444444446
RICE_014653,Rice,Meghalaya,EAST JAINTIA HILLS,Winter,2014,2.0587422252937113
RICE_014654,Rice,Meghalaya,EAST KHASI HILLS,Autumn,2014,3.188612099644128
RICE_014655,Rice,Meghalaya,EAST KHASI HILLS,Winter,2014,2.269549218031279
RICE_014656,Rice,Meghalaya,NORTH GARO HILLS,Autumn,2014,2.4253955537752856
RICE_014657,Rice,Meghalaya,NORTH GARO HILLS,Winter,2014,2.106319500949281
RICE_014658,Rice,Meghalaya,RI BHOI,Autumn,2014,3.1265822784810124
RICE_014659,Rice,Meghalaya,RI BHOI,Winter,2014,3.3536322483293812
RICE_014660,Rice,Meghalaya,SOUTH GARO HILLS,Autumn,2014,2.1494393476044853
RICE_014661,Rice,Meghalaya,SOUTH GARO HILLS,Winter,2014,2.3386085398626455
RICE_014662,Rice,Meghalaya,SOUTH WEST GARO HILLS,Autumn,2014,2.278167713335796
RICE_014663,Rice,Meghalaya,SOUTH WEST GARO HILLS,Winter,2014,2.8692411924119243
RICE_014664,Rice,Meghalaya,SOUTH WEST KHASI HILLS,Autumn,2014,2.225806451612903
RICE_014665,Rice,Meghalaya,SOUTH WEST KHASI HILLS,Winter,2014,1.8031358885017421
RICE_014666,Rice,Meghalaya,WEST GARO HILLS,Autumn,2014,2.2260231591973834
RICE_014667,Rice,Meghalaya,WEST GARO HILLS,Winter,2014,2.910059901338971
RICE_014668,Rice,Meghalaya,WEST JAINTIA HILLS,Autumn,2014,2.5384615384615383
RICE_014669,Rice,Meghalaya,WEST JAINTIA HILLS,Winter,2014,2.1390151515151516
RICE_014670,Rice,Meghalaya,WEST KHASI HILLS,Autumn,2014,2.4615384615384617
RICE_014671,Rice,Meghalaya,WEST KHASI HILLS,Winter,2014,1.8157190635451506
RICE_014672,Rice,Nagaland,DIMAPUR,Kharif,2014,2.552317880794702
RICE_014673,Rice,Nagaland,DIMAPUR,Rabi,2014,2.676470588235294
RICE_014674,Rice,Nagaland,KIPHIRE,Kharif,2014,2.0435203094777563
RICE_014675,Rice,Nagaland,KOHIMA,Kharif,2014,2.421265141318977
RICE_014676,Rice,Nagaland,LONGLENG,Kharif,2014,2.060522696011004
RICE_014677,Rice,Nagaland,MOKOKCHUNG,Kharif,2014,2.222938144329897
RICE_014678,Rice,Nagaland,MON,Kharif,2014,2.0720403022670024
RICE_014679,Rice,Nagaland,MON,Rabi,2014,2.677165354330709
RICE_014680,Rice,Nagaland,PEREN,Kharif,2014,2.3730964467005076
RICE_014681,Rice,Nagaland,PEREN,Rabi,2014,2.6944444444444446
RICE_014682,Rice,Nagaland,PHEK,Kharif,2014,2.6155365371955233
RICE_014683,Rice,Nagaland,TUENSANG,Kharif,2014,2.1903858317520557
RICE_014684,Rice,Nagaland,WOKHA,Kharif,2014,2.262926292629263
RICE_014685,Rice,Nagaland,ZUNHEBOTO,Kharif,2014,2.0692015209125474
RICE_014686,Rice,Odisha,ANUGUL,Autumn,2014,1.8666666666666667
RICE_014687,Rice,Odisha,ANUGUL,Summer,2014,1.0
RICE_014688,Rice,Odisha,ANUGUL,Winter,2014,2.6133333333333333
RICE_014689,Rice,Odisha,BALANGIR,Autumn,2014,2.684931506849315
RICE_014690,Rice,Odisha,BALANGIR,Summer,2014,2.3333333333333335
RICE_014691,Rice,Odisha,BALANGIR,Winter,2014,3.3692307692307693
RICE_014692,Rice,Odisha,BALESHWAR,Summer,2014,3.6578947368421053
RICE_014693,Rice,Odisha,BALESHWAR,Winter,2014,2.0
RICE_014694,Rice,Odisha,BARGARH,Autumn,2014,1.9298245614035088
RICE_014695,Rice,Odisha,BARGARH,Summer,2014,3.986842105263158
RICE_014696,Rice,Odisha,BARGARH,Winter,2014,2.7873563218390807
RICE_014697,Rice,Odisha,BHADRAK,Summer,2014,1.8333333333333333
RICE_014698,Rice,Odisha,BHADRAK,Winter,2014,1.4050632911392404
RICE_014699,Rice,Odisha,BOUDH,Autumn,2014,1.4
RICE_014700,Rice,Odisha,BOUDH,Summer,2014,3.0
RICE_014701,Rice,Odisha,BOUDH,Winter,2014,2.3962264150943398
RICE_014702,Rice,Odisha,CUTTACK,Autumn,2014,2.0
RICE_014703,Rice,Odisha,CUTTACK,Summer,2014,3.0
RICE_014704,Rice,Odisha,CUTTACK,Winter,2014,2.5083333333333333
RICE_014705,Rice,Odisha,DEOGARH,Autumn,2014,2.35
RICE_014706,Rice,Odisha,DEOGARH,Winter,2014,3.4827586206896552
RICE_014707,Rice,Odisha,DHENKANAL,Autumn,2014,2.0
RICE_014708,Rice,Odisha,DHENKANAL,Winter,2014,3.391304347826087
RICE_014709,Rice,Odisha,GAJAPATI,Winter,2014,1.4864864864864864
RICE_014710,Rice,Odisha,GANJAM,Summer,2014,2.0
RICE_014711,Rice,Odisha,GANJAM,Winter,2014,2.7083333333333335
RICE_014712,Rice,Odisha,JAGATSINGHAPUR,Autumn,2014,1.5
RICE_014713,Rice,Odisha,JAGATSINGHAPUR,Summer,2014,4.0
RICE_014714,Rice,Odisha,JAGATSINGHAPUR,Winter,2014,2.1707317073170733
RICE_014715,Rice,Odisha,JAJAPUR,Autumn,2014,1.0
RICE_014716,Rice,Odisha,JAJAPUR,Summer,2014,2.5
RICE_014717,Rice,Odisha,JAJAPUR,Winter,2014,1.9385964912280702
RICE_014718,Rice,Odisha,JHARSUGUDA,Autumn,2014,0.9565217391304348
RICE_014719,Rice,Odisha,JHARSUGUDA,Winter,2014,1.6521739130434783
RICE_014720,Rice,Odisha,KALAHANDI,Autumn,2014,1.6666666666666667
RICE_014721,Rice,Odisha,KALAHANDI,Summer,2014,2.7954545454545454
RICE_014722,Rice,Odisha,KALAHANDI,Winter,2014,2.431654676258993
RICE_014723,Rice,Odisha,KANDHAMAL,Autumn,2014,1.2222222222222223
RICE_014724,Rice,Odisha,KANDHAMAL,Summer,2014,1.0
RICE_014725,Rice,Odisha,KANDHAMAL,Winter,2014,2.0277777777777777
RICE_014726,Rice,Odisha,KENDRAPARA,Autumn,2014,1.5
RICE_014727,Rice,Odisha,KENDRAPARA,Summer,2014,2.0
RICE_014728,Rice,Odisha,KENDRAPARA,Winter,2014,1.4227642276422765
RICE_014729,Rice,Odisha,KENDUJHAR,Autumn,2014,1.588235294117647
RICE_014730,Rice,Odisha,KENDUJHAR,Summer,2014,2.5
RICE_014731,Rice,Odisha,KENDUJHAR,Winter,2014,2.5285714285714285
RICE_014732,Rice,Odisha,KHORDHA,Summer,2014,4.0
RICE_014733,Rice,Odisha,KHORDHA,Winter,2014,2.1683168316831685
RICE_014734,Rice,Odisha,KORAPUT,Autumn,2014,1.15
RICE_014735,Rice,Odisha,KORAPUT,Summer,2014,2.44
RICE_014736,Rice,Odisha,KORAPUT,Winter,2014,2.1222222222222222
RICE_014737,Rice,Odisha,MALKANGIRI,Autumn,2014,1.2222222222222223
RICE_014738,Rice,Odisha,MALKANGIRI,Summer,2014,2.0
RICE_014739,Rice,Odisha,MALKANGIRI,Winter,2014,1.7741935483870968
RICE_014740,Rice,Odisha,MAYURBHANJ,Autumn,2014,1.5555555555555556
RICE_014741,Rice,Odisha,MAYURBHANJ,Summer,2014,2.0
RICE_014742,Rice,Odisha,MAYURBHANJ,Winter,2014,2.2572463768115942
RICE_014743,Rice,Odisha,NABARANGPUR,Autumn,2014,1.56
RICE_014744,Rice,Odisha,NABARANGPUR,Winter,2014,2.4836065573770494
RICE_014745,Rice,Odisha,NAYAGARH,Autumn,2014,1.0
RICE_014746,Rice,Odisha,NAYAGARH,Summer,2014,1.0
RICE_014747,Rice,Odisha,NAYAGARH,Winter,2014,2.111111111111111
RICE_014748,Rice,Odisha,NUAPADA,Autumn,2014,1.5483870967741935
RICE_014749,Rice,Odisha,NUAPADA,Summer,2014,2.6666666666666665
RICE_014750,Rice,Odisha,NUAPADA,Winter,2014,2.396551724137931
RICE_014751,Rice,Odisha,PURI,Summer,2014,3.064516129032258
RICE_014752,Rice,Odisha,PURI,Winter,2014,1.82
RICE_014753,Rice,Odisha,RAYAGADA,Autumn,2014,1.1666666666666667
RICE_014754,Rice,Odisha,RAYAGADA,Summer,2014,3.0
RICE_014755,Rice,Odisha,RAYAGADA,Winter,2014,2.9814814814814814
RICE_014756,Rice,Odisha,SAMBALPUR,Autumn,2014,1.425531914893617
RICE_014757,Rice,Odisha,SAMBALPUR,Summer,2014,3.7916666666666665
RICE_014758,Rice,Odisha,SAMBALPUR,Winter,2014,2.5728155339805827
RICE_014759,Rice,Odisha,SONEPUR,Autumn,2014,2.1176470588235294
RICE_014760,Rice,Odisha,SONEPUR,Summer,2014,3.925925925925926
RICE_014761,Rice,Odisha,SONEPUR,Winter,2014,3.4523809523809526
RICE_014762,Rice,Odisha,SUNDARGARH,Autumn,2014,1.948051948051948
RICE_014763,Rice,Odisha,SUNDARGARH,Summer,2014,2.0
RICE_014764,Rice,Odisha,SUNDARGARH,Winter,2014,2.9237288135593222
RICE_014765,Rice,Puducherry,KARAIKAL,Kharif,2014,2.1869565217391305
RICE_014766,Rice,Puducherry,KARAIKAL,Rabi,2014,2.281068524970964
RICE_014767,Rice,Puducherry,PONDICHERRY,Kharif,2014,3.4129843643779743
RICE_014768,Rice,Puducherry,PONDICHERRY,Rabi,2014,3.4610751728753066
RICE_014769,Rice,Puducherry,PONDICHERRY,Summer,2014,3.624968789013733
RICE_014770,Rice,Puducherry,YANAM,Kharif,2014,3.211618257261411
RICE_014771,Rice,Puducherry,YANAM,Rabi,2014,4.779816513761468
RICE_014772,Rice,Punjab,AMRITSAR,Kharif,2014,2.7747252747252746
RICE_014773,Rice,Punjab,BARNALA,Kharif,2014,4.694444444444445
RICE_014774,Rice,Punjab,BATHINDA,Kharif,2014,4.445378151260504
RICE_014775,Rice,Punjab,FARIDKOT,Kharif,2014,3.9716981132075473
RICE_014776,Rice,Punjab,FATEHGARH SAHIB,Kharif,2014,4.348837209302325
RICE_014777,Rice,Punjab,FAZILKA,Kharif,2014,3.0618556701030926
RICE_014778,Rice,Punjab,FIROZEPUR,Kharif,2014,3.878306878306878
RICE_014779,Rice,Punjab,GURDASPUR,Kharif,2014,2.61271676300578
RICE_014780,Rice,Punjab,HOSHIARPUR,Kharif,2014,3.436619718309859
RICE_014781,Rice,Punjab,JALANDHAR,Kharif,2014,3.688622754491018
RICE_014782,Rice,Punjab,KAPURTHALA,Kharif,2014,3.752136752136752
RICE_014783,Rice,Punjab,LUDHIANA,Kharif,2014,4.35408560311284
RICE_014784,Rice,Punjab,MANSA,Kharif,2014,3.6097560975609757
RICE_014785,Rice,Punjab,MOGA,Kharif,2014,4.604519774011299
RICE_014786,Rice,Punjab,MUKTSAR,Kharif,2014,3.8074074074074074
RICE_014787,Rice,Punjab,NAWANSHAHR,Kharif,2014,3.9649122807017543
RICE_014788,Rice,Punjab,PATHANKOT,Kharif,2014,2.4827586206896552
RICE_014789,Rice,Punjab,PATIALA,Kharif,2014,3.9304347826086956
RICE_014790,Rice,Punjab,RUPNAGAR,Kharif,2014,3.5833333333333335
RICE_014791,Rice,Punjab,S.A.S NAGAR,Kharif,2014,3.2413793103448274
RICE_014792,Rice,Punjab,SANGRUR,Kharif,2014,4.726937269372693
RICE_014793,Rice,Punjab,TARN TARAN,Kharif,2014,3.0681818181818183
RICE_014794,Rice,Sikkim,EAST DISTRICT,Kharif,2014,1.8049281314168377
RICE_014795,Rice,Sikkim,NORTH DISTRICT,Kharif,2014,1.4343434343434343
RICE_014796,Rice,Sikkim,SOUTH DISTRICT,Kharif,2014,1.9073170731707316
RICE_014797,Rice,Sikkim,WEST DISTRICT,Kharif,2014,1.900958466453674
RICE_014798,Rice,Telangana,ADILABAD,Kharif,2014,2.2448453608247423
RICE_014799,Rice,Telangana,ADILABAD,Rabi,2014,3.223992569305516
RICE_014800,Rice,Telangana,KARIMNAGAR,Kharif,2014,3.525931214511217
RICE_014801,Rice,Telangana,KARIMNAGAR,Rabi,2014,3.6189952698409495
RICE_014802,Rice,Telangana,KHAMMAM,Kharif,2014,2.9739041461802445
RICE_014803,Rice,Telangana,KHAMMAM,Rabi,2014,3.621990983583317
RICE_014804,Rice,Telangana,MAHBUBNAGAR,Kharif,2014,2.536854683653483
RICE_014805,Rice,Telangana,MAHBUBNAGAR,Rabi,2014,2.743996118703
RICE_014806,Rice,Telangana,MEDAK,Kharif,2014,3.1675114553343335
RICE_014807,Rice,Telangana,MEDAK,Rabi,2014,3.4879978325657004
RICE_014808,Rice,Telangana,NALGONDA,Kharif,2014,3.098000653675799
RICE_014809,Rice,Telangana,NALGONDA,Rabi,2014,3.3689974437522703
RICE_014810,Rice,Telangana,NIZAMABAD,Kharif,2014,3.5970007204675034
RICE_014811,Rice,Telangana,NIZAMABAD,Rabi,2014,3.802005453425983
RICE_014812,Rice,Telangana,RANGAREDDI,Kharif,2014,2.5349960112524665
RICE_014813,Rice,Telangana,RANGAREDDI,Rabi,2014,2.7869859918662447
RICE_014814,Rice,Telangana,WARANGAL,Kharif,2014,2.9530335549390148
RICE_014815,Rice,Telangana,WARANGAL,Rabi,2014,3.3419943216037167
RICE_014816,Rice,Tripura,DHALAI,Kharif,2014,2.5672677697217576
RICE_014817,Rice,Tripura,GOMATI,Kharif,2014,3.070638978548373
RICE_014818,Rice,Tripura,KHOWAI,Kharif,2014,2.871177451777084
RICE_014819,Rice,Tripura,NORTH TRIPURA,Kharif,2014,2.552738865217791
RICE_014820,Rice,Tripura,SEPAHIJALA,Kharif,2014,3.1346382340066286
RICE_014821,Rice,Tripura,SOUTH TRIPURA,Kharif,2014,3.00243908159197
RICE_014822,Rice,Tripura,UNAKOTI,Kharif,2014,2.932556297385991
RICE_014823,Rice,Tripura,WEST TRIPURA,Kharif,2014,2.9556420233463037
RICE_014824,Rice,Uttar Pradesh,AGRA,Kharif,2014,2.3840023612750887
RICE_014825,Rice,Uttar Pradesh,ALIGARH,Kharif,2014,2.233996903339969
RICE_014826,Rice,Uttar Pradesh,ALLAHABAD,Kharif,2014,2.1000006692589297
RICE_014827,Rice,Uttar Pradesh,AMBEDKAR NAGAR,Kharif,2014,2.4510020487829554
RICE_014828,Rice,Uttar Pradesh,AMETHI,Kharif,2014,1.5180040043123364
RICE_014829,Rice,Uttar Pradesh,AMROHA,Kharif,2014,2.663006829774358
RICE_014830,Rice,Uttar Pradesh,AMROHA,Summer,2014,2.6153846153846154
RICE_014831,Rice,Uttar Pradesh,AURAIYA,Kharif,2014,3.155007892093557
RICE_014832,Rice,Uttar Pradesh,AZAMGARH,Kharif,2014,1.9769992240821188
RICE_014833,Rice,Uttar Pradesh,BAGHPAT,Kharif,2014,2.506042817679558
RICE_014834,Rice,Uttar Pradesh,BAHRAICH,Kharif,2014,2.224999848713154
RICE_014835,Rice,Uttar Pradesh,BALLIA,Kharif,2014,2.056996341782075
RICE_014836,Rice,Uttar Pradesh,BALRAMPUR,Kharif,2014,1.834999537165602
RICE_014837,Rice,Uttar Pradesh,BANDA,Kharif,2014,1.785009260268003
RICE_014838,Rice,Uttar Pradesh,BARABANKI,Kharif,2014,2.76000083383711
RICE_014839,Rice,Uttar Pradesh,BAREILLY,Kharif,2014,2.0589999384198534
RICE_014840,Rice,Uttar Pradesh,BAREILLY,Summer,2014,2.0590500641848526
RICE_014841,Rice,Uttar Pradesh,BASTI,Kharif,2014,1.9440035273368608
RICE_014842,Rice,Uttar Pradesh,BIJNOR,Kharif,2014,2.615998684739323
RICE_014843,Rice,Uttar Pradesh,BIJNOR,Summer,2014,2.611940298507463
RICE_014844,Rice,Uttar Pradesh,BUDAUN,Kharif,2014,2.0530021417493414
RICE_014845,Rice,Uttar Pradesh,BUDAUN,Summer,2014,2.0606060606060606
RICE_014846,Rice,Uttar Pradesh,BULANDSHAHR,Kharif,2014,2.561001905292997
RICE_014847,Rice,Uttar Pradesh,BULANDSHAHR,Summer,2014,3.0
RICE_014848,Rice,Uttar Pradesh,CHANDAULI,Kharif,2014,2.961003138462738
RICE_014849,Rice,Uttar Pradesh,CHITRAKOOT,Kharif,2014,1.007976622966356
RICE_014850,Rice,Uttar Pradesh,DEORIA,Kharif,2014,2.0089997893025915
RICE_014851,Rice,Uttar Pradesh,DEORIA,Summer,2014,2.0
RICE_014852,Rice,Uttar Pradesh,ETAH,Kharif,2014,2.208013593510195
RICE_014853,Rice,Uttar Pradesh,ETAWAH,Kharif,2014,2.5859992045002556
RICE_014854,Rice,Uttar Pradesh,FAIZABAD,Kharif,2014,2.1969953270039966
RICE_014855,Rice,Uttar Pradesh,FARRUKHABAD,Kharif,2014,2.7910084033613445
RICE_014856,Rice,Uttar Pradesh,FATEHPUR,Kharif,2014,1.9459988600034694
RICE_014857,Rice,Uttar Pradesh,FIROZABAD,Kharif,2014,2.4280200694712466
RICE_014858,Rice,Uttar Pradesh,GAUTAM BUDDHA NAGAR,Kharif,2014,2.783988988544534
RICE_014859,Rice,Uttar Pradesh,GHAZIABAD,Kharif,2014,2.7430057803468206
RICE_014860,Rice,Uttar Pradesh,GHAZIPUR,Kharif,2014,2.153000226818757
RICE_014861,Rice,Uttar Pradesh,GONDA,Kharif,2014,2.069997175435206
RICE_014862,Rice,Uttar Pradesh,GORAKHPUR,Kharif,2014,2.210003214569215
RICE_014863,Rice,Uttar Pradesh,GORAKHPUR,Summer,2014,2.2115384615384617
RICE_014864,Rice,Uttar Pradesh,HAMIRPUR,Kharif,2014,1.6097560975609757
RICE_014865,Rice,Uttar Pradesh,HAPUR,Kharif,2014,2.951005326551178
RICE_014866,Rice,Uttar Pradesh,HARDOI,Kharif,2014,1.9650030945816688
RICE_014867,Rice,Uttar Pradesh,HARDOI,Summer,2014,1.96
RICE_014868,Rice,Uttar Pradesh,HATHRAS,Kharif,2014,1.933005260478534
RICE_014869,Rice,Uttar Pradesh,JALAUN,Kharif,2014,1.7485265225933202
RICE_014870,Rice,Uttar Pradesh,JAUNPUR,Kharif,2014,2.413998632751303
RICE_014871,Rice,Uttar Pradesh,JHANSI,Kharif,2014,1.8450469238790406
RICE_014872,Rice,Uttar Pradesh,JHANSI,Summer,2014,2.0
RICE_014873,Rice,Uttar Pradesh,KANNAUJ,Kharif,2014,2.379015767710274
RICE_014874,Rice,Uttar Pradesh,KANPUR DEHAT,Kharif,2014,2.4730093567563243
RICE_014875,Rice,Uttar Pradesh,KANPUR NAGAR,Kharif,2014,2.315986747431478
RICE_014876,Rice,Uttar Pradesh,KASGANJ,Kharif,2014,2.3890107594275567
RICE_014877,Rice,Uttar Pradesh,KAUSHAMBI,Kharif,2014,2.163011290024061
RICE_014878,Rice,Uttar Pradesh,KHERI,Kharif,2014,2.7240014671531436
RICE_014879,Rice,Uttar Pradesh,KHERI,Summer,2014,2.7239297475301867
RICE_014880,Rice,Uttar Pradesh,KUSHI NAGAR,Kharif,2014,2.1419970445429595
RICE_014881,Rice,Uttar Pradesh,LALITPUR,Kharif,2014,0.7796257796257796
RICE_014882,Rice,Uttar Pradesh,LUCKNOW,Kharif,2014,2.3250009237704616
RICE_014883,Rice,Uttar Pradesh,MAHARAJGANJ,Kharif,2014,2.453001555960293
RICE_014884,Rice,Uttar Pradesh,MAHARAJGANJ,Summer,2014,2.4545454545454546
RICE_014885,Rice,Uttar Pradesh,MAHOBA,Kharif,2014,1.5833333333333333
RICE_014886,Rice,Uttar Pradesh,MAINPURI,Kharif,2014,2.607999890674538
RICE_014887,Rice,Uttar Pradesh,MAINPURI,Summer,2014,2.6031746031746033
RICE_014888,Rice,Uttar Pradesh,MATHURA,Kharif,2014,2.322995951417004
RICE_014889,Rice,Uttar Pradesh,MAU,Kharif,2014,1.757002494638715
RICE_014890,Rice,Uttar Pradesh,MEERUT,Kharif,2014,2.965021429558966
RICE_014891,Rice,Uttar Pradesh,MEERUT,Summer,2014,2.962962962962963
RICE_014892,Rice,Uttar Pradesh,MIRZAPUR,Kharif,2014,2.3150051767490014
RICE_014893,Rice,Uttar Pradesh,MORADABAD,Kharif,2014,2.3419951327131714
RICE_014894,Rice,Uttar Pradesh,MORADABAD,Summer,2014,2.342391304347826
RICE_014895,Rice,Uttar Pradesh,MUZAFFARNAGAR,Kharif,2014,2.412018374425799
RICE_014896,Rice,Uttar Pradesh,MUZAFFARNAGAR,Summer,2014,2.4128440366972477
RICE_014897,Rice,Uttar Pradesh,PILIBHIT,Kharif,2014,2.6260039310041003
RICE_014898,Rice,Uttar Pradesh,PILIBHIT,Summer,2014,2.6260385282570984
RICE_014899,Rice,Uttar Pradesh,PRATAPGARH,Kharif,2014,2.263003754453012
RICE_014900,Rice,Uttar Pradesh,RAE BARELI,Kharif,2014,2.3639965084267778
RICE_014901,Rice,Uttar Pradesh,RAMPUR,Kharif,2014,2.2600019342983333
RICE_014902,Rice,Uttar Pradesh,RAMPUR,Summer,2014,2.2600417924309264
RICE_014903,Rice,Uttar Pradesh,SAHARANPUR,Kharif,2014,2.487993989001151
RICE_014904,Rice,Uttar Pradesh,SAMBHAL,Kharif,2014,2.1889903023388477
RICE_014905,Rice,Uttar Pradesh,SANT KABEER NAGAR,Kharif,2014,1.7879957764139114
RICE_014906,Rice,Uttar Pradesh,SANT KABEER NAGAR,Summer,2014,1.7833333333333334
RICE_014907,Rice,Uttar Pradesh,SANT RAVIDAS NAGAR,Kharif,2014,2.214002358743433
RICE_014908,Rice,Uttar Pradesh,SHAHJAHANPUR,Kharif,2014,2.8050023045315915
RICE_014909,Rice,Uttar Pradesh,SHAHJAHANPUR,Summer,2014,2.80498233872467
RICE_014910,Rice,Uttar Pradesh,SHAMLI,Kharif,2014,2.64501897114621
RICE_014911,Rice,Uttar Pradesh,SHAMLI,Summer,2014,2.6459143968871595
RICE_014912,Rice,Uttar Pradesh,SHRAVASTI,Kharif,2014,2.1749990619019623
RICE_014913,Rice,Uttar Pradesh,SIDDHARTH NAGAR,Kharif,2014,2.4300016431539166
RICE_014914,Rice,Uttar Pradesh,SITAPUR,Kharif,2014,2.3330022908949113
RICE_014915,Rice,Uttar Pradesh,SITAPUR,Summer,2014,2.3333333333333335
RICE_014916,Rice,Uttar Pradesh,SONBHADRA,Kharif,2014,1.776999932032896
RICE_014917,Rice,Uttar Pradesh,SULTANPUR,Kharif,2014,1.780994794543083
RICE_014918,Rice,Uttar Pradesh,UNNAO,Kharif,2014,1.678000725877534
RICE_014919,Rice,Uttar Pradesh,UNNAO,Summer,2014,2.0
RICE_014920,Rice,Uttar Pradesh,VARANASI,Kharif,2014,2.322009940267202
RICE_014921,Rice,Uttarakhand,ALMORA,Kharif,2014,1.1703852754926911
RICE_014922,Rice,Uttarakhand,ALMORA,Whole Year,2014,1.1703852754926911
RICE_014923,Rice,Uttarakhand,BAGESHWAR,Kharif,2014,1.5168316831683168
RICE_014924,Rice,Uttarakhand,BAGESHWAR,Whole Year,2014,1.5168316831683168
RICE_014925,Rice,Uttarakhand,CHAMOLI,Kharif,2014,1.2795383932534399
RICE_014926,Rice,Uttarakhand,CHAMOLI,Whole Year,2014,1.2795383932534399
RICE_014927,Rice,Uttarakhand,CHAMPAWAT,Kharif,2014,1.2976869455006337
RICE_014928,Rice,Uttarakhand,CHAMPAWAT,Whole Year,2014,1.2976869455006337
RICE_014929,Rice,Uttarakhand,DEHRADUN,Kharif,2014,1.9252641899989105
RICE_014930,Rice,Uttarakhand,DEHRADUN,Whole Year,2014,1.9252641899989105
RICE_014931,Rice,Uttarakhand,HARIDWAR,Kharif,2014,2.222256449749711
RICE_014932,Rice,Uttarakhand,HARIDWAR,Summer,2014,3.1458333333333335
RICE_014933,Rice,Uttarakhand,HARIDWAR,Whole Year,2014,2.2256579452159904
RICE_014934,Rice,Uttarakhand,NAINITAL,Kharif,2014,2.806242993877727
RICE_014935,Rice,Uttarakhand,NAINITAL,Summer,2014,3.1479591836734695
RICE_014936,Rice,Uttarakhand,NAINITAL,Whole Year,2014,2.8119223268040363
RICE_014937,Rice,Uttarakhand,PAURI GARHWAL,Kharif,2014,1.1917479060826583
RICE_014938,Rice,Uttarakhand,PAURI GARHWAL,Whole Year,2014,1.1917479060826583
RICE_014939,Rice,Uttarakhand,PITHORAGARH,Kharif,2014,1.2691868262878148
RICE_014940,Rice,Uttarakhand,PITHORAGARH,Whole Year,2014,1.2691868262878148
RICE_014941,Rice,Uttarakhand,RUDRA PRAYAG,Kharif,2014,1.3053443649373881
RICE_014942,Rice,Uttarakhand,RUDRA PRAYAG,Whole Year,2014,1.3053443649373881
RICE_014943,Rice,Uttarakhand,TEHRI GARHWAL,Kharif,2014,1.6814276857674253
RICE_014944,Rice,Uttarakhand,TEHRI GARHWAL,Whole Year,2014,1.6814276857674253
RICE_014945,Rice,Uttarakhand,UDAM SINGH NAGAR,Kharif,2014,3.2559370134605152
RICE_014946,Rice,Uttarakhand,UDAM SINGH NAGAR,Summer,2014,3.1469958847736628
RICE_014947,Rice,Uttarakhand,UDAM SINGH NAGAR,Whole Year,2014,3.244288580681498
RICE_014948,Rice,Uttarakhand,UTTAR KASHI,Kharif,2014,1.6633733239237827
RICE_014949,Rice,Uttarakhand,UTTAR KASHI,Whole Year,2014,1.6633733239237827
RICE_014950,Rice,West Bengal,24 PARAGANAS NORTH,Autumn,2014,2.703010833963215
RICE_014951,Rice,West Bengal,24 PARAGANAS NORTH,Summer,2014,3.374270078140427
RICE_014952,Rice,West Bengal,24 PARAGANAS NORTH,Winter,2014,2.873518069358289
RICE_014953,Rice,West Bengal,24 PARAGANAS SOUTH,Autumn,2014,2.5267326732673268
RICE_014954,Rice,West Bengal,24 PARAGANAS SOUTH,Summer,2014,3.3352946744068652
RICE_014955,Rice,West Bengal,24 PARAGANAS SOUTH,Winter,2014,2.4409786759487684
RICE_014956,Rice,West Bengal,BANKURA,Autumn,2014,3.169047838510462
RICE_014957,Rice,West Bengal,BANKURA,Summer,2014,3.0030608435983575
RICE_014958,Rice,West Bengal,BANKURA,Winter,2014,2.7012413155497548
RICE_014959,Rice,West Bengal,BARDHAMAN,Autumn,2014,3.3612668586149415
RICE_014960,Rice,West Bengal,BARDHAMAN,Summer,2014,3.264402696533504
RICE_014961,Rice,West Bengal,BARDHAMAN,Winter,2014,3.242240611318346
RICE_014962,Rice,West Bengal,BIRBHUM,Autumn,2014,2.6
RICE_014963,Rice,West Bengal,BIRBHUM,Summer,2014,3.3911926825971372
RICE_014964,Rice,West Bengal,BIRBHUM,Winter,2014,3.2620444224729925
RICE_014965,Rice,West Bengal,COOCHBEHAR,Autumn,2014,1.7562962962962962
RICE_014966,Rice,West Bengal,COOCHBEHAR,Summer,2014,3.5032152627278217
RICE_014967,Rice,West Bengal,COOCHBEHAR,Winter,2014,2.376348792421883
RICE_014968,Rice,West Bengal,DARJEELING,Autumn,2014,2.0864450127877237
RICE_014969,Rice,West Bengal,DARJEELING,Summer,2014,2.2671503957783643
RICE_014970,Rice,West Bengal,DARJEELING,Winter,2014,2.0985811682329096
RICE_014971,Rice,West Bengal,DINAJPUR DAKSHIN,Autumn,2014,1.9524886877828054
RICE_014972,Rice,West Bengal,DINAJPUR DAKSHIN,Summer,2014,3.3579715345054417
RICE_014973,Rice,West Bengal,DINAJPUR DAKSHIN,Winter,2014,2.8296756366837426
RICE_014974,Rice,West Bengal,DINAJPUR UTTAR,Autumn,2014,2.0870020964360587
RICE_014975,Rice,West Bengal,DINAJPUR UTTAR,Summer,2014,3.5003324556504163
RICE_014976,Rice,West Bengal,DINAJPUR UTTAR,Winter,2014,2.592393056899178
RICE_014977,Rice,West Bengal,HOOGHLY,Autumn,2014,2.9390937144713334
RICE_014978,Rice,West Bengal,HOOGHLY,Summer,2014,3.277989805910563
RICE_014979,Rice,West Bengal,HOOGHLY,Winter,2014,3.0535272130837288
RICE_014980,Rice,West Bengal,HOWRAH,Autumn,2014,2.9220733427362484
RICE_014981,Rice,West Bengal,HOWRAH,Summer,2014,3.1174981590574373
RICE_014982,Rice,West Bengal,HOWRAH,Winter,2014,2.4855060227400654
RICE_014983,Rice,West Bengal,JALPAIGURI,Autumn,2014,2.192566597543468
RICE_014984,Rice,West Bengal,JALPAIGURI,Summer,2014,2.5983142367970498
RICE_014985,Rice,West Bengal,JALPAIGURI,Winter,2014,2.459692778596531
RICE_014986,Rice,West Bengal,MALDAH,Autumn,2014,2.3336738168198843
RICE_014987,Rice,West Bengal,MALDAH,Summer,2014,4.06966322196582
RICE_014988,Rice,West Bengal,MALDAH,Winter,2014,3.2331200735216146
RICE_014989,Rice,West Bengal,MEDINIPUR EAST,Autumn,2014,2.2542518694990403
RICE_014990,Rice,West Bengal,MEDINIPUR EAST,Summer,2014,3.5248124440773627
RICE_014991,Rice,West Bengal,MEDINIPUR EAST,Winter,2014,2.150088166761131
RICE_014992,Rice,West Bengal,MEDINIPUR WEST,Autumn,2014,2.422980598050753
RICE_014993,Rice,West Bengal,MEDINIPUR WEST,Summer,2014,2.9620432741375793
RICE_014994,Rice,West Bengal,MEDINIPUR WEST,Winter,2014,2.7176710324226923
RICE_014995,Rice,West Bengal,MURSHIDABAD,Autumn,2014,2.577437753647033
RICE_014996,Rice,West Bengal,MURSHIDABAD,Summer,2014,3.6136960096123443
RICE_014997,Rice,West Bengal,MURSHIDABAD,Winter,2014,3.081659318061405
RICE_014998,Rice,West Bengal,NADIA,Autumn,2014,2.6794895058368113
RICE_014999,Rice,West Bengal,NADIA,Summer,2014,3.81360519300816
RICE_015000,Rice,West Bengal,NADIA,Winter,2014,2.876246538125375
RICE_015001,Rice,West Bengal,PURULIA,Autumn,2014,2.731060606060606
RICE_015002,Rice,West Bengal,PURULIA,Summer,2014,2.6176470588235294
RICE_015003,Rice,West Bengal,PURULIA,Winter,2014,2.1418479604228535
RICE_015004,Rice,Odisha,ANUGUL,Autumn,2015,1.0
RICE_015005,Rice,Odisha,ANUGUL,Winter,2015,0.7611940298507462
RICE_015006,Rice,Odisha,BALANGIR,Autumn,2015,0.6621621621621622
RICE_015007,Rice,Odisha,BALANGIR,Summer,2015,3.0
RICE_015008,Rice,Odisha,BALANGIR,Winter,2015,1.1025641025641026
RICE_015009,Rice,Odisha,BALESHWAR,Summer,2015,3.206896551724138
RICE_015010,Rice,Odisha,BALESHWAR,Winter,2015,1.4739583333333333
RICE_015011,Rice,Odisha,BARGARH,Autumn,2015,0.3870967741935484
RICE_015012,Rice,Odisha,BARGARH,Summer,2015,4.123287671232877
RICE_015013,Rice,Odisha,BARGARH,Winter,2015,1.552325581395349
RICE_015014,Rice,Odisha,BHADRAK,Summer,2015,2.5
RICE_015015,Rice,Odisha,BHADRAK,Winter,2015,2.5125
RICE_015016,Rice,Odisha,BOUDH,Autumn,2015,0.6
RICE_015017,Rice,Odisha,BOUDH,Summer,2015,2.0
RICE_015018,Rice,Odisha,BOUDH,Winter,2015,0.9454545454545454
RICE_015019,Rice,Odisha,CUTTACK,Autumn,2015,1.5
RICE_015020,Rice,Odisha,CUTTACK,Summer,2015,2.0
RICE_015021,Rice,Odisha,CUTTACK,Winter,2015,2.0254237288135593
RICE_015022,Rice,Odisha,DEOGARH,Autumn,2015,1.2142857142857142
RICE_015023,Rice,Odisha,DEOGARH,Winter,2015,0.9090909090909091
RICE_015024,Rice,Odisha,DHENKANAL,Autumn,2015,1.2
RICE_015025,Rice,Odisha,DHENKANAL,Winter,2015,1.617283950617284
RICE_015026,Rice,Odisha,GAJAPATI,Summer,2015,1.0
RICE_015027,Rice,Odisha,GAJAPATI,Winter,2015,0.9722222222222222
RICE_015028,Rice,Odisha,GANJAM,Winter,2015,1.921487603305785
RICE_015029,Rice,Odisha,JAGATSINGHAPUR,Autumn,2015,2.0
RICE_015030,Rice,Odisha,JAGATSINGHAPUR,Winter,2015,2.5569620253164556
RICE_015031,Rice,Odisha,JAJAPUR,Autumn,2015,1.125
RICE_015032,Rice,Odisha,JAJAPUR,Summer,2015,2.0
RICE_015033,Rice,Odisha,JAJAPUR,Winter,2015,1.2473118279569892
RICE_015034,Rice,Odisha,JHARSUGUDA,Autumn,2015,0.6111111111111112
RICE_015035,Rice,Odisha,JHARSUGUDA,Winter,2015,1.1428571428571428
RICE_015036,Rice,Odisha,KALAHANDI,Autumn,2015,0.7073170731707317
RICE_015037,Rice,Odisha,KALAHANDI,Summer,2015,2.5625
RICE_015038,Rice,Odisha,KALAHANDI,Winter,2015,1.0704225352112675
RICE_015039,Rice,Odisha,KANDHAMAL,Autumn,2015,0.5
RICE_015040,Rice,Odisha,KANDHAMAL,Winter,2015,0.9230769230769231
RICE_015041,Rice,Odisha,KENDRAPARA,Autumn,2015,2.0
RICE_015042,Rice,Odisha,KENDRAPARA,Summer,2015,2.0
RICE_015043,Rice,Odisha,KENDRAPARA,Winter,2015,1.8362068965517242
RICE_015044,Rice,Odisha,KENDUJHAR,Autumn,2015,0.72
RICE_015045,Rice,Odisha,KENDUJHAR,Summer,2015,4.0
RICE_015046,Rice,Odisha,KENDUJHAR,Winter,2015,1.178343949044586
RICE_015047,Rice,Odisha,KHORDHA,Summer,2015,4.0
RICE_015048,Rice,Odisha,KHORDHA,Winter,2015,1.4081632653061225
RICE_015049,Rice,Odisha,KORAPUT,Autumn,2015,1.0
RICE_015050,Rice,Odisha,KORAPUT,Summer,2015,2.56
RICE_015051,Rice,Odisha,KORAPUT,Winter,2015,1.9404761904761905
RICE_015052,Rice,Odisha,MALKANGIRI,Autumn,2015,0.9
RICE_015053,Rice,Odisha,MALKANGIRI,Summer,2015,2.3333333333333335
RICE_015054,Rice,Odisha,MALKANGIRI,Winter,2015,1.3953488372093024
RICE_015055,Rice,Odisha,MAYURBHANJ,Autumn,2015,0.8918918918918919
RICE_015056,Rice,Odisha,MAYURBHANJ,Summer,2015,2.0
RICE_015057,Rice,Odisha,MAYURBHANJ,Winter,2015,0.9856115107913669
RICE_015058,Rice,Odisha,NABARANGPUR,Autumn,2015,0.8095238095238095
RICE_015059,Rice,Odisha,NABARANGPUR,Summer,2015,2.0
RICE_015060,Rice,Odisha,NABARANGPUR,Winter,2015,1.3275862068965518
RICE_015061,Rice,Odisha,NAYAGARH,Winter,2015,0.8555555555555555
RICE_015062,Rice,Odisha,NUAPADA,Autumn,2015,0.3333333333333333
RICE_015063,Rice,Odisha,NUAPADA,Summer,2015,3.0
RICE_015064,Rice,Odisha,NUAPADA,Winter,2015,0.8666666666666667
RICE_015065,Rice,Odisha,PURI,Summer,2015,2.814814814814815
RICE_015066,Rice,Odisha,PURI,Winter,2015,1.8952380952380952
RICE_015067,Rice,Odisha,RAYAGADA,Autumn,2015,0.6
RICE_015068,Rice,Odisha,RAYAGADA,Summer,2015,2.0
RICE_015069,Rice,Odisha,RAYAGADA,Winter,2015,1.2
RICE_015070,Rice,Odisha,SAMBALPUR,Autumn,2015,0.5714285714285714
RICE_015071,Rice,Odisha,SAMBALPUR,Summer,2015,3.625
RICE_015072,Rice,Odisha,SAMBALPUR,Winter,2015,1.0769230769230769
RICE_015073,Rice,Odisha,SONEPUR,Autumn,2015,0.5294117647058824
RICE_015074,Rice,Odisha,SONEPUR,Summer,2015,3.896551724137931
RICE_015075,Rice,Odisha,SONEPUR,Winter,2015,2.4302325581395348
RICE_015076,Rice,Odisha,SUNDARGARH,Autumn,2015,0.8875
RICE_015077,Rice,Odisha,SUNDARGARH,Summer,2015,1.0
RICE_015078,Rice,Odisha,SUNDARGARH,Winter,2015,1.368421052631579
RICE_015079,Rice,Sikkim,EAST DISTRICT,Kharif,2015,1.8182007064201122
RICE_015080,Rice,Sikkim,NORTH DISTRICT,Kharif,2015,1.4641304347826087
RICE_015081,Rice,Sikkim,SOUTH DISTRICT,Kharif,2015,1.946875
RICE_015082,Rice,Sikkim,WEST DISTRICT,Kharif,2015,1.9399867374005304
