mean_fit_time,std_fit_time,mean_score_time,std_score_time,param_model__ccp_alpha,param_model__class_weight,params,split0_test_accuracy,split1_test_accuracy,split2_test_accuracy,split3_test_accuracy,split4_test_accuracy,mean_test_accuracy,std_test_accuracy,rank_test_accuracy,split0_train_accuracy,split1_train_accuracy,split2_train_accuracy,split3_train_accuracy,split4_train_accuracy,mean_train_accuracy,std_train_accuracy,split0_test_balanced_accuracy,split1_test_balanced_accuracy,split2_test_balanced_accuracy,split3_test_balanced_accuracy,split4_test_balanced_accuracy,mean_test_balanced_accuracy,std_test_balanced_accuracy,rank_test_balanced_accuracy,split0_train_balanced_accuracy,split1_train_balanced_accuracy,split2_train_balanced_accuracy,split3_train_balanced_accuracy,split4_train_balanced_accuracy,mean_train_balanced_accuracy,std_train_balanced_accuracy,split0_test_recall,split1_test_recall,split2_test_recall,split3_test_recall,split4_test_recall,mean_test_recall,std_test_recall,rank_test_recall,split0_train_recall,split1_train_recall,split2_train_recall,split3_train_recall,split4_train_recall,mean_train_recall,std_train_recall,split0_test_specificity,split1_test_specificity,split2_test_specificity,split3_test_specificity,split4_test_specificity,mean_test_specificity,std_test_specificity,rank_test_specificity,split0_train_specificity,split1_train_specificity,split2_train_specificity,split3_train_specificity,split4_train_specificity,mean_train_specificity,std_train_specificity,split0_test_precision,split1_test_precision,split2_test_precision,split3_test_precision,split4_test_precision,mean_test_precision,std_test_precision,rank_test_precision,split0_train_precision,split1_train_precision,split2_train_precision,split3_train_precision,split4_train_precision,mean_train_precision,std_train_precision,split0_test_f1,split1_test_f1,split2_test_f1,split3_test_f1,split4_test_f1,mean_test_f1,std_test_f1,rank_test_f1,split0_train_f1,split1_train_f1,split2_train_f1,split3_train_f1,split4_train_f1,mean_train_f1,std_train_f1,split0_test_mcc,split1_test_mcc,split2_test_mcc,split3_test_mcc,split4_test_mcc,mean_test_mcc,std_test_mcc,rank_test_mcc,split0_train_mcc,split1_train_mcc,split2_train_mcc,split3_train_mcc,split4_train_mcc,mean_train_mcc,std_train_mcc,split0_test_roc_auc,split1_test_roc_auc,split2_test_roc_auc,split3_test_roc_auc,split4_test_roc_auc,mean_test_roc_auc,std_test_roc_auc,rank_test_roc_auc,split0_train_roc_auc,split1_train_roc_auc,split2_train_roc_auc,split3_train_roc_auc,split4_train_roc_auc,mean_train_roc_auc,std_train_roc_auc,split0_test_pr_auc,split1_test_pr_auc,split2_test_pr_auc,split3_test_pr_auc,split4_test_pr_auc,mean_test_pr_auc,std_test_pr_auc,rank_test_pr_auc,split0_train_pr_auc,split1_train_pr_auc,split2_train_pr_auc,split3_train_pr_auc,split4_train_pr_auc,mean_train_pr_auc,std_train_pr_auc,split0_test_brier,split1_test_brier,split2_test_brier,split3_test_brier,split4_test_brier,mean_test_brier,std_test_brier,rank_test_brier,split0_train_brier,split1_train_brier,split2_train_brier,split3_train_brier,split4_train_brier,mean_train_brier,std_train_brier
0.06606860160827636,0.017814320094200285,0.12951412200927734,0.007002327349739633,0.0,,"{'model__ccp_alpha': 0.0, 'model__class_weight': None}",0.9761904761904762,0.963855421686747,0.9518072289156626,0.927710843373494,0.9759036144578314,0.9590935169248421,0.018086035078723105,15,0.9819277108433735,0.9819819819819819,0.984984984984985,0.984984984984985,0.978978978978979,0.982571728354861,0.0022502454329695596,0.9807692307692308,0.9647671568627452,0.9607843137254901,0.9295343137254901,0.9803921568627452,0.9632494343891403,0.018686390029990292,15,0.9838388480392157,0.9853658536585366,0.9863376524390244,0.9863376524390244,0.9814596036585366,0.9846679220468676,0.0018462815760667637,0.9615384615384616,0.9607843137254902,0.9215686274509803,0.9215686274509803,0.9607843137254902,0.9452488687782805,0.019336796996123534,15,0.9754901960784313,0.9707317073170731,0.9804878048780488,0.9804878048780488,0.9707317073170731,0.975585844093735,0.0043633215627045824,1.0,0.96875,1.0,0.9375,1.0,0.98125,0.024999999999999998,1,0.9921875,1.0,0.9921875,0.9921875,0.9921875,0.99375,0.003125,1.0,0.98,1.0,0.9591836734693877,1.0,0.9878367346938776,0.016286481491825995,1,0.995,1.0,0.995049504950495,0.995049504950495,0.995,0.996019801980198,0.0019902221527341142,0.9803921568627451,0.9702970297029703,0.9591836734693877,0.94,0.98,0.9659745720070205,0.015126517893341249,15,0.9851485148514851,0.9851485148514851,0.9877149877149877,0.9877149877149877,0.9827160493827161,0.9856886109031322,0.001877867697678368,0.9513029883089882,0.9244502228340477,0.905081274411177,0.8502574342477472,0.9509298551358543,0.9164043549875629,0.03735850113346316,15,0.9623849798356425,0.962946576130774,0.9685866359222705,0.9685866359222705,0.9563810156211905,0.9637771686864296,0.004551771174816803,1.0,0.9800857843137255,0.9693627450980392,0.9332107843137254,0.9803921568627452,0.9726102941176471,0.02204315892607539,4,0.9992532169117647,0.9991996951219513,0.9995045731707317,0.9994092987804878,0.999047256097561,0.9992828080164994,0.00016027962455734515,1.0,0.9779322638146167,0.9769208888374626,0.9375273536456081,0.9848806992676589,0.9754522411130694,0.020678940097122393,7,0.9992946583568115,0.9992566939391768,0.9994871264129898,0.9995097105653008,0.9989848136217211,0.9993066005792001,0.00018974898077031522,-0.007275132275132276,-0.03315930388219545,-0.04350736278447122,-0.07429718875502009,-0.024096385542168676,-0.03646707464779754,0.02234648959585274,7,-0.01029116465863454,-0.01041041041041041,-0.00800800800800801,-0.00925925925925926,-0.011011011011011011,-0.009795970669464646,0.0010567824686619617
0.0663515567779541,0.004378931807143261,0.13620409965515137,0.008672437241851915,0.0,balanced,"{'model__ccp_alpha': 0.0, 'model__class_weight': 'balanced'}",0.9880952380952381,0.9759036144578314,0.9518072289156626,0.9156626506024096,0.9759036144578314,0.9614744693057945,0.025757500112590582,8,0.9789156626506024,0.984984984984985,0.984984984984985,0.987987987987988,0.978978978978979,0.9831705199175079,0.003618435887877174,0.9903846153846154,0.9745710784313726,0.9549632352941176,0.9197303921568627,0.9803921568627452,0.9640082956259427,0.02497222211040401,8,0.9813878676470589,0.9863376524390244,0.9848704268292683,0.9887766768292683,0.9814596036585366,0.9845664454806313,0.002853469814468683,0.9807692307692307,0.9803921568627451,0.9411764705882353,0.9019607843137255,0.9607843137254902,0.9530165912518853,0.02941717860216236,7,0.9705882352941176,0.9804878048780488,0.9853658536585366,0.9853658536585366,0.9707317073170731,0.9785078909612626,0.006650914851155246,1.0,0.96875,0.96875,0.9375,1.0,0.975,0.023385358667337132,10,0.9921875,0.9921875,0.984375,0.9921875,0.9921875,0.990625,0.003125,1.0,0.9803921568627451,0.9795918367346939,0.9583333333333334,1.0,0.9836634653861545,0.015509093690624396,10,0.9949748743718593,0.995049504950495,0.9901960784313726,0.9950738916256158,0.995,0.9940588698758684,0.0019317129649321235,0.9902912621359223,0.9803921568627451,0.96,0.9292929292929293,0.98,0.9679952696583193,0.02171038060543755,8,0.9826302729528535,0.9877149877149877,0.9877750611246944,0.9901960784313726,0.9827160493827161,0.9862064899213248,0.003020771446242708,0.9752173865600177,0.9491421568627451,0.9005936446918007,0.827381582129015,0.9509298551358543,0.9206529250758866,0.05255002839838442,8,0.9562971162012146,0.9685866359222705,0.9683395466010848,0.9747712020524127,0.9563810156211905,0.9648751032796345,0.007340871889256022,1.0,0.9736519607843137,0.9721200980392157,0.9145220588235294,0.979779411764706,0.9680147058823529,0.02853616484828271,10,0.9988702512254902,0.9995045731707317,0.9993521341463415,0.9996379573170732,0.9990091463414634,0.9992748124402201,0.00029151023776179314,1.0,0.9724637315356097,0.9713325475386323,0.923837821038011,0.9848806992676589,0.9705029598759823,0.025530228318803697,11,0.99901892717528,0.9994871264129898,0.999434322578469,0.9996238014563896,0.9990492038164708,0.9993226762879198,0.0002438178914619788,-0.007548460632132191,-0.030641466059918136,-0.04476813636694589,-0.09066265796032824,-0.024453958131488544,-0.0396149358301626,0.028181776546463456,14,-0.013260063135446037,-0.008440841813394915,-0.010208496129594503,-0.007258581067327786,-0.012347445163648116,-0.01030308546188227,0.002265790330491082
0.06620879173278808,0.006587579237668069,0.1266566276550293,0.0056429038677031805,0.0006410256410256405,,"{'model__ccp_alpha': 0.0006410256410256405, 'model__class_weight': None}",0.9761904761904762,0.963855421686747,0.9518072289156626,0.927710843373494,0.9759036144578314,0.9590935169248421,0.018086035078723105,15,0.9819277108433735,0.9819819819819819,0.984984984984985,0.984984984984985,0.978978978978979,0.982571728354861,0.0022502454329695596,0.9807692307692308,0.9647671568627452,0.9607843137254901,0.9295343137254901,0.9803921568627452,0.9632494343891403,0.018686390029990292,15,0.9838388480392157,0.9853658536585366,0.9863376524390244,0.9863376524390244,0.9814596036585366,0.9846679220468676,0.0018462815760667637,0.9615384615384616,0.9607843137254902,0.9215686274509803,0.9215686274509803,0.9607843137254902,0.9452488687782805,0.019336796996123534,15,0.9754901960784313,0.9707317073170731,0.9804878048780488,0.9804878048780488,0.9707317073170731,0.975585844093735,0.0043633215627045824,1.0,0.96875,1.0,0.9375,1.0,0.98125,0.024999999999999998,1,0.9921875,1.0,0.9921875,0.9921875,0.9921875,0.99375,0.003125,1.0,0.98,1.0,0.9591836734693877,1.0,0.9878367346938776,0.016286481491825995,1,0.995,1.0,0.995049504950495,0.995049504950495,0.995,0.996019801980198,0.0019902221527341142,0.9803921568627451,0.9702970297029703,0.9591836734693877,0.94,0.98,0.9659745720070205,0.015126517893341249,15,0.9851485148514851,0.9851485148514851,0.9877149877149877,0.9877149877149877,0.9827160493827161,0.9856886109031322,0.001877867697678368,0.9513029883089882,0.9244502228340477,0.905081274411177,0.8502574342477472,0.9509298551358543,0.9164043549875629,0.03735850113346316,15,0.9623849798356425,0.962946576130774,0.9685866359222705,0.9685866359222705,0.9563810156211905,0.9637771686864296,0.004551771174816803,1.0,0.9800857843137255,0.9693627450980392,0.9332107843137254,0.9803921568627452,0.9726102941176471,0.02204315892607539,4,0.9992532169117647,0.9991996951219513,0.9995045731707317,0.9994092987804878,0.999047256097561,0.9992828080164994,0.00016027962455734515,1.0,0.9779322638146167,0.9769208888374626,0.9375273536456081,0.9848806992676589,0.9754522411130694,0.020678940097122393,7,0.9992946583568115,0.9992566939391768,0.9994871264129898,0.9995097105653008,0.9989848136217211,0.9993066005792001,0.00018974898077031522,-0.007275132275132276,-0.03315930388219545,-0.04350736278447122,-0.07429718875502009,-0.024096385542168676,-0.03646707464779754,0.02234648959585274,7,-0.01029116465863454,-0.01041041041041041,-0.00800800800800801,-0.00925925925925926,-0.011011011011011011,-0.009795970669464646,0.0010567824686619617
0.05747618675231934,0.008412533988740308,0.13083786964416505,0.008814494901034461,0.0006410256410256405,balanced,"{'model__ccp_alpha': 0.0006410256410256405, 'model__class_weight': 'balanced'}",0.9880952380952381,0.9759036144578314,0.9518072289156626,0.9156626506024096,0.9759036144578314,0.9614744693057945,0.025757500112590582,8,0.9789156626506024,0.984984984984985,0.984984984984985,0.987987987987988,0.978978978978979,0.9831705199175079,0.003618435887877174,0.9903846153846154,0.9745710784313726,0.9549632352941176,0.9197303921568627,0.9803921568627452,0.9640082956259427,0.02497222211040401,8,0.9813878676470589,0.9863376524390244,0.9848704268292683,0.9887766768292683,0.9814596036585366,0.9845664454806313,0.002853469814468683,0.9807692307692307,0.9803921568627451,0.9411764705882353,0.9019607843137255,0.9607843137254902,0.9530165912518853,0.02941717860216236,7,0.9705882352941176,0.9804878048780488,0.9853658536585366,0.9853658536585366,0.9707317073170731,0.9785078909612626,0.006650914851155246,1.0,0.96875,0.96875,0.9375,1.0,0.975,0.023385358667337132,10,0.9921875,0.9921875,0.984375,0.9921875,0.9921875,0.990625,0.003125,1.0,0.9803921568627451,0.9795918367346939,0.9583333333333334,1.0,0.9836634653861545,0.015509093690624396,10,0.9949748743718593,0.995049504950495,0.9901960784313726,0.9950738916256158,0.995,0.9940588698758684,0.0019317129649321235,0.9902912621359223,0.9803921568627451,0.96,0.9292929292929293,0.98,0.9679952696583193,0.02171038060543755,8,0.9826302729528535,0.9877149877149877,0.9877750611246944,0.9901960784313726,0.9827160493827161,0.9862064899213248,0.003020771446242708,0.9752173865600177,0.9491421568627451,0.9005936446918007,0.827381582129015,0.9509298551358543,0.9206529250758866,0.05255002839838442,8,0.9562971162012146,0.9685866359222705,0.9683395466010848,0.9747712020524127,0.9563810156211905,0.9648751032796345,0.007340871889256022,1.0,0.9736519607843137,0.9721200980392157,0.9145220588235294,0.9773284313725491,0.9675245098039216,0.028350305953459266,12,0.9977213541666666,0.9995045731707317,0.99921875,0.9996379573170732,0.9988948170731707,0.9989954903455283,0.0006863427883804657,1.0,0.9724637315356097,0.9713325475386323,0.923837821038011,0.9848806992676589,0.9705029598759823,0.025530228318803697,11,0.9980821491541907,0.9994871264129898,0.9992835514920555,0.9996238014563896,0.9989217611656636,0.999079677936258,0.0005520236354709184,-0.006900413426713656,-0.030641466059918136,-0.04960633948309119,-0.09066265796032824,-0.02434993207772438,-0.040432161801555115,0.028587207857914253,16,-0.014219012368063996,-0.008440841813394915,-0.010647800668730131,-0.007258581067327786,-0.012762376404424626,-0.01066572246438829,0.002591557619861898
0.09277968406677246,0.025444560353931497,0.17290711402893066,0.022071624256989088,0.0008112980769230775,,"{'model__ccp_alpha': 0.0008112980769230775, 'model__class_weight': None}",0.9761904761904762,0.963855421686747,0.9518072289156626,0.927710843373494,0.9759036144578314,0.9590935169248421,0.018086035078723105,15,0.9819277108433735,0.9819819819819819,0.984984984984985,0.984984984984985,0.978978978978979,0.982571728354861,0.0022502454329695596,0.9807692307692308,0.9647671568627452,0.9607843137254901,0.9295343137254901,0.9803921568627452,0.9632494343891403,0.018686390029990292,15,0.9838388480392157,0.9853658536585366,0.9863376524390244,0.9863376524390244,0.9814596036585366,0.9846679220468676,0.0018462815760667637,0.9615384615384616,0.9607843137254902,0.9215686274509803,0.9215686274509803,0.9607843137254902,0.9452488687782805,0.019336796996123534,15,0.9754901960784313,0.9707317073170731,0.9804878048780488,0.9804878048780488,0.9707317073170731,0.975585844093735,0.0043633215627045824,1.0,0.96875,1.0,0.9375,1.0,0.98125,0.024999999999999998,1,0.9921875,1.0,0.9921875,0.9921875,0.9921875,0.99375,0.003125,1.0,0.98,1.0,0.9591836734693877,1.0,0.9878367346938776,0.016286481491825995,1,0.995,1.0,0.995049504950495,0.995049504950495,0.995,0.996019801980198,0.0019902221527341142,0.9803921568627451,0.9702970297029703,0.9591836734693877,0.94,0.98,0.9659745720070205,0.015126517893341249,15,0.9851485148514851,0.9851485148514851,0.9877149877149877,0.9877149877149877,0.9827160493827161,0.9856886109031322,0.001877867697678368,0.9513029883089882,0.9244502228340477,0.905081274411177,0.8502574342477472,0.9509298551358543,0.9164043549875629,0.03735850113346316,15,0.9623849798356425,0.962946576130774,0.9685866359222705,0.9685866359222705,0.9563810156211905,0.9637771686864296,0.004551771174816803,1.0,0.9800857843137255,0.9693627450980392,0.9332107843137254,0.9803921568627452,0.9726102941176471,0.02204315892607539,4,0.9986596200980392,0.9991996951219513,0.9995045731707317,0.9993711890243903,0.9990091463414634,0.9991488447513153,0.00029577756893713156,1.0,0.9779322638146167,0.9769208888374626,0.9375273536456081,0.9848806992676589,0.9754522411130694,0.020678940097122393,7,0.9986929035621847,0.9992566939391768,0.9994871264129898,0.9994614130526227,0.9989360331339162,0.999166834020178,0.00030832384157071746,-0.007372314004967066,-0.03315930388219545,-0.04350736278447122,-0.07429718875502009,-0.024096385542168676,-0.0364865109937645,0.022321118676287877,9,-0.010958118187033851,-0.01041041041041041,-0.00800800800800801,-0.00965965965965966,-0.011411411411411412,-0.01008952153530467,0.0011935076417490841
0.08046255111694336,0.0189004021435325,0.20327839851379395,0.05957837835719866,0.0008112980769230775,balanced,"{'model__ccp_alpha': 0.0008112980769230775, 'model__class_weight': 'balanced'}",0.9880952380952381,0.9759036144578314,0.9518072289156626,0.9156626506024096,0.9759036144578314,0.9614744693057945,0.025757500112590582,8,0.9789156626506024,0.984984984984985,0.984984984984985,0.987987987987988,0.978978978978979,0.9831705199175079,0.003618435887877174,0.9903846153846154,0.9745710784313726,0.9549632352941176,0.9197303921568627,0.9803921568627452,0.9640082956259427,0.02497222211040401,8,0.9813878676470589,0.9863376524390244,0.9848704268292683,0.9887766768292683,0.9814596036585366,0.9845664454806313,0.002853469814468683,0.9807692307692307,0.9803921568627451,0.9411764705882353,0.9019607843137255,0.9607843137254902,0.9530165912518853,0.02941717860216236,7,0.9705882352941176,0.9804878048780488,0.9853658536585366,0.9853658536585366,0.9707317073170731,0.9785078909612626,0.006650914851155246,1.0,0.96875,0.96875,0.9375,1.0,0.975,0.023385358667337132,10,0.9921875,0.9921875,0.984375,0.9921875,0.9921875,0.990625,0.003125,1.0,0.9803921568627451,0.9795918367346939,0.9583333333333334,1.0,0.9836634653861545,0.015509093690624396,10,0.9949748743718593,0.995049504950495,0.9901960784313726,0.9950738916256158,0.995,0.9940588698758684,0.0019317129649321235,0.9902912621359223,0.9803921568627451,0.96,0.9292929292929293,0.98,0.9679952696583193,0.02171038060543755,8,0.9826302729528535,0.9877149877149877,0.9877750611246944,0.9901960784313726,0.9827160493827161,0.9862064899213248,0.003020771446242708,0.9752173865600177,0.9491421568627451,0.9005936446918007,0.827381582129015,0.9509298551358543,0.9206529250758866,0.05255002839838442,8,0.9562971162012146,0.9685866359222705,0.9683395466010848,0.9747712020524127,0.9563810156211905,0.9648751032796345,0.007340871889256022,1.0,0.9736519607843137,0.9721200980392157,0.9145220588235294,0.9773284313725491,0.9675245098039216,0.028350305953459266,12,0.9977213541666666,0.9995045731707317,0.99921875,0.9996379573170732,0.9988948170731707,0.9989954903455283,0.0006863427883804657,1.0,0.9724637315356097,0.9713325475386323,0.923837821038011,0.9848806992676589,0.9705029598759823,0.025530228318803697,11,0.9980821491541907,0.9994871264129898,0.9992835514920555,0.9996238014563896,0.9989217611656636,0.999079677936258,0.0005520236354709184,-0.006900413426713656,-0.030641466059918136,-0.04960633948309119,-0.09066265796032824,-0.02434993207772438,-0.040432161801555115,0.028587207857914253,16,-0.014219012368063996,-0.008440841813394915,-0.010647800668730131,-0.007258581067327786,-0.012762376404424626,-0.01066572246438829,0.002591557619861898
0.06151523590087891,0.006832329058981619,0.14491558074951172,0.010833974230448845,0.0010170118343195257,,"{'model__ccp_alpha': 0.0010170118343195257, 'model__class_weight': None}",0.9761904761904762,0.963855421686747,0.9518072289156626,0.927710843373494,0.9759036144578314,0.9590935169248421,0.018086035078723105,15,0.9819277108433735,0.9819819819819819,0.984984984984985,0.984984984984985,0.978978978978979,0.982571728354861,0.0022502454329695596,0.9807692307692308,0.9647671568627452,0.9607843137254901,0.9295343137254901,0.9803921568627452,0.9632494343891403,0.018686390029990292,15,0.9838388480392157,0.9853658536585366,0.9863376524390244,0.9863376524390244,0.9814596036585366,0.9846679220468676,0.0018462815760667637,0.9615384615384616,0.9607843137254902,0.9215686274509803,0.9215686274509803,0.9607843137254902,0.9452488687782805,0.019336796996123534,15,0.9754901960784313,0.9707317073170731,0.9804878048780488,0.9804878048780488,0.9707317073170731,0.975585844093735,0.0043633215627045824,1.0,0.96875,1.0,0.9375,1.0,0.98125,0.024999999999999998,1,0.9921875,1.0,0.9921875,0.9921875,0.9921875,0.99375,0.003125,1.0,0.98,1.0,0.9591836734693877,1.0,0.9878367346938776,0.016286481491825995,1,0.995,1.0,0.995049504950495,0.995049504950495,0.995,0.996019801980198,0.0019902221527341142,0.9803921568627451,0.9702970297029703,0.9591836734693877,0.94,0.98,0.9659745720070205,0.015126517893341249,15,0.9851485148514851,0.9851485148514851,0.9877149877149877,0.9877149877149877,0.9827160493827161,0.9856886109031322,0.001877867697678368,0.9513029883089882,0.9244502228340477,0.905081274411177,0.8502574342477472,0.9509298551358543,0.9164043549875629,0.03735850113346316,15,0.9623849798356425,0.962946576130774,0.9685866359222705,0.9685866359222705,0.9563810156211905,0.9637771686864296,0.004551771174816803,1.0,0.9800857843137255,0.9693627450980392,0.935968137254902,0.9803921568627452,0.9731617647058822,0.02106328542709962,2,0.9986596200980392,0.9991996951219513,0.9995045731707317,0.9986661585365854,0.9985327743902439,0.9989125642635102,0.0003746613289469639,1.0,0.9779322638146167,0.9769208888374626,0.9377405535687873,0.9848806992676589,0.9754948810977051,0.020600767048235828,6,0.9986929035621847,0.9992566939391768,0.9994871264129898,0.9986763808406063,0.9983262770363552,0.9988878763582626,0.00042267377009885446,-0.007372314004967066,-0.03315930388219545,-0.04350736278447122,-0.07365180480017451,-0.0241231593038822,-0.036362788955138094,0.022099928173381612,6,-0.010958118187033851,-0.01041041041041041,-0.00800800800800801,-0.011123011123011122,-0.011911911911911911,-0.010482291928075062,0.0013272522656484
0.06693215370178222,0.005933971233107299,0.14127402305603026,0.003295211140841291,0.0010170118343195257,balanced,"{'model__ccp_alpha': 0.0010170118343195257, 'model__class_weight': 'balanced'}",0.9880952380952381,0.9759036144578314,0.9518072289156626,0.9156626506024096,0.9759036144578314,0.9614744693057945,0.025757500112590582,8,0.9789156626506024,0.984984984984985,0.984984984984985,0.987987987987988,0.978978978978979,0.9831705199175079,0.003618435887877174,0.9903846153846154,0.9745710784313726,0.9549632352941176,0.9197303921568627,0.9803921568627452,0.9640082956259427,0.02497222211040401,8,0.9813878676470589,0.9863376524390244,0.9848704268292683,0.9887766768292683,0.9814596036585366,0.9845664454806313,0.002853469814468683,0.9807692307692307,0.9803921568627451,0.9411764705882353,0.9019607843137255,0.9607843137254902,0.9530165912518853,0.02941717860216236,7,0.9705882352941176,0.9804878048780488,0.9853658536585366,0.9853658536585366,0.9707317073170731,0.9785078909612626,0.006650914851155246,1.0,0.96875,0.96875,0.9375,1.0,0.975,0.023385358667337132,10,0.9921875,0.9921875,0.984375,0.9921875,0.9921875,0.990625,0.003125,1.0,0.9803921568627451,0.9795918367346939,0.9583333333333334,1.0,0.9836634653861545,0.015509093690624396,10,0.9949748743718593,0.995049504950495,0.9901960784313726,0.9950738916256158,0.995,0.9940588698758684,0.0019317129649321235,0.9902912621359223,0.9803921568627451,0.96,0.9292929292929293,0.98,0.9679952696583193,0.02171038060543755,8,0.9826302729528535,0.9877149877149877,0.9877750611246944,0.9901960784313726,0.9827160493827161,0.9862064899213248,0.003020771446242708,0.9752173865600177,0.9491421568627451,0.9005936446918007,0.827381582129015,0.9509298551358543,0.9206529250758866,0.05255002839838442,8,0.9562971162012146,0.9685866359222705,0.9683395466010848,0.9747712020524127,0.9563810156211905,0.9648751032796345,0.007340871889256022,1.0,0.9736519607843137,0.9721200980392157,0.9145220588235294,0.9773284313725491,0.9675245098039216,0.028350305953459266,12,0.9977213541666666,0.9995045731707317,0.99921875,0.9996379573170732,0.9988948170731707,0.9989954903455283,0.0006863427883804657,1.0,0.9724637315356097,0.9713325475386323,0.923837821038011,0.9848806992676589,0.9705029598759823,0.025530228318803697,11,0.9980821491541907,0.9994871264129898,0.9992835514920555,0.9996238014563896,0.9989217611656636,0.999079677936258,0.0005520236354709184,-0.006900413426713656,-0.030641466059918136,-0.04960633948309119,-0.09066265796032824,-0.02434993207772438,-0.040432161801555115,0.028587207857914253,16,-0.014219012368063996,-0.008440841813394915,-0.010647800668730131,-0.007258581067327786,-0.012762376404424626,-0.01066572246438829,0.002591557619861898
0.06211953163146973,0.005353198087111988,0.13717384338378907,0.010217910495186673,0.0014423076923076915,,"{'model__ccp_alpha': 0.0014423076923076915, 'model__class_weight': None}",0.9761904761904762,0.963855421686747,0.963855421686747,0.927710843373494,0.9759036144578314,0.9615031554790591,0.01775430808870291,7,0.9819277108433735,0.9819819819819819,0.984984984984985,0.984984984984985,0.978978978978979,0.982571728354861,0.0022502454329695596,0.9807692307692308,0.9647671568627452,0.9705882352941176,0.9295343137254901,0.9803921568627452,0.9652102187028658,0.01883859689560974,7,0.9838388480392157,0.9853658536585366,0.9848704268292683,0.9863376524390244,0.9799923780487805,0.984081031802965,0.002197361640705815,0.9615384615384616,0.9607843137254902,0.9411764705882353,0.9215686274509803,0.9607843137254902,0.9491704374057315,0.015801871316692393,14,0.9754901960784313,0.9707317073170731,0.9853658536585366,0.9804878048780488,0.975609756097561,0.9775370636059302,0.004984252860118643,1.0,0.96875,1.0,0.9375,1.0,0.98125,0.024999999999999998,1,0.9921875,1.0,0.984375,0.9921875,0.984375,0.990625,0.005846339666834283,1.0,0.98,1.0,0.9591836734693877,1.0,0.9878367346938776,0.016286481491825995,1,0.995,1.0,0.9901960784313726,0.995049504950495,0.9900990099009901,0.9940689186565717,0.003681446856545336,0.9803921568627451,0.9702970297029703,0.9696969696969697,0.94,0.98,0.968077231252537,0.014762735383307532,7,0.9851485148514851,0.9851485148514851,0.9877750611246944,0.9877149877149877,0.9828009828009828,0.9857176122687269,0.001864246532032867,0.9513029883089882,0.9244502228340477,0.9276336570439175,0.8502574342477472,0.9509298551358543,0.920914831514111,0.03707951216816548,7,0.9623849798356425,0.962946576130774,0.9683395466010848,0.9685866359222705,0.955949432232966,0.9636414341445475,0.004642320104734472,1.0,0.9800857843137255,0.9696691176470589,0.935968137254902,0.9803921568627452,0.9732230392156863,0.021052587610962743,1,0.9986596200980392,0.9991996951219513,0.9990091463414634,0.9986661585365854,0.9979611280487805,0.9986991496293639,0.00042284053758324074,1.0,0.9779322638146167,0.9773210489014883,0.9377405535687873,0.9848806992676589,0.9755749131105101,0.020606927864370045,3,0.9986929035621847,0.9992566939391768,0.9989491974438118,0.9986763808406063,0.9979188448309311,0.9986988041233422,0.00044335357889542054,-0.007372314004967066,-0.03315930388219545,-0.04060225121392869,-0.07365180480017451,-0.02420682730923695,-0.03579850024210054,0.021933212223303997,4,-0.010958118187033851,-0.01041041041041041,-0.009394009394009393,-0.011123011123011122,-0.013163163163163162,-0.011009742455525589,0.00123470707672646
0.06460328102111816,0.0054091562759186135,0.14233121871948243,0.010307169027522661,0.0014423076923076915,balanced,"{'model__ccp_alpha': 0.0014423076923076915, 'model__class_weight': 'balanced'}",0.9880952380952381,0.9759036144578314,0.9518072289156626,0.9156626506024096,0.9759036144578314,0.9614744693057945,0.025757500112590582,8,0.9789156626506024,0.984984984984985,0.984984984984985,0.987987987987988,0.978978978978979,0.9831705199175079,0.003618435887877174,0.9903846153846154,0.9745710784313726,0.9549632352941176,0.9197303921568627,0.9803921568627452,0.9640082956259427,0.02497222211040401,8,0.9813878676470589,0.9863376524390244,0.9848704268292683,0.9887766768292683,0.9814596036585366,0.9845664454806313,0.002853469814468683,0.9807692307692307,0.9803921568627451,0.9411764705882353,0.9019607843137255,0.9607843137254902,0.9530165912518853,0.02941717860216236,7,0.9705882352941176,0.9804878048780488,0.9853658536585366,0.9853658536585366,0.9707317073170731,0.9785078909612626,0.006650914851155246,1.0,0.96875,0.96875,0.9375,1.0,0.975,0.023385358667337132,10,0.9921875,0.9921875,0.984375,0.9921875,0.9921875,0.990625,0.003125,1.0,0.9803921568627451,0.9795918367346939,0.9583333333333334,1.0,0.9836634653861545,0.015509093690624396,10,0.9949748743718593,0.995049504950495,0.9901960784313726,0.9950738916256158,0.995,0.9940588698758684,0.0019317129649321235,0.9902912621359223,0.9803921568627451,0.96,0.9292929292929293,0.98,0.9679952696583193,0.02171038060543755,8,0.9826302729528535,0.9877149877149877,0.9877750611246944,0.9901960784313726,0.9827160493827161,0.9862064899213248,0.003020771446242708,0.9752173865600177,0.9491421568627451,0.9005936446918007,0.827381582129015,0.9509298551358543,0.9206529250758866,0.05255002839838442,8,0.9562971162012146,0.9685866359222705,0.9683395466010848,0.9747712020524127,0.9563810156211905,0.9648751032796345,0.007340871889256022,1.0,0.9736519607843137,0.9721200980392157,0.9145220588235294,0.9761029411764707,0.967279411764706,0.02826967095570565,15,0.9973383884803921,0.9994474085365854,0.9989900914634147,0.9995807926829269,0.9983803353658537,0.9987474033058346,0.0008201834391935582,1.0,0.9724637315356097,0.9713325475386323,0.923837821038011,0.9848806992676589,0.9705029598759823,0.025530228318803697,11,0.997919591871468,0.9994870634964033,0.9991341467820988,0.9996014204455198,0.9986906834430309,0.9989665812077042,0.0006122592815443535,-0.007048411777919523,-0.029080976200750126,-0.04960633948309119,-0.08910216810116023,-0.025065077256364126,-0.03998059456385704,0.028040638195621526,15,-0.015199113160307769,-0.009324857873445672,-0.011624323825086437,-0.008142597127378545,-0.014946806984853116,-0.011847539794214308,0.002862825553681675
0.05521559715270996,0.008932237278831903,0.14066848754882813,0.00906901321261405,0.001602564102564103,,"{'model__ccp_alpha': 0.001602564102564103, 'model__class_weight': None}",1.0,0.963855421686747,0.963855421686747,0.927710843373494,0.9759036144578314,0.9662650602409638,0.023362312565861833,1,0.9819277108433735,0.9819819819819819,0.984984984984985,0.984984984984985,0.978978978978979,0.982571728354861,0.0022502454329695596,1.0,0.9647671568627452,0.9705882352941176,0.9295343137254901,0.9803921568627452,0.9690563725490197,0.023103009302496074,1,0.9809283088235294,0.9853658536585366,0.9848704268292683,0.9863376524390244,0.9785251524390244,0.9832054788378766,0.0029779436234268343,1.0,0.9607843137254902,0.9411764705882353,0.9215686274509803,0.9607843137254902,0.9568627450980391,0.026012743453767858,1,0.9852941176470589,0.9707317073170731,0.9853658536585366,0.9804878048780488,0.9804878048780488,0.9804734576757532,0.005330598704584207,1.0,0.96875,1.0,0.9375,1.0,0.98125,0.024999999999999998,1,0.9765625,1.0,0.984375,0.9921875,0.9765625,0.9859375,0.009110862335695781,1.0,0.98,1.0,0.9591836734693877,1.0,0.9878367346938776,0.016286481491825995,1,0.9852941176470589,1.0,0.9901960784313726,0.995049504950495,0.9852941176470589,0.9911667637351972,0.005709989778745908,1.0,0.9702970297029703,0.9696969696969697,0.94,0.98,0.9719987998799879,0.019391771704554507,1,0.9852941176470589,0.9851485148514851,0.9877750611246944,0.9877149877149877,0.9828850855745721,0.9857635533825595,0.0018296709308801302,1.0,0.9244502228340477,0.9276336570439175,0.8502574342477472,0.9509298551358543,0.9306542338523134,0.048437991545212035,1,0.9618566176470589,0.962946576130774,0.9683395466010848,0.9685866359222705,0.9556673360761236,0.9634793424754623,0.004767610519423437,1.0,0.9800857843137255,0.9678308823529412,0.935968137254902,0.9791666666666667,0.9726102941176471,0.02104545271247746,4,0.9982000612745098,0.9991996951219513,0.9985137195121951,0.9986661585365854,0.9977324695121951,0.9984624207914873,0.0004877244000814497,1.0,0.9779322638146167,0.9773210489014883,0.9377405535687873,0.9848806992676589,0.9755749131105101,0.020606927864370045,3,0.9982949683700082,0.9992566939391768,0.9985412034105912,0.9986763808406063,0.9978724715771298,0.9985283436275024,0.0004554572920200888,-0.005502287987213776,-0.03315930388219545,-0.04096873090680488,-0.07365180480017451,-0.026465863453815262,-0.03594959820604078,0.022232470586780774,5,-0.01319433578469723,-0.01041041041041041,-0.010872760872760873,-0.011123011123011122,-0.014664664664664663,-0.012053036571108861,0.001617367240673466
0.0758814811706543,0.010280565586201343,0.15909719467163086,0.021437664252902562,0.001602564102564103,balanced,"{'model__ccp_alpha': 0.001602564102564103, 'model__class_weight': 'balanced'}",0.9880952380952381,0.9759036144578314,0.9518072289156626,0.9156626506024096,0.9759036144578314,0.9614744693057945,0.025757500112590582,8,0.9789156626506024,0.984984984984985,0.984984984984985,0.987987987987988,0.978978978978979,0.9831705199175079,0.003618435887877174,0.9903846153846154,0.9745710784313726,0.9549632352941176,0.9197303921568627,0.9803921568627452,0.9640082956259427,0.02497222211040401,8,0.9813878676470589,0.9863376524390244,0.9848704268292683,0.9887766768292683,0.9814596036585366,0.9845664454806313,0.002853469814468683,0.9807692307692307,0.9803921568627451,0.9411764705882353,0.9019607843137255,0.9607843137254902,0.9530165912518853,0.02941717860216236,7,0.9705882352941176,0.9804878048780488,0.9853658536585366,0.9853658536585366,0.9707317073170731,0.9785078909612626,0.006650914851155246,1.0,0.96875,0.96875,0.9375,1.0,0.975,0.023385358667337132,10,0.9921875,0.9921875,0.984375,0.9921875,0.9921875,0.990625,0.003125,1.0,0.9803921568627451,0.9795918367346939,0.9583333333333334,1.0,0.9836634653861545,0.015509093690624396,10,0.9949748743718593,0.995049504950495,0.9901960784313726,0.9950738916256158,0.995,0.9940588698758684,0.0019317129649321235,0.9902912621359223,0.9803921568627451,0.96,0.9292929292929293,0.98,0.9679952696583193,0.02171038060543755,8,0.9826302729528535,0.9877149877149877,0.9877750611246944,0.9901960784313726,0.9827160493827161,0.9862064899213248,0.003020771446242708,0.9752173865600177,0.9491421568627451,0.9005936446918007,0.827381582129015,0.9509298551358543,0.9206529250758866,0.05255002839838442,8,0.9562971162012146,0.9685866359222705,0.9683395466010848,0.9747712020524127,0.9563810156211905,0.9648751032796345,0.007340871889256022,1.0,0.9736519607843137,0.9690563725490197,0.9129901960784312,0.9837622549019609,0.9678921568627452,0.029433075408602172,11,0.9964192708333333,0.9991044207317074,0.9984946646341464,0.9993521341463415,0.9976371951219511,0.998201537093496,0.0010695747828194035,1.0,0.9724637315356097,0.9699359775146114,0.923837821038011,0.9900323688976753,0.9712539797971814,0.026193336234511026,10,0.9974359249058987,0.9992018018494313,0.9987959001205017,0.9994260244529128,0.9982499456703554,0.9986219193998199,0.0007152713160708959,-0.007098977671500835,-0.025734260986505143,-0.048068609670099204,-0.08578430148143858,-0.023690557124621266,-0.03807534138683301,0.027183707168200146,11,-0.016361546678758655,-0.010999892950646569,-0.012714807965708263,-0.00923308126800037,-0.01612914766013771,-0.013087695304650312,0.0028044446244815217
0.06826934814453126,0.007304647800997395,0.14430813789367675,0.016751381958662975,0.001966783216783217,,"{'model__ccp_alpha': 0.001966783216783217, 'model__class_weight': None}",1.0,0.963855421686747,0.963855421686747,0.927710843373494,0.9759036144578314,0.9662650602409638,0.023362312565861833,1,0.9819277108433735,0.9819819819819819,0.984984984984985,0.984984984984985,0.978978978978979,0.982571728354861,0.0022502454329695596,1.0,0.9647671568627452,0.9705882352941176,0.9295343137254901,0.9803921568627452,0.9690563725490197,0.023103009302496074,1,0.9809283088235294,0.9853658536585366,0.9848704268292683,0.9863376524390244,0.9785251524390244,0.9832054788378766,0.0029779436234268343,1.0,0.9607843137254902,0.9411764705882353,0.9215686274509803,0.9607843137254902,0.9568627450980391,0.026012743453767858,1,0.9852941176470589,0.9707317073170731,0.9853658536585366,0.9804878048780488,0.9804878048780488,0.9804734576757532,0.005330598704584207,1.0,0.96875,1.0,0.9375,1.0,0.98125,0.024999999999999998,1,0.9765625,1.0,0.984375,0.9921875,0.9765625,0.9859375,0.009110862335695781,1.0,0.98,1.0,0.9591836734693877,1.0,0.9878367346938776,0.016286481491825995,1,0.9852941176470589,1.0,0.9901960784313726,0.995049504950495,0.9852941176470589,0.9911667637351972,0.005709989778745908,1.0,0.9702970297029703,0.9696969696969697,0.94,0.98,0.9719987998799879,0.019391771704554507,1,0.9852941176470589,0.9851485148514851,0.9877750611246944,0.9877149877149877,0.9828850855745721,0.9857635533825595,0.0018296709308801302,1.0,0.9244502228340477,0.9276336570439175,0.8502574342477472,0.9509298551358543,0.9306542338523134,0.048437991545212035,1,0.9618566176470589,0.962946576130774,0.9683395466010848,0.9685866359222705,0.9556673360761236,0.9634793424754623,0.004767610519423437,1.0,0.9806985294117647,0.9678308823529412,0.935968137254902,0.9791666666666667,0.972732843137255,0.021090362275484678,3,0.9982000612745098,0.9989900914634147,0.9985137195121951,0.9986661585365854,0.9977324695121951,0.99842050005978,0.0004278905498117103,1.0,0.9779322638146167,0.9773210489014883,0.9377405535687873,0.9848806992676589,0.9755749131105101,0.020606927864370045,3,0.9982949683700082,0.999086795338494,0.9985412034105912,0.9986763808406063,0.9978724715771298,0.9984943639073659,0.00040318922464812484,-0.005502287987213776,-0.030629183400267743,-0.04096873090680488,-0.07365180480017451,-0.026465863453815262,-0.035443574109655235,0.022318846347074272,3,-0.01319433578469723,-0.011311311311311311,-0.010872760872760873,-0.011123011123011122,-0.014664664664664663,-0.01223321675128904,0.001467582714982737
0.06386442184448242,0.0028924730300442926,0.14231972694396972,0.014319450231507849,0.001966783216783217,balanced,"{'model__ccp_alpha': 0.001966783216783217, 'model__class_weight': 'balanced'}",0.9880952380952381,0.9759036144578314,0.9518072289156626,0.9156626506024096,0.9759036144578314,0.9614744693057945,0.025757500112590582,8,0.9789156626506024,0.984984984984985,0.984984984984985,0.987987987987988,0.978978978978979,0.9831705199175079,0.003618435887877174,0.9903846153846154,0.9745710784313726,0.9549632352941176,0.9197303921568627,0.9803921568627452,0.9640082956259427,0.02497222211040401,8,0.9813878676470589,0.9863376524390244,0.9848704268292683,0.9887766768292683,0.9799923780487805,0.9842730003586802,0.0032109352679877035,0.9807692307692307,0.9803921568627451,0.9411764705882353,0.9019607843137255,0.9607843137254902,0.9530165912518853,0.02941717860216236,7,0.9705882352941176,0.9804878048780488,0.9853658536585366,0.9853658536585366,0.975609756097561,0.9794835007173601,0.005733139164989233,1.0,0.96875,0.96875,0.9375,1.0,0.975,0.023385358667337132,10,0.9921875,0.9921875,0.984375,0.9921875,0.984375,0.9890625,0.0038273277230987156,1.0,0.9803921568627451,0.9795918367346939,0.9583333333333334,1.0,0.9836634653861545,0.015509093690624396,10,0.9949748743718593,0.995049504950495,0.9901960784313726,0.9950738916256158,0.9900990099009901,0.9930786718560665,0.002393674966005713,0.9902912621359223,0.9803921568627451,0.96,0.9292929292929293,0.98,0.9679952696583193,0.02171038060543755,8,0.9826302729528535,0.9877149877149877,0.9877750611246944,0.9901960784313726,0.9828009828009828,0.9862234766049781,0.0030012717807024816,0.9752173865600177,0.9491421568627451,0.9005936446918007,0.827381582129015,0.9509298551358543,0.9206529250758866,0.05255002839838442,8,0.9562971162012146,0.9685866359222705,0.9683395466010848,0.9747712020524127,0.955949432232966,0.9647887866019896,0.007442080705181224,1.0,0.9705882352941176,0.9690563725490197,0.8946078431372548,0.9816176470588236,0.9631740196078432,0.03602003179220448,16,0.9931832107843137,0.9980945121951219,0.9984946646341464,0.9980945121951219,0.9950647865853659,0.9965863372788138,0.0021017746264417997,1.0,0.9724637315356097,0.9699359775146114,0.9199515147424431,0.9900323688976753,0.9704767185380678,0.02760827574972384,16,0.995792382708514,0.9984426403132408,0.9987959001205017,0.9982611853244965,0.9961442762882418,0.9974872769509989,0.0012570175175881935,-0.007119439965886749,-0.0257843450115667,-0.048068609670099204,-0.08527546227615357,-0.023980248452645535,-0.038045621075270354,0.026965609490485272,10,-0.017742981165375087,-0.012337356496841489,-0.012714807965708263,-0.010966011639045975,-0.01913622297357895,-0.014579476048109951,0.0032352100193036564
0.05942130088806152,0.009814049654098694,0.13651447296142577,0.007756840653825831,0.00229700854700855,,"{'model__ccp_alpha': 0.00229700854700855, 'model__class_weight': None}",1.0,0.963855421686747,0.963855421686747,0.927710843373494,0.9759036144578314,0.9662650602409638,0.023362312565861833,1,0.9819277108433735,0.9819819819819819,0.984984984984985,0.984984984984985,0.978978978978979,0.982571728354861,0.0022502454329695596,1.0,0.9647671568627452,0.9705882352941176,0.9295343137254901,0.9803921568627452,0.9690563725490197,0.023103009302496074,1,0.9809283088235294,0.9853658536585366,0.9848704268292683,0.9863376524390244,0.9785251524390244,0.9832054788378766,0.0029779436234268343,1.0,0.9607843137254902,0.9411764705882353,0.9215686274509803,0.9607843137254902,0.9568627450980391,0.026012743453767858,1,0.9852941176470589,0.9707317073170731,0.9853658536585366,0.9804878048780488,0.9804878048780488,0.9804734576757532,0.005330598704584207,1.0,0.96875,1.0,0.9375,1.0,0.98125,0.024999999999999998,1,0.9765625,1.0,0.984375,0.9921875,0.9765625,0.9859375,0.009110862335695781,1.0,0.98,1.0,0.9591836734693877,1.0,0.9878367346938776,0.016286481491825995,1,0.9852941176470589,1.0,0.9901960784313726,0.995049504950495,0.9852941176470589,0.9911667637351972,0.005709989778745908,1.0,0.9702970297029703,0.9696969696969697,0.94,0.98,0.9719987998799879,0.019391771704554507,1,0.9852941176470589,0.9851485148514851,0.9877750611246944,0.9877149877149877,0.9828850855745721,0.9857635533825595,0.0018296709308801302,1.0,0.9244502228340477,0.9276336570439175,0.8502574342477472,0.9509298551358543,0.9306542338523134,0.048437991545212035,1,0.9618566176470589,0.962946576130774,0.9683395466010848,0.9685866359222705,0.9556673360761236,0.9634793424754623,0.004767610519423437,1.0,0.9806985294117647,0.9659926470588236,0.935968137254902,0.9767156862745099,0.971875,0.021053300967821542,8,0.9982000612745098,0.9989900914634147,0.9980182926829269,0.9981707317073171,0.9975609756097561,0.9981880305475848,0.00046168269162289203,1.0,0.9779322638146167,0.9773210489014883,0.9380853031263998,0.9848806992676589,0.9756438630220327,0.020480408708878867,1,0.9982949683700082,0.999086795338494,0.9981711370511199,0.9983613497167043,0.9977653040049729,0.9983359108962597,0.00042869418331885925,-0.005502287987213776,-0.030629183400267743,-0.038521441750178374,-0.06819246745077691,-0.027449389394311945,-0.03405895399654975,0.02027778775815662,1,-0.01319433578469723,-0.011311311311311311,-0.012999887999888,-0.01224913724913725,-0.015737165737165736,-0.013098367616439904,0.0014762741006052987
0.06957473754882812,0.005791427556279804,0.1338738441467285,0.01327085447158914,0.00229700854700855,balanced,"{'model__ccp_alpha': 0.00229700854700855, 'model__class_weight': 'balanced'}",1.0,0.9759036144578314,0.9518072289156626,0.9156626506024096,0.9759036144578314,0.9638554216867469,0.02851122787035962,5,0.9789156626506024,0.984984984984985,0.984984984984985,0.987987987987988,0.978978978978979,0.9831705199175079,0.003618435887877174,1.0,0.9745710784313726,0.9549632352941176,0.9197303921568627,0.9803921568627452,0.9659313725490197,0.02720022353266306,5,0.9799325980392157,0.9863376524390244,0.9848704268292683,0.9887766768292683,0.9799923780487805,0.9839819464371115,0.003511184019127413,1.0,0.9803921568627451,0.9411764705882353,0.9019607843137255,0.9607843137254902,0.9568627450980391,0.033734608890363234,1,0.9754901960784313,0.9804878048780488,0.9853658536585366,0.9853658536585366,0.975609756097561,0.9804638928742229,0.004389972995562373,1.0,0.96875,0.96875,0.9375,1.0,0.975,0.023385358667337132,10,0.984375,0.9921875,0.984375,0.9921875,0.984375,0.9875,0.0038273277230987156,1.0,0.9803921568627451,0.9795918367346939,0.9583333333333334,1.0,0.9836634653861545,0.015509093690624396,10,0.9900497512437811,0.995049504950495,0.9901960784313726,0.9950738916256158,0.9900990099009901,0.9920936472304509,0.002423873253439421,1.0,0.9803921568627451,0.96,0.9292929292929293,0.98,0.9699370172311348,0.023937596770204333,5,0.9827160493827161,0.9877149877149877,0.9877750611246944,0.9901960784313726,0.9828009828009828,0.9862406318909507,0.0029808597156808564,1.0,0.9491421568627451,0.9005936446918007,0.827381582129015,0.9509298551358543,0.9256094477638831,0.05831529761483101,5,0.9558651695813665,0.9685866359222705,0.9683395466010848,0.9747712020524127,0.955949432232966,0.96470239727802,0.00754198892959981,1.0,0.9705882352941176,0.9690563725490197,0.8946078431372548,0.9816176470588236,0.9631740196078432,0.03602003179220448,16,0.9931066176470588,0.9980945121951219,0.9984946646341464,0.9980945121951219,0.9950647865853659,0.9965710186513629,0.002126654103425889,1.0,0.9724637315356097,0.9699359775146114,0.9199515147424431,0.9900323688976753,0.9704767185380678,0.02760827574972384,16,0.995718600783752,0.9984426403132408,0.9987959001205017,0.9982611853244965,0.9961442762882418,0.9974725205660466,0.0012771002571851963,-0.009789370243096349,-0.0257843450115667,-0.048068609670099204,-0.08527546227615357,-0.023980248452645535,-0.038579607130712276,0.026367714362492828,12,-0.018530292353586802,-0.012337356496841489,-0.012714807965708263,-0.010966011639045975,-0.01913622297357895,-0.014736938285752297,0.0034002979991834895
0.06113443374633789,0.008757432225881503,0.1353135585784912,0.01468591817623209,0.002336132177681473,,"{'model__ccp_alpha': 0.002336132177681473, 'model__class_weight': None}",1.0,0.963855421686747,0.963855421686747,0.927710843373494,0.9759036144578314,0.9662650602409638,0.023362312565861833,1,0.9819277108433735,0.9819819819819819,0.984984984984985,0.984984984984985,0.978978978978979,0.982571728354861,0.0022502454329695596,1.0,0.9647671568627452,0.9705882352941176,0.9295343137254901,0.9803921568627452,0.9690563725490197,0.023103009302496074,1,0.9809283088235294,0.9853658536585366,0.9848704268292683,0.9863376524390244,0.9785251524390244,0.9832054788378766,0.0029779436234268343,1.0,0.9607843137254902,0.9411764705882353,0.9215686274509803,0.9607843137254902,0.9568627450980391,0.026012743453767858,1,0.9852941176470589,0.9707317073170731,0.9853658536585366,0.9804878048780488,0.9804878048780488,0.9804734576757532,0.005330598704584207,1.0,0.96875,1.0,0.9375,1.0,0.98125,0.024999999999999998,1,0.9765625,1.0,0.984375,0.9921875,0.9765625,0.9859375,0.009110862335695781,1.0,0.98,1.0,0.9591836734693877,1.0,0.9878367346938776,0.016286481491825995,1,0.9852941176470589,1.0,0.9901960784313726,0.995049504950495,0.9852941176470589,0.9911667637351972,0.005709989778745908,1.0,0.9702970297029703,0.9696969696969697,0.94,0.98,0.9719987998799879,0.019391771704554507,1,0.9852941176470589,0.9851485148514851,0.9877750611246944,0.9877149877149877,0.9828850855745721,0.9857635533825595,0.0018296709308801302,1.0,0.9244502228340477,0.9276336570439175,0.8502574342477472,0.9509298551358543,0.9306542338523134,0.048437991545212035,1,0.9618566176470589,0.962946576130774,0.9683395466010848,0.9685866359222705,0.9556673360761236,0.9634793424754623,0.004767610519423437,1.0,0.9806985294117647,0.9659926470588236,0.935968137254902,0.9767156862745099,0.971875,0.021053300967821542,8,0.9982000612745098,0.9989900914634147,0.9980182926829269,0.9981707317073171,0.9975609756097561,0.9981880305475848,0.00046168269162289203,1.0,0.9779322638146167,0.9773210489014883,0.9380853031263998,0.9848806992676589,0.9756438630220327,0.020480408708878867,1,0.9982949683700082,0.999086795338494,0.9981711370511199,0.9983613497167043,0.9977653040049729,0.9983359108962597,0.00042869418331885925,-0.005502287987213776,-0.030629183400267743,-0.038521441750178374,-0.06819246745077691,-0.027449389394311945,-0.03405895399654975,0.02027778775815662,1,-0.01319433578469723,-0.011311311311311311,-0.012999887999888,-0.01224913724913725,-0.015737165737165736,-0.013098367616439904,0.0014762741006052987
0.05986323356628418,0.010849153594743106,0.14994678497314454,0.017909368268245053,0.002336132177681473,balanced,"{'model__ccp_alpha': 0.002336132177681473, 'model__class_weight': 'balanced'}",1.0,0.9759036144578314,0.9518072289156626,0.9156626506024096,0.9759036144578314,0.9638554216867469,0.02851122787035962,5,0.9789156626506024,0.984984984984985,0.984984984984985,0.987987987987988,0.978978978978979,0.9831705199175079,0.003618435887877174,1.0,0.9745710784313726,0.9549632352941176,0.9197303921568627,0.9803921568627452,0.9659313725490197,0.02720022353266306,5,0.9799325980392157,0.9863376524390244,0.9848704268292683,0.9887766768292683,0.9799923780487805,0.9839819464371115,0.003511184019127413,1.0,0.9803921568627451,0.9411764705882353,0.9019607843137255,0.9607843137254902,0.9568627450980391,0.033734608890363234,1,0.9754901960784313,0.9804878048780488,0.9853658536585366,0.9853658536585366,0.975609756097561,0.9804638928742229,0.004389972995562373,1.0,0.96875,0.96875,0.9375,1.0,0.975,0.023385358667337132,10,0.984375,0.9921875,0.984375,0.9921875,0.984375,0.9875,0.0038273277230987156,1.0,0.9803921568627451,0.9795918367346939,0.9583333333333334,1.0,0.9836634653861545,0.015509093690624396,10,0.9900497512437811,0.995049504950495,0.9901960784313726,0.9950738916256158,0.9900990099009901,0.9920936472304509,0.002423873253439421,1.0,0.9803921568627451,0.96,0.9292929292929293,0.98,0.9699370172311348,0.023937596770204333,5,0.9827160493827161,0.9877149877149877,0.9877750611246944,0.9901960784313726,0.9828009828009828,0.9862406318909507,0.0029808597156808564,1.0,0.9491421568627451,0.9005936446918007,0.827381582129015,0.9509298551358543,0.9256094477638831,0.05831529761483101,5,0.9558651695813665,0.9685866359222705,0.9683395466010848,0.9747712020524127,0.955949432232966,0.96470239727802,0.00754198892959981,1.0,0.9705882352941176,0.9690563725490197,0.8946078431372548,0.9816176470588236,0.9631740196078432,0.03602003179220448,16,0.9931066176470588,0.9980945121951219,0.9984946646341464,0.9980945121951219,0.9950647865853659,0.9965710186513629,0.002126654103425889,1.0,0.9724637315356097,0.9699359775146114,0.9199515147424431,0.9900323688976753,0.9704767185380678,0.02760827574972384,16,0.995718600783752,0.9984426403132408,0.9987959001205017,0.9982611853244965,0.9961442762882418,0.9974725205660466,0.0012771002571851963,-0.009789370243096349,-0.0257843450115667,-0.048068609670099204,-0.08527546227615357,-0.023980248452645535,-0.038579607130712276,0.026367714362492828,12,-0.018530292353586802,-0.012337356496841489,-0.012714807965708263,-0.010966011639045975,-0.01913622297357895,-0.014736938285752297,0.0034002979991834895
0.06600227355957031,0.014740335328425287,0.13539280891418456,0.011812994748388836,0.0064596107395020474,,"{'model__ccp_alpha': 0.0064596107395020474, 'model__class_weight': None}",0.9761904761904762,0.927710843373494,0.9036144578313253,0.927710843373494,0.963855421686747,0.9398164084911074,0.02647496025162361,20,0.9759036144578314,0.963963963963964,0.9669669669669669,0.984984984984985,0.972972972972973,0.9729585006693441,0.007349971378450637,0.96875,0.9353553921568627,0.8982843137254901,0.9295343137254901,0.9705882352941176,0.9405024509803921,0.026952706008993417,20,0.9731158088235294,0.9707317073170731,0.9629001524390244,0.9863376524390244,0.9736471036585366,0.9733464849354376,0.0075482043005028745,1.0,0.9019607843137255,0.9215686274509803,0.9215686274509803,0.9411764705882353,0.9372549019607842,0.03373460889036325,22,0.9852941176470589,0.9414634146341463,0.9804878048780488,0.9804878048780488,0.9707317073170731,0.9716929698708752,0.01583944129029925,0.9375,0.96875,0.875,0.9375,1.0,0.94375,0.0414578098794425,20,0.9609375,1.0,0.9453125,0.9921875,0.9765625,0.975,0.020009763241977653,0.9629629629629629,0.9787234042553191,0.9215686274509803,0.9591836734693877,1.0,0.96448773362773,0.02583131059728415,20,0.9757281553398058,1.0,0.9663461538461539,0.995049504950495,0.9851485148514851,0.9844544657975881,0.012316327766954412,0.9811320754716981,0.9387755102040817,0.9215686274509803,0.94,0.9696969696969697,0.9502346365647458,0.021868852658660884,20,0.9804878048780488,0.9698492462311558,0.9733656174334141,0.9877149877149877,0.9778869778869779,0.9778609268289168,0.006138379516629203,0.9501461875826149,0.8551333051451346,0.7965686274509803,0.8502574342477472,0.9276336570439175,0.875947842294079,0.05580523212267834,20,0.9490708648890626,0.9277750538372155,0.930063414016701,0.9685866359222705,0.9433122285436617,0.9437616394417823,0.014750475208278097,0.9927884615384616,0.9699754901960784,0.9080882352941178,0.9298406862745098,0.9693627450980392,0.9540111236802413,0.030618089201929904,20,0.9924364276960784,0.9867378048780489,0.9769245426829267,0.9968178353658537,0.9880144817073171,0.988186218466045,0.006656152427407094,0.9920308552384024,0.9693331688236178,0.928005398955075,0.9380853031263998,0.9839217994948576,0.9622753051276705,0.025152970347978754,21,0.9940242719826617,0.9910606741491518,0.9758466307856551,0.9974064753508272,0.9910754126135659,0.9898826929763723,0.007397043186051369,-0.021555772411366407,-0.051206782767102825,-0.09144372289678877,-0.06829082004482659,-0.03542058518541157,-0.05358353666109923,0.024539834288550662,20,-0.021661286293499355,-0.0268434779073077,-0.031077141815396846,-0.013664838664838665,-0.024712775776605567,-0.023591904091529628,0.0058332115076437565
0.06598320007324218,0.0045946556848018025,0.13419294357299805,0.0074691067856435325,0.0064596107395020474,balanced,"{'model__ccp_alpha': 0.0064596107395020474, 'model__class_weight': 'balanced'}",0.9642857142857143,0.9518072289156626,0.9156626506024096,0.9156626506024096,0.963855421686747,0.9422547332185885,0.02216971699797938,19,0.9668674698795181,0.972972972972973,0.963963963963964,0.987987987987988,0.972972972972973,0.9729530735554832,0.00829322744552008,0.9591346153846154,0.9549632352941176,0.9197303921568627,0.9197303921568627,0.9705882352941176,0.9448293740573153,0.021122366297810447,19,0.967218137254902,0.9751143292682927,0.9663300304878049,0.9887766768292683,0.9751143292682927,0.9745107006217122,0.008054212022777235,0.9807692307692307,0.9411764705882353,0.9019607843137255,0.9019607843137255,0.9411764705882353,0.9334087481146304,0.02946740299577362,23,0.9656862745098039,0.9658536585365853,0.9560975609756097,0.9853658536585366,0.9658536585365853,0.9677714012434242,0.00956604965553311,0.9375,0.96875,0.9375,0.9375,1.0,0.95625,0.025,19,0.96875,0.984375,0.9765625,0.9921875,0.984375,0.98125,0.007967217989988727,0.9622641509433962,0.9795918367346939,0.9583333333333334,0.9583333333333334,1.0,0.9717045308689514,0.016183582961617368,19,0.9800995024875622,0.99,0.9849246231155779,0.9950738916256158,0.99,0.9880196034457512,0.0050973292061785485,0.9714285714285714,0.96,0.9292929292929293,0.9292929292929293,0.9696969696969697,0.9519422799422799,0.018898981911082236,19,0.9728395061728395,0.9777777777777777,0.9702970297029703,0.9901960784313726,0.9777777777777777,0.9777776339725476,0.006849267248728859,0.924119025664048,0.9005936446918007,0.827381582129015,0.827381582129015,0.9276336570439175,0.8814218983315593,0.04509287911584121,19,0.9305422174347806,0.9437766352752113,0.9251802590157204,0.9747712020524127,0.9437766352752113,0.9436093898106673,0.01721335725556762,0.9924879807692307,0.9574142156862745,0.967218137254902,0.8946078431372548,0.9678308823529411,0.9559118118401206,0.032766285007135625,19,0.989813112745098,0.9875952743902439,0.9876905487804877,0.9980945121951219,0.9863376524390244,0.9899062201099952,0.004243610279822678,0.9916941549017021,0.96497249315896,0.9760688331276567,0.9199515147424431,0.9834269927674073,0.9672227977396339,0.02521631879098961,19,0.9925755563443494,0.991447339617617,0.9905157047678321,0.9982611853244965,0.9904727762064932,0.9926545124521576,0.0029062949737770653,-0.027605721075001092,-0.047253212083776384,-0.07133779006076876,-0.08527546227615357,-0.03485317927420107,-0.053265072953980176,0.021839554789539854,19,-0.028489699564541383,-0.02475214029230795,-0.03019525426107082,-0.010966011639045975,-0.0254538565107212,-0.023971392453537466,0.006798510894999738
0.06578130722045898,0.007637194159453489,0.13524184226989747,0.00845766794656369,0.006793804556853432,,"{'model__ccp_alpha': 0.006793804556853432, 'model__class_weight': None}",0.9642857142857143,0.927710843373494,0.9036144578313253,0.927710843373494,0.963855421686747,0.937435456110155,0.02346037960262005,21,0.9698795180722891,0.963963963963964,0.9669669669669669,0.984984984984985,0.972972972972973,0.9717536813922356,0.007261664925808493,0.9591346153846154,0.9237132352941176,0.8982843137254901,0.9295343137254901,0.9705882352941176,0.9362509426847663,0.02587077217902665,22,0.9696691176470589,0.9633955792682927,0.9629001524390244,0.9863376524390244,0.9736471036585366,0.9711899210903873,0.008570605381531829,0.9807692307692307,0.9411764705882353,0.9215686274509803,0.9215686274509803,0.9411764705882353,0.9412518853695323,0.02161709160268337,19,0.9705882352941176,0.9658536585365853,0.9804878048780488,0.9804878048780488,0.9707317073170731,0.9736298421807748,0.005868268823490032,0.9375,0.90625,0.875,0.9375,1.0,0.93125,0.0414578098794425,22,0.96875,0.9609375,0.9453125,0.9921875,0.9765625,0.96875,0.015625,0.9622641509433962,0.9411764705882353,0.9215686274509803,0.9591836734693877,1.0,0.9568385844904,0.026027353626116034,22,0.9801980198019802,0.9753694581280788,0.9663461538461539,0.995049504950495,0.9851485148514851,0.9804223303156385,0.009591784345114223,0.9714285714285714,0.9411764705882353,0.9215686274509803,0.94,0.9696969696969697,0.9487741278329512,0.019109359445907314,21,0.9753694581280788,0.9705882352941176,0.9733656174334141,0.9877149877149877,0.9778869778869779,0.9769850552915151,0.005874941784609551,0.924119025664048,0.8474264705882353,0.7965686274509803,0.8502574342477472,0.9276336570439175,0.8692010429989857,0.050077570445566134,21,0.9366874642917938,0.9241534779428726,0.930063414016701,0.9685866359222705,0.9433122285436617,0.94056064414346,0.015410489266266475,0.9924879807692307,0.9690563725490197,0.9080882352941178,0.9298406862745098,0.9693627450980392,0.9537672039969834,0.030447740681944623,21,0.9917470894607843,0.9859756097560975,0.9769245426829267,0.9968178353658537,0.9880144817073171,0.9878959117945959,0.006610670897203477,0.9916941549017021,0.9681888355937812,0.928005398955075,0.9380853031263998,0.9839217994948576,0.961979098414363,0.02501260984705219,23,0.9935637951250529,0.9900994822712231,0.9758466307856551,0.9974064753508272,0.9910754126135659,0.9895983592292648,0.007324400390495408,-0.027136129554223558,-0.05451631720113524,-0.09144372289678877,-0.06829082004482659,-0.03542058518541157,-0.05536151497647714,0.0230829810917111,21,-0.025049840510366825,-0.030180147910644366,-0.031077141815396846,-0.013664838664838665,-0.024712775776605567,-0.024936948935570455,0.00620187991115733
0.06802048683166503,0.0056163712642651464,0.13088326454162597,0.012169845763551412,0.006793804556853432,balanced,"{'model__ccp_alpha': 0.006793804556853432, 'model__class_weight': 'balanced'}",0.9642857142857143,0.9518072289156626,0.891566265060241,0.9156626506024096,0.9518072289156626,0.935025817555938,0.02714051594455133,22,0.9668674698795181,0.972972972972973,0.9579579579579579,0.987987987987988,0.9669669669669669,0.9705506711530809,0.009948998918859713,0.9591346153846154,0.9549632352941176,0.8884803921568627,0.9197303921568627,0.9607843137254901,0.9366185897435898,0.02839005787679317,21,0.967218137254902,0.9751143292682927,0.9585175304878049,0.9887766768292683,0.9702362804878049,0.9719725908656145,0.009989054789115317,0.9807692307692307,0.9411764705882353,0.9019607843137255,0.9019607843137255,0.9215686274509803,0.9294871794871794,0.02947743760566868,26,0.9656862745098039,0.9658536585365853,0.9560975609756097,0.9853658536585366,0.9560975609756097,0.9658201817312291,0.010687479138183931,0.9375,0.96875,0.875,0.9375,1.0,0.94375,0.0414578098794425,20,0.96875,0.984375,0.9609375,0.9921875,0.984375,0.978125,0.011481983169296146,0.9622641509433962,0.9795918367346939,0.92,0.9583333333333334,1.0,0.9640378642022848,0.02649612230999357,21,0.9800995024875622,0.99,0.9751243781094527,0.9950738916256158,0.98989898989899,0.9860393524243241,0.007302395645263004,0.9714285714285714,0.96,0.9108910891089109,0.9292929292929293,0.9591836734693877,0.9461592526599599,0.02248580227417455,22,0.9728395061728395,0.9777777777777777,0.9655172413793104,0.9901960784313726,0.9727047146401985,0.9758070636802998,0.008188270509371669,0.924119025664048,0.9005936446918007,0.772711194827668,0.827381582129015,0.905081274411177,0.8659773443447418,0.057089523048889264,22,0.9305422174347806,0.9437766352752113,0.9119748492938903,0.9747712020524127,0.9318125709635844,0.938575495003976,0.020760761600339548,0.9924879807692307,0.9574142156862745,0.9537377450980393,0.8946078431372548,0.9678308823529411,0.9532157334087481,0.03227598656313308,22,0.989813112745098,0.9875952743902439,0.9842606707317072,0.9980945121951219,0.9859565548780488,0.9891440249880439,0.0048366236690461405,0.9916941549017021,0.96497249315896,0.9667728848379004,0.9199515147424431,0.9834269927674073,0.9653636080816825,0.02483538127533341,20,0.9925755563443494,0.991447339617617,0.9877848459325824,0.9982611853244965,0.9900822178823608,0.9920302290202813,0.003500856562783865,-0.027605721075001092,-0.047253212083776384,-0.08980352592604306,-0.08527546227615357,-0.04185039187774192,-0.058357662647743204,0.024717973117745082,23,-0.028489699564541383,-0.02475214029230795,-0.03575729600983291,-0.010966011639045975,-0.029082262588259255,-0.025809482018797496,0.008225572884483324
0.05935559272766113,0.0062408190003286875,0.1337181568145752,0.0100286442228776,0.007563673784409572,,"{'model__ccp_alpha': 0.007563673784409572, 'model__class_weight': None}",0.9642857142857143,0.927710843373494,0.9036144578313253,0.927710843373494,0.9397590361445783,0.9326161790017211,0.01971397646018605,23,0.9698795180722891,0.963963963963964,0.9669669669669669,0.984984984984985,0.9579579579579579,0.9687506783892326,0.009026672314973911,0.9591346153846154,0.9237132352941176,0.8982843137254901,0.9295343137254901,0.9451593137254901,0.9311651583710407,0.020578958506813707,23,0.9696691176470589,0.9633955792682927,0.9629001524390244,0.9863376524390244,0.9585175304878049,0.968164006456241,0.009757533741424747,0.9807692307692307,0.9411764705882353,0.9215686274509803,0.9215686274509803,0.9215686274509803,0.9373303167420813,0.023008801355976737,20,0.9705882352941176,0.9658536585365853,0.9804878048780488,0.9804878048780488,0.9560975609756097,0.9707030129124821,0.009255624729469444,0.9375,0.90625,0.875,0.9375,0.96875,0.925,0.0318688719599549,26,0.96875,0.9609375,0.9453125,0.9921875,0.9609375,0.965625,0.015309310892394862,0.9622641509433962,0.9411764705882353,0.9215686274509803,0.9591836734693877,0.9791666666666666,0.9526719178237333,0.01967712170626941,26,0.9801980198019802,0.9753694581280788,0.9663461538461539,0.995049504950495,0.9751243781094527,0.9784175029672321,0.009440830985071744,0.9714285714285714,0.9411764705882353,0.9215686274509803,0.94,0.9494949494949495,0.9447337237925473,0.016167671695810463,23,0.9753694581280788,0.9705882352941176,0.9733656174334141,0.9877149877149877,0.9655172413793104,0.9745111079899816,0.007384712860574671,0.924119025664048,0.8474264705882353,0.7965686274509803,0.8502574342477472,0.8775076195864663,0.8591758355074954,0.04169153442341922,23,0.9366874642917938,0.9241534779428726,0.930063414016701,0.9685866359222705,0.9119748492938903,0.9342931682935056,0.01897675462216877,0.9924879807692307,0.9690563725490197,0.9080882352941178,0.9298406862745098,0.9662990196078431,0.953154458898944,0.03015716425882493,23,0.9917470894607843,0.9859756097560975,0.9769245426829267,0.9968178353658537,0.9840891768292683,0.9871108508189861,0.006780861555150393,0.9916941549017021,0.9681888355937812,0.928005398955075,0.9380853031263998,0.9818013425073033,0.9615550070168523,0.024652355747105458,26,0.9935637951250529,0.9900994822712231,0.9758466307856551,0.9974064753508272,0.988466759717066,0.9890766286499648,0.007293449419451628,-0.027136129554223558,-0.05451631720113524,-0.09144372289678877,-0.06829082004482659,-0.04911994042951725,-0.05810138602529828,0.021297427945522765,22,-0.025049840510366825,-0.030180147910644366,-0.031077141815396846,-0.013664838664838665,-0.0355450366088664,-0.027103401102022622,0.007501070159565111
0.06008424758911133,0.005589108568722564,0.13558731079101563,0.009949861362156542,0.007563673784409572,balanced,"{'model__ccp_alpha': 0.007563673784409572, 'model__class_weight': 'balanced'}",0.9404761904761905,0.9397590361445783,0.8674698795180723,0.9156626506024096,0.9518072289156626,0.9230349971313826,0.030178017883149524,25,0.9457831325301205,0.960960960960961,0.948948948948949,0.978978978978979,0.960960960960961,0.959126596475994,0.01168314526514015,0.9399038461538461,0.9335171568627452,0.8688725490196079,0.9197303921568627,0.9607843137254901,0.9245616515837105,0.030829474448043643,25,0.9500612745098039,0.9594893292682927,0.9512004573170731,0.9814596036585366,0.965358231707317,0.9615137792922047,0.011438868806639777,0.9423076923076923,0.9607843137254902,0.8627450980392157,0.9019607843137255,0.9215686274509803,0.9178733031674208,0.03389506417831449,30,0.9313725490196079,0.9658536585365853,0.9414634146341463,0.9707317073170731,0.9463414634146341,0.9511525585844094,0.014884490790785092,0.9375,0.90625,0.875,0.9375,1.0,0.93125,0.0414578098794425,22,0.96875,0.953125,0.9609375,0.9921875,0.984375,0.971875,0.014490028899212037,0.9607843137254902,0.9423076923076923,0.9166666666666666,0.9583333333333334,1.0,0.9556184012066364,0.027196310099441134,23,0.979381443298969,0.9705882352941176,0.9747474747474747,0.995,0.9897959183673469,0.9819026143415817,0.009158747281101963,0.9514563106796117,0.9514563106796117,0.8888888888888888,0.9292929292929293,0.9591836734693877,0.9360556226020857,0.025611340899719955,26,0.9547738693467337,0.9682151589242054,0.9578163771712159,0.9827160493827161,0.9675810473815462,0.9662205004412835,0.009793748380191855,0.874827361472957,0.8723963581185684,0.7271295072141124,0.827381582129015,0.905081274411177,0.8413632166691661,0.062269932099461786,25,0.8889581209873996,0.9176507045012402,0.8940914931455837,0.9563810156211905,0.9200490734405489,0.9154260815391926,0.02391378357684142,0.98828125,0.9669117647058824,0.9384191176470587,0.8857230392156863,0.9678308823529411,0.9494332107843138,0.035590562024727386,25,0.9781326593137256,0.9844893292682927,0.9746570121951219,0.9902820121951219,0.9850038109756099,0.9825129647895745,0.005502208576433774,0.9886227350156318,0.9647783662427494,0.9536989154636213,0.9203569520720476,0.9834269927674073,0.9621767923122915,0.024406968371132626,22,0.9842858366767061,0.9887989694234216,0.980978245468576,0.992533819601225,0.9892985999633287,0.9871790942266514,0.004064747190880679,-0.04374682393838973,-0.05375246854971084,-0.1110562641080633,-0.08478738334147909,-0.04338470828878557,-0.0673455296452857,0.026573060601675882,26,-0.04538571568687691,-0.03441208638837086,-0.0441433069172911,-0.019620084196607244,-0.033316970833884914,-0.035375632804606205,0.009278768144545113
0.060955476760864255,0.0033031782914891834,0.13674755096435548,0.011375694493831339,0.008012820512820514,,"{'model__ccp_alpha': 0.008012820512820514, 'model__class_weight': None}",0.9642857142857143,0.9036144578313253,0.9036144578313253,0.927710843373494,0.9397590361445783,0.9277969018932873,0.022996150518485976,24,0.963855421686747,0.9579579579579579,0.9669669669669669,0.984984984984985,0.9579579579579579,0.9663446579109228,0.009947048116613512,0.953125,0.9041053921568627,0.8982843137254901,0.9295343137254901,0.9451593137254901,0.9260416666666667,0.021738724611431146,24,0.9574908088235294,0.9585175304878049,0.9629001524390244,0.9863376524390244,0.9585175304878049,0.9647527349354377,0.010952916008123459,1.0,0.9019607843137255,0.9215686274509803,0.9215686274509803,0.9215686274509803,0.9333333333333332,0.034187442694436666,24,0.9852941176470589,0.9560975609756097,0.9804878048780488,0.9804878048780488,0.9560975609756097,0.9716929698708752,0.012853972332765065,0.90625,0.90625,0.875,0.9375,0.96875,0.91875,0.0318688719599549,27,0.9296875,0.9609375,0.9453125,0.9921875,0.9609375,0.9578125,0.020728904939721248,0.9454545454545454,0.9387755102040817,0.9215686274509803,0.9591836734693877,0.9791666666666666,0.9488298046491324,0.01940711617044343,27,0.9571428571428572,0.9751243781094527,0.9663461538461539,0.995049504950495,0.9751243781094527,0.9737574544316823,0.012554366534527038,0.9719626168224299,0.92,0.9215686274509803,0.94,0.9494949494949495,0.940605238753672,0.01923354810920306,24,0.9710144927536232,0.9655172413793104,0.9733656174334141,0.9877149877149877,0.9655172413793104,0.9726259161321291,0.008147274857708836,0.9256447384489266,0.7999212238036937,0.7965686274509803,0.8502574342477472,0.8775076195864663,0.8499799287075629,0.048665501633539415,24,0.9237253768155185,0.9119748492938903,0.930063414016701,0.9685866359222705,0.9119748492938903,0.9292650250684542,0.020858641204299627,0.9894831730769231,0.9659926470588236,0.9080882352941178,0.9298406862745098,0.9662990196078431,0.9519407522624433,0.029067181185214022,24,0.9906556372549019,0.984375,0.9769245426829267,0.9968178353658537,0.9840891768292683,0.9865724384265903,0.006718897040356906,0.9893116687234335,0.9657601728941048,0.928005398955075,0.9380853031263998,0.9818013425073033,0.9605927772412632,0.02395747716701381,27,0.9922465362215176,0.9892660816781098,0.9758466307856551,0.9974064753508272,0.988466759717066,0.9886464967506351,0.007126714093785116,-0.02974963067054197,-0.06522582188654355,-0.09144372289678877,-0.06829082004482659,-0.04911994042951725,-0.06076598718564362,0.02056833235825711,24,-0.029029274994715703,-0.034184151914648374,-0.031077141815396846,-0.013664838664838665,-0.0355450366088664,-0.028700088799693196,0.007858062737942722
0.05867481231689453,0.012194794318877102,0.1443861961364746,0.007954167428549931,0.008012820512820514,balanced,"{'model__ccp_alpha': 0.008012820512820514, 'model__class_weight': 'balanced'}",0.9404761904761905,0.9156626506024096,0.8674698795180723,0.9156626506024096,0.9518072289156626,0.918215720022949,0.02902445406882777,27,0.9457831325301205,0.948948948948949,0.948948948948949,0.978978978978979,0.960960960960961,0.9567241940735917,0.012278773114912978,0.9399038461538461,0.9139093137254901,0.8688725490196079,0.9197303921568627,0.9607843137254901,0.9206400829562595,0.03068765288599535,26,0.9500612745098039,0.9512004573170731,0.9512004573170731,0.9814596036585366,0.965358231707317,0.9598560049019607,0.012188221613477938,0.9423076923076923,0.9215686274509803,0.8627450980392157,0.9019607843137255,0.9215686274509803,0.9100301659125188,0.02686672091160384,33,0.9313725490196079,0.9414634146341463,0.9414634146341463,0.9707317073170731,0.9463414634146341,0.9462745098039216,0.013164503041632742,0.9375,0.90625,0.875,0.9375,1.0,0.93125,0.0414578098794425,22,0.96875,0.9609375,0.9609375,0.9921875,0.984375,0.9734375,0.012693810007243688,0.9607843137254902,0.94,0.9166666666666666,0.9583333333333334,1.0,0.9551568627450979,0.02743680306167778,24,0.979381443298969,0.9747474747474747,0.9747474747474747,0.995,0.9897959183673469,0.9827344622322529,0.008235705842377506,0.9514563106796117,0.9306930693069307,0.8888888888888888,0.9292929292929293,0.9591836734693877,0.9319029743275496,0.024433817792274836,27,0.9547738693467337,0.9578163771712159,0.9578163771712159,0.9827160493827161,0.9675810473815462,0.9641407440906855,0.010243156054247046,0.874827361472957,0.8232908708297946,0.7271295072141124,0.827381582129015,0.905081274411177,0.8315421192114114,0.06044668106340256,27,0.8889581209873996,0.8940914931455837,0.8940914931455837,0.9563810156211905,0.9200490734405489,0.9107142392680613,0.025292503440590433,0.98828125,0.9644607843137255,0.9384191176470587,0.8857230392156863,0.9678308823529411,0.9489430147058823,0.03536259940727203,26,0.9781326593137256,0.9830983231707318,0.9746570121951219,0.9902820121951219,0.9850038109756099,0.9822347635700621,0.005429938201892694,0.9886227350156318,0.9631356951883137,0.9536989154636213,0.9203569520720476,0.9834269927674073,0.9618482581014044,0.024380779969142626,24,0.9842858366767061,0.9879288964502726,0.980978245468576,0.992533819601225,0.9892985999633287,0.9870050796320218,0.00400992895085629,-0.04374682393838973,-0.05993529542850094,-0.1110562641080633,-0.08478738334147909,-0.04338470828878557,-0.06858209502104373,0.026050460803059335,27,-0.04538571568687691,-0.0388502596698627,-0.0441433069172911,-0.019620084196607244,-0.033316970833884914,-0.036263267460904566,0.009356097745773485
0.06144585609436035,0.008820199664432675,0.13510804176330565,0.010958690240570368,0.008188100961538462,,"{'model__ccp_alpha': 0.008188100961538462, 'model__class_weight': None}",0.9642857142857143,0.9036144578313253,0.9036144578313253,0.9036144578313253,0.9397590361445783,0.9229776247848538,0.02495103496388895,26,0.963855421686747,0.9579579579579579,0.9669669669669669,0.972972972972973,0.9579579579579579,0.9639422555085204,0.00569796300074979,0.953125,0.9041053921568627,0.8982843137254901,0.8924632352941176,0.9451593137254901,0.9186274509803921,0.025311342269459712,28,0.9574908088235294,0.9585175304878049,0.9629001524390244,0.9692454268292683,0.9585175304878049,0.9613342898134863,0.00437444000901417,1.0,0.9019607843137255,0.9215686274509803,0.9411764705882353,0.9215686274509803,0.9372549019607843,0.03373460889036325,21,0.9852941176470589,0.9560975609756097,0.9804878048780488,0.9853658536585366,0.9560975609756097,0.9726685796269727,0.01364523785020967,0.90625,0.90625,0.875,0.84375,0.96875,0.9,0.0414578098794425,31,0.9296875,0.9609375,0.9453125,0.953125,0.9609375,0.95,0.011692679333668566,0.9454545454545454,0.9387755102040817,0.9215686274509803,0.9056603773584906,0.9791666666666666,0.9381251454269529,0.0247654153932674,31,0.9571428571428572,0.9751243781094527,0.9663461538461539,0.9711538461538461,0.9751243781094527,0.9689783226723525,0.006742217058502831,0.9719626168224299,0.92,0.9215686274509803,0.9230769230769231,0.9494949494949495,0.9372206233690565,0.020490213734127224,25,0.9710144927536232,0.9655172413793104,0.9733656174334141,0.9782082324455206,0.9655172413793104,0.9707245650782357,0.004843489095160469,0.9256447384489266,0.7999212238036937,0.7965686274509803,0.795225852505303,0.8775076195864663,0.8389736123590741,0.053355209867159394,26,0.9237253768155185,0.9119748492938903,0.930063414016701,0.9428124000154481,0.9119748492938903,0.9241101778870895,0.011660999999553183,0.9894831730769231,0.9659926470588236,0.9080882352941178,0.876531862745098,0.9662990196078431,0.9412789875565611,0.04208141318591974,30,0.9906556372549019,0.984375,0.9769245426829267,0.9777057926829268,0.9840891768292683,0.9827500298900048,0.005026193398434498,0.9893116687234335,0.9657601728941048,0.928005398955075,0.8775102647746916,0.9818013425073033,0.9484777695709216,0.04130872545481049,30,0.9922465362215176,0.9892660816781098,0.9758466307856551,0.9742632095367089,0.988466759717066,0.9840178435878115,0.007442712467463226,-0.02974963067054197,-0.06522582188654355,-0.09144372289678877,-0.0924959885897787,-0.04911994042951725,-0.06560702089463405,0.024282805944488776,25,-0.029029274994715703,-0.034184151914648374,-0.031077141815396846,-0.02569916598579019,-0.0355450366088664,-0.0311069542638835,0.0035419637002945007
0.06019048690795899,0.001978373167653517,0.1270904541015625,0.011274262605546285,0.008188100961538462,balanced,"{'model__ccp_alpha': 0.008188100961538462, 'model__class_weight': 'balanced'}",0.9404761904761905,0.9156626506024096,0.8674698795180723,0.9156626506024096,0.9518072289156626,0.918215720022949,0.02902445406882777,27,0.9457831325301205,0.948948948948949,0.948948948948949,0.978978978978979,0.960960960960961,0.9567241940735917,0.012278773114912978,0.9399038461538461,0.9139093137254901,0.8688725490196079,0.9197303921568627,0.9607843137254901,0.9206400829562595,0.03068765288599535,26,0.9500612745098039,0.9512004573170731,0.9512004573170731,0.9814596036585366,0.965358231707317,0.9598560049019607,0.012188221613477938,0.9423076923076923,0.9215686274509803,0.8627450980392157,0.9019607843137255,0.9215686274509803,0.9100301659125188,0.02686672091160384,33,0.9313725490196079,0.9414634146341463,0.9414634146341463,0.9707317073170731,0.9463414634146341,0.9462745098039216,0.013164503041632742,0.9375,0.90625,0.875,0.9375,1.0,0.93125,0.0414578098794425,22,0.96875,0.9609375,0.9609375,0.9921875,0.984375,0.9734375,0.012693810007243688,0.9607843137254902,0.94,0.9166666666666666,0.9583333333333334,1.0,0.9551568627450979,0.02743680306167778,24,0.979381443298969,0.9747474747474747,0.9747474747474747,0.995,0.9897959183673469,0.9827344622322529,0.008235705842377506,0.9514563106796117,0.9306930693069307,0.8888888888888888,0.9292929292929293,0.9591836734693877,0.9319029743275496,0.024433817792274836,27,0.9547738693467337,0.9578163771712159,0.9578163771712159,0.9827160493827161,0.9675810473815462,0.9641407440906855,0.010243156054247046,0.874827361472957,0.8232908708297946,0.7271295072141124,0.827381582129015,0.905081274411177,0.8315421192114114,0.06044668106340256,27,0.8889581209873996,0.8940914931455837,0.8940914931455837,0.9563810156211905,0.9200490734405489,0.9107142392680613,0.025292503440590433,0.98828125,0.9644607843137255,0.9384191176470587,0.8857230392156863,0.9678308823529411,0.9489430147058823,0.03536259940727203,26,0.9781326593137256,0.9830983231707318,0.9746570121951219,0.9902820121951219,0.9850038109756099,0.9822347635700621,0.005429938201892694,0.9886227350156318,0.9631356951883137,0.9536989154636213,0.9203569520720476,0.9834269927674073,0.9618482581014044,0.024380779969142626,24,0.9842858366767061,0.9879288964502726,0.980978245468576,0.992533819601225,0.9892985999633287,0.9870050796320218,0.00400992895085629,-0.04374682393838973,-0.05993529542850094,-0.1110562641080633,-0.08478738334147909,-0.04338470828878557,-0.06858209502104373,0.026050460803059335,27,-0.04538571568687691,-0.0388502596698627,-0.0441433069172911,-0.019620084196607244,-0.033316970833884914,-0.036263267460904566,0.009356097745773485
0.06516003608703613,0.0067158096369303024,0.13948502540588378,0.004782202970541976,0.01058821352939001,,"{'model__ccp_alpha': 0.01058821352939001, 'model__class_weight': None}",0.9523809523809523,0.891566265060241,0.8433734939759037,0.891566265060241,0.9036144578313253,0.8965002868617326,0.034768967405042275,32,0.9246987951807228,0.93993993993994,0.9309309309309309,0.9309309309309309,0.9219219219219219,0.9296845037808893,0.006219262005351263,0.9435096153846154,0.8943014705882353,0.8434436274509804,0.8710171568627452,0.8924632352941176,0.8889470211161388,0.032894222750484765,32,0.9198069852941176,0.9438833841463414,0.926295731707317,0.9233612804878049,0.9057736280487805,0.9238242019368723,0.012252793916745452,0.9807692307692307,0.8823529411764706,0.8431372549019608,0.9607843137254902,0.9411764705882353,0.9216440422322776,0.051217908603687634,29,0.9411764705882353,0.926829268292683,0.9463414634146341,0.9560975609756097,0.975609756097561,0.9492109038737446,0.016236063949274696,0.90625,0.90625,0.84375,0.78125,0.84375,0.85625,0.04677071733467427,33,0.8984375,0.9609375,0.90625,0.890625,0.8359375,0.8984375,0.03983608994994363,0.9444444444444444,0.9375,0.8958333333333334,0.875,0.9056603773584906,0.9116876310272536,0.025972893676988767,32,0.9365853658536586,0.9743589743589743,0.941747572815534,0.9333333333333333,0.9049773755656109,0.9382005243854223,0.022136354534471228,0.9622641509433962,0.9090909090909091,0.8686868686868687,0.9158878504672897,0.9230769230769231,0.9158013404530774,0.029921690072699743,33,0.9388753056234719,0.95,0.9440389294403893,0.944578313253012,0.9389671361502347,0.9432919368934216,0.004133313583277783,0.8989844697897049,0.7772555446715637,0.6770034697566611,0.770917972153586,0.795225852505303,0.7838774617753638,0.07072801084941276,32,0.8408546570597543,0.8766453843862633,0.8538614855869606,0.8534161241177856,0.8355848955982882,0.8520725093498104,0.014188118560259071,0.9723557692307693,0.9466911764705883,0.8918504901960783,0.9007352941176472,0.8881740196078431,0.9199613499245853,0.033555788850344735,32,0.9601524203431373,0.9690167682926829,0.9584413109756098,0.9562690548780488,0.9383384146341464,0.956443593824725,0.010036522919091004,0.9772191329420244,0.9547974799334136,0.9055828483273557,0.8944321672858535,0.8881760733097243,0.9240415403596742,0.03543318835215838,32,0.9692298500688116,0.9793186792771502,0.9627863815815118,0.9565541929093472,0.934288738549362,0.9604355684772365,0.015087474116108156,-0.044445920147250274,-0.0789224436643099,-0.13034436822654658,-0.09552198863761245,-0.09214657408347973,-0.0882762589518398,0.02773372753888122,32,-0.06306358573648399,-0.04925322876393213,-0.05855130852857814,-0.05810795818839683,-0.06672803354913004,-0.05914082295330423,0.005867413198535858
0.0603060245513916,0.01128684231929603,0.13778910636901856,0.005453773513092345,0.01058821352939001,balanced,"{'model__ccp_alpha': 0.01058821352939001, 'model__class_weight': 'balanced'}",0.9285714285714286,0.9036144578313253,0.8674698795180723,0.891566265060241,0.9156626506024096,0.9013769363166955,0.020950256873945524,31,0.9216867469879518,0.9369369369369369,0.9429429429429429,0.960960960960961,0.9309309309309309,0.9386917037519448,0.013164119470744001,0.9242788461538461,0.9041053921568627,0.8630514705882353,0.8943014705882353,0.9313725490196079,0.9034219457013576,0.02420608166781668,31,0.9231770833333333,0.9414443597560975,0.9375190548780488,0.9609565548780488,0.940967987804878,0.9408130081300812,0.012066988610469077,0.9423076923076923,0.9019607843137255,0.8823529411764706,0.8823529411764706,0.8627450980392157,0.894343891402715,0.026998491704374048,37,0.9166666666666666,0.9219512195121952,0.9609756097560975,0.9609756097560975,0.8975609756097561,0.9316260162601626,0.02530062490786347,0.90625,0.90625,0.84375,0.90625,1.0,0.9125,0.05,28,0.9296875,0.9609375,0.9140625,0.9609375,0.984375,0.95,0.024999999999999998,0.9423076923076923,0.9387755102040817,0.9,0.9375,1.0,0.9437166405023547,0.032074936433073624,30,0.9540816326530612,0.9742268041237113,0.9471153846153846,0.9752475247524752,0.989247311827957,0.9679837315945179,0.015314272758507422,0.9423076923076923,0.92,0.8910891089108911,0.9090909090909091,0.9263157894736842,0.9177606999566355,0.017130661968404116,31,0.935,0.9473684210526315,0.9539951573849879,0.9680589680589681,0.9411764705882353,0.9491198034169646,0.011384144753104857,0.8485576923076923,0.7999212238036937,0.7221315188255415,0.7772555446715637,0.8413640197772702,0.7978459998771522,0.046100867336808564,31,0.8376733816367339,0.8709227159181467,0.8790674700217129,0.9180378211650528,0.8639802887900749,0.8739363355063443,0.026055618094025255,0.9735576923076923,0.9255514705882353,0.9301470588235293,0.8771446078431373,0.9583333333333334,0.9329468325791854,0.033076078201568236,31,0.9605928308823529,0.9596417682926829,0.9700838414634146,0.9748094512195122,0.9686737804878048,0.9667603344691535,0.005800126546379664,0.9785355669971054,0.9192666859301138,0.9469498910675381,0.9120369574075153,0.9716635452842014,0.9456905293372948,0.02677970295675553,31,0.9723029526789022,0.9642048344619607,0.9766847905055009,0.9742900361360677,0.9789645592148437,0.9732894345994552,0.005064381320590355,-0.05852624337061316,-0.0750926011060812,-0.1147596088229782,-0.09986832848037094,-0.06820188495576984,-0.08328973334716268,0.020848354663772745,29,-0.06511065945557659,-0.052081221546049244,-0.050982027376657246,-0.034353025081756826,-0.05391898295271822,-0.05128918328255163,0.009853975582174174
0.06449971199035645,0.018210511144626296,0.15794291496276855,0.022713121471018057,0.01278409090909091,,"{'model__ccp_alpha': 0.01278409090909091, 'model__class_weight': None}",0.9523809523809523,0.9156626506024096,0.8433734939759037,0.8795180722891566,0.891566265060241,0.8965002868617326,0.03640066281885894,32,0.9246987951807228,0.9309309309309309,0.9309309309309309,0.9279279279279279,0.9099099099099099,0.9248796989760845,0.007831396132931868,0.9435096153846154,0.9139093137254901,0.8434436274509804,0.8553921568627452,0.8826593137254901,0.8877828054298643,0.03695791868907366,33,0.9198069852941176,0.9306974085365853,0.926295731707317,0.9150533536585366,0.8960175304878049,0.9175742019368723,0.012035893938726156,0.9807692307692307,0.9215686274509803,0.8431372549019608,0.9607843137254902,0.9215686274509803,0.9255656108597285,0.04714696660719474,28,0.9411764705882353,0.9317073170731708,0.9463414634146341,0.9707317073170731,0.9560975609756097,0.9492109038737446,0.013339658050624486,0.90625,0.90625,0.84375,0.75,0.84375,0.85,0.05728219618694799,34,0.8984375,0.9296875,0.90625,0.859375,0.8359375,0.8859375,0.03372973928894203,0.9444444444444444,0.94,0.8958333333333334,0.8596491228070176,0.9038461538461539,0.9087546108861899,0.03115265601484047,33,0.9365853658536586,0.955,0.941747572815534,0.9170506912442397,0.9032258064516129,0.930721887273009,0.01837557586431864,0.9622641509433962,0.9306930693069307,0.8686868686868687,0.9074074074074074,0.912621359223301,0.9163345711135807,0.030592412505833076,32,0.9388753056234719,0.9432098765432099,0.9440389294403893,0.943127962085308,0.9289099526066351,0.9396324052598028,0.005656480609297386,0.8989844697897049,0.8232908708297946,0.6770034697566611,0.745888326332222,0.7700516263534218,0.7830437526123608,0.07464039530885246,33,0.8408546570597543,0.8555459728533569,0.8538614855869606,0.847533701940434,0.8086627916365825,0.8412917218154178,0.017117143803929598,0.9723557692307693,0.948529411764706,0.8918504901960783,0.882046568627451,0.8832720588235294,0.9156108597285069,0.037524740276211485,34,0.9601524203431373,0.9663871951219511,0.9584413109756098,0.9400533536585366,0.9256859756097562,0.9501440511417982,0.01505238410093132,0.9772191329420244,0.9549464532795173,0.9055828483273557,0.8747711364207904,0.8782086484832102,0.9181456438905796,0.04117793587146034,34,0.9692298500688116,0.9771331438500399,0.9627863815815118,0.9370515704442136,0.9251601999000814,0.9542722291689316,0.01981365170487098,-0.044445920147250274,-0.06743486067930865,-0.13034436822654658,-0.10283797039414996,-0.10126517448169123,-0.08926565878578933,0.030003496817010068,33,-0.06306358573648399,-0.055430834941538304,-0.05855130852857814,-0.06396695973638393,-0.07742079317805987,-0.06368669642420885,0.007531582645859807
0.11859025955200195,0.05198619651112583,0.2599308967590332,0.07037158742497815,0.01278409090909091,balanced,"{'model__ccp_alpha': 0.01278409090909091, 'model__class_weight': 'balanced'}",0.9285714285714286,0.927710843373494,0.8674698795180723,0.891566265060241,0.9036144578313253,0.9037865748709122,0.02304312285188236,29,0.9216867469879518,0.93993993993994,0.9429429429429429,0.933933933933934,0.9039039039039038,0.9284814935417345,0.014285552926019273,0.9242788461538461,0.9237132352941176,0.8630514705882353,0.8943014705882353,0.9215686274509804,0.9053827300150831,0.023957394432065935,29,0.9231770833333333,0.938014481707317,0.9375190548780488,0.9331364329268292,0.9102134146341463,0.928412093495935,0.010545702743324043,0.9423076923076923,0.9411764705882353,0.8823529411764706,0.8823529411764706,0.8431372549019608,0.8982654600301659,0.03827952080237737,35,0.9166666666666666,0.9463414634146341,0.9609756097560975,0.9365853658536586,0.8829268292682927,0.9286991869918699,0.027037379598711275,0.90625,0.90625,0.84375,0.90625,1.0,0.9125,0.05,28,0.9296875,0.9296875,0.9140625,0.9296875,0.9375,0.928125,0.007654655446197431,0.9423076923076923,0.9411764705882353,0.9,0.9375,1.0,0.9441968325791855,0.03201528543787607,28,0.9540816326530612,0.9556650246305419,0.9471153846153846,0.9552238805970149,0.9576719576719577,0.953951576033592,0.0036096075233250885,0.9423076923076923,0.9411764705882353,0.8910891089108911,0.9090909090909091,0.9148936170212766,0.9197115595838008,0.01962948337809788,29,0.935,0.9509803921568627,0.9539951573849879,0.9458128078817734,0.9187817258883249,0.9409140166623897,0.012816085218209428,0.8485576923076923,0.8474264705882353,0.7221315188255415,0.7772555446715637,0.8212854582430938,0.8033313369272254,0.04813628965201726,29,0.8376733816367339,0.8735357538333325,0.8790674700217129,0.8614927606407938,0.8055817542831479,0.8514702240831443,0.02700019017590785,0.9735576923076923,0.9457720588235294,0.9246323529411764,0.9142156862745098,0.9552696078431373,0.942689479638009,0.02124817736449873,28,0.9605928308823529,0.9524390243902439,0.9482088414634147,0.9559641768292683,0.9639291158536585,0.9562267978837877,0.005605207744039932,0.9785355669971054,0.9438324242872511,0.9334148422383717,0.9221605582136243,0.9678188701592495,0.9491524523791204,0.021053930748806897,28,0.9723029526789022,0.9555605426034551,0.9475779739430155,0.9597650323575585,0.9744487669285797,0.9619310537023023,0.010154362525525524,-0.05852624337061316,-0.06581873179936108,-0.11622373187393292,-0.09834109114881544,-0.07776086443001763,-0.08333413252454805,0.021261309915453667,30,-0.06511065945557659,-0.056049288444897254,-0.05411758934776568,-0.059189068785635096,-0.06463250123483043,-0.059819821453741005,0.004433623180345695
0.08336386680603028,0.013732918686830999,0.19851331710815429,0.023636397342718465,0.013779958828634406,,"{'model__ccp_alpha': 0.013779958828634406, 'model__class_weight': None}",0.9523809523809523,0.891566265060241,0.8433734939759037,0.8795180722891566,0.891566265060241,0.8916810097532988,0.035117125440529764,34,0.9246987951807228,0.9069069069069069,0.9309309309309309,0.9129129129129129,0.9099099099099099,0.9170718911682766,0.009188695540342818,0.9435096153846154,0.8943014705882353,0.8434436274509804,0.8553921568627452,0.8826593137254901,0.8838612368024134,0.034964106813609334,34,0.9198069852941176,0.9111852134146341,0.926295731707317,0.902858231707317,0.8960175304878049,0.9112327385222383,0.01097313674351063,0.9807692307692307,0.8823529411764706,0.8431372549019608,0.9607843137254902,0.9215686274509803,0.9177224736048266,0.05031494258386484,31,0.9411764705882353,0.8926829268292683,0.9463414634146341,0.9463414634146341,0.9560975609756097,0.9365279770444763,0.022448049203940643,0.90625,0.90625,0.84375,0.75,0.84375,0.85,0.05728219618694799,34,0.8984375,0.9296875,0.90625,0.859375,0.8359375,0.8859375,0.03372973928894203,0.9444444444444444,0.9375,0.8958333333333334,0.8596491228070176,0.9038461538461539,0.9082546108861898,0.03066337534690476,34,0.9365853658536586,0.953125,0.941747572815534,0.9150943396226415,0.9032258064516129,0.9299556169486893,0.018194309207322144,0.9622641509433962,0.9090909090909091,0.8686868686868687,0.9074074074074074,0.912621359223301,0.9120141390703764,0.029773988710167103,34,0.9388753056234719,0.9219143576826196,0.9440389294403893,0.9304556354916067,0.9289099526066351,0.9328388361689445,0.007776130843515004,0.8989844697897049,0.7772555446715637,0.6770034697566611,0.745888326332222,0.7700516263534218,0.7738366873807146,0.07189682278761379,34,0.8408546570597543,0.8096349157668423,0.8538614855869606,0.8148985358877463,0.8086627916365825,0.8255824771875773,0.01837220112132137,0.9723557692307693,0.9604779411764707,0.8918504901960783,0.8774509803921569,0.8832720588235294,0.917081447963801,0.04071549139711656,33,0.9601524203431373,0.9596417682926829,0.9584413109756098,0.9238376524390244,0.9256859756097562,0.9455518255320421,0.01699411661184058,0.9772191329420244,0.9711809126395368,0.9055828483273557,0.8707473266203543,0.8782086484832102,0.9205877738024963,0.0453254558984958,33,0.9692298500688116,0.970551678149975,0.9627863815815118,0.923618849906874,0.9251601999000814,0.9502693919214508,0.02129914576503198,-0.044445920147250274,-0.06827066990259638,-0.13034436822654658,-0.10311485745144777,-0.10126517448169123,-0.08948819804190644,0.02990852708230551,34,-0.06306358573648399,-0.06844742295812632,-0.05855130852857814,-0.07712268809829786,-0.07742079317805987,-0.06892115969990924,0.007504375388872062
0.0978166103363037,0.012022599063725273,0.20933260917663574,0.029834864459184585,0.013779958828634406,balanced,"{'model__ccp_alpha': 0.013779958828634406, 'model__class_weight': 'balanced'}",0.9285714285714286,0.927710843373494,0.8674698795180723,0.891566265060241,0.9036144578313253,0.9037865748709122,0.02304312285188236,29,0.9216867469879518,0.93993993993994,0.9429429429429429,0.933933933933934,0.9039039039039038,0.9284814935417345,0.014285552926019273,0.9242788461538461,0.9237132352941176,0.8630514705882353,0.8943014705882353,0.9215686274509804,0.9053827300150831,0.023957394432065935,29,0.9231770833333333,0.938014481707317,0.9375190548780488,0.9331364329268292,0.9102134146341463,0.928412093495935,0.010545702743324043,0.9423076923076923,0.9411764705882353,0.8823529411764706,0.8823529411764706,0.8431372549019608,0.8982654600301659,0.03827952080237737,35,0.9166666666666666,0.9463414634146341,0.9609756097560975,0.9365853658536586,0.8829268292682927,0.9286991869918699,0.027037379598711275,0.90625,0.90625,0.84375,0.90625,1.0,0.9125,0.05,28,0.9296875,0.9296875,0.9140625,0.9296875,0.9375,0.928125,0.007654655446197431,0.9423076923076923,0.9411764705882353,0.9,0.9375,1.0,0.9441968325791855,0.03201528543787607,28,0.9540816326530612,0.9556650246305419,0.9471153846153846,0.9552238805970149,0.9576719576719577,0.953951576033592,0.0036096075233250885,0.9423076923076923,0.9411764705882353,0.8910891089108911,0.9090909090909091,0.9148936170212766,0.9197115595838008,0.01962948337809788,29,0.935,0.9509803921568627,0.9539951573849879,0.9458128078817734,0.9187817258883249,0.9409140166623897,0.012816085218209428,0.8485576923076923,0.8474264705882353,0.7221315188255415,0.7772555446715637,0.8212854582430938,0.8033313369272254,0.04813628965201726,29,0.8376733816367339,0.8735357538333325,0.8790674700217129,0.8614927606407938,0.8055817542831479,0.8514702240831443,0.02700019017590785,0.9735576923076923,0.9457720588235294,0.9246323529411764,0.9142156862745098,0.9552696078431373,0.942689479638009,0.02124817736449873,28,0.9605928308823529,0.9524390243902439,0.9482088414634147,0.9559641768292683,0.9639291158536585,0.9562267978837877,0.005605207744039932,0.9785355669971054,0.9438324242872511,0.9334148422383717,0.9221605582136243,0.9678188701592495,0.9491524523791204,0.021053930748806897,28,0.9723029526789022,0.9555605426034551,0.9475779739430155,0.9597650323575585,0.9744487669285797,0.9619310537023023,0.010154362525525524,-0.05852624337061316,-0.06581873179936108,-0.11622373187393292,-0.09834109114881544,-0.07776086443001763,-0.08333413252454805,0.021261309915453667,30,-0.06511065945557659,-0.056049288444897254,-0.05411758934776568,-0.059189068785635096,-0.06463250123483043,-0.059819821453741005,0.004433623180345695
0.0788647174835205,0.014339732831232405,0.18772921562194825,0.018153456190860506,0.022266395463510842,,"{'model__ccp_alpha': 0.022266395463510842, 'model__class_weight': None}",0.9047619047619048,0.8795180722891566,0.7951807228915663,0.8795180722891566,0.891566265060241,0.870109007458405,0.03860711340006187,36,0.8825301204819277,0.8888888888888888,0.8978978978978979,0.9129129129129129,0.9099099099099099,0.8984279460183074,0.011710381543393954,0.8810096153846154,0.8553921568627452,0.7867647058823529,0.8553921568627452,0.8826593137254901,0.8522435897435898,0.03481353667194498,36,0.8622089460784313,0.8686737804878049,0.8891958841463414,0.902858231707317,0.8960175304878049,0.8837908745815399,0.015726255260295457,0.9807692307692307,0.9607843137254902,0.8235294117647058,0.9607843137254902,0.9215686274509803,0.9294871794871795,0.05635356601642222,25,0.9509803921568627,0.9560975609756097,0.926829268292683,0.9463414634146341,0.9560975609756097,0.9472692491630799,0.010847159679990165,0.78125,0.75,0.75,0.75,0.84375,0.775,0.03644344934278313,40,0.7734375,0.78125,0.8515625,0.859375,0.8359375,0.8203125,0.03597145135381668,0.8793103448275862,0.8596491228070176,0.84,0.8596491228070176,0.9038461538461539,0.8684909488575551,0.021610829653495093,40,0.8699551569506726,0.875,0.9090909090909091,0.9150943396226415,0.9032258064516129,0.8944732424231672,0.018416606046171537,0.9272727272727272,0.9074074074074074,0.8316831683168316,0.9074074074074074,0.912621359223301,0.897278413925535,0.033594624772298146,36,0.9086651053864169,0.9137529137529138,0.9178743961352657,0.9304556354916067,0.9289099526066351,0.9199316006745676,0.008493624561005443,0.8004642157025393,0.745888326332222,0.5703924908191619,0.745888326332222,0.7700516263534218,0.7265369971079133,0.08060869846011011,36,0.7508333530089002,0.7643933589123144,0.7832423543926498,0.8148985358877463,0.8086627916365825,0.7844060787676386,0.02468671377777157,0.944110576923077,0.9319852941176471,0.8759191176470587,0.8774509803921569,0.8832720588235294,0.9025476055806937,0.02934117162445878,36,0.900045955882353,0.9030106707317073,0.9463033536585366,0.9238376524390244,0.9256859756097562,0.9197767216642756,0.01688476371243016,0.9456059340011594,0.9371709270996824,0.8912117810598691,0.8707473266203543,0.8782086484832102,0.904588923452855,0.030867791104034006,36,0.8991267340904762,0.9014403869719996,0.9515887353073076,0.923618849906874,0.9251601999000814,0.9201869812353477,0.0190659360721648,-0.07471776516985906,-0.09075179538630897,-0.13149600065572992,-0.10311485745144777,-0.10126517448169123,-0.10026911862900738,0.018588489035520857,35,-0.09781070245369668,-0.09378516671692272,-0.0762257846111126,-0.07712268809829786,-0.07742079317805987,-0.08447302701161793,0.009342248374838743
0.07828245162963868,0.008385087625815689,0.17483386993408204,0.01939301746348769,0.022266395463510842,balanced,"{'model__ccp_alpha': 0.022266395463510842, 'model__class_weight': 'balanced'}",0.8690476190476191,0.8433734939759037,0.8313253012048193,0.8795180722891566,0.891566265060241,0.8629661503155479,0.02242290106681334,37,0.8825301204819277,0.9069069069069069,0.9219219219219219,0.9159159159159159,0.9099099099099099,0.9074369550273165,0.0134792722920852,0.8581730769230769,0.8318014705882353,0.8161764705882353,0.8553921568627452,0.8826593137254901,0.8488404977375567,0.022939052736236906,37,0.8811274509803921,0.9023818597560975,0.9101753048780488,0.905297256097561,0.8960175304878049,0.8989998804399807,0.010042937634611773,0.9038461538461539,0.8823529411764706,0.8823529411764706,0.9607843137254902,0.9215686274509803,0.9101809954751131,0.02925510352238438,32,0.8872549019607843,0.9219512195121952,0.9609756097560975,0.9512195121951219,0.9560975609756097,0.9354997608799618,0.027682226108013366,0.8125,0.78125,0.75,0.75,0.84375,0.7875,0.03644344934278313,39,0.875,0.8828125,0.859375,0.859375,0.8359375,0.8625,0.016086922095292187,0.8867924528301887,0.8653846153846154,0.8490566037735849,0.8596491228070176,0.9038461538461539,0.872945789728312,0.01975463740959693,39,0.9187817258883249,0.9264705882352942,0.9162790697674419,0.9154929577464789,0.9032258064516129,0.9160500296178306,0.007494980916468924,0.8952380952380953,0.8737864077669902,0.8653846153846154,0.9074074074074074,0.912621359223301,0.8908875770040818,0.018477229963667158,37,0.9027431421446384,0.9242053789731052,0.9380952380952381,0.9330143540669856,0.9289099526066351,0.9253936131773205,0.012216606310849767,0.7209096064080793,0.6677068945882753,0.640650335507785,0.745888326332222,0.7700516263534218,0.7090413578379566,0.04818023881878142,37,0.755301412964835,0.80360080977659,0.8342979702112022,0.8213062917204821,0.8086627916365825,0.8046338552619385,0.026866035165130264,0.9477163461538463,0.9145220588235294,0.902267156862745,0.8872549019607843,0.8832720588235294,0.907006504524887,0.023193472765993445,35,0.9470932904411765,0.9402629573170731,0.9389481707317073,0.9436166158536585,0.9256859756097562,0.9391214019906743,0.007288371461590022,0.9572357344919851,0.9181412639523722,0.9185530776970464,0.8879947191234855,0.8782086484832102,0.9120266887496198,0.02773097550072995,35,0.960202469890077,0.944146574861696,0.9388967876658307,0.9466003984586887,0.9251601999000814,0.9430012861552747,0.01136043383051162,-0.08163939673255313,-0.11011499149444902,-0.1338145567320985,-0.10665368036389967,-0.10438851220361316,-0.10732222750532268,0.01660303873279436,37,-0.08444837150652558,-0.07874928332441063,-0.07043639743370274,-0.0735241576368045,-0.0794009620173123,-0.07731183438375115,0.004878093976636791
0.06645321846008301,0.008252155536937398,0.16077108383178712,0.012161765336336281,0.03563849532823117,,"{'model__ccp_alpha': 0.03563849532823117, 'model__class_weight': None}",0.8809523809523809,0.8795180722891566,0.8554216867469879,0.8674698795180723,0.9036144578313253,0.8773952954675845,0.01603718725720483,35,0.8614457831325302,0.8888888888888888,0.8948948948948949,0.8648648648648649,0.8828828828828829,0.8785954629328124,0.013210972035272647,0.8677884615384616,0.8553921568627452,0.8357843137254901,0.8630514705882353,0.8924632352941176,0.8628959276018101,0.018382235709492,35,0.8537837009803921,0.8686737804878049,0.8735518292682927,0.855030487804878,0.8593940548780488,0.8620867706838833,0.007756533755247442,0.9230769230769231,0.9607843137254902,0.9215686274509803,0.8823529411764706,0.9411764705882353,0.9257918552036198,0.02597423456003532,27,0.8872549019607843,0.9560975609756097,0.9658536585365853,0.8975609756097561,0.9609756097560975,0.9335485413677667,0.033889611681679144,0.8125,0.75,0.75,0.84375,0.84375,0.8,0.042389562394532926,37,0.8203125,0.78125,0.78125,0.8125,0.7578125,0.790625,0.022857404434887176,0.8888888888888888,0.8596491228070176,0.8545454545454545,0.9,0.9056603773584906,0.8817487687199703,0.020901045134159163,37,0.8872549019607843,0.875,0.8761061946902655,0.8846153846153846,0.8640350877192983,0.8774023137971465,0.008188231231305833,0.9056603773584906,0.9074074074074074,0.8867924528301887,0.8910891089108911,0.9230769230769231,0.9028052539167802,0.012914720048028547,35,0.8872549019607843,0.9137529137529138,0.9187935034802784,0.8910411622276029,0.9099307159353349,0.9041546394713829,0.01262814856835416,0.7454993164109748,0.745888326332222,0.691337502710091,0.7221315188255415,0.795225852505303,0.7400165033568266,0.0340650247411878,35,0.7075674019607843,0.7643933589123144,0.7782455930113378,0.7133306520380016,0.7525246435182896,0.7432123298881456,0.028021992287538135,0.921875,0.9319852941176471,0.8973651960784312,0.8507965686274509,0.8832720588235294,0.8970588235294116,0.028865432393014315,37,0.8765510110294117,0.9030106707317073,0.9115091463414635,0.894359756097561,0.9146150914634147,0.9000091351327116,0.01368789614233307,0.9305907767446229,0.9371709270996824,0.907802711317115,0.852587942807645,0.878322593716957,0.9012949903372045,0.03189916568718211,37,0.8828450417712124,0.9014403869719996,0.9086413352656715,0.9028081781502364,0.9156329910182318,0.9022735866354703,0.01093133361844681,-0.0952947217243796,-0.09075179538630897,-0.1144458384842386,-0.1255765155217455,-0.09535426128608027,-0.10428462648055059,0.013418659365103173,36,-0.1149171950282925,-0.09378516671692272,-0.08811058547417153,-0.10770108467669445,-0.09267329998462073,-0.0994374663761404,0.010138146338839799
0.07490010261535644,0.01561368251360561,0.15872750282287598,0.017123986095842977,0.03563849532823117,balanced,"{'model__ccp_alpha': 0.03563849532823117, 'model__class_weight': 'balanced'}",0.8809523809523809,0.8433734939759037,0.8072289156626506,0.7951807228915663,0.8795180722891566,0.8412507171543316,0.03556696812182038,38,0.8614457831325302,0.8648648648648649,0.8738738738738738,0.8648648648648649,0.8618618618618619,0.8653822497195991,0.004484015049334524,0.8677884615384616,0.8318014705882353,0.8082107843137255,0.7867647058823529,0.8728553921568627,0.8334841628959275,0.033320148201585784,38,0.8537837009803921,0.8682355182926829,0.8740853658536585,0.871169969512195,0.8525914634146341,0.8639732036107125,0.009006515029253844,0.9230769230769231,0.8823529411764706,0.803921568627451,0.8235294117647058,0.9019607843137255,0.8669683257918553,0.04576279290873911,38,0.8872549019607843,0.8536585365853658,0.8731707317073171,0.8439024390243902,0.8926829268292683,0.8701339072214251,0.018816677764503232,0.8125,0.78125,0.8125,0.75,0.84375,0.8,0.0318688719599549,37,0.8203125,0.8828125,0.875,0.8984375,0.8125,0.8578125,0.03472829807952011,0.8888888888888888,0.8653846153846154,0.8723404255319149,0.84,0.9019607843137255,0.873714942823829,0.02114737441528877,38,0.8872549019607843,0.9210526315789473,0.9179487179487179,0.9301075268817204,0.8840579710144928,0.9080843498769327,0.018770376633811647,0.9056603773584906,0.8737864077669902,0.8367346938775511,0.8316831683168316,0.9019607843137255,0.8699650863267179,0.031248184644583555,38,0.8872549019607843,0.8860759493670886,0.895,0.8849104859335039,0.8883495145631068,0.8883181703648967,0.003533220559700713,0.7454993164109748,0.6677068945882753,0.6053934588149229,0.5703924908191619,0.7457107843137255,0.666940588989412,0.07139522258919641,38,0.7075674019607843,0.7237569848084157,0.7387981191788419,0.7272263436756491,0.7073156366053249,0.7209328972458031,0.012089791932104953,0.921875,0.8857230392156862,0.8581495098039216,0.8216911764705883,0.8667279411764706,0.8708333333333333,0.03292306268433607,38,0.8765510110294117,0.8910060975609755,0.8969131097560975,0.8941501524390243,0.8898056402439023,0.8896852022058823,0.007020607891900531,0.9305907767446229,0.8989105744243944,0.8878339749127028,0.8408401520520585,0.866902886029381,0.8850156728326318,0.030191558076598027,38,0.8828450417712124,0.9059621512766571,0.9083578137236673,0.9118013150837698,0.8986677587770047,0.9015268161264622,0.010286719174540049,-0.09687409296909703,-0.11922399454937962,-0.1461813566752801,-0.16197088491412184,-0.11401641634971175,-0.12765334909151807,0.023346789458128278,38,-0.11822225273095482,-0.11257872392670662,-0.10723718807096809,-0.11042706300805599,-0.11443302196705131,-0.11257964994074736,0.003699986062305752
0.06242780685424805,0.004844213802574081,0.13432211875915528,0.00926364378507196,0.054981178955740784,,"{'model__ccp_alpha': 0.054981178955740784, 'model__class_weight': None}",0.8214285714285714,0.8674698795180723,0.8313253012048193,0.7710843373493976,0.8313253012048193,0.824526678141136,0.030991105659937134,39,0.8102409638554217,0.8648648648648649,0.8738738738738738,0.8228228228228228,0.8078078078078078,0.8359220666449583,0.027926854530719317,0.8497596153846154,0.8572303921568627,0.8219975490196079,0.7846200980392157,0.8336397058823529,0.8294494720965309,0.02556186000617316,39,0.8266697303921569,0.8564977134146341,0.8652820121951219,0.8428925304878049,0.8306974085365854,0.8444078790052606,0.014743193211081963,0.7307692307692307,0.9019607843137255,0.8627450980392157,0.7254901960784313,0.8235294117647058,0.8088989441930619,0.07047728191945603,39,0.7549019607843137,0.8926829268292683,0.9024390243902439,0.7560975609756098,0.7317073170731707,0.8075657580105211,0.07405784631898227,0.96875,0.8125,0.78125,0.84375,0.84375,0.85,0.0637377439199098,34,0.8984375,0.8203125,0.828125,0.9296875,0.9296875,0.88125,0.0480071609241788,0.9743589743589743,0.8846153846153846,0.8627450980392157,0.8809523809523809,0.8936170212765957,0.8992577718485103,0.038870736741104174,36,0.9221556886227545,0.8883495145631068,0.893719806763285,0.9451219512195121,0.9433962264150944,0.9185486375167506,0.023937470027725682,0.8351648351648352,0.8932038834951457,0.8627450980392157,0.7956989247311828,0.8571428571428571,0.8487911197146472,0.032377200047469516,39,0.8301886792452831,0.8905109489051095,0.8980582524271845,0.8401084010840109,0.8241758241758241,0.8566084211674824,0.03127170181513074,0.6811421548461681,0.7188792604708486,0.6439950980392157,0.554164961874298,0.6553414280809653,0.6507045806622991,0.054700362697120766,39,0.6360023943200628,0.7140575064297535,0.7327734951212753,0.6672747009231941,0.6441240520955535,0.6788464297779678,0.03827037520183501,0.8497596153846154,0.9111519607843136,0.8765318627450981,0.7846200980392157,0.8336397058823529,0.8511406485671191,0.04237745920062596,39,0.8266697303921569,0.8790967987804877,0.8875381097560976,0.8428925304878049,0.8306974085365854,0.8533789155906264,0.025163686814674232,0.8786982248520709,0.922747909953699,0.8936799099512236,0.8077970143880845,0.8443536348146026,0.8694553387919361,0.039860264531133935,39,0.8467395471282807,0.8849916211329899,0.892122420495084,0.8647545522917326,0.8554550869323074,0.868812645596079,0.017246559227615473,-0.12771457182254534,-0.10371917443069402,-0.12914754783538876,-0.167258951435775,-0.138455457008652,-0.13325914050661103,0.020509733690913586,39,-0.14107382168849597,-0.112767102251147,-0.1066633710379425,-0.13127086532339816,-0.13845498068009454,-0.12604602819621563,0.013850147109465272
0.06306366920471192,0.005972446815190246,0.1350403308868408,0.0073552592991722185,0.054981178955740784,balanced,"{'model__ccp_alpha': 0.054981178955740784, 'model__class_weight': 'balanced'}",0.8214285714285714,0.8433734939759037,0.8072289156626506,0.7108433734939759,0.8313253012048193,0.8028399311531841,0.04750274386925046,40,0.8102409638554217,0.8648648648648649,0.8738738738738738,0.8108108108108109,0.8078078078078078,0.8335196642425557,0.02942676779478403,0.8497596153846154,0.8318014705882353,0.8082107843137255,0.7472426470588236,0.8336397058823529,0.8141308446455506,0.035975919955084985,40,0.8266697303921569,0.8682355182926829,0.8740853658536585,0.8404725609756097,0.8306974085365854,0.8480321168101387,0.019498408991526803,0.7307692307692307,0.8823529411764706,0.803921568627451,0.5882352941176471,0.8235294117647058,0.7657616892911012,0.10112062035374986,40,0.7549019607843137,0.8536585365853658,0.8731707317073171,0.7121951219512195,0.7317073170731707,0.7851267336202772,0.06562704405146025,0.96875,0.78125,0.8125,0.90625,0.84375,0.8625,0.06731456008918131,32,0.8984375,0.8828125,0.875,0.96875,0.9296875,0.9109375,0.03444594950788844,0.9743589743589743,0.8653846153846154,0.8723404255319149,0.9090909090909091,0.8936170212765957,0.9029583891286019,0.03891570555404747,35,0.9221556886227545,0.9210526315789473,0.9179487179487179,0.9733333333333334,0.9433962264150944,0.9355773195797695,0.02092140632554437,0.8351648351648352,0.8737864077669902,0.8367346938775511,0.7142857142857143,0.8571428571428571,0.8234229016475896,0.056390638633730464,40,0.8301886792452831,0.8860759493670886,0.895,0.8225352112676056,0.8241758241758241,0.8515951328111603,0.03202325088578554,0.6811421548461681,0.6677068945882753,0.6053934588149229,0.49178070522549533,0.6553414280809653,0.6202729283111654,0.06916139613662979,40,0.6360023943200628,0.7237569848084157,0.7387981191788419,0.6657679034314468,0.6441240520955535,0.681689890766864,0.04191190618623777,0.8497596153846154,0.8857230392156862,0.8581495098039216,0.7472426470588236,0.8336397058823529,0.8349029034690799,0.04696749730268114,40,0.8266697303921569,0.8910060975609755,0.8969131097560975,0.8404725609756097,0.8306974085365854,0.8571517814442849,0.030444256031558422,0.8786982248520709,0.8989105744243944,0.8878339749127028,0.7877714064815411,0.8443536348146026,0.8595135630970624,0.04024669411259212,40,0.8467395471282807,0.9059621512766571,0.9083578137236673,0.8703804292096975,0.8554550869323074,0.877379005654122,0.02547586099119992,-0.1354424057449685,-0.11922399454937962,-0.1461813566752801,-0.2025221001803399,-0.13565019824407243,-0.1478040110788081,0.028684644254061312,40,-0.14581851921019529,-0.11257872392670662,-0.10723718807096809,-0.13664263090826884,-0.1433516634514033,-0.12912574511350844,0.016065129138677685
