true_label,predicted_label,prob_no,prob_yes,max_posterior
0,0,0.9988320416770434,0.00116795832295684,0.9988320416770434
0,0,0.9959269323637887,0.004073067636211115,0.9959269323637887
0,0,0.9966344222045226,0.003365577795477922,0.9966344222045226
0,0,0.9979106787408276,0.002089321259172067,0.9979106787408276
0,0,0.7959847320699125,0.20401526793008828,0.7959847320699125
0,0,0.9214204212721268,0.07857957872787216,0.9214204212721268
0,0,0.9533456236797542,0.0466543763202445,0.9533456236797542
1,1,0.03429682861171334,0.9657031713882857,0.9657031713882857
0,0,0.877238256249985,0.12276174375001468,0.877238256249985
0,0,0.8971521460258347,0.10284785397416515,0.8971521460258347
0,0,0.9968435274987483,0.0031564725012500185,0.9968435274987483
0,0,0.8506755409464279,0.1493244590535725,0.8506755409464279
0,0,0.9053944889520741,0.09460551104792497,0.9053944889520741
0,0,0.9931922609842686,0.006807739015729696,0.9931922609842686
0,0,0.9676471936095062,0.03235280639049318,0.9676471936095062
0,0,0.9568932075749075,0.043106792425093306,0.9568932075749075
0,0,0.9908874692860421,0.009112530713956787,0.9908874692860421
0,0,0.9610808984897629,0.03891910151023613,0.9610808984897629
1,1,0.1180578427846159,0.8819421572153836,0.8819421572153836
0,0,0.9982975377212936,0.0017024622787059917,0.9982975377212936
0,0,0.9052189552152711,0.09478104478472883,0.9052189552152711
0,0,0.9675852091291289,0.03241479087087084,0.9675852091291289
0,0,0.8278662131486638,0.17213378685133607,0.8278662131486638
0,0,0.9741481843532855,0.025851815646713242,0.9741481843532855
0,1,0.2744652213830779,0.7255347786169212,0.7255347786169212
0,0,0.9960472970502204,0.003952702949779959,0.9960472970502204
0,0,0.6991381150603244,0.30086188493967725,0.6991381150603244
0,0,0.9629696283869122,0.037030371613088385,0.9629696283869122
0,0,0.9659291761270755,0.03407082387292565,0.9659291761270755
0,0,0.9571599587355527,0.04284004126444723,0.9571599587355527
0,1,0.03736702465782974,0.9626329753421713,0.9626329753421713
0,0,0.9944003716947095,0.00559962830529108,0.9944003716947095
0,0,0.9870730327332395,0.012926967266760542,0.9870730327332395
0,0,0.610465457362123,0.3895345426378772,0.610465457362123
0,0,0.873942018066539,0.12605798193346135,0.873942018066539
0,0,0.9910377355462774,0.00896226445372343,0.9910377355462774
0,1,0.005616115451784455,0.9943838845482138,0.9943838845482138
0,0,0.979923410512051,0.020076589487948143,0.979923410512051
0,1,0.4702511048313409,0.5297488951686592,0.5297488951686592
0,1,0.39110775354855315,0.6088922464514476,0.6088922464514476
0,0,0.9079270435805017,0.09207295641949871,0.9079270435805017
0,0,0.8534196290940057,0.14658037090599496,0.8534196290940057
0,0,0.763888874392159,0.2361111256078405,0.763888874392159
0,0,0.9985895677301322,0.001410432269868076,0.9985895677301322
0,0,0.952726153235159,0.04727384676484163,0.952726153235159
0,0,0.9942376985999465,0.005762301400055013,0.9942376985999465
0,0,0.8986839713996789,0.10131602860032213,0.8986839713996789
1,0,0.9657763720978882,0.034223627902110705,0.9657763720978882
0,0,0.8294996623582763,0.17050033764172445,0.8294996623582763
0,0,0.9709680978183917,0.029031902181609136,0.9709680978183917
0,1,0.49905710113436336,0.500942898865635,0.500942898865635
0,0,0.8441237085523107,0.15587629144768808,0.8441237085523107
0,0,0.9631661450259769,0.036833854974024055,0.9631661450259769
0,0,0.7370904852581579,0.26290951474184293,0.7370904852581579
0,0,0.9889543738601333,0.01104562613986703,0.9889543738601333
0,0,0.9499786434711941,0.05002135652880425,0.9499786434711941
0,0,0.9639765249721295,0.036023475027871024,0.9639765249721295
0,0,0.9960384286506352,0.003961571349364418,0.9960384286506352
0,0,0.9070615035975664,0.09293849640243267,0.9070615035975664
0,0,0.944903214128522,0.05509678587147952,0.944903214128522
0,0,0.9361232190242652,0.06387678097573447,0.9361232190242652
0,0,0.8118793532861075,0.18812064671389261,0.8118793532861075
1,1,0.035912183779363546,0.9640878162206358,0.9640878162206358
0,0,0.9970372148585804,0.002962785141419798,0.9970372148585804
0,0,0.9817997585028414,0.018200241497158456,0.9817997585028414
0,0,0.8513696130084162,0.14863038699158423,0.8513696130084162
0,0,0.9828471538541119,0.017152846145887492,0.9828471538541119
0,0,0.7824213911731066,0.21757860882689406,0.7824213911731066
0,0,0.742487718610706,0.2575122813892936,0.742487718610706
0,0,0.781802977357197,0.21819702264280472,0.781802977357197
0,1,0.41445149949708393,0.5855485005029177,0.5855485005029177
0,0,0.9922701387878846,0.007729861212114157,0.9922701387878846
0,0,0.9940869024394923,0.005913097560507193,0.9940869024394923
0,0,0.9781440571078048,0.0218559428921936,0.9781440571078048
0,0,0.8954490888277311,0.10455091117226946,0.8954490888277311
0,0,0.6553756871731498,0.34462431282684897,0.6553756871731498
0,1,0.20510398254134146,0.7948960174586575,0.7948960174586575
0,0,0.9096946383626726,0.09030536163732802,0.9096946383626726
0,0,0.9929885077001955,0.007011492299803314,0.9929885077001955
0,0,0.858910087392694,0.1410899126073058,0.858910087392694
0,0,0.9474778820023244,0.05252211799767611,0.9474778820023244
1,0,0.8641669568265068,0.13583304317349396,0.8641669568265068
0,0,0.9887002255630714,0.011299774436926998,0.9887002255630714
0,0,0.7406071674368486,0.259392832563152,0.7406071674368486
0,0,0.9899737558148543,0.010026244185146178,0.9899737558148543
0,0,0.9714528011200062,0.028547198879994216,0.9714528011200062
0,0,0.799742533032236,0.20025746696776406,0.799742533032236
0,0,0.6123916731212078,0.38760832687879077,0.6123916731212078
0,0,0.9933463241669186,0.0066536758330808556,0.9933463241669186
0,0,0.9929432520248939,0.007056747975107369,0.9929432520248939
0,0,0.9550700289578218,0.044929971042176976,0.9550700289578218
0,0,0.5977813006906554,0.40221869930934556,0.5977813006906554
1,1,0.016905296186520008,0.9830947038134802,0.9830947038134802
0,0,0.9488110777057746,0.05118892229422557,0.9488110777057746
0,0,0.9724973731667232,0.0275026268332761,0.9724973731667232
1,0,0.6998396931193216,0.30016030688067674,0.6998396931193216
1,1,0.2128231561394885,0.7871768438605117,0.7871768438605117
1,0,0.9784179481673083,0.02158205183269141,0.9784179481673083
0,0,0.9575368652093935,0.04246313479060746,0.9575368652093935
0,1,0.2562136914543369,0.7437863085456647,0.7437863085456647
0,0,0.960203017891098,0.039796982108902285,0.960203017891098
0,0,0.937669643831883,0.06233035616811782,0.937669643831883
0,0,0.9876242522624048,0.012375747737595717,0.9876242522624048
0,0,0.997091966486144,0.002908033513855076,0.997091966486144
0,0,0.9903102564719609,0.009689743528039186,0.9903102564719609
0,0,0.8458329061820988,0.15416709381790275,0.8458329061820988
0,0,0.9565487715778103,0.043451228422189264,0.9565487715778103
0,0,0.9500517263720633,0.0499482736279355,0.9500517263720633
0,0,0.8929026721796549,0.10709732782034422,0.8929026721796549
0,0,0.7185569124546269,0.2814430875453727,0.7185569124546269
0,1,0.4360595455620154,0.5639404544379828,0.5639404544379828
0,0,0.9748124648078469,0.02518753519215306,0.9748124648078469
0,0,0.994525922326696,0.005474077673305575,0.994525922326696
0,0,0.9796410886775891,0.020358911322411747,0.9796410886775891
0,0,0.9386883498789681,0.06131165012103227,0.9386883498789681
0,0,0.9531537722876515,0.046846227712348205,0.9531537722876515
0,0,0.9960611311753166,0.003938868824681811,0.9960611311753166
0,0,0.9519269085158375,0.04807309148416148,0.9519269085158375
0,0,0.91400533965724,0.08599466034275975,0.91400533965724
0,0,0.804265777045784,0.19573422295421744,0.804265777045784
0,0,0.6818317549026904,0.3181682450973079,0.6818317549026904
0,1,0.26872212976977217,0.7312778702302293,0.7312778702302293
0,0,0.9309881683209356,0.06901183167906402,0.9309881683209356
0,0,0.9212782704015495,0.07872172959845143,0.9212782704015495
0,0,0.9974677099370474,0.0025322900629534636,0.9974677099370474
0,0,0.9968401121085364,0.003159887891463255,0.9968401121085364
0,0,0.985726583640213,0.014273416359786895,0.985726583640213
0,0,0.9408471636114649,0.0591528363885341,0.9408471636114649
0,0,0.9638801976869814,0.036119802313018645,0.9638801976869814
0,0,0.9016108379815182,0.09838916201848201,0.9016108379815182
0,0,0.9682233558126809,0.03177664418731929,0.9682233558126809
0,0,0.9981532216766182,0.0018467783233815504,0.9981532216766182
0,0,0.993467984505686,0.006532015494313106,0.993467984505686
0,0,0.9671096751732592,0.03289032482674221,0.9671096751732592
0,0,0.9659272281758076,0.034072771824193895,0.9659272281758076
0,0,0.8144824020642939,0.18551759793570635,0.8144824020642939
0,0,0.9795830139698568,0.02041698603014158,0.9795830139698568
1,0,0.8111075145728364,0.18889248542716316,0.8111075145728364
1,1,0.18361298945774981,0.8163870105422502,0.8163870105422502
0,0,0.9945687972536621,0.005431202746338078,0.9945687972536621
1,1,0.11047070715800678,0.8895292928419934,0.8895292928419934
0,0,0.8737365278809262,0.1262634721190742,0.8737365278809262
0,0,0.7753014875849259,0.22469851241507308,0.7753014875849259
0,0,0.98087638320166,0.019123616798341344,0.98087638320166
0,0,0.9896447980326746,0.010355201967325076,0.9896447980326746
1,1,0.23736102638886244,0.7626389736111385,0.7626389736111385
1,0,0.9589504259309864,0.04104957406901504,0.9589504259309864
1,0,0.5571348363159627,0.44286516368403667,0.5571348363159627
0,0,0.9790542123797711,0.020945787620229136,0.9790542123797711
0,0,0.8000571666229371,0.19994283337706215,0.8000571666229371
0,0,0.9369634344155957,0.06303656558440493,0.9369634344155957
0,0,0.7572200674797942,0.24277993252020452,0.7572200674797942
0,0,0.9484616039999099,0.051538396000088485,0.9484616039999099
0,0,0.8092073842625713,0.1907926157374278,0.8092073842625713
1,0,0.9308761209759078,0.06912387902409217,0.9308761209759078
0,0,0.7943734581108673,0.20562654188913174,0.7943734581108673
0,0,0.7011854765098258,0.2988145234901744,0.7011854765098258
0,0,0.9849475953810544,0.015052404618945803,0.9849475953810544
1,1,0.027079927031707085,0.9729200729682942,0.9729200729682942
0,0,0.875935965042793,0.12406403495720564,0.875935965042793
1,0,0.71183964222833,0.2881603577716708,0.71183964222833
0,1,0.32716286540635187,0.672837134593647,0.672837134593647
0,0,0.9171043031942901,0.08289569680571068,0.9171043031942901
0,0,0.8490426093554351,0.15095739064456407,0.8490426093554351
0,0,0.9509999200889941,0.049000079911005405,0.9509999200889941
0,0,0.8199311498900271,0.18006885010997126,0.8199311498900271
0,0,0.9819225914063322,0.01807740859366823,0.9819225914063322
0,0,0.9955227832468192,0.004477216753181969,0.9955227832468192
0,0,0.9211721337060701,0.07882786629392896,0.9211721337060701
0,0,0.8088374447372906,0.19116255526270806,0.8088374447372906
0,0,0.9238823973224005,0.07611760267759994,0.9238823973224005
0,0,0.9989063734000592,0.0010936265999424554,0.9989063734000592
0,0,0.9181713019168736,0.08182869808312616,0.9181713019168736
0,0,0.9970578385923905,0.002942161407609374,0.9970578385923905
1,0,0.5681157470780015,0.4318842529219989,0.5681157470780015
0,0,0.939594059622383,0.06040594037761639,0.939594059622383
0,0,0.9624088097991956,0.03759119020080383,0.9624088097991956
0,0,0.8870396700349064,0.11296032996509282,0.8870396700349064
0,0,0.9335107352583151,0.06648926474168375,0.9335107352583151
0,0,0.9817737294372273,0.018226270562772186,0.9817737294372273
0,0,0.9904008704609654,0.009599129539034013,0.9904008704609654
0,0,0.9920350224090204,0.007964977590978563,0.9920350224090204
0,0,0.694651879108534,0.30534812089146574,0.694651879108534
0,0,0.9220755345120378,0.07792446548796207,0.9220755345120378
0,0,0.9846477576624737,0.015352242337527015,0.9846477576624737
0,0,0.998816379980042,0.001183620019959412,0.998816379980042
0,0,0.976639922928856,0.023360077071143147,0.976639922928856
1,1,0.10932825827504121,0.8906717417249606,0.8906717417249606
1,1,0.46183893108018664,0.538161068919814,0.538161068919814
0,0,0.9941744649366778,0.005825535063321624,0.9941744649366778
1,0,0.6300709541398277,0.3699290458601707,0.6300709541398277
0,0,0.9971843405052828,0.0028156594947165757,0.9971843405052828
0,0,0.9990158453802899,0.000984154619708512,0.9990158453802899
0,0,0.9359028103741531,0.06409718962584585,0.9359028103741531
1,0,0.8848942421184763,0.11510575788152334,0.8848942421184763
0,0,0.9551492379689471,0.044850762031052184,0.9551492379689471
0,0,0.9947418332540304,0.005258166745968405,0.9947418332540304
0,0,0.9457791851647145,0.0542208148352847,0.9457791851647145
0,0,0.998617197822503,0.0013828021774973096,0.998617197822503
0,0,0.9814926450845919,0.01850735491540848,0.9814926450845919
0,0,0.9945116042416007,0.005488395758399573,0.9945116042416007
0,0,0.5712879486643297,0.4287120513356684,0.5712879486643297
0,0,0.8897221053422296,0.11027789465777045,0.8897221053422296
0,0,0.9739502870805289,0.026049712919472886,0.9739502870805289
1,0,0.8874190646272383,0.11258093537276206,0.8874190646272383
0,0,0.9956358057629773,0.004364194237021235,0.9956358057629773
0,0,0.9894317978042396,0.010568202195760608,0.9894317978042396
1,0,0.7898710999003473,0.210128900099652,0.7898710999003473
0,0,0.996792110856302,0.0032078891436971434,0.996792110856302
0,0,0.522016611462463,0.4779833885375363,0.522016611462463
0,0,0.9972885856832232,0.002711414316775404,0.9972885856832232
0,0,0.996462714088457,0.0035372859115430275,0.996462714088457
0,0,0.8287084384664437,0.17129156153355685,0.8287084384664437
0,0,0.9963465294283664,0.003653470571634443,0.9963465294283664
0,0,0.9961933967378404,0.003806603262160245,0.9961933967378404
1,1,0.2027849234346406,0.797215076565361,0.797215076565361
0,0,0.7673988407591644,0.2326011592408368,0.7673988407591644
1,0,0.984387844943046,0.015612155056954258,0.984387844943046
1,1,0.49059278315962057,0.5094072168403783,0.5094072168403783
0,0,0.9606315598811072,0.03936844011889129,0.9606315598811072
0,0,0.9864382970166626,0.01356170298333791,0.9864382970166626
0,0,0.9960575592924719,0.0039424407075290355,0.9960575592924719
0,0,0.9811193586815516,0.018880641318448896,0.9811193586815516
0,0,0.9927105049730718,0.007289495026927764,0.9927105049730718
0,0,0.9965301391582755,0.0034698608417237453,0.9965301391582755
1,0,0.6849343276897086,0.3150656723102927,0.6849343276897086
0,0,0.8335860767576385,0.16641392324236165,0.8335860767576385
0,0,0.8904703650719246,0.10952963492807424,0.8904703650719246
0,0,0.9705566427281772,0.029443357271822405,0.9705566427281772
0,0,0.9522871214817109,0.04771287851829079,0.9522871214817109
0,0,0.9451544369825904,0.05484556301740953,0.9451544369825904
0,0,0.8439845824010588,0.15601541759894277,0.8439845824010588
0,0,0.991083077734805,0.00891692226519389,0.991083077734805
0,0,0.9272499289128412,0.07275007108715753,0.9272499289128412
0,0,0.8249214466509126,0.17507855334908876,0.8249214466509126
0,0,0.9859240019287048,0.014075998071295132,0.9859240019287048
0,0,0.9809401968305349,0.019059803169465758,0.9809401968305349
0,0,0.8729960779436835,0.12700392205631528,0.8729960779436835
0,0,0.9375934844331639,0.06240651556683457,0.9375934844331639
0,0,0.986712340683824,0.013287659316176306,0.986712340683824
0,0,0.9795110369676419,0.0204889630323565,0.9795110369676419
0,0,0.9756564724946899,0.02434352750530906,0.9756564724946899
0,0,0.9856018752672557,0.014398124732745519,0.9856018752672557
0,0,0.8030870501076159,0.19691294989238575,0.8030870501076159
0,0,0.9909487353879534,0.009051264612047343,0.9909487353879534
0,0,0.8032981572908429,0.1967018427091559,0.8032981572908429
0,0,0.9748574388174661,0.02514256118253349,0.9748574388174661
0,0,0.9759613641631225,0.024038635836877063,0.9759613641631225
0,0,0.6638297563996165,0.3361702436003834,0.6638297563996165
0,0,0.9585313898441296,0.041468610155868654,0.9585313898441296
0,0,0.9324864730172155,0.06751352698278373,0.9324864730172155
0,0,0.6857714340947298,0.3142285659052695,0.6857714340947298
0,0,0.9704852670995295,0.02951473290047098,0.9704852670995295
0,0,0.9981403500207895,0.001859649979210739,0.9981403500207895
1,0,0.9294204175910992,0.07057958240890123,0.9294204175910992
0,0,0.9829611874050537,0.01703881259494625,0.9829611874050537
0,0,0.9480374719152069,0.05196252808479342,0.9480374719152069
1,0,0.9845915329164882,0.015408467083510782,0.9845915329164882
0,0,0.9833931387456787,0.01660686125432052,0.9833931387456787
0,0,0.9700450659427491,0.029954934057250013,0.9700450659427491
0,0,0.995382710928446,0.004617289071554347,0.995382710928446
0,0,0.8344936417617437,0.1655063582382559,0.8344936417617437
0,0,0.9178962003104325,0.08210379968956841,0.9178962003104325
1,1,0.0029797096768532367,0.9970202903231457,0.9970202903231457
0,0,0.5845806671465732,0.4154193328534275,0.5845806671465732
0,0,0.975521975869207,0.02447802413079302,0.975521975869207
0,0,0.9802670907703384,0.019732909229662157,0.9802670907703384
1,0,0.7439156290237097,0.2560843709762888,0.7439156290237097
0,0,0.9503661202248932,0.04963387977510719,0.9503661202248932
0,0,0.9639312407752814,0.03606875922471892,0.9639312407752814
0,0,0.9697248492818107,0.030275150718189967,0.9697248492818107
1,0,0.9004887531767298,0.09951124682326977,0.9004887531767298
0,0,0.9234590040744122,0.0765409959255867,0.9234590040744122
0,0,0.9780741956350499,0.021925804364950723,0.9780741956350499
0,0,0.9894539090961296,0.010546090903869475,0.9894539090961296
0,0,0.9567529723403253,0.04324702765967371,0.9567529723403253
0,1,0.46577870964771795,0.5342212903522826,0.5342212903522826
0,1,0.13877573949452968,0.861224260505469,0.861224260505469
1,0,0.9728094769233298,0.027190523076668815,0.9728094769233298
0,0,0.9003385888327547,0.09966141116724518,0.9003385888327547
0,0,0.7953881403725224,0.20461185962747697,0.7953881403725224
0,0,0.8498205276680033,0.1501794723319963,0.8498205276680033
0,0,0.9855044264252738,0.014495573574726873,0.9855044264252738
1,1,0.23438312546725712,0.7656168745327427,0.7656168745327427
0,0,0.9775223921598146,0.02247760784018561,0.9775223921598146
0,0,0.9928235475590526,0.007176452440947379,0.9928235475590526
0,0,0.946151390525603,0.053848609474397666,0.946151390525603
0,0,0.898000726177059,0.10199927382293951,0.898000726177059
0,0,0.9952383058199785,0.004761694180021623,0.9952383058199785
0,0,0.997187852194692,0.002812147805308177,0.997187852194692
1,0,0.9441778588750546,0.05582214112494557,0.9441778588750546
0,0,0.9930782542179508,0.006921745782048691,0.9930782542179508
0,0,0.9788388159331574,0.02116118406684213,0.9788388159331574
0,0,0.9985990807549178,0.001400919245081753,0.9985990807549178
0,0,0.9423358112467375,0.05766418875326079,0.9423358112467375
0,0,0.9399681771680806,0.06003182283191875,0.9399681771680806
0,0,0.9785900129196337,0.021409987080366497,0.9785900129196337
0,0,0.821133900557084,0.17886609944291776,0.821133900557084
0,0,0.9928979226379926,0.007102077362006144,0.9928979226379926
0,0,0.967733150065243,0.032266849934755454,0.967733150065243
0,0,0.9324624418696973,0.06753755813030433,0.9324624418696973
0,0,0.8304658598649408,0.1695341401350591,0.8304658598649408
0,0,0.9512667275375697,0.04873327246242866,0.9512667275375697
0,1,0.28150882114186243,0.718491178858136,0.718491178858136
1,0,0.8164428558855109,0.18355714411448956,0.8164428558855109
0,0,0.8729531900682082,0.1270468099317932,0.8729531900682082
0,0,0.9668548172975283,0.033145182702471764,0.9668548172975283
0,0,0.5274388491992537,0.4725611508007469,0.5274388491992537
0,0,0.9880882532649397,0.011911746735061282,0.9880882532649397
1,0,0.9655996196783931,0.03440038032160681,0.9655996196783931
0,0,0.9779983139675832,0.02200168603241672,0.9779983139675832
0,0,0.9964705882095862,0.003529411790412923,0.9964705882095862
0,0,0.9891711391966185,0.01082886080338083,0.9891711391966185
0,0,0.9763945045661833,0.02360549543381792,0.9763945045661833
0,0,0.9811550657615786,0.018844934238421908,0.9811550657615786
0,0,0.9902544275767955,0.009745572423204512,0.9902544275767955
0,0,0.9974611818912495,0.0025388181087521357,0.9974611818912495
1,0,0.839718922903614,0.1602810770963868,0.839718922903614
0,0,0.9924071790994481,0.0075928209005522015,0.9924071790994481
0,0,0.9864713049556266,0.013528695044373274,0.9864713049556266
0,0,0.9186576915178474,0.08134230848215288,0.9186576915178474
0,0,0.994575185879976,0.005424814120023344,0.994575185879976
1,0,0.9772471902985304,0.022752809701470002,0.9772471902985304
0,0,0.9917923070466049,0.008207692953395919,0.9917923070466049
0,0,0.9152649806746895,0.08473501932530939,0.9152649806746895
0,0,0.9474259354649452,0.05257406453505631,0.9474259354649452
0,0,0.9864822644231179,0.01351773557688302,0.9864822644231179
0,0,0.9084904177741194,0.0915095822258808,0.9084904177741194
0,0,0.9728699061974403,0.027130093802558906,0.9728699061974403
0,0,0.5886721377715352,0.41132786222846646,0.5886721377715352
0,0,0.9671328722387171,0.03286712776128304,0.9671328722387171
0,0,0.8097850380451892,0.1902149619548095,0.8097850380451892
0,0,0.992925323049463,0.007074676950536875,0.992925323049463
0,0,0.9412951814571248,0.05870481854287584,0.9412951814571248
0,0,0.9960139342172045,0.003986065782795121,0.9960139342172045
0,0,0.9157009590765126,0.08429904092348675,0.9157009590765126
0,0,0.9735680130042705,0.02643198699573079,0.9735680130042705
0,0,0.9814397486262876,0.018560251373712384,0.9814397486262876
0,0,0.9976209261816721,0.002379073818328278,0.9976209261816721
0,0,0.995795826671833,0.004204173328167816,0.995795826671833
0,0,0.9939109377769345,0.006089062223065802,0.9939109377769345
0,0,0.9905836242236484,0.009416375776350742,0.9905836242236484
0,0,0.6948041370706552,0.30519586292934553,0.6948041370706552
0,0,0.9699183887993805,0.03008161120062019,0.9699183887993805
0,0,0.8272870956311722,0.17271290436882694,0.8272870956311722
0,0,0.9874102579198741,0.012589742080124993,0.9874102579198741
0,0,0.9612623180294261,0.03873768197057526,0.9612623180294261
0,0,0.9956910268957572,0.004308973104242513,0.9956910268957572
1,1,0.0927401755324669,0.9072598244675314,0.9072598244675314
0,0,0.979896060267599,0.020103939732401564,0.979896060267599
0,0,0.7781888774435396,0.22181112255646215,0.7781888774435396
0,0,0.9957772517254779,0.0042227482745217084,0.9957772517254779
1,1,0.04369602448966546,0.9563039755103342,0.9563039755103342
0,0,0.8492509251740951,0.15074907482590386,0.8492509251740951
0,0,0.9783479014116292,0.021652098588371763,0.9783479014116292
0,0,0.9944945759533629,0.005505424046636946,0.9944945759533629
0,0,0.8942774621890502,0.10572253781094855,0.8942774621890502
0,0,0.9937970939536078,0.006202906046391793,0.9937970939536078
0,0,0.9827902217962095,0.017209778203791784,0.9827902217962095
0,0,0.9427280891461122,0.05727191085388627,0.9427280891461122
0,0,0.9776686642979485,0.022331335702050287,0.9776686642979485
0,0,0.7541102197675414,0.2458897802324591,0.7541102197675414
0,0,0.8193466916246205,0.18065330837537813,0.8193466916246205
0,0,0.7281571689805114,0.2718428310194901,0.7281571689805114
0,0,0.995382710928446,0.004617289071554347,0.995382710928446
0,0,0.9509414072568186,0.049058592743180494,0.9509414072568186
0,0,0.9758700404707091,0.024129959529291065,0.9758700404707091
0,0,0.9971473753289256,0.0028526246710745993,0.9971473753289256
0,0,0.9915090807161419,0.008490919283857479,0.9915090807161419
0,1,0.41962937602236694,0.5803706239776326,0.5803706239776326
0,0,0.9811208710440195,0.01887912895597957,0.9811208710440195
0,0,0.9729430334183133,0.02705696658168607,0.9729430334183133
0,0,0.6071459862273341,0.3928540137726662,0.6071459862273341
0,0,0.9953263216214264,0.0046736783785738135,0.9953263216214264
0,0,0.9604530868315787,0.039546913168420045,0.9604530868315787
0,0,0.9059510732095991,0.09404892679039958,0.9059510732095991
0,1,0.06855078103780583,0.9314492189621959,0.9314492189621959
0,0,0.7679680010125908,0.2320319989874076,0.7679680010125908
1,0,0.9316587702358075,0.06834122976419275,0.9316587702358075
0,0,0.9812287465165199,0.018771253483480903,0.9812287465165199
0,0,0.9331333804479474,0.06686661955205438,0.9331333804479474
0,0,0.8378909309619506,0.16210906903804972,0.8378909309619506
0,0,0.5155568749296575,0.4844431250703423,0.5155568749296575
0,0,0.9960716520918967,0.003928347908102693,0.9960716520918967
1,0,0.8164488945670725,0.18355110543292816,0.8164488945670725
0,0,0.9255643409024733,0.0744356590975264,0.9255643409024733
0,0,0.8757122278707177,0.12428777212928253,0.8757122278707177
0,0,0.9907190658023873,0.009280934197612743,0.9907190658023873
0,0,0.9466449798204075,0.05335502017959358,0.9466449798204075
0,0,0.9037345722452633,0.09626542775473722,0.9037345722452633
0,0,0.9922001302135225,0.007799869786478091,0.9922001302135225
0,0,0.8812981072826392,0.11870189271736034,0.8812981072826392
0,0,0.8310990239990799,0.1689009760009194,0.8310990239990799
0,0,0.9826817279530515,0.017318272046950085,0.9826817279530515
0,0,0.9977493687470407,0.0022506312529600647,0.9977493687470407
0,0,0.7830912110067905,0.2169087889932086,0.7830912110067905
0,0,0.9171380762072318,0.08286192379276741,0.9171380762072318
0,0,0.8536116844032307,0.14638831559676882,0.8536116844032307
0,1,0.03993107494852643,0.9600689250514748,0.9600689250514748
0,0,0.9199638516859517,0.08003614831404697,0.9199638516859517
0,0,0.9423105972308051,0.057689402769195486,0.9423105972308051
0,0,0.8448880586751116,0.15511194132488992,0.8448880586751116
0,0,0.6572577911573421,0.3427422088426576,0.6572577911573421
0,0,0.8430638839284749,0.1569361160715259,0.8430638839284749
0,0,0.9306874740159103,0.06931252598408924,0.9306874740159103
0,0,0.9961711539569078,0.0038288460430917393,0.9961711539569078
0,0,0.9923615427685902,0.007638457231410184,0.9923615427685902
0,0,0.9978829894003862,0.0021170105996142644,0.9978829894003862
0,0,0.9694500946730225,0.030549905326977427,0.9694500946730225
0,0,0.8824928300237611,0.11750716997623813,0.8824928300237611
0,1,0.34153338463962674,0.6584666153603731,0.6584666153603731
0,0,0.6743174501883984,0.32568254981160166,0.6743174501883984
0,0,0.9982294687771965,0.0017705312228037677,0.9982294687771965
1,1,0.03913988491377852,0.96086011508622,0.96086011508622
0,0,0.9842771043545837,0.015722895645415378,0.9842771043545837
0,0,0.9386829118959281,0.06131708810407019,0.9386829118959281
0,0,0.9630170508089226,0.03698294919107658,0.9630170508089226
0,1,0.20875012249505198,0.7912498775049485,0.7912498775049485
0,0,0.9788895706265685,0.021110429373429912,0.9788895706265685
0,0,0.881962902625777,0.11803709737422462,0.881962902625777
1,0,0.9891585045897099,0.010841495410290189,0.9891585045897099
0,0,0.8650522389166455,0.13494776108335554,0.8650522389166455
0,0,0.9963055653503804,0.0036944346496206506,0.9963055653503804
0,0,0.9330631284879806,0.06693687151201982,0.9330631284879806
0,0,0.6668914934681088,0.33310850653189067,0.6668914934681088
0,0,0.9519710848984508,0.048028915101549774,0.9519710848984508
0,0,0.9957887240908345,0.00421127590916529,0.9957887240908345
0,0,0.9800164552784971,0.019983544721503713,0.9800164552784971
0,0,0.9973903336926845,0.0026096663073155372,0.9973903336926845
0,0,0.7526212333028465,0.24737876669715433,0.7526212333028465
0,0,0.8752293116426166,0.12477068835738334,0.8752293116426166
0,0,0.9748849889270386,0.025115011072959794,0.9748849889270386
0,0,0.9938532654639052,0.006146734536095911,0.9938532654639052
0,0,0.9867019399719863,0.013298060028013594,0.9867019399719863
0,0,0.9993200612496673,0.0006799387503342827,0.9993200612496673
0,0,0.966524524347387,0.03347547565261242,0.966524524347387
0,0,0.9695808240669115,0.03041917593308802,0.9695808240669115
0,0,0.9913343157786586,0.00866568422134198,0.9913343157786586
0,0,0.8089755131512725,0.19102448684872592,0.8089755131512725
0,0,0.9976017281225139,0.0023982718774873744,0.9976017281225139
0,0,0.8960177107201672,0.10398228927983397,0.8960177107201672
0,0,0.9185003460102101,0.08149965398979127,0.9185003460102101
0,0,0.9903061975065923,0.009693802493407577,0.9903061975065923
1,0,0.9862139916870537,0.013786008312945056,0.9862139916870537
0,0,0.9458184138312141,0.054181586168786745,0.9458184138312141
0,0,0.705997484571056,0.29400251542894523,0.705997484571056
0,0,0.9264242351491724,0.0735757648508283,0.9264242351491724
0,0,0.8305161543112817,0.16948384568871971,0.8305161543112817
0,0,0.8741505014863802,0.12584949851361824,0.8741505014863802
0,0,0.9892020062343425,0.01079799376565793,0.9892020062343425
0,0,0.9890851538491311,0.010914846150868929,0.9890851538491311
0,0,0.9451367572767868,0.05486324272321285,0.9451367572767868
0,0,0.8679780319078141,0.13202196809218641,0.8679780319078141
0,0,0.9148205008936022,0.08517949910639665,0.9148205008936022
0,0,0.9498357106200322,0.050164289379966975,0.9498357106200322
0,0,0.9924673887158562,0.007532611284142182,0.9924673887158562
0,0,0.9705363539743861,0.029463646025614687,0.9705363539743861
0,0,0.8532769805013254,0.1467230194986735,0.8532769805013254
0,0,0.6694120109611711,0.3305879890388305,0.6694120109611711
0,0,0.9812930535903758,0.01870694640962491,0.9812930535903758
1,0,0.5240461905368574,0.47595380946314153,0.5240461905368574
0,0,0.9282328622267738,0.07176713777322632,0.9282328622267738
0,0,0.9779927412930078,0.022007258706992317,0.9779927412930078
0,0,0.5313041712215689,0.4686958287784319,0.5313041712215689
0,0,0.9546867857351458,0.04531321426485568,0.9546867857351458
1,0,0.7254080508356252,0.2745919491643749,0.7254080508356252
0,0,0.9766595124551893,0.02334048754481135,0.9766595124551893
0,1,0.276843538337829,0.7231564616621724,0.7231564616621724
0,0,0.8773984570480063,0.12260154295199387,0.8773984570480063
0,0,0.718899276382937,0.281100723617062,0.718899276382937
0,0,0.993056075378557,0.006943924621441891,0.993056075378557
0,0,0.899049039181826,0.10095096081817327,0.899049039181826
0,0,0.8066584092148824,0.19334159078511926,0.8066584092148824
0,0,0.9706251160766887,0.029374883923311817,0.9706251160766887
0,0,0.9981764639350429,0.0018235360649570946,0.9981764639350429
0,1,0.29565820613726224,0.7043417938627383,0.7043417938627383
0,0,0.825968200155689,0.17403179984431189,0.825968200155689
0,0,0.9753971154860016,0.02460288451399676,0.9753971154860016
0,0,0.9877148739981877,0.012285126001811286,0.9877148739981877
0,0,0.9985143422136831,0.0014856577863174736,0.9985143422136831
0,0,0.9710859860288976,0.028914013971103467,0.9710859860288976
0,0,0.9977125770956711,0.0022874229043278313,0.9977125770956711
0,0,0.9531802359875726,0.04681976401242659,0.9531802359875726
1,0,0.7001936306240801,0.2998063693759183,0.7001936306240801
0,0,0.9990644564646048,0.000935543535395597,0.9990644564646048
0,1,0.2628033352632747,0.737196664736727,0.737196664736727
0,1,0.16709074180153982,0.832909258198461,0.832909258198461
0,0,0.7067079337984977,0.2932920662015016,0.7067079337984977
0,0,0.9235917283688978,0.0764082716311013,0.9235917283688978
0,0,0.9727439552296512,0.027256044770347265,0.9727439552296512
1,0,0.6517424603202547,0.3482575396797452,0.6517424603202547
0,0,0.9770142312694402,0.02298576873056085,0.9770142312694402
1,1,0.10685423783316307,0.8931457621668355,0.8931457621668355
1,0,0.9864920685922646,0.013507931407735908,0.9864920685922646
0,0,0.8531168757557684,0.14688312424423242,0.8531168757557684
0,0,0.9753712580496927,0.024628741950308577,0.9753712580496927
0,0,0.9963321157733336,0.0036678842266654266,0.9963321157733336
1,1,0.03730170017379266,0.9626982998262074,0.9626982998262074
0,0,0.9349210958548472,0.0650789041451525,0.9349210958548472
0,0,0.9959609577505801,0.00403904224941882,0.9959609577505801
1,0,0.8905352102090057,0.10946478979099476,0.8905352102090057
0,0,0.966756503104249,0.033243496895750915,0.966756503104249
0,0,0.9853128924434525,0.01468710755654705,0.9853128924434525
0,0,0.989652108257387,0.01034789174261213,0.989652108257387
0,0,0.998048349730247,0.0019516502697526053,0.998048349730247
0,0,0.9690235874188204,0.03097641258117954,0.9690235874188204
0,0,0.9035100651036442,0.09648993489635664,0.9035100651036442
0,0,0.9069318838440346,0.09306811615596464,0.9069318838440346
0,0,0.9743681818304649,0.025631818169535123,0.9743681818304649
0,0,0.9955715152178086,0.00442848478219187,0.9955715152178086
0,0,0.5293855229950563,0.47061447700494413,0.5293855229950563
0,0,0.9990201801165867,0.000979819883414129,0.9990201801165867
0,0,0.9169959280221721,0.0830040719778287,0.9169959280221721
0,0,0.9469294068725745,0.05307059312742635,0.9469294068725745
0,0,0.9269157179868848,0.07308428201311444,0.9269157179868848
0,0,0.9902323838480963,0.009767616151903951,0.9902323838480963
0,0,0.9519159769241436,0.04808402307585604,0.9519159769241436
0,0,0.9481493179465431,0.051850682053456165,0.9481493179465431
0,0,0.9722261379172814,0.027773862082718922,0.9722261379172814
0,0,0.9670717936019754,0.03292820639802585,0.9670717936019754
0,0,0.5909831320204182,0.40901686797958114,0.5909831320204182
0,0,0.9467333922535349,0.05326660774646654,0.9467333922535349
0,0,0.8062395992604513,0.19376040073954703,0.8062395992604513
0,0,0.8189864435204687,0.18101355647953088,0.8189864435204687
0,0,0.8589280101274794,0.14107198987252,0.8589280101274794
0,0,0.9839170574573618,0.01608294254263708,0.9839170574573618
0,0,0.996502950473781,0.0034970495262181705,0.996502950473781
1,0,0.5748245375632708,0.4251754624367296,0.5748245375632708
0,0,0.9916745067464161,0.008325493253585187,0.9916745067464161
0,0,0.9254359426383345,0.07456405736166488,0.9254359426383345
0,0,0.9718795588487298,0.028120441151271432,0.9718795588487298
1,0,0.5643649562345537,0.4356350437654456,0.5643649562345537
1,0,0.6778966742346002,0.32210332576540135,0.6778966742346002
0,0,0.9963777862557723,0.0036222137442273824,0.9963777862557723
0,0,0.8952413367317925,0.1047586632682086,0.8952413367317925
0,0,0.9372175030792865,0.06278249692071282,0.9372175030792865
0,0,0.9764480440904216,0.02355195590957686,0.9764480440904216
0,0,0.937524202015886,0.06247579798411497,0.937524202015886
0,0,0.9802303108421676,0.01976968915783309,0.9802303108421676
0,0,0.9793848034404409,0.020615196559560515,0.9793848034404409
0,0,0.9399539582007648,0.06004604179923463,0.9399539582007648
0,0,0.9892110084943053,0.010788991505695298,0.9892110084943053
0,0,0.9920825408708345,0.007917459129164394,0.9920825408708345
0,1,0.49512873511048006,0.5048712648895187,0.5048712648895187
0,0,0.9919207226051023,0.008079277394897017,0.9919207226051023
1,0,0.5301506653771614,0.4698493346228394,0.5301506653771614
0,0,0.9423362594389909,0.057663740561009494,0.9423362594389909
0,0,0.9742643158727492,0.025735684127250434,0.9742643158727492
0,0,0.7762816822395472,0.22371831776045148,0.7762816822395472
0,0,0.997929770786761,0.0020702292132390283,0.997929770786761
0,0,0.8412268120201424,0.15877318797985723,0.8412268120201424
0,0,0.8925185872602781,0.10748141273972212,0.8925185872602781
0,0,0.8220799387710085,0.17792006122899134,0.8220799387710085
0,0,0.940149041876765,0.05985095812323572,0.940149041876765
0,0,0.9929285358042245,0.007071464195775431,0.9929285358042245
0,0,0.9272404463386186,0.07275955366138173,0.9272404463386186
0,0,0.8302235900683494,0.16977640993165008,0.8302235900683494
0,0,0.9891880613654079,0.01081193863459372,0.9891880613654079
0,0,0.8682503810899181,0.13174961891008194,0.8682503810899181
0,0,0.9837434311387763,0.016256568861222762,0.9837434311387763
0,0,0.9836349709108718,0.016365029089127608,0.9836349709108718
0,0,0.9844549933635405,0.015545006636459802,0.9844549933635405
0,0,0.8803678071957579,0.11963219280424063,0.8803678071957579
0,0,0.9627835094874023,0.03721649051259692,0.9627835094874023
0,0,0.9945693188033748,0.005430681196625297,0.9945693188033748
0,1,0.4295645374450237,0.5704354625549753,0.5704354625549753
0,0,0.9866394906187572,0.013360509381243455,0.9866394906187572
1,1,0.09543118713950016,0.904568812860499,0.904568812860499
0,0,0.9184066898105894,0.08159331018941116,0.9184066898105894
0,0,0.9983360746198272,0.001663925380171525,0.9983360746198272
0,0,0.6855939805938729,0.3144060194061266,0.6855939805938729
0,0,0.7927772954167506,0.20722270458325054,0.7927772954167506
0,0,0.9424862182499891,0.057513781750009714,0.9424862182499891
0,0,0.982670878531744,0.017329121468256374,0.982670878531744
0,0,0.9748691092481114,0.02513089075188928,0.9748691092481114
0,0,0.8877001164048062,0.11229988359519412,0.8877001164048062
0,0,0.9774314693193996,0.022568530680600014,0.9774314693193996
0,0,0.5656913296106398,0.4343086703893586,0.5656913296106398
0,0,0.9984709150894273,0.0015290849105735757,0.9984709150894273
0,0,0.9880067123803261,0.011993287619674038,0.9880067123803261
0,0,0.9694663926794236,0.030533607320575334,0.9694663926794236
0,0,0.9391509412561961,0.060849058743804516,0.9391509412561961
0,0,0.995981431012065,0.004018568987935731,0.995981431012065
0,0,0.9964367158235922,0.003563284176409172,0.9964367158235922
1,0,0.9247145613416361,0.07528543865836516,0.9247145613416361
1,0,0.8184842648156228,0.18151573518437686,0.8184842648156228
0,0,0.9752326660402971,0.024767333959702615,0.9752326660402971
0,0,0.9290154263433725,0.07098457365662757,0.9290154263433725
0,0,0.9933671158858696,0.006632884114131058,0.9933671158858696
0,0,0.9571520928191738,0.04284790718082588,0.9571520928191738
0,0,0.9900634248453544,0.009936575154644887,0.9900634248453544
0,0,0.983120683661161,0.01687931633883949,0.983120683661161
0,0,0.9727910380705247,0.027208961929475212,0.9727910380705247
0,0,0.9939275935000048,0.006072406499995928,0.9939275935000048
0,0,0.9914412785279986,0.008558721472000421,0.9914412785279986
0,0,0.8067441572903348,0.19325584270966628,0.8067441572903348
0,0,0.9771256737788436,0.022874326221155393,0.9771256737788436
0,0,0.9619769281470525,0.03802307185294822,0.9619769281470525
0,0,0.9891591617659906,0.010840838234009319,0.9891591617659906
0,0,0.996814340886272,0.003185659113727328,0.996814340886272
0,0,0.7925564029339578,0.20744359706604235,0.7925564029339578
0,0,0.8560095990348695,0.1439904009651312,0.8560095990348695
1,0,0.67408117287224,0.3259188271277592,0.67408117287224
0,0,0.9774011698079867,0.022598830192012656,0.9774011698079867
1,1,0.3723467031571005,0.6276532968428998,0.6276532968428998
0,0,0.9567422564339924,0.043257743566007444,0.9567422564339924
0,0,0.9837200861571784,0.016279913842822045,0.9837200861571784
0,1,0.17446256518980569,0.8255374348101938,0.8255374348101938
0,0,0.9238013487820895,0.07619865121790971,0.9238013487820895
0,0,0.9949812967029747,0.005018703297024728,0.9949812967029747
1,0,0.6213659110247741,0.3786340889752257,0.6213659110247741
0,0,0.8656747370287374,0.13432526297126213,0.8656747370287374
0,0,0.9941658929683754,0.0058341070316239325,0.9941658929683754
0,0,0.8201715731413235,0.17982842685867642,0.8201715731413235
0,0,0.9794194530973024,0.02058054690269862,0.9794194530973024
0,0,0.990019268849844,0.009980731150155383,0.990019268849844
0,1,0.43019013995099087,0.5698098600490087,0.5698098600490087
0,0,0.7750976159095925,0.22490238409040794,0.7750976159095925
0,0,0.9193322440042012,0.08066775599579928,0.9193322440042012
0,1,0.4891650161891653,0.5108349838108343,0.5108349838108343
0,0,0.7816914751380899,0.21830852486191046,0.7816914751380899
0,0,0.9709701467533497,0.02902985324665159,0.9709701467533497
1,1,0.06779497018584411,0.932205029814155,0.932205029814155
1,1,0.2512758085039568,0.7487241914960416,0.7487241914960416
0,0,0.9876054559667257,0.012394544033272732,0.9876054559667257
0,1,0.46356500157396285,0.5364349984260358,0.5364349984260358
0,0,0.7637687394462617,0.2362312605537372,0.7637687394462617
1,0,0.7379544573713898,0.2620455426286095,0.7379544573713898
0,0,0.6396189273038786,0.3603810726961222,0.6396189273038786
0,0,0.7159008773259559,0.2840991226740426,0.7159008773259559
0,0,0.613509979601008,0.3864900203989921,0.613509979601008
0,0,0.9918686660732025,0.008131333926796996,0.9918686660732025
0,0,0.9840688549722713,0.015931145027729254,0.9840688549722713
0,0,0.8821711372325964,0.1178288627674038,0.8821711372325964
0,0,0.9873791447413098,0.012620855258691905,0.9873791447413098
0,0,0.90721590937648,0.0927840906235201,0.90721590937648
0,0,0.9357800364683176,0.06421996353168202,0.9357800364683176
0,0,0.973019023422787,0.026980976577214183,0.973019023422787
0,0,0.9605767761838767,0.03942322381612437,0.9605767761838767
0,0,0.9862728077946367,0.01372719220536324,0.9862728077946367
1,0,0.9049679830389087,0.09503201696108979,0.9049679830389087
1,1,0.2987104544086634,0.7012895455913352,0.7012895455913352
1,0,0.7105185471136692,0.28948145288632987,0.7105185471136692
0,0,0.9460878764509653,0.0539121235490357,0.9460878764509653
0,1,0.35106061985747017,0.6489393801425294,0.6489393801425294
1,0,0.9290168607025199,0.07098313929747975,0.9290168607025199
1,1,0.01664714381500033,0.9833528561850011,0.9833528561850011
0,0,0.9898497012283108,0.010150298771690647,0.9898497012283108
0,0,0.8267998348641081,0.17320016513589193,0.8267998348641081
0,0,0.9644970795740713,0.03550292042592925,0.9644970795740713
0,0,0.6579973908136564,0.342002609186344,0.6579973908136564
0,0,0.9941608622780862,0.005839137721914197,0.9941608622780862
0,0,0.9811300564141653,0.018869943585834107,0.9811300564141653
0,0,0.998144744508562,0.0018552554914379469,0.998144744508562
0,0,0.8781185670667857,0.12188143293321514,0.8781185670667857
0,0,0.5649707225682259,0.43502927743177283,0.5649707225682259
0,0,0.9981431444434206,0.0018568555565790267,0.9981431444434206
0,0,0.7509753066588637,0.24902469334113722,0.7509753066588637
0,0,0.8660461060621856,0.1339538939378132,0.8660461060621856
0,0,0.9379749710630655,0.062025028936935483,0.9379749710630655
0,0,0.5064569530201665,0.4935430469798343,0.5064569530201665
0,0,0.901044763494291,0.09895523650570788,0.901044763494291
0,0,0.8356896318785282,0.16431036812147018,0.8356896318785282
0,0,0.9600873168951894,0.03991268310481014,0.9600873168951894
0,0,0.6864541996416147,0.313545800358384,0.6864541996416147
0,0,0.7545139221520365,0.24548607784796517,0.7545139221520365
0,1,0.3716124114166087,0.6283875885833916,0.6283875885833916
1,1,0.3236394585029601,0.6763605414970403,0.6763605414970403
0,0,0.9615857317408227,0.03841426825917614,0.9615857317408227
0,0,0.9250577001649155,0.07494229983508495,0.9250577001649155
0,0,0.9889318933797074,0.011068106620292601,0.9889318933797074
0,0,0.9436148706829995,0.056385129317000376,0.9436148706829995
0,0,0.9718346237842894,0.028165376215709026,0.9718346237842894
0,0,0.9536602239191351,0.04633977608086491,0.9536602239191351
0,0,0.8274317429867565,0.17256825701324213,0.8274317429867565
0,0,0.9799615089458645,0.02003849105413612,0.9799615089458645
0,0,0.9917407814711816,0.008259218528819726,0.9917407814711816
0,0,0.9233534624470252,0.07664653755297543,0.9233534624470252
1,0,0.6164395736797696,0.38356042632023035,0.6164395736797696
0,0,0.9773399795753432,0.022660020424656098,0.9773399795753432
0,0,0.7754584080129086,0.22454159198709078,0.7754584080129086
0,0,0.9718878678040223,0.02811213219597822,0.9718878678040223
0,0,0.9673815179288971,0.03261848207110195,0.9673815179288971
0,0,0.8919120636622727,0.10808793633772897,0.8919120636622727
0,0,0.9684237495624235,0.03157625043757607,0.9684237495624235
0,0,0.9701869851687235,0.029813014831277497,0.9701869851687235
0,0,0.894531839488014,0.10546816051198711,0.894531839488014
0,0,0.9958958015614774,0.0041041984385216165,0.9958958015614774
0,0,0.969988331910101,0.03001166808989883,0.969988331910101
0,0,0.8760178613553634,0.12398213864463725,0.8760178613553634
0,0,0.9928250718991014,0.007174928100900086,0.9928250718991014
0,0,0.9543004165935984,0.0456995834064016,0.9543004165935984
1,1,0.1750919304489947,0.8249080695510067,0.8249080695510067
0,0,0.8260999347818432,0.173900065218156,0.8260999347818432
0,0,0.9840507475573413,0.015949252442659174,0.9840507475573413
0,0,0.9971464961182572,0.0028535038817432993,0.9971464961182572
0,0,0.9032528096259987,0.09674719037400045,0.9032528096259987
0,0,0.9570818022706465,0.042918197729352035,0.9570818022706465
0,0,0.9859940561222693,0.014005943877732194,0.9859940561222693
0,0,0.9741299804517867,0.02587001954821432,0.9741299804517867
0,0,0.9918030814667335,0.008196918533266036,0.9918030814667335
0,0,0.9947081471177096,0.005291852882290947,0.9947081471177096
0,0,0.7038685247295229,0.2961314752704758,0.7038685247295229
0,0,0.997709073769529,0.002290926230470479,0.997709073769529
0,0,0.9845612986778803,0.015438701322118727,0.9845612986778803
0,0,0.9932187629040076,0.006781237095992936,0.9932187629040076
0,0,0.9909269252846498,0.009073074715348574,0.9909269252846498
0,1,0.4151657833416674,0.5848342166583335,0.5848342166583335
0,0,0.9960599775136044,0.00394002248639623,0.9960599775136044
0,0,0.9261101065954787,0.07388989340452162,0.9261101065954787
0,1,0.06775557861026774,0.9322444213897332,0.9322444213897332
0,0,0.7866034638774164,0.21339653612258336,0.7866034638774164
1,0,0.6430131589088947,0.35698684109110357,0.6430131589088947
0,1,0.20314944554442121,0.7968505544555788,0.7968505544555788
0,0,0.9238045587307463,0.07619544126925351,0.9238045587307463
0,0,0.907823705699417,0.09217629430058392,0.907823705699417
0,0,0.9763195433514474,0.02368045664855202,0.9763195433514474
0,0,0.8977236643649357,0.10227633563506434,0.8977236643649357
0,0,0.9197229365805429,0.0802770634194584,0.9197229365805429
0,0,0.8918930776717496,0.10810692232824867,0.8918930776717496
0,0,0.5969265938991757,0.4030734061008242,0.5969265938991757
0,0,0.9873600015175923,0.012639998482406956,0.9873600015175923
0,0,0.5673228839033048,0.43267711609669635,0.5673228839033048
0,0,0.7725423549958923,0.22745764500410828,0.7725423549958923
0,0,0.8937463292419132,0.10625367075808664,0.8937463292419132
0,0,0.9797386175397015,0.020261382460297867,0.9797386175397015
0,0,0.9672986838066555,0.03270131619334403,0.9672986838066555
0,0,0.8236024028681951,0.17639759713180667,0.8236024028681951
0,0,0.9946680423222711,0.005331957677728271,0.9946680423222711
0,0,0.5980816017476268,0.4019183982523734,0.5980816017476268
0,0,0.9400618888414359,0.059938111158564344,0.9400618888414359
1,0,0.995427006877662,0.004572993122339247,0.995427006877662
0,0,0.9575084868660718,0.04249151313392876,0.9575084868660718
0,1,0.4304090494630838,0.5695909505369179,0.5695909505369179
0,0,0.9108982846336225,0.08910171536637769,0.9108982846336225
0,0,0.8760019787774193,0.12399802122257954,0.8760019787774193
0,0,0.9770850307660324,0.022914969233967075,0.9770850307660324
0,0,0.9458974423416141,0.0541025576583875,0.9458974423416141
0,0,0.994254628341603,0.005745371658397087,0.994254628341603
1,0,0.8437853282221937,0.1562146717778063,0.8437853282221937
0,0,0.8353251481302713,0.16467485186972894,0.8353251481302713
0,1,0.4956189352140824,0.504381064785916,0.504381064785916
0,0,0.9576964955860999,0.04230350441390056,0.9576964955860999
0,0,0.6001985222547394,0.39980147774526187,0.6001985222547394
0,0,0.9343264398161295,0.06567356018386919,0.9343264398161295
0,0,0.9490250844752917,0.05097491552470973,0.9490250844752917
0,0,0.9835375134562248,0.01646248654377677,0.9835375134562248
0,0,0.9730118425727964,0.026988157427204014,0.9730118425727964
0,0,0.9376685699095871,0.06233143009041199,0.9376685699095871
0,0,0.8764039394946502,0.12359606050534992,0.8764039394946502
0,0,0.9298090840531512,0.07019091594685017,0.9298090840531512
0,0,0.9391374303420419,0.0608625696579581,0.9391374303420419
0,0,0.9968648234589337,0.0031351765410677773,0.9968648234589337
0,1,0.2429907891894903,0.7570092108105091,0.7570092108105091
0,0,0.9982947091444646,0.0017052908555367727,0.9982947091444646
0,0,0.9467218087061955,0.05327819129380385,0.9467218087061955
0,0,0.7325756318982914,0.26742436810170783,0.7325756318982914
0,0,0.9914000285838808,0.00859997141611987,0.9914000285838808
0,0,0.9846631188365249,0.015336881163474574,0.9846631188365249
0,0,0.8548525007631804,0.14514749923681838,0.8548525007631804
0,0,0.7644531737169336,0.2355468262830652,0.7644531737169336
0,0,0.7687843526130002,0.23121564738700115,0.7687843526130002
1,1,0.053921286696124,0.9460787133038772,0.9460787133038772
1,0,0.9839807221007034,0.01601927789929535,0.9839807221007034
0,0,0.9118857334185309,0.08811426658146997,0.9118857334185309
1,1,0.006187945860355695,0.9938120541396458,0.9938120541396458
0,0,0.9727612658810479,0.02723873411895036,0.9727612658810479
0,0,0.9247130040951045,0.07528699590489478,0.9247130040951045
0,0,0.9895886871175856,0.010411312882413875,0.9895886871175856
0,0,0.9946913408437557,0.005308659156244425,0.9946913408437557
0,0,0.9200375726758248,0.07996242732417524,0.9200375726758248
0,0,0.9936087427134644,0.006391257286534356,0.9936087427134644
0,0,0.9234763137202471,0.0765236862797534,0.9234763137202471
0,0,0.9829403344170389,0.01705966558296081,0.9829403344170389
0,0,0.9966675929610082,0.0033324070389911834,0.9966675929610082
0,0,0.953070339097115,0.04692966090288323,0.953070339097115
0,0,0.9639894938567976,0.03601050614320363,0.9639894938567976
0,0,0.9185307797589228,0.08146922024107647,0.9185307797589228
1,1,0.15834743699827628,0.841652563001723,0.841652563001723
0,0,0.97779506444983,0.022204935550170224,0.97779506444983
0,0,0.9967766929206406,0.003223307079359699,0.9967766929206406
0,0,0.9422444333110682,0.057755566688931725,0.9422444333110682
0,0,0.984755608616569,0.015244391383430443,0.984755608616569
0,0,0.9981021686246722,0.0018978313753264518,0.9981021686246722
0,0,0.9833289026761315,0.01667109732386997,0.9833289026761315
0,0,0.9988060413491938,0.001193958650805891,0.9988060413491938
0,0,0.8436506440110315,0.15634935598896954,0.8436506440110315
0,0,0.9667776443122843,0.033222355687714006,0.9667776443122843
0,0,0.9908210704572786,0.009178929542721061,0.9908210704572786
0,0,0.9949923836389757,0.005007616361024931,0.9949923836389757
0,0,0.9497192137235856,0.05028078627641428,0.9497192137235856
0,0,0.9818655300566569,0.01813446994334343,0.9818655300566569
0,0,0.9861244492731597,0.013875550726841535,0.9861244492731597
0,0,0.9842673004776844,0.015732699522315884,0.9842673004776844
0,0,0.9790784420248752,0.02092155797512426,0.9790784420248752
0,0,0.8094496806549687,0.19055031934503072,0.8094496806549687
0,0,0.9756083701834231,0.0243916298165762,0.9756083701834231
1,0,0.6857714340947298,0.3142285659052695,0.6857714340947298
0,0,0.8638988287197694,0.1361011712802305,0.8638988287197694
0,0,0.9952152153548155,0.004784784645184094,0.9952152153548155
0,0,0.9972282741649453,0.0027717258350545746,0.9972282741649453
0,0,0.9971181924187479,0.0028818075812515535,0.9971181924187479
1,1,0.03984151555434249,0.9601584844456572,0.9601584844456572
0,0,0.8231993381028239,0.17680066189717608,0.8231993381028239
0,0,0.9948390670462536,0.0051609329537468844,0.9948390670462536
0,0,0.8789336764541467,0.12106632354585486,0.8789336764541467
0,0,0.9882764910809881,0.011723508919010358,0.9882764910809881
1,0,0.67778328482464,0.3222167151753593,0.67778328482464
0,0,0.8551298774381282,0.14487012256187326,0.8551298774381282
0,0,0.748664340206889,0.25133565979311145,0.748664340206889
1,0,0.6507832234272675,0.3492167765727329,0.6507832234272675
0,0,0.9977624143666548,0.0022375856333443434,0.9977624143666548
0,0,0.9847549246331533,0.015245075366845053,0.9847549246331533
0,1,0.20224232024277372,0.7977576797572252,0.7977576797572252
0,0,0.9575053375009472,0.042494662499052226,0.9575053375009472
0,0,0.9711605174092472,0.028839482590751062,0.9711605174092472
0,0,0.9932970988508129,0.006702901149188717,0.9932970988508129
1,0,0.9921564849119415,0.007843515088058339,0.9921564849119415
0,0,0.9785021451770531,0.021497854822946586,0.9785021451770531
0,0,0.8897120906453766,0.11028790935462292,0.8897120906453766
0,0,0.9952017881946198,0.004798211805379155,0.9952017881946198
0,1,0.3913737803367425,0.608626219663256,0.608626219663256
0,0,0.9328259486165981,0.06717405138340128,0.9328259486165981
0,1,0.48983909571122836,0.510160904288771,0.510160904288771
0,0,0.8293513363169575,0.17064866368304393,0.8293513363169575
0,0,0.9951297786820106,0.004870221317988891,0.9951297786820106
0,0,0.9899813028842427,0.010018697115757095,0.9899813028842427
0,0,0.9533807508866201,0.04661924911338039,0.9533807508866201
0,0,0.9917567132628806,0.008243286737118428,0.9917567132628806
0,0,0.979868406248411,0.020131593751590272,0.979868406248411
0,0,0.934840550934899,0.06515944906510186,0.934840550934899
0,0,0.947694587022208,0.052305412977791704,0.947694587022208
0,0,0.8570992224767845,0.14290077752321592,0.8570992224767845
0,0,0.9313961978013103,0.0686038021986894,0.9313961978013103
0,0,0.6455806868350822,0.3544193131649189,0.6455806868350822
0,0,0.7853015881352885,0.21469841186471064,0.7853015881352885
0,0,0.9961413450377016,0.0038586549622992537,0.9961413450377016
0,0,0.9341084689174884,0.06589153108251236,0.9341084689174884
0,0,0.9957424981113226,0.004257501888678377,0.9957424981113226
0,0,0.9077277282852937,0.09227227171470487,0.9077277282852937
0,0,0.954326301968788,0.04567369803121356,0.954326301968788
0,0,0.953597781152306,0.04640221884769366,0.953597781152306
0,0,0.9875769520618988,0.012423047938100805,0.9875769520618988
0,0,0.7977420670024042,0.20225793299759412,0.7977420670024042
1,0,0.8721957335214999,0.12780426647850024,0.8721957335214999
0,0,0.9184220864617056,0.08157791353829383,0.9184220864617056
1,0,0.9362146819868332,0.06378531801316521,0.9362146819868332
1,1,0.4895345425935546,0.510465457406446,0.510465457406446
1,1,0.07880336334655183,0.9211966366534465,0.9211966366534465
0,0,0.9575043157002205,0.04249568429978103,0.9575043157002205
0,0,0.8936503229905906,0.10634967700940924,0.8936503229905906
0,0,0.9829061559698271,0.017093844030172917,0.9829061559698271
0,0,0.9790643531649238,0.020935646835074664,0.9790643531649238
0,0,0.9932128310897024,0.0067871689102970215,0.9932128310897024
0,0,0.9630923852351392,0.036907614764861846,0.9630923852351392
1,0,0.9102229221369277,0.08977707786307289,0.9102229221369277
0,0,0.9814857869239485,0.018514213076050327,0.9814857869239485
0,0,0.6585779512722509,0.34142204872774945,0.6585779512722509
0,0,0.9562498057585678,0.04375019424143088,0.9562498057585678
0,0,0.9607797986481497,0.0392202013518497,0.9607797986481497
0,0,0.949161011785316,0.05083898821468445,0.949161011785316
0,0,0.961801799425142,0.03819820057485812,0.961801799425142
0,0,0.9721357025861197,0.02786429741388093,0.9721357025861197
0,0,0.9925773820504965,0.007422617949504359,0.9925773820504965
0,0,0.9861557690190472,0.013844230980952962,0.9861557690190472
0,0,0.9530499068968139,0.04695009310318529,0.9530499068968139
0,0,0.7885486215657647,0.21145137843423592,0.7885486215657647
0,0,0.9966225471396563,0.003377452860342892,0.9966225471396563
0,0,0.929829537486621,0.07017046251337723,0.929829537486621
0,0,0.5380638276050238,0.46193617239497553,0.5380638276050238
0,0,0.753487415100048,0.24651258489995193,0.753487415100048
0,1,0.13525719028596794,0.8647428097140305,0.8647428097140305
0,0,0.96440586570132,0.035594134298680566,0.96440586570132
0,0,0.8113428259919298,0.18865717400807105,0.8113428259919298
0,0,0.977763884401519,0.02223611559848054,0.977763884401519
0,0,0.9559394831525927,0.0440605168474076,0.9559394831525927
0,0,0.9990564615504097,0.000943538449589939,0.9990564615504097
0,0,0.7545229294738464,0.24547707052615453,0.7545229294738464
1,0,0.6751978831117846,0.3248021168882142,0.6751978831117846
1,1,0.009852668831254656,0.9901473311687459,0.9901473311687459
0,0,0.9754252413071272,0.02457475869287416,0.9754252413071272
1,0,0.8777293962323973,0.1222706037676022,0.8777293962323973
0,0,0.9381549610509112,0.061845038949089055,0.9381549610509112
0,0,0.9964730527092884,0.0035269472907106226,0.9964730527092884
0,0,0.9882322482604893,0.011767751739511199,0.9882322482604893
1,1,0.28256743844416643,0.7174325615558325,0.7174325615558325
0,0,0.8580796451340664,0.14192035486593468,0.8580796451340664
0,0,0.9725010543310532,0.027498945668945684,0.9725010543310532
0,0,0.9948079189757393,0.005192081024260953,0.9948079189757393
0,1,0.4982334750672069,0.5017665249327943,0.5017665249327943
0,0,0.8114104649922411,0.18858953500775968,0.8114104649922411
0,0,0.9791263804694901,0.020873619530511266,0.9791263804694901
0,0,0.994701625407576,0.005298374592423379,0.994701625407576
0,0,0.930656595472033,0.06934340452796872,0.930656595472033
0,0,0.9909044155734815,0.009095584426517861,0.9909044155734815
1,0,0.9022521240092272,0.0977478759907724,0.9022521240092272
1,0,0.7320104468481329,0.2679895531518662,0.7320104468481329
0,1,0.17922256583405963,0.8207774341659411,0.8207774341659411
0,0,0.9946281578443453,0.005371842155653847,0.9946281578443453
0,0,0.9089120984362289,0.09108790156377143,0.9089120984362289
0,0,0.9821164839845733,0.01788351601542845,0.9821164839845733
0,0,0.857378614443295,0.14262138555670476,0.857378614443295
0,0,0.9168695966646367,0.08313040333536467,0.9168695966646367
0,0,0.9898383037208462,0.010161696279152869,0.9898383037208462
1,0,0.8663064956108419,0.13369350438915928,0.8663064956108419
0,0,0.9719099179382161,0.028090082061783542,0.9719099179382161
1,1,0.35479337921632687,0.645206620783673,0.645206620783673
1,0,0.995426643288753,0.004573356711246379,0.995426643288753
0,0,0.9055620650517271,0.09443793494827118,0.9055620650517271
1,0,0.88308481261228,0.11691518738772065,0.88308481261228
0,0,0.979298391998361,0.020701608001638755,0.979298391998361
0,0,0.9983621458594004,0.0016378541405998248,0.9983621458594004
1,1,0.2406832958260393,0.7593167041739589,0.7593167041739589
0,0,0.9513868785598013,0.04861312144019762,0.9513868785598013
0,0,0.6946160723479414,0.3053839276520576,0.6946160723479414
0,1,0.35254763461737726,0.6474523653826219,0.6474523653826219
0,0,0.937039540526797,0.06296045947320139,0.937039540526797
1,0,0.9467026547136779,0.053297345286322156,0.9467026547136779
0,0,0.9909434307055981,0.009056569294402173,0.9909434307055981
0,0,0.9663169028799723,0.033683097120028406,0.9663169028799723
0,0,0.8856419599598974,0.11435804004010312,0.8856419599598974
1,1,0.4470927138312701,0.5529072861687292,0.5529072861687292
0,0,0.929327426289947,0.07067257371005253,0.929327426289947
0,0,0.9801495906675367,0.019850409332462942,0.9801495906675367
0,0,0.9393008185306002,0.060699181469399455,0.9393008185306002
0,0,0.5610230789758625,0.438976921024138,0.5610230789758625
1,0,0.948982033652342,0.051017966347658865,0.948982033652342
0,0,0.8763029744852212,0.12369702551477986,0.8763029744852212
0,0,0.8090505867197554,0.19094941328024326,0.8090505867197554
0,0,0.9616573782119168,0.038342621788084,0.9616573782119168
0,0,0.9986527782771772,0.0013472217228241417,0.9986527782771772
0,0,0.9416222090038424,0.058377790996158335,0.9416222090038424
0,0,0.9776538948645783,0.02234610513542051,0.9776538948645783
0,0,0.8223096822180217,0.17769031778197847,0.8223096822180217
0,0,0.6886213066130018,0.31137869338699886,0.6886213066130018
0,0,0.9029749461134239,0.09702505388657542,0.9029749461134239
0,0,0.5553914935305473,0.44460850646945327,0.5553914935305473
0,0,0.8658369087820041,0.13416309121799666,0.8658369087820041
0,0,0.9814929599230514,0.018507040076948252,0.9814929599230514
0,0,0.9888078216323918,0.01119217836760894,0.9888078216323918
0,0,0.9895615287612741,0.010438471238725178,0.9895615287612741
0,1,0.24446414567974054,0.7555358543202583,0.7555358543202583
0,0,0.8736027196782818,0.126397280321717,0.8736027196782818
0,0,0.6218515882683568,0.3781484117316418,0.6218515882683568
0,0,0.8735515558092,0.1264484441907983,0.8735515558092
0,0,0.9586525046356852,0.04134749536431411,0.9586525046356852
1,0,0.9793746338952567,0.02062536610474306,0.9793746338952567
0,0,0.9689198725195594,0.03108012748044164,0.9689198725195594
0,0,0.61618900062892,0.38381099937108076,0.61618900062892
0,0,0.8505895720772347,0.14941042792276438,0.8505895720772347
1,1,0.13050781277824322,0.869492187221756,0.869492187221756
0,0,0.8581875779196049,0.14181242208039538,0.8581875779196049
0,0,0.8288980370699076,0.17110196293009314,0.8288980370699076
1,0,0.8265409232884092,0.17345907671159008,0.8265409232884092
0,0,0.997193028855227,0.002806971144772234,0.997193028855227
0,0,0.9935127320887192,0.006487267911280236,0.9935127320887192
0,0,0.9966133928697869,0.0033866071302129943,0.9966133928697869
0,1,0.38850135069097896,0.6114986493090228,0.6114986493090228
0,0,0.989057951166957,0.010942048833043765,0.989057951166957
1,0,0.9299669874021756,0.07003301259782316,0.9299669874021756
0,0,0.9448733423867575,0.05512665761324269,0.9448733423867575
0,0,0.9961594046993227,0.0038405953006780333,0.9961594046993227
1,0,0.9887359260580574,0.011264073941942898,0.9887359260580574
0,1,0.10935473671982046,0.8906452632801782,0.8906452632801782
0,0,0.9941878578256189,0.005812142174382302,0.9941878578256189
0,0,0.5173966477598791,0.4826033522401192,0.5173966477598791
0,0,0.6375823925369584,0.3624176074630426,0.6375823925369584
0,0,0.979540292868668,0.020459707131331935,0.979540292868668
0,0,0.7421273252563108,0.25787267474368913,0.7421273252563108
0,0,0.9934192989716643,0.006580701028335076,0.9934192989716643
1,1,0.03422677524766933,0.9657732247523307,0.9657732247523307
0,0,0.7586639127511567,0.24133608724884206,0.7586639127511567
0,0,0.8071497277732591,0.19285027222674087,0.8071497277732591
0,0,0.9689604173428699,0.0310395826571296,0.9689604173428699
1,1,0.07120558554635485,0.9287944144536465,0.9287944144536465
0,0,0.9879983507955263,0.012001649204472099,0.9879983507955263
1,0,0.8768585060165168,0.12314149398348481,0.8768585060165168
0,0,0.9864262544923239,0.013573745507676115,0.9864262544923239
1,0,0.9230969249511587,0.07690307504884122,0.9230969249511587
0,0,0.8539075216575244,0.14609247834247488,0.8539075216575244
0,0,0.9655443975685788,0.03445560243141999,0.9655443975685788
0,0,0.9446726077561037,0.05532739224389503,0.9446726077561037
0,0,0.9584864930124476,0.04151350698755388,0.9584864930124476
0,0,0.9805307630890308,0.019469236910968853,0.9805307630890308
0,0,0.8583663071874906,0.14163369281250845,0.8583663071874906
0,0,0.8742513978852551,0.1257486021147466,0.8742513978852551
0,0,0.6545269217239681,0.3454730782760332,0.6545269217239681
0,0,0.9971399992993316,0.002860000700668507,0.9971399992993316
0,0,0.9159447724722892,0.0840552275277108,0.9159447724722892
0,0,0.9982125655418401,0.0017874344581605116,0.9982125655418401
0,0,0.7057469474648359,0.29425305253516587,0.7057469474648359
0,0,0.9935890995649759,0.006410900435023316,0.9935890995649759
1,1,0.214243623030008,0.7857563769699913,0.7857563769699913
0,0,0.5839260013304725,0.4160739986695281,0.5839260013304725
0,0,0.9418476954008904,0.05815230459910907,0.9418476954008904
0,0,0.9929139652259815,0.007086034774019547,0.9929139652259815
0,0,0.9462292738155631,0.05377072618443716,0.9462292738155631
0,0,0.8788303460381479,0.12116965396185128,0.8788303460381479
0,0,0.9410680041964912,0.05893199580350963,0.9410680041964912
0,0,0.799248628966495,0.20075137103350632,0.799248628966495
0,0,0.9456501351283889,0.05434986487161141,0.9456501351283889
0,0,0.9734776018581435,0.026522398141857334,0.9734776018581435
0,0,0.9935004743662882,0.006499525633711003,0.9935004743662882
0,0,0.9526600713592799,0.04733992864071996,0.9526600713592799
0,0,0.9781820545391359,0.021817945460863353,0.9781820545391359
1,1,0.279710295178489,0.7202897048215096,0.7202897048215096
0,0,0.7508682516235012,0.24913174837649898,0.7508682516235012
0,0,0.9981081916295398,0.001891808370460855,0.9981081916295398
0,0,0.9930262383594353,0.006973761640564781,0.9930262383594353
0,0,0.9930452223430308,0.0069547776569690006,0.9930452223430308
0,0,0.9162248319809589,0.08377516801904027,0.9162248319809589
0,0,0.9312340755593765,0.06876592444062174,0.9312340755593765
0,0,0.9947503135696758,0.005249686430322872,0.9947503135696758
0,0,0.7619763071619412,0.23802369283805913,0.7619763071619412
0,0,0.8314906846718967,0.16850931532810387,0.8314906846718967
0,0,0.9796424374578667,0.020357562542131915,0.9796424374578667
1,0,0.9988706947684239,0.001129305231576244,0.9988706947684239
0,0,0.9872374719937329,0.012762528006268833,0.9872374719937329
0,1,0.3415209248618118,0.6584790751381888,0.6584790751381888
0,0,0.9777270612413541,0.022272938758647283,0.9777270612413541
0,0,0.830717073497587,0.16928292650241183,0.830717073497587
0,0,0.96272537374059,0.03727462625941074,0.96272537374059
0,0,0.9984055439604927,0.0015944560395076022,0.9984055439604927
0,0,0.8735243187299117,0.12647568127008768,0.8735243187299117
0,0,0.9795295529628012,0.020470447037198823,0.9795295529628012
0,1,0.028473518589357198,0.9715264814106437,0.9715264814106437
0,0,0.8845943779986627,0.11540562200133701,0.8845943779986627
0,0,0.98538132877201,0.014618671227990501,0.98538132877201
0,0,0.9814393089917436,0.01856069100825659,0.9814393089917436
0,0,0.9017945099575658,0.09820549004243428,0.9017945099575658
0,0,0.9113405168378279,0.08865948316217308,0.9113405168378279
0,1,0.2035618164018021,0.7964381835981981,0.7964381835981981
0,0,0.6660881217643042,0.33391187823569546,0.6660881217643042
0,0,0.6563422227745581,0.3436577772254427,0.6563422227745581
0,0,0.9971856312635342,0.002814368736465768,0.9971856312635342
0,0,0.7881251614754315,0.2118748385245677,0.7881251614754315
1,1,0.07438117886243513,0.9256188211375663,0.9256188211375663
0,0,0.9885820318421705,0.011417968157828612,0.9885820318421705
0,0,0.8767686417353907,0.12323135826460835,0.8767686417353907
0,0,0.996399142989297,0.003600857010702462,0.996399142989297
0,0,0.9982570187399645,0.0017429812600352672,0.9982570187399645
0,0,0.9984044613921856,0.0015955386078141654,0.9984044613921856
0,0,0.9466868229166052,0.053313177083396494,0.9466868229166052
0,0,0.952064046992033,0.04793595300796758,0.952064046992033
0,0,0.7203627521503423,0.2796372478496587,0.7203627521503423
0,0,0.815397885195092,0.1846021148049091,0.815397885195092
0,0,0.6246683096010919,0.37533169039890907,0.6246683096010919
0,0,0.8941089787339279,0.10589102126607183,0.8941089787339279
0,0,0.8637698449784501,0.13623015502155025,0.8637698449784501
1,1,0.3215901587835571,0.6784098412164443,0.6784098412164443
0,0,0.7201376840847293,0.27986231591526955,0.7201376840847293
0,0,0.8844297787369735,0.1155702212630266,0.8844297787369735
0,0,0.9991502012866446,0.0008497987133551572,0.9991502012866446
0,0,0.9923831599198226,0.007616840080176601,0.9923831599198226
0,0,0.8969723662313022,0.10302763376869865,0.8969723662313022
0,1,0.18105854450650843,0.8189414554934927,0.8189414554934927
0,0,0.9545724794323143,0.045427520567685675,0.9545724794323143
0,1,0.48734975856405904,0.5126502414359427,0.5126502414359427
0,0,0.8714653151287051,0.12853468487129663,0.8714653151287051
0,0,0.8618036174615188,0.13819638253848127,0.8618036174615188
0,0,0.9503904609610995,0.04960953903890129,0.9503904609610995
0,0,0.8534094402463571,0.14659055975364307,0.8534094402463571
0,0,0.995450675465621,0.0045493245343788576,0.995450675465621
0,0,0.5391030525807197,0.460896947419282,0.5391030525807197
0,0,0.8671486974002739,0.13285130259972727,0.8671486974002739
0,0,0.9903336394244987,0.009666360575501479,0.9903336394244987
0,0,0.9958722519635413,0.004127748036457922,0.9958722519635413
0,0,0.979898456363341,0.020101543636657317,0.979898456363341
1,0,0.8412073406465129,0.15879265935348774,0.8412073406465129
0,0,0.9749826835008782,0.02501731649912031,0.9749826835008782
1,1,0.40533972420254355,0.5946602757974567,0.5946602757974567
1,1,0.31952048814805767,0.680479511851944,0.680479511851944
0,0,0.9779368856602176,0.02206311433978397,0.9779368856602176
1,0,0.7869904364251195,0.21300956357488118,0.7869904364251195
1,0,0.7001412724176393,0.2998587275823612,0.7001412724176393
0,0,0.9973359277859386,0.0026640722140620853,0.9973359277859386
0,0,0.9925106970626781,0.007489302937322591,0.9925106970626781
0,0,0.997438456953897,0.0025615430461025093,0.997438456953897
0,0,0.9974788081162161,0.0025211918837836494,0.9974788081162161
0,0,0.6759060086731554,0.32409399132684436,0.6759060086731554
1,1,0.019773503827428186,0.9802264961725732,0.9802264961725732
0,0,0.9958377184798956,0.004162281520103098,0.9958377184798956
0,0,0.5721432221572624,0.4278567778427392,0.5721432221572624
0,0,0.932478020461828,0.06752197953817178,0.932478020461828
0,0,0.9521776493168345,0.0478223506831654,0.9521776493168345
0,0,0.8895326770381783,0.11046732296182175,0.8895326770381783
0,0,0.9704901030288002,0.02950989697120067,0.9704901030288002
0,0,0.7526144110863132,0.2473855889136862,0.7526144110863132
0,0,0.9677756267850082,0.032224373214992025,0.9677756267850082
0,0,0.9990423239299632,0.0009576760700359498,0.9990423239299632
0,0,0.9735988797040441,0.02640112029595551,0.9735988797040441
1,1,0.027138018047265462,0.9728619819527349,0.9728619819527349
0,0,0.949551131705536,0.05044886829446425,0.949551131705536
0,0,0.9962618649527721,0.003738135047226702,0.9962618649527721
0,0,0.9440568711971743,0.055943128802825884,0.9440568711971743
0,0,0.9863168431727075,0.01368315682729228,0.9863168431727075
0,0,0.8177718033614874,0.18222819663851308,0.8177718033614874
0,0,0.722651882992858,0.27734811700714285,0.722651882992858
0,0,0.7830516898162428,0.21694831018375846,0.7830516898162428
0,0,0.9557845645672377,0.044215435432762164,0.9557845645672377
0,0,0.8740636226994002,0.12593637730060153,0.8740636226994002
0,0,0.8930836330142246,0.1069163669857752,0.8930836330142246
1,1,0.2711901133478888,0.7288098866521121,0.7288098866521121
0,0,0.9423744178407347,0.057625582159265755,0.9423744178407347
0,0,0.9883641548745095,0.011635845125492202,0.9883641548745095
0,0,0.9864440724236737,0.013555927576327531,0.9864440724236737
0,0,0.8895693224468999,0.11043067755310094,0.8895693224468999
0,0,0.9225863459265168,0.07741365407348261,0.9225863459265168
0,0,0.9971295981039234,0.002870401896076456,0.9971295981039234
0,0,0.9712430723311889,0.02875692766881103,0.9712430723311889
0,0,0.7938533794571668,0.2061466205428314,0.7938533794571668
0,0,0.9597111590717835,0.040288840928216295,0.9597111590717835
0,0,0.974391127508659,0.025608872491341663,0.974391127508659
1,0,0.5073081638406715,0.49269183615933,0.5073081638406715
0,0,0.9959518212411369,0.004048178758863326,0.9959518212411369
0,0,0.9622145136309765,0.03778548636902398,0.9622145136309765
0,0,0.8402746593830505,0.1597253406169495,0.8402746593830505
1,0,0.6022270248879295,0.3977729751120719,0.6022270248879295
0,0,0.94023433622186,0.0597656637781407,0.94023433622186
0,0,0.933488220423521,0.0665117795764773,0.933488220423521
0,0,0.8448478960101817,0.15515210398981688,0.8448478960101817
1,0,0.9905348165567788,0.009465183443221274,0.9905348165567788
0,0,0.9964799032324925,0.0035200967675084044,0.9964799032324925
0,0,0.9297953851813526,0.07020461481864752,0.9297953851813526
0,0,0.9689728704724629,0.0310271295275357,0.9689728704724629
0,0,0.9076231367424505,0.09237686325754928,0.9076231367424505
0,0,0.9949805526651174,0.005019447334880911,0.9949805526651174
1,0,0.8332968433248531,0.166703156675146,0.8332968433248531
1,1,0.3351754012283934,0.6648245987716066,0.6648245987716066
0,0,0.8264876336528479,0.17351236634715259,0.8264876336528479
0,0,0.8401373405280153,0.15986265947198477,0.8401373405280153
0,0,0.9255608285564403,0.07443917144356034,0.9255608285564403
0,0,0.6054825638928732,0.394517436107128,0.6054825638928732
0,0,0.5111894116248695,0.48881058837513164,0.5111894116248695
0,0,0.9674475619698969,0.03255243803010211,0.9674475619698969
1,0,0.8975983711762682,0.1024016288237335,0.8975983711762682
0,0,0.9771419210257073,0.02285807897429254,0.9771419210257073
0,0,0.9222010574835282,0.07779894251647249,0.9222010574835282
0,0,0.8170186039386317,0.18298139606136782,0.8170186039386317
1,0,0.7837514959435979,0.21624850405640217,0.7837514959435979
0,0,0.9911461681534843,0.008853831846516863,0.9911461681534843
0,0,0.9874458348950612,0.01255416510493915,0.9874458348950612
0,0,0.9988995659300758,0.001100434069923534,0.9988995659300758
1,0,0.9459181157007764,0.054081884299223955,0.9459181157007764
0,0,0.7367293364659939,0.2632706635340067,0.7367293364659939
1,1,0.19857825307341886,0.8014217469265807,0.8014217469265807
0,0,0.8163442240264233,0.1836557759735781,0.8163442240264233
0,0,0.9945356114745793,0.005464388525421626,0.9945356114745793
0,0,0.9691418402719578,0.030858159728041304,0.9691418402719578
0,0,0.9915390172796493,0.008460982720350917,0.9915390172796493
0,0,0.7067387700340959,0.2932612299659053,0.7067387700340959
1,0,0.9738412194427091,0.0261587805572907,0.9738412194427091
0,0,0.981917656862753,0.01808234313724553,0.981917656862753
0,0,0.830835224637117,0.16916477536288185,0.830835224637117
1,1,0.4685352126957479,0.5314647873042538,0.5314647873042538
0,0,0.9803210205205781,0.019678979479422,0.9803210205205781
0,0,0.9003375176646882,0.09966248233531162,0.9003375176646882
0,0,0.8566009340313563,0.14339906596864482,0.8566009340313563
0,0,0.9685623194977272,0.03143768050227313,0.9685623194977272
0,0,0.9133640572912992,0.0866359427087009,0.9133640572912992
0,0,0.7115736270921811,0.2884263729078185,0.7115736270921811
0,0,0.780461160967795,0.21953883903220436,0.780461160967795
0,0,0.9700830943187247,0.029916905681276255,0.9700830943187247
0,0,0.92787885450994,0.07212114549006088,0.92787885450994
1,0,0.5252358002679764,0.47476419973202416,0.5252358002679764
0,0,0.9739182703295395,0.02608172967046036,0.9739182703295395
0,0,0.9822585813217366,0.017741418678264075,0.9822585813217366
1,0,0.850063304252768,0.1499366957472327,0.850063304252768
0,0,0.6393366412375326,0.360663358762466,0.6393366412375326
0,0,0.9988719272019863,0.0011280727980127496,0.9988719272019863
0,0,0.993266210069008,0.006733789930990576,0.993266210069008
0,0,0.9503332656417509,0.04966673435824984,0.9503332656417509
0,0,0.9045876594387426,0.09541234056125783,0.9045876594387426
0,0,0.9920250850802733,0.007974914919725924,0.9920250850802733
0,1,0.4939077371500288,0.5060922628499723,0.5060922628499723
0,0,0.7679714755313574,0.2320285244686417,0.7679714755313574
0,0,0.8690312940179632,0.13096870598203703,0.8690312940179632
1,0,0.6293538341935314,0.37064616580646864,0.6293538341935314
1,1,0.01705699809338935,0.9829430019066118,0.9829430019066118
0,0,0.8209810910651824,0.1790189089348179,0.8209810910651824
0,0,0.9901272046068093,0.009872795393191029,0.9901272046068093
0,0,0.9962166916976967,0.003783308302302218,0.9962166916976967
0,0,0.9852819336430879,0.014718066356912448,0.9852819336430879
0,0,0.9975793920161333,0.0024206079838658065,0.9975793920161333
0,0,0.8735361278230174,0.1264638721769825,0.8735361278230174
0,0,0.9829704725687377,0.017029527431261723,0.9829704725687377
0,0,0.8985628641231242,0.10143713587687536,0.8985628641231242
0,0,0.9933860527857702,0.006613947214231361,0.9933860527857702
0,0,0.9885334132544659,0.011466586745533287,0.9885334132544659
0,0,0.8900595963509108,0.10994040364908758,0.8900595963509108
0,0,0.8907691751991741,0.1092308248008271,0.8907691751991741
0,0,0.9661330647475586,0.033866935252440986,0.9661330647475586
0,0,0.9890018203746068,0.010998179625393425,0.9890018203746068
0,0,0.9646257504494551,0.03537424955054536,0.9646257504494551
0,0,0.9692831713660537,0.03071682863394583,0.9692831713660537
0,0,0.9784913705349676,0.021508629465031764,0.9784913705349676
0,0,0.9977673672368255,0.002232632763175049,0.9977673672368255
0,0,0.975578779403644,0.02442122059635687,0.975578779403644
0,0,0.8803896822191433,0.119610317780855,0.8803896822191433
0,0,0.9679108408709927,0.03208915912900596,0.9679108408709927
0,0,0.9779173008062887,0.022082699193713043,0.9779173008062887
0,0,0.9877607863030845,0.012239213696913716,0.9877607863030845
0,1,0.16911731558703164,0.8308826844129689,0.8308826844129689
1,0,0.9690629690217831,0.03093703097821865,0.9690629690217831
1,0,0.9763369575567391,0.023663042443261752,0.9763369575567391
0,0,0.9552346750748691,0.04476532492513101,0.9552346750748691
0,1,0.3427479104245834,0.6572520895754165,0.6572520895754165
0,1,0.300550741051462,0.6994492589485385,0.6994492589485385
0,0,0.9898861594601871,0.010113840539811786,0.9898861594601871
0,0,0.9567291428311345,0.04327085716886539,0.9567291428311345
0,0,0.9911214924280479,0.008878507571951178,0.9911214924280479
0,0,0.9751621184909702,0.024837881509027958,0.9751621184909702
0,0,0.8633377498123295,0.13666225018767209,0.8633377498123295
0,0,0.9923085534489289,0.007691446551070385,0.9923085534489289
0,0,0.9614871626010886,0.03851283739891082,0.9614871626010886
0,0,0.9851156045945414,0.01488439540545958,0.9851156045945414
0,0,0.9776247367339073,0.022375263266092398,0.9776247367339073
1,0,0.8467961937454993,0.15320380625449978,0.8467961937454993
0,0,0.9612751619100129,0.038724838089986335,0.9612751619100129
0,0,0.9992100234586937,0.0007899765413078671,0.9992100234586937
0,0,0.6846464402985275,0.31535355970147333,0.6846464402985275
1,0,0.9219465421289907,0.07805345787101087,0.9219465421289907
0,0,0.9967030508065077,0.0032969491934920344,0.9967030508065077
0,0,0.9853854111264145,0.01461458887358389,0.9853854111264145
0,0,0.9411224219852886,0.05887757801471082,0.9411224219852886
0,0,0.9789253864514024,0.021074613548597357,0.9789253864514024
0,0,0.9800018238859253,0.019998176114075738,0.9800018238859253
0,0,0.9946504939901857,0.005349506009814176,0.9946504939901857
0,0,0.9583344904631406,0.04166550953686073,0.9583344904631406
0,0,0.9972180898304919,0.002781910169507545,0.9972180898304919
0,0,0.9714393795195114,0.0285606204804881,0.9714393795195114
0,0,0.9691221578517542,0.030877842148244166,0.9691221578517542
0,0,0.7908282909437375,0.20917170905626276,0.7908282909437375
0,0,0.9490098402685403,0.050990159731459844,0.9490098402685403
0,1,0.4995945389478581,0.5004054610521405,0.5004054610521405
1,1,0.02232252473249839,0.9776774752675017,0.9776774752675017
0,0,0.8933709829402671,0.10662901705973138,0.8933709829402671
0,0,0.9882514870464152,0.011748512953583921,0.9882514870464152
0,0,0.9493727683352466,0.05062723166475483,0.9493727683352466
0,0,0.6832930596435884,0.31670694035641084,0.6832930596435884
0,0,0.9623585780087631,0.03764142199123613,0.9623585780087631
0,0,0.9062306525300847,0.09376934746991533,0.9062306525300847
0,0,0.9801588260308097,0.019841173969190284,0.9801588260308097
0,0,0.5837941516469484,0.41620584835305013,0.5837941516469484
0,0,0.8624200106978871,0.13757998930211404,0.8624200106978871
0,1,0.041023821319727795,0.9589761786802729,0.9589761786802729
0,0,0.8325491334255912,0.16745086657440825,0.8325491334255912
0,0,0.9730623680745247,0.026937631925474673,0.9730623680745247
0,0,0.9875775061648696,0.012422493835131042,0.9875775061648696
0,0,0.9825164833432171,0.017483516656782595,0.9825164833432171
0,0,0.5950587476095983,0.40494125239040285,0.5950587476095983
0,0,0.6649504504703264,0.3350495495296737,0.6649504504703264
1,1,0.016771998496627635,0.9832280015033723,0.9832280015033723
0,0,0.9651786046494853,0.034821395350512874,0.9651786046494853
1,1,0.00927841375108353,0.9907215862489152,0.9907215862489152
0,0,0.9783497725981166,0.021650227401881633,0.9783497725981166
0,0,0.7388600901323561,0.2611399098676429,0.7388600901323561
0,0,0.9867589474411841,0.013241052558814548,0.9867589474411841
0,0,0.7794220556717336,0.22057794432826808,0.7794220556717336
0,0,0.9834195726192523,0.016580427380746398,0.9834195726192523
0,0,0.9625845724953868,0.037415427504612304,0.9625845724953868
0,0,0.9854773797424863,0.014522620257513783,0.9854773797424863
0,0,0.6803277836539893,0.31967221634601123,0.6803277836539893
0,0,0.8535076274761916,0.14649237252380987,0.8535076274761916
0,0,0.8273297295988505,0.1726702704011509,0.8273297295988505
0,0,0.9255967630534111,0.07440323694659026,0.9255967630534111
0,0,0.9931805950150879,0.006819404984911407,0.9931805950150879
0,0,0.7881009527020635,0.21189904729793804,0.7881009527020635
0,0,0.9975539534720722,0.0024460465279261337,0.9975539534720722
0,0,0.9868278633424138,0.013172136657586644,0.9868278633424138
0,0,0.8601571181180854,0.13984288188191552,0.8601571181180854
1,0,0.5245759563940962,0.4754240436059039,0.5245759563940962
0,0,0.8725801762504007,0.12741982374959845,0.8725801762504007
0,0,0.9909507454924718,0.009049254507528906,0.9909507454924718
1,1,0.1493870356262393,0.8506129643737613,0.8506129643737613
0,0,0.9520212543472631,0.04797874565273783,0.9520212543472631
0,0,0.9976881190648506,0.0023118809351498474,0.9976881190648506
0,0,0.9897407728386322,0.010259227161367622,0.9897407728386322
0,0,0.9417657206527401,0.058234279347260706,0.9417657206527401
0,0,0.9804790759509263,0.019520924049074826,0.9804790759509263
0,0,0.9984934805904654,0.0015065194095349236,0.9984934805904654
0,0,0.9892406097460016,0.01075939025400003,0.9892406097460016
0,0,0.9827097140192613,0.01729028598073799,0.9827097140192613
0,0,0.9963207304266564,0.0036792695733429263,0.9963207304266564
0,0,0.7359467794810098,0.26405322051899044,0.7359467794810098
0,0,0.9956859432081804,0.004314056791820406,0.9956859432081804
0,0,0.9537583921398888,0.046241607860110855,0.9537583921398888
0,0,0.8175950025769264,0.18240499742307317,0.8175950025769264
0,0,0.9893284917315719,0.0106715082684287,0.9893284917315719
0,0,0.9715702967794138,0.028429703220587257,0.9715702967794138
0,0,0.980969581065264,0.01903041893473664,0.980969581065264
0,0,0.9659822248784333,0.03401777512156668,0.9659822248784333
1,0,0.9943398801212286,0.005660119878772283,0.9943398801212286
0,1,0.13549812938504158,0.8645018706149581,0.8645018706149581
0,0,0.9517492401834019,0.04825075981659885,0.9517492401834019
0,0,0.827299852254801,0.1727001477452007,0.827299852254801
0,0,0.7310780444422237,0.2689219555577759,0.7310780444422237
0,0,0.9343699699280498,0.06563003007194858,0.9343699699280498
0,0,0.9790451819085672,0.020954818091433212,0.9790451819085672
0,0,0.982488909271067,0.017511090728934583,0.982488909271067
0,0,0.7095596498540385,0.29044035014596215,0.7095596498540385
0,0,0.8678515695813649,0.1321484304186337,0.8678515695813649
0,0,0.9723173098995753,0.02768269010042401,0.9723173098995753
0,0,0.6254097735774458,0.374590226422555,0.6254097735774458
0,0,0.9622514874966288,0.037748512503371294,0.9622514874966288
0,0,0.9133937550240031,0.0866062449759971,0.9133937550240031
0,0,0.9963562526185433,0.0036437473814581512,0.9963562526185433
1,0,0.9522856585415588,0.047714341458441195,0.9522856585415588
0,0,0.941256857782581,0.058743142217417825,0.941256857782581
0,0,0.9723445195259997,0.02765548047400041,0.9723445195259997
0,0,0.9645465375484175,0.03545346245158162,0.9645465375484175
0,0,0.9463526008426966,0.05364739915730236,0.9463526008426966
0,0,0.990792107181065,0.009207892818936202,0.990792107181065
0,0,0.9028154400805726,0.09718455991942823,0.9028154400805726
0,0,0.8755480127806228,0.12445198721937671,0.8755480127806228
0,0,0.9979812688431408,0.0020187311568580753,0.9979812688431408
0,0,0.9374991610759389,0.06250083892406011,0.9374991610759389
0,0,0.9561157266487456,0.04388427335125348,0.9561157266487456
0,0,0.9591485835694084,0.04085141643059208,0.9591485835694084
0,0,0.8410623619536373,0.15893763804636202,0.8410623619536373
0,0,0.923091634047358,0.07690836595264167,0.923091634047358
0,0,0.9598956063036066,0.040104393696393535,0.9598956063036066
0,0,0.9660074314705511,0.03399256852944849,0.9660074314705511
0,0,0.9909582635869595,0.009041736413039837,0.9909582635869595
0,0,0.9199708801816955,0.08002911981830445,0.9199708801816955
0,0,0.9861907532757992,0.013809246724200166,0.9861907532757992
0,0,0.9556104172605356,0.04438958273946611,0.9556104172605356
0,0,0.9783278954221609,0.021672104577839538,0.9783278954221609
0,0,0.987580384284676,0.012419615715324375,0.987580384284676
0,1,0.1936281949582284,0.8063718050417713,0.8063718050417713
0,1,0.16660706077138898,0.83339293922861,0.83339293922861
0,0,0.7177121213918092,0.28228787860819027,0.7177121213918092
0,1,0.2274631599429024,0.7725368400570962,0.7725368400570962
0,0,0.9921771562120193,0.007822843787980215,0.9921771562120193
0,0,0.9874433064612846,0.012556693538716307,0.9874433064612846
1,0,0.5570359796383841,0.44296402036161653,0.5570359796383841
0,0,0.9969046749161059,0.0030953250838936675,0.9969046749161059
0,0,0.9667755215277909,0.033224478472208684,0.9667755215277909
0,0,0.7624391832960482,0.23756081670395224,0.7624391832960482
0,0,0.9949883953810948,0.005011604618906565,0.9949883953810948
0,0,0.8808506867594528,0.11914931324054896,0.8808506867594528
0,0,0.9971727762468965,0.0028272237531018467,0.9971727762468965
0,0,0.9966840302749368,0.0033159697250629335,0.9966840302749368
0,0,0.9962436233238884,0.00375637667611074,0.9962436233238884
0,0,0.8827882688550306,0.11721173114496887,0.8827882688550306
0,0,0.6517275735080237,0.34827242649197676,0.6517275735080237
0,0,0.9971521278642324,0.0028478721357676822,0.9971521278642324
0,0,0.9978121352836298,0.0021878647163697564,0.9978121352836298
0,0,0.9709287895279672,0.02907121047203108,0.9709287895279672
0,0,0.9905988369482985,0.009401163051700268,0.9905988369482985
0,0,0.9363426827419069,0.06365731725809326,0.9363426827419069
0,0,0.9763507532815675,0.02364924671843196,0.9763507532815675
1,0,0.9305340388473342,0.06946596115266604,0.9305340388473342
0,0,0.9568290854459294,0.04317091455407226,0.9568290854459294
0,0,0.9494147396344432,0.05058526036555752,0.9494147396344432
0,0,0.9663614384124173,0.033638561587581814,0.9663614384124173
0,0,0.7243260330466537,0.2756739669533469,0.7243260330466537
0,0,0.5154044392764066,0.4845955607235935,0.5154044392764066
0,0,0.9165176913432789,0.08348230865672084,0.9165176913432789
0,0,0.9754869843851084,0.024513015614893365,0.9754869843851084
0,0,0.9613172547881471,0.038682745211853636,0.9613172547881471
0,0,0.9851015588856196,0.014898441114379964,0.9851015588856196
0,0,0.9759608945099855,0.024039105490015387,0.9759608945099855
0,0,0.9532024844639535,0.046797515536045976,0.9532024844639535
0,0,0.7234183984755989,0.2765816015244011,0.7234183984755989
0,0,0.9856053188869113,0.014394681113086989,0.9856053188869113
0,0,0.9075137438168474,0.09248625618315252,0.9075137438168474
0,0,0.8138900460806087,0.18610995391939272,0.8138900460806087
0,0,0.9969172174892162,0.003082782510782249,0.9969172174892162
0,0,0.9708251857970172,0.029174814202982742,0.9708251857970172
0,1,0.45211134799994,0.547888652000059,0.547888652000059
0,0,0.9648271304011485,0.03517286959884998,0.9648271304011485
1,0,0.9170119771625638,0.08298802283743584,0.9170119771625638
0,0,0.92720334239163,0.0727966576083699,0.92720334239163
0,0,0.9843948759676018,0.015605124032398457,0.9843948759676018
0,0,0.9584033972743216,0.041596602725677875,0.9584033972743216
0,0,0.9912466817153419,0.008753318284658916,0.9912466817153419
0,0,0.8914586479663805,0.10854135203362013,0.8914586479663805
0,0,0.9054948305925945,0.09450516940740625,0.9054948305925945
0,0,0.9700450376765317,0.02995496232346715,0.9700450376765317
0,0,0.9979405169823392,0.0020594830176609152,0.9979405169823392
0,0,0.9827560288704738,0.017243971129526452,0.9827560288704738
0,0,0.9995890364578592,0.0004109635421405106,0.9995890364578592
0,0,0.9862469205990207,0.01375307940097922,0.9862469205990207
1,1,0.0030735616971902776,0.9969264383028081,0.9969264383028081
0,0,0.9729813156450497,0.02701868435495128,0.9729813156450497
0,0,0.882533369977095,0.11746663002290358,0.882533369977095
0,0,0.9492996338431158,0.05070036615688422,0.9492996338431158
0,0,0.9819306049762551,0.01806939502374348,0.9819306049762551
0,0,0.9620748869607649,0.03792511303923628,0.9620748869607649
0,0,0.8630649326244882,0.13693506737551198,0.8630649326244882
0,0,0.9806552699049624,0.0193447300950384,0.9806552699049624
0,0,0.9627452378438826,0.037254762156118074,0.9627452378438826
0,0,0.9647022833574801,0.035297716642521335,0.9647022833574801
0,1,0.44107138955617026,0.5589286104438311,0.5589286104438311
0,0,0.8645932752869151,0.1354067247130856,0.8645932752869151
0,0,0.8418890160217088,0.15811098397829046,0.8418890160217088
0,0,0.9054729104997669,0.0945270895002342,0.9054729104997669
0,0,0.9953375631989289,0.004662436801070566,0.9953375631989289
0,0,0.8582210055623952,0.1417789944376055,0.8582210055623952
0,0,0.9717982177263157,0.02820178227368477,0.9717982177263157
0,0,0.989009186965866,0.010990813034133831,0.989009186965866
0,0,0.9619304370350422,0.03806956296495642,0.9619304370350422
0,0,0.6616459924861704,0.33835400751383055,0.6616459924861704
0,0,0.9278867717356375,0.07211322826436359,0.9278867717356375
0,0,0.9582096668315355,0.04179033316846471,0.9582096668315355
0,0,0.9000760942552901,0.09992390574470982,0.9000760942552901
0,0,0.9300430236037088,0.0699569763962913,0.9300430236037088
0,0,0.8804693543722615,0.11953064562773769,0.8804693543722615
0,0,0.8367223064311807,0.16327769356882058,0.8367223064311807
0,0,0.7406000996203773,0.25939990037962113,0.7406000996203773
0,0,0.9879419292494098,0.012058070750589327,0.9879419292494098
0,0,0.885462997816164,0.11453700218383688,0.885462997816164
0,0,0.8737769014917887,0.12622309850821278,0.8737769014917887
0,0,0.8305707523192339,0.1694292476807659,0.8305707523192339
1,1,0.00810456582686334,0.9918954341731354,0.9918954341731354
0,0,0.9164424252803167,0.08355757471968246,0.9164424252803167
0,0,0.963810555200576,0.03618944479942478,0.963810555200576
0,0,0.7269110619614473,0.2730889380385521,0.7269110619614473
1,1,0.28581110255923403,0.7141888974407653,0.7141888974407653
0,0,0.8724558929499677,0.12754410705003355,0.8724558929499677
0,0,0.8470065551053682,0.15299344489463082,0.8470065551053682
1,0,0.9791140899144799,0.020885910085520883,0.9791140899144799
0,0,0.9949267115820484,0.005073288417949915,0.9949267115820484
0,0,0.946940274396772,0.05305972560322822,0.946940274396772
0,0,0.9905330559530504,0.009466944046947942,0.9905330559530504
0,0,0.5604239353005979,0.43957606469940336,0.5604239353005979
0,0,0.9857476020667207,0.014252397933280052,0.9857476020667207
1,0,0.8997692785495303,0.10023072145047028,0.8997692785495303
0,0,0.9879384759936195,0.012061524006381417,0.9879384759936195
0,0,0.9823874843362902,0.017612515663709794,0.9823874843362902
0,0,0.7473041999245704,0.2526958000754309,0.7473041999245704
0,0,0.8381224926984074,0.16187750730159348,0.8381224926984074
0,0,0.9834250358230787,0.016574964176921957,0.9834250358230787
0,0,0.7974748667621083,0.20252513323789326,0.7974748667621083
1,0,0.9922200856141621,0.00777991438583697,0.9922200856141621
0,0,0.9947326576205154,0.005267342379485063,0.9947326576205154
0,0,0.9692263092025065,0.030773690797492852,0.9692263092025065
1,1,0.3743950073325009,0.6256049926675007,0.6256049926675007
0,1,0.4442915514845686,0.55570844851543,0.55570844851543
0,0,0.9910037069747224,0.008996293025276273,0.9910037069747224
0,0,0.9937436035419351,0.00625639645806456,0.9937436035419351
0,0,0.990048077461744,0.009951922538256452,0.990048077461744
0,0,0.9401027634387387,0.05989723656126081,0.9401027634387387
1,0,0.8347901863319829,0.16520981366801782,0.8347901863319829
1,0,0.7878327736891217,0.21216722631087886,0.7878327736891217
0,0,0.9590329889366372,0.04096701106336336,0.9590329889366372
0,0,0.9971639090039679,0.00283609099603034,0.9971639090039679
0,1,0.04199821274367089,0.9580017872563303,0.9580017872563303
0,1,0.46968236175325645,0.5303176382467419,0.5303176382467419
0,0,0.9884696084993172,0.011530391500682925,0.9884696084993172
0,0,0.9098056005096834,0.09019439949031695,0.9098056005096834
0,0,0.8649608392455757,0.13503916075442435,0.8649608392455757
0,0,0.8575462290413295,0.14245377095867062,0.8575462290413295
0,0,0.9966428105576264,0.003357189442372738,0.9966428105576264
0,0,0.9782296671335557,0.02177033286644388,0.9782296671335557
0,0,0.9915538685055988,0.008446131494401828,0.9915538685055988
0,0,0.9122917664440688,0.08770823355593137,0.9122917664440688
1,0,0.8512493967924271,0.1487506032075739,0.8512493967924271
0,0,0.9994106879000789,0.0005893120999197182,0.9994106879000789
0,0,0.9174543641435329,0.08254563585646746,0.9174543641435329
0,0,0.9153526021126943,0.08464739788730523,0.9153526021126943
0,0,0.9539111433246132,0.04608885667538509,0.9539111433246132
0,0,0.9677840954224355,0.0322159045775648,0.9677840954224355
0,0,0.9946499204785921,0.005350079521407773,0.9946499204785921
0,0,0.9891329245331371,0.010867075466864362,0.9891329245331371
0,0,0.9081632199851829,0.09183678001481879,0.9081632199851829
0,0,0.8613847899858591,0.13861521001414218,0.8613847899858591
0,1,0.06426775903403904,0.935732240965962,0.935732240965962
0,0,0.8931373694622842,0.10686263053771451,0.8931373694622842
0,0,0.9966988838578189,0.003301116142181719,0.9966988838578189
0,0,0.9944917973703,0.005508202629699851,0.9944917973703
1,1,0.45909628906652594,0.540903710933473,0.540903710933473
1,0,0.8970956335004231,0.10290436649957602,0.8970956335004231
0,0,0.989988250040828,0.010011749959172797,0.989988250040828
0,0,0.9932847637498465,0.006715236250153182,0.9932847637498465
0,0,0.9956527348905767,0.004347265109424277,0.9956527348905767
1,0,0.8485823323400409,0.15141766765995754,0.8485823323400409
0,0,0.7363955256336141,0.26360447436638557,0.7363955256336141
0,0,0.9921826989504601,0.00781730104954061,0.9921826989504601
0,0,0.986741854009824,0.013258145990176455,0.986741854009824
0,0,0.9870665063524262,0.01293349364757388,0.9870665063524262
0,0,0.9099529730476597,0.09004702695234035,0.9099529730476597
0,0,0.9973848778034548,0.002615122196546075,0.9973848778034548
0,0,0.6826985806040331,0.3173014193959658,0.6826985806040331
0,1,0.4262157603289586,0.5737842396710428,0.5737842396710428
0,0,0.9962992714451611,0.003700728554839949,0.9962992714451611
1,0,0.8436992005851461,0.15630079941485336,0.8436992005851461
0,0,0.9554507583808742,0.04454924161912646,0.9554507583808742
0,0,0.9180157180519785,0.08198428194802146,0.9180157180519785
0,0,0.8813531442862864,0.11864685571371489,0.8813531442862864
0,0,0.983831678210942,0.016168321789059387,0.983831678210942
0,0,0.854654444359547,0.14534555564045198,0.854654444359547
0,0,0.7628669619889749,0.23713303801102406,0.7628669619889749
0,0,0.8334278968582196,0.16657210314178061,0.8334278968582196
0,0,0.9959309236181947,0.004069076381806254,0.9959309236181947
0,0,0.9931532818824089,0.006846718117592465,0.9931532818824089
0,0,0.9829843486311656,0.017015651368835576,0.9829843486311656
0,0,0.9383768610688696,0.06162313893113055,0.9383768610688696
0,0,0.9200927129619856,0.07990728703801464,0.9200927129619856
1,1,0.3512085544688244,0.6487914455311742,0.6487914455311742
0,0,0.8404127330920492,0.15958726690795083,0.8404127330920492
0,0,0.9813333057606745,0.01866669423932639,0.9813333057606745
0,0,0.9886037956518857,0.011396204348114565,0.9886037956518857
0,1,0.34549045008794016,0.6545095499120603,0.6545095499120603
0,0,0.9894936411822717,0.010506358817728816,0.9894936411822717
0,0,0.6744319972410099,0.32556800275898945,0.6744319972410099
0,0,0.9206766573587558,0.07932334264124283,0.9206766573587558
0,0,0.9872844793580424,0.012715520641956642,0.9872844793580424
0,0,0.9845614489548908,0.015438551045108554,0.9845614489548908
0,0,0.9323056351738248,0.06769436482617448,0.9323056351738248
0,0,0.9426622797712252,0.0573377202287762,0.9426622797712252
0,0,0.9955374215186553,0.004462578481344965,0.9955374215186553
0,1,0.3667845940655728,0.6332154059344263,0.6332154059344263
0,0,0.7040990290294481,0.2959009709705505,0.7040990290294481
0,0,0.9581402012696012,0.041859798730398017,0.9581402012696012
0,0,0.9986595070652398,0.001340492934760353,0.9986595070652398
0,0,0.9228846784853465,0.07711532151465361,0.9228846784853465
0,0,0.9920179942025038,0.007982005797496678,0.9920179942025038
0,0,0.947108164565657,0.05289183543434456,0.947108164565657
0,0,0.9455859020772038,0.05441409792279456,0.9455859020772038
0,0,0.8273984793461466,0.1726015206538534,0.8273984793461466
0,0,0.9914309281528553,0.008569071847143627,0.9914309281528553
0,0,0.6058629943498116,0.3941370056501887,0.6058629943498116
0,0,0.9035383293279567,0.09646167067204156,0.9035383293279567
0,0,0.8308991005123859,0.16910089948761342,0.8308991005123859
0,0,0.9526600713592799,0.04733992864071996,0.9526600713592799
0,0,0.9750823865086932,0.02491761349130761,0.9750823865086932
0,0,0.9746559146177459,0.025344085382253634,0.9746559146177459
0,0,0.6096396024897632,0.39036039751023505,0.6096396024897632
0,0,0.7789904259412433,0.2210095740587574,0.7789904259412433
0,0,0.8715399471658729,0.12846005283412784,0.8715399471658729
0,0,0.8870033548541039,0.11299664514589657,0.8870033548541039
1,1,0.07598540782218535,0.9240145921778162,0.9240145921778162
0,0,0.8999310783996002,0.10006892160039838,0.8999310783996002
0,0,0.8848093885486393,0.11519061145136045,0.8848093885486393
1,0,0.8732256056173591,0.1267743943826415,0.8732256056173591
0,0,0.9367465430917566,0.06325345690824322,0.9367465430917566
0,0,0.7944579172022576,0.20554208279774394,0.7944579172022576
0,0,0.9059380374857877,0.09406196251421316,0.9059380374857877
1,0,0.9913704376232125,0.008629562376786902,0.9913704376232125
0,0,0.9204070499527867,0.07959295004721348,0.9204070499527867
0,0,0.9779571559685196,0.0220428440314792,0.9779571559685196
0,0,0.9922872122627983,0.007712787737202017,0.9922872122627983
1,1,0.039013774202277536,0.9609862257977233,0.9609862257977233
0,0,0.9085646291345931,0.09143537086540737,0.9085646291345931
1,1,0.44568518239915245,0.5543148176008464,0.5543148176008464
0,0,0.956286547988901,0.04371345201109941,0.956286547988901
0,0,0.9752247199060823,0.024775280093919282,0.9752247199060823
0,0,0.856331455267431,0.14366854473256893,0.856331455267431
0,0,0.9048998065396104,0.09510019346038893,0.9048998065396104
0,0,0.7465115970359941,0.25348840296400676,0.7465115970359941
0,0,0.9553527482700283,0.04464725172997283,0.9553527482700283
0,0,0.9907625049252564,0.009237495074743899,0.9907625049252564
1,0,0.7882749805590491,0.21172501944095176,0.7882749805590491
0,0,0.9911411738708942,0.008858826129105804,0.9911411738708942
0,1,0.31467929577656883,0.6853207042234314,0.6853207042234314
0,0,0.9922337761047526,0.007766223895248511,0.9922337761047526
0,0,0.9602232449709679,0.039776755029032766,0.9602232449709679
0,0,0.9920481559259972,0.007951844074002751,0.9920481559259972
0,0,0.8687777417293806,0.13122225827061998,0.8687777417293806
0,0,0.9938597915435803,0.006140208456419326,0.9938597915435803
0,0,0.8986813525727049,0.10131864742729561,0.8986813525727049
0,0,0.8886608539818319,0.11133914601816655,0.8886608539818319
0,0,0.9817242437077272,0.01827575629227221,0.9817242437077272
0,0,0.6241947869299517,0.3758052130700492,0.6241947869299517
0,0,0.9737679500167554,0.026232049983244046,0.9737679500167554
0,0,0.947198682336188,0.05280131766381367,0.947198682336188
0,0,0.7991160321937445,0.20088396780625714,0.7991160321937445
1,1,0.11410095909520794,0.8858990409047938,0.8858990409047938
0,0,0.9892326442573675,0.010767355742633112,0.9892326442573675
0,0,0.7438531250408144,0.2561468749591847,0.7438531250408144
0,0,0.9775072114932977,0.022492788506701358,0.9775072114932977
0,0,0.9858749995758258,0.014125000424172703,0.9858749995758258
0,0,0.7065164498566383,0.2934835501433612,0.7065164498566383
0,0,0.9981533730067664,0.0018466269932345025,0.9981533730067664
0,0,0.9453218748205393,0.054678125179460885,0.9453218748205393
0,0,0.9441869762491186,0.05581302375088295,0.9441869762491186
0,1,0.03226526604857632,0.9677347339514238,0.9677347339514238
0,0,0.9114443222173298,0.08855567778266911,0.9114443222173298
0,0,0.618155708751718,0.38184429124828123,0.618155708751718
0,0,0.9913543991231893,0.008645600876811831,0.9913543991231893
0,0,0.9488980553752726,0.05110194462472893,0.9488980553752726
1,0,0.9288460157334091,0.07115398426659071,0.9288460157334091
0,0,0.9974718036995938,0.0025281963004056152,0.9974718036995938
1,0,0.9817320885016542,0.01826791149834696,0.9817320885016542
0,0,0.9163253559844423,0.08367464401555708,0.9163253559844423
1,1,0.0683684025854058,0.9316315974145924,0.9316315974145924
0,0,0.9522715474654226,0.04772845253457877,0.9522715474654226
0,0,0.9829987785828775,0.017001221417122077,0.9829987785828775
0,0,0.9720584801403274,0.027941519859672834,0.9720584801403274
0,0,0.8507082668952225,0.14929173310477672,0.8507082668952225
0,0,0.9671674187688644,0.03283258123113686,0.9671674187688644
1,0,0.7458755535041746,0.2541244464958263,0.7458755535041746
0,0,0.9920816163696278,0.007918383630371227,0.9920816163696278
0,0,0.9983865753755368,0.0016134246244619247,0.9983865753755368
1,0,0.9351290776326815,0.06487092236731838,0.9351290776326815
1,0,0.9055691009328016,0.09443089906719854,0.9055691009328016
0,0,0.9560052004995186,0.04399479950048213,0.9560052004995186
0,0,0.9911881324607739,0.008811867539225972,0.9911881324607739
0,0,0.9630928674262742,0.036907132573727436,0.9630928674262742
0,0,0.9584078466830999,0.04159215331689943,0.9584078466830999
1,1,0.019594388006275665,0.9804056119937232,0.9804056119937232
1,0,0.6595137995470486,0.34048620045295175,0.6595137995470486
0,0,0.9874825454336793,0.012517454566321246,0.9874825454336793
0,0,0.9940478715457859,0.005952128454213541,0.9940478715457859
0,0,0.9915250171474344,0.008474982852566693,0.9915250171474344
0,0,0.99342210908258,0.006577890917420545,0.99342210908258
0,0,0.9162337001416785,0.08376629985832053,0.9162337001416785
0,0,0.9431106897418629,0.056889310258135935,0.9431106897418629
0,0,0.9539256385919376,0.0460743614080632,0.9539256385919376
0,0,0.9763137049878883,0.023686295012111336,0.9763137049878883
0,0,0.8851165005311388,0.11488349946886084,0.8851165005311388
1,0,0.724658642892521,0.27534135710747754,0.724658642892521
0,0,0.8736099397776299,0.12639006022236918,0.8736099397776299
0,0,0.9601168804439242,0.03988311955607596,0.9601168804439242
0,1,0.20879308717666686,0.7912069128233343,0.7912069128233343
0,0,0.9948064471404466,0.005193552859553304,0.9948064471404466
0,0,0.8177664749347028,0.18223352506529572,0.8177664749347028
0,0,0.9605551458868361,0.03944485411316541,0.9605551458868361
0,0,0.990288498457218,0.009711501542783276,0.990288498457218
0,0,0.9387102462985433,0.061289753701455306,0.9387102462985433
0,0,0.9322514304866516,0.06774856951334661,0.9322514304866516
1,1,0.04000114298463794,0.9599988570153614,0.9599988570153614
0,0,0.9774714947523904,0.022528505247608587,0.9774714947523904
0,0,0.9900931232778539,0.009906876722147132,0.9900931232778539
1,0,0.9836143084442364,0.016385691555762805,0.9836143084442364
0,0,0.99477626165586,0.005223738344139662,0.99477626165586
0,0,0.9639859008835102,0.03601409911649029,0.9639859008835102
0,0,0.9968486051003037,0.0031513948996968375,0.9968486051003037
0,0,0.8621031059616316,0.13789689403836938,0.8621031059616316
0,0,0.8915360978736041,0.1084639021263963,0.8915360978736041
0,0,0.980693258858265,0.019306741141734245,0.980693258858265
1,1,0.39063929451152973,0.609360705488472,0.609360705488472
0,0,0.9900200779633413,0.009979922036659289,0.9900200779633413
0,0,0.8608879537918865,0.1391120462081131,0.8608879537918865
0,0,0.9650129434541244,0.034987056545876825,0.9650129434541244
0,0,0.9724477385130509,0.027552261486949066,0.9724477385130509
0,0,0.9976287295503072,0.002371270449693124,0.9976287295503072
0,0,0.9393370033191761,0.0606629966808233,0.9393370033191761
0,0,0.8588608807753945,0.14113911922460598,0.8588608807753945
0,0,0.993098112627959,0.006901887372040883,0.993098112627959
0,0,0.9920455829903811,0.00795441700961853,0.9920455829903811
0,0,0.9969128087175888,0.0030871912824112203,0.9969128087175888
0,0,0.9930994235023298,0.006900576497670605,0.9930994235023298
0,0,0.9614461788342882,0.038553821165713,0.9614461788342882
0,0,0.653398898788501,0.3466011012114997,0.653398898788501
0,0,0.754723928292722,0.24527607170727836,0.754723928292722
0,0,0.8360923112359672,0.16390768876403194,0.8360923112359672
0,1,0.2764044171583676,0.7235955828416322,0.7235955828416322
0,0,0.9973263184841163,0.0026736815158844565,0.9973263184841163
0,0,0.9903556616126853,0.009644338387315578,0.9903556616126853
0,0,0.7917459096612267,0.2082540903387726,0.7917459096612267
0,1,0.46144106989463113,0.538558930105368,0.538558930105368
0,0,0.9575536672747563,0.042446332725243056,0.9575536672747563
0,0,0.9842509474824591,0.015749052517541513,0.9842509474824591
0,0,0.9816835765770578,0.01831642342294142,0.9816835765770578
0,0,0.8851269373639197,0.11487306263608119,0.8851269373639197
1,1,0.07107920711677973,0.9289207928832199,0.9289207928832199
0,0,0.8307710819415829,0.16922891805841594,0.8307710819415829
0,0,0.5028655729055173,0.4971344270944815,0.5028655729055173
0,0,0.9368889064119065,0.06311109358809179,0.9368889064119065
0,0,0.9836659418090068,0.016334058190993254,0.9836659418090068
0,0,0.9952444873535388,0.00475551264646297,0.9952444873535388
0,0,0.9838909322204955,0.01610906777950297,0.9838909322204955
1,0,0.5411547240477922,0.4588452759522074,0.5411547240477922
0,0,0.9429153520121341,0.057084647987866485,0.9429153520121341
1,0,0.9430704574803631,0.0569295425196367,0.9430704574803631
0,0,0.6142327224262095,0.38576727757378976,0.6142327224262095
0,0,0.9981411645398762,0.0018588354601244187,0.9981411645398762
0,0,0.9573553334349375,0.042644666565061794,0.9573553334349375
0,0,0.9336124311846845,0.06638756881531377,0.9336124311846845
1,0,0.8107819110231422,0.18921808897685957,0.8107819110231422
0,0,0.9898278067492741,0.010172193250727343,0.9898278067492741
0,0,0.7885596445295828,0.2114403554704182,0.7885596445295828
1,0,0.5078391498599716,0.49216085014002786,0.5078391498599716
0,0,0.9584395509115562,0.04156044908844359,0.9584395509115562
0,0,0.8852015301309161,0.1147984698690854,0.8852015301309161
0,0,0.898995326033746,0.10100467396625316,0.898995326033746
0,0,0.9875554214804233,0.012444578519577141,0.9875554214804233
1,1,0.26440509322808725,0.7355949067719137,0.7355949067719137
1,0,0.8944784295801409,0.10552157041985828,0.8944784295801409
0,0,0.9543922833044215,0.04560771669557803,0.9543922833044215
0,0,0.9113604811226834,0.08863951887731492,0.9113604811226834
0,0,0.8788776236051475,0.12112237639485247,0.8788776236051475
0,0,0.9379818378282333,0.06201816217176714,0.9379818378282333
0,0,0.7519542949947964,0.24804570500520343,0.7519542949947964
0,0,0.9976577567868864,0.002342243213114037,0.9976577567868864
0,0,0.9858500146719026,0.014149985328097876,0.9858500146719026
0,0,0.8565377059815532,0.1434622940184475,0.8565377059815532
0,0,0.7535585437697979,0.2464414562302018,0.7535585437697979
0,0,0.9953818093433802,0.004618190656619952,0.9953818093433802
0,0,0.99175881432581,0.00824118567418964,0.99175881432581
0,0,0.9566246783827296,0.04337532161726907,0.9566246783827296
0,0,0.9829397539427474,0.017060246057252575,0.9829397539427474
0,0,0.9836470151303268,0.016352984869672575,0.9836470151303268
0,0,0.9726374378358147,0.02736256216418546,0.9726374378358147
0,0,0.8875195310656275,0.1124804689343719,0.8875195310656275
1,1,0.004715312621453019,0.9952846873785456,0.9952846873785456
0,0,0.7271784391447399,0.27282156085525905,0.7271784391447399
0,0,0.9968441227264336,0.0031558772735667327,0.9968441227264336
0,0,0.9900805777009087,0.0099194222990908,0.9900805777009087
0,0,0.8571919325653355,0.14280806743466318,0.8571919325653355
0,0,0.7621690157662533,0.23783098423374555,0.7621690157662533
0,0,0.9263112550697149,0.07368874493028657,0.9263112550697149
1,1,0.10081123245381413,0.8991887675461872,0.8991887675461872
0,0,0.9900917010210154,0.00990829897898642,0.9900917010210154
0,0,0.8896969492274438,0.11030305077255709,0.8896969492274438
0,0,0.9965288395930959,0.003471160406903716,0.9965288395930959
0,0,0.943602801870965,0.056397198129036125,0.943602801870965
0,1,0.4594286713806458,0.5405713286193538,0.5405713286193538
0,0,0.9676248588167728,0.032375141183227284,0.9676248588167728
0,0,0.9204695579386003,0.07953044206140027,0.9204695579386003
0,0,0.8316390427027361,0.16836095729726352,0.8316390427027361
0,0,0.6056722773136841,0.39432772268631444,0.6056722773136841
0,0,0.9218255545039276,0.07817444549607357,0.9218255545039276
0,0,0.9587684371202798,0.041231562879719304,0.9587684371202798
0,0,0.975300187788576,0.02469981221142311,0.975300187788576
0,0,0.6751672633875029,0.32483273661249695,0.6751672633875029
0,0,0.8268283913208436,0.1731716086791558,0.8268283913208436
1,0,0.5227725561665261,0.4772274438334749,0.5227725561665261
0,0,0.6764059112365152,0.32359408876348555,0.6764059112365152
0,0,0.99669658723175,0.0033034127682506575,0.99669658723175
0,0,0.6482844957769697,0.35171550422303094,0.6482844957769697
0,0,0.9314759748362994,0.06852402516370014,0.9314759748362994
0,0,0.9947482148214691,0.005251785178531436,0.9947482148214691
0,0,0.9524986599997012,0.04750134000030049,0.9524986599997012
0,0,0.6279451219828731,0.37205487801712767,0.6279451219828731
0,0,0.9508463302695978,0.04915366973040053,0.9508463302695978
0,0,0.9866062928175676,0.01339370718243373,0.9866062928175676
0,0,0.9969288175383187,0.0030711824616813732,0.9969288175383187
1,0,0.7262314044092896,0.27376859559071065,0.7262314044092896
0,0,0.7002701949897898,0.29972980501020924,0.7002701949897898
0,0,0.9679704954803757,0.032029504519624816,0.9679704954803757
0,0,0.9749387751389406,0.025061224861059547,0.9749387751389406
0,0,0.5314624116467437,0.46853758835325676,0.5314624116467437
1,0,0.9936178276101136,0.0063821723898874055,0.9936178276101136
0,0,0.9917808002806309,0.008219199719369994,0.9917808002806309
0,0,0.9695720794323639,0.030427920567634506,0.9695720794323639
0,0,0.9117014071866247,0.08829859281337521,0.9117014071866247
0,0,0.9969686942409332,0.003031305759067887,0.9969686942409332
0,0,0.9755294540264979,0.024470545973500943,0.9755294540264979
0,0,0.9416689848019988,0.05833101519800168,0.9416689848019988
0,1,0.31393447853125334,0.6860655214687479,0.6860655214687479
0,0,0.9898561445565326,0.010143855443468757,0.9898561445565326
0,0,0.9879608827523948,0.01203911724760517,0.9879608827523948
1,1,0.02182502871293748,0.9781749712870624,0.9781749712870624
0,0,0.6107361187319102,0.38926388126808925,0.6107361187319102
0,0,0.8977422565442499,0.10225774345575121,0.8977422565442499
0,0,0.9448377730432389,0.055162226956761956,0.9448377730432389
0,0,0.9952017820479281,0.004798217952072279,0.9952017820479281
0,0,0.8234791087929815,0.17652089120702014,0.8234791087929815
0,1,0.19631417810948443,0.8036858218905161,0.8036858218905161
0,0,0.9884006734504283,0.011599326549570577,0.9884006734504283
1,0,0.5559606939077975,0.4440393060922029,0.5559606939077975
0,0,0.9965251644470368,0.003474835552963152,0.9965251644470368
0,0,0.6669831135151005,0.3330168864849011,0.6669831135151005
0,0,0.9718642623425099,0.028135737657490247,0.9718642623425099
0,0,0.9939848109930496,0.006015189006951225,0.9939848109930496
0,0,0.8585802782053495,0.1414197217946503,0.8585802782053495
0,1,0.1903737746352659,0.8096262253647344,0.8096262253647344
0,0,0.9919326283610566,0.008067371638944606,0.9919326283610566
1,0,0.6055721486026472,0.3944278513973512,0.6055721486026472
0,0,0.9954616906347261,0.00453830936527333,0.9954616906347261
0,0,0.9774970371661738,0.022502962833826155,0.9774970371661738
0,0,0.9664278403222495,0.033572159677751796,0.9664278403222495
0,0,0.6420208015726308,0.35797919842736947,0.6420208015726308
0,0,0.9111356082141966,0.08886439178580338,0.9111356082141966
0,0,0.627002442577901,0.37299755742209845,0.627002442577901
0,0,0.9859020894270029,0.014097910572998093,0.9859020894270029
0,0,0.8664363887656802,0.13356361123431862,0.8664363887656802
0,0,0.9451617566719578,0.05483824332804159,0.9451617566719578
0,0,0.9823309942841079,0.017669005715892604,0.9823309942841079
0,0,0.9567347017826436,0.04326529821735462,0.9567347017826436
0,0,0.9736761326353746,0.026323867364624384,0.9736761326353746
1,1,0.46182108240842284,0.5381789175915765,0.5381789175915765
0,0,0.9689788614300808,0.031021138569918616,0.9689788614300808
0,0,0.6409362674160798,0.3590637325839205,0.6409362674160798
0,0,0.7962351733178762,0.2037648266821253,0.7962351733178762
0,0,0.624833944604752,0.3751660553952466,0.624833944604752
0,0,0.7235626807758909,0.27643731922410775,0.7235626807758909
0,0,0.8624090490033395,0.13759095099666144,0.8624090490033395
0,0,0.9597421312551231,0.04025786874487538,0.9597421312551231
0,1,0.3394978683475064,0.6605021316524929,0.6605021316524929
0,0,0.9670849216335782,0.03291507836642169,0.9670849216335782
0,0,0.9454974675169631,0.05450253248303733,0.9454974675169631
0,0,0.9659756137981621,0.03402438620183633,0.9659756137981621
1,0,0.9149299785809109,0.08507002141908894,0.9149299785809109
0,0,0.9522463290473502,0.047753670952650845,0.9522463290473502
0,0,0.9729271375801465,0.02707286241985307,0.9729271375801465
0,0,0.9670582490418247,0.032941750958174434,0.9670582490418247
0,0,0.8818579358605709,0.11814206413943039,0.8818579358605709
1,0,0.9929967028162503,0.007003297183750085,0.9929967028162503
1,1,0.011878573594212813,0.9881214264057883,0.9881214264057883
0,0,0.9767581964166839,0.023241803583316657,0.9767581964166839
1,0,0.9097425036767227,0.09025749632327726,0.9097425036767227
0,0,0.9652632824244822,0.034736717575518154,0.9652632824244822
0,0,0.8605000880075199,0.13949991199247952,0.8605000880075199
0,0,0.8800538448366957,0.11994615516330268,0.8800538448366957
1,0,0.9520871931129012,0.047912806887099466,0.9520871931129012
0,0,0.9986965351076107,0.0013034648923885592,0.9986965351076107
1,0,0.8686272012263969,0.13137279877360328,0.8686272012263969
0,0,0.9909260362776519,0.009073963722348803,0.9909260362776519
0,0,0.9814303233596086,0.0185696766403927,0.9814303233596086
0,1,0.4658342597837618,0.5341657402162374,0.5341657402162374
1,0,0.9714358101448932,0.02856418985510636,0.9714358101448932
0,0,0.9313112725190362,0.06868872748096409,0.9313112725190362
1,0,0.8402386587207554,0.15976134127924416,0.8402386587207554
0,0,0.6516901684230066,0.348309831576993,0.6516901684230066
0,0,0.9222388340478093,0.07776116595219115,0.9222388340478093
0,0,0.9927373548428166,0.007262645157183254,0.9927373548428166
1,0,0.7350155184744976,0.2649844815255011,0.7350155184744976
0,0,0.8065578676342694,0.1934421323657317,0.8065578676342694
0,0,0.8947403735307322,0.10525962646926744,0.8947403735307322
1,0,0.9017258238875188,0.09827417611247982,0.9017258238875188
0,0,0.8961433898760394,0.10385661012396145,0.8961433898760394
0,0,0.9717959683991576,0.028204031600843987,0.9717959683991576
1,0,0.953672228364976,0.0463277716350237,0.953672228364976
0,0,0.9190460899004674,0.08095391009953146,0.9190460899004674
0,1,0.11769821763771647,0.8823017823622846,0.8823017823622846
0,0,0.9221348115024369,0.07786518849756399,0.9221348115024369
1,0,0.9651553759352185,0.03484462406478313,0.9651553759352185
0,0,0.9470875958608072,0.05291240413919432,0.9470875958608072
0,0,0.8393120532299548,0.16068794677004533,0.8393120532299548
0,0,0.9929842347210992,0.00701576527890171,0.9929842347210992
0,0,0.9881746169521084,0.011825383047892535,0.9881746169521084
0,0,0.9288032253602092,0.07119677463979068,0.9288032253602092
0,0,0.8968529299243265,0.10314707007567439,0.8968529299243265
0,0,0.9952691931282824,0.004730806871717835,0.9952691931282824
0,0,0.9854368832897071,0.01456311671029379,0.9854368832897071
0,0,0.7166386022704299,0.2833613977295703,0.7166386022704299
0,0,0.9518918989208113,0.04810810107918931,0.9518918989208113
0,0,0.9828382856418061,0.017161714358193993,0.9828382856418061
0,0,0.9411431255822664,0.05885687441773314,0.9411431255822664
0,0,0.9843125506073297,0.01568744939267168,0.9843125506073297
0,0,0.9262967055803295,0.07370329441967136,0.9262967055803295
0,0,0.9884849680420464,0.011515031957952242,0.9884849680420464
0,0,0.922879225937126,0.07712077406287567,0.922879225937126
0,0,0.9972690440061921,0.0027309559938064,0.9972690440061921
0,0,0.9453491753529475,0.054650824647053856,0.9453491753529475
0,0,0.7671148302147314,0.2328851697852674,0.7671148302147314
0,0,0.7301847500290798,0.2698152499709216,0.7301847500290798
1,0,0.6365878626189427,0.3634121373810588,0.6365878626189427
0,0,0.9444433955651009,0.05555660443490017,0.9444433955651009
0,0,0.9749188583135575,0.02508114168644248,0.9749188583135575
0,0,0.7754052724504287,0.22459472754956988,0.7754052724504287
0,0,0.933616871774342,0.06638312822565699,0.933616871774342
1,1,0.19795664014591116,0.8020433598540897,0.8020433598540897
0,0,0.9790364139968925,0.020963586003107437,0.9790364139968925
0,0,0.9369805841500841,0.0630194158499162,0.9369805841500841
0,0,0.8440648510353005,0.1559351489647003,0.8440648510353005
0,0,0.9355828695577703,0.06441713044222946,0.9355828695577703
0,0,0.7318758481198366,0.26812415188016503,0.7318758481198366
0,0,0.9546551830915714,0.04534481690842733,0.9546551830915714
1,0,0.5573790488518345,0.4426209511481661,0.5573790488518345
0,0,0.5566850246642471,0.44331497533575237,0.5566850246642471
0,0,0.9927583558403159,0.007241644159683476,0.9927583558403159
0,0,0.9715649467496583,0.02843505325034228,0.9715649467496583
0,0,0.9902225793990796,0.009777420600919849,0.9902225793990796
0,0,0.9919162592361289,0.008083740763872463,0.9919162592361289
0,0,0.969587903532777,0.03041209646722427,0.969587903532777
0,0,0.9879431929646282,0.012056807035371615,0.9879431929646282
0,0,0.9513031332623748,0.04869686673762375,0.9513031332623748
0,0,0.997220919937711,0.002779080062288478,0.997220919937711
0,0,0.810211040540045,0.189788959459955,0.810211040540045
0,0,0.8259245700070299,0.17407542999296913,0.8259245700070299
0,0,0.9788941507768986,0.021105849223101228,0.9788941507768986
0,0,0.537190549072214,0.46280945092778547,0.537190549072214
0,0,0.9802351925232172,0.01976480747678289,0.9802351925232172
0,0,0.9606757044821054,0.03932429551789528,0.9606757044821054
0,0,0.977732296925859,0.022267703074140204,0.977732296925859
0,0,0.9659295644083331,0.03407043559166836,0.9659295644083331
0,0,0.9442649982342136,0.055735001765787655,0.9442649982342136
0,0,0.9935502281784634,0.006449771821536153,0.9935502281784634
0,0,0.9949352573070509,0.005064742692950806,0.9949352573070509
0,0,0.9464193323673052,0.05358066763269541,0.9464193323673052
0,0,0.9931139049319767,0.0068860950680247,0.9931139049319767
1,0,0.9952729477035244,0.004727052296474608,0.9952729477035244
0,0,0.9014510625663709,0.09854893743363063,0.9014510625663709
0,0,0.9882483180262561,0.011751681973743164,0.9882483180262561
0,0,0.9878045077448766,0.012195492255123671,0.9878045077448766
0,0,0.6690745447481418,0.33092545525185735,0.6690745447481418
0,0,0.9919590908610674,0.008040909138931917,0.9919590908610674
0,0,0.9959920625266006,0.004007937473399917,0.9959920625266006
0,0,0.9818561819134692,0.018143818086531975,0.9818561819134692
0,0,0.9859172820727096,0.014082717927289854,0.9859172820727096
0,0,0.985515594846612,0.014484405153386934,0.985515594846612
0,0,0.7978354089874367,0.20216459101256504,0.7978354089874367
0,0,0.9937294333146311,0.006270566685368592,0.9937294333146311
0,0,0.9877100808566305,0.012289919143370843,0.9877100808566305
0,0,0.9918276895710749,0.008172310428925593,0.9918276895710749
0,0,0.6668914934681088,0.33310850653189067,0.6668914934681088
0,0,0.958550951806916,0.0414490481930824,0.958550951806916
0,1,0.34821899460939365,0.6517810053906076,0.6517810053906076
0,0,0.9375298712001963,0.06247012879980411,0.9375298712001963
0,0,0.8627700788918943,0.1372299211081053,0.8627700788918943
1,0,0.7500393697635592,0.24996063023643986,0.7500393697635592
0,0,0.9956229252934908,0.004377074706510038,0.9956229252934908
0,0,0.9843944177020502,0.01560558229795054,0.9843944177020502
0,0,0.9651040971031223,0.03489590289687796,0.9651040971031223
0,0,0.9511563711060161,0.04884362889398451,0.9511563711060161
0,0,0.856481387806597,0.14351861219340217,0.856481387806597
0,0,0.9413725294029776,0.058627470597022426,0.9413725294029776
0,0,0.9960433329672929,0.00395666703270665,0.9960433329672929
0,0,0.8435707419677227,0.15642925803227561,0.8435707419677227
0,0,0.9819037311820707,0.01809626881793093,0.9819037311820707
0,0,0.6472648278764243,0.3527351721235741,0.6472648278764243
0,0,0.9924823335280112,0.007517666471989348,0.9924823335280112
0,0,0.9954645208633038,0.004535479136695411,0.9954645208633038
0,0,0.9870208388729672,0.012979161127031173,0.9870208388729672
0,0,0.8140889680148415,0.1859110319851579,0.8140889680148415
0,0,0.9946843144796775,0.005315685520322808,0.9946843144796775
0,0,0.9754438530408869,0.024556146959111482,0.9754438530408869
0,1,0.1750706890837724,0.8249293109162273,0.8249293109162273
0,0,0.974244796920422,0.02575520307957762,0.974244796920422
0,0,0.9166134733628047,0.08338652663719599,0.9166134733628047
0,0,0.9963497551256408,0.0036502448743590075,0.9963497551256408
0,0,0.9789948461279329,0.021005153872067583,0.9789948461279329
0,0,0.9788650165986289,0.021134983401370704,0.9788650165986289
0,0,0.9940555214098831,0.005944478590117086,0.9940555214098831
0,1,0.4522776153412405,0.54772238465876,0.54772238465876
0,0,0.803415174008895,0.19658482599110538,0.803415174008895
0,0,0.9723173098995753,0.02768269010042401,0.9723173098995753
0,1,0.13163466642822136,0.8683653335717781,0.8683653335717781
0,1,0.4539944201119494,0.5460055798880503,0.5460055798880503
0,0,0.9941431195695385,0.005856880430461691,0.9941431195695385
0,0,0.7302605034880649,0.2697394965119352,0.7302605034880649
0,0,0.7153816521703477,0.28461834782965395,0.7153816521703477
0,0,0.9664949329436654,0.03350506705633341,0.9664949329436654
0,0,0.9851792714061762,0.01482072859382341,0.9851792714061762
0,0,0.9769957603362589,0.023004239663740277,0.9769957603362589
0,0,0.9893624914158967,0.01063750858410457,0.9893624914158967
0,0,0.8120666333451315,0.18793336665486676,0.8120666333451315
0,0,0.8930573158493008,0.10694268415069916,0.8930573158493008
0,0,0.7334620976099918,0.26653790239000913,0.7334620976099918
0,0,0.9528431428299695,0.04715685717003072,0.9528431428299695
0,1,0.17289026929557738,0.8271097307044228,0.8271097307044228
0,0,0.8502191555463193,0.14978084445368017,0.8502191555463193
0,0,0.9848425723325419,0.015157427667459792,0.9848425723325419
0,0,0.8957894755117319,0.1042105244882685,0.8957894755117319
0,1,0.23790945648890693,0.7620905435110933,0.7620905435110933
0,0,0.9762815924240119,0.02371840757598715,0.9762815924240119
0,0,0.9468962205920187,0.05310377940798096,0.9468962205920187
0,0,0.9694981815583463,0.030501818441654123,0.9694981815583463
0,0,0.94030097667836,0.05969902332163916,0.94030097667836
0,0,0.9713383614295579,0.028661638570440563,0.9713383614295579
0,0,0.9458994449469958,0.054100555053004304,0.9458994449469958
0,0,0.9937380421223461,0.006261957877653015,0.9937380421223461
1,0,0.8701682487757288,0.12983175122427093,0.8701682487757288
0,0,0.9934122421131699,0.0065877578868286666,0.9934122421131699
0,0,0.9494629400968527,0.05053705990314708,0.9494629400968527
1,0,0.9027769697575804,0.09722303024241992,0.9027769697575804
0,0,0.9572854096535945,0.04271459034640695,0.9572854096535945
1,0,0.5129633459485197,0.48703665405147967,0.5129633459485197
0,0,0.9900344435753586,0.009965556424642941,0.9900344435753586
1,0,0.6921098809121492,0.3078901190878512,0.6921098809121492
0,0,0.9868369490231111,0.013163050976889358,0.9868369490231111
1,0,0.6170576449607708,0.38294235503922774,0.6170576449607708
0,0,0.886445657020738,0.11355434297926142,0.886445657020738
0,0,0.8671919496726826,0.1328080503273166,0.8671919496726826
0,0,0.9960993218648904,0.0039006781351095584,0.9960993218648904
0,0,0.9774829787928696,0.022517021207129805,0.9774829787928696
0,0,0.9049332134872394,0.09506678651275975,0.9049332134872394
0,0,0.8959627519467379,0.10403724805326285,0.8959627519467379
0,0,0.9688894245058521,0.031110575494147575,0.9688894245058521
0,1,0.33069808337475964,0.6693019166252397,0.6693019166252397
0,0,0.9293898300069516,0.0706101699930481,0.9293898300069516
0,0,0.997036284579872,0.0029637154201288193,0.997036284579872
0,0,0.9865857215088605,0.01341427849113981,0.9865857215088605
0,0,0.955538513063388,0.044461486936611797,0.955538513063388
0,0,0.9621728465672562,0.0378271534327445,0.9621728465672562
1,1,0.17600217759168263,0.8239978224083162,0.8239978224083162
1,1,0.28718722373945027,0.712812776260549,0.712812776260549
0,0,0.927765205100668,0.0722347948993311,0.927765205100668
0,0,0.9751456627190748,0.024854337280925003,0.9751456627190748
0,0,0.8467320488333797,0.15326795116662115,0.8467320488333797
0,0,0.9831274171463363,0.016872582853663783,0.9831274171463363
0,0,0.9339346980741428,0.06606530192585787,0.9339346980741428
0,0,0.9961779756551572,0.0038220243448422427,0.9961779756551572
1,0,0.7561134800362533,0.24388651996374636,0.7561134800362533
0,0,0.9896684704116973,0.01033152958830333,0.9896684704116973
0,0,0.6250794699589086,0.3749205300410906,0.6250794699589086
0,0,0.9889027874080859,0.011097212591915758,0.9889027874080859
0,0,0.7196191497879371,0.2803808502120644,0.7196191497879371
0,0,0.9243500003648162,0.07564999963518554,0.9243500003648162
0,0,0.9310000657585664,0.06899993424143236,0.9310000657585664
0,0,0.9817155562190873,0.018284443780912107,0.9817155562190873
0,0,0.9950664700435055,0.004933529956493677,0.9950664700435055
1,0,0.9969006650201075,0.0030993349798927564,0.9969006650201075
0,0,0.7982798188085375,0.20172018119146273,0.7982798188085375
0,0,0.9763391228387557,0.023660877161243418,0.9763391228387557
0,0,0.9434710248189973,0.05652897518100347,0.9434710248189973
0,0,0.9714612131160613,0.028538786883938363,0.9714612131160613
0,0,0.9807028845363932,0.0192971154636071,0.9807028845363932
0,0,0.9195860632570152,0.08041393674298476,0.9195860632570152
1,0,0.938134839992295,0.06186516000770348,0.938134839992295
0,0,0.9448828291233141,0.055117170876685294,0.9448828291233141
0,0,0.571076895475064,0.4289231045249362,0.571076895475064
1,0,0.6225790634372378,0.3774209365627625,0.6225790634372378
0,0,0.9810437936947392,0.018956206305259984,0.9810437936947392
0,0,0.9434401214917779,0.05655987850822113,0.9434401214917779
1,0,0.5015574419498904,0.4984425580501087,0.5015574419498904
0,0,0.9838610436401954,0.016138956359803412,0.9838610436401954
0,0,0.9788938378971334,0.021106162102866765,0.9788938378971334
0,0,0.9471698189425185,0.05283018105748134,0.9471698189425185
0,0,0.9622670935150147,0.03773290648498479,0.9622670935150147
0,0,0.9406196938686594,0.05938030613134006,0.9406196938686594
0,0,0.9714458243060072,0.028554175693993624,0.9714458243060072
1,0,0.9802452960357834,0.019754703964216472,0.9802452960357834
0,0,0.9729315771726994,0.02706842282730191,0.9729315771726994
0,0,0.944609202714027,0.05539079728597207,0.944609202714027
0,0,0.9697025394981452,0.030297460501854334,0.9697025394981452
0,0,0.9075608545372561,0.09243914546274444,0.9075608545372561
0,1,0.3110827895305378,0.6889172104694611,0.6889172104694611
0,0,0.9569221330601521,0.04307786693984772,0.9569221330601521
0,0,0.9142713623243311,0.08572863767566938,0.9142713623243311
0,0,0.5156986349018989,0.4843013650981006,0.5156986349018989
0,0,0.9772043011991078,0.022795698800893695,0.9772043011991078
0,0,0.9147003542963028,0.08529964570369586,0.9147003542963028
0,0,0.945611306466336,0.05438869353366351,0.945611306466336
0,0,0.9981389226667609,0.0018610773332387914,0.9981389226667609
0,0,0.9900310895751161,0.009968910424882842,0.9900310895751161
0,0,0.8282319680223316,0.1717680319776688,0.8282319680223316
0,0,0.9708881071640072,0.029111892835994503,0.9708881071640072
0,0,0.9496420623000226,0.0503579376999775,0.9496420623000226
1,0,0.9289583314653883,0.07104166853461008,0.9289583314653883
0,0,0.9590285211771848,0.04097147882281461,0.9590285211771848
0,0,0.9942893412359063,0.005710658764094537,0.9942893412359063
0,1,0.4232648162566104,0.576735183743388,0.576735183743388
0,0,0.9128843184731316,0.08711568152686854,0.9128843184731316
1,1,0.3329718379886042,0.6670281620113953,0.6670281620113953
0,0,0.9965228772868854,0.0034771227131140192,0.9965228772868854
0,0,0.7698680777190963,0.2301319222809044,0.7698680777190963
0,0,0.9315403348077056,0.06845966519229531,0.9315403348077056
0,0,0.9220631706593035,0.07793682934069669,0.9220631706593035
1,1,0.355075862948592,0.6449241370514097,0.6449241370514097
0,0,0.9979938560294503,0.0020061439705505476,0.9979938560294503
0,0,0.9971747045599293,0.002825295440070539,0.9971747045599293
0,0,0.9987048290321164,0.001295170967884292,0.9987048290321164
0,0,0.8196494311715329,0.18035056882846578,0.8196494311715329
0,0,0.9920215660883606,0.007978433911640971,0.9920215660883606
0,0,0.9127312981352443,0.08726870186475706,0.9127312981352443
0,0,0.6371350850615258,0.3628649149384759,0.6371350850615258
1,1,0.029078602402665844,0.9709213975973334,0.9709213975973334
0,0,0.9915280262105576,0.00847197378944234,0.9915280262105576
0,0,0.9191078350812671,0.08089216491873401,0.9191078350812671
0,0,0.9395555800131119,0.06044441998688655,0.9395555800131119
0,0,0.9831197767522941,0.016880223247705474,0.9831197767522941
0,0,0.9976936329864204,0.0023063670135794307,0.9976936329864204
0,0,0.9781381347987629,0.021861865201237257,0.9781381347987629
0,0,0.9948476605848647,0.00515233941513523,0.9948476605848647
0,0,0.898988880133106,0.10101111986689444,0.898988880133106
0,0,0.9915541217289362,0.008445878271064518,0.9915541217289362
1,0,0.7684459080826241,0.2315540919173759,0.7684459080826241
0,0,0.8155737141018845,0.18442628589811622,0.8155737141018845
0,0,0.9354123602642904,0.06458763973571048,0.9354123602642904
0,0,0.8694332422032504,0.13056675779674842,0.8694332422032504
0,0,0.8683883546425473,0.13161164535745354,0.8683883546425473
1,1,0.03224591245768851,0.9677540875423114,0.9677540875423114
0,0,0.9512377085910829,0.04876229140891537,0.9512377085910829
0,0,0.9886628332867559,0.011337166713245332,0.9886628332867559
0,0,0.8419182508310841,0.15808174916891732,0.8419182508310841
0,0,0.9872364879165875,0.01276351208341362,0.9872364879165875
0,0,0.957958887597611,0.0420411124023888,0.957958887597611
1,1,0.24395156487893346,0.7560484351210668,0.7560484351210668
0,0,0.9878232259952359,0.012176774004763712,0.9878232259952359
0,0,0.9787443680357535,0.02125563196424801,0.9787443680357535
0,0,0.9955308298251635,0.0044691701748368305,0.9955308298251635
0,0,0.9759288396215154,0.024071160378484873,0.9759288396215154
0,0,0.99712362075703,0.0028763792429707083,0.99712362075703
0,0,0.9982576044958194,0.0017423955041799973,0.9982576044958194
0,0,0.9748392160478102,0.02516078395218958,0.9748392160478102
0,1,0.36772895572740427,0.6322710442725964,0.6322710442725964
0,1,0.10746863263493786,0.8925313673650624,0.8925313673650624
0,0,0.7931829653430771,0.20681703465692242,0.7931829653430771
0,0,0.9963854369004781,0.003614563099522061,0.9963854369004781
0,0,0.9693722206558067,0.030627779344192203,0.9693722206558067
0,1,0.30091351604606603,0.6990864839539356,0.6990864839539356
1,1,0.030603672299826114,0.9693963277001725,0.9693963277001725
0,0,0.993856270783485,0.00614372921651477,0.993856270783485
0,0,0.8817938715334526,0.11820612846654797,0.8817938715334526
0,0,0.9247483643591089,0.07525163564089105,0.9247483643591089
0,0,0.9852231662320865,0.014776833767914093,0.9852231662320865
1,0,0.8674843470262802,0.1325156529737195,0.8674843470262802
0,0,0.5563360401233985,0.44366395987660157,0.5563360401233985
1,0,0.5992278823059566,0.4007721176940425,0.5992278823059566
0,0,0.9261746443797355,0.07382535562026316,0.9261746443797355
0,0,0.8222547379474483,0.17774526205255214,0.8222547379474483
0,0,0.9855896860649932,0.014410313935006627,0.9855896860649932
0,0,0.9490986945451945,0.05090130545480619,0.9490986945451945
0,0,0.9108226571568168,0.08917734284318207,0.9108226571568168
0,0,0.9803305351427626,0.019669464857236675,0.9803305351427626
0,0,0.7513691066221672,0.2486308933778313,0.7513691066221672
0,0,0.8361580674834174,0.16384193251658277,0.8361580674834174
0,0,0.9715024566663824,0.028497543333617318,0.9715024566663824
0,0,0.9559679853594433,0.04403201464055694,0.9559679853594433
0,0,0.9654098126636949,0.03459018733630404,0.9654098126636949
0,0,0.9684669786813307,0.031533021318667934,0.9684669786813307
0,0,0.9968713238338366,0.003128676166163303,0.9968713238338366
0,0,0.9918101064984111,0.008189893501587435,0.9918101064984111
0,0,0.9954979026793093,0.004502097320690574,0.9954979026793093
1,1,0.3315771516154695,0.6684228483845313,0.6684228483845313
0,0,0.7709424814099711,0.22905751859002968,0.7709424814099711
0,0,0.9611969425254515,0.03880305747454828,0.9611969425254515
0,0,0.9627625000697019,0.03723749993029815,0.9627625000697019
0,1,0.4171872165027596,0.5828127834972416,0.5828127834972416
0,0,0.7861058120300718,0.21389418796992846,0.7861058120300718
0,0,0.9349338926138955,0.06506610738610358,0.9349338926138955
0,0,0.7896349145024293,0.21036508549757132,0.7896349145024293
0,0,0.8927268056327993,0.10727319436720135,0.8927268056327993
0,1,0.2562136914543369,0.7437863085456647,0.7437863085456647
0,0,0.9207036483205174,0.07929635167948255,0.9207036483205174
0,0,0.9961952831349891,0.0038047168650123127,0.9961952831349891
0,0,0.7505517955319178,0.24944820446808127,0.7505517955319178
0,0,0.9939371755108305,0.006062824489168075,0.9939371755108305
1,0,0.9783630166535981,0.021636983346401597,0.9783630166535981
0,0,0.9845563478067416,0.015443652193259513,0.9845563478067416
0,0,0.7068585115931154,0.2931414884068861,0.7068585115931154
0,0,0.8648663629861402,0.13513363701386097,0.8648663629861402
0,0,0.999035589968583,0.0009644100314174886,0.999035589968583
0,0,0.9300746834659053,0.06992531653409519,0.9300746834659053
0,1,0.07328005671540055,0.9267199432845997,0.9267199432845997
0,0,0.9856405196912661,0.014359480308734528,0.9856405196912661
0,0,0.9914619509439233,0.008538049056075761,0.9914619509439233
0,0,0.9600608472539102,0.03993915274609073,0.9600608472539102
1,0,0.6981359202275244,0.3018640797724749,0.6981359202275244
0,0,0.8621974126465031,0.13780258735349613,0.8621974126465031
0,0,0.9928624626861456,0.007137537313853671,0.9928624626861456
1,0,0.7771637597632554,0.22283624023674636,0.7771637597632554
0,0,0.9494992667318739,0.05050073326812604,0.9494992667318739
1,0,0.9082119739775735,0.09178802602242558,0.9082119739775735
0,0,0.9075395916222858,0.09246040837771506,0.9075395916222858
1,0,0.8023346069924587,0.1976653930075418,0.8023346069924587
0,0,0.9455400219828666,0.054459978017133245,0.9455400219828666
0,0,0.9402661515026162,0.05973384849738236,0.9402661515026162
0,0,0.8765381398319675,0.12346186016803222,0.8765381398319675
0,0,0.9708664298489962,0.02913357015100297,0.9708664298489962
0,0,0.9460911401085598,0.05390885989144001,0.9460911401085598
0,0,0.9580407861187811,0.04195921388121952,0.9580407861187811
0,0,0.8765381087953094,0.1234618912046897,0.8765381087953094
0,0,0.9941707944788523,0.005829205521147688,0.9941707944788523
0,0,0.976642900247584,0.02335709975241578,0.976642900247584
0,0,0.9862133281861546,0.013786671813843897,0.9862133281861546
0,0,0.9656835743866279,0.034316425613371615,0.9656835743866279
0,0,0.9626152364826938,0.03738476351730479,0.9626152364826938
0,0,0.9892186820414104,0.01078131795858944,0.9892186820414104
0,0,0.8723594428559842,0.1276405571440144,0.8723594428559842
0,0,0.9963898360967445,0.0036101639032545944,0.9963898360967445
0,0,0.9866037664196347,0.013396233580365133,0.9866037664196347
0,0,0.877041085004457,0.12295891499554218,0.877041085004457
0,0,0.8681235622314719,0.13187643776852773,0.8681235622314719
0,1,0.36460278585523515,0.6353972141447639,0.6353972141447639
0,1,0.31654645476174176,0.6834535452382571,0.6834535452382571
0,0,0.9639356338796268,0.036064366120373836,0.9639356338796268
0,0,0.9929351719806115,0.007064828019388577,0.9929351719806115
0,0,0.9742872973936864,0.025712702606314412,0.9742872973936864
0,0,0.6672780293559325,0.3327219706440691,0.6672780293559325
0,0,0.5946932020876129,0.4053067979123884,0.5946932020876129
0,0,0.9502029367879402,0.04979706321206004,0.9502029367879402
0,0,0.9814169680976321,0.018583031902367046,0.9814169680976321
0,0,0.8033569092048748,0.19664309079512696,0.8033569092048748
0,0,0.9904839607987548,0.009516039201245741,0.9904839607987548
0,0,0.9318768304736308,0.06812316952636868,0.9318768304736308
0,0,0.9945154034972385,0.005484596502760982,0.9945154034972385
0,0,0.798320014974679,0.20167998502531984,0.798320014974679
0,0,0.8653437714527953,0.13465622854720394,0.8653437714527953
0,0,0.8706848148182912,0.12931518518170865,0.8706848148182912
0,0,0.9143818984783096,0.0856181015216906,0.9143818984783096
0,0,0.9911091276445002,0.008890872355499119,0.9911091276445002
1,0,0.809133770679355,0.190866229320645,0.809133770679355
0,0,0.9823396535251117,0.017660346474889375,0.9823396535251117
0,1,0.4944719726961494,0.5055280273038499,0.5055280273038499
0,0,0.9758318836896648,0.024168116310336444,0.9758318836896648
0,0,0.6595564895435838,0.3404435104564171,0.6595564895435838
0,0,0.9699709464307501,0.030029053569249283,0.9699709464307501
0,0,0.8317425981973035,0.1682574018026981,0.8317425981973035
0,0,0.9920613648732275,0.007938635126771768,0.9920613648732275
0,0,0.9647062293814561,0.035293770618544225,0.9647062293814561
0,0,0.9440602981713254,0.05593970182867505,0.9440602981713254
0,0,0.9036122045131618,0.09638779548683898,0.9036122045131618
0,0,0.9838056142090427,0.01619438579095724,0.9838056142090427
0,0,0.7946523809320776,0.2053476190679233,0.7946523809320776
0,0,0.7920293024286245,0.20797069757137507,0.7920293024286245
0,0,0.9976327746703654,0.0023672253296352715,0.9976327746703654
0,0,0.9445081721903866,0.05549182780961276,0.9445081721903866
0,0,0.9852022904784083,0.014797709521592714,0.9852022904784083
1,1,0.0230845094815611,0.976915490518439,0.976915490518439
0,0,0.7781252115023829,0.22187478849761624,0.7781252115023829
0,0,0.9789083781397403,0.021091621860258442,0.9789083781397403
0,0,0.9328399337192986,0.06716006628070112,0.9328399337192986
0,0,0.9917745657552395,0.008225434244760391,0.9917745657552395
1,0,0.9031129854700181,0.09688701452998263,0.9031129854700181
0,0,0.9661710988524467,0.0338289011475526,0.9661710988524467
0,0,0.8970209163148336,0.10297908368516717,0.8970209163148336
0,0,0.977798825048157,0.02220117495184266,0.977798825048157
0,0,0.9869938325877048,0.013006167412294295,0.9869938325877048
0,0,0.989815810585614,0.010184189414386409,0.989815810585614
0,1,0.05887262589187443,0.941127374108124,0.941127374108124
1,1,0.2351704594461617,0.7648295405538383,0.7648295405538383
0,0,0.9861522976987509,0.013847702301249418,0.9861522976987509
0,0,0.9760586047695821,0.02394139523041746,0.9760586047695821
0,0,0.9956726001429722,0.004327399857028365,0.9956726001429722
0,0,0.9575274587147733,0.04247254128522742,0.9575274587147733
1,0,0.5926299636638669,0.4073700363361314,0.5926299636638669
0,0,0.9844761517533974,0.01552384824660377,0.9844761517533974
0,0,0.8558281624682111,0.14417183753178886,0.8558281624682111
0,0,0.9079047118403555,0.09209528815964341,0.9079047118403555
0,0,0.9807935788741174,0.019206421125883544,0.9807935788741174
0,0,0.9956022278090397,0.00439777219095919,0.9956022278090397
0,0,0.8530576145323182,0.14694238546768035,0.8530576145323182
0,1,0.2068619926646074,0.7931380073353926,0.7931380073353926
0,0,0.613909848532174,0.3860901514678275,0.613909848532174
0,0,0.9050854618183105,0.09491453818169023,0.9050854618183105
0,1,0.13978522909749067,0.8602147709025083,0.8602147709025083
0,0,0.9964536853438952,0.003546314656104904,0.9964536853438952
0,0,0.9720581057541454,0.027941894245853038,0.9720581057541454
0,0,0.993609475415648,0.006390524584352113,0.993609475415648
0,0,0.9373783705427651,0.0626216294572359,0.9373783705427651
0,0,0.9842964593892904,0.015703540610710994,0.9842964593892904
0,0,0.8998724623805637,0.10012753761943548,0.8998724623805637
0,0,0.8239998263290117,0.17600017367098725,0.8239998263290117
0,0,0.9576511460492433,0.0423488539507578,0.9576511460492433
0,0,0.9885740886925646,0.011425911307436153,0.9885740886925646
0,0,0.9824978929840636,0.017502107015934756,0.9824978929840636
0,1,0.024849776256308964,0.9751502237436921,0.9751502237436921
0,0,0.9830670225885269,0.016932977411473,0.9830670225885269
0,0,0.9975476117269023,0.002452388273096918,0.9975476117269023
1,1,0.45591738083248584,0.5440826191675143,0.5440826191675143
0,1,0.37919506246581125,0.6208049375341881,0.6208049375341881
0,0,0.9746277276078771,0.025372272392122246,0.9746277276078771
0,0,0.9881943223492455,0.011805677650756215,0.9881943223492455
0,0,0.7184469369220817,0.2815530630779184,0.7184469369220817
0,0,0.9859666831605993,0.01403331683939949,0.9859666831605993
0,0,0.970774193181769,0.029225806818230175,0.970774193181769
0,0,0.8679649278585272,0.13203507214147397,0.8679649278585272
0,0,0.9378868654363116,0.06211313456368784,0.9378868654363116
0,0,0.671310987782097,0.32868901221790287,0.671310987782097
0,0,0.9900277737697077,0.009972226230292643,0.9900277737697077
0,0,0.9915491835007885,0.008450816499211243,0.9915491835007885
0,0,0.9720883531199386,0.02791164688006286,0.9720883531199386
1,0,0.9922856965530192,0.007714303446979054,0.9922856965530192
0,0,0.97109404735405,0.02890595264594895,0.97109404735405
1,0,0.5794678694392202,0.4205321305607791,0.5794678694392202
1,0,0.5433849732771006,0.4566150267229013,0.5433849732771006
0,0,0.9955544362039891,0.004445563796011359,0.9955544362039891
0,1,0.11386263056471153,0.8861373694352868,0.8861373694352868
0,0,0.8976198320362778,0.10238016796372126,0.8976198320362778
0,1,0.4553078944399637,0.544692105560038,0.544692105560038
0,0,0.9928718208216216,0.007128179178378505,0.9928718208216216
0,0,0.9065423311558359,0.09345766884416451,0.9065423311558359
0,0,0.9722111435096994,0.02778885649030011,0.9722111435096994
0,0,0.9849001130201569,0.015099886979842927,0.9849001130201569
0,0,0.9972380239497755,0.0027619760502261693,0.9972380239497755
0,0,0.8285332022503066,0.17146679774969403,0.8285332022503066
1,0,0.8545869004354241,0.14541309956457743,0.8545869004354241
0,0,0.9896109918525569,0.01038900814744238,0.9896109918525569
0,0,0.8279199512780685,0.17208004872193136,0.8279199512780685
1,0,0.9043990465194673,0.09560095348053328,0.9043990465194673
0,0,0.6460651218665746,0.3539348781334237,0.6460651218665746
0,0,0.9945742283042132,0.0054257716957863845,0.9945742283042132
0,0,0.9634940556944475,0.0365059443055523,0.9634940556944475
0,0,0.9966963537840865,0.0033036462159143193,0.9966963537840865
0,0,0.972785363818978,0.02721463618102219,0.972785363818978
0,0,0.9552185235697592,0.04478147643023921,0.9552185235697592
0,0,0.9922695556446502,0.0077304443553499564,0.9922695556446502
0,0,0.8358444765850208,0.16415552341497872,0.8358444765850208
0,0,0.9870792181281596,0.01292078187184173,0.9870792181281596
0,0,0.8548503828707827,0.1451496171292174,0.8548503828707827
0,0,0.9237890066287433,0.07621099337125722,0.9237890066287433
0,0,0.6847914025312766,0.3152085974687244,0.6847914025312766
1,1,0.05416439033702767,0.9458356096629731,0.9458356096629731
0,0,0.9982958665390983,0.0017041334609014915,0.9982958665390983
0,0,0.8121436105089833,0.18785638949101505,0.8121436105089833
0,0,0.9410397925138819,0.058960207486118,0.9410397925138819
0,0,0.986049543481656,0.01395045651834439,0.986049543481656
0,0,0.9248359839570077,0.07516401604299264,0.9248359839570077
0,0,0.789584104379947,0.2104158956200529,0.789584104379947
0,0,0.8814648511513377,0.11853514884866323,0.8814648511513377
0,0,0.9738412194427091,0.0261587805572907,0.9738412194427091
0,0,0.737116144270653,0.2628838557293456,0.737116144270653
1,0,0.9595940924111108,0.04040590758888939,0.9595940924111108
0,1,0.13858215705439353,0.8614178429456048,0.8614178429456048
0,1,0.16318890605932804,0.8368110939406733,0.8368110939406733
1,0,0.8113537007556358,0.18864629924436382,0.8113537007556358
0,0,0.9702526852923395,0.029747314707660934,0.9702526852923395
0,0,0.9377897813014303,0.06221021869856963,0.9377897813014303
0,0,0.5239510614002237,0.47604893859977737,0.5239510614002237
0,0,0.9567182966423513,0.0432817033576483,0.9567182966423513
0,0,0.995795826671833,0.004204173328167816,0.995795826671833
0,0,0.9730896567443937,0.02691034325560568,0.9730896567443937
0,0,0.9496502519940851,0.05034974800591426,0.9496502519940851
0,0,0.7624773165309008,0.23752268346909836,0.7624773165309008
0,0,0.9319072881765932,0.06809271182340633,0.9319072881765932
0,1,0.17553640524868358,0.824463594751316,0.824463594751316
0,0,0.86692234476381,0.13307765523619164,0.86692234476381
0,0,0.7910416642931223,0.2089583357068764,0.7910416642931223
0,0,0.9723250767495039,0.027674923250497443,0.9723250767495039
0,0,0.9902291924074036,0.009770807592597143,0.9902291924074036
0,0,0.9566242513666758,0.04337574863332321,0.9566242513666758
0,0,0.9831643585374099,0.016835641462591637,0.9831643585374099
0,0,0.7423185095236589,0.25768149047634026,0.7423185095236589
1,1,0.09505026898530883,0.9049497310146897,0.9049497310146897
0,0,0.9876648615925897,0.012335138407410799,0.9876648615925897
0,0,0.9796377021624658,0.020362297837535515,0.9796377021624658
0,0,0.8318439525727704,0.1681560474272308,0.8318439525727704
1,0,0.7437661009906171,0.256233899009382,0.7437661009906171
0,0,0.9978668053423283,0.002133194657671018,0.9978668053423283
0,0,0.9934394495342106,0.006560550465788764,0.9934394495342106
0,0,0.9745290113984432,0.025470988601557977,0.9745290113984432
0,0,0.9700458522961762,0.02995414770382399,0.9700458522961762
0,0,0.9702900332371188,0.02970996676287957,0.9702900332371188
0,0,0.8050592594855428,0.1949407405144577,0.8050592594855428
0,0,0.8962025200741307,0.1037974799258701,0.8962025200741307
0,0,0.9514857247854364,0.048514275214564806,0.9514857247854364
0,0,0.9369419003066077,0.06305809969339145,0.9369419003066077
0,0,0.9964282906093035,0.0035717093906981433,0.9964282906093035
0,0,0.9311055247974631,0.06889447520253578,0.9311055247974631
1,1,0.20278568253963605,0.797214317460364,0.797214317460364
0,0,0.9575973471486633,0.042402652851335966,0.9575973471486633
0,0,0.9199371210805699,0.08006287891943087,0.9199371210805699
0,0,0.996086995568436,0.0039130044315645336,0.996086995568436
0,0,0.9805110371010657,0.019488962898933683,0.9805110371010657
0,0,0.9843550970364919,0.01564490296350871,0.9843550970364919
0,0,0.8408672745725627,0.159132725427436,0.8408672745725627
0,0,0.9151560963211206,0.08484390367887948,0.9151560963211206
0,0,0.9661295245813147,0.033870475418684945,0.9661295245813147
0,0,0.9478615020103651,0.052138497989636254,0.9478615020103651
0,0,0.987753864207278,0.012246135792721592,0.987753864207278
0,0,0.9963594400574926,0.003640559942506713,0.9963594400574926
0,0,0.9866294027013576,0.013370597298640794,0.9866294027013576
0,0,0.9920765718581105,0.007923428141889162,0.9920765718581105
0,1,0.20452086396629493,0.795479136033706,0.795479136033706
0,0,0.9550383677156412,0.044961632284358635,0.9550383677156412
0,0,0.9507046789579615,0.04929532104203829,0.9507046789579615
1,1,0.46995120792644457,0.5300487920735544,0.5300487920735544
0,0,0.9482503206767635,0.051749679323236056,0.9482503206767635
0,0,0.9951752567424748,0.004824743257524593,0.9951752567424748
0,0,0.8978433449155366,0.10215665508446484,0.8978433449155366
0,0,0.9076835120655795,0.09231648793442163,0.9076835120655795
0,0,0.9443840947938928,0.05561590520610804,0.9443840947938928
0,0,0.9963484438557278,0.003651556144272907,0.9963484438557278
0,0,0.9556440918391146,0.04435590816088458,0.9556440918391146
1,0,0.8825492389292157,0.11745076107078382,0.8825492389292157
0,0,0.9894408401840937,0.01055915981590452,0.9894408401840937
0,0,0.9018547015729361,0.0981452984270635,0.9018547015729361
1,0,0.7271921602499514,0.27280783975004863,0.7271921602499514
0,0,0.9163450579828379,0.08365494201716286,0.9163450579828379
0,0,0.9798322479888943,0.020167752011106172,0.9798322479888943
0,0,0.9873454172039162,0.012654582796083644,0.9873454172039162
0,0,0.8434604935892269,0.1565395064107748,0.8434604935892269
0,0,0.9686589541605544,0.031341045839445345,0.9686589541605544
0,0,0.9783966500281428,0.021603349971857498,0.9783966500281428
0,0,0.8358509493635495,0.16414905063645155,0.8358509493635495
1,1,0.05520704331964524,0.9447929566803549,0.9447929566803549
0,0,0.8263948894665356,0.17360511053346492,0.8263948894665356
0,0,0.7746574090348395,0.22534259096515957,0.7746574090348395
0,0,0.685120953872547,0.314879046127453,0.685120953872547
0,0,0.957921460257559,0.04207853974244024,0.957921460257559
0,0,0.822055849607897,0.1779441503921017,0.822055849607897
0,0,0.997960835651473,0.002039164348528421,0.997960835651473
0,0,0.98072863329884,0.019271366701160152,0.98072863329884
0,0,0.9753905921995919,0.024609407800406827,0.9753905921995919
0,0,0.6565381367051492,0.34346186329485245,0.6565381367051492
0,0,0.9857308553921762,0.014269144607822354,0.9857308553921762
0,0,0.8388473866994116,0.16115261330058778,0.8388473866994116
0,0,0.9974034664978569,0.0025965335021430006,0.9974034664978569
0,0,0.9390969161019933,0.0609030838980063,0.9390969161019933
0,0,0.9835806877798164,0.016419312220183002,0.9835806877798164
0,0,0.8075651106198003,0.1924348893801998,0.8075651106198003
0,0,0.8402819228089796,0.1597180771910204,0.8402819228089796
0,0,0.8934553466048649,0.10654465339513593,0.8934553466048649
0,0,0.9897337070310577,0.010266292968940634,0.9897337070310577
0,0,0.597402168800045,0.4025978311999542,0.597402168800045
0,0,0.9844833070077196,0.015516692992280628,0.9844833070077196
1,0,0.6427079898697243,0.3572920101302767,0.6427079898697243
0,0,0.9754542270810515,0.024545772918948206,0.9754542270810515
1,0,0.9314124069429064,0.06858759305709394,0.9314124069429064
1,1,0.3559092781340768,0.6440907218659246,0.6440907218659246
0,0,0.9959374633904908,0.0040625366095100495,0.9959374633904908
0,0,0.8814597506634609,0.11854024933653988,0.8814597506634609
0,0,0.9976210762343971,0.00237892376560327,0.9976210762343971
0,0,0.9789223029062006,0.021077697093800064,0.9789223029062006
0,0,0.97280529604348,0.02719470395651956,0.97280529604348
0,0,0.9078245977367684,0.09217540226323173,0.9078245977367684
0,0,0.8358768568336027,0.16412314316639717,0.8358768568336027
0,0,0.99898535116932,0.0010146488306806663,0.99898535116932
0,0,0.9481867703173288,0.051813229682672685,0.9481867703173288
0,1,0.023537293736419714,0.976462706263579,0.976462706263579
0,0,0.9712987479181318,0.028701252081868026,0.9712987479181318
0,0,0.9961307396570622,0.0038692603429377175,0.9961307396570622
0,0,0.8323892164045318,0.1676107835954676,0.8323892164045318
0,0,0.9950183011785585,0.004981698821441412,0.9950183011785585
0,1,0.13548334436001253,0.8645166556399873,0.8645166556399873
1,0,0.6048496529414717,0.39515034705852875,0.6048496529414717
0,0,0.9968176301637808,0.0031823698362188615,0.9968176301637808
0,0,0.9631387503327219,0.03686124966727941,0.9631387503327219
0,0,0.9404782652294909,0.05952173477050875,0.9404782652294909
0,0,0.992415970111756,0.007584029888245111,0.992415970111756
0,0,0.9724782244080299,0.02752177559197061,0.9724782244080299
1,1,0.008181978070140095,0.9918180219298592,0.9918180219298592
0,0,0.9966585712633895,0.0033414287366098972,0.9966585712633895
0,0,0.7829531993520151,0.21704680064798493,0.7829531993520151
0,0,0.9514530647311918,0.04854693526880832,0.9514530647311918
0,0,0.992036009781986,0.007963990218014756,0.992036009781986
0,0,0.7587182324743221,0.24128176752567704,0.7587182324743221
1,0,0.945057891094913,0.0549421089050861,0.945057891094913
0,0,0.9966965350829369,0.0033034649170624393,0.9966965350829369
0,0,0.9871778640559039,0.012822135944096057,0.9871778640559039
0,0,0.8660037317323622,0.13399626826763916,0.8660037317323622
0,0,0.8912959205307462,0.10870407946925345,0.8912959205307462
0,0,0.9327511674155424,0.06724883258445828,0.9327511674155424
0,0,0.9480976493511987,0.051902350648801575,0.9480976493511987
0,0,0.9029611914522159,0.0970388085477836,0.9029611914522159
0,0,0.9484856540946108,0.051514345905388434,0.9484856540946108
0,0,0.677739947472006,0.3222600525279925,0.677739947472006
0,0,0.748900756395601,0.25109924360439956,0.748900756395601
0,0,0.7809199239713804,0.21908007602861898,0.7809199239713804
0,0,0.9881891358658268,0.011810864134172455,0.9881891358658268
0,0,0.9723516811893892,0.027648318810612263,0.9723516811893892
0,0,0.9809619578195234,0.0190380421804779,0.9809619578195234
1,1,0.329250804103008,0.6707491958969928,0.6707491958969928
1,1,0.135115271217361,0.8648847287826407,0.8648847287826407
0,0,0.9417440330642656,0.05825596693573307,0.9417440330642656
1,0,0.7821264390660303,0.2178735609339701,0.7821264390660303
0,0,0.9727793412583802,0.027220658741618938,0.9727793412583802
0,0,0.9238619762078719,0.07613802379212709,0.9238619762078719
1,1,0.02510750083148895,0.9748924991685095,0.9748924991685095
0,0,0.9579076589885797,0.04209234101142037,0.9579076589885797
0,0,0.992344562225085,0.007655437774914517,0.992344562225085
0,0,0.9865610467034288,0.013438953296571469,0.9865610467034288
0,0,0.9186475084953458,0.08135249150465472,0.9186475084953458
0,0,0.9897259295329542,0.010274070467044531,0.9897259295329542
0,0,0.9593856262177516,0.040614373782248366,0.9593856262177516
0,0,0.8896895976693145,0.11031040233068592,0.8896895976693145
0,0,0.8678334270249441,0.13216657297505516,0.8678334270249441
0,0,0.9118237984835835,0.08817620151641754,0.9118237984835835
1,0,0.8660543093565035,0.13394569064349557,0.8660543093565035
0,0,0.9898678300493255,0.010132169950675667,0.9898678300493255
0,0,0.9977094521919642,0.002290547808035417,0.9977094521919642
0,0,0.9421885101120491,0.05781148988795001,0.9421885101120491
0,0,0.9891864889895582,0.010813511010442941,0.9891864889895582
0,0,0.9726316309176457,0.027368369082353128,0.9726316309176457
0,0,0.9663865314855091,0.03361346851449171,0.9663865314855091
0,0,0.9965699635950199,0.0034300364049807373,0.9965699635950199
0,1,0.38987158451135123,0.6101284154886472,0.6101284154886472
1,1,0.03837011399935073,0.9616298860006505,0.9616298860006505
0,0,0.8362874961254001,0.16371250387460057,0.8362874961254001
0,0,0.7680634174624753,0.23193658253752486,0.7680634174624753
0,0,0.9846935159344365,0.015306484065563201,0.9846935159344365
0,0,0.9943626417569436,0.005637358243057167,0.9943626417569436
0,0,0.9640744456323648,0.03592555436763534,0.9640744456323648
1,0,0.9227641562016001,0.07723584379839893,0.9227641562016001
0,0,0.6052843184528409,0.39471568154715825,0.6052843184528409
0,0,0.9173408122373844,0.08265918776261416,0.9173408122373844
0,0,0.9320993492482891,0.06790065075171081,0.9320993492482891
1,1,0.05199218907530752,0.9480078109246934,0.9480078109246934
0,0,0.9809845420423966,0.01901545795760332,0.9809845420423966
0,0,0.9650010855312432,0.03499891446875727,0.9650010855312432
0,0,0.9568860706109075,0.04311392938909107,0.9568860706109075
0,0,0.9302492691695412,0.06975073083045939,0.9302492691695412
0,0,0.7409406137719946,0.2590593862280066,0.7409406137719946
0,0,0.9571884946341702,0.042811505365829325,0.9571884946341702
0,0,0.9979697066431978,0.0020302933568007277,0.9979697066431978
0,0,0.8254992765758328,0.17450072342416792,0.8254992765758328
0,0,0.9753731020186075,0.024626897981392476,0.9753731020186075
0,0,0.9897836584783408,0.010216341521658465,0.9897836584783408
0,0,0.6909558737669961,0.3090441262330038,0.6909558737669961
0,0,0.9777980022171967,0.02220199778280487,0.9777980022171967
0,0,0.911393520048166,0.0886064799518347,0.911393520048166
0,0,0.9957638792536183,0.004236120746382278,0.9957638792536183
0,0,0.9866269233894888,0.013373076610512777,0.9866269233894888
0,0,0.9209835515415614,0.07901644845843922,0.9209835515415614
0,0,0.9682525070320993,0.03174749296790012,0.9682525070320993
0,0,0.9254940658636144,0.0745059341363869,0.9254940658636144
0,0,0.995896828783134,0.004103171216864388,0.995896828783134
1,0,0.9720938788797391,0.027906121120261633,0.9720938788797391
0,0,0.7203553309973847,0.2796446690026148,0.7203553309973847
0,0,0.990353683263734,0.009646316736266583,0.990353683263734
0,0,0.9518879780277362,0.04811202197226385,0.9518879780277362
0,0,0.9503049686336895,0.04969503136631064,0.9503049686336895
0,0,0.9029275982199848,0.09707240178001443,0.9029275982199848
1,0,0.9757011540179393,0.02429884598206116,0.9757011540179393
0,1,0.004994373877228186,0.9950056261227707,0.9950056261227707
0,0,0.9493608824931385,0.050639117506860926,0.9493608824931385
0,0,0.9391614360541288,0.06083856394587203,0.9391614360541288
0,0,0.9557676499771013,0.044232350022899096,0.9557676499771013
0,0,0.8769462475264939,0.12305375247350453,0.8769462475264939
0,0,0.6978554364461255,0.30214456355387376,0.6978554364461255
1,1,0.20033722301214654,0.7996627769878548,0.7996627769878548
0,0,0.9734198850686469,0.026580114931353448,0.9734198850686469
0,0,0.9447208718791862,0.0552791281208138,0.9447208718791862
1,0,0.6434494366392515,0.3565505633607492,0.6434494366392515
0,0,0.9913770091653294,0.008622990834672358,0.9913770091653294
0,0,0.9638370179131045,0.03616298208689377,0.9638370179131045
0,0,0.9844145475592768,0.015585452440722515,0.9844145475592768
0,0,0.983205228799085,0.01679477120091627,0.983205228799085
0,0,0.9797636458366201,0.02023635416337836,0.9797636458366201
0,0,0.9680100875482527,0.0319899124517457,0.9680100875482527
0,0,0.969845546335194,0.030154453664804397,0.969845546335194
0,0,0.9977111514900152,0.0022888485099865218,0.9977111514900152
0,0,0.9940421669574515,0.005957833042548464,0.9940421669574515
0,0,0.9319838424432307,0.06801615755677011,0.9319838424432307
0,0,0.9829150542260986,0.01708494577390278,0.9829150542260986
0,0,0.9857937096448438,0.014206290355156073,0.9857937096448438
0,0,0.8033582766888592,0.1966417233111402,0.8033582766888592
0,0,0.9295743239574923,0.0704256760425063,0.9295743239574923
0,0,0.9685194992115974,0.03148050078840158,0.9685194992115974
0,0,0.7289747203366701,0.27102527966333084,0.7289747203366701
0,0,0.9321867587449356,0.06781324125506455,0.9321867587449356
0,0,0.9167865680702075,0.08321343192979265,0.9167865680702075
0,0,0.9616730839003262,0.0383269160996731,0.9616730839003262
0,0,0.9970856902182206,0.0029143097817796652,0.9970856902182206
1,1,0.05238739514646532,0.9476126048535344,0.9476126048535344
0,0,0.995809958488011,0.004190041511988577,0.995809958488011
0,1,0.0990043427017283,0.9009956572982728,0.9009956572982728
0,0,0.8941912661203816,0.10580873387961913,0.8941912661203816
0,0,0.9047095016647918,0.09529049833520771,0.9047095016647918
0,0,0.9944934174904249,0.005506582509573897,0.9944934174904249
0,0,0.9946687732202721,0.005331226779727118,0.9946687732202721
0,0,0.9870095291504208,0.012990470849579838,0.9870095291504208
0,0,0.7789354960268107,0.22106450397319027,0.7789354960268107
0,0,0.9969137816147096,0.003086218385290959,0.9969137816147096
1,0,0.7707231948216537,0.2292768051783456,0.7707231948216537
0,0,0.9800982528348943,0.01990174716510584,0.9800982528348943
1,0,0.8545055576219305,0.14549444237807016,0.8545055576219305
0,0,0.6986424931102884,0.30135750688971225,0.6986424931102884
0,0,0.9970659770057266,0.002934022994274131,0.9970659770057266
0,0,0.997291393238251,0.002708606761747628,0.997291393238251
0,1,0.3234668609361419,0.6765331390638588,0.6765331390638588
0,0,0.9609541945403235,0.03904580545967576,0.9609541945403235
0,0,0.9352821144871113,0.06471788551288918,0.9352821144871113
0,0,0.997245590879183,0.0027544091208172345,0.997245590879183
0,0,0.9382056823385663,0.06179431766143428,0.9382056823385663
0,0,0.9741687998123855,0.02583120018761458,0.9741687998123855
0,0,0.9883210100293555,0.011678989970645332,0.9883210100293555
0,0,0.9607178500942855,0.03928214990571537,0.9607178500942855
0,0,0.8588245185927589,0.1411754814072404,0.8588245185927589
0,0,0.9907256636079227,0.009274336392077991,0.9907256636079227
0,0,0.9630057369077348,0.03699426309226346,0.9630057369077348
0,0,0.9973004741663527,0.0026995258336467505,0.9973004741663527
0,0,0.9731039231418437,0.0268960768581549,0.9731039231418437
0,0,0.9585787077527587,0.04142129224724118,0.9585787077527587
0,0,0.9941074187481703,0.005892581251828968,0.9941074187481703
0,0,0.9865737931368618,0.013426206863137793,0.9865737931368618
0,0,0.9308475058502187,0.06915249414978113,0.9308475058502187
0,0,0.7514211563882162,0.24857884361178356,0.7514211563882162
0,0,0.9410128071184494,0.058987192881551236,0.9410128071184494
0,0,0.9571758882187803,0.04282411178122141,0.9571758882187803
0,0,0.990715505432094,0.00928449456790546,0.990715505432094
0,0,0.8412349206315862,0.1587650793684153,0.8412349206315862
0,0,0.9888547838930726,0.011145216106925976,0.9888547838930726
0,0,0.9955142709758694,0.004485729024131288,0.9955142709758694
0,0,0.8927544884788526,0.10724551152114581,0.8927544884788526
0,0,0.8682161891321545,0.1317838108678457,0.8682161891321545
1,1,0.25017841767865523,0.7498215823213437,0.7498215823213437
0,0,0.9718978977757369,0.028102102224261568,0.9718978977757369
0,0,0.9387378007287712,0.061262199271229695,0.9387378007287712
1,0,0.5029884399570466,0.49701156004295327,0.5029884399570466
0,0,0.9905201275491705,0.009479872450828623,0.9905201275491705
0,0,0.8825946976267082,0.11740530237329254,0.8825946976267082
0,0,0.9380464837750888,0.06195351622491182,0.9380464837750888
1,0,0.9244219579045676,0.07557804209543073,0.9244219579045676
0,0,0.8422044117603159,0.15779558823968254,0.8422044117603159
0,1,0.03446560260186153,0.9655343973981384,0.9655343973981384
0,0,0.9972940721722664,0.002705927827735208,0.9972940721722664
0,0,0.8285937390830275,0.17140626091697153,0.8285937390830275
0,0,0.894100988403209,0.10589901159678984,0.894100988403209
0,0,0.788124013753578,0.21187598624642187,0.788124013753578
0,0,0.9410128071184494,0.058987192881551236,0.9410128071184494
0,0,0.8605394265076779,0.1394605734923225,0.8605394265076779
0,0,0.9547854338401044,0.045214566159895525,0.9547854338401044
0,1,0.2944853637084724,0.7055146362915282,0.7055146362915282
0,0,0.9892747131004767,0.010725286899522398,0.9892747131004767
1,0,0.800992902276031,0.1990070977239693,0.800992902276031
0,0,0.9457716099662917,0.05422839003370839,0.9457716099662917
0,0,0.9377412947559073,0.062258705244092674,0.9377412947559073
0,0,0.9349143726629692,0.0650856273370325,0.9349143726629692
0,0,0.8885158399301737,0.11148416006982553,0.8885158399301737
0,0,0.8155013971239847,0.18449860287601527,0.8155013971239847
0,0,0.6635039407573529,0.33649605924264697,0.6635039407573529
0,0,0.8510237418901535,0.14897625810984683,0.8510237418901535
0,0,0.8306125562796393,0.16938744372036188,0.8306125562796393
1,1,0.4930228123284649,0.5069771876715355,0.5069771876715355
0,0,0.8178047819739139,0.18219521802608438,0.8178047819739139
0,0,0.8985476222893256,0.10145237771067422,0.8985476222893256
0,0,0.8229667831570896,0.17703321684291207,0.8229667831570896
0,0,0.9857035794855753,0.014296420514424327,0.9857035794855753
0,0,0.9712954452569544,0.02870455474304542,0.9712954452569544
0,0,0.9888576513993393,0.011142348600659005,0.9888576513993393
0,0,0.9653005067320327,0.034699493267967,0.9653005067320327
0,0,0.9958441432941061,0.0041558567058928965,0.9958441432941061
0,0,0.9903427341274582,0.009657265872542542,0.9903427341274582
0,0,0.987671378985341,0.012328621014658923,0.987671378985341
0,0,0.9344389529201824,0.06556104707981865,0.9344389529201824
0,0,0.6434444324876701,0.35655556751232925,0.6434444324876701
0,0,0.8575001417164093,0.14249985828358933,0.8575001417164093
0,0,0.9978620963199967,0.0021379036800024155,0.9978620963199967
0,0,0.9665565676377306,0.03344343236226841,0.9665565676377306
0,0,0.9501875322547854,0.04981246774521391,0.9501875322547854
0,0,0.9291170079278245,0.07088299207217691,0.9291170079278245
0,0,0.9753174156045166,0.024682584395483726,0.9753174156045166
0,0,0.8661660579033895,0.13383394209660882,0.8661660579033895
0,0,0.9708984665219541,0.029101533478045147,0.9708984665219541
1,0,0.9440471497488953,0.05595285025110496,0.9440471497488953
1,0,0.6227108988482869,0.3772891011517125,0.6227108988482869
0,0,0.8565465210152389,0.1434534789847597,0.8565465210152389
0,0,0.9758316250232968,0.02416837497670157,0.9758316250232968
0,0,0.9812945308851128,0.01870546911488744,0.9812945308851128
0,0,0.9876767624671563,0.012323237532842153,0.9876767624671563
0,0,0.9806192960795281,0.01938070392047252,0.9806192960795281
0,0,0.9302686101046463,0.06973138989535524,0.9302686101046463
1,1,0.031929717628188733,0.9680702823718107,0.9680702823718107
0,0,0.99672687697709,0.003273123022909715,0.99672687697709
0,0,0.9832480850839151,0.016751914916084503,0.9832480850839151
0,0,0.5576818474151546,0.4423181525848459,0.5576818474151546
0,1,0.011439859902867512,0.9885601400971342,0.9885601400971342
0,0,0.9709134117766458,0.02908658822335433,0.9709134117766458
0,0,0.9994782720252049,0.0005217279747938119,0.9994782720252049
0,0,0.9784933328619341,0.021506667138067054,0.9784933328619341
1,1,0.19133770557574814,0.8086622944242524,0.8086622944242524
0,0,0.9810922390319542,0.01890776096804464,0.9810922390319542
0,0,0.9457218633913863,0.05427813660861316,0.9457218633913863
0,0,0.8329933492397873,0.16700665076021248,0.8329933492397873
0,0,0.7702956488671754,0.22970435113282506,0.7702956488671754
0,0,0.9949353965771675,0.005064603422831664,0.9949353965771675
0,0,0.9777369059658106,0.022263094034187973,0.9777369059658106
0,0,0.9763523505017299,0.02364764949827093,0.9763523505017299
0,0,0.8998688034616537,0.10013119653834673,0.8998688034616537
0,0,0.9957089199700833,0.004291080029917862,0.9957089199700833
1,0,0.534590358320401,0.46540964167959986,0.534590358320401
0,0,0.901041083836333,0.09895891616366842,0.901041083836333
0,0,0.8667237004363701,0.1332762995636305,0.8667237004363701
1,0,0.9852511861718833,0.014748813828116093,0.9852511861718833
0,0,0.9358362610357479,0.06416373896425083,0.9358362610357479
0,0,0.9559555343413518,0.044044465658647856,0.9559555343413518
0,0,0.995795146532586,0.004204853467412558,0.995795146532586
0,0,0.9054501877137138,0.09454981228628699,0.9054501877137138
0,1,0.49621841529385363,0.5037815847061448,0.5037815847061448
0,0,0.9733390647176411,0.026660935282357374,0.9733390647176411
0,0,0.8026093941257807,0.19739060587421978,0.8026093941257807
0,0,0.8911943301011638,0.10880566989883456,0.8911943301011638
0,0,0.9979556706712869,0.002044329328712401,0.9979556706712869
0,0,0.9630983928181485,0.03690160718185191,0.9630983928181485
0,0,0.9020477295076581,0.09795227049234094,0.9020477295076581
0,0,0.9761562749420866,0.023843725057915013,0.9761562749420866
0,0,0.9897739219387622,0.01022607806123645,0.9897739219387622
0,0,0.9491819822781419,0.05081801772185802,0.9491819822781419
0,0,0.8177623066546389,0.18223769334536277,0.8177623066546389
1,0,0.7947127876381852,0.2052872123618164,0.7947127876381852
0,0,0.9247310795012972,0.07526892049870325,0.9247310795012972
0,0,0.9856883866784389,0.014311613321562399,0.9856883866784389
0,0,0.9923274510139696,0.007672548986030313,0.9923274510139696
0,0,0.9394382758642318,0.0605617241357686,0.9394382758642318
0,0,0.9948958937477481,0.0051041062522511555,0.9948958937477481
0,0,0.9885820569305726,0.011417943069426863,0.9885820569305726
0,0,0.9221282240658757,0.07787177593412334,0.9221282240658757
0,0,0.9841267109612005,0.01587328903879978,0.9841267109612005
0,0,0.9083679967021902,0.09163200329781059,0.9083679967021902
0,0,0.9935147411290228,0.0064852588709779,0.9935147411290228
0,0,0.995158344504382,0.004841655495618785,0.995158344504382
1,0,0.8056824578701185,0.1943175421298809,0.8056824578701185
0,0,0.9203707659846869,0.07962923401531485,0.9203707659846869
0,0,0.9550132932400807,0.04498670675991943,0.9550132932400807
1,1,0.0323470856160626,0.9676529143839375,0.9676529143839375
1,1,0.3240720772126819,0.6759279227873177,0.6759279227873177
0,0,0.9438775861614215,0.056122413838579674,0.9438775861614215
0,0,0.9703200981498691,0.029679901850131283,0.9703200981498691
0,0,0.9780192490728965,0.021980750927103904,0.9780192490728965
0,0,0.9311178478806076,0.06888215211939328,0.9311178478806076
0,0,0.951535544312241,0.048464455687759395,0.951535544312241
0,0,0.9555806464657316,0.04441935353426892,0.9555806464657316
0,0,0.9824147617294584,0.017585238270541162,0.9824147617294584
1,0,0.9946288203152504,0.0053711796847491925,0.9946288203152504
0,0,0.9941093043707285,0.005890695629269732,0.9941093043707285
0,0,0.9776908304421511,0.022309169557850457,0.9776908304421511
0,0,0.975593754834165,0.024406245165833937,0.975593754834165
0,0,0.9946506756495067,0.0053493243504935456,0.9946506756495067
0,0,0.8239627860459793,0.17603721395402017,0.8239627860459793
0,0,0.9615707504929097,0.03842924950709093,0.9615707504929097
0,0,0.9614922962676871,0.03850770373231241,0.9614922962676871
0,0,0.765042399106116,0.23495760089388393,0.765042399106116
0,0,0.9916597246562643,0.008340275343735088,0.9916597246562643
0,0,0.9948404996054158,0.005159500394585147,0.9948404996054158
1,0,0.8670999122528759,0.13290008774712495,0.8670999122528759
0,0,0.9829136147279414,0.017086385272059395,0.9829136147279414
0,0,0.9185610883863811,0.08143891161362045,0.9185610883863811
0,0,0.7795112303724623,0.22048876962753738,0.7795112303724623
1,1,0.39682429953284154,0.6031757004671592,0.6031757004671592
0,0,0.9030180463958658,0.09698195360413507,0.9030180463958658
0,0,0.9754406698712956,0.0245593301287028,0.9754406698712956
0,0,0.9044041692687181,0.09559583073128172,0.9044041692687181
0,0,0.9325293360839366,0.06747066391606418,0.9325293360839366
0,0,0.9941883183820835,0.0058116816179156604,0.9941883183820835
0,0,0.9892038457465316,0.010796154253468557,0.9892038457465316
1,1,0.03352440947472118,0.9664755905252775,0.9664755905252775
0,0,0.9536161909239048,0.04638380907609623,0.9536161909239048
1,0,0.8781036779664293,0.12189632203357184,0.8781036779664293
0,0,0.998474937275795,0.0015250627242059294,0.998474937275795
0,0,0.9395840652631474,0.060415934736853194,0.9395840652631474
0,0,0.9661066931782535,0.03389330682174808,0.9661066931782535
1,1,0.15534542581340757,0.8446545741865921,0.8446545741865921
0,0,0.9972179251431952,0.002782074856805894,0.9972179251431952
0,0,0.8495221773235037,0.1504778226764966,0.8495221773235037
0,0,0.8812721477667249,0.1187278522332749,0.8812721477667249
0,1,0.01001324894716627,0.989986751052835,0.989986751052835
0,0,0.9371302358004464,0.0628697641995538,0.9371302358004464
0,1,0.4177366953712915,0.5822633046287092,0.5822633046287092
0,0,0.991345854074655,0.008654145925345044,0.991345854074655
0,0,0.9514750828499491,0.04852491715005033,0.9514750828499491
0,0,0.9805312112739755,0.019468788726025945,0.9805312112739755
0,0,0.9252094936345462,0.07479050636545513,0.9252094936345462
0,0,0.9535608032633811,0.04643919673661926,0.9535608032633811
0,0,0.998553484124547,0.001446515875453313,0.998553484124547
0,0,0.9239079091300884,0.07609209086991002,0.9239079091300884
0,0,0.9590340682548212,0.04096593174517925,0.9590340682548212
0,0,0.998133983920832,0.001866016079166278,0.998133983920832
0,0,0.9979100671378904,0.002089932862109772,0.9979100671378904
0,0,0.902711591100117,0.09728840889988216,0.902711591100117
0,0,0.8957552953114933,0.10424470468850673,0.8957552953114933
0,0,0.5816489994088591,0.4183510005911397,0.5816489994088591
0,0,0.8345886214217829,0.1654113785782187,0.8345886214217829
0,0,0.992421091491338,0.007578908508663134,0.992421091491338
0,0,0.979507222405094,0.020492777594905563,0.979507222405094
0,0,0.9827425381555301,0.01725746184447069,0.9827425381555301
0,0,0.9939458899735487,0.006054110026451872,0.9939458899735487
0,0,0.9691207001160095,0.030879299883990685,0.9691207001160095
0,0,0.9581228409332188,0.041877159066783035,0.9581228409332188
0,0,0.9417845142677244,0.0582154857322768,0.9417845142677244
0,0,0.748662480502383,0.25133751949761635,0.748662480502383
0,0,0.8846629813477944,0.11533701865220469,0.8846629813477944
0,0,0.9687608072887657,0.031239192711235927,0.9687608072887657
1,1,0.30511754047302575,0.6948824595269757,0.6948824595269757
0,0,0.9782975216083362,0.021702478391663078,0.9782975216083362
0,0,0.9970036708980965,0.0029963291019046065,0.9970036708980965
0,0,0.9280749004957617,0.07192509950423859,0.9280749004957617
0,0,0.9823400927754148,0.017659907224585117,0.9823400927754148
0,0,0.9911860614442621,0.00881393855573724,0.9911860614442621
0,0,0.9924438915286456,0.007556108471354914,0.9924438915286456
0,0,0.83121042152723,0.16878957847276957,0.83121042152723
0,0,0.8400915200718909,0.15990847992810875,0.8400915200718909
0,0,0.9945824561134843,0.005417543886514823,0.9945824561134843
0,0,0.9311071467353506,0.06889285326465001,0.9311071467353506
0,0,0.9344229555842218,0.06557704441577807,0.9344229555842218
1,0,0.9705284650305354,0.02947153496946459,0.9705284650305354
0,0,0.9833314206773729,0.01666857932262715,0.9833314206773729
0,0,0.970484756446255,0.029515243553743704,0.970484756446255
0,0,0.8908897639205136,0.10911023607948656,0.8908897639205136
0,0,0.9697084126850631,0.030291587314936547,0.9697084126850631
0,0,0.7812944452372297,0.21870555476277098,0.7812944452372297
0,0,0.8351716267189349,0.16482837328106537,0.8351716267189349
0,0,0.9969399165776828,0.0030600834223181213,0.9969399165776828
0,0,0.9468756665649015,0.05312433343509783,0.9468756665649015
1,1,0.002921852834166982,0.9970781471658319,0.9970781471658319
0,0,0.9711342175235532,0.02886578247644709,0.9711342175235532
0,0,0.906502868855271,0.09349713114472975,0.906502868855271
1,1,0.048587036713247975,0.9514129632867531,0.9514129632867531
0,0,0.953702027957169,0.046297972042831384,0.953702027957169
0,0,0.6735003186470192,0.32649968135297935,0.6735003186470192
0,0,0.7962932705899182,0.20370672941008128,0.7962932705899182
0,0,0.6163436989330311,0.3836563010669697,0.6163436989330311
0,0,0.956658057743263,0.04334194225673778,0.956658057743263
0,0,0.5887092678672403,0.41129073213276046,0.5887092678672403
0,0,0.9708500333948792,0.029149966605120398,0.9708500333948792
0,0,0.8531093004851403,0.14689069951485917,0.8531093004851403
0,0,0.9279447820030725,0.07205521799692675,0.9279447820030725
0,0,0.9986269255678492,0.0013730744321525322,0.9986269255678492
0,0,0.9952496773737588,0.004750322626242111,0.9952496773737588
0,0,0.9886361388089705,0.011363861191029723,0.9886361388089705
0,0,0.9508704083125303,0.04912959168746802,0.9508704083125303
0,0,0.559660153337181,0.4403398466628192,0.559660153337181
0,0,0.8596695883314068,0.14033041166859372,0.8596695883314068
0,0,0.9560735483212169,0.04392645167878283,0.9560735483212169
0,0,0.9873303770897746,0.012669622910227166,0.9873303770897746
0,0,0.8270397875227969,0.17296021247720322,0.8270397875227969
0,0,0.9809135888666082,0.019086411133392926,0.9809135888666082
0,0,0.9793722303061424,0.020627769693856244,0.9793722303061424
0,0,0.8288340007660343,0.1711659992339657,0.8288340007660343
0,0,0.9577827604719545,0.04221723952804467,0.9577827604719545
0,0,0.531732159309036,0.46826784069096566,0.531732159309036
0,0,0.8959252314537133,0.10407476854628521,0.8959252314537133
0,0,0.983846115896356,0.016153884103642272,0.983846115896356
0,0,0.8309931667013054,0.169006833298695,0.8309931667013054
0,0,0.9976214241231574,0.0023785758768425994,0.9976214241231574
0,0,0.9439954818190521,0.05600451818094764,0.9439954818190521
0,0,0.5550593726012336,0.4449406273987671,0.5550593726012336
0,0,0.995781806974709,0.0042181930252906796,0.995781806974709
0,0,0.990713345007864,0.009286654992137662,0.990713345007864
0,0,0.9606730295167221,0.03932697048327637,0.9606730295167221
1,0,0.7943967227066083,0.2056032772933919,0.7943967227066083
0,0,0.9604576831489199,0.03954231685107886,0.9604576831489199
0,0,0.9648382412492466,0.03516175875075256,0.9648382412492466
0,0,0.69160077956519,0.30839922043481177,0.69160077956519
1,0,0.9748250376338552,0.025174962366144988,0.9748250376338552
0,0,0.9748265903857292,0.025173409614270722,0.9748265903857292
0,0,0.971791959159607,0.028208040840391333,0.971791959159607
0,0,0.9878690834950229,0.012130916504978622,0.9878690834950229
0,0,0.9921770095674131,0.007822990432586784,0.9921770095674131
0,0,0.9151994803677699,0.08480051963223158,0.9151994803677699
0,0,0.9835302091484237,0.016469790851577203,0.9835302091484237
0,0,0.9501448246872234,0.0498551753127768,0.9501448246872234
0,0,0.9867163202761537,0.013283679723845523,0.9867163202761537
0,0,0.9805150093124142,0.01948499068758558,0.9805150093124142
0,0,0.8696610843959215,0.13033891560407726,0.8696610843959215
0,0,0.9400560544468683,0.0599439455531311,0.9400560544468683
0,1,0.268179817666594,0.731820182333405,0.731820182333405
0,0,0.9873629989580103,0.01263700104199012,0.9873629989580103
0,0,0.7679633953283569,0.23203660467164255,0.7679633953283569
0,0,0.9642167103317149,0.03578328966828673,0.9642167103317149
0,0,0.9704936436949992,0.02950635630499987,0.9704936436949992
0,0,0.7383798898175243,0.26162011018247594,0.7383798898175243
0,0,0.9508442921641521,0.04915570783584652,0.9508442921641521
0,0,0.9738847886692841,0.02611521133071614,0.9738847886692841
0,0,0.9980611854035711,0.0019388145964274858,0.9980611854035711
0,0,0.9802338405689169,0.0197661594310826,0.9802338405689169
0,0,0.8646426320877753,0.13535736791222616,0.8646426320877753
0,0,0.9876154340121951,0.012384565987805941,0.9876154340121951
0,0,0.974246123929175,0.0257538760708266,0.974246123929175
0,0,0.884430677807224,0.11556932219277687,0.884430677807224
0,0,0.9038931479702563,0.09610685202974424,0.9038931479702563
1,0,0.9261152757756672,0.07388472422433123,0.9261152757756672
0,0,0.9880682145564043,0.011931785443595262,0.9880682145564043
0,0,0.9689308711641418,0.031069128835857916,0.9689308711641418
0,0,0.9943930642371325,0.005606935762867752,0.9943930642371325
1,0,0.9630432976539102,0.03695670234608833,0.9630432976539102
0,0,0.8375821751886768,0.1624178248113225,0.8375821751886768
0,0,0.9449950606191773,0.055004939380822314,0.9449950606191773
0,0,0.9661389997660098,0.03386100023399139,0.9661389997660098
0,0,0.6413293249460917,0.3586706750539097,0.6413293249460917
1,0,0.8343999228499448,0.16560007715005592,0.8343999228499448
0,0,0.9601283610019903,0.0398716389980086,0.9601283610019903
0,0,0.9942894245006504,0.005710575499350634,0.9942894245006504
0,0,0.8681508625631861,0.13184913743681456,0.8681508625631861
0,0,0.8353096530318478,0.16469034696815052,0.8353096530318478
0,0,0.9337897433092787,0.06621025669072125,0.9337897433092787
0,0,0.98045642925515,0.019543570744848467,0.98045642925515
0,0,0.8713662268192109,0.12863377318078767,0.8713662268192109
0,0,0.8844237398235586,0.11557626017644287,0.8844237398235586
0,0,0.9974877740627647,0.0025122259372344566,0.9974877740627647
0,1,0.22392647942441324,0.7760735205755884,0.7760735205755884
0,0,0.9776372127715451,0.022362787228453623,0.9776372127715451
0,0,0.9860359151916973,0.013964084808302472,0.9860359151916973
0,1,0.2337293084606762,0.7662706915393241,0.7662706915393241
0,0,0.9854648225895586,0.01453517741044097,0.9854648225895586
0,0,0.932065298226118,0.06793470177388199,0.932065298226118
0,1,0.4826097274093245,0.5173902725906744,0.5173902725906744
0,0,0.98206177341331,0.017938226586689473,0.98206177341331
0,0,0.9145001364893004,0.08549986351069819,0.9145001364893004
0,0,0.9925754501913892,0.007424549808611676,0.9925754501913892
0,0,0.9890009032279419,0.010999096772056856,0.9890009032279419
0,0,0.9798104476788416,0.020189552321156812,0.9798104476788416
0,0,0.9967749467772096,0.003225053222789889,0.9967749467772096
0,0,0.9568315276360139,0.04316847236398502,0.9568315276360139
0,0,0.9709903871538693,0.02900961284612958,0.9709903871538693
0,0,0.9813272638351175,0.01867273616488206,0.9813272638351175
0,0,0.9197598669953863,0.08024013300461386,0.9197598669953863
0,0,0.9877275733385771,0.012272426661424517,0.9877275733385771
0,0,0.9877224312575666,0.012277568742432843,0.9877224312575666
1,0,0.5604423700528387,0.4395576299471627,0.5604423700528387
0,0,0.9794695409316142,0.020530459068386332,0.9794695409316142
0,0,0.9782605882056403,0.02173941179435864,0.9782605882056403
1,0,0.5250373166357253,0.47496268336427605,0.5250373166357253
0,0,0.9937942043084527,0.00620579569154772,0.9937942043084527
0,0,0.9785983165245344,0.02140168347546715,0.9785983165245344
0,0,0.933065370807635,0.06693462919236577,0.933065370807635
0,0,0.5808562931458325,0.41914370685416685,0.5808562931458325
0,0,0.8713920990439298,0.1286079009560708,0.8713920990439298
0,0,0.9143308639656598,0.08566913603434001,0.9143308639656598
0,0,0.9834609582716406,0.016539041728360265,0.9834609582716406
0,0,0.6917796330344419,0.3082203669655566,0.6917796330344419
0,0,0.883982620027958,0.11601737997204317,0.883982620027958
0,1,0.08894218345545384,0.9110578165445475,0.9110578165445475
0,0,0.9307463840459445,0.06925361595405496,0.9307463840459445
0,0,0.9482800721510422,0.05171992784895949,0.9482800721510422
0,0,0.9908891042221669,0.009110895777833148,0.9908891042221669
0,0,0.9021705007742564,0.09782949922574317,0.9021705007742564
0,0,0.9182097318573524,0.08179026814264863,0.9182097318573524
0,0,0.9807735376405685,0.019226462359431443,0.9807735376405685
0,0,0.9964165392743404,0.003583460725658636,0.9964165392743404
0,0,0.9213079803052848,0.07869201969471543,0.9213079803052848
0,0,0.929989197773411,0.07001080222658845,0.929989197773411
0,0,0.9924534274969778,0.007546572503023528,0.9924534274969778
0,0,0.9486752423810784,0.05132475761892169,0.9486752423810784
0,0,0.9402359920765766,0.05976400792342299,0.9402359920765766
0,0,0.9496527131966638,0.050347286803336146,0.9496527131966638
0,0,0.9648880157379602,0.0351119842620401,0.9648880157379602
0,1,0.13945239210764662,0.8605476078923536,0.8605476078923536
0,0,0.9302515707919498,0.0697484292080495,0.9302515707919498
1,0,0.9923668550764081,0.007633144923593469,0.9923668550764081
0,0,0.7687327588310628,0.23126724116893604,0.7687327588310628
0,0,0.9683616733320383,0.03163832666796172,0.9683616733320383
0,0,0.9909192199848567,0.009080780015142382,0.9909192199848567
0,0,0.9224582438356602,0.0775417561643403,0.9224582438356602
0,0,0.7768065411351811,0.2231934588648185,0.7768065411351811
0,0,0.9673390234147493,0.03266097658525204,0.9673390234147493
0,0,0.9741809234831265,0.025819076516873027,0.9741809234831265
0,0,0.9963938143972402,0.0036061856027591686,0.9963938143972402
0,0,0.9948164421797699,0.0051835578202296265,0.9948164421797699
0,0,0.9616665106948485,0.03833348930515313,0.9616665106948485
0,0,0.9876605877727569,0.01233941222724378,0.9876605877727569
0,0,0.9357212236729471,0.06427877632705407,0.9357212236729471
0,0,0.9039048596751846,0.09609514032481499,0.9039048596751846
0,0,0.9728936558379709,0.02710634416202807,0.9728936558379709
1,0,0.8641477681990987,0.1358522318009018,0.8641477681990987
0,0,0.7240435164827028,0.2759564835172962,0.7240435164827028
0,0,0.8712072921144765,0.12879270788552422,0.8712072921144765
0,0,0.9803411924772626,0.019658807522737718,0.9803411924772626
0,0,0.9883507980486365,0.01164920195136358,0.9883507980486365
0,0,0.8476792737777442,0.15232072622225534,0.8476792737777442
0,0,0.9980951400094876,0.0019048599905118551,0.9980951400094876
0,0,0.8037478254622258,0.19625217453777502,0.8037478254622258
0,0,0.9654201749226861,0.034579825077314386,0.9654201749226861
0,0,0.717322558057157,0.2826774419428437,0.717322558057157
0,0,0.7558562780076326,0.2441437219923682,0.7558562780076326
0,0,0.9517738572307387,0.048226142769260724,0.9517738572307387
0,0,0.8758545439127559,0.1241454560872448,0.8758545439127559
0,0,0.994792354198394,0.005207645801606147,0.994792354198394
0,0,0.9322504430769459,0.06774955692305482,0.9322504430769459
0,0,0.9968175515883967,0.003182448411603455,0.9968175515883967
0,0,0.9988678210353343,0.001132178964664001,0.9988678210353343
0,0,0.9931231648321055,0.006876835167893112,0.9931231648321055
0,0,0.9894820146108186,0.010517985389179628,0.9894820146108186
0,0,0.9755053613976895,0.024494638602309122,0.9755053613976895
0,0,0.9834067919360704,0.016593208063929613,0.9834067919360704
0,0,0.9975663792986166,0.0024336207013820935,0.9975663792986166
0,0,0.9917320788433182,0.008267921156680692,0.9917320788433182
0,0,0.9939417354679523,0.006058264532046892,0.9939417354679523
0,0,0.9276487798329361,0.07235122016706291,0.9276487798329361
0,0,0.9887609479453248,0.011239052054674575,0.9887609479453248
0,0,0.7549623034932614,0.24503769650674012,0.7549623034932614
0,0,0.9775011228314219,0.02249887716857794,0.9775011228314219
1,0,0.6868009870190999,0.31319901298090164,0.6868009870190999
0,0,0.9824587263802448,0.01754127361975613,0.9824587263802448
0,0,0.6032014747376695,0.39679852526232917,0.6032014747376695
1,0,0.8758413411619012,0.12415865883809796,0.8758413411619012
0,0,0.9873362558577573,0.012663744142243877,0.9873362558577573
0,0,0.8630374636773926,0.13696253632260558,0.8630374636773926
1,1,0.289896692100663,0.7101033078993373,0.7101033078993373
0,1,0.1482250168519844,0.8517749831480161,0.8517749831480161
0,0,0.9077049682895307,0.09229503171046956,0.9077049682895307
0,0,0.9293482144694308,0.07065178553056828,0.9293482144694308
0,0,0.7466889041892365,0.25331109581076455,0.7466889041892365
0,0,0.7873498404115135,0.21265015958848796,0.7873498404115135
0,0,0.9688966338873853,0.03110336611261467,0.9688966338873853
1,1,0.23822493010352927,0.7617750698964704,0.7617750698964704
0,0,0.774931066290982,0.22506893370901937,0.774931066290982
1,1,0.491886175208077,0.5081138247919219,0.5081138247919219
0,0,0.9929033734443851,0.007096626555614226,0.9929033734443851
1,0,0.5998890191145332,0.40011098088546815,0.5998890191145332
0,0,0.9242485522792875,0.07575144772071248,0.9242485522792875
0,0,0.9982485584090642,0.0017514415909363405,0.9982485584090642
0,0,0.9944222037829598,0.005577796217040614,0.9944222037829598
0,0,0.9882282518167838,0.011771748183216878,0.9882282518167838
0,0,0.9383029687461852,0.061697031253816315,0.9383029687461852
0,0,0.9362788375781146,0.06372116242188586,0.9362788375781146
0,0,0.9549253230163676,0.045074676983632954,0.9549253230163676
0,0,0.9679848425944294,0.03201515740557234,0.9679848425944294
0,0,0.8268179623508535,0.17318203764914808,0.8268179623508535
0,0,0.9932998320868904,0.006700167913109252,0.9932998320868904
0,0,0.9605216991067304,0.039478300893267995,0.9605216991067304
0,0,0.9276651198226314,0.07233488017737039,0.9276651198226314
0,0,0.971542065879965,0.02845793412003564,0.971542065879965
1,1,0.16557345924876496,0.8344265407512336,0.8344265407512336
0,0,0.9314996215035732,0.0685003784964274,0.9314996215035732
0,0,0.9353822379105818,0.06461776208941751,0.9353822379105818
0,0,0.9259900261982961,0.07400997380170321,0.9259900261982961
0,0,0.9983623269025261,0.0016376730974739875,0.9983623269025261
1,1,0.46238126522134754,0.5376187347786523,0.5376187347786523
0,0,0.9702985042907809,0.02970149570922045,0.9702985042907809
0,0,0.8239321474609428,0.1760678525390583,0.8239321474609428
0,0,0.9735106873602866,0.026489312639714324,0.9735106873602866
0,0,0.9675306922319427,0.032469307768056746,0.9675306922319427
0,0,0.9125284804530737,0.08747151954692646,0.9125284804530737
0,0,0.908374511454265,0.0916254885457348,0.908374511454265
0,0,0.9908563820954467,0.009143617904554176,0.9908563820954467
0,0,0.8319625811917342,0.16803741880826695,0.8319625811917342
0,0,0.9961945349566311,0.0038054650433687782,0.9961945349566311
0,0,0.9885991078275899,0.011400892172410127,0.9885991078275899
0,0,0.9451598774527932,0.0548401225472073,0.9451598774527932
0,1,0.14348360673616734,0.8565163932638317,0.8565163932638317
1,0,0.8834451475637383,0.11655485243626162,0.8834451475637383
0,0,0.9902848676213226,0.00971513237867662,0.9902848676213226
1,1,0.06318113728556879,0.9368188627144327,0.9368188627144327
0,0,0.9108514202347582,0.08914857976524178,0.9108514202347582
0,0,0.945745899534364,0.05425410046563583,0.945745899534364
1,1,0.021312004460571226,0.9786879955394303,0.9786879955394303
0,1,0.06698901094554364,0.9330109890544551,0.9330109890544551
0,0,0.9776831625242133,0.0223168374757871,0.9776831625242133
0,0,0.7622010063699319,0.23779899363006862,0.7622010063699319
0,0,0.9843839895412148,0.015616010458785464,0.9843839895412148
0,0,0.9883047908047525,0.011695209195249238,0.9883047908047525
0,1,0.19057924063272277,0.8094207593672756,0.8094207593672756
0,0,0.9831125292663183,0.01688747073368115,0.9831125292663183
0,0,0.9902071132872837,0.009792886712716503,0.9902071132872837
0,0,0.8892264176108402,0.11077358238915933,0.8892264176108402
0,1,0.21247259046862865,0.7875274095313727,0.7875274095313727
0,0,0.5008728466827377,0.49912715331726265,0.5008728466827377
0,0,0.9549229914420967,0.0450770085579031,0.9549229914420967
0,0,0.9940255232909535,0.0059744767090447164,0.9940255232909535
0,0,0.9710309091820363,0.0289690908179654,0.9710309091820363
0,0,0.9397746146577276,0.06022538534227358,0.9397746146577276
1,1,0.48064161108095915,0.5193583889190414,0.5193583889190414
0,0,0.9853293973470015,0.014670602652998592,0.9853293973470015
0,0,0.9799648181421863,0.02003518185781238,0.9799648181421863
0,0,0.9973231139546027,0.0026768860453967687,0.9973231139546027
0,0,0.989248257986594,0.01075174201340577,0.989248257986594
0,0,0.9931977612440099,0.006802238755990343,0.9931977612440099
0,0,0.7686546098809466,0.231345390119052,0.7686546098809466
0,0,0.9777902607432601,0.022209739256739736,0.9777902607432601
0,0,0.8439002149926486,0.15609978500734994,0.8439002149926486
0,0,0.9905537153346611,0.009446284665338036,0.9905537153346611
0,0,0.8211517627479946,0.1788482372520056,0.8211517627479946
1,1,0.45969649631250725,0.5403035036874935,0.5403035036874935
0,0,0.999007766376212,0.0009922336237872173,0.999007766376212
0,0,0.9213414417842507,0.07865855821574763,0.9213414417842507
0,0,0.99869723469864,0.001302765301359785,0.99869723469864
0,0,0.8275001049818713,0.1724998950181287,0.8275001049818713
0,0,0.9962807525315505,0.0037192474684498585,0.9962807525315505
1,1,0.06525380887361482,0.9347461911263869,0.9347461911263869
0,0,0.9958604397418672,0.004139560258133546,0.9958604397418672
0,1,0.15301206621835753,0.8469879337816416,0.8469879337816416
0,0,0.8356390371560183,0.16436096284397994,0.8356390371560183
0,0,0.988968378580912,0.011031621419087737,0.988968378580912
0,0,0.9806062802119813,0.019393719788018262,0.9806062802119813
0,0,0.9859023174842031,0.014097682515796328,0.9859023174842031
0,0,0.9640111485442648,0.03598885145573564,0.9640111485442648
0,0,0.9784955784905048,0.021504421509494623,0.9784955784905048
0,0,0.9462777257526799,0.05372227424732034,0.9462777257526799
0,0,0.9809272326925323,0.019072767307468277,0.9809272326925323
0,0,0.981598732120557,0.018401267879442147,0.981598732120557
0,0,0.9882001555500722,0.011799844449928189,0.9882001555500722
0,0,0.9830309307206719,0.01696906927932707,0.9830309307206719
0,0,0.9723401351662788,0.027659864833722844,0.9723401351662788
0,0,0.9962648384716365,0.0037351615283633655,0.9962648384716365
0,0,0.675133890520593,0.3248661094794075,0.675133890520593
0,0,0.9904780299876652,0.009521970012335575,0.9904780299876652
0,0,0.9063667768448775,0.09363322315512229,0.9063667768448775
0,0,0.9487662185096927,0.05123378149030746,0.9487662185096927
0,0,0.9975272126809416,0.0024727873190568297,0.9975272126809416
0,0,0.7080291997029526,0.2919708002970477,0.7080291997029526
0,0,0.9502022255979358,0.04979777440206354,0.9502022255979358
0,0,0.7901901958289659,0.2098098041710347,0.7901901958289659
0,0,0.9753882346809425,0.02461176531905666,0.9753882346809425
0,0,0.9720000933565929,0.02799990664340675,0.9720000933565929
1,0,0.7280784291040987,0.2719215708959023,0.7280784291040987
0,0,0.9935114598284555,0.006488540171543699,0.9935114598284555
0,1,0.3373816235746721,0.662618376425329,0.662618376425329
0,0,0.6158476826081507,0.3841523173918487,0.6158476826081507
0,0,0.6364509569723742,0.3635490430276266,0.6364509569723742
0,0,0.9816959122340607,0.01830408776593915,0.9816959122340607
1,0,0.9172501840153937,0.0827498159846059,0.9172501840153937
0,0,0.9155009223400764,0.08449907765992437,0.9155009223400764
0,0,0.9541458114962037,0.04585418850379742,0.9541458114962037
0,0,0.9778481936553607,0.022151806344640156,0.9778481936553607
1,0,0.9250248659748008,0.07497513402519874,0.9250248659748008
1,0,0.9116290723829729,0.08837092761702631,0.9116290723829729
0,0,0.9926930304221218,0.007306969577878254,0.9926930304221218
0,0,0.9437616732206465,0.05623832677935414,0.9437616732206465
0,0,0.7976084762650762,0.20239152373492214,0.7976084762650762
0,0,0.9757036496859478,0.02429635031405275,0.9757036496859478
1,1,0.1167863123608426,0.8832136876391559,0.8832136876391559
0,0,0.9863976169067702,0.013602383093228915,0.9863976169067702
0,0,0.9868826989193068,0.013117301080693195,0.9868826989193068
0,1,0.2549398924236277,0.7450601075763738,0.7450601075763738
0,0,0.9400168252283752,0.05998317477162409,0.9400168252283752
0,0,0.9742709961672403,0.025729003832760947,0.9742709961672403
0,0,0.9766709174299282,0.02332908257007254,0.9766709174299282
0,0,0.7512915771812648,0.24870842281873343,0.7512915771812648
0,0,0.8738300570069836,0.1261699429930166,0.8738300570069836
0,0,0.9912364052745668,0.008763594725433855,0.9912364052745668
0,0,0.9813900656277617,0.018609934372238873,0.9813900656277617
0,0,0.9713082872125065,0.02869171278749311,0.9713082872125065
0,0,0.9873692915792854,0.012630708420713668,0.9873692915792854
0,0,0.9441312340797019,0.055868765920296486,0.9441312340797019
0,0,0.9565186476716455,0.04348135232835581,0.9565186476716455
0,1,0.43449215061799484,0.5655078493820058,0.5655078493820058
1,0,0.9860293206391827,0.013970679360818977,0.9860293206391827
0,0,0.9610722925346464,0.03892770746535334,0.9610722925346464
0,0,0.6781298768608448,0.3218701231391558,0.6781298768608448
0,0,0.9623573035351244,0.03764269646487654,0.9623573035351244
0,0,0.9941554540190727,0.005844545980926683,0.9941554540190727
0,0,0.9924650963772674,0.007534903622732608,0.9924650963772674
0,0,0.9639085071667294,0.03609149283327089,0.9639085071667294
0,0,0.9475561276411711,0.05244387235882716,0.9475561276411711
0,0,0.9632286101095509,0.0367713898904478,0.9632286101095509
0,0,0.9181391213223007,0.08186087867769941,0.9181391213223007
0,0,0.9252441631719466,0.07475583682805477,0.9252441631719466
0,0,0.9519703435600035,0.04802965643999702,0.9519703435600035
0,0,0.9775983272296808,0.022401672770320163,0.9775983272296808
0,0,0.8681931770062536,0.13180682299374688,0.8681931770062536
0,0,0.9433247986213544,0.0566752013786451,0.9433247986213544
0,0,0.9800776753926823,0.01992232460731804,0.9800776753926823
0,0,0.9583661550270308,0.04163384497296926,0.9583661550270308
0,0,0.823126950779204,0.17687304922079536,0.823126950779204
0,0,0.6670956063535521,0.33290439364644714,0.6670956063535521
0,0,0.9941207902453791,0.005879209754620442,0.9941207902453791
0,0,0.99243425239575,0.007565747604250498,0.99243425239575
0,0,0.8688753541121609,0.1311246458878384,0.8688753541121609
0,0,0.9874622851433523,0.012537714856648006,0.9874622851433523
0,0,0.9672249931889764,0.03277500681102546,0.9672249931889764
0,0,0.9442034525910976,0.05579654740890146,0.9442034525910976
1,1,0.09831132207056648,0.9016886779294343,0.9016886779294343
0,0,0.9259683259562289,0.07403167404377146,0.9259683259562289
0,0,0.7156211853182144,0.2843788146817856,0.7156211853182144
0,0,0.9131351987449093,0.0868648012550907,0.9131351987449093
0,0,0.9843260231453297,0.015673976854671548,0.9843260231453297
0,0,0.745317292673054,0.2546827073269449,0.745317292673054
0,0,0.9897477795225026,0.010252220477497924,0.9897477795225026
1,0,0.9737369630785064,0.02626303692149373,0.9737369630785064
0,0,0.8325082535048237,0.16749174649517456,0.8325082535048237
0,0,0.9860843502275151,0.013915649772485666,0.9860843502275151
0,0,0.9671658803117341,0.03283411968826501,0.9671658803117341
0,0,0.9962598264321711,0.003740173567828713,0.9962598264321711
0,1,0.34767431932566417,0.6523256806743353,0.6523256806743353
0,0,0.9380828587619092,0.061917141238090376,0.9380828587619092
0,0,0.9869227222477064,0.013077277752292818,0.9869227222477064
1,1,0.22890622574335828,0.7710937742566409,0.7710937742566409
0,0,0.7508308984357009,0.24916910156430042,0.7508308984357009
1,0,0.9747609951652609,0.025239004834739735,0.9747609951652609
0,0,0.9973710239115389,0.0026289760884607035,0.9973710239115389
0,1,0.30354880064318435,0.6964511993568141,0.6964511993568141
0,0,0.9330111892166132,0.06698881078338706,0.9330111892166132
0,0,0.9724227295237943,0.027577270476205482,0.9724227295237943
0,0,0.9673733298407599,0.032626670159238515,0.9673733298407599
1,1,0.4183468105609928,0.581653189439006,0.581653189439006
0,0,0.9923914686380011,0.007608531361998605,0.9923914686380011
0,0,0.991776304792999,0.00822369520700092,0.991776304792999
0,0,0.9965861990058629,0.0034138009941378027,0.9965861990058629
0,0,0.7656839029725802,0.23431609702741935,0.7656839029725802
0,0,0.9929358095501484,0.007064190449851082,0.9929358095501484
0,0,0.9336505315281347,0.06634946847186565,0.9336505315281347
0,0,0.9969945420495168,0.003005457950483164,0.9969945420495168
0,0,0.9932249781470849,0.0067750218529165,0.9932249781470849
0,0,0.9698211895760542,0.030178810423944054,0.9698211895760542
1,1,0.11745873052286618,0.8825412694771354,0.8825412694771354
0,0,0.8364295857877833,0.16357041421221752,0.8364295857877833
0,0,0.917921882682546,0.08207811731745429,0.917921882682546
0,0,0.914247923112813,0.08575207688718577,0.914247923112813
0,0,0.9615814761151193,0.038418523884882365,0.9615814761151193
0,0,0.564229949086571,0.43577005091342746,0.564229949086571
0,0,0.9963629561165446,0.0036370438834566476,0.9963629561165446
1,0,0.996671618748262,0.0033283812517394622,0.996671618748262
0,0,0.99243425239575,0.007565747604250498,0.99243425239575
0,0,0.9019837590292871,0.0980162409707129,0.9019837590292871
0,0,0.9986470191935428,0.0013529808064565573,0.9986470191935428
1,1,0.2609269829966029,0.7390730170033966,0.7390730170033966
0,0,0.997039484661699,0.0029605153383012164,0.997039484661699
0,0,0.8767419233276286,0.12325807667237088,0.8767419233276286
0,0,0.8997739717070193,0.10022602829298241,0.8997739717070193
0,0,0.9039518364395158,0.09604816356048482,0.9039518364395158
1,0,0.6961826637228317,0.3038173362771679,0.6961826637228317
0,0,0.9283639222373918,0.07163607776260983,0.9283639222373918
0,0,0.9093106181974681,0.09068938180253046,0.9093106181974681
0,0,0.983108343416713,0.01689165658328677,0.983108343416713
0,0,0.950909031047075,0.04909096895292506,0.950909031047075
0,1,0.47707277020842787,0.5229272297915714,0.5229272297915714
0,0,0.8295700226920001,0.17042997730799977,0.8295700226920001
0,0,0.8512122597241982,0.14878774027580233,0.8512122597241982
0,0,0.8529769076555421,0.14702309234445893,0.8529769076555421
0,0,0.9877158080864056,0.01228419191359495,0.9877158080864056
0,0,0.98606565084261,0.01393434915739065,0.98606565084261
0,1,0.4191834120532709,0.5808165879467294,0.5808165879467294
0,0,0.9906427274491919,0.009357272550807247,0.9906427274491919
0,0,0.9010883926729973,0.09891160732700424,0.9010883926729973
0,0,0.9984556373430397,0.001544362656959679,0.9984556373430397
0,0,0.9858848763008694,0.01411512369913116,0.9858848763008694
1,1,0.0877949159664323,0.9122050840335661,0.9122050840335661
0,0,0.7434207127585027,0.25657928724149887,0.7434207127585027
0,0,0.9972243562747929,0.0027756437252077783,0.9972243562747929
0,0,0.888130922905168,0.11186907709483034,0.888130922905168
0,0,0.995513254111845,0.004486745888155451,0.995513254111845
0,0,0.8965789988814181,0.10342100111858141,0.8965789988814181
0,0,0.9929747139225003,0.007025286077500397,0.9929747139225003
0,0,0.565818747619752,0.43418125238024957,0.565818747619752
0,0,0.9378541364145143,0.06214586358548733,0.9378541364145143
0,0,0.9361629878709917,0.06383701212900855,0.9361629878709917
0,0,0.9924853432460552,0.007514656753944207,0.9924853432460552
0,0,0.9927094829314221,0.007290517068576955,0.9927094829314221
0,0,0.9934882873369091,0.006511712663089688,0.9934882873369091
0,0,0.6642896954089913,0.3357103045910074,0.6642896954089913
0,0,0.9708888838670828,0.029111116132918228,0.9708888838670828
0,0,0.9971605556206872,0.0028394443793127587,0.9971605556206872
0,0,0.9706189026286574,0.02938109737134258,0.9706189026286574
0,0,0.8759617382050053,0.12403826179499484,0.8759617382050053
0,0,0.7858202305699056,0.21417976943009298,0.7858202305699056
0,0,0.9071855625949716,0.09281443740502895,0.9071855625949716
0,0,0.811714053051796,0.18828594694820425,0.811714053051796
0,0,0.9462772709119279,0.05372272908807121,0.9462772709119279
0,0,0.992383312647448,0.007616687352553289,0.992383312647448
0,0,0.9692435111201325,0.030756488879867334,0.9692435111201325
0,0,0.8125120801359808,0.18748791986401847,0.8125120801359808
0,1,0.26660547256223455,0.7333945274377647,0.7333945274377647
0,0,0.9948283900599149,0.005171609940084226,0.9948283900599149
0,0,0.9980500773059783,0.0019499226940213298,0.9980500773059783
0,0,0.7156471517473858,0.28435284825261364,0.7156471517473858
1,1,0.012409129806295993,0.9875908701937025,0.9875908701937025
0,0,0.9247746533972828,0.07522534660271676,0.9247746533972828
0,0,0.9757962602303114,0.024203739769687278,0.9757962602303114
1,0,0.9946052302997128,0.005394769700286813,0.9946052302997128
0,0,0.8487673230489322,0.1512326769510665,0.8487673230489322
0,0,0.5113593478631647,0.48864065213683405,0.5113593478631647
0,0,0.8710164816570812,0.12898351834291924,0.8710164816570812
1,0,0.992984919243471,0.007015080756528335,0.992984919243471
1,0,0.9703934563379436,0.029606543662057682,0.9703934563379436
0,0,0.8667323981425255,0.13326760185747288,0.8667323981425255
0,0,0.9325535971768943,0.06744640282310436,0.9325535971768943
0,0,0.814534484221586,0.18546551577841514,0.814534484221586
0,0,0.8673770015394304,0.132622998460571,0.8673770015394304
0,0,0.9661185537806054,0.033881446219395005,0.9661185537806054
0,0,0.9978790841839276,0.002120915816073033,0.9978790841839276
0,1,0.05199907161126316,0.9480009283887368,0.9480009283887368
0,0,0.8983633321118448,0.10163666788815684,0.8983633321118448
0,0,0.9641287651387161,0.03587123486128408,0.9641287651387161
0,0,0.8259080079842562,0.1740919920157441,0.8259080079842562
0,0,0.9987091950883153,0.0012908049116839826,0.9987091950883153
0,0,0.7305417290669972,0.2694582709330039,0.7305417290669972
0,0,0.959572329279027,0.04042767072097203,0.959572329279027
0,0,0.8434896906523236,0.15651030934767657,0.8434896906523236
0,0,0.9374856297932462,0.06251437020675224,0.9374856297932462
0,0,0.6476683784386547,0.3523316215613455,0.6476683784386547
1,0,0.9962412402377597,0.0037587597622397145,0.9962412402377597
0,0,0.9577791336294809,0.04222086637051853,0.9577791336294809
0,0,0.9769377200473657,0.02306227995263377,0.9769377200473657
0,0,0.9754855381675019,0.02451446183249883,0.9754855381675019
0,0,0.9883400863257776,0.01165991367422228,0.9883400863257776
0,0,0.88945811437149,0.11054188562850965,0.88945811437149
0,0,0.9743787119291588,0.025621288070841228,0.9743787119291588
0,0,0.9933373658671004,0.006662634132897882,0.9933373658671004
0,0,0.9877587851175286,0.012241214882471348,0.9877587851175286
0,1,0.4772179513527902,0.5227820486472088,0.5227820486472088
0,1,0.43280516429399657,0.5671948357060048,0.5671948357060048
0,0,0.9550606386696219,0.04493936133037788,0.9550606386696219
0,0,0.9615844126192848,0.03841558738071553,0.9615844126192848
0,0,0.9545064494520413,0.04549355054796005,0.9545064494520413
0,0,0.9877590680681474,0.012240931931850853,0.9877590680681474
1,0,0.9721511990302497,0.02784880096975001,0.9721511990302497
0,0,0.9972683087207245,0.0027316912792741677,0.9972683087207245
0,0,0.8891503826165102,0.11084961738348972,0.8891503826165102
1,0,0.7763415425373252,0.22365845746267515,0.7763415425373252
0,0,0.9879112149123144,0.012088785087684552,0.9879112149123144
0,0,0.933103359745251,0.06689664025474787,0.933103359745251
0,0,0.9908264577654708,0.009173542234528745,0.9908264577654708
0,0,0.9909261649025213,0.009073835097479459,0.9909261649025213
0,0,0.9630405319998,0.03695946800020053,0.9630405319998
0,0,0.9979743491398503,0.002025650860150194,0.9979743491398503
0,0,0.8704728573552878,0.1295271426447126,0.8704728573552878
0,0,0.8753238027917196,0.12467619720828134,0.8753238027917196
0,0,0.9967243534108071,0.0032756465891919944,0.9967243534108071
0,0,0.9207898446280334,0.07921015537196614,0.9207898446280334
0,0,0.9965342669033646,0.0034657330966350354,0.9965342669033646
0,0,0.9912926826212725,0.008707317378727677,0.9912926826212725
1,0,0.9583895267780737,0.041610473221925716,0.9583895267780737
0,0,0.97741832455721,0.022581675442789974,0.97741832455721
0,0,0.9193261559543686,0.08067384404563165,0.9193261559543686
0,0,0.7141647077881528,0.28583529221184756,0.7141647077881528
0,0,0.904241641074764,0.09575835892523614,0.904241641074764
0,0,0.9968779274650501,0.003122072534950448,0.9968779274650501
0,0,0.5440147606682821,0.4559852393317194,0.5440147606682821
0,0,0.9234971594870497,0.07650284051295111,0.9234971594870497
0,0,0.994168879678196,0.00583112032180219,0.994168879678196
0,0,0.9824435594068995,0.017556440593100072,0.9824435594068995
0,0,0.9591149794189107,0.040885020581088394,0.9591149794189107
0,0,0.7364457658020527,0.2635542341979488,0.7364457658020527
0,0,0.9953878998980188,0.004612100101981807,0.9953878998980188
0,0,0.8757028397217703,0.1242971602782299,0.8757028397217703
0,0,0.9960035972943936,0.003996402705606554,0.9960035972943936
1,1,0.033026416572942086,0.9669735834270576,0.9669735834270576
0,0,0.940520417563353,0.059479582436648346,0.940520417563353
0,0,0.8914566277131137,0.10854337228688574,0.8914566277131137
0,0,0.9099141106455165,0.09008588935448403,0.9099141106455165
0,0,0.9649683827699885,0.03503161723001286,0.9649683827699885
0,0,0.9947029711899489,0.005297028810050461,0.9947029711899489
0,0,0.9835529716035739,0.016447028396425367,0.9835529716035739
0,0,0.9643833776593671,0.035616622340632606,0.9643833776593671
1,1,0.13199145088255035,0.8680085491174485,0.8680085491174485
0,0,0.9963641716728499,0.003635828327149964,0.9963641716728499
0,0,0.9994543090367729,0.0005456909632260216,0.9994543090367729
0,0,0.5476162689968245,0.4523837310031754,0.5476162689968245
0,0,0.9592228735538887,0.04077712644610969,0.9592228735538887
0,0,0.884758362524014,0.11524163747598669,0.884758362524014
0,0,0.9961881913013141,0.0038118086986856313,0.9961881913013141
0,0,0.9405094600235713,0.05949053997642949,0.9405094600235713
0,0,0.9047429339328233,0.09525706606717672,0.9047429339328233
0,0,0.9629538331791156,0.037046166820884116,0.9629538331791156
0,0,0.9941662986826815,0.00583370131731772,0.9941662986826815
0,0,0.648177420818741,0.35182257918125837,0.648177420818741
0,0,0.8353234067571444,0.16467659324285527,0.8353234067571444
0,0,0.9781956026667986,0.0218043973332028,0.9781956026667986
0,0,0.9950698692661208,0.004930130733879386,0.9950698692661208
0,0,0.9560592052040228,0.04394079479597621,0.9560592052040228
0,0,0.8741538831513834,0.12584611684861632,0.8741538831513834
1,0,0.9447633048672115,0.05523669513278864,0.9447633048672115
0,0,0.9572675975347452,0.04273240246525501,0.9572675975347452
0,1,0.12105235430244486,0.8789476456975537,0.8789476456975537
0,0,0.8442438358778335,0.15575616412216609,0.8442438358778335
0,0,0.8840571970363389,0.11594280296366172,0.8840571970363389
0,0,0.9577625816468459,0.04223741835315401,0.9577625816468459
0,0,0.7502483358336436,0.24975166416635608,0.7502483358336436
0,0,0.9992888528309709,0.0007111471690294791,0.9992888528309709
0,0,0.9891435110908239,0.010856488909176636,0.9891435110908239
0,0,0.8358900554290813,0.16410994457091874,0.8358900554290813
1,1,0.02549614258722675,0.9745038574127729,0.9745038574127729
0,1,0.35069340283301714,0.6493065971669824,0.6493065971669824
0,0,0.9997546212294244,0.0002453787705752059,0.9997546212294244
0,0,0.7959367863137501,0.2040632136862501,0.7959367863137501
0,1,0.056458388779574514,0.9435416112204272,0.9435416112204272
0,0,0.9953755261054734,0.004624473894526515,0.9953755261054734
0,0,0.9515708317262686,0.04842916827372997,0.9515708317262686
0,0,0.997405909414856,0.0025940905851428876,0.997405909414856
0,0,0.9983046952099982,0.0016953047900014294,0.9983046952099982
0,0,0.9588675445044179,0.04113245549558133,0.9588675445044179
0,0,0.9607906692563748,0.03920933074362456,0.9607906692563748
0,0,0.9372047992460779,0.06279520075392349,0.9372047992460779
0,0,0.9353711231074379,0.06462887689256228,0.9353711231074379
0,0,0.9434450641919327,0.056554935808067995,0.9434450641919327
0,0,0.9718935614347067,0.028106438565292293,0.9718935614347067
0,0,0.9361593239214437,0.06384067607855544,0.9361593239214437
1,1,0.007090048838089264,0.9929099511619124,0.9929099511619124
0,0,0.9692447050702141,0.030755294929786636,0.9692447050702141
0,0,0.9943618554157652,0.005638144584234482,0.9943618554157652
0,0,0.5931293718214452,0.40687062817855635,0.5931293718214452
0,0,0.9844060782209245,0.015593921779074735,0.9844060782209245
0,1,0.12731159207709192,0.8726884079229096,0.8726884079229096
0,1,0.39737992100829544,0.6026200789917054,0.6026200789917054
1,0,0.9232535516983958,0.076746448301605,0.9232535516983958
1,0,0.9564182187945427,0.043581781205458026,0.9564182187945427
0,0,0.9839151347549444,0.016084865245055435,0.9839151347549444
0,0,0.9427176794815509,0.05728232051844958,0.9427176794815509
0,0,0.5512640435480388,0.4487359564519602,0.5512640435480388
0,0,0.9911684949016769,0.008831505098323715,0.9911684949016769
0,0,0.9815909647531621,0.01840903524683613,0.9815909647531621
0,0,0.9454438745298872,0.05455612547011353,0.9454438745298872
0,0,0.9803897100273506,0.019610289972648885,0.9803897100273506
0,0,0.9866574060221973,0.013342593977802608,0.9866574060221973
1,0,0.666117071156039,0.3338829288439596,0.666117071156039
0,0,0.9342395964435033,0.06576040355649805,0.9342395964435033
0,0,0.9085773193067628,0.09142268069323743,0.9085773193067628
0,0,0.9530433087165445,0.046956691283455795,0.9530433087165445
0,0,0.987104897644397,0.012895102355603517,0.987104897644397
0,0,0.9804889368956777,0.019511063104321838,0.9804889368956777
0,0,0.9715288325829673,0.02847116741703122,0.9715288325829673
0,0,0.9696957140677449,0.030304285932254742,0.9696957140677449
0,0,0.9929119917741656,0.007088008225834514,0.9929119917741656
0,0,0.9975961652274268,0.002403834772572464,0.9975961652274268
0,0,0.8451586696125246,0.1548413303874752,0.8451586696125246
0,1,0.46898869088670203,0.5310113091132963,0.5310113091132963
0,0,0.9659160881925986,0.03408391180740276,0.9659160881925986
0,0,0.9524979749559902,0.047502025044009806,0.9524979749559902
0,1,0.41827039387737136,0.5817296061226304,0.5817296061226304
0,0,0.9457061842765655,0.054293815723434315,0.9457061842765655
0,0,0.9944775059787131,0.005522494021286104,0.9944775059787131
1,0,0.7897057595238683,0.2102942404761326,0.7897057595238683
0,1,0.2862904033693527,0.7137095966306471,0.7137095966306471
0,0,0.9333551874441028,0.06664481255589771,0.9333551874441028
0,0,0.9971627312007846,0.0028372687992151116,0.9971627312007846
0,1,0.4794198182579736,0.5205801817420255,0.5205801817420255
0,0,0.9684772234232039,0.03152277657679613,0.9684772234232039
0,0,0.7606692121200446,0.2393307878799544,0.7606692121200446
0,0,0.9065573490694785,0.09344265093051989,0.9065573490694785
0,0,0.825703274612872,0.1742967253871264,0.825703274612872
0,0,0.9589417164416951,0.04105828355830367,0.9589417164416951
0,0,0.9923634725554433,0.007636527444556738,0.9923634725554433
0,0,0.941364549329318,0.058635450670682335,0.941364549329318
0,0,0.9899694811288589,0.010030518871140258,0.9899694811288589
0,0,0.967691015787549,0.03230898421245019,0.967691015787549
0,0,0.9755315181058585,0.02446848189414114,0.9755315181058585
0,0,0.9955292759279554,0.0044707240720443485,0.9955292759279554
0,0,0.9879369563299283,0.012063043670073456,0.9879369563299283
1,1,0.39157865726303637,0.6084213427369645,0.6084213427369645
0,0,0.9132467758757756,0.08675322412422604,0.9132467758757756
1,0,0.9737420599282559,0.026257940071744798,0.9737420599282559
0,0,0.948247663696311,0.05175233630368881,0.948247663696311
0,0,0.9827681145453954,0.01723188545460605,0.9827681145453954
1,1,0.4854467645124374,0.5145532354875627,0.5145532354875627
0,0,0.9650659697820472,0.0349340302179524,0.9650659697820472
0,0,0.9543185740920079,0.045681425907992894,0.9543185740920079
0,0,0.9334184911874452,0.06658150881255374,0.9334184911874452
0,0,0.9931983669807941,0.006801633019205549,0.9931983669807941
0,0,0.9845176571804387,0.01548234281956065,0.9845176571804387
0,0,0.8810728753351615,0.11892712466483883,0.8810728753351615
0,0,0.8809087655005654,0.11909123449943353,0.8809087655005654
0,0,0.7063068329766069,0.2936931670233929,0.7063068329766069
0,0,0.9875671973697188,0.012432802630280787,0.9875671973697188
0,0,0.9924691235144408,0.007530876485558688,0.9924691235144408
1,0,0.824482059633094,0.17551794036690613,0.824482059633094
0,0,0.9647359444210866,0.03526405557891183,0.9647359444210866
0,0,0.8823158075558982,0.11768419244410043,0.8823158075558982
0,0,0.9730593808988497,0.026940619101151173,0.9730593808988497
0,0,0.9469625985404684,0.05303740145953122,0.9469625985404684
0,0,0.9953554941995284,0.004644505800470326,0.9953554941995284
0,0,0.8312534929613088,0.16874650703869024,0.8312534929613088
0,0,0.9173933135491068,0.08260668645089259,0.9173933135491068
0,0,0.9917313518063617,0.008268648193638845,0.9917313518063617
0,0,0.9925800986591968,0.007419901340803691,0.9925800986591968
0,0,0.937547519550991,0.06245248044900834,0.937547519550991
0,0,0.8319116751551192,0.16808832484487995,0.8319116751551192
0,0,0.9771876296047411,0.022812370395257842,0.9771876296047411
0,0,0.9425395860734571,0.057460413926543386,0.9425395860734571
0,0,0.9935248113857632,0.006475188614237368,0.9935248113857632
0,0,0.9381116556828006,0.061888344317199924,0.9381116556828006
0,0,0.9797473299799745,0.020252670020027085,0.9797473299799745
0,0,0.9912789569645571,0.00872104303544378,0.9912789569645571
0,0,0.9806834319341721,0.019316568065826566,0.9806834319341721
0,0,0.8722091194967114,0.12779088050329007,0.8722091194967114
0,0,0.7607015893617891,0.23929841063821147,0.7607015893617891
0,0,0.9116284948224307,0.08837150517756921,0.9116284948224307
0,0,0.7827578793702245,0.21724212062977638,0.7827578793702245
0,0,0.8478643468844589,0.15213565311554153,0.8478643468844589
0,0,0.5021729258294242,0.4978270741705742,0.5021729258294242
0,0,0.7818031541391375,0.2181968458608634,0.7818031541391375
0,0,0.9776149297074989,0.022385070292501263,0.9776149297074989
1,0,0.7109039249060471,0.2890960750939525,0.7109039249060471
1,0,0.8829767707246339,0.1170232292753648,0.8829767707246339
0,0,0.9718074287434532,0.028192571256546256,0.9718074287434532
0,1,0.0089500831029057,0.9910499168970957,0.9910499168970957
0,0,0.8421593851000082,0.15784061489999193,0.8421593851000082
0,0,0.9764416687604025,0.023558331239597833,0.9764416687604025
0,0,0.9959131138147206,0.004086886185278427,0.9959131138147206
1,1,0.09443760413925707,0.9055623958607424,0.9055623958607424
0,0,0.829599192624637,0.17040080737536215,0.829599192624637
0,0,0.9983006545713838,0.0016993454286153265,0.9983006545713838
0,0,0.588530750537137,0.41146924946286473,0.588530750537137
0,0,0.9842073381980571,0.015792661801943792,0.9842073381980571
0,0,0.952231790345362,0.04776820965463648,0.952231790345362
0,0,0.9511968360094022,0.048803163990597316,0.9511968360094022
0,0,0.7815390336884713,0.21846096631153034,0.7815390336884713
0,0,0.918823127169767,0.08117687283023224,0.918823127169767
0,0,0.9895027799108679,0.010497220089132274,0.9895027799108679
0,0,0.5023988862966778,0.4976011137033223,0.5023988862966778
0,0,0.9801758073626473,0.019824192637351978,0.9801758073626473
1,1,0.007347954445682221,0.9926520455543175,0.9926520455543175
0,0,0.9708857532106616,0.02911424678933791,0.9708857532106616
1,0,0.6245766204503781,0.375423379549622,0.6245766204503781
0,0,0.9155631272482813,0.08443687275171959,0.9155631272482813
0,0,0.5611518581291602,0.43884814187084065,0.5611518581291602
0,0,0.9449994751705714,0.05500052482942867,0.9449994751705714
0,0,0.9650188181338226,0.034981181866177685,0.9650188181338226
0,0,0.8591220156943401,0.14087798430566145,0.8591220156943401
0,0,0.6520504765396267,0.34794952346037405,0.6520504765396267
0,0,0.9974229371603326,0.0025770628396685684,0.9974229371603326
0,0,0.9933484731082544,0.006651526891746272,0.9933484731082544
0,0,0.9348215309764127,0.0651784690235881,0.9348215309764127
0,0,0.7037387859255589,0.296261214074442,0.7037387859255589
0,0,0.9690203487900328,0.03097965120996678,0.9690203487900328
0,0,0.9202226734835574,0.07977732651644132,0.9202226734835574
0,0,0.9251850321628519,0.07481496783714742,0.9251850321628519
0,0,0.89795105245583,0.10204894754417118,0.89795105245583
0,0,0.968629434737039,0.03137056526295938,0.968629434737039
0,0,0.974831702591867,0.025168297408133897,0.974831702591867
0,0,0.8072929638991669,0.1927070361008322,0.8072929638991669
0,0,0.9865467222921386,0.013453277707861082,0.9865467222921386
0,0,0.9702776599171001,0.029722340082900166,0.9702776599171001
1,0,0.9389207285847652,0.06107927141523501,0.9389207285847652
1,1,0.35609384199634325,0.6439061580036565,0.6439061580036565
0,0,0.9947197826052558,0.0052802173947431984,0.9947197826052558
0,0,0.9676069041553276,0.03239309584467411,0.9676069041553276
0,0,0.9534351618663977,0.04656483813360238,0.9534351618663977
0,0,0.9462249253211702,0.05377507467883138,0.9462249253211702
0,0,0.9965584369664835,0.00344156303351643,0.9965584369664835
0,0,0.9786711077390535,0.0213288922609466,0.9786711077390535
0,0,0.9639105780363877,0.03608942196361136,0.9639105780363877
0,0,0.8463613800157352,0.15363861998426517,0.8463613800157352
0,0,0.9266534780303951,0.07334652196960541,0.9266534780303951
1,1,0.47478976089248137,0.5252102391075182,0.5252102391075182
0,0,0.9067467816491568,0.09325321835084327,0.9067467816491568
0,0,0.8136159726953617,0.18638402730463918,0.8136159726953617
0,0,0.9975921508309399,0.0024078491690608167,0.9975921508309399
0,1,0.2926848680817524,0.7073151319182491,0.7073151319182491
0,0,0.9470086307226679,0.052991369277332924,0.9470086307226679
0,0,0.992801145986883,0.007198854013117464,0.992801145986883
0,0,0.9482503206767635,0.051749679323236056,0.9482503206767635
0,0,0.9303082703048106,0.0696917296951897,0.9303082703048106
0,0,0.9925790120555908,0.007420987944408536,0.9925790120555908
0,0,0.9882997583747999,0.011700241625201007,0.9882997583747999
0,0,0.9724951229332965,0.027504877066703806,0.9724951229332965
0,0,0.9678586566543415,0.03214134334565719,0.9678586566543415
0,0,0.7763002290384082,0.22369977096159258,0.7763002290384082
0,0,0.9617263789619614,0.038273621038038476,0.9617263789619614
0,0,0.951782603209913,0.0482173967900868,0.951782603209913
0,0,0.9928165181607933,0.007183481839205832,0.9928165181607933
0,0,0.9836957984294903,0.016304201570511163,0.9836957984294903
0,0,0.7073342205860875,0.2926657794139136,0.7073342205860875
0,0,0.9640166278246411,0.03598337217536014,0.9640166278246411
0,0,0.993467808569843,0.006532191430156489,0.993467808569843
0,0,0.9598220392484949,0.0401779607515035,0.9598220392484949
0,0,0.9768196286773912,0.023180371322609014,0.9768196286773912
0,0,0.6980202523700557,0.301979747629946,0.6980202523700557
0,1,0.3613303791830234,0.6386696208169759,0.6386696208169759
1,1,0.052304550256991905,0.947695449743008,0.947695449743008
0,0,0.9822423101418942,0.017757689858105035,0.9822423101418942
0,0,0.9600098412270466,0.03999015877295165,0.9600098412270466
0,0,0.9045927877293842,0.09540721227061714,0.9045927877293842
0,0,0.9958563861693146,0.0041436138306868535,0.9958563861693146
0,0,0.9909692463938228,0.009030753606176058,0.9909692463938228
0,0,0.7187472044963209,0.28125279550368065,0.7187472044963209
0,0,0.834411026241132,0.16558897375886686,0.834411026241132
0,1,0.02079006872939186,0.9792099312706076,0.9792099312706076
0,0,0.9954620539245674,0.004537946075432009,0.9954620539245674
0,0,0.9944087370190001,0.005591262981000843,0.9944087370190001
0,0,0.9785447559986175,0.02145524400138188,0.9785447559986175
0,0,0.9356472052582782,0.06435279474172236,0.9356472052582782
0,0,0.8674063986868753,0.13259360131312492,0.8674063986868753
0,0,0.9760786198125756,0.023921380187422854,0.9760786198125756
0,0,0.9976408247632679,0.0023591752367305404,0.9976408247632679
1,0,0.9952042380938425,0.004795761906159042,0.9952042380938425
0,0,0.7305772457340357,0.2694227542659659,0.7305772457340357
0,0,0.9732788012199319,0.026721198780067932,0.9732788012199319
0,0,0.8972456181192779,0.1027543818807225,0.8972456181192779
0,0,0.995824489519221,0.004175510480778686,0.995824489519221
0,0,0.5806140806752703,0.41938591932472985,0.5806140806752703
0,0,0.8860450473593676,0.11395495264063146,0.8860450473593676
0,0,0.8785652664037547,0.12143473359624524,0.8785652664037547
0,0,0.8478274437670094,0.15217255623299134,0.8478274437670094
0,0,0.9353246880889681,0.0646753119110317,0.9353246880889681
0,0,0.90130566291346,0.09869433708654023,0.90130566291346
0,0,0.958711603596783,0.041288396403216736,0.958711603596783
0,0,0.7306982665025158,0.2693017334974833,0.7306982665025158
0,0,0.76737564823209,0.2326243517679105,0.76737564823209
0,0,0.9764432866982821,0.023556713301716405,0.9764432866982821
0,0,0.9770351863009777,0.022964813699023128,0.9770351863009777
0,0,0.5197892143577831,0.48021078564221603,0.5197892143577831
0,0,0.9866326204572132,0.013367379542786474,0.9866326204572132
0,0,0.9659369182587578,0.034063081741242375,0.9659369182587578
1,1,0.34190308568472605,0.6580969143152741,0.6580969143152741
0,0,0.8376076804379881,0.1623923195620109,0.8376076804379881
0,0,0.9586098455647499,0.04139015443524969,0.9586098455647499
0,0,0.990577069362919,0.009422930637082261,0.990577069362919
0,0,0.5284145789315909,0.4715854210684099,0.5284145789315909
0,0,0.9980303410976732,0.001969658902326896,0.9980303410976732
0,0,0.895225047437897,0.10477495256210166,0.895225047437897
0,0,0.7679518949625667,0.2320481050374334,0.7679518949625667
0,1,0.4421622258381503,0.5578377741618511,0.5578377741618511
0,0,0.9442558048611225,0.05574419513887607,0.9442558048611225
0,0,0.9199662829044293,0.08003371709557161,0.9199662829044293
1,0,0.6059909969862978,0.39400900301370245,0.6059909969862978
0,0,0.993201423674368,0.006798576325633272,0.993201423674368
0,0,0.9831763359534635,0.01682366404653658,0.9831763359534635
0,0,0.9582285727156291,0.041771427284371325,0.9582285727156291
0,0,0.655312175389202,0.34468782461079905,0.655312175389202
0,1,0.055507199970520636,0.9444928000294791,0.9444928000294791
0,0,0.943824188563698,0.056175811436303125,0.943824188563698
0,0,0.9870039968750209,0.012996003124979052,0.9870039968750209
0,0,0.9973235401826278,0.002676459817372492,0.9973235401826278
0,0,0.9627241022054287,0.03727589779457189,0.9627241022054287
0,0,0.9944816182771075,0.005518381722892403,0.9944816182771075
0,0,0.6227142260207053,0.37728577397929586,0.6227142260207053
0,0,0.9947370181852416,0.005262981814759001,0.9947370181852416
0,0,0.7698658418160975,0.23013415818390145,0.7698658418160975
0,0,0.8483886298941316,0.1516113701058681,0.8483886298941316
0,0,0.9929479940966119,0.007052005903387739,0.9929479940966119
0,0,0.9870810106028763,0.012918989397124214,0.9870810106028763
0,0,0.974086149485694,0.025913850514306485,0.974086149485694
0,0,0.9112366303767536,0.0887633696232472,0.9112366303767536
0,0,0.8602137005826394,0.13978629941736131,0.8602137005826394
1,0,0.8229913268338546,0.17700867316614705,0.8229913268338546
0,0,0.6325156402671468,0.3674843597328542,0.6325156402671468
0,0,0.9399790331703463,0.0600209668296545,0.9399790331703463
0,0,0.9979398934475585,0.002060106552440121,0.9979398934475585
0,0,0.9871966950189284,0.012803304981072152,0.9871966950189284
0,0,0.9483807599616484,0.051619240038351194,0.9483807599616484
0,0,0.8930835737677816,0.10691642623221997,0.8930835737677816
0,0,0.7820340644710476,0.2179659355289519,0.7820340644710476
0,0,0.7634333431977325,0.23656665680226793,0.7634333431977325
0,0,0.8582831124751097,0.14171688752488987,0.8582831124751097
0,1,0.08781973158338423,0.912180268416617,0.912180268416617
0,0,0.9829975981960075,0.01700240180399222,0.9829975981960075
0,0,0.9476607686694487,0.05233923133055055,0.9476607686694487
0,0,0.9316259630204032,0.06837403697959711,0.9316259630204032
0,0,0.9832799122505229,0.016720087749478602,0.9832799122505229
0,0,0.8736182975227588,0.12638170247724168,0.8736182975227588
0,0,0.9866779492299179,0.013322050770082285,0.9866779492299179
0,0,0.9562452624539495,0.04375473754604953,0.9562452624539495
0,0,0.9852939844180693,0.014706015581932115,0.9852939844180693
0,0,0.9866309001063835,0.013369099893615276,0.9866309001063835
0,0,0.9838401823671163,0.016159817632883586,0.9838401823671163
0,1,0.2691266424265666,0.7308733575734316,0.7308733575734316
0,0,0.9283152942601877,0.07168470573981305,0.9283152942601877
0,0,0.8086992900286586,0.1913007099713423,0.8086992900286586
0,0,0.7493919449471163,0.25060805505288325,0.7493919449471163
0,0,0.7131707447105884,0.286829255289412,0.7131707447105884
0,0,0.9682506881822737,0.03174931181772603,0.9682506881822737
0,0,0.9372480269834321,0.0627519730165675,0.9372480269834321
0,0,0.952653997959898,0.047346002040103426,0.952653997959898
0,0,0.8260805689191416,0.17391943108085833,0.8260805689191416
0,0,0.97025051826029,0.02974948173971077,0.97025051826029
0,0,0.9845746341632239,0.015425365836775189,0.9845746341632239
0,0,0.7963554413569085,0.20364455864309067,0.7963554413569085
0,0,0.9376387527242498,0.06236124727575029,0.9376387527242498
0,0,0.9149968934457465,0.08500310655425286,0.9149968934457465
0,0,0.9992187817366234,0.0007812182633774307,0.9992187817366234
0,1,0.3205454158396669,0.6794545841603341,0.6794545841603341
1,0,0.9073213544743781,0.09267864552562138,0.9073213544743781
0,0,0.9875861584567824,0.01241384154321624,0.9875861584567824
0,0,0.9715777592070384,0.028422240792960872,0.9715777592070384
0,0,0.8577011076590193,0.14229889234098092,0.8577011076590193
0,0,0.930861643196146,0.06913835680385316,0.930861643196146
1,0,0.9590604145386354,0.0409395854613661,0.9590604145386354
0,1,0.16891854240672477,0.8310814575932766,0.8310814575932766
0,0,0.8677142571435614,0.13228574285644032,0.8677142571435614
0,0,0.9902796917351216,0.00972030826487858,0.9902796917351216
0,0,0.8882749725313704,0.11172502746862918,0.8882749725313704
0,0,0.9389347180350671,0.06106528196493415,0.9389347180350671
0,0,0.9730182278987551,0.026981772101245246,0.9730182278987551
0,0,0.955278925488147,0.04472107451185254,0.955278925488147
0,0,0.9960483060158307,0.0039516939841695775,0.9960483060158307
0,0,0.9947628841328472,0.005237115867153612,0.9947628841328472
0,0,0.5035620932543813,0.4964379067456179,0.5035620932543813
0,0,0.989168282181585,0.010831717818415246,0.989168282181585
0,1,0.1967773623607725,0.8032226376392284,0.8032226376392284
0,0,0.6127842901577809,0.38721570984222015,0.6127842901577809
0,0,0.9976828410078661,0.0023171589921335612,0.9976828410078661
0,0,0.9483061184847792,0.051693881515219725,0.9483061184847792
0,0,0.9680684955586931,0.031931504441307726,0.9680684955586931
0,0,0.8544142844054636,0.14558571559453742,0.8544142844054636
0,0,0.8804446398247168,0.11955536017528229,0.8804446398247168
1,1,0.46803886067755485,0.5319611393224464,0.5319611393224464
0,0,0.9904792527392019,0.009520747260797243,0.9904792527392019
0,1,0.3734378534975777,0.6265621465024221,0.6265621465024221
0,0,0.7436278724175183,0.2563721275824804,0.7436278724175183
0,0,0.9313745977226492,0.06862540227734915,0.9313745977226492
0,0,0.9955618345527155,0.0044381654472840275,0.9955618345527155
0,0,0.9732294548386686,0.026770545161331177,0.9732294548386686
0,0,0.9868348856191825,0.013165114380817376,0.9868348856191825
0,0,0.8747438744154252,0.12525612558457436,0.8747438744154252
0,0,0.9668304667238194,0.03316953327618036,0.9668304667238194
0,0,0.7663589377780917,0.23364106222190736,0.7663589377780917
0,0,0.9445620706490905,0.05543792935090867,0.9445620706490905
0,0,0.9294848032501158,0.07051519674988578,0.9294848032501158
0,0,0.9517953775674913,0.04820462243250958,0.9517953775674913
0,0,0.9754502959699137,0.024549704030086533,0.9754502959699137
0,0,0.9200689112145444,0.07993108878545559,0.9200689112145444
0,0,0.9815476660197873,0.018452333980213103,0.9815476660197873
1,0,0.9576881023485857,0.04231189765141509,0.9576881023485857
0,0,0.7653240275608002,0.2346759724392014,0.7653240275608002
0,0,0.9682944131510861,0.03170558684891237,0.9682944131510861
0,0,0.7842213201071112,0.2157786798928894,0.7842213201071112
0,0,0.9524169997502282,0.047583000249772994,0.9524169997502282
0,0,0.9424493087016564,0.05755069129834384,0.9424493087016564
0,0,0.9401460325302375,0.059853967469762855,0.9401460325302375
0,0,0.9931686146459937,0.006831385354008015,0.9931686146459937
0,0,0.9618958088351431,0.038104191164858005,0.9618958088351431
0,0,0.974761401457436,0.025238598542564602,0.974761401457436
0,0,0.8489775466803583,0.1510224533196432,0.8489775466803583
0,0,0.9919281640216742,0.008071835978326326,0.9919281640216742
0,0,0.9338112762556544,0.06618872374434558,0.9338112762556544
0,0,0.9987383390151287,0.0012616609848707084,0.9987383390151287
0,0,0.9618656273570342,0.03813437264296603,0.9618656273570342
0,0,0.9786283250139826,0.021371674986018246,0.9786283250139826
0,0,0.6293631468949378,0.37063685310506195,0.6293631468949378
0,0,0.988799299493435,0.011200700506564763,0.988799299493435
0,0,0.8910601078375519,0.10893989216244816,0.8910601078375519
1,0,0.9765121540459293,0.023487845954071836,0.9765121540459293
0,0,0.9737199013941765,0.026280098605824646,0.9737199013941765
1,1,0.1410064840945732,0.8589935159054255,0.8589935159054255
0,0,0.9375381890774545,0.06246181092254664,0.9375381890774545
0,0,0.9566113624698089,0.04338863753018971,0.9566113624698089
0,0,0.8086631084595065,0.1913368915404946,0.8086631084595065
1,0,0.9535379210513918,0.04646207894860801,0.9535379210513918
0,0,0.9855940367811811,0.014405963218817555,0.9855940367811811
0,0,0.9435246932780758,0.05647530672192357,0.9435246932780758
0,0,0.9899562140093329,0.010043785990666675,0.9899562140093329
0,0,0.8565471538895387,0.14345284611045983,0.8565471538895387
1,1,0.11235037841528915,0.8876496215847108,0.8876496215847108
0,1,0.4992858332690296,0.5007141667309712,0.5007141667309712
0,0,0.816201982476715,0.18379801752328578,0.816201982476715
0,0,0.9059104230340593,0.09408957696594197,0.9059104230340593
0,0,0.9555256664872779,0.04447433351272068,0.9555256664872779
0,0,0.9633091353304184,0.036690864669582914,0.9633091353304184
0,0,0.9930209131707779,0.0069790868292220806,0.9930209131707779
1,0,0.5728536274348504,0.42714637256514976,0.5728536274348504
0,0,0.992533823158309,0.00746617684169104,0.992533823158309
1,1,0.4611814990077773,0.5388185009922234,0.5388185009922234
1,1,0.07542138530131695,0.9245786146986814,0.9245786146986814
0,0,0.9273942823875707,0.07260571761242869,0.9273942823875707
0,0,0.994904875211857,0.005095124788143199,0.994904875211857
0,0,0.937027457944417,0.06297254205558321,0.937027457944417
1,0,0.7574011453019047,0.24259885469809458,0.7574011453019047
1,0,0.9185662414353571,0.08143375856464356,0.9185662414353571
0,0,0.9893458822332838,0.010654117766714799,0.9893458822332838
0,0,0.8213124736359665,0.1786875263640343,0.8213124736359665
1,0,0.84053910146228,0.15946089853771997,0.84053910146228
0,0,0.9912759300187479,0.00872406998125262,0.9912759300187479
0,0,0.7330997459466402,0.2669002540533595,0.7330997459466402
0,0,0.9930774959453762,0.006922504054624118,0.9930774959453762
0,0,0.8776792170522332,0.12232078294776554,0.8776792170522332
0,0,0.9892397674792536,0.010760232520745643,0.9892397674792536
0,0,0.9840036137864864,0.015996386213515023,0.9840036137864864
0,0,0.9935622981838904,0.006437701816111317,0.9935622981838904
0,0,0.8010849715515772,0.19891502844842274,0.8010849715515772
0,0,0.9930475045080108,0.006952495491987675,0.9930475045080108
1,1,0.011624223672632437,0.988375776327369,0.988375776327369
0,0,0.9338467385887624,0.06615326141123823,0.9338467385887624
0,0,0.9281994040292051,0.07180059597079604,0.9281994040292051
0,0,0.9953156966265759,0.004684303373425126,0.9953156966265759
0,0,0.9794720967501782,0.020527903249823107,0.9794720967501782
0,0,0.9887884093003267,0.011211590699673875,0.9887884093003267
0,0,0.9065207031441067,0.09347929685589508,0.9065207031441067
0,0,0.8710726059246513,0.1289273940753496,0.8710726059246513
0,0,0.889004477867111,0.11099552213288966,0.889004477867111
0,0,0.8781148430779242,0.12188515692207537,0.8781148430779242
0,0,0.9922729404219266,0.00772705957807499,0.9922729404219266
0,0,0.7921832559583546,0.20781674404164494,0.7921832559583546
0,0,0.7875029514667009,0.21249704853329865,0.7875029514667009
0,0,0.9458355814323749,0.05416441856762383,0.9458355814323749
0,0,0.97353303238851,0.026466967611489627,0.97353303238851
0,0,0.9379231294403354,0.06207687055966416,0.9379231294403354
1,0,0.639648519238983,0.36035148076101714,0.639648519238983
0,0,0.9595635958615069,0.040436404138493746,0.9595635958615069
0,0,0.9833883826819382,0.016611617318061343,0.9833883826819382
0,0,0.9678299997379997,0.03217000026200074,0.9678299997379997
0,0,0.9822785662068306,0.017721433793168463,0.9822785662068306
0,0,0.993057860753387,0.006942139246611441,0.993057860753387
0,0,0.8507085254746579,0.14929147452534186,0.8507085254746579
0,0,0.9952913023177214,0.004708697682279965,0.9952913023177214
1,1,0.37539945249989837,0.6246005475001023,0.6246005475001023
0,0,0.9480674704636347,0.051932529536363556,0.9480674704636347
0,0,0.998123932923682,0.0018760670763196502,0.998123932923682
0,0,0.9036378111971555,0.09636218880284553,0.9036378111971555
0,0,0.9873264736689641,0.012673526331034426,0.9873264736689641
0,0,0.7798023920385628,0.22019760796143717,0.7798023920385628
0,0,0.9365762685761859,0.06342373142381341,0.9365762685761859
0,0,0.9840170201821501,0.01598297981784964,0.9840170201821501
0,0,0.9690736447923567,0.030926355207641656,0.9690736447923567
0,0,0.9976716978855602,0.002328302114440519,0.9976716978855602
0,0,0.9928922148000292,0.007107785199969177,0.9928922148000292
0,0,0.9882456250381986,0.011754374961801784,0.9882456250381986
0,0,0.8605370176342085,0.13946298236578974,0.8605370176342085
0,1,0.00509894053090964,0.994901059469089,0.994901059469089
0,0,0.9969669137281698,0.0030330862718295163,0.9969669137281698
0,0,0.9913917161126398,0.008608283887360485,0.9913917161126398
0,0,0.9912593196686214,0.008740680331377877,0.9912593196686214
0,0,0.9272456647196464,0.07275433528035236,0.9272456647196464
0,0,0.7341258832009813,0.26587411679901946,0.7341258832009813
0,0,0.9773827935369198,0.022617206463080925,0.9773827935369198
0,0,0.9933160122867634,0.006683987713236523,0.9933160122867634
0,0,0.8941275215157234,0.10587247848427511,0.8941275215157234
0,0,0.9981218511681554,0.0018781488318453516,0.9981218511681554
0,0,0.9884443258084195,0.011555674191581091,0.9884443258084195
0,0,0.9101257218945612,0.08987427810543834,0.9101257218945612
1,1,0.4978179822142586,0.5021820177857398,0.5021820177857398
0,0,0.829323787974537,0.17067621202546163,0.829323787974537
0,0,0.9449029276199893,0.05509707238000977,0.9449029276199893
0,0,0.807785481455864,0.19221451854413682,0.807785481455864
0,0,0.998275066183996,0.0017249338160055631,0.998275066183996
0,1,0.18906660500763012,0.8109333949923686,0.8109333949923686
0,0,0.969618982104064,0.030381017895935485,0.969618982104064
0,0,0.9967006347413149,0.003299365258685347,0.9967006347413149
0,0,0.6543720379006986,0.3456279620993004,0.6543720379006986
0,0,0.9936204511387997,0.006379548861201407,0.9936204511387997
0,0,0.9847309010594792,0.015269098940519366,0.9847309010594792
1,0,0.7926344069985986,0.2073655930014009,0.7926344069985986
0,0,0.8711876264127952,0.12881237358720385,0.8711876264127952
0,0,0.9991789551411658,0.0008210448588324113,0.9991789551411658
0,0,0.8659935432210358,0.13400645677896356,0.8659935432210358
0,0,0.9939211096414928,0.006078890358508145,0.9939211096414928
0,0,0.9943954273977482,0.005604572602251748,0.9943954273977482
0,0,0.8034393278484347,0.1965606721515654,0.8034393278484347
1,0,0.724150503121435,0.2758494968785638,0.724150503121435
0,0,0.7709669453221097,0.2290330546778905,0.7709669453221097
0,0,0.9974971733997693,0.0025028266002304392,0.9974971733997693
1,0,0.8318596924150611,0.1681403075849375,0.8318596924150611
1,0,0.9697463207765646,0.03025367922343504,0.9697463207765646
0,0,0.9474835412968666,0.05251645870313366,0.9474835412968666
0,0,0.9965041309842507,0.0034958690157478657,0.9965041309842507
1,0,0.9024186006333057,0.09758139936669347,0.9024186006333057
0,0,0.9990148479625435,0.00098515203745709,0.9990148479625435
0,1,0.18463383721443644,0.8153661627855632,0.8153661627855632
0,0,0.9938883372322488,0.006111662767752241,0.9938883372322488
0,0,0.9737685668016387,0.026231433198362273,0.9737685668016387
0,0,0.9979967801137994,0.0020032198862010857,0.9979967801137994
0,0,0.9884803233855325,0.01151967661446791,0.9884803233855325
0,0,0.986059362177933,0.01394063782206701,0.986059362177933
0,0,0.6154072901570884,0.3845927098429106,0.6154072901570884
0,0,0.9438949426104641,0.0561050573895344,0.9438949426104641
0,0,0.9597245618369858,0.040275438163014037,0.9597245618369858
0,0,0.9957908164771972,0.0042091835228033605,0.9957908164771972
0,1,0.35831668981725534,0.6416833101827448,0.6416833101827448
1,0,0.986587629842006,0.013412370157993746,0.986587629842006
0,0,0.9488032122903982,0.051196787709600906,0.9488032122903982
0,0,0.8633396495302809,0.13666035046972072,0.8633396495302809
0,0,0.9091159992146826,0.09088400078531679,0.9091159992146826
0,0,0.9626172967902626,0.03738270320973873,0.9626172967902626
0,0,0.9896313963611415,0.010368603638858623,0.9896313963611415
1,0,0.7114074000264385,0.2885925999735621,0.7114074000264385
1,0,0.8101001350956369,0.18989986490436306,0.8101001350956369
0,0,0.8470414500159857,0.1529585499840133,0.8470414500159857
1,0,0.943545534613006,0.056454465386994716,0.943545534613006
0,0,0.9745996300385239,0.02540036996147776,0.9745996300385239
0,0,0.9985172419506324,0.0014827580493664873,0.9985172419506324
0,0,0.9503412570675756,0.049658742932425656,0.9503412570675756
0,0,0.9945547019760409,0.005445298023959543,0.9945547019760409
1,0,0.7092526474099133,0.2907473525900881,0.7092526474099133
0,0,0.9885402094786506,0.011459790521347815,0.9885402094786506
0,0,0.9285960615320494,0.07140393846795076,0.9285960615320494
0,0,0.9237017987068152,0.07629820129318601,0.9237017987068152
0,0,0.9949449967530014,0.005055003246998596,0.9949449967530014
0,0,0.9402470472222905,0.05975295277770934,0.9402470472222905
0,0,0.8747103881815456,0.12528961181845474,0.8747103881815456
0,0,0.9905680025259599,0.009431997474039382,0.9905680025259599
0,0,0.9068580129609172,0.09314198703908286,0.9068580129609172
0,0,0.9440448998582088,0.055955100141790906,0.9440448998582088
0,0,0.91723616104977,0.0827638389502294,0.91723616104977
1,1,0.23749635256423882,0.7625036474357599,0.7625036474357599
0,0,0.6605798683913723,0.3394201316086282,0.6605798683913723
0,0,0.9584996264492277,0.041500373550772504,0.9584996264492277
0,0,0.974062249495988,0.025937750504013014,0.974062249495988
0,0,0.8854170903369954,0.11458290966300526,0.8854170903369954
0,0,0.7517526461296136,0.2482473538703867,0.7517526461296136
0,0,0.9900569017558578,0.009943098244143128,0.9900569017558578
0,0,0.9979010552706798,0.0020989447293202497,0.9979010552706798
1,0,0.8455466337560502,0.15445336624394998,0.8455466337560502
0,0,0.7423461574602614,0.2576538425397373,0.7423461574602614
0,0,0.989447804098572,0.010552195901427171,0.989447804098572
0,1,0.389230311273661,0.6107696887263396,0.6107696887263396
0,0,0.6129632685476789,0.3870367314523208,0.6129632685476789
0,1,0.36573205999503156,0.6342679400049682,0.6342679400049682
0,0,0.9200908740160825,0.07990912598391788,0.9200908740160825
1,0,0.9770964760476111,0.022903523952389673,0.9770964760476111
0,0,0.9858010950957767,0.014198904904223457,0.9858010950957767
0,0,0.8387213560436705,0.16127864395633013,0.8387213560436705
0,0,0.8724981518263889,0.12750184817361046,0.8724981518263889
1,0,0.9947458417709448,0.005254158229056375,0.9947458417709448
0,0,0.9726357819751004,0.027364218024899137,0.9726357819751004
1,0,0.6882759039146891,0.3117240960853111,0.6882759039146891
0,0,0.7624583004809444,0.23754169951905554,0.7624583004809444
0,0,0.9933393949191333,0.0066606050808674325,0.9933393949191333
0,0,0.807814141457352,0.1921858585426481,0.807814141457352
0,0,0.9654288725860191,0.0345711274139812,0.9654288725860191
0,0,0.9636150122923294,0.036384987707670687,0.9636150122923294
0,0,0.998592075390401,0.001407924609598902,0.998592075390401
0,0,0.9628488527935393,0.03715114720646137,0.9628488527935393
0,0,0.9712966795490585,0.028703320450942007,0.9712966795490585
0,0,0.9688989049452129,0.031101095054788523,0.9688989049452129
0,1,0.1872294690773284,0.8127705309226706,0.8127705309226706
0,0,0.8708167692723087,0.12918323072769028,0.8708167692723087
0,1,0.018868439181063713,0.9811315608189377,0.9811315608189377
0,0,0.8601140092528816,0.13988599074711738,0.8601140092528816
0,0,0.9631276740636561,0.03687232593634462,0.9631276740636561
0,0,0.9950018847896153,0.004998115210383526,0.9950018847896153
0,0,0.992224196114268,0.007775803885732992,0.992224196114268
0,0,0.8073040121527957,0.19269598784720482,0.8073040121527957
0,1,0.322302281968598,0.6776977180314016,0.6776977180314016
1,0,0.5564886001352897,0.4435113998647106,0.5564886001352897
0,0,0.9723522352725612,0.02764776472743803,0.9723522352725612
1,1,0.04077853795507157,0.9592214620449268,0.9592214620449268
0,0,0.9940550956687948,0.005944904331204208,0.9940550956687948
0,0,0.9889902178266028,0.011009782173396397,0.9889902178266028
0,0,0.9776501160656977,0.022349883934302373,0.9776501160656977
0,0,0.8588245185927589,0.1411754814072404,0.8588245185927589
1,0,0.9674361546873241,0.032563845312676365,0.9674361546873241
0,0,0.9515335752116002,0.04846642478840015,0.9515335752116002
1,1,0.05977695174570586,0.9402230482542957,0.9402230482542957
0,0,0.934754645543502,0.06524535445649911,0.934754645543502
0,0,0.9957870324518561,0.004212967548144564,0.9957870324518561
0,0,0.9924746863088566,0.007525313691143593,0.9924746863088566
0,1,0.2509938912694253,0.7490061087305735,0.7490061087305735
1,0,0.995486180309255,0.004513819690744813,0.995486180309255
0,0,0.997933942638505,0.0020660573614956273,0.997933942638505
0,1,0.4490430800841135,0.5509569199158869,0.5509569199158869
0,0,0.8588245185927589,0.1411754814072404,0.8588245185927589
0,0,0.9928343979733552,0.007165602026644291,0.9928343979733552
0,0,0.7641545319254738,0.2358454680745258,0.7641545319254738
0,0,0.9943979827094813,0.005602017290519226,0.9943979827094813
0,0,0.9718501903862601,0.028149809613738495,0.9718501903862601
0,1,0.44764584056308104,0.5523541594369203,0.5523541594369203
0,0,0.9831970112658469,0.016802988734152594,0.9831970112658469
1,0,0.9316711101929763,0.06832888980702312,0.9316711101929763
0,0,0.9134944076489012,0.08650559235109864,0.9134944076489012
0,0,0.9817609268351686,0.018239073164831376,0.9817609268351686
1,0,0.8106683194247861,0.18933168057521346,0.8106683194247861
0,0,0.9957287131220172,0.004271286877983594,0.9957287131220172
1,1,0.10063277837832829,0.8993672216216714,0.8993672216216714
0,0,0.9876960192765442,0.012303980723456351,0.9876960192765442
0,0,0.9979735047031645,0.00202649529683494,0.9979735047031645
0,1,0.07093462772766612,0.9290653722723354,0.9290653722723354
0,0,0.974623113938123,0.025376886061877248,0.974623113938123
0,0,0.9877889359370986,0.012211064062901308,0.9877889359370986
0,0,0.8817788705305708,0.1182211294694286,0.8817788705305708
0,0,0.949790544354994,0.05020945564500485,0.949790544354994
0,0,0.978731125252029,0.021268874747972143,0.978731125252029
1,1,0.21038839401475262,0.7896116059852467,0.7896116059852467
0,0,0.9533945839878066,0.046605416012191925,0.9533945839878066
0,0,0.8537877773329,0.14621222266709855,0.8537877773329
0,0,0.9755050070301037,0.0244949929698974,0.9755050070301037
0,0,0.9607560445311816,0.03924395546881792,0.9607560445311816
0,1,0.028357230815997305,0.9716427691840028,0.9716427691840028
0,0,0.8968035490942406,0.10319645090575975,0.8968035490942406
0,0,0.9981109779695542,0.001889022030446232,0.9981109779695542
0,0,0.9523807222599826,0.0476192777400174,0.9523807222599826
0,0,0.9712895544010743,0.02871044559892623,0.9712895544010743
0,1,0.35473048153692865,0.6452695184630723,0.6452695184630723
0,0,0.9592344988479133,0.04076550115208605,0.9592344988479133
1,0,0.80390945022704,0.19609054977296175,0.80390945022704
0,0,0.9873877211467708,0.012612278853228862,0.9873877211467708
0,0,0.9829692180377945,0.01703078196220611,0.9829692180377945
1,0,0.7970370568525539,0.20296294314744553,0.7970370568525539
0,0,0.9628268543911952,0.037173145608805046,0.9628268543911952
0,0,0.8668863386784653,0.1331136613215353,0.8668863386784653
0,0,0.9937485848171526,0.006251415182849015,0.9937485848171526
0,0,0.9940917822212874,0.005908217778711395,0.9940917822212874
0,0,0.8981466201813199,0.10185337981867959,0.8981466201813199
0,0,0.9959530599593953,0.004046940040604928,0.9959530599593953
0,0,0.9966067178456813,0.003393282154318104,0.9966067178456813
0,0,0.9470136109949834,0.05298638900501582,0.9470136109949834
1,0,0.9888090242224756,0.011190975777523815,0.9888090242224756
0,0,0.8888080277825602,0.11119197221744062,0.8888080277825602
0,0,0.9657777764215763,0.034222223578424985,0.9657777764215763
0,0,0.982146070204453,0.017853929795546557,0.982146070204453
0,0,0.9947731935496722,0.005226806450327158,0.9947731935496722
1,0,0.9557809108565521,0.04421908914344886,0.9557809108565521
0,0,0.7752594402012879,0.22474055979871171,0.7752594402012879
0,0,0.8656573168657185,0.1343426831342816,0.8656573168657185
0,0,0.8866088992282893,0.11339110077171163,0.8866088992282893
0,0,0.7854472902743795,0.2145527097256205,0.7854472902743795
0,0,0.9638174827546382,0.03618251724536025,0.9638174827546382
1,0,0.9467674599060245,0.05323254009397394,0.9467674599060245
0,0,0.9380496205237845,0.061950379476215414,0.9380496205237845
0,0,0.8318293276708092,0.16817067232919194,0.8318293276708092
0,0,0.9949049868138277,0.005095013186172672,0.9949049868138277
0,0,0.9563706700329401,0.043629329967061065,0.9563706700329401
1,1,0.06979978816454573,0.9302002118354529,0.9302002118354529
0,0,0.7984629416511053,0.2015370583488931,0.7984629416511053
0,0,0.9882094646242883,0.011790535375710006,0.9882094646242883
1,0,0.9899477318501411,0.010052268149859048,0.9899477318501411
0,1,0.4339326114398223,0.5660673885601761,0.5660673885601761
1,0,0.5244801004365887,0.4755198995634116,0.5244801004365887
0,1,0.017819757611512665,0.9821802423884879,0.9821802423884879
0,0,0.8362337694872909,0.16376623051270897,0.8362337694872909
1,0,0.9563404341062548,0.04365956589374459,0.9563404341062548
0,0,0.99267408220157,0.007325917798429303,0.99267408220157
0,0,0.9915780357814913,0.008421964218508049,0.9915780357814913
0,0,0.9286050006740038,0.07139499932599709,0.9286050006740038
0,0,0.9990447309730099,0.0009552690269908157,0.9990447309730099
0,0,0.9898682452478528,0.010131754752146659,0.9898682452478528
0,0,0.9559152239232348,0.04408477607676617,0.9559152239232348
0,0,0.8206719043509237,0.17932809564907584,0.8206719043509237
0,0,0.9583098981659122,0.04169010183408725,0.9583098981659122
0,1,0.3441821577526082,0.655817842247391,0.655817842247391
0,0,0.9756870256896594,0.02431297431033977,0.9756870256896594
0,0,0.9499173610738733,0.05008263892612637,0.9499173610738733
0,0,0.956014610360103,0.04398538963989599,0.956014610360103
0,0,0.8775980431478798,0.12240195685211935,0.8775980431478798
0,0,0.9561027796716232,0.0438972203283768,0.9561027796716232
0,0,0.9839757373821605,0.016024262617840068,0.9839757373821605
0,0,0.925029112724484,0.07497088727551436,0.925029112724484
0,0,0.9503060348045743,0.04969396519542637,0.9503060348045743
0,0,0.9780518112280995,0.021948188771901557,0.9780518112280995
1,0,0.7662595112705085,0.23374048872949066,0.7662595112705085
0,0,0.9189362831708012,0.08106371682919915,0.9189362831708012
0,0,0.998700296067462,0.0012997039325390747,0.998700296067462
0,0,0.6918926182922545,0.3081073817077464,0.6918926182922545
0,0,0.9823275277975415,0.017672472202458336,0.9823275277975415
0,0,0.9227663210799621,0.07723367892003839,0.9227663210799621
0,0,0.6520894391457583,0.34791056085424127,0.6520894391457583
0,0,0.9870583786157668,0.012941621384232094,0.9870583786157668
0,0,0.6913843477957938,0.30861565220420567,0.6913843477957938
0,0,0.977100491352922,0.022899508647077835,0.977100491352922
0,0,0.8791471193145712,0.12085288068542853,0.8791471193145712
1,1,0.0014751929878004933,0.9985248070121984,0.9985248070121984
1,1,0.36230598590147645,0.6376940140985251,0.6376940140985251
0,0,0.9945310105066061,0.005468989493394683,0.9945310105066061
0,0,0.9940639606046732,0.005936039395327014,0.9940639606046732
0,0,0.9185574285430891,0.08144257145691124,0.9185574285430891
0,0,0.9893574039713465,0.010642596028654302,0.9893574039713465
0,0,0.9872303651877071,0.01276963481229369,0.9872303651877071
0,0,0.9662479923560372,0.03375200764396183,0.9662479923560372
0,0,0.9548364527543097,0.04516354724569071,0.9548364527543097
0,0,0.7073690821427328,0.2926309178572674,0.7073690821427328
0,0,0.9897219581263845,0.01027804187361616,0.9897219581263845
0,0,0.8606563757504232,0.13934362424957603,0.8606563757504232
0,0,0.9678964516613605,0.03210354833864011,0.9678964516613605
0,0,0.9769005437599129,0.02309945624008792,0.9769005437599129
0,0,0.6368638490354652,0.3631361509645358,0.6368638490354652
0,0,0.9552488831170692,0.044751116882930535,0.9552488831170692
0,0,0.9096718900063299,0.09032810999367002,0.9096718900063299
0,0,0.9918223249223387,0.008177675077660217,0.9918223249223387
0,0,0.9948235893408286,0.00517641065917034,0.9948235893408286
0,0,0.9858010539678093,0.014198946032190343,0.9858010539678093
0,0,0.9898705251254958,0.0101294748745038,0.9898705251254958
0,0,0.6684343130304818,0.3315656869695169,0.6684343130304818
0,0,0.7780204005538184,0.2219795994461818,0.7780204005538184
0,0,0.9076404753754888,0.09235952462451255,0.9076404753754888
1,1,0.019669215128910136,0.9803307848710888,0.9803307848710888
0,0,0.9815279942944155,0.01847200570558399,0.9815279942944155
0,1,0.08351154317884972,0.9164884568211498,0.9164884568211498
1,0,0.9526947256514566,0.04730527434854413,0.9526947256514566
0,0,0.9964088371676371,0.003591162832362611,0.9964088371676371
0,0,0.6075886918549851,0.392411308145015,0.6075886918549851
0,0,0.8589126675147255,0.14108733248527283,0.8589126675147255
0,0,0.9774125011185355,0.022587498881464406,0.9774125011185355
0,0,0.9818880233592583,0.018111976640741666,0.9818880233592583
0,0,0.9181317759464143,0.0818682240535852,0.9181317759464143
0,0,0.9664375592290166,0.033562440770984456,0.9664375592290166
0,0,0.9981736339459326,0.0018263660540663775,0.9981736339459326
0,0,0.6167663495736484,0.38323365042635116,0.6167663495736484
0,0,0.8865972360497936,0.11340276395020576,0.8865972360497936
0,0,0.9131464694210265,0.08685353057897512,0.9131464694210265
1,0,0.9024097583296875,0.09759024167031077,0.9024097583296875
0,0,0.9501829539671495,0.04981704603284936,0.9501829539671495
0,0,0.9603983516905689,0.039601648309429416,0.9603983516905689
1,1,0.18998096248465896,0.8100190375153401,0.8100190375153401
0,0,0.9953815660656006,0.004618433934399529,0.9953815660656006
0,1,0.003212909969516832,0.9967870900304832,0.9967870900304832
0,0,0.9116849566312725,0.08831504336872596,0.9116849566312725
0,1,0.4360703519933131,0.5639296480066853,0.5639296480066853
0,0,0.9843449732141583,0.015655026785842227,0.9843449732141583
0,0,0.9993902481533378,0.0006097518466637727,0.9993902481533378
0,0,0.9735129995456748,0.026487000454324738,0.9735129995456748
0,0,0.9320819324599764,0.06791806754002432,0.9320819324599764
0,0,0.9798366019877853,0.020163398012215294,0.9798366019877853
0,0,0.6941463047156538,0.30585369528434664,0.6941463047156538
0,0,0.7500015652817477,0.24999843471825234,0.7500015652817477
1,1,0.03076843267590263,0.9692315673240962,0.9692315673240962
0,0,0.9504786795336687,0.049521320466330496,0.9504786795336687
0,0,0.6959115985531665,0.3040884014468338,0.6959115985531665
1,1,0.11124025933672317,0.8887597406632765,0.8887597406632765
0,0,0.8712083850529825,0.1287916149470161,0.8712083850529825
0,0,0.9078459812429716,0.09215401875702772,0.9078459812429716
1,0,0.8291092931396488,0.1708907068603509,0.8291092931396488
0,0,0.990503411058644,0.00949658894135481,0.990503411058644
0,0,0.9982175967227115,0.0017824032772874637,0.9982175967227115
0,0,0.9251238210832351,0.07487617891676394,0.9251238210832351
0,0,0.9922325604515847,0.0077674395484163775,0.9922325604515847
0,0,0.9152091722312204,0.08479082776877829,0.9152091722312204
0,0,0.7593146628647214,0.2406853371352776,0.7593146628647214
0,0,0.9981459051760101,0.0018540948239894697,0.9981459051760101
0,0,0.8519120406821181,0.14808795931788146,0.8519120406821181
0,0,0.8208654722367246,0.17913452776327543,0.8208654722367246
0,0,0.992509064783166,0.007490935216832289,0.992509064783166
0,0,0.9980168541340436,0.001983145865954892,0.9980168541340436
0,0,0.9655191072671592,0.034480892732842335,0.9655191072671592
0,0,0.9853025869361354,0.014697413063865475,0.9853025869361354
0,0,0.9930861282777085,0.0069138717222911655,0.9930861282777085
0,0,0.9925765152762949,0.007423484723705988,0.9925765152762949
0,1,0.08396946445738167,0.9160305355426188,0.9160305355426188
0,0,0.7922446927242099,0.20775530727579167,0.7922446927242099
0,0,0.9737676056184243,0.026232394381575402,0.9737676056184243
1,0,0.5935088263252586,0.4064911736747411,0.5935088263252586
0,0,0.9920568293708036,0.007943170629195254,0.9920568293708036
0,0,0.8849140951863853,0.11508590481361405,0.8849140951863853
0,0,0.9946237684460256,0.005376231553975163,0.9946237684460256
0,0,0.9690033239926027,0.030996676007396775,0.9690033239926027
0,0,0.9033333757650799,0.09666662423491862,0.9033333757650799
0,0,0.9947487755214912,0.005251224478509372,0.9947487755214912
0,0,0.89726099496161,0.10273900503839108,0.89726099496161
0,0,0.9941169546418636,0.005883045358136312,0.9941169546418636
0,0,0.9989374191039835,0.0010625808960169536,0.9989374191039835
0,0,0.9954762247170679,0.004523775282931829,0.9954762247170679
0,0,0.8337248147872104,0.16627518521278906,0.8337248147872104
0,0,0.9496474879401638,0.050352512059837255,0.9496474879401638
0,0,0.7527104068744611,0.2472895931255374,0.7527104068744611
1,0,0.7819787274411885,0.21802127255881132,0.7819787274411885
0,1,0.34762884432335883,0.6523711556766413,0.6523711556766413
0,0,0.9971085950319458,0.002891404968053755,0.9971085950319458
0,0,0.9714851156209184,0.028514884379080778,0.9714851156209184
1,1,0.4401112235375956,0.5598887764624029,0.5598887764624029
0,0,0.9892718614467194,0.010728138553279365,0.9892718614467194
1,0,0.9193710983158039,0.08062890168419662,0.9193710983158039
0,0,0.9855105965468344,0.014489403453165323,0.9855105965468344
0,0,0.7987003949217332,0.20129960507826705,0.7987003949217332
0,0,0.7855100403443975,0.21448995965560255,0.7855100403443975
0,0,0.9901394197017158,0.009860580298284563,0.9901394197017158
0,0,0.995110739942601,0.004889260057397431,0.995110739942601
0,0,0.6342972615532186,0.36570273844677964,0.6342972615532186
0,0,0.9919091493303971,0.008090850669602476,0.9919091493303971
0,0,0.9774656890437354,0.022534310956264948,0.9774656890437354
0,0,0.8427042031043698,0.157295796895629,0.8427042031043698
0,0,0.9728608867768646,0.0271391132231349,0.9728608867768646
0,0,0.9442518616799223,0.0557481383200782,0.9442518616799223
0,0,0.6977730035928043,0.3022269964071973,0.6977730035928043
0,0,0.9579653111690796,0.04203468883092185,0.9579653111690796
0,0,0.9982305957904919,0.00176940420950789,0.9982305957904919
1,0,0.8408771143981819,0.1591228856018172,0.8408771143981819
1,0,0.8470486006317308,0.15295139936826968,0.8470486006317308
0,0,0.9815182677015826,0.018481732298416768,0.9815182677015826
0,0,0.8866571383094917,0.1133428616905084,0.8866571383094917
0,0,0.9389130968369551,0.0610869031630454,0.9389130968369551
1,0,0.6598318192837946,0.34016818071620575,0.6598318192837946
0,0,0.9867030617580768,0.01329693824192194,0.9867030617580768
0,0,0.9940751717529763,0.005924828247022688,0.9940751717529763
0,0,0.9987028097472435,0.0012971902527560782,0.9987028097472435
0,0,0.8818589131711815,0.11814108682881928,0.8818589131711815
1,0,0.9171257279433331,0.0828742720566674,0.9171257279433331
0,0,0.9971000340434871,0.0028999659565127184,0.9971000340434871
0,0,0.9820191133787403,0.01798088662125851,0.9820191133787403
0,1,0.012879479458147096,0.9871205205418536,0.9871205205418536
0,0,0.9842799442376007,0.01572005576239869,0.9842799442376007
0,0,0.9948180192836551,0.005181980716344141,0.9948180192836551
0,0,0.9728599865149009,0.027140013485099417,0.9728599865149009
1,0,0.9303271892648869,0.06967281073511392,0.9303271892648869
0,0,0.9591210938237305,0.0408789061762694,0.9591210938237305
0,0,0.8583754986991106,0.14162450130088913,0.8583754986991106
0,0,0.9552953356841247,0.044704664315876545,0.9552953356841247
0,0,0.9286354831951393,0.07136451680486042,0.9286354831951393
0,0,0.7456826209469956,0.25431737905300406,0.7456826209469956
0,0,0.8249657541607769,0.1750342458392226,0.8249657541607769
0,1,0.4101328818346431,0.5898671181653584,0.5898671181653584
0,0,0.9982308502511441,0.0017691497488558441,0.9982308502511441
0,0,0.9394655456505925,0.06053445434940931,0.9394655456505925
0,0,0.8119961558642979,0.18800384413570048,0.8119961558642979
0,0,0.9879301600589104,0.012069839941087929,0.9879301600589104
0,0,0.8786023580324431,0.12139764196755852,0.8786023580324431
0,0,0.9915473074639005,0.00845269253609914,0.9915473074639005
0,0,0.8532594216369039,0.14674057836309615,0.8532594216369039
0,0,0.8908519404062276,0.10914805959377218,0.8908519404062276
0,0,0.9233774951395459,0.07662250486045438,0.9233774951395459
1,0,0.9634296395301193,0.03657036046988131,0.9634296395301193
1,0,0.9687276898211702,0.03127231017882899,0.9687276898211702
0,0,0.9095608646859131,0.09043913531408752,0.9095608646859131
0,0,0.9964044111156087,0.0035955888843904266,0.9964044111156087
0,0,0.9960485005520938,0.003951499447906988,0.9960485005520938
0,0,0.9908516341334905,0.009148365866509335,0.9908516341334905
0,0,0.8558586270965398,0.14414137290345994,0.8558586270965398
0,0,0.9797499316255398,0.02025006837445896,0.9797499316255398
1,1,0.40272437503870456,0.597275624961295,0.597275624961295
0,0,0.9820672790807558,0.017932720919244124,0.9820672790807558
1,0,0.9585473688610803,0.041452631138918665,0.9585473688610803
0,0,0.9055602309035079,0.09443976909649064,0.9055602309035079
0,0,0.9676012160846421,0.032398783915358574,0.9676012160846421
0,0,0.9986202291411743,0.0013797708588244597,0.9986202291411743
0,0,0.911779233542497,0.08822076645750268,0.911779233542497
0,0,0.9943349081745063,0.005665091825493121,0.9943349081745063
1,0,0.9788829101862082,0.021117089813792286,0.9788829101862082
1,1,0.08855455660976509,0.9114454433902366,0.9114454433902366
0,0,0.8999973621402257,0.10000263785977448,0.8999973621402257
0,0,0.7464055714579411,0.2535944285420583,0.7464055714579411
0,0,0.8120528542428433,0.18794714575715527,0.8120528542428433
0,0,0.9298043526711213,0.07019564732887994,0.9298043526711213
0,0,0.9872847899229562,0.012715210077042032,0.9872847899229562
0,0,0.9446303701542746,0.05536962984572424,0.9446303701542746
0,0,0.8515759920493383,0.14842400795066338,0.8515759920493383
0,0,0.9989526184816998,0.001047381518299607,0.9989526184816998
0,0,0.9863879830841902,0.013612016915810163,0.9863879830841902
0,1,0.13842886120765815,0.8615711387923422,0.8615711387923422
0,0,0.5596968504373729,0.4403031495626265,0.5596968504373729
0,1,0.4552803315562953,0.5447196684437062,0.5447196684437062
0,0,0.9884655432923145,0.011534456707684205,0.9884655432923145
0,0,0.9632984845415596,0.03670151545844043,0.9632984845415596
0,0,0.832940054360991,0.16705994563900806,0.832940054360991
0,0,0.9890399167697416,0.010960083230259461,0.9890399167697416
0,0,0.927463744519109,0.07253625548089267,0.927463744519109
0,0,0.901030021306981,0.09896997869301827,0.901030021306981
0,0,0.9488431767452375,0.05115682325476256,0.9488431767452375
0,0,0.9534910324436924,0.04650896755630758,0.9534910324436924
0,0,0.6587114180462993,0.3412885819537006,0.6587114180462993
0,0,0.9482069699005669,0.05179303009943236,0.9482069699005669
0,0,0.9763875663654088,0.023612433634590237,0.9763875663654088
0,0,0.9107713327870873,0.08922866721291407,0.9107713327870873
0,0,0.9607701535616925,0.03922984643830891,0.9607701535616925
0,0,0.9889941410743396,0.011005858925660781,0.9889941410743396
0,0,0.6289045478468185,0.3710954521531801,0.6289045478468185
1,0,0.9400249932195232,0.059975006780475244,0.9400249932195232
0,0,0.7263372449811817,0.27366275501881854,0.7263372449811817
0,0,0.7788134246989941,0.2211865753010051,0.7788134246989941
0,0,0.6538827658428882,0.3461172341571121,0.6538827658428882
0,1,0.42345503012908636,0.576544969870914,0.576544969870914
0,0,0.7945342328517577,0.2054657671482435,0.7945342328517577
0,0,0.9947423462484863,0.005257653751514969,0.9947423462484863
0,0,0.931000493574083,0.06899950642591754,0.931000493574083
0,0,0.9945403407943895,0.005459659205610269,0.9945403407943895
0,0,0.9955663914338355,0.004433608566165236,0.9955663914338355
1,1,0.06874456346924683,0.9312554365307549,0.9312554365307549
0,0,0.8265729550770337,0.17342704492296585,0.8265729550770337
0,0,0.9165279764029918,0.08347202359700875,0.9165279764029918
0,0,0.9167484267501117,0.0832515732498889,0.9167484267501117
0,0,0.8667047706208724,0.1332952293791266,0.8667047706208724
0,0,0.9709647147214193,0.029035285278580195,0.9709647147214193
0,0,0.8896660095866084,0.11033399041339172,0.8896660095866084
0,0,0.9979202983944967,0.002079701605504034,0.9979202983944967
0,0,0.9005015351991735,0.09949846480082566,0.9005015351991735
0,0,0.9566860737352345,0.043313926264765136,0.9566860737352345
1,0,0.9866634939848391,0.013336506015160952,0.9866634939848391
0,0,0.9972033106182624,0.002796689381736758,0.9972033106182624
0,0,0.9895106868516761,0.01048931314832371,0.9895106868516761
0,0,0.8977052495239298,0.10229475047606969,0.8977052495239298
0,0,0.9962315244174229,0.0037684755825780785,0.9962315244174229
0,0,0.9980179998490925,0.0019820001509081512,0.9980179998490925
1,0,0.6081312626438969,0.391868737356104,0.6081312626438969
0,0,0.8987776526368338,0.10122234736316449,0.8987776526368338
0,0,0.8558649298918658,0.14413507010813362,0.8558649298918658
0,0,0.6663661742505225,0.3336338257494786,0.6663661742505225
0,0,0.9765512081769238,0.023448791823076125,0.9765512081769238
0,0,0.9549170241272724,0.04508297587272745,0.9549170241272724
0,0,0.8558990714167076,0.14410092858329193,0.8558990714167076
0,0,0.9277470162446191,0.07225298375538095,0.9277470162446191
0,0,0.9408747219616773,0.05912527803832429,0.9408747219616773
0,0,0.8319576913774512,0.16804230862254718,0.8319576913774512
0,0,0.9563512233122777,0.04364877668772145,0.9563512233122777
0,0,0.9366454723032966,0.06335452769670423,0.9366454723032966
0,1,0.4686035904309677,0.5313964095690338,0.5313964095690338
0,0,0.9924457480422962,0.007554251957703635,0.9924457480422962
0,0,0.9460193202093022,0.05398067979069625,0.9460193202093022
0,0,0.9929528652969228,0.00704713470307655,0.9929528652969228
0,0,0.934991687394733,0.06500831260526675,0.934991687394733
0,0,0.9226196883184566,0.07738031168154352,0.9226196883184566
0,0,0.8471504644893699,0.15284953551062955,0.8471504644893699
0,0,0.9214966459829822,0.07850335401701802,0.9214966459829822
0,0,0.6077247577750654,0.39227524222493565,0.6077247577750654
0,1,0.430875155083632,0.5691248449163696,0.5691248449163696
0,1,0.4147052982346492,0.5852947017653508,0.5852947017653508
0,0,0.8807616744080148,0.11923832559198627,0.8807616744080148
0,0,0.9983621458594004,0.0016378541405998248,0.9983621458594004
0,0,0.7944731979148734,0.20552680208512608,0.7944731979148734
0,0,0.9458059591452459,0.054194040854753545,0.9458059591452459
0,0,0.6427980112648277,0.35720198873517395,0.6427980112648277
0,1,0.21337993795016233,0.7866200620498376,0.7866200620498376
1,1,0.1942584371627741,0.8057415628372268,0.8057415628372268
0,0,0.9931277291297598,0.006872270870238682,0.9931277291297598
0,0,0.9893145349886862,0.010685465011314123,0.9893145349886862
0,1,0.21373769924582828,0.7862623007541706,0.7862623007541706
0,0,0.9905343340176243,0.009465665982376664,0.9905343340176243
0,0,0.9333181000001369,0.06668189999986195,0.9333181000001369
0,0,0.9611010325457565,0.03889896745424197,0.9611010325457565
0,0,0.9855685814339541,0.014431418566045183,0.9855685814339541
0,0,0.9820313103132228,0.017968689686776652,0.9820313103132228
0,0,0.9971461148278945,0.0028538851721052905,0.9971461148278945
1,1,0.1081806095303416,0.8918193904696585,0.8918193904696585
0,0,0.9177615370614542,0.08223846293854446,0.9177615370614542
0,0,0.9238362615009706,0.07616373849903069,0.9238362615009706
0,0,0.9454850407910774,0.05451495920892321,0.9454850407910774
0,0,0.8591309795876761,0.14086902041232294,0.8591309795876761
1,1,0.25118661123698116,0.7488133887630196,0.7488133887630196
0,0,0.7202610956925037,0.27973890430749504,0.7202610956925037
0,0,0.9723183291940868,0.027681670805911777,0.9723183291940868
1,0,0.996024454087101,0.003975545912898731,0.996024454087101
0,0,0.9987220239322108,0.0012779760677890635,0.9987220239322108
0,0,0.9679250065039653,0.032074993496035396,0.9679250065039653
0,0,0.9846013108312307,0.015398689168769502,0.9846013108312307
0,0,0.8802628300866473,0.1197371699133529,0.8802628300866473
0,0,0.9855977815216566,0.01440221847834374,0.9855977815216566
1,0,0.9105588672598073,0.08944113274019148,0.9105588672598073
0,0,0.9836822961543721,0.01631770384562963,0.9836822961543721
0,0,0.9972896334689432,0.0027103665310579932,0.9972896334689432
1,0,0.6990263735509875,0.30097362644901077,0.6990263735509875
1,0,0.8105786213828086,0.1894213786171923,0.8105786213828086
0,0,0.5652538148646418,0.43474618513535646,0.5652538148646418
0,0,0.9984338221971899,0.0015661778028111563,0.9984338221971899
0,0,0.7371700002998658,0.26282999970013277,0.7371700002998658
0,0,0.9798619651405017,0.020138034859499714,0.9798619651405017
0,0,0.8084991720923183,0.19150082790768178,0.8084991720923183
0,0,0.8108023056979391,0.1891976943020601,0.8108023056979391
0,0,0.9799028681720574,0.020097131827943444,0.9799028681720574
0,0,0.9761198057207404,0.02388019427925928,0.9761198057207404
0,0,0.8575751857823489,0.14242481421765088,0.8575751857823489
0,0,0.7908701222797784,0.20912987772022212,0.7908701222797784
0,0,0.9633523750828106,0.03664762491719032,0.9633523750828106
0,0,0.9953327609655223,0.004667239034478166,0.9953327609655223
0,0,0.8593515750089535,0.14064842499104477,0.8593515750089535
0,0,0.9805896818104425,0.019410318189558903,0.9805896818104425
0,0,0.9973039980238954,0.0026960019761041796,0.9973039980238954
0,0,0.985053180575629,0.014946819424372398,0.985053180575629
0,0,0.8351502205764687,0.16484977942353077,0.8351502205764687
0,0,0.9184429339943246,0.0815570660056753,0.9184429339943246
0,0,0.8958183594280079,0.10418164057199136,0.8958183594280079
1,1,0.28539004298471427,0.7146099570152851,0.7146099570152851
0,0,0.9838257547008042,0.016174245299195315,0.9838257547008042
0,0,0.9148404996097136,0.08515950039028697,0.9148404996097136
0,0,0.8704069751584225,0.12959302484157773,0.8704069751584225
0,1,0.4276794548600287,0.5723205451399715,0.5723205451399715
1,0,0.9501794471539863,0.049820552846015324,0.9501794471539863
0,0,0.9894766967796045,0.01052330322039645,0.9894766967796045
1,0,0.789655221334083,0.21034477866591822,0.789655221334083
0,0,0.9861943612556158,0.013805638744385272,0.9861943612556158
0,0,0.9539260830742368,0.0460739169257629,0.9539260830742368
0,0,0.8394455978124189,0.1605544021875801,0.8394455978124189
0,0,0.9969924675042438,0.003007532495755612,0.9969924675042438
1,0,0.6731591660642232,0.32684083393577773,0.6731591660642232
0,0,0.9719803918555607,0.028019608144437803,0.9719803918555607
0,0,0.9826335919767081,0.017366408023290945,0.9826335919767081
0,0,0.9746393864743472,0.02536061352565281,0.9746393864743472
0,0,0.9307995247304279,0.06920047526957258,0.9307995247304279
0,0,0.9977217115455319,0.002278288454467921,0.9977217115455319
0,0,0.9626286345215599,0.0373713654784401,0.9626286345215599
0,0,0.997829069963936,0.0021709300360643912,0.997829069963936
0,0,0.750599307233115,0.24940069276688373,0.750599307233115
1,0,0.9910819948661549,0.008918005133846635,0.9910819948661549
0,0,0.9579049546970217,0.04209504530297804,0.9579049546970217
0,0,0.7471944043101171,0.25280559568988326,0.7471944043101171
0,0,0.8470394340685556,0.15296056593144333,0.8470394340685556
0,0,0.7245293934856462,0.2754706065143537,0.7245293934856462
0,0,0.6964997596592214,0.3035002403407793,0.6964997596592214
0,0,0.9941671681561715,0.005832831843829117,0.9941671681561715
0,0,0.9309020079005305,0.06909799209946957,0.9309020079005305
0,0,0.9698137800804054,0.030186219919593135,0.9698137800804054
0,0,0.9950859681470392,0.004914031852960925,0.9950859681470392
0,0,0.9897853355054186,0.010214664494582849,0.9897853355054186
0,0,0.9505563871842367,0.04944361281576273,0.9505563871842367
0,0,0.9940594591314652,0.005940540868535941,0.9940594591314652
0,0,0.6706959322866689,0.32930406771333115,0.6706959322866689
0,0,0.8416827626972322,0.15831723730276706,0.8416827626972322
0,0,0.9410560613511432,0.0589439386488562,0.9410560613511432
0,0,0.9754430842886639,0.02455691571133602,0.9754430842886639
0,0,0.9258728631389029,0.0741271368610957,0.9258728631389029
0,0,0.8814490864558397,0.11855091354416067,0.8814490864558397
0,0,0.926081929682215,0.07391807031778437,0.926081929682215
0,0,0.8702104192597945,0.1297895807402043,0.8702104192597945
0,0,0.8771113137060851,0.12288868629391557,0.8771113137060851
0,0,0.6325830579442179,0.3674169420557817,0.6325830579442179
0,0,0.9804231173629877,0.019576882637013713,0.9804231173629877
0,0,0.9729013682451406,0.02709863175486101,0.9729013682451406
0,0,0.9320723569194447,0.06792764308055385,0.9320723569194447
0,0,0.8976570810515186,0.10234291894848095,0.8976570810515186
1,0,0.8181725814913337,0.18182741850866607,0.8181725814913337
0,0,0.5022329493069827,0.49776705069301846,0.5022329493069827
1,0,0.9075501028565202,0.09244989714348026,0.9075501028565202
1,0,0.6766626976484628,0.3233373023515386,0.6766626976484628
0,1,0.06603818640984024,0.9339618135901588,0.9339618135901588
1,0,0.785500606049708,0.21449939395029094,0.785500606049708
1,0,0.8148312521827304,0.1851687478172703,0.8148312521827304
0,0,0.9890378869282198,0.010962113071781566,0.9890378869282198
0,0,0.9910882311728102,0.008911768827189206,0.9910882311728102
0,0,0.9535653231933209,0.04643467680667914,0.9535653231933209
0,0,0.9779516318505156,0.02204836814948376,0.9779516318505156
0,0,0.9947636515034189,0.00523634849658145,0.9947636515034189
1,0,0.8971933615575677,0.10280663844243251,0.8971933615575677
0,0,0.9704918852791874,0.029508114720812908,0.9704918852791874
0,0,0.9733769529553823,0.02662304704461799,0.9733769529553823
0,0,0.9940156528633431,0.005984347136657944,0.9940156528633431
0,0,0.9639792460991987,0.036020753900799854,0.9639792460991987
0,0,0.9895081894356488,0.01049181056435075,0.9895081894356488
0,0,0.9822897497354512,0.01771025026454785,0.9822897497354512
0,0,0.936352259308037,0.06364774069196376,0.936352259308037
0,0,0.8536938050523325,0.14630619494766708,0.8536938050523325
0,0,0.9964313837515322,0.0035686162484681433,0.9964313837515322
0,0,0.9359882939447994,0.06401170605520076,0.9359882939447994
0,0,0.9861033923249235,0.013896607675076089,0.9861033923249235
0,0,0.9809079556079824,0.019092044392019007,0.9809079556079824
0,0,0.8337831523483263,0.1662168476516721,0.8337831523483263
0,0,0.9659054274680273,0.034094572531971075,0.9659054274680273
0,0,0.9651589701996567,0.03484102980034369,0.9651589701996567
0,0,0.9981233924559414,0.0018766075440600552,0.9981233924559414
0,0,0.9888457513652421,0.011154248634756716,0.9888457513652421
0,0,0.9020553151839183,0.09794468481608246,0.9020553151839183
0,0,0.9739057220726072,0.026094277927393494,0.9739057220726072
0,0,0.962731156362785,0.03726884363721352,0.962731156362785
0,0,0.88509514022946,0.1149048597705403,0.88509514022946
0,0,0.968498875667835,0.03150112433216389,0.968498875667835
0,0,0.9365556927587502,0.06344430724125119,0.9365556927587502
0,0,0.984821772470731,0.015178227529269292,0.984821772470731
0,0,0.9967724553771309,0.0032275446228685794,0.9967724553771309
0,0,0.9907362604429584,0.009263739557040053,0.9907362604429584
0,0,0.7750976159095925,0.22490238409040794,0.7750976159095925
0,0,0.9960432091336824,0.0039567908663176235,0.9960432091336824
1,1,0.38986998852107546,0.6101300114789239,0.6101300114789239
0,0,0.9862311652006419,0.013768834799357414,0.9862311652006419
0,0,0.9828215366657639,0.017178463334235103,0.9828215366657639
0,0,0.8730683385218125,0.1269316614781866,0.8730683385218125
1,1,0.4671981166780885,0.5328018833219124,0.5328018833219124
0,0,0.8954219637470258,0.1045780362529756,0.8954219637470258
0,0,0.9454631694339877,0.054536830566012155,0.9454631694339877
0,0,0.989391801324864,0.010608198675135273,0.989391801324864
0,0,0.7537151434934151,0.24628485650658577,0.7537151434934151
0,0,0.6189118379264528,0.38108816207354584,0.6189118379264528
0,0,0.995607420766237,0.004392579233762357,0.995607420766237
1,1,0.4998975292774384,0.5001024707225625,0.5001024707225625
0,0,0.9432043394354365,0.05679566056456419,0.9432043394354365
0,0,0.6828744475215254,0.3171255524784745,0.6828744475215254
0,0,0.9474790127157376,0.05252098728426234,0.9474790127157376
0,0,0.9802202738658105,0.019779726134189837,0.9802202738658105
0,0,0.8859935291372447,0.11400647086275513,0.8859935291372447
1,0,0.8528250081352845,0.14717499186471694,0.8528250081352845
0,0,0.9880685055700059,0.011931494429993214,0.9880685055700059
1,1,0.42663325789951073,0.5733667421004889,0.5733667421004889
0,0,0.8239008340886721,0.17609916591132732,0.8239008340886721
0,0,0.9823700032427178,0.017629996757282208,0.9823700032427178
0,0,0.998924592666987,0.0010754073330126058,0.998924592666987
0,0,0.9582938620093188,0.04170613799067986,0.9582938620093188
0,0,0.9834900223633986,0.01650997763659985,0.9834900223633986
0,0,0.9864278971554616,0.01357210284453802,0.9864278971554616
0,0,0.9514162542756972,0.0485837457243028,0.9514162542756972
0,0,0.7384171853533279,0.26158281464667277,0.7384171853533279
0,0,0.6212785381285936,0.3787214618714047,0.6212785381285936
1,0,0.9422045653058879,0.05779543469411364,0.9422045653058879
0,0,0.9608869220752999,0.039113077924700375,0.9608869220752999
1,1,0.4448134402039761,0.5551865597960249,0.5551865597960249
0,0,0.9600578511226838,0.039942148877316064,0.9600578511226838
0,0,0.8472756591730056,0.15272434082699343,0.8472756591730056
0,0,0.9736252778524511,0.02637472214754753,0.9736252778524511
0,0,0.9478717775512708,0.05212822244872874,0.9478717775512708
0,0,0.8170113152705994,0.1829886847294008,0.8170113152705994
0,0,0.9090201826494152,0.09097981735058468,0.9090201826494152
0,0,0.8875407247027368,0.11245927529726389,0.8875407247027368
0,0,0.9960519486339001,0.003948051366099183,0.9960519486339001
0,1,0.1860387688963672,0.8139612311036345,0.8139612311036345
0,0,0.9980820655560247,0.001917934443975189,0.9980820655560247
0,0,0.9976638346882072,0.002336165311792453,0.9976638346882072
0,0,0.9711901206248648,0.028809879375135527,0.9711901206248648
0,0,0.9742560869624445,0.025743913037554297,0.9742560869624445
0,0,0.9012231569128085,0.09877684308719215,0.9012231569128085
1,1,0.35953886789027784,0.6404611321097223,0.6404611321097223
0,0,0.9814631072985669,0.018536892701432973,0.9814631072985669
0,0,0.991835341641721,0.008164658358279262,0.991835341641721
1,0,0.9801798613992463,0.019820138600753063,0.9801798613992463
0,0,0.8364273579761239,0.16357264202387725,0.8364273579761239
0,0,0.9714523431513205,0.028547656848681054,0.9714523431513205
0,0,0.9964233177393369,0.003576682260664728,0.9964233177393369
1,0,0.8569110439682907,0.14308895603171096,0.8569110439682907
1,0,0.8911270596403036,0.10887294035969647,0.8911270596403036
0,0,0.9848640555158579,0.015135944484140485,0.9848640555158579
0,0,0.97562219518027,0.024377804819728562,0.97562219518027
0,1,0.4315378888112724,0.5684621111887271,0.5684621111887271
0,0,0.9593885675208698,0.040611432479128955,0.9593885675208698
0,0,0.9702223916392054,0.029777608360793902,0.9702223916392054
0,0,0.9968868083931579,0.0031131916068417253,0.9968868083931579
0,0,0.6493588833249601,0.35064111667504066,0.6493588833249601
0,0,0.9952883141489275,0.004711685851071509,0.9952883141489275
0,1,0.04387203974339593,0.9561279602566054,0.9561279602566054
0,0,0.6558227913494892,0.34417720865050905,0.6558227913494892
0,1,0.3600077956254693,0.6399922043745316,0.6399922043745316
0,0,0.9495512545526198,0.050448745447379255,0.9495512545526198
0,0,0.9964352087089627,0.0035647912910375342,0.9964352087089627
0,0,0.9801080332734199,0.01989196672658071,0.9801080332734199
0,0,0.9825416036719817,0.017458396328018815,0.9825416036719817
0,0,0.9349118347870871,0.06508816521291443,0.9349118347870871
0,0,0.6954003638857807,0.3045996361142177,0.6954003638857807
0,0,0.9207263632010062,0.07927363679899414,0.9207263632010062
0,0,0.9086269387812985,0.09137306121870117,0.9086269387812985
0,0,0.9318394698049821,0.06816053019501865,0.9318394698049821
0,0,0.922435572389376,0.0775644276106254,0.922435572389376
0,0,0.9376145415352423,0.06238545846475811,0.9376145415352423
0,0,0.9819120178075568,0.018087982192443744,0.9819120178075568
0,0,0.9262914420843434,0.07370855791565668,0.9262914420843434
0,0,0.9785763401936769,0.021423659806322277,0.9785763401936769
0,0,0.9646359635999924,0.03536403640000791,0.9646359635999924
0,0,0.997094495013598,0.0029055049864014546,0.997094495013598
0,0,0.9942655897531969,0.005734410246803917,0.9942655897531969
0,0,0.7908018477089322,0.20919815229106847,0.7908018477089322
1,0,0.8756120499727128,0.12438795002728746,0.8756120499727128
0,0,0.8943760994632924,0.10562390053670923,0.8943760994632924
0,0,0.8851660127010477,0.11483398729895161,0.8851660127010477
0,0,0.7608007552803312,0.23919924471966791,0.7608007552803312
0,0,0.7064098874780423,0.2935901125219561,0.7064098874780423
0,0,0.8654156501933592,0.13458434980664097,0.8654156501933592
1,1,0.01324182506837561,0.9867581749316233,0.9867581749316233
0,1,0.395172947182685,0.6048270528173136,0.6048270528173136
0,0,0.9047561162865704,0.09524388371342983,0.9047561162865704
0,0,0.9549541899558303,0.04504581004417029,0.9549541899558303
0,0,0.8447767098692235,0.1552232901307777,0.8447767098692235
0,0,0.9796921569472969,0.020307843052702612,0.9796921569472969
0,0,0.9755327009207904,0.02446729907921021,0.9755327009207904
0,0,0.9876943035295341,0.012305696470465444,0.9876943035295341
0,0,0.9462917768359572,0.053708223164042834,0.9462917768359572
0,0,0.9787401626412076,0.021259837358791847,0.9787401626412076
0,0,0.8885995521029362,0.11140044789706367,0.8885995521029362
0,0,0.6861121632052818,0.3138878367947195,0.6861121632052818
0,0,0.9941519831520531,0.005848016847946889,0.9941519831520531
0,0,0.9711490584809639,0.028850941519036284,0.9711490584809639
0,0,0.8565894599429733,0.14341054005702675,0.8565894599429733
0,0,0.9936937718414128,0.006306228158587057,0.9936937718414128
0,1,0.18494728104434868,0.8150527189556508,0.8150527189556508
0,0,0.99477626165586,0.005223738344139662,0.99477626165586
0,0,0.8904811832851833,0.10951881671481661,0.8904811832851833
0,0,0.9967324179856024,0.003267582014398139,0.9967324179856024
0,0,0.6146908491493834,0.3853091508506164,0.6146908491493834
0,0,0.9313200041214608,0.06867999587854051,0.9313200041214608
0,0,0.5109013786797417,0.489098621320257,0.5109013786797417
0,0,0.9747213709457165,0.025278629054284154,0.9747213709457165
0,0,0.8478959024969691,0.15210409750303155,0.8478959024969691
0,0,0.988785233481602,0.011214766518397196,0.988785233481602
0,0,0.831288622693855,0.16871137730614585,0.831288622693855
1,1,0.027053478167741514,0.97294652183226,0.97294652183226
0,0,0.9901035675705445,0.009896432429454665,0.9901035675705445
0,0,0.9850133722031942,0.01498662779680416,0.9850133722031942
0,0,0.5153136093883356,0.4846863906116655,0.5153136093883356
0,0,0.9582906225309741,0.041709377469025276,0.9582906225309741
0,0,0.9925214560857487,0.007478543914252644,0.9925214560857487
0,0,0.8393959444875685,0.1606040555124307,0.8393959444875685
0,0,0.9840540424950323,0.01594595750496837,0.9840540424950323
0,0,0.926776157888785,0.07322384211121331,0.926776157888785
0,0,0.9489449752547416,0.0510550247452587,0.9489449752547416
0,1,0.009345028355275706,0.9906549716447237,0.9906549716447237
0,0,0.963669010599757,0.03633098940024226,0.963669010599757
0,0,0.5137033825130134,0.4862966174869859,0.5137033825130134
0,0,0.7701734571174825,0.22982654288251694,0.7701734571174825
0,0,0.9271706249302426,0.07282937506975894,0.9271706249302426
0,0,0.9557947520661303,0.04420524793386856,0.9557947520661303
0,0,0.539429634573116,0.4605703654268852,0.539429634573116
0,0,0.6316943202375956,0.36830567976240347,0.6316943202375956
1,0,0.9814561742209181,0.018543825779081202,0.9814561742209181
0,0,0.993846750276573,0.006153249723427437,0.993846750276573
0,0,0.9812283456102513,0.018771654389749225,0.9812283456102513
0,1,0.41286191543885903,0.5871380845611397,0.5871380845611397
0,0,0.5930870870870889,0.406912912912911,0.5930870870870889
0,0,0.9602106656807858,0.03978933431921401,0.9602106656807858
0,0,0.7943850581793575,0.2056149418206424,0.7943850581793575
0,0,0.9973012488579983,0.0026987511420018726,0.9973012488579983
1,0,0.6687526239739124,0.33124737602608917,0.6687526239739124
0,0,0.9903007145324652,0.009699285467535079,0.9903007145324652
0,1,0.037635316776586984,0.9623646832234114,0.9623646832234114
0,0,0.9840754347375924,0.015924565262407115,0.9840754347375924
0,0,0.9787316138947362,0.021268386105264186,0.9787316138947362
0,0,0.9773844495610765,0.02261555043892182,0.9773844495610765
0,0,0.9978476865137382,0.002152313486262512,0.9978476865137382
0,0,0.8928546179465779,0.10714538205342343,0.8928546179465779
0,0,0.9772068385638767,0.022793161436122825,0.9772068385638767
0,0,0.7988221078515721,0.2011778921484282,0.7988221078515721
0,0,0.9548640955525138,0.04513590444748694,0.9548640955525138
0,0,0.7987298304261019,0.20127016957389818,0.7987298304261019
0,0,0.9794366496526125,0.02056335034738788,0.9794366496526125
0,0,0.8132416284742278,0.18675837152577335,0.8132416284742278
0,0,0.9286670152252285,0.07133298477477229,0.9286670152252285
0,0,0.9313395522345277,0.06866044776547081,0.9313395522345277
0,0,0.5941139843644144,0.40588601563558446,0.5941139843644144
0,0,0.9634729747325985,0.036527025267402556,0.9634729747325985
0,0,0.8945327221562909,0.10546727784370978,0.8945327221562909
0,0,0.9917810425074727,0.008218957492527143,0.9917810425074727
0,1,0.3209574271906256,0.6790425728093755,0.6790425728093755
0,0,0.9007137271651344,0.09928627283486625,0.9007137271651344
0,0,0.9827648659093604,0.017235134090638003,0.9827648659093604
0,0,0.933656049281323,0.066343950718677,0.933656049281323
0,0,0.993928582269136,0.006071417730863158,0.993928582269136
0,0,0.85966909497334,0.14033090502665826,0.85966909497334
0,0,0.9676376943568686,0.03236230564313214,0.9676376943568686
0,0,0.9971935629562022,0.0028064370437984637,0.9971935629562022
1,1,0.09334930916129822,0.9066506908387023,0.9066506908387023
1,0,0.9809646934467471,0.019035306553253167,0.9809646934467471
0,0,0.9953241250819649,0.004675874918033889,0.9953241250819649
0,0,0.9834743061972646,0.016525693802736524,0.9834743061972646
0,0,0.9950198243831128,0.004980175616885642,0.9950198243831128
0,0,0.7155401271833775,0.28445987281662394,0.7155401271833775
0,0,0.967600303272222,0.03239969672777782,0.967600303272222
0,0,0.7180622378945933,0.28193776210540566,0.7180622378945933
0,1,0.41670188027565064,0.5832981197243493,0.5832981197243493
0,0,0.9963329515001337,0.0036670484998645894,0.9963329515001337
0,0,0.8024490588776559,0.1975509411223449,0.8024490588776559
0,0,0.9576492131973243,0.04235078680267649,0.9576492131973243
0,0,0.5056106242629392,0.49438937573706143,0.5056106242629392
0,0,0.910220800692686,0.08977919930731415,0.910220800692686
0,0,0.7514576129734256,0.2485423870265759,0.7514576129734256
0,0,0.9870883946765077,0.012911605323491906,0.9870883946765077
0,0,0.8448742256458307,0.1551257743541692,0.8448742256458307
0,0,0.8675749314546695,0.13242506854533062,0.8675749314546695
0,0,0.9988786024396452,0.0011213975603556947,0.9988786024396452
0,0,0.8702393706227937,0.12976062937720764,0.8702393706227937
0,0,0.9062700657690471,0.09372993423095247,0.9062700657690471
0,0,0.7837121210228071,0.21628787897719212,0.7837121210228071
0,0,0.9137325979961968,0.08626740200380292,0.9137325979961968
0,0,0.9823323900622641,0.01766760993773655,0.9823323900622641
1,0,0.9550404395582458,0.044959560441752776,0.9550404395582458
0,0,0.9946340280686548,0.005365971931344503,0.9946340280686548
0,0,0.9763698274274678,0.023630172572532766,0.9763698274274678
0,0,0.980730331280171,0.01926966871982842,0.980730331280171
0,0,0.9983898868343756,0.001610113165625151,0.9983898868343756
0,0,0.95359658900592,0.04640341099407905,0.95359658900592
0,0,0.9941908805091371,0.005809119490862306,0.9941908805091371
0,1,0.04058063824828332,0.9594193617517165,0.9594193617517165
0,0,0.8612409559220285,0.1387590440779704,0.8612409559220285
1,0,0.9508369843690856,0.04916301563091386,0.9508369843690856
0,0,0.8624904441477323,0.1375095558522665,0.8624904441477323
0,0,0.9160047298154865,0.08399527018451172,0.9160047298154865
0,0,0.9504484525246096,0.049551547475391096,0.9504484525246096
0,0,0.8473525859282078,0.15264741407179183,0.8473525859282078
0,0,0.9109992836227218,0.08900071637727792,0.9109992836227218
0,0,0.9378327450341158,0.062167254965884114,0.9378327450341158
0,0,0.9922984598585252,0.007701540141476317,0.9922984598585252
0,0,0.9807218533415132,0.019278146658487275,0.9807218533415132
0,0,0.7743322795515207,0.22566772044847985,0.7743322795515207
0,0,0.8340291817644307,0.16597081823557008,0.8340291817644307
0,0,0.8644802244601931,0.13551977553980665,0.8644802244601931
0,0,0.8913182073684023,0.10868179263159851,0.8913182073684023
0,0,0.9625454250790857,0.0374545749209144,0.9625454250790857
0,0,0.8709001855394546,0.12909981446054575,0.8709001855394546
0,0,0.9237427520757585,0.07625724792424152,0.9237427520757585
0,0,0.9893319297386378,0.01066807026136393,0.9893319297386378
0,0,0.9780192998816196,0.02198070011838211,0.9780192998816196
0,0,0.9912243622352644,0.008775637764734764,0.9912243622352644
0,0,0.839304375877317,0.16069562412268465,0.839304375877317
0,0,0.5938165343815847,0.40618346561841406,0.5938165343815847
0,0,0.8629132633471114,0.13708673665288926,0.8629132633471114
0,0,0.9774368806934052,0.022563119306594888,0.9774368806934052
1,0,0.5378383315570232,0.4621616684429768,0.5378383315570232
0,1,0.1337056086802558,0.8662943913197445,0.8662943913197445
0,0,0.9954128892397877,0.004587110760211805,0.9954128892397877
0,0,0.8738569554059414,0.12614304459405687,0.8738569554059414
0,0,0.9018175520913165,0.09818244790868241,0.9018175520913165
0,0,0.9969146354463116,0.003085364553687609,0.9969146354463116
0,0,0.8225159644820835,0.17748403551791675,0.8225159644820835
0,0,0.9973137371329391,0.0026862628670598155,0.9973137371329391
0,0,0.98911567354448,0.010884326455520217,0.98911567354448
0,0,0.9390404970819227,0.06095950291807587,0.9390404970819227
0,0,0.8401296587407345,0.1598703412592663,0.8401296587407345
0,0,0.6265446728275215,0.3734553271724779,0.6265446728275215
0,0,0.9976839087593319,0.002316091240669356,0.9976839087593319
0,1,0.1674546920940335,0.8325453079059669,0.8325453079059669
0,0,0.9711918373592192,0.02880816264078159,0.9711918373592192
0,0,0.9920629342391907,0.007937065760809868,0.9920629342391907
0,1,0.26785898137451775,0.7321410186254829,0.7321410186254829
0,0,0.9242823741328964,0.07571762586710395,0.9242823741328964
0,0,0.862445796875606,0.1375542031243924,0.862445796875606
0,0,0.9883769256915208,0.011623074308478254,0.9883769256915208
0,0,0.8537664665722036,0.14623353342779777,0.8537664665722036
0,0,0.9935500800757301,0.006449919924271026,0.9935500800757301
0,0,0.5381253429231648,0.46187465707683634,0.5381253429231648
0,0,0.9952431355603051,0.004756864439695382,0.9952431355603051
0,1,0.3185631000651524,0.6814368999348484,0.6814368999348484
0,0,0.9330320638072975,0.06696793619270126,0.9330320638072975
0,0,0.8880240780390846,0.11197592196091664,0.8880240780390846
0,0,0.9916612223300748,0.008338777669925555,0.9916612223300748
0,0,0.5242129099145895,0.4757870900854122,0.5242129099145895
0,0,0.9901793575962416,0.009820642403758819,0.9901793575962416
0,0,0.994492997510593,0.005507002489406022,0.994492997510593
0,0,0.9516982265967585,0.04830177340324133,0.9516982265967585
0,0,0.876592296787524,0.12340770321247767,0.876592296787524
0,0,0.98315865999534,0.01684134000466146,0.98315865999534
1,0,0.9325200559894369,0.06747994401056441,0.9325200559894369
0,0,0.8857917423996322,0.11420825760036835,0.8857917423996322
0,0,0.9929778021069426,0.007022197893057519,0.9929778021069426
0,0,0.97233275469496,0.02766724530503914,0.97233275469496
0,0,0.9637898144074629,0.03621018559253551,0.9637898144074629
0,0,0.8813655481807312,0.11863445181926915,0.8813655481807312
0,0,0.9726348777987253,0.027365122201275318,0.9726348777987253
0,0,0.7707510803031309,0.22924891969686778,0.7707510803031309
0,0,0.9913560891271063,0.008643910872893781,0.9913560891271063
0,0,0.9963237027962983,0.003676297203701508,0.9963237027962983
0,0,0.9224404547881675,0.07755954521183188,0.9224404547881675
0,0,0.6971409132064144,0.3028590867935848,0.6971409132064144
0,0,0.9878960088883867,0.012103991111614141,0.9878960088883867
1,1,0.05317670556921304,0.9468232944307884,0.9468232944307884
0,0,0.9971413085732074,0.0028586914267912243,0.9971413085732074
0,0,0.977265094665534,0.022734905334466763,0.977265094665534
1,0,0.7087744651532799,0.2912255348467205,0.7087744651532799
0,0,0.931136826603197,0.06886317339680302,0.931136826603197
0,0,0.9916830304245329,0.008316969575465965,0.9916830304245329
0,0,0.9830086514140439,0.01699134858595605,0.9830086514140439
0,0,0.9549895727383243,0.04501042726167745,0.9549895727383243
0,0,0.9652092094712983,0.0347907905287023,0.9652092094712983
0,0,0.9097356362691671,0.0902643637308346,0.9097356362691671
0,0,0.9974790179164312,0.00252098208356742,0.9974790179164312
0,0,0.9777311358376756,0.02226886416232563,0.9777311358376756
0,1,0.34537339200924977,0.6546266079907503,0.6546266079907503
0,0,0.9148784529463809,0.08512154705361887,0.9148784529463809
0,0,0.542129208153061,0.4578707918469388,0.542129208153061
0,0,0.9465785735670043,0.05342142643299716,0.9465785735670043
1,1,0.023989894809846903,0.9760101051901537,0.9760101051901537
0,0,0.9396742364581594,0.0603257635418409,0.9396742364581594
0,0,0.9448296967253049,0.055170303274695597,0.9448296967253049
0,0,0.9981444071841608,0.0018555928158399465,0.9981444071841608
0,0,0.9726685712547734,0.027331428745227686,0.9726685712547734
0,0,0.9315203280537062,0.06847967194629224,0.9315203280537062
0,0,0.9771717412516114,0.022828258748388473,0.9771717412516114
1,1,0.009968632921733101,0.9900313670782667,0.9900313670782667
0,0,0.983905094770851,0.016094905229149373,0.983905094770851
1,0,0.8108017673960252,0.1891982326039734,0.8108017673960252
0,0,0.9917109806154645,0.00828901938453726,0.9917109806154645
0,0,0.9775616016657481,0.02243839833425115,0.9775616016657481
0,0,0.8580246116782658,0.14197538832173406,0.8580246116782658
0,0,0.9972562590728591,0.002743740927141635,0.9972562590728591
0,0,0.9986116167698826,0.001388383230118017,0.9986116167698826
1,0,0.6802085266234036,0.3197914733765952,0.6802085266234036
0,0,0.9734219600146156,0.026578039985383925,0.9734219600146156
0,0,0.9962618088399738,0.003738191160025915,0.9962618088399738
0,0,0.9300067512297575,0.06999324877024167,0.9300067512297575
0,0,0.9317110969933987,0.0682889030066025,0.9317110969933987
0,0,0.9881348009465337,0.011865199053466493,0.9881348009465337
0,0,0.9931473799977937,0.006852620002207325,0.9931473799977937
0,0,0.9439954818190521,0.05600451818094764,0.9439954818190521
0,0,0.9503299716737384,0.049670028326260406,0.9503299716737384
0,0,0.8215520627968012,0.17844793720319974,0.8215520627968012
0,0,0.9957624477106921,0.0042375522893084066,0.9957624477106921
0,0,0.990615768269684,0.009384231730314748,0.990615768269684
0,0,0.9945883520612641,0.0054116479387347075,0.9945883520612641
0,0,0.9468010712861447,0.053198928713856376,0.9468010712861447
0,0,0.9872030299400355,0.012796970059964635,0.9872030299400355
1,0,0.9291014773481362,0.07089852265186551,0.9291014773481362
0,0,0.9200319357992777,0.07996806420072083,0.9200319357992777
1,0,0.9609922837098679,0.039007716290132936,0.9609922837098679
0,0,0.9271171081833548,0.07288289181664646,0.9271171081833548
0,0,0.8472756591730056,0.15272434082699343,0.8472756591730056
0,0,0.9964586771718364,0.0035413228281650356,0.9964586771718364
0,0,0.955978050889296,0.044021949110703965,0.955978050889296
0,0,0.9513924110326256,0.048607588967375936,0.9513924110326256
0,0,0.7727176876686999,0.22728231233130033,0.7727176876686999
0,0,0.9972781000801536,0.0027218999198468674,0.9972781000801536
0,0,0.8342765611152976,0.1657234388847012,0.8342765611152976
0,0,0.8719320223737481,0.1280679776262518,0.8719320223737481
1,1,0.26212068964646906,0.7378793103535314,0.7378793103535314
0,0,0.9830651285937839,0.01693487140621733,0.9830651285937839
0,0,0.9636816252133892,0.03631837478661019,0.9636816252133892
0,0,0.7370761770215002,0.2629238229784987,0.7370761770215002
0,0,0.9889178390011747,0.01108216099882457,0.9889178390011747
1,1,0.4899270346446729,0.5100729653553265,0.5100729653553265
0,0,0.9903598383798659,0.009640161620134795,0.9903598383798659
0,0,0.8672985112240323,0.13270148877596852,0.8672985112240323
1,0,0.9378043295590028,0.06219567044099732,0.9378043295590028
0,0,0.6749428673845863,0.32505713261541397,0.6749428673845863
1,0,0.9554676076298994,0.044532392370099594,0.9554676076298994
0,0,0.974592703600264,0.02540729639973721,0.974592703600264
0,0,0.9096476579551545,0.09035234204484592,0.9096476579551545
0,0,0.9901675793903193,0.009832420609681434,0.9901675793903193
1,1,0.305756139559505,0.6942438604404942,0.6942438604404942
1,0,0.8228190244993583,0.17718097550064316,0.8228190244993583
1,0,0.7006236076218593,0.29937639237814145,0.7006236076218593
0,0,0.9539168892984276,0.04608311070157327,0.9539168892984276
0,0,0.9976500772298164,0.0023499227701829065,0.9976500772298164
0,0,0.8610224141717641,0.13897758582823497,0.8610224141717641
0,0,0.9174467055402009,0.0825532944598001,0.9174467055402009
0,0,0.9946519069471884,0.005348093052812024,0.9946519069471884
0,0,0.8722885232796042,0.1277114767203943,0.8722885232796042
1,0,0.9896329939177319,0.010367006082268896,0.9896329939177319
0,0,0.9046778025244897,0.09532219747550874,0.9046778025244897
0,0,0.9945054755778211,0.005494524422178885,0.9945054755778211
1,0,0.9733762960724751,0.026623703927525923,0.9733762960724751
0,0,0.9507356201637828,0.04926437983621553,0.9507356201637828
1,0,0.792538956768448,0.20746104323155148,0.792538956768448
1,0,0.9727317089079633,0.02726829109203633,0.9727317089079633
0,0,0.9560331599612586,0.043966840038741496,0.9560331599612586
0,0,0.998258055413224,0.0017419445867767392,0.998258055413224
0,0,0.9955220611140699,0.004477938885931755,0.9955220611140699
0,0,0.8905590371932941,0.10944096280670447,0.8905590371932941
0,0,0.6222853018984487,0.37771469810155045,0.6222853018984487
0,0,0.9677743174214897,0.032225682578509836,0.9677743174214897
1,0,0.7031599867233758,0.2968400132766241,0.7031599867233758
0,0,0.9767756914009407,0.02322430859906049,0.9767756914009407
0,0,0.9970276501053926,0.0029723498946075664,0.9970276501053926
0,0,0.9882573473030197,0.011742652696979593,0.9882573473030197
0,0,0.5306818771358075,0.4693181228641938,0.5306818771358075
0,0,0.8387775675917754,0.16122243240822456,0.8387775675917754
0,0,0.9993652561949831,0.0006347438050173288,0.9993652561949831
1,0,0.8317891343975437,0.16821086560245638,0.8317891343975437
0,0,0.9839782002551622,0.016021799744836192,0.9839782002551622
0,0,0.971981974316147,0.028018025683851498,0.971981974316147
0,0,0.7851926960355282,0.21480730396447048,0.7851926960355282
0,0,0.7860144334928181,0.2139855665071829,0.7860144334928181
0,0,0.9695411546020756,0.030458845397925156,0.9695411546020756
0,0,0.9544662812213923,0.045533718778606645,0.9544662812213923
0,0,0.990039776567585,0.009960223432415826,0.990039776567585
0,0,0.8976428438286015,0.10235715617139925,0.8976428438286015
0,0,0.9977258281780821,0.00227417182191806,0.9977258281780821
0,0,0.9749393666678513,0.02506063333214935,0.9749393666678513
0,0,0.998272014593105,0.0017279854068965048,0.998272014593105
0,1,0.3232760775754503,0.6767239224245514,0.6767239224245514
0,0,0.964233494243801,0.03576650575619872,0.964233494243801
0,0,0.9851238208405021,0.01487617915949653,0.9851238208405021
0,1,0.049692988028168524,0.9503070119718309,0.9503070119718309
0,0,0.9953111911186622,0.004688808881338229,0.9953111911186622
0,0,0.9961974096569195,0.003802590343081123,0.9961974096569195
1,1,0.01741164292331388,0.9825883570766859,0.9825883570766859
0,0,0.9975643390492349,0.002435660950763913,0.9975643390492349
0,0,0.9987244387698243,0.0012755612301754227,0.9987244387698243
0,0,0.9865818145627173,0.013418185437280987,0.9865818145627173
0,0,0.8879869135008481,0.11201308649915365,0.8879869135008481
1,0,0.9411044504474435,0.058895549552554924,0.9411044504474435
0,0,0.9840100520817132,0.015989947918285823,0.9840100520817132
0,0,0.965306423403288,0.03469357659671192,0.965306423403288
0,0,0.9826464755251764,0.017353524474824245,0.9826464755251764
0,0,0.9964521267522807,0.0035478732477190857,0.9964521267522807
0,0,0.9804459865094654,0.019554013490533987,0.9804459865094654
1,1,0.03232953714843838,0.9676704628515613,0.9676704628515613
0,0,0.9217573973258727,0.07824260267412748,0.9217573973258727
1,0,0.9162941443076574,0.08370585569234074,0.9162941443076574
0,0,0.993634861721397,0.006365138278602353,0.993634861721397
1,0,0.9973428441862471,0.002657155813753045,0.9973428441862471
0,0,0.9476776498645603,0.05232235013544087,0.9476776498645603
0,0,0.9951327878467792,0.004867212153220304,0.9951327878467792
0,0,0.9826865702688642,0.017313429731134925,0.9826865702688642
0,0,0.9717672746529582,0.028232725347042707,0.9717672746529582
0,0,0.9337474701359246,0.06625252986407612,0.9337474701359246
0,0,0.9122500557780965,0.08774994422190414,0.9122500557780965
0,0,0.947390948000361,0.05260905199963727,0.947390948000361
0,0,0.9672175386449132,0.03278246135508768,0.9672175386449132
0,0,0.9586341393558243,0.041365860644175044,0.9586341393558243
0,0,0.9449709761886622,0.05502902381133933,0.9449709761886622
0,0,0.9640873740716059,0.03591262592839318,0.9640873740716059
0,0,0.9778428909928071,0.022157109007193542,0.9778428909928071
1,0,0.8236689964718673,0.17633100352813258,0.8236689964718673
0,0,0.9978067130812837,0.0021932869187169532,0.9978067130812837
0,0,0.8349744768908671,0.16502552310913188,0.8349744768908671
0,0,0.8832084133987502,0.1167915866012512,0.8832084133987502
1,0,0.7156933575788199,0.2843066424211812,0.7156933575788199
0,0,0.9980871341588401,0.0019128658411597633,0.9980871341588401
0,0,0.824166061146627,0.17583393885337287,0.824166061146627
0,0,0.9479583808066196,0.05204161919337993,0.9479583808066196
1,0,0.7544466739077964,0.24555332609220273,0.7544466739077964
0,0,0.9697405531933655,0.030259446806634185,0.9697405531933655
0,1,0.055273608986285194,0.944726391013716,0.944726391013716
0,0,0.5172915595225198,0.4827084404774814,0.5172915595225198
0,0,0.9934411821190519,0.006558817880947876,0.9934411821190519
0,0,0.7099796721629323,0.2900203278370688,0.7099796721629323
0,0,0.6909654386930173,0.3090345613069812,0.6909654386930173
0,0,0.9925182010177916,0.0074817989822090845,0.9925182010177916
0,0,0.9663911915241381,0.0336088084758616,0.9663911915241381
0,0,0.9840888889051153,0.015911111094883423,0.9840888889051153
0,0,0.9845980606677001,0.015401939332298727,0.9845980606677001
0,1,0.17631696790818957,0.8236830320918099,0.8236830320918099
0,0,0.9962418774565973,0.0037581225434032686,0.9962418774565973
1,0,0.9636160814222752,0.03638391857772458,0.9636160814222752
0,0,0.9813222370514457,0.018677762948552935,0.9813222370514457
0,1,0.28319160047761505,0.716808399522386,0.716808399522386
1,1,0.27306636753400104,0.7269336324659992,0.7269336324659992
0,0,0.9974631072788813,0.0025368927211182773,0.9974631072788813
0,0,0.9883390701479032,0.01166092985209822,0.9883390701479032
0,0,0.902261250296779,0.09773874970322081,0.902261250296779
0,0,0.9321795106132192,0.06782048938677983,0.9321795106132192
0,0,0.9976928037537778,0.0023071962462213394,0.9976928037537778
0,0,0.7719128875365997,0.22808711246339872,0.7719128875365997
0,0,0.9861716922186871,0.013828307781313338,0.9861716922186871
1,0,0.5491143109568872,0.450885689043113,0.5491143109568872
0,0,0.7939356491731024,0.20606435082689908,0.7939356491731024
0,0,0.9968335796322161,0.0031664203677848604,0.9968335796322161
0,0,0.968139547711929,0.031860452288070336,0.968139547711929
1,1,0.05802597506500891,0.9419740249349916,0.9419740249349916
0,0,0.8184795368462484,0.18152046315375175,0.8184795368462484
0,0,0.9076768579473252,0.09232314205267536,0.9076768579473252
1,0,0.5442413171694068,0.45575868283059384,0.5442413171694068
0,0,0.9905335125625426,0.009466487437457054,0.9905335125625426
0,0,0.8094589678003961,0.19054103219960314,0.8094589678003961
1,0,0.820560497207489,0.17943950279251086,0.820560497207489
1,0,0.9959763855737643,0.0040236144262354575,0.9959763855737643
0,0,0.7945518942901053,0.20544810570989475,0.7945518942901053
1,0,0.9478345706859529,0.052165429314047114,0.9478345706859529
0,0,0.9023448322579777,0.09765516774202217,0.9023448322579777
0,0,0.9457293274276886,0.05427067257230999,0.9457293274276886
0,0,0.9750271888828467,0.024972811117152903,0.9750271888828467
0,0,0.9971330647059178,0.00286693529408142,0.9971330647059178
0,0,0.9802351925232172,0.01976480747678289,0.9802351925232172
0,0,0.9024183851735926,0.09758161482640682,0.9024183851735926
0,0,0.9935557946875997,0.006444205312400011,0.9935557946875997
1,0,0.8206003608692706,0.17939963913072854,0.8206003608692706
0,0,0.9968059864747919,0.003194013525207504,0.9968059864747919
0,0,0.9034472751190349,0.09655272488096481,0.9034472751190349
0,0,0.9537664839772556,0.04623351602274365,0.9537664839772556
0,0,0.9521660056909107,0.04783399430908971,0.9521660056909107
0,0,0.7397362726535536,0.2602637273464459,0.7397362726535536
0,0,0.9218653697500835,0.0781346302499173,0.9218653697500835
0,0,0.8904811832851833,0.10951881671481661,0.8904811832851833
0,0,0.7974496583063576,0.20255034169364367,0.7974496583063576
0,0,0.871317129442227,0.12868287055777183,0.871317129442227
0,0,0.9204247458726448,0.07957525412735499,0.9204247458726448
0,0,0.9868460421423043,0.013153957857696817,0.9868460421423043
0,0,0.8643578075247558,0.13564219247524376,0.8643578075247558
0,0,0.9903027714614553,0.009697228538545256,0.9903027714614553
0,1,0.48983909571122836,0.510160904288771,0.510160904288771
0,0,0.992186038079465,0.00781396192053555,0.992186038079465
0,0,0.9049770526206498,0.09502294737934934,0.9049770526206498
0,0,0.9930381459641288,0.006961854035871062,0.9930381459641288
0,0,0.9678916866201459,0.03210831337985336,0.9678916866201459
0,1,0.4298799869629321,0.5701200130370685,0.5701200130370685
0,0,0.9967410791844271,0.003258920815573977,0.9967410791844271
0,0,0.6615749570167084,0.33842504298329085,0.6615749570167084
1,0,0.5060974972986683,0.4939025027013307,0.5060974972986683
0,0,0.9946269068540717,0.005373093145928975,0.9946269068540717
0,0,0.986903043220381,0.013096956779619303,0.986903043220381
0,0,0.9270045587208013,0.07299544127919981,0.9270045587208013
0,0,0.8270783988530226,0.17292160114697896,0.8270783988530226
0,0,0.9551142051778186,0.044885794822181246,0.9551142051778186
0,0,0.8691103107738746,0.13088968922612448,0.8691103107738746
0,0,0.9971603364672669,0.002839663532733845,0.9971603364672669
0,0,0.9404194027676054,0.05958059723239475,0.9404194027676054
0,0,0.98387396588428,0.016126034115720552,0.98387396588428
0,0,0.9590363337968573,0.0409636662031444,0.9590363337968573
0,0,0.866879053445656,0.13312094655434242,0.866879053445656
0,0,0.9512590950337475,0.048740904966252066,0.9512590950337475
0,0,0.9887888764325974,0.011211123567403404,0.9887888764325974
0,0,0.8756784895881901,0.12432151041180936,0.8756784895881901
0,0,0.9516772411212139,0.04832275887878493,0.9516772411212139
0,0,0.9870102421624325,0.012989757837566169,0.9870102421624325
0,0,0.9062545705098178,0.09374542949018069,0.9062545705098178
0,0,0.997945101074532,0.0020548989254690316,0.997945101074532
0,1,0.17219691115929653,0.8278030888407033,0.8278030888407033
0,0,0.8979544173629719,0.10204558263702991,0.8979544173629719
0,0,0.9729024540379959,0.027097545962004813,0.9729024540379959
0,0,0.8019401035625238,0.1980598964374756,0.8019401035625238
0,0,0.9784737753723356,0.02152622462766349,0.9784737753723356
0,0,0.9754692763675111,0.02453072363249023,0.9754692763675111
0,0,0.9946431202420971,0.005356879757902107,0.9946431202420971
0,0,0.9815150128589184,0.01848498714108163,0.9815150128589184
1,0,0.9341283965916723,0.06587160340832797,0.9341283965916723
0,0,0.9077119722298354,0.09228802777016466,0.9077119722298354
0,0,0.9519742498712618,0.04802575012873826,0.9519742498712618
1,0,0.9217996103443649,0.07820038965563479,0.9217996103443649
0,0,0.9961697407275661,0.0038302592724332174,0.9961697407275661
0,0,0.8235041156336106,0.1764958843663883,0.8235041156336106
0,0,0.7709735790794405,0.2290264209205612,0.7709735790794405
0,1,0.13891114384376907,0.861088856156232,0.861088856156232
0,1,0.4567645872015015,0.5432354127984979,0.5432354127984979
1,0,0.8589721893193362,0.14102781068066364,0.8589721893193362
0,0,0.911372550286185,0.08862744971381357,0.911372550286185
0,0,0.9793996863608416,0.020600313639157503,0.9793996863608416
0,0,0.990959859262325,0.009040140737675789,0.990959859262325
0,0,0.9942906666584566,0.0057093333415432195,0.9942906666584566
0,0,0.9152841401501302,0.08471585984986899,0.9152841401501302
0,0,0.9669042230492787,0.03309577695072276,0.9669042230492787
0,0,0.9810631027510568,0.018936897248942892,0.9810631027510568
0,0,0.9522078859814098,0.047792114018590195,0.9522078859814098
0,0,0.5120411100791985,0.48795888992080244,0.5120411100791985
0,0,0.5647557815121242,0.435244218487877,0.5647557815121242
0,0,0.9947132990931401,0.005286700906860658,0.9947132990931401
0,0,0.9711311733713931,0.02886882662860684,0.9711311733713931
0,0,0.974220194834435,0.02577980516556449,0.974220194834435
0,0,0.9581471676994366,0.04185283230056409,0.9581471676994366
0,0,0.9981328155736265,0.0018671844263737337,0.9981328155736265
0,0,0.9904817233873273,0.009518276612673364,0.9904817233873273
0,0,0.9759697223552797,0.024030277644719492,0.9759697223552797
0,0,0.9474212612865341,0.05257873871346616,0.9474212612865341
0,1,0.2485035007870284,0.7514964992129718,0.7514964992129718
0,0,0.9816119603762287,0.01838803962377067,0.9816119603762287
0,0,0.97388828096255,0.026111719037450284,0.97388828096255
0,0,0.684568718004957,0.3154312819950419,0.684568718004957
0,0,0.8364317504119344,0.16356824958806485,0.8364317504119344
0,0,0.9879933961245426,0.012006603875456897,0.9879933961245426
1,0,0.8878520283019831,0.11214797169801632,0.8878520283019831
0,0,0.9273264422448646,0.07267355775513464,0.9273264422448646
0,0,0.919984228204757,0.08001577179524276,0.919984228204757
1,0,0.9125186924247647,0.08748130757523605,0.9125186924247647
0,0,0.9145027562787361,0.08549724372126247,0.9145027562787361
1,0,0.7899894097918339,0.21001059020816584,0.7899894097918339
1,0,0.9666532342712835,0.03334676572871593,0.9666532342712835
0,0,0.9897532649616374,0.010246735038364216,0.9897532649616374
0,0,0.9886798481242535,0.011320151875746717,0.9886798481242535
0,1,0.24004793271290156,0.7599520672871001,0.7599520672871001
1,0,0.9412383293257875,0.05876167067421343,0.9412383293257875
0,1,0.06101575255270781,0.9389842474472926,0.9389842474472926
0,0,0.9888096770778585,0.011190322922141812,0.9888096770778585
0,0,0.9683136994775152,0.03168630052248455,0.9683136994775152
0,1,0.013245125226793211,0.9867548747732059,0.9867548747732059
0,0,0.9821104597083916,0.017889540291609152,0.9821104597083916
0,0,0.9847463627001887,0.015253637299811204,0.9847463627001887
0,0,0.993136913350078,0.006863086649922739,0.993136913350078
0,0,0.9978883918396685,0.002111608160332235,0.9978883918396685
1,0,0.8212056760262484,0.17879432397375036,0.8212056760262484
0,0,0.9950877639538432,0.00491223604615762,0.9950877639538432
0,0,0.8287243722760321,0.17127562772396657,0.8287243722760321
0,0,0.9947877265771893,0.005212273422812143,0.9947877265771893
0,0,0.9912119876305576,0.008788012369443909,0.9912119876305576
0,0,0.9515737975540751,0.048426202445925305,0.9515737975540751
0,0,0.557076784565215,0.44292321543478497,0.557076784565215
0,0,0.9241665128631739,0.0758334871368271,0.9241665128631739
1,0,0.9872786016347106,0.01272139836528841,0.9872786016347106
0,0,0.9704858553672511,0.029514144632749203,0.9704858553672511
0,0,0.9638620953707352,0.03613790462926463,0.9638620953707352
0,0,0.9906870090757931,0.009312990924207468,0.9906870090757931
0,0,0.9812515925016355,0.01874840749836334,0.9812515925016355
0,0,0.9226524145863616,0.07734758541363715,0.9226524145863616
0,0,0.9036656416128909,0.09633435838710902,0.9036656416128909
0,0,0.9939289074895516,0.006071092510448693,0.9939289074895516
0,0,0.9832951671232891,0.016704832876709565,0.9832951671232891
0,0,0.6873272953281588,0.3126727046718406,0.6873272953281588
0,0,0.7191300897692344,0.28086991023076396,0.7191300897692344
0,0,0.8463470431048813,0.15365295689511962,0.8463470431048813
0,0,0.8952363519972122,0.1047636480027869,0.8952363519972122
0,0,0.7618080368688523,0.23819196313114688,0.7618080368688523
0,0,0.9930622706127961,0.00693772938720247,0.9930622706127961
0,0,0.92229610285483,0.07770389714517106,0.92229610285483
0,0,0.9764353733177247,0.023564626682275085,0.9764353733177247
0,0,0.9948244310073138,0.005175568992686678,0.9948244310073138
0,0,0.9738114935468417,0.026188506453156887,0.9738114935468417
0,0,0.9463161907546731,0.05368380924532601,0.9463161907546731
1,1,0.03706880613068654,0.9629311938693126,0.9629311938693126
0,0,0.9961463515081861,0.00385364849181444,0.9961463515081861
0,0,0.9890712343370331,0.010928765662966267,0.9890712343370331
0,0,0.8397921899377577,0.16020781006224252,0.8397921899377577
1,0,0.6095840649959402,0.39041593500406035,0.6095840649959402
1,1,0.1931391173918003,0.8068608826081985,0.8068608826081985
0,0,0.6353829581758217,0.36461704182417815,0.6353829581758217
0,0,0.6173618890061683,0.3826381109938316,0.6173618890061683
0,0,0.9652639741713643,0.03473602582863522,0.9652639741713643
1,0,0.9599977932411207,0.04000220675887867,0.9599977932411207
0,0,0.9553002313002094,0.04469976869979151,0.9553002313002094
0,0,0.9675457731144024,0.032454226885596446,0.9675457731144024
0,0,0.9958424883276321,0.004157511672369247,0.9958424883276321
0,0,0.995837011231007,0.004162988768993021,0.995837011231007
0,0,0.8758894787333302,0.12411052126666892,0.8758894787333302
0,0,0.9913008996574079,0.008699100342590537,0.9913008996574079
0,0,0.9689702562620182,0.031029743737981164,0.9689702562620182
0,0,0.9974867133309803,0.0025132866690189197,0.9974867133309803
0,0,0.9810429124890534,0.018957087510946328,0.9810429124890534
0,0,0.9857111755575585,0.014288824442440326,0.9857111755575585
0,0,0.998572333222092,0.001427666777907064,0.998572333222092
0,0,0.9693512716863151,0.03064872831368441,0.9693512716863151
0,0,0.9741682203355425,0.025831779664457297,0.9741682203355425
0,0,0.8846401424254614,0.11535985757453737,0.8846401424254614
0,0,0.8009310800487164,0.199068919951284,0.8009310800487164
0,0,0.9493685225779138,0.05063147742208466,0.9493685225779138
1,1,0.3778916591137118,0.6221083408862892,0.6221083408862892
0,0,0.9935079337585451,0.006492066241454038,0.9935079337585451
0,0,0.9900322431759582,0.009967756824042053,0.9900322431759582
0,0,0.8679451361582552,0.13205486384174409,0.8679451361582552
0,0,0.9976878014966296,0.0023121985033709275,0.9976878014966296
1,1,0.054157616065311255,0.9458423839346874,0.9458423839346874
0,0,0.9607024430805731,0.03929755691942654,0.9607024430805731
0,0,0.7388927643297016,0.26110723567029903,0.7388927643297016
0,0,0.9840754181396097,0.01592458186038866,0.9840754181396097
1,0,0.9514514083657478,0.04854859163425308,0.9514514083657478
0,0,0.9876548223225021,0.01234517767749863,0.9876548223225021
0,0,0.7035157767329192,0.29648422326708124,0.7035157767329192
0,0,0.9826364492952255,0.017363550704773932,0.9826364492952255
0,0,0.9578834348266292,0.042116565173371874,0.9578834348266292
0,0,0.96421927554049,0.0357807244595087,0.96421927554049
0,0,0.9544860399590319,0.04551396004096853,0.9544860399590319
0,0,0.8884174607618972,0.11158253923810237,0.8884174607618972
0,0,0.9614381045978243,0.03856189540217621,0.9614381045978243
0,0,0.9610617174223584,0.03893828257764084,0.9610617174223584
0,0,0.844558286167507,0.1554417138324946,0.844558286167507
0,0,0.9987088008529752,0.0012911991470242088,0.9987088008529752
0,0,0.9638496360586795,0.036150363941320096,0.9638496360586795
0,0,0.9299120202583827,0.07008797974161815,0.9299120202583827
0,0,0.6318108339321824,0.36818916606781615,0.6318108339321824
0,0,0.9968717042407089,0.0031282957592910585,0.9968717042407089
0,0,0.9970320393929535,0.0029679606070471655,0.9970320393929535
0,0,0.8931899829331663,0.10681001706683431,0.8931899829331663
0,0,0.9409153299301826,0.05908467006981668,0.9409153299301826
0,0,0.6159447323930325,0.38405526760696657,0.6159447323930325
0,0,0.953440758310393,0.04655924168960729,0.953440758310393
1,0,0.9897559774502707,0.010244022549730532,0.9897559774502707
0,0,0.9864034363957087,0.013596563604291447,0.9864034363957087
0,0,0.7027330073834521,0.29726699261654904,0.7027330073834521
0,0,0.9757667611947033,0.024233238805298082,0.9757667611947033
0,1,0.0827187764002019,0.917281223599798,0.917281223599798
0,0,0.988192644541247,0.011807355458752826,0.988192644541247
0,0,0.82137777710017,0.17862222289983046,0.82137777710017
0,0,0.9862063008840226,0.01379369911597722,0.9862063008840226
0,0,0.9739152979725088,0.02608470202748985,0.9739152979725088
0,0,0.9977376599880676,0.00226234001193188,0.9977376599880676
0,0,0.988342773507301,0.01165722649270049,0.988342773507301
0,0,0.9662755643760367,0.0337244356239631,0.9662755643760367
0,0,0.966726763697145,0.0332732363028561,0.966726763697145
0,0,0.9623319870661028,0.03766801293389665,0.9623319870661028
0,0,0.9965259329196262,0.0034740670803753,0.9965259329196262
0,0,0.9934098744651693,0.006590125534831574,0.9934098744651693
0,0,0.9427426580546556,0.057257341945346166,0.9427426580546556
0,0,0.9959825781483211,0.004017421851678117,0.9959825781483211
0,0,0.9582892641885599,0.04171073581144023,0.9582892641885599
0,0,0.998070227633702,0.0019297723662981532,0.998070227633702
0,0,0.9654959561169171,0.034504043883083126,0.9654959561169171
0,0,0.997260885917546,0.002739114082454133,0.997260885917546
0,1,0.3799352464268221,0.6200647535731768,0.6200647535731768
0,0,0.992184295038213,0.007815704961787613,0.992184295038213
0,0,0.9901196168296799,0.00988038317031869,0.9901196168296799
0,0,0.8093913063891214,0.19060869361087973,0.8093913063891214
0,0,0.9785714903116423,0.021428509688357442,0.9785714903116423
0,0,0.7226254688921084,0.2773745311078901,0.7226254688921084
1,0,0.6163665500975833,0.3836334499024155,0.6163665500975833
0,0,0.9822723023109778,0.017727697689021518,0.9822723023109778
0,0,0.9636506745159166,0.036349325484082075,0.9636506745159166
0,1,0.4741631209581312,0.5258368790418683,0.5258368790418683
0,0,0.9950419618099399,0.004958038190060593,0.9950419618099399
1,0,0.8547508350538809,0.14524916494611861,0.8547508350538809
0,0,0.9770857596948521,0.02291424030514783,0.9770857596948521
0,0,0.9396254327323287,0.060374567267670404,0.9396254327323287
0,0,0.8993760529908883,0.10062394700911062,0.8993760529908883
0,0,0.9912907605199361,0.00870923948006229,0.9912907605199361
0,0,0.9773896453479047,0.022610354652094447,0.9773896453479047
0,0,0.988240597017196,0.011759402982804475,0.988240597017196
0,1,0.4231083396570375,0.5768916603429612,0.5768916603429612
0,0,0.9905741520382405,0.009425847961758983,0.9905741520382405
0,0,0.9894501913497061,0.01054980865029505,0.9894501913497061
0,0,0.9161724101810009,0.08382758981899883,0.9161724101810009
0,0,0.9227955627458668,0.07720443725413315,0.9227955627458668
0,0,0.9834834006939248,0.016516599306074378,0.9834834006939248
0,0,0.8086852614824698,0.19131473851753023,0.8086852614824698
0,0,0.9934999473040833,0.006500052695917055,0.9934999473040833
0,0,0.9714933460512728,0.028506653948728,0.9714933460512728
0,0,0.997964473669175,0.0020355263308233524,0.997964473669175
0,0,0.8591062603769785,0.1408937396230229,0.8591062603769785
0,0,0.7977691838882115,0.20223081611178817,0.7977691838882115
0,1,0.28076892368628137,0.7192310763137179,0.7192310763137179
0,0,0.6663637191189081,0.3336362808810922,0.6663637191189081
0,0,0.9848861730298178,0.0151138269701824,0.9848861730298178
0,0,0.9790872877695935,0.02091271223040676,0.9790872877695935
0,0,0.989150414312386,0.01084958568761447,0.989150414312386
0,0,0.9773412507328364,0.0226587492671633,0.9773412507328364
1,0,0.5625839714574464,0.43741602854255207,0.5625839714574464
0,0,0.9982636920570604,0.001736307942940385,0.9982636920570604
0,0,0.9410869946895812,0.058913005310417176,0.9410869946895812
0,0,0.997974681884383,0.002025318115618557,0.997974681884383
0,0,0.9816711322927325,0.018328867707266418,0.9816711322927325
0,0,0.941563148497441,0.058436851502557896,0.941563148497441
1,0,0.9405853834958279,0.05941461650417264,0.9405853834958279
0,0,0.9932046398584354,0.006795360141564764,0.9932046398584354
0,0,0.5660014150641538,0.43399858493584664,0.5660014150641538
0,0,0.7360843075326167,0.26391569246738333,0.7360843075326167
1,1,0.11717147458072967,0.8828285254192716,0.8828285254192716
0,0,0.9512502226684565,0.04874977733154453,0.9512502226684565
0,0,0.9857772327053347,0.014222767294664899,0.9857772327053347
0,1,0.3102558419193776,0.6897441580806226,0.6897441580806226
1,0,0.9802856296796851,0.019714370320313996,0.9802856296796851
0,0,0.9880611851917831,0.011938814808217077,0.9880611851917831
0,0,0.7516063824541199,0.24839361754588102,0.7516063824541199
0,0,0.9880882238279202,0.0119117761720794,0.9880882238279202
0,0,0.9894630578217751,0.010536942178224701,0.9894630578217751
0,0,0.9958645998889162,0.004135400111085167,0.9958645998889162
0,0,0.9362947559911788,0.06370524400882069,0.9362947559911788
1,0,0.9742851461063073,0.025714853893692588,0.9742851461063073
0,0,0.8775318896999584,0.12246811030004097,0.8775318896999584
0,0,0.9926651845076621,0.0073348154923375585,0.9926651845076621
0,0,0.9964684228453751,0.0035315771546235815,0.9964684228453751
0,1,0.26044602410824935,0.73955397589175,0.73955397589175
0,0,0.9896338565431566,0.010366143456843533,0.9896338565431566
0,1,0.2533719404446757,0.7466280595553244,0.7466280595553244
0,1,0.46555010035782757,0.5344498996421726,0.5344498996421726
0,0,0.6529131857196108,0.3470868142803892,0.6529131857196108
0,0,0.9467892814034365,0.05321071859656395,0.9467892814034365
0,0,0.9818005232600855,0.018199476739914407,0.9818005232600855
1,0,0.6027041038472779,0.3972958961527208,0.6027041038472779
0,0,0.9340097875707393,0.06599021242926095,0.9340097875707393
0,1,0.4776371981004324,0.5223628018995674,0.5223628018995674
0,0,0.8504649788336746,0.14953502116632475,0.8504649788336746
0,0,0.9959271567969832,0.004072843203015386,0.9959271567969832
0,0,0.9779330004885985,0.022066999511401567,0.9779330004885985
0,0,0.9987416362690481,0.0012583637309511917,0.9987416362690481
0,0,0.9899956907162377,0.010004309283762745,0.9899956907162377
0,0,0.9741831403431552,0.02581685965684367,0.9741831403431552
0,0,0.949504122891037,0.05049587710896402,0.949504122891037
1,1,0.007677373390215233,0.9923226266097832,0.9923226266097832
0,0,0.7978721895477286,0.20212781045227307,0.7978721895477286
1,1,0.3065991735999088,0.6934008264000906,0.6934008264000906
0,0,0.9892465885456819,0.010753411454318724,0.9892465885456819
0,0,0.9655529553847644,0.03444704461523554,0.9655529553847644
0,0,0.9986033555654575,0.001396644434541192,0.9986033555654575
0,0,0.8509247301948674,0.14907526980513183,0.8509247301948674
0,0,0.8597818240254581,0.1402181759745431,0.8597818240254581
1,0,0.877472349816691,0.12252765018330947,0.877472349816691
0,0,0.6705754965636346,0.3294245034363655,0.6705754965636346
1,0,0.9774264302846397,0.022573569715359496,0.9774264302846397
0,0,0.8812999328010843,0.11870006719891477,0.8812999328010843
0,0,0.9907263803699757,0.009273619630024415,0.9907263803699757
0,0,0.9973780409537352,0.002621959046264394,0.9973780409537352
0,0,0.8974032801827512,0.10259671981724872,0.8974032801827512
0,0,0.9833650956354247,0.01663490436457536,0.9833650956354247
0,0,0.997412139546164,0.002587860453837682,0.997412139546164
0,0,0.9361876775912482,0.0638123224087521,0.9361876775912482
0,0,0.9926276852912174,0.0073723147087824395,0.9926276852912174
0,0,0.9673409837887614,0.03265901621123874,0.9673409837887614
0,0,0.9171257608609411,0.08287423913905982,0.9171257608609411
0,0,0.9622048348702037,0.03779516512979807,0.9622048348702037
0,0,0.9693885297540663,0.030611470245932266,0.9693885297540663
0,0,0.8794679222082944,0.12053207779170448,0.8794679222082944
0,0,0.9787976668886234,0.02120233311137586,0.9787976668886234
0,0,0.9457449307840177,0.054255069215982894,0.9457449307840177
0,0,0.6337848955656715,0.3662151044343284,0.6337848955656715
0,0,0.930192526451717,0.06980747354828128,0.930192526451717
0,0,0.9653880305701711,0.03461196942982964,0.9653880305701711
0,0,0.6486772021896724,0.35132279781032677,0.6486772021896724
0,0,0.9912276477621162,0.008772352237883394,0.9912276477621162
0,0,0.9702967066294832,0.029703293370517542,0.9702967066294832
0,0,0.9957969995765399,0.004203000423458624,0.9957969995765399
0,0,0.9220664154028105,0.07793358459719003,0.9220664154028105
0,0,0.9821002318284162,0.017899768171583327,0.9821002318284162
0,0,0.9549930324630163,0.04500696753698453,0.9549930324630163
0,0,0.9974580142676633,0.0025419857323359003,0.9974580142676633
0,0,0.9245377329958026,0.07546226700419602,0.9245377329958026
0,0,0.9485191952604521,0.05148080473954738,0.9485191952604521
0,0,0.6991043009662211,0.300895699033779,0.6991043009662211
0,0,0.9941614837482691,0.005838516251730069,0.9941614837482691
0,0,0.8856684961476404,0.11433150385235785,0.8856684961476404
0,0,0.8559476228566176,0.1440523771433822,0.8559476228566176
1,1,0.01180216930917545,0.9881978306908247,0.9881978306908247
1,0,0.6590914751627708,0.3409085248372307,0.6590914751627708
1,0,0.887946383457657,0.11205361654234272,0.887946383457657
0,0,0.9557047171392711,0.04429528286072893,0.9557047171392711
0,0,0.9830018724340038,0.016998127565995995,0.9830018724340038
0,0,0.9241564622897421,0.0758435377102579,0.9241564622897421
0,0,0.9252382206614421,0.07476177933855851,0.9252382206614421
0,0,0.9719276598100054,0.028072340189993935,0.9719276598100054
0,1,0.2586035335465431,0.7413964664534561,0.7413964664534561
0,0,0.9960192741690903,0.003980725830908926,0.9960192741690903
0,0,0.9962421659501749,0.0037578340498259474,0.9962421659501749
0,0,0.846134411335066,0.15386558866493252,0.846134411335066
0,0,0.8588729304182983,0.141127069581702,0.8588729304182983
0,0,0.8260990756030239,0.17390092439697616,0.8260990756030239
0,0,0.9392618247730308,0.06073817522696821,0.9392618247730308
0,0,0.8776555009912406,0.12234449900876007,0.8776555009912406
0,0,0.9408395882900232,0.05916041170997764,0.9408395882900232
0,0,0.9461620277548046,0.05383797224519612,0.9461620277548046
0,0,0.8988201304971595,0.10117986950284058,0.8988201304971595
0,0,0.9567893877857266,0.04321061221427267,0.9567893877857266
0,0,0.5609790812599322,0.4390209187400682,0.5609790812599322
0,0,0.9126562001618385,0.08734379983816178,0.9126562001618385
0,0,0.9485802917430108,0.051419708256988134,0.9485802917430108
0,0,0.9120663324088247,0.08793366759117566,0.9120663324088247
0,0,0.9878222164056474,0.012177783594353262,0.9878222164056474
1,0,0.8938916033448998,0.10610839665510019,0.8938916033448998
0,0,0.9929396845602706,0.007060315439729212,0.9929396845602706
0,0,0.9211714516819545,0.078828548318045,0.9211714516819545
0,0,0.9002011112389158,0.09979888876108449,0.9002011112389158
0,0,0.825522060157669,0.1744779398423297,0.825522060157669
0,0,0.825536210105057,0.17446378989494404,0.825536210105057
0,0,0.9164251097232996,0.08357489027669877,0.9164251097232996
0,0,0.8559868515911412,0.14401314840885807,0.8559868515911412
0,0,0.9449517019025182,0.055048298097480644,0.9449517019025182
0,0,0.9414163225206262,0.05858367747937297,0.9414163225206262
0,0,0.995275435962407,0.004724564037592277,0.995275435962407
0,0,0.9030413669722185,0.09695863302778118,0.9030413669722185
0,0,0.966837415168203,0.03316258483179611,0.966837415168203
1,1,0.0420088192410713,0.9579911807589293,0.9579911807589293
0,0,0.9570912537593426,0.04290874624065595,0.9570912537593426
0,0,0.9774970371661738,0.022502962833826155,0.9774970371661738
0,0,0.9801881960459433,0.019811803954058196,0.9801881960459433
0,0,0.9633010036481078,0.03669899635189173,0.9633010036481078
0,0,0.7815492149619883,0.2184507850380123,0.7815492149619883
0,0,0.9982875213154299,0.001712478684570653,0.9982875213154299
0,0,0.8966113322003406,0.10338866779965772,0.8966113322003406
0,0,0.9452177121420788,0.05478228785791968,0.9452177121420788
0,0,0.8581188619004981,0.14188113809950134,0.8581188619004981
0,0,0.9589386543545242,0.04106134564547652,0.9589386543545242
0,0,0.7129343857665025,0.28706561423349625,0.7129343857665025
0,0,0.981510807904649,0.0184891920953525,0.981510807904649
0,0,0.884397415828253,0.11560258417174785,0.884397415828253
1,0,0.707329124646197,0.2926708753538021,0.707329124646197
0,0,0.9947767564259893,0.0052232435740099045,0.9947767564259893
0,0,0.9922476768131013,0.007752323186897853,0.9922476768131013
0,0,0.5696589788354176,0.43034102116458334,0.5696589788354176
0,0,0.9909201398012278,0.009079860198771553,0.9909201398012278
1,0,0.8576713345137691,0.14232866548623052,0.8576713345137691
0,0,0.9865659248939032,0.01343407510609669,0.9865659248939032
0,0,0.9600504874645921,0.03994951253540822,0.9600504874645921
0,0,0.9971010081644616,0.002898991835538377,0.9971010081644616
0,0,0.9485031784244874,0.051496821575512955,0.9485031784244874
0,0,0.8302672238331877,0.1697327761668107,0.8302672238331877
0,0,0.9945058942054797,0.005494105794521007,0.9945058942054797
0,0,0.9106916136951156,0.08930838630488418,0.9106916136951156
1,1,0.14438238176205884,0.855617618237942,0.855617618237942
0,0,0.9749639132899195,0.025036086710079567,0.9749639132899195
0,0,0.8818573019431084,0.11814269805689005,0.8818573019431084
0,0,0.9862904590303487,0.013709540969650102,0.9862904590303487
0,0,0.9591690222747441,0.0408309777252564,0.9591690222747441
0,0,0.6452203887955867,0.35477961120441154,0.6452203887955867
0,0,0.9595822433700562,0.04041775662994395,0.9595822433700562
0,0,0.9633184676938511,0.03668153230614884,0.9633184676938511
0,0,0.9822256806718817,0.017774319328117582,0.9822256806718817
0,0,0.996814159504082,0.003185840495918424,0.996814159504082
0,0,0.9489870687784058,0.051012931221594636,0.9489870687784058
0,0,0.9173441896657331,0.08265581033426696,0.9173441896657331
0,0,0.983742983749384,0.016257016250615822,0.983742983749384
0,0,0.9916257305455434,0.008374269454458032,0.9916257305455434
0,0,0.5463862387819529,0.4536137612180454,0.5463862387819529
0,0,0.9677339369851853,0.032266063014815716,0.9677339369851853
0,0,0.9134167558841179,0.08658324411588256,0.9134167558841179
1,1,0.11025015058058515,0.8897498494194144,0.8897498494194144
0,0,0.9969066680882288,0.0030933319117697807,0.9969066680882288
0,0,0.9814981991650086,0.01850180083499063,0.9814981991650086
0,0,0.9492469344707684,0.05075306552923124,0.9492469344707684
0,0,0.9946036780323243,0.005396321967676256,0.9946036780323243
0,0,0.8311788582605693,0.16882114173942964,0.8311788582605693
0,0,0.9908334751125406,0.009166524887458151,0.9908334751125406
1,0,0.9526560994229691,0.04734390057702993,0.9526560994229691
0,0,0.8234734242337292,0.1765265757662701,0.8234734242337292
0,0,0.998056138432423,0.0019438615675783832,0.998056138432423
0,0,0.9951825873165291,0.004817412683470598,0.9951825873165291
0,0,0.5275531868520754,0.4724468131479262,0.5275531868520754
0,0,0.6881433532478419,0.31185664675215957,0.6881433532478419
0,0,0.984191271225951,0.015808728774050373,0.984191271225951
0,0,0.9528051499992087,0.047194850000789636,0.9528051499992087
0,0,0.9847903582915816,0.015209641708417744,0.9847903582915816
0,0,0.9959116274456307,0.004088372554369927,0.9959116274456307
0,0,0.9765080074803929,0.023491992519607815,0.9765080074803929
0,0,0.8175324212269145,0.18246757877308423,0.8175324212269145
0,0,0.7199782350239391,0.2800217649760599,0.7199782350239391
0,0,0.8811278256895456,0.11887217431045469,0.8811278256895456
0,0,0.9810976159884842,0.018902384011515904,0.9810976159884842
0,0,0.9978756027128449,0.002124397287154207,0.9978756027128449
0,0,0.9171056285835831,0.08289437141641673,0.9171056285835831
0,0,0.9182534894186943,0.08174651058130654,0.9182534894186943
0,0,0.9902764301762237,0.009723569823777221,0.9902764301762237
1,1,0.018178699254458388,0.9818213007455415,0.9818213007455415
0,0,0.9984156011988825,0.00158439880111691,0.9984156011988825
0,0,0.9915741702562849,0.008425829743713491,0.9915741702562849
0,0,0.928097553820203,0.07190244617979713,0.928097553820203
0,0,0.9762396701787552,0.023760329821245,0.9762396701787552
0,0,0.9974256260540841,0.0025743739459162225,0.9974256260540841
0,0,0.8488672418955512,0.1511327581044484,0.8488672418955512
0,0,0.9962092336952739,0.0037907663047270007,0.9962092336952739
0,0,0.8792462942110502,0.12075370578894949,0.8792462942110502
0,0,0.9970336786911235,0.0029663213088764154,0.9970336786911235
0,0,0.9696155859441514,0.030384414055850177,0.9696155859441514
0,0,0.977793074443005,0.022206925556994914,0.977793074443005
0,0,0.9907372257549686,0.009262774245031434,0.9907372257549686
0,0,0.544889483762875,0.45511051623712595,0.544889483762875
0,0,0.9471178143101971,0.052882185689802484,0.9471178143101971
0,0,0.9850601763395463,0.014939823660452364,0.9850601763395463
0,0,0.6509915470026024,0.34900845299739836,0.6509915470026024
0,0,0.9943128843271919,0.005687115672808183,0.9943128843271919
0,0,0.884533511639259,0.11546648836074075,0.884533511639259
0,0,0.9765900050874045,0.023409994912594434,0.9765900050874045
0,1,0.16188135516626984,0.8381186448337293,0.8381186448337293
0,0,0.9958595294687528,0.004140470531246436,0.9958595294687528
0,0,0.9455757002338525,0.05442429976614917,0.9455757002338525
0,1,0.11398887606232355,0.8860111239376754,0.8860111239376754
0,0,0.9747831642935794,0.025216835706420197,0.9747831642935794
0,0,0.9948887929228818,0.005111207077117888,0.9948887929228818
0,0,0.9872062663212803,0.012793733678718795,0.9872062663212803
0,0,0.8853737958049392,0.11462620419506248,0.8853737958049392
0,1,0.022661401336059855,0.9773385986639416,0.9773385986639416
0,0,0.9899119017915411,0.010088098208460142,0.9899119017915411
0,0,0.5455966441342921,0.4544033558657073,0.5455966441342921
0,0,0.7515657162537414,0.24843428374625895,0.7515657162537414
0,0,0.9355015438126751,0.06449845618732337,0.9355015438126751
0,0,0.9099172098999913,0.0900827901000075,0.9099172098999913
0,0,0.9965892810668258,0.00341071893317431,0.9965892810668258
0,0,0.907347555398536,0.09265244460146403,0.907347555398536
0,0,0.9891776522136714,0.010822347786329373,0.9891776522136714
1,0,0.9794238631556865,0.020576136844313284,0.9794238631556865
0,0,0.9841071314357879,0.015892868564212737,0.9841071314357879
0,1,0.3270464759037352,0.6729535240962659,0.6729535240962659
0,0,0.9209641608985898,0.07903583910140984,0.9209641608985898
0,0,0.70902618634873,0.29097381365127006,0.70902618634873
0,0,0.9461108130060966,0.053889186993905124,0.9461108130060966
0,0,0.9820356511119708,0.017964348888030817,0.9820356511119708
0,0,0.8057700717273465,0.1942299282726552,0.8057700717273465
0,0,0.9884165922152738,0.011583407784725759,0.9884165922152738
0,0,0.889600296769137,0.11039970323086426,0.889600296769137
0,0,0.9134096827151168,0.08659031728488281,0.9134096827151168
0,0,0.8726071734743022,0.12739282652569858,0.8726071734743022
0,0,0.996060408554636,0.003939591445363701,0.996060408554636
0,0,0.9025620765937904,0.09743792340620878,0.9025620765937904
0,0,0.9302686101046463,0.06973138989535524,0.9302686101046463
0,1,0.4887542549548288,0.5112457450451722,0.5112457450451722
0,0,0.892491058545542,0.10750894145445634,0.892491058545542
1,0,0.9972220520626233,0.002777947937377496,0.9972220520626233
0,0,0.9099791428584548,0.09002085714154523,0.9099791428584548
0,0,0.8869658442910332,0.11303415570896788,0.8869658442910332
0,0,0.9541716411133214,0.04582835888667797,0.9541716411133214
0,0,0.8721993022566251,0.12780069774337405,0.8721993022566251
0,0,0.9970726387216843,0.002927361278316248,0.9970726387216843
0,0,0.9124357860947049,0.08756421390529545,0.9124357860947049
0,0,0.8111585174843629,0.18884148251563773,0.8111585174843629
0,0,0.9445469967400288,0.055453003259972156,0.9445469967400288
0,0,0.9034367282158032,0.09656327178419621,0.9034367282158032
0,0,0.9478097257208871,0.052190274279113526,0.9478097257208871
0,0,0.9936447912566553,0.006355208743344463,0.9936447912566553
0,0,0.9910420597181672,0.008957940281831448,0.9910420597181672
0,0,0.9675882197823341,0.03241178021766543,0.9675882197823341
0,0,0.990181743777992,0.009818256222007113,0.990181743777992
0,0,0.9204952018942074,0.07950479810579174,0.9204952018942074
1,0,0.7845995401618111,0.21540045983818853,0.7845995401618111
0,0,0.6992544042099756,0.30074559579002275,0.6992544042099756
0,0,0.9544526478935281,0.04554735210647222,0.9544526478935281
0,0,0.988202480417898,0.011797519582102204,0.988202480417898
1,0,0.7083189993284124,0.2916810006715867,0.7083189993284124
0,0,0.9771587690589983,0.02284123094100082,0.9771587690589983
0,0,0.992607265461314,0.007392734538687622,0.992607265461314
0,0,0.9066884353007357,0.0933115646992644,0.9066884353007357
0,0,0.9342897925621889,0.06571020743781206,0.9342897925621889
0,0,0.9933232039125656,0.00667679608743403,0.9933232039125656
0,0,0.9930920440790887,0.006907955920911717,0.9930920440790887
0,0,0.8903287219520944,0.10967127804790477,0.8903287219520944
1,0,0.8866409455897518,0.11335905441024752,0.8866409455897518
0,0,0.981245717370347,0.018754282629653125,0.981245717370347
0,0,0.8371900145811245,0.16280998541887542,0.8371900145811245
0,0,0.9681553188263983,0.03184468117360339,0.9681553188263983
1,1,0.09315380685871573,0.9068461931412848,0.9068461931412848
0,0,0.8318234045984363,0.16817659540156404,0.8318234045984363
1,0,0.853385231991129,0.14661476800887127,0.853385231991129
0,1,0.329245084042175,0.670754915957826,0.670754915957826
0,0,0.7217804066207592,0.2782195933792402,0.7217804066207592
0,0,0.9699096247214815,0.03009037527851803,0.9699096247214815
0,0,0.872603099706157,0.1273969002938439,0.872603099706157
0,0,0.949659260546852,0.05034073945314808,0.949659260546852
0,0,0.9862454185939269,0.013754581406072662,0.9862454185939269
0,0,0.6109103070738725,0.3890896929261278,0.6109103070738725
0,0,0.9466608181307388,0.05333918186926091,0.9466608181307388
0,0,0.9189310795140896,0.08106892048591129,0.9189310795140896
1,0,0.786163480615213,0.21383651938478854,0.786163480615213
0,1,0.45721644207711665,0.542783557922882,0.542783557922882
0,0,0.988595058480921,0.011404941519078423,0.988595058480921
0,0,0.8787063873489869,0.12129361265101424,0.8787063873489869
0,0,0.9508984000549432,0.04910159994505624,0.9508984000549432
0,0,0.7741018332006179,0.2258981667993808,0.7741018332006179
0,0,0.9637843563870371,0.03621564361296308,0.9637843563870371
0,0,0.9859798801258873,0.014020119874114003,0.9859798801258873
0,0,0.8969641452028306,0.10303585479716972,0.8969641452028306
0,0,0.8266382979592432,0.17336170204075532,0.8266382979592432
0,0,0.9572068666912935,0.042793133308707924,0.9572068666912935
0,0,0.8672754598291699,0.1327245401708302,0.8672754598291699
1,0,0.6148353724686443,0.3851646275313569,0.6148353724686443
0,0,0.9968971097890952,0.0031028902109044034,0.9968971097890952
0,0,0.5857724045246154,0.41422759547538407,0.5857724045246154
0,0,0.858051159351545,0.14194884064845453,0.858051159351545
1,0,0.9746187218900997,0.025381278109899007,0.9746187218900997
0,0,0.5343080153019124,0.4656919846980879,0.5343080153019124
0,0,0.8886801899797734,0.111319810020226,0.8886801899797734
0,0,0.9735428755729439,0.02645712442705751,0.9735428755729439
0,0,0.9774344353017218,0.022565564698279274,0.9774344353017218
0,0,0.7745894676758845,0.22541053232411487,0.7745894676758845
0,0,0.9295050456702341,0.07049495432976477,0.9295050456702341
0,0,0.9416300159450696,0.058369984054931275,0.9416300159450696
0,0,0.9860385137491061,0.0139614862508931,0.9860385137491061
0,0,0.9948774433476706,0.0051225566523287495,0.9948774433476706
0,1,0.03637662892356155,0.9636233710764385,0.9636233710764385
0,0,0.9657247745773468,0.03427522542265405,0.9657247745773468
0,0,0.9018587128436981,0.09814128715630296,0.9018587128436981
0,0,0.9945008033600291,0.0054991966399707565,0.9945008033600291
0,0,0.7058517422220183,0.29414825777798304,0.7058517422220183
0,0,0.9803133868678853,0.019686613132114162,0.9803133868678853
1,1,0.024799148993722354,0.9752008510062765,0.9752008510062765
0,0,0.9082724199331808,0.0917275800668204,0.9082724199331808
0,0,0.9718735550050914,0.028126444994910203,0.9718735550050914
0,0,0.9504546259643302,0.04954537403566867,0.9504546259643302
0,0,0.9021695111753789,0.0978304888246206,0.9021695111753789
0,0,0.9790747067350102,0.02092529326498892,0.9790747067350102
0,1,0.0878790026202504,0.9121209973797497,0.9121209973797497
0,0,0.9960331601858846,0.003966839814117036,0.9960331601858846
0,0,0.9966145849956536,0.0033854150043474865,0.9966145849956536
0,0,0.9766097202255389,0.02339027977446038,0.9766097202255389
0,0,0.9322239085934719,0.06777609140652913,0.9322239085934719
0,0,0.9533201700075049,0.046679829992495474,0.9533201700075049
0,0,0.9976738903441995,0.0023261096557994987,0.9976738903441995
0,0,0.9944885644956227,0.0055114355043762095,0.9944885644956227
1,1,0.22868303014040825,0.7713169698595932,0.7713169698595932
0,0,0.97048667188727,0.02951332811273094,0.97048667188727
0,0,0.8587295730840133,0.14127042691598687,0.8587295730840133
0,0,0.8812546624120874,0.11874533758791143,0.8812546624120874
1,0,0.7390915053494957,0.26090849465050325,0.7390915053494957
0,0,0.8687877534230011,0.13121224657699804,0.8687877534230011
0,0,0.9974786027439503,0.002521397256048948,0.9974786027439503
0,0,0.9745928815467924,0.025407118453207023,0.9745928815467924
0,0,0.9978425008644616,0.0021574991355379214,0.9978425008644616
0,0,0.9950186199878428,0.004981380012157237,0.9950186199878428
0,0,0.9940929262952637,0.005907073704737053,0.9940929262952637
0,0,0.8724587414431344,0.1275412585568649,0.8724587414431344
1,1,0.102792948940395,0.8972070510596056,0.8972070510596056
0,0,0.9953721359923388,0.004627864007661232,0.9953721359923388
0,0,0.8967136300384753,0.10328636996152399,0.8967136300384753
0,0,0.9450786419202057,0.054921358079794154,0.9450786419202057
0,0,0.969261097864263,0.03073890213573675,0.969261097864263
0,0,0.9799841452649115,0.020015854735088785,0.9799841452649115
0,0,0.8797838284347038,0.12021617156529693,0.8797838284347038
0,0,0.9966651995231295,0.0033348004768711283,0.9966651995231295
0,0,0.9756363230457706,0.02436367695423024,0.9756363230457706
0,0,0.9087061059405325,0.09129389405946593,0.9087061059405325
1,1,0.4044842119492577,0.5955157880507433,0.5955157880507433
0,0,0.911122159847577,0.08887784015242439,0.911122159847577
0,0,0.9279150724723447,0.07208492752765482,0.9279150724723447
0,1,0.49777008274182794,0.5022299172581705,0.5022299172581705
0,0,0.9723937901909803,0.027606209809018272,0.9723937901909803
0,0,0.994651303898639,0.005348696101359348,0.994651303898639
0,0,0.9954461752744197,0.004553824725579856,0.9954461752744197
0,0,0.8760201453247438,0.1239798546752551,0.8760201453247438
0,0,0.9643710819961347,0.03562891800386572,0.9643710819961347
0,0,0.9644476369940302,0.035552363005969,0.9644476369940302
0,0,0.99548843087372,0.004511569126279644,0.99548843087372
0,0,0.9862789827279106,0.013721017272089672,0.9862789827279106
0,0,0.9656375646575681,0.03436243534243365,0.9656375646575681
0,0,0.9958760613461036,0.0041239386538957585,0.9958760613461036
0,0,0.9078485647474458,0.09215143525255366,0.9078485647474458
0,1,0.3605602643050139,0.6394397356949847,0.6394397356949847
0,0,0.9876833727876094,0.01231662721238909,0.9876833727876094
1,0,0.7504193420903464,0.24958065790965187,0.7504193420903464
0,0,0.946815532711118,0.05318446728888069,0.946815532711118
0,0,0.9282363148271711,0.07176368517282855,0.9282363148271711
0,0,0.9806853247944607,0.019314675205538572,0.9806853247944607
0,0,0.9969464723566562,0.0030535276433444527,0.9969464723566562
0,0,0.9539496036298222,0.046050396370179346,0.9539496036298222
0,0,0.7293040233124177,0.2706959766875825,0.7293040233124177
0,0,0.9879625854809151,0.012037414519084634,0.9879625854809151
0,0,0.7392713685820984,0.2607286314179002,0.7392713685820984
0,0,0.562454271493096,0.4375457285069023,0.562454271493096
0,0,0.721795300081423,0.2782046999185774,0.721795300081423
1,0,0.7113257802087117,0.28867421979128816,0.7113257802087117
0,0,0.7668391977617284,0.233160802238271,0.7668391977617284
0,0,0.9827469909806595,0.017253009019342135,0.9827469909806595
0,0,0.9694085599390303,0.030591440060970608,0.9694085599390303
0,0,0.9551750684807792,0.04482493151921994,0.9551750684807792
0,0,0.8775219981171709,0.12247800188282917,0.8775219981171709
0,0,0.7643033593858948,0.2356966406141048,0.7643033593858948
0,0,0.9680028784075669,0.0319971215924326,0.9680028784075669
0,0,0.71411890713398,0.2858810928660212,0.71411890713398
0,0,0.985809485701684,0.014190514298317006,0.985809485701684
0,0,0.5351008557746841,0.4648991442253143,0.5351008557746841
0,0,0.99966318007434,0.0003368199256605432,0.99966318007434
0,0,0.9866386951178608,0.013361304882137777,0.9866386951178608
0,0,0.9592929101752738,0.040707089824727066,0.9592929101752738
0,0,0.9817294300310981,0.018270569968902656,0.9817294300310981
0,0,0.760799376385256,0.23920062361474484,0.760799376385256
0,0,0.8700470298591184,0.12995297014088253,0.8700470298591184
0,0,0.9234143266096889,0.07658567339031087,0.9234143266096889
0,0,0.9661473582057832,0.03385264179421702,0.9661473582057832
0,0,0.889233708290622,0.11076629170937756,0.889233708290622
1,0,0.9462081376527649,0.053791862347234674,0.9462081376527649
0,0,0.709044617489751,0.29095538251024755,0.709044617489751
0,0,0.6899722934215963,0.3100277065784045,0.6899722934215963
0,0,0.88678189233048,0.1132181076695195,0.88678189233048
0,0,0.9897003406220591,0.010299659377940817,0.9897003406220591
0,0,0.9943161650853156,0.0056838349146847225,0.9943161650853156
0,0,0.660670458754654,0.3393295412453455,0.660670458754654
0,0,0.9828715041311127,0.017128495868888764,0.9828715041311127
1,0,0.7776211746442893,0.22237882535571213,0.7776211746442893
0,0,0.9834993304558727,0.016500669544128387,0.9834993304558727
0,0,0.9918959561489824,0.008104043851017909,0.9918959561489824
0,0,0.9490377688467413,0.05096223115326022,0.9490377688467413
0,0,0.8911831215639615,0.10881687843603927,0.8911831215639615
0,0,0.7560299240503134,0.24397007594968645,0.7560299240503134
0,0,0.9603891086204185,0.03961089137957989,0.9603891086204185
1,0,0.9265394679618254,0.07346053203817515,0.9265394679618254
0,0,0.979682972502228,0.020317027497772103,0.979682972502228
1,0,0.9241268577381664,0.0758731422618337,0.9241268577381664
0,0,0.881793863343143,0.11820613665685557,0.881793863343143
0,0,0.9983078150249051,0.001692184975094786,0.9983078150249051
0,0,0.9375486260965331,0.06245137390346708,0.9375486260965331
0,0,0.9918035657827684,0.008196434217232238,0.9918035657827684
0,1,0.054429444866825986,0.9455705551331747,0.9455705551331747
0,0,0.9601413352362191,0.039858664763781616,0.9601413352362191
0,0,0.9835734715902268,0.01642652840977371,0.9835734715902268
0,0,0.992520558696798,0.007479441303201375,0.992520558696798
0,0,0.9843426229863359,0.01565737701366251,0.9843426229863359
0,1,0.21012486024011834,0.7898751397598812,0.7898751397598812
0,0,0.9604790361646779,0.039520963835320784,0.9604790361646779
0,0,0.9972939855266418,0.0027060144733594233,0.9972939855266418
0,0,0.9721090777964797,0.02789092220351969,0.9721090777964797
1,0,0.8538923473276592,0.14610765267234127,0.8538923473276592
0,0,0.9906064342565585,0.009393565743442897,0.9906064342565585
0,0,0.9892933166426415,0.010706683357360044,0.9892933166426415
0,0,0.9199383509258032,0.08006164907419804,0.9199383509258032
0,0,0.9995015026762,0.0004984973238002684,0.9995015026762
1,0,0.9565770861320654,0.043422913867934274,0.9565770861320654
0,0,0.9631525950443877,0.036847404955611694,0.9631525950443877
0,0,0.9986455952575078,0.0013544047424937072,0.9986455952575078
0,0,0.8876207650825896,0.11237923491741157,0.8876207650825896
0,0,0.9992026701334489,0.0007973298665523685,0.9992026701334489
0,0,0.9694422540655403,0.03055774593446129,0.9694422540655403
0,0,0.8043414067739731,0.19565859322602625,0.8043414067739731
0,0,0.9172502049836225,0.08274979501637585,0.9172502049836225
0,0,0.8626069880983752,0.13739301190162503,0.8626069880983752
0,0,0.6339540411457527,0.36604595885424795,0.6339540411457527
0,0,0.9977317548394607,0.0022682451605403795,0.9977317548394607
0,0,0.9341084689174884,0.06589153108251236,0.9341084689174884
0,0,0.5030820612876938,0.4969179387123045,0.5030820612876938
0,0,0.951468838449457,0.04853116155054317,0.951468838449457
0,0,0.9908149366236546,0.009185063376344737,0.9908149366236546
0,0,0.9385315920700141,0.06146840792998545,0.9385315920700141
0,0,0.5019924674691354,0.49800753253086294,0.5019924674691354
0,0,0.8116746941217698,0.1883253058782319,0.8116746941217698
0,0,0.8739980230097472,0.12600197699025353,0.8739980230097472
1,1,0.49725925298713275,0.5027407470128666,0.5027407470128666
0,0,0.9881087499701858,0.011891250029813246,0.9881087499701858
0,1,0.040769323817917535,0.959230676182081,0.959230676182081
0,0,0.9942946193514304,0.005705380648570666,0.9942946193514304
0,0,0.9895971219153651,0.010402878084634155,0.9895971219153651
0,1,0.46796186864486927,0.5320381313551313,0.5320381313551313
0,0,0.873725925482824,0.1262740745171745,0.873725925482824
0,0,0.837200912207682,0.16279908779231797,0.837200912207682
0,0,0.7947813083866462,0.20521869161335402,0.7947813083866462
1,1,0.035155250697955207,0.9648447493020462,0.9648447493020462
0,0,0.9585279420777467,0.04147205792225181,0.9585279420777467
0,0,0.9847038499132496,0.015296150086750468,0.9847038499132496
0,0,0.9590357509856401,0.04096424901435932,0.9590357509856401
1,0,0.9182973990893819,0.08170260091061765,0.9182973990893819
0,0,0.6207694941103169,0.37923050588968166,0.6207694941103169
0,0,0.8106540179200157,0.18934598207998315,0.8106540179200157
0,0,0.9876078512460961,0.01239214875390569,0.9876078512460961
0,0,0.9335847558309388,0.06641524416906132,0.9335847558309388
0,0,0.7218157266737264,0.27818427332627416,0.7218157266737264
0,0,0.9219971509812569,0.0780028490187425,0.9219971509812569
0,0,0.9379867146936768,0.06201328530632385,0.9379867146936768
0,0,0.9769560740139138,0.023043925986086233,0.9769560740139138
0,0,0.8107862991620166,0.1892137008379847,0.8107862991620166
1,1,0.04377241832869808,0.9562275816713023,0.9562275816713023
0,0,0.9843125506073297,0.01568744939267168,0.9843125506073297
0,0,0.8151871198239591,0.18481288017603936,0.8151871198239591
0,0,0.9660794803568045,0.03392051964319645,0.9660794803568045
0,0,0.9885877178876179,0.011412282112383352,0.9885877178876179
0,0,0.979138893968696,0.02086110603130439,0.979138893968696
0,0,0.9484137931287804,0.05158620687121942,0.9484137931287804
0,0,0.9902321083515647,0.009767891648436127,0.9902321083515647
0,1,0.38736761380686574,0.612632386193136,0.612632386193136
0,0,0.997912328871356,0.002087671128643249,0.997912328871356
0,0,0.9847070711832563,0.015292928816743535,0.9847070711832563
1,1,0.13625288249198333,0.8637471175080179,0.8637471175080179
0,0,0.9395003803428882,0.060499619657111904,0.9395003803428882
0,0,0.9845335222926704,0.015466477707328855,0.9845335222926704
0,0,0.9541510252072224,0.04584897479277849,0.9541510252072224
0,0,0.9768991367347847,0.023100863265216126,0.9768991367347847
0,0,0.7843883222765167,0.21561167772348314,0.7843883222765167
0,0,0.9579062939335767,0.04209370606642324,0.9579062939335767
0,0,0.9760758807394937,0.023924119260506437,0.9760758807394937
0,0,0.9393009075745073,0.06069909242549392,0.9393009075745073
0,0,0.9846224072247644,0.015377592775236381,0.9846224072247644
0,0,0.6737106758041574,0.32628932419584405,0.6737106758041574
0,0,0.9600752253324003,0.039924774667598424,0.9600752253324003
1,1,0.34636976497933913,0.6536302350206619,0.6536302350206619
0,1,0.2734245399036705,0.7265754600963278,0.7265754600963278
1,1,0.08548952958930343,0.9145104704106954,0.9145104704106954
0,1,0.11170700407050914,0.8882929959294921,0.8882929959294921
0,0,0.9420164533817605,0.05798354661823966,0.9420164533817605
0,0,0.9882659034321442,0.011734096567854707,0.9882659034321442
0,0,0.8970429921185452,0.1029570078814548,0.8970429921185452
1,0,0.665114236882465,0.33488576311753554,0.665114236882465
0,0,0.9817246221471235,0.018275377852876255,0.9817246221471235
0,0,0.9344873150765501,0.06551268492344929,0.9344873150765501
0,0,0.9552623942352595,0.044737605764739244,0.9552623942352595
0,0,0.9877444075609079,0.012255592439093166,0.9877444075609079
0,0,0.8731817219825476,0.1268182780174523,0.8731817219825476
0,0,0.9696284224450085,0.03037157755499205,0.9696284224450085
0,0,0.9942739982864688,0.0057260017135301435,0.9942739982864688
0,0,0.9905497113924737,0.009450288607526069,0.9905497113924737
0,0,0.9743883964817738,0.025611603518226077,0.9743883964817738
0,0,0.9939905931911522,0.0060094068088485395,0.9939905931911522
1,1,0.021538477639562098,0.9784615223604388,0.9784615223604388
0,0,0.9946785717505877,0.005321428249411651,0.9946785717505877
0,0,0.9664668712092123,0.03353312879078773,0.9664668712092123
0,0,0.9460159556508684,0.05398404434913147,0.9460159556508684
0,0,0.9955579605935386,0.0044420394064616266,0.9955579605935386
0,0,0.7876019035607964,0.21239809643920338,0.7876019035607964
0,0,0.978347744583635,0.021652255416364397,0.978347744583635
0,0,0.9785159526045405,0.02148404739546029,0.9785159526045405
0,0,0.8874599401787644,0.11254005982123579,0.8874599401787644
0,0,0.9825950901690046,0.017404909830994388,0.9825950901690046
0,0,0.9965734715004619,0.0034265284995387293,0.9965734715004619
0,0,0.9879330542313045,0.012066945768695516,0.9879330542313045
0,0,0.9724550637428885,0.027544936257111435,0.9724550637428885
0,0,0.6959187265938662,0.30408127340613444,0.6959187265938662
1,1,0.4431217745630962,0.5568782254369025,0.5568782254369025
0,0,0.9268518399981364,0.07314816000186314,0.9268518399981364
0,0,0.9987194320344494,0.001280567965549807,0.9987194320344494
0,0,0.983159284541749,0.016840715458250863,0.983159284541749
0,0,0.7383923911980486,0.2616076088019504,0.7383923911980486
0,0,0.9939264367083593,0.006073563291640164,0.9939264367083593
0,0,0.9651809707392165,0.03481902926078463,0.9651809707392165
0,0,0.9615374795985149,0.03846252040148596,0.9615374795985149
1,1,0.24127503702971903,0.7587249629702809,0.7587249629702809
0,0,0.6978033466664221,0.3021966533335797,0.6978033466664221
0,0,0.9615892281031051,0.03841077189689637,0.9615892281031051
0,0,0.9327511387606128,0.06724886123938581,0.9327511387606128
0,0,0.5246081782911002,0.4753918217089016,0.5246081782911002
0,0,0.9573415126411574,0.04265848735884361,0.9573415126411574
0,0,0.5651450530470304,0.4348549469529706,0.5651450530470304
0,0,0.9828369447600398,0.017163055239961124,0.9828369447600398
0,0,0.9954236881064015,0.004576311893596807,0.9954236881064015
0,0,0.9518426238669498,0.04815737613305131,0.9518426238669498
0,0,0.9717720819371711,0.028227918062830086,0.9717720819371711
0,0,0.8636707652834692,0.13632923471652927,0.8636707652834692
0,1,0.08765878547016444,0.9123412145298346,0.9123412145298346
1,0,0.630977187549548,0.36902281245045315,0.630977187549548
0,1,0.44444905533068374,0.5555509446693181,0.5555509446693181
0,1,0.17969007546387106,0.8203099245361303,0.8203099245361303
1,1,0.034726739207901994,0.965273260792097,0.965273260792097
0,0,0.9830745058781993,0.01692549412180027,0.9830745058781993
0,0,0.7113983281952433,0.2886016718047555,0.7113983281952433
0,0,0.9893525621733867,0.010647437826612755,0.9893525621733867
0,0,0.8007435021737094,0.19925649782629143,0.8007435021737094
0,0,0.9367870573543532,0.0632129426456472,0.9367870573543532
0,0,0.5532001176949656,0.4467998823050337,0.5532001176949656
0,0,0.9973496720240891,0.002650327975911674,0.9973496720240891
1,0,0.7442391412832265,0.25576085871677295,0.7442391412832265
0,0,0.6585963551727765,0.34140364482722374,0.6585963551727765
0,0,0.9134938498714787,0.08650615012852139,0.9134938498714787
0,1,0.21248114230441242,0.7875188576955868,0.7875188576955868
0,0,0.9912534203825687,0.008746579617429981,0.9912534203825687
0,0,0.9942695013198943,0.0057304986801055965,0.9942695013198943
0,0,0.9947240900636737,0.005275909936324947,0.9947240900636737
0,0,0.9919852033838932,0.008014796616107602,0.9919852033838932
0,0,0.9200995415643504,0.07990045843565063,0.9200995415643504
0,0,0.7723529070185675,0.22764709298143282,0.7723529070185675
0,0,0.9955053984575312,0.004494601542469107,0.9955053984575312
0,0,0.9889035889426597,0.011096411057340117,0.9889035889426597
0,0,0.8921704481686475,0.1078295518313509,0.8921704481686475
0,0,0.9093025336986489,0.0906974663013528,0.9093025336986489
0,0,0.9814397486262876,0.018560251373712384,0.9814397486262876
0,0,0.9892490341625312,0.010750965837468894,0.9892490341625312
0,0,0.8349625563414962,0.16503744365850484,0.8349625563414962
0,0,0.9876168401821113,0.012383159817888213,0.9876168401821113
0,0,0.9785448605744435,0.02145513942555772,0.9785448605744435
0,0,0.9755795685298346,0.024420431470164358,0.9755795685298346
0,0,0.8570371867034893,0.14296281329651037,0.8570371867034893
1,0,0.9576090455076328,0.0423909544923667,0.9576090455076328
0,0,0.9081332842846773,0.09186671571532312,0.9081332842846773
0,0,0.68780498605354,0.31219501394646093,0.68780498605354
0,0,0.9874667376772248,0.012533262322774737,0.9874667376772248
0,0,0.9126662516340087,0.08733374836599136,0.9126662516340087
0,0,0.9779328138186096,0.02206718618139187,0.9779328138186096
0,0,0.9882916508159876,0.011708349184013396,0.9882916508159876
0,0,0.9857080744512176,0.014291925548782234,0.9857080744512176
0,0,0.970283333249844,0.029716666750156287,0.970283333249844
0,0,0.9554205042989402,0.04457949570106137,0.9554205042989402
0,0,0.8958392458534912,0.10416075414650958,0.8958392458534912
0,0,0.9251903483510693,0.07480965164893091,0.9251903483510693
0,0,0.9694228715406625,0.030577128459338177,0.9694228715406625
0,0,0.9300430236037088,0.0699569763962913,0.9300430236037088
1,0,0.9859303850369451,0.014069614963054394,0.9859303850369451
0,0,0.7957463485580208,0.20425365144197768,0.7957463485580208
0,0,0.9968561056132959,0.003143894386703503,0.9968561056132959
0,0,0.9641378041894587,0.03586219581054292,0.9641378041894587
0,0,0.9894875416440313,0.010512458355967886,0.9894875416440313
0,0,0.8654271847731084,0.13457281522689205,0.8654271847731084
1,0,0.9573654965005071,0.04263450349949388,0.9573654965005071
0,0,0.5801971632909245,0.4198028367090752,0.5801971632909245
0,0,0.9898796634526504,0.010120336547348759,0.9898796634526504
0,0,0.6202568333878029,0.37974316661219804,0.6202568333878029
0,0,0.9617795301280604,0.03822046987193967,0.9617795301280604
0,0,0.872332088201582,0.1276679117984164,0.872332088201582
1,0,0.8796571048052136,0.12034289519478734,0.8796571048052136
0,1,0.2604201594095264,0.7395798405904723,0.7395798405904723
0,0,0.9970305558393889,0.0029694441606118427,0.9970305558393889
0,0,0.8838879025418379,0.11611209745816256,0.8838879025418379
0,0,0.9959422502313385,0.00405774976866213,0.9959422502313385
0,0,0.9947630334791221,0.005236966520877465,0.9947630334791221
0,0,0.9047998009337502,0.09520019906624962,0.9047998009337502
0,1,0.37885142146603384,0.6211485785339679,0.6211485785339679
0,0,0.9890265630609473,0.010973436939052592,0.9890265630609473
0,0,0.9978000580345269,0.0021999419654730136,0.9978000580345269
0,0,0.9880377826558943,0.01196221734410654,0.9880377826558943
0,0,0.9935052949149472,0.006494705085054149,0.9935052949149472
0,0,0.9950786689556442,0.004921331044354803,0.9950786689556442
0,0,0.979407846963209,0.020592153036790753,0.979407846963209
0,0,0.6949795718147597,0.3050204281852404,0.6949795718147597
0,0,0.9789353336996169,0.021064666300382718,0.9789353336996169
0,0,0.9900563440836218,0.009943655916377492,0.9900563440836218
0,0,0.9071523947457963,0.09284760525420421,0.9071523947457963
0,0,0.9779145031162155,0.022085496883784098,0.9779145031162155
1,1,0.35492721299908814,0.6450727870009125,0.6450727870009125
0,0,0.9905610212648972,0.009438978735102839,0.9905610212648972
0,0,0.9178599850909092,0.08214001490909005,0.9178599850909092
0,0,0.98609628365494,0.013903716345059249,0.98609628365494
0,0,0.9977375016751725,0.0022624983248280754,0.9977375016751725
0,0,0.9967479093927498,0.00325209060724994,0.9967479093927498
0,0,0.748459999028537,0.25154000097146356,0.748459999028537
0,0,0.845364659176998,0.1546353408230026,0.845364659176998
0,0,0.9710090807325726,0.028990919267426595,0.9710090807325726
0,0,0.9776040625772003,0.02239593742280011,0.9776040625772003
0,0,0.9650839231709318,0.034916076829069075,0.9650839231709318
0,0,0.9686954536013334,0.03130454639866733,0.9686954536013334
0,0,0.9816825474649263,0.018317452535073456,0.9816825474649263
0,0,0.9157654840324694,0.08423451596753012,0.9157654840324694
0,0,0.9589996121128808,0.041000387887119315,0.9589996121128808
0,0,0.9655443975685788,0.03445560243141999,0.9655443975685788
0,0,0.8283295269615348,0.1716704730384666,0.8283295269615348
0,0,0.9928192761187606,0.007180723881238754,0.9928192761187606
0,0,0.9869459329633391,0.01305406703666163,0.9869459329633391
0,0,0.8601769649969816,0.13982303500301912,0.8601769649969816
0,0,0.879957825813327,0.12004217418667373,0.879957825813327
0,0,0.9905374569109126,0.00946254308908865,0.9905374569109126
0,0,0.9517825732890935,0.048217426710908166,0.9517825732890935
0,1,0.32978482836768896,0.6702151716323123,0.6702151716323123
0,0,0.9206604158589056,0.0793395841410928,0.9206604158589056
0,0,0.7221841005136392,0.2778158994863613,0.7221841005136392
0,0,0.9134084091871468,0.0865915908128531,0.9134084091871468
0,0,0.8661009280913021,0.1338990719086968,0.8661009280913021
0,0,0.765719550886837,0.2342804491131638,0.765719550886837
0,0,0.9859670312983148,0.014032968701686516,0.9859670312983148
0,1,0.05502434657615196,0.9449756534238485,0.9449756534238485
0,0,0.9964020798288893,0.003597920171111586,0.9964020798288893
0,0,0.9932541216044879,0.006745878395511768,0.9932541216044879
0,0,0.9724492473126318,0.02755075268736799,0.9724492473126318
0,0,0.7523036395163033,0.24769636048369587,0.7523036395163033
0,0,0.9749667744670547,0.025033225532945604,0.9749667744670547
0,0,0.9009051732154423,0.09909482678455922,0.9009051732154423
0,0,0.9845959179101825,0.015404082089817335,0.9845959179101825
0,0,0.9840966347099988,0.015903365290000308,0.9840966347099988
0,0,0.9906828497940375,0.009317150205962127,0.9906828497940375
0,0,0.9073027764695464,0.09269722353045272,0.9073027764695464
0,0,0.9957603459321779,0.004239654067822867,0.9957603459321779
0,0,0.967914406321089,0.032085593678910417,0.967914406321089
0,0,0.9287482195011947,0.07125178049880664,0.9287482195011947
0,0,0.985782449452244,0.014217550547756213,0.985782449452244
0,0,0.9782231927316521,0.021776807268348512,0.9782231927316521
0,0,0.849683464782744,0.15031653521725563,0.849683464782744
1,0,0.8674185183671123,0.13258148163288766,0.8674185183671123
0,0,0.8843927655993814,0.11560723440061754,0.8843927655993814
0,0,0.9924331319740087,0.007566868025989916,0.9924331319740087
0,0,0.9319671199013487,0.06803288009864984,0.9319671199013487
0,0,0.9986175729129414,0.001382427087057019,0.9986175729129414
0,0,0.8675834236538718,0.13241657634612894,0.8675834236538718
0,0,0.9964019024143858,0.003598097585613516,0.9964019024143858
0,0,0.9565424317068448,0.04345756829315441,0.9565424317068448
0,0,0.7816602105166871,0.2183397894833115,0.7816602105166871
0,0,0.9965171184220123,0.003482881577987097,0.9965171184220123
0,0,0.6452994541641482,0.35470054583585137,0.6452994541641482
0,0,0.7911830405659197,0.20881695943407877,0.7911830405659197
0,0,0.9898681351063012,0.01013186489370052,0.9898681351063012
0,0,0.90019980147719,0.09980019852281001,0.90019980147719
0,0,0.9823164745736076,0.01768352542639365,0.9823164745736076
1,0,0.8779055820624239,0.1220944179375756,0.8779055820624239
0,0,0.9809050789510503,0.019094921048949106,0.9809050789510503
0,0,0.7496253122884442,0.2503746877115541,0.7496253122884442
0,0,0.9735814560442073,0.026418543955794363,0.9735814560442073
0,0,0.8565717001877085,0.1434282998122913,0.8565717001877085
0,0,0.9904679466676108,0.009532053332387734,0.9904679466676108
0,0,0.997830227867305,0.002169772132695834,0.997830227867305
0,0,0.9534400567535962,0.046559943246405375,0.9534400567535962
1,1,0.4524786947474234,0.547521305252576,0.547521305252576
0,0,0.9938974885124477,0.006102511487552377,0.9938974885124477
0,0,0.9776970099731968,0.022302990026803672,0.9776970099731968
0,0,0.988716004729179,0.011283995270821754,0.988716004729179
0,0,0.9832682076594874,0.01673179234051164,0.9832682076594874
0,0,0.7305812760412103,0.2694187239587886,0.7305812760412103
0,0,0.9188869063804439,0.08111309361955622,0.9188869063804439
0,0,0.9980369546362288,0.0019630453637724137,0.9980369546362288
0,0,0.9921188229157292,0.007881177084270392,0.9921188229157292
0,0,0.9912695760564757,0.008730423943523956,0.9912695760564757
0,0,0.9920841905496064,0.00791580945039493,0.9920841905496064
0,0,0.8589549288789488,0.14104507112105086,0.8589549288789488
0,0,0.9734191092378748,0.02658089076212377,0.9734191092378748
0,0,0.9965443856847677,0.0034556143152322393,0.9965443856847677
1,1,0.17490870746061707,0.8250912925393812,0.8250912925393812
0,0,0.9971537308109774,0.0028462691890219064,0.9971537308109774
0,0,0.6831231187107413,0.3168768812892586,0.6831231187107413
0,0,0.9881310939985509,0.011868906001449155,0.9881310939985509
0,0,0.8639015770592336,0.13609842294076507,0.8639015770592336
0,0,0.9124171578246528,0.0875828421753481,0.9124171578246528
0,0,0.9678373739166571,0.03216262608334299,0.9678373739166571
0,0,0.936783831518475,0.06321616848152517,0.936783831518475
0,0,0.9849961270772606,0.015003872922739638,0.9849961270772606
0,0,0.9656908269867323,0.03430917301326723,0.9656908269867323
1,1,0.19138517768432098,0.8086148223156777,0.8086148223156777
0,1,0.07891312094953333,0.921086879050467,0.921086879050467
0,0,0.9775652244844801,0.02243477551551919,0.9775652244844801
0,0,0.9833857353343086,0.01661426466569288,0.9833857353343086
0,0,0.998131509422971,0.0018684905770300438,0.998131509422971
0,0,0.9759857420988823,0.024014257901117806,0.9759857420988823
1,1,0.04321706242356532,0.9567829375764338,0.9567829375764338
0,0,0.9919066761728005,0.008093323827197922,0.9919066761728005
0,0,0.9950654742650795,0.004934525734921705,0.9950654742650795
0,0,0.8871738819363887,0.11282611806361074,0.8871738819363887
0,0,0.989147137392371,0.010852862607627741,0.989147137392371
0,0,0.9676551310720538,0.03234486892794685,0.9676551310720538
1,1,0.47534006409854646,0.5246599359014529,0.5246599359014529
0,1,0.1861023997156502,0.8138976002843495,0.8138976002843495
0,0,0.9908104804745915,0.009189519525408814,0.9908104804745915
0,0,0.9858250973894906,0.01417490261050991,0.9858250973894906
0,0,0.9950428034853775,0.004957196514622151,0.9950428034853775
0,0,0.9925344236389363,0.007465576361062909,0.9925344236389363
0,0,0.9847121666744564,0.015287833325543518,0.9847121666744564
0,0,0.979239302545043,0.020760697454958753,0.979239302545043
0,0,0.808321562274034,0.1916784377259667,0.808321562274034
0,0,0.8417486863484281,0.15825131365157122,0.8417486863484281
0,0,0.9044153918389435,0.0955846081610576,0.9044153918389435
0,0,0.9851017579055448,0.01489824209445467,0.9851017579055448
1,0,0.7312113695039254,0.26878863049607504,0.7312113695039254
0,0,0.687343214739931,0.31265678526006785,0.687343214739931
0,0,0.7267763045547997,0.27322369544519914,0.7267763045547997
0,0,0.9622064965465263,0.03779350345347378,0.9622064965465263
0,0,0.9672100872300612,0.032789912769938326,0.9672100872300612
1,0,0.9169275279117628,0.08307247208823706,0.9169275279117628
0,0,0.953643134148929,0.046356865851071793,0.953643134148929
0,0,0.9190271969602981,0.08097280303970192,0.9190271969602981
0,0,0.9680555147451458,0.03194448525485298,0.9680555147451458
0,0,0.9810946055281499,0.018905394471850773,0.9810946055281499
0,0,0.7625808917180111,0.2374191082819886,0.7625808917180111
0,1,0.2148679682785508,0.7851320317214483,0.7851320317214483
1,1,0.36830338749537,0.6316966125046317,0.6316966125046317
0,0,0.9819804835410273,0.018019516458973067,0.9819804835410273
0,0,0.8955545518180568,0.10444544818194385,0.8955545518180568
0,0,0.9554458399059568,0.04455416009404255,0.9554458399059568
0,0,0.8742678727128084,0.12573212728719216,0.8742678727128084
0,0,0.5221198305911369,0.47788016940886324,0.5221198305911369
1,1,0.3148963841425121,0.6851036158574876,0.6851036158574876
0,1,0.27716136490539756,0.7228386350946037,0.7228386350946037
0,0,0.9972595146729175,0.002740485327082408,0.9972595146729175
0,0,0.9862629930542766,0.013737006945724224,0.9862629930542766
0,0,0.8335355928813692,0.16646440711863078,0.8335355928813692
0,0,0.9764004507322223,0.023599549267778082,0.9764004507322223
0,0,0.9650209239544938,0.03497907604550703,0.9650209239544938
0,0,0.9302202817382081,0.069779718261793,0.9302202817382081
0,0,0.983993321234536,0.01600667876546564,0.983993321234536
0,0,0.7875233090335372,0.21247669096646365,0.7875233090335372
0,0,0.9971628089038412,0.0028371910961585037,0.9971628089038412
0,0,0.9924426806411142,0.007557319358886414,0.9924426806411142
0,0,0.9979916361629014,0.0020083638370980966,0.9979916361629014
0,0,0.9485939640868608,0.05140603591313959,0.9485939640868608
0,0,0.9056910307124545,0.09430896928754448,0.9056910307124545
0,0,0.9920639743606233,0.007936025639376442,0.9920639743606233
0,0,0.951971231209561,0.04802876879043881,0.951971231209561
0,0,0.9991660763009911,0.0008339236990078874,0.9991660763009911
0,0,0.9656197749879947,0.034380225012004655,0.9656197749879947
0,0,0.9982500905973228,0.0017499094026774626,0.9982500905973228
0,0,0.893726125717602,0.10627387428239708,0.893726125717602
0,0,0.9344798732050141,0.06552012679498725,0.9344798732050141
0,0,0.9948835343700109,0.00511646562998808,0.9948835343700109
0,0,0.9566502275127913,0.043349772487209066,0.9566502275127913
0,0,0.9909250563021998,0.00907494369779994,0.9909250563021998
1,0,0.9304734009450426,0.0695265990549581,0.9304734009450426
0,0,0.8628471634913717,0.13715283650862825,0.8628471634913717
0,1,0.07007478676662304,0.9299252132333757,0.9299252132333757
0,0,0.8648988395673559,0.13510116043264572,0.8648988395673559
0,0,0.8437190870827754,0.15628091291722565,0.8437190870827754
0,0,0.9748413343215362,0.025158665678463428,0.9748413343215362
0,0,0.9926364193404417,0.007363580659557737,0.9926364193404417
0,0,0.9927554950360444,0.007244504963955854,0.9927554950360444
0,0,0.99689915111415,0.0031008488858509545,0.99689915111415
0,0,0.6230499254356309,0.3769500745643699,0.6230499254356309
0,0,0.8869700612222899,0.11302993877771121,0.8869700612222899
0,0,0.9821954532923807,0.017804546707618628,0.9821954532923807
0,0,0.866109212555486,0.13389078744451505,0.866109212555486
0,0,0.8693438009678316,0.13065619903216832,0.8693438009678316
0,0,0.9854815400798852,0.014518459920115447,0.9854815400798852
0,0,0.9497084677117664,0.05029153228823192,0.9497084677117664
0,0,0.9967992922363219,0.003200707763677553,0.9967992922363219
1,0,0.9810027914798894,0.01899720852010998,0.9810027914798894
1,0,0.8020414956504747,0.19795850434952528,0.8020414956504747
0,0,0.8129548772493594,0.18704512275064072,0.8129548772493594
0,0,0.9844833070077196,0.015516692992280628,0.9844833070077196
0,0,0.9589171791729864,0.04108282082701394,0.9589171791729864
1,1,0.01673118251006117,0.9832688174899389,0.9832688174899389
0,0,0.9507774959485723,0.04922250405142836,0.9507774959485723
0,0,0.9964386321722641,0.0035613678277372166,0.9964386321722641
1,0,0.5739465539161164,0.42605344608388307,0.5739465539161164
0,0,0.997923085874232,0.0020769141257688064,0.997923085874232
0,0,0.9950880405790247,0.00491195942097537,0.9950880405790247
0,0,0.9380587710824169,0.06194122891758273,0.9380587710824169
0,0,0.9718091724190089,0.02819082758099071,0.9718091724190089
0,0,0.9861981573089628,0.013801842691037439,0.9861981573089628
0,0,0.9945026042796024,0.005497395720397653,0.9945026042796024
0,0,0.9171806780640344,0.08281932193596628,0.9171806780640344
1,0,0.8645697147088887,0.13543028529111226,0.8645697147088887
0,0,0.9935821743824774,0.0064178256175225915,0.9935821743824774
0,0,0.862217290461851,0.1377827095381487,0.862217290461851
0,0,0.6308910964451712,0.3691089035548279,0.6308910964451712
0,0,0.9950177896523484,0.004982210347650721,0.9950177896523484
0,0,0.9961974096569195,0.003802590343081123,0.9961974096569195
0,0,0.9810631027510568,0.018936897248942892,0.9810631027510568
1,1,0.2986737099345558,0.701326290065445,0.701326290065445
1,0,0.866967476965038,0.13303252303496257,0.866967476965038
0,0,0.9635059418306378,0.036494058169362714,0.9635059418306378
0,0,0.9872772056649123,0.012722794335087547,0.9872772056649123
0,0,0.8093182079154716,0.19068179208453,0.8093182079154716
0,0,0.9899831260360125,0.010016873963987828,0.9899831260360125
0,0,0.9937575956926974,0.006242404307301597,0.9937575956926974
0,0,0.9260481207948076,0.07395187920519168,0.9260481207948076
0,0,0.7192475242452858,0.28075247575471435,0.7192475242452858
0,0,0.9843672061885507,0.015632793811450718,0.9843672061885507
0,0,0.9926653314243965,0.007334668575604228,0.9926653314243965
0,0,0.965362968837463,0.03463703116253788,0.965362968837463
0,0,0.9428857780452471,0.05711422195475373,0.9428857780452471
0,0,0.9644476369940302,0.035552363005969,0.9644476369940302
0,0,0.9763612960945274,0.023638703905470994,0.9763612960945274
1,0,0.6730942023719539,0.32690579762804584,0.6730942023719539
0,0,0.5631170522342374,0.4368829477657636,0.5631170522342374
0,0,0.9783520887018112,0.02164791129818933,0.9783520887018112
0,0,0.9039356033710895,0.09606439662891121,0.9039356033710895
0,0,0.927009968140832,0.07299003185916716,0.927009968140832
1,0,0.9934247852930206,0.006575214706979218,0.9934247852930206
0,0,0.8991082471717025,0.10089175282829728,0.8991082471717025
0,0,0.9095745444848758,0.09042545551512333,0.9095745444848758
0,0,0.9906306559579389,0.009369344042060385,0.9906306559579389
0,0,0.8374549900790602,0.1625450099209414,0.8374549900790602
1,0,0.6897223967606139,0.31027760323938597,0.6897223967606139
0,0,0.9260627626030952,0.07393723739690476,0.9260627626030952
0,0,0.7364085949134701,0.2635914050865304,0.7364085949134701
1,0,0.9884437396851495,0.01155626031485093,0.9884437396851495
0,0,0.9707774473563271,0.02922255264367219,0.9707774473563271
0,0,0.9642570788261468,0.035742921173852346,0.9642570788261468
0,0,0.9729116847415773,0.027088315258420897,0.9729116847415773
1,0,0.9831744961038745,0.01682550389612478,0.9831744961038745
1,0,0.878362907034546,0.12163709296545223,0.878362907034546
1,0,0.8177977139651782,0.18220228603482255,0.8177977139651782
0,0,0.9937895888390292,0.006210411160970759,0.9937895888390292
0,0,0.9848223792185985,0.01517762078140024,0.9848223792185985
0,0,0.9958938266278057,0.004106173372193467,0.9958938266278057
0,0,0.8800730524723266,0.11992694752767237,0.8800730524723266
0,0,0.9745846000325993,0.025415399967402275,0.9745846000325993
0,0,0.8631385376982349,0.13686146230176485,0.8631385376982349
0,0,0.9504516648653001,0.04954833513469909,0.9504516648653001
0,0,0.8830763928457234,0.11692360715427633,0.8830763928457234
0,1,0.1163309928117985,0.8836690071882013,0.8836690071882013
1,1,0.03542058390696999,0.9645794160930296,0.9645794160930296
0,0,0.9768849405772089,0.023115059422791493,0.9768849405772089
0,0,0.9897888612042274,0.010211138795771957,0.9897888612042274
0,0,0.9853884248074217,0.014611575192579072,0.9853884248074217
0,0,0.9570945380163804,0.04290546198362092,0.9570945380163804
0,0,0.9247519870047765,0.07524801299522292,0.9247519870047765
1,0,0.9523426379860325,0.04765736201396908,0.9523426379860325
0,0,0.5581525546412314,0.4418474453587687,0.5581525546412314
1,1,0.40553337022246005,0.5944666297775381,0.5944666297775381
1,1,0.10562318623478995,0.8943768137652088,0.8943768137652088
0,0,0.5106258946046802,0.4893741053953189,0.5106258946046802
0,0,0.9949051276749415,0.00509487232505955,0.9949051276749415
0,0,0.9705294775908961,0.029470522409102563,0.9705294775908961
0,0,0.953295554139748,0.04670444586025237,0.953295554139748
0,0,0.933315995899226,0.06668400410077473,0.933315995899226
0,0,0.9083679689997962,0.09163203100020484,0.9083679689997962
0,0,0.8519233357656154,0.14807666423438348,0.8519233357656154
1,1,0.34351710893095994,0.6564828910690406,0.6564828910690406
0,0,0.9919453990598517,0.008054600940148171,0.9919453990598517
0,0,0.9640806432646449,0.03591935673535569,0.9640806432646449
0,0,0.9400952472718003,0.05990475272820125,0.9400952472718003
0,0,0.820340994063378,0.17965900593662132,0.820340994063378
0,0,0.7409509298058558,0.25904907019414414,0.7409509298058558
0,0,0.9899262201640442,0.010073779835954162,0.9899262201640442
0,0,0.9719420550684532,0.028057944931546355,0.9719420550684532
0,0,0.9534585306856035,0.04654146931439492,0.9534585306856035
0,0,0.9277038859987593,0.0722961140012399,0.9277038859987593
0,0,0.9986549810484961,0.0013450189515054089,0.9986549810484961
0,0,0.8701313383010728,0.12986866169892622,0.8701313383010728
0,0,0.5968389855056302,0.4031610144943701,0.5968389855056302
1,0,0.9798769879362901,0.02012301206371054,0.9798769879362901
0,0,0.979693190897264,0.020306809102735784,0.979693190897264
0,0,0.9259551887775572,0.07404481122244191,0.9259551887775572
0,0,0.9769382875143668,0.023061712485633316,0.9769382875143668
0,0,0.9918561451358702,0.008143854864129194,0.9918561451358702
1,0,0.9952883206989735,0.004711679301027262,0.9952883206989735
0,0,0.9657374887239196,0.03426251127608039,0.9657374887239196
0,0,0.997765643552846,0.0022343564471535844,0.997765643552846
0,0,0.5913638091970892,0.40863619080291214,0.5913638091970892
0,0,0.9312016134496542,0.06879838655034705,0.9312016134496542
0,0,0.9322184544135823,0.06778154558641777,0.9322184544135823
0,0,0.5581326923797696,0.44186730762023124,0.5581326923797696
0,0,0.9976338574795557,0.002366142520443266,0.9976338574795557
1,0,0.7066758099817857,0.2933241900182152,0.7066758099817857
0,0,0.9976024315936041,0.0023975684063962327,0.9976024315936041
0,0,0.95139022197694,0.048609778023059366,0.95139022197694
1,0,0.8745070850938822,0.12549291490611694,0.8745070850938822
0,0,0.9826443540463979,0.01735564595360254,0.9826443540463979
0,0,0.9963559189943697,0.003644081005630316,0.9963559189943697
0,0,0.9541956339274121,0.045804366072586554,0.9541956339274121
0,1,0.12132389133769746,0.8786761086623008,0.8786761086623008
0,0,0.9820226833996887,0.017977316600309646,0.9820226833996887
1,0,0.947576110629188,0.052423889370811445,0.947576110629188
0,0,0.8632513526992165,0.13674864730078284,0.8632513526992165
0,0,0.9917745873855937,0.00822541261440666,0.9917745873855937
0,0,0.9981746047522211,0.0018253952477785163,0.9981746047522211
0,0,0.7837230905280128,0.21627690947198777,0.7837230905280128
0,1,0.210061423040592,0.7899385769594064,0.7899385769594064
0,0,0.9845588013121884,0.015441198687811668,0.9845588013121884
1,0,0.7813558166496563,0.21864418335034272,0.7813558166496563
0,0,0.9520827323291479,0.04791726767085056,0.9520827323291479
0,0,0.9767269199307171,0.023273080069281703,0.9767269199307171
0,0,0.9302927205241904,0.06970727947580915,0.9302927205241904
0,0,0.9891412184161259,0.010858781583874866,0.9891412184161259
0,0,0.9532540419629878,0.046745958037013785,0.9532540419629878
0,1,0.16716590337051826,0.8328340966294816,0.8328340966294816
1,1,0.43622147939990497,0.5637785206000945,0.5637785206000945
0,0,0.991873386782833,0.008126613217167325,0.991873386782833
1,0,0.8235978766087302,0.1764021233912712,0.8235978766087302
0,0,0.942305190976283,0.05769480902371576,0.942305190976283
1,0,0.7809293981945526,0.2190706018054479,0.7809293981945526
0,0,0.9886585641359839,0.011341435864014785,0.9886585641359839
0,0,0.9015490124143584,0.09845098758564191,0.9015490124143584
0,0,0.9716561560673913,0.028343843932608484,0.9716561560673913
0,0,0.9154972633896634,0.08450273661033623,0.9154972633896634
0,0,0.9465982885248838,0.053401711475115694,0.9465982885248838
0,0,0.988843395183686,0.011156604816315412,0.988843395183686
0,0,0.8647717721418052,0.13522822785819352,0.8647717721418052
0,0,0.9967828442165327,0.003217155783466685,0.9967828442165327
0,0,0.8745291567369957,0.12547084326300512,0.8745291567369957
0,0,0.9784229231861976,0.02157707681380377,0.9784229231861976
0,0,0.967346324222293,0.03265367577770811,0.967346324222293
0,0,0.7723767773854399,0.22762322261456025,0.7723767773854399
0,0,0.9499020387854008,0.050097961214600605,0.9499020387854008
0,0,0.9196031982155434,0.08039680178445534,0.9196031982155434
0,0,0.8227404413149354,0.17725955868506418,0.8227404413149354
0,0,0.920026588945097,0.07997341105490342,0.920026588945097
0,0,0.8750095407765095,0.12499045922349038,0.8750095407765095
0,0,0.9485687440541086,0.05143125594589217,0.9485687440541086
0,0,0.9753876148087871,0.02461238519121357,0.9753876148087871
0,0,0.5218024922842821,0.47819750771571634,0.5218024922842821
0,0,0.9440301589937679,0.0559698410062324,0.9440301589937679
0,0,0.9293092079216888,0.0706907920783117,0.9293092079216888
0,0,0.8430834336554437,0.15691656634455542,0.8430834336554437
0,0,0.9833899364024664,0.016610063597532847,0.9833899364024664
0,0,0.9919747293725133,0.00802527062748646,0.9919747293725133
0,0,0.9524818402255695,0.04751815977442973,0.9524818402255695
0,0,0.9958619349526765,0.004138065047322827,0.9958619349526765
0,0,0.8692743263439292,0.13072567365607193,0.8692743263439292
0,0,0.9836132319611904,0.016386768038810236,0.9836132319611904
0,0,0.9768618031302406,0.0231381968697599,0.9768618031302406
0,1,0.4497951493040654,0.5502048506959337,0.5502048506959337
0,0,0.5863563325403147,0.4136436674596865,0.5863563325403147
0,0,0.9906259407445475,0.009374059255453317,0.9906259407445475
0,0,0.9951017171535053,0.004898282846496224,0.9951017171535053
0,0,0.9459590688299198,0.05404093117008084,0.9459590688299198
0,1,0.49424029136099656,0.5057597086390039,0.5057597086390039
0,0,0.9827345913545222,0.017265408645478906,0.9827345913545222
0,0,0.6237658001892967,0.37623419981070166,0.6237658001892967
0,1,0.10964367468386689,0.8903563253161322,0.8903563253161322
0,0,0.9928771062333228,0.007122893766677688,0.9928771062333228
0,0,0.8143233121389167,0.18567668786108252,0.8143233121389167
0,0,0.9846178819066742,0.01538211809332725,0.9846178819066742
0,0,0.9251777205913766,0.07482227940862309,0.9251777205913766
1,1,0.12690416041624922,0.8730958395837499,0.8730958395837499
1,0,0.6136298323059264,0.38637016769407434,0.6136298323059264
0,0,0.9829309364453279,0.017069063554673882,0.9829309364453279
0,0,0.9932179888324881,0.006782011167513358,0.9932179888324881
0,0,0.9708601336554509,0.02913986634454792,0.9708601336554509
0,0,0.959857484143583,0.040142515856418336,0.959857484143583
0,0,0.9786555849349218,0.02134441506507955,0.9786555849349218
0,0,0.9976661957539918,0.0023338042460079238,0.9976661957539918
0,0,0.9761918382217454,0.023808161778253584,0.9761918382217454
0,0,0.6662734296773348,0.3337265703226653,0.6662734296773348
0,0,0.9974648617074947,0.002535138292505285,0.9974648617074947
0,1,0.3633173763745654,0.636682623625433,0.636682623625433
0,0,0.997490718764442,0.0025092812355584013,0.997490718764442
0,0,0.9805443050962477,0.019455694903753328,0.9805443050962477
0,0,0.9958843816395734,0.004115618360425083,0.9958843816395734
0,1,0.21863822984868297,0.7813617701513176,0.7813617701513176
0,0,0.9634329023502773,0.036567097649722644,0.9634329023502773
0,0,0.853606338619636,0.1463936613803634,0.853606338619636
0,0,0.7194638162050012,0.2805361837949989,0.7194638162050012
0,0,0.6980199431053609,0.30198005689463975,0.6980199431053609
0,0,0.9962260250270585,0.0037739749729419577,0.9962260250270585
1,1,0.46634948308873503,0.5336505169112657,0.5336505169112657
0,0,0.988736787644692,0.011263212355308378,0.988736787644692
0,0,0.9455101161410687,0.05448988385893137,0.9455101161410687
0,0,0.9570381394210721,0.042961860578927494,0.9570381394210721
0,0,0.7886827053957819,0.21131729460421853,0.7886827053957819
0,0,0.6045126334239762,0.3954873665760235,0.6045126334239762
0,0,0.9841002169627134,0.015899783037287386,0.9841002169627134
0,0,0.7720858908547629,0.22791410914523802,0.7720858908547629
0,1,0.24732938156740653,0.752670618432595,0.752670618432595
0,0,0.9849260179475318,0.015073982052467915,0.9849260179475318
0,0,0.8696435243311741,0.13035647566882433,0.8696435243311741
0,0,0.9327856271225867,0.0672143728774145,0.9327856271225867
0,0,0.9934367123237968,0.006563287676202748,0.9934367123237968
0,0,0.6419365522516614,0.35806344774834004,0.6419365522516614
0,0,0.9773088631870269,0.022691136812972364,0.9773088631870269
1,0,0.9381494730480728,0.06185052695192784,0.9381494730480728
0,0,0.9863721216214575,0.013627878378543097,0.9863721216214575
0,0,0.9265873953506385,0.07341260464936189,0.9265873953506385
0,0,0.9664589945644532,0.033541005435545265,0.9664589945644532
1,0,0.7417359625311231,0.2582640374688776,0.7417359625311231
0,0,0.980255430393606,0.019744569606392755,0.980255430393606
0,1,0.4238631550033589,0.5761368449966413,0.5761368449966413
0,0,0.9934958769557577,0.006504123044243369,0.9934958769557577
0,0,0.9902130216493515,0.009786978350649558,0.9902130216493515
1,0,0.594437184783,0.4055628152170004,0.594437184783
0,0,0.9510225997574984,0.0489774002425015,0.9510225997574984
0,0,0.539898302720031,0.4601016972799706,0.539898302720031
0,0,0.9823034224414877,0.01769657755851362,0.9823034224414877
0,0,0.9966682344252817,0.003331765574717476,0.9966682344252817
0,0,0.674130666986117,0.3258693330138845,0.674130666986117
0,0,0.8907455314502984,0.10925446854970175,0.8907455314502984
1,0,0.7905250132600372,0.20947498673996198,0.7905250132600372
0,0,0.9418992797572114,0.058100720242789,0.9418992797572114
0,0,0.9909822662880967,0.009017733711902383,0.9909822662880967
0,0,0.8552498976356143,0.14475010236438687,0.8552498976356143
0,0,0.9686255548030788,0.03137444519692294,0.9686255548030788
0,0,0.9555913304782341,0.04440866952176748,0.9555913304782341
0,0,0.9418476954008904,0.05815230459910907,0.9418476954008904
0,0,0.9948186045528308,0.00518139544716972,0.9948186045528308
0,0,0.9711252010303384,0.02887479896966163,0.9711252010303384
0,0,0.7514355694881896,0.2485644305118118,0.7514355694881896
0,0,0.8582300270081927,0.14176997299180782,0.8582300270081927
1,1,0.201473936973389,0.7985260630266122,0.7985260630266122
0,0,0.93324682049672,0.06675317950328044,0.93324682049672
0,0,0.9191016004153795,0.08089839958462178,0.9191016004153795
1,0,0.7693401993247292,0.23065980067527156,0.7693401993247292
0,0,0.7656965304207453,0.23430346957925532,0.7656965304207453
0,0,0.5543928601888978,0.44560713981110306,0.5543928601888978
0,0,0.9739560821142559,0.026043917885745244,0.9739560821142559
0,0,0.9819605996081322,0.018039400391868233,0.9819605996081322
0,0,0.8638423677217663,0.1361576322782331,0.8638423677217663
0,0,0.9978826970645466,0.0021173029354540126,0.9978826970645466
1,0,0.8910047103201274,0.10899528967987382,0.8910047103201274
0,0,0.9535700708557565,0.04642992914424331,0.9535700708557565
0,0,0.9855972261920536,0.014402773807947758,0.9855972261920536
0,0,0.914424703671284,0.08557529632871601,0.914424703671284
0,0,0.5809920762870306,0.41900792371297074,0.5809920762870306
0,0,0.9875554369819328,0.012444563018067694,0.9875554369819328
0,0,0.6219733698901162,0.37802663010988424,0.6219733698901162
0,0,0.8091179012653019,0.190882098734697,0.8091179012653019
0,0,0.9547857998350209,0.04521420016497775,0.9547857998350209
1,0,0.7720013223865697,0.22799867761342982,0.7720013223865697
0,0,0.9768949860425828,0.02310501395741839,0.9768949860425828
0,0,0.856177612907803,0.14382238709219688,0.856177612907803
0,0,0.9900872867521757,0.009912713247825018,0.9900872867521757
0,0,0.6118206533997956,0.38817934660020315,0.6118206533997956
0,0,0.9092915039083422,0.09070849609165701,0.9092915039083422
1,0,0.756363845296438,0.24363615470356284,0.756363845296438
0,0,0.7036619877084755,0.2963380122915254,0.7036619877084755
0,0,0.9957658227624996,0.004234177237501581,0.9957658227624996
0,0,0.8363486008942896,0.16365139910571072,0.8363486008942896
1,0,0.9845158143192687,0.015484185680732775,0.9845158143192687
0,0,0.5441393442533495,0.4558606557466512,0.5441393442533495
0,0,0.9982289420229072,0.0017710579770922699,0.9982289420229072
0,0,0.9012067662145867,0.09879323378541205,0.9012067662145867
0,0,0.9197637483049853,0.08023625169501464,0.9197637483049853
0,0,0.8063638908182991,0.19363610918169916,0.8063638908182991
0,0,0.9121098253376975,0.08789017466230213,0.9121098253376975
0,0,0.9700372680684924,0.029962731931507215,0.9700372680684924
0,0,0.9838128305467078,0.016187169453290528,0.9838128305467078
0,0,0.9901889214291192,0.009811078570881341,0.9901889214291192
0,0,0.9708123643797493,0.02918763562025213,0.9708123643797493
0,0,0.936575467667649,0.06342453233235167,0.936575467667649
0,0,0.7103653430756507,0.28963465692434986,0.7103653430756507
0,0,0.9445817808542398,0.055418219145760686,0.9445817808542398
0,0,0.9950890426603509,0.004910957339649404,0.9950890426603509
0,0,0.8276818455461326,0.1723181544538667,0.8276818455461326
0,0,0.9684618175054709,0.03153818249452921,0.9684618175054709
0,0,0.999455141374627,0.00054485862537361,0.999455141374627
0,0,0.9118191488198638,0.08818085118013462,0.9118191488198638
1,0,0.7868899076658779,0.21311009233412262,0.7868899076658779
0,0,0.995663014129913,0.004336985870087047,0.995663014129913
0,0,0.9969616420782409,0.003038357921759837,0.9969616420782409
1,0,0.8951158033580393,0.10488419664196018,0.8951158033580393
0,0,0.9632989050566203,0.03670109494338006,0.9632989050566203
0,0,0.9079658506685485,0.09203414933145156,0.9079658506685485
0,0,0.948071003938692,0.051928996061309525,0.948071003938692
0,0,0.961057247672776,0.03894275232722429,0.961057247672776
0,0,0.9984427932007436,0.0015572067992566999,0.9984427932007436
0,0,0.9966326709198282,0.0033673290801702954,0.9966326709198282
0,0,0.8282269104304815,0.17177308956951678,0.8282269104304815
1,1,0.0027566726185149653,0.9972433273814865,0.9972433273814865
0,0,0.8086491706538479,0.19135082934615386,0.8086491706538479
0,0,0.9683146631511269,0.031685336848871606,0.9683146631511269
0,0,0.9929423119196229,0.0070576880803765426,0.9929423119196229
0,0,0.763334689928987,0.23666531007101282,0.763334689928987
0,0,0.767148936090923,0.23285106390907626,0.767148936090923
0,0,0.9902812191330392,0.009718780866960973,0.9902812191330392
0,0,0.9963608239929173,0.003639176007082714,0.9963608239929173
0,0,0.992998843818004,0.007001156181996448,0.992998843818004
0,0,0.9974262724199725,0.0025737275800285955,0.9974262724199725
0,0,0.8972747793109416,0.1027252206890582,0.8972747793109416
0,0,0.7875218242113694,0.21247817578863099,0.7875218242113694
0,0,0.9549770952609524,0.04502290473904785,0.9549770952609524
1,1,0.26194694318084405,0.7380530568191546,0.7380530568191546
0,0,0.9937524581343612,0.00624754186563882,0.9937524581343612
0,0,0.9726230083333981,0.027376991666600497,0.9726230083333981
0,0,0.9501698418883828,0.049830158111618096,0.9501698418883828
0,0,0.692699949607279,0.3073000503927205,0.692699949607279
1,0,0.8299732918163262,0.17002670818367355,0.8299732918163262
0,0,0.9951829443014244,0.004817055698575931,0.9951829443014244
0,0,0.8577667054841813,0.14223329451581884,0.8577667054841813
0,0,0.9959922620604067,0.004007737939594125,0.9959922620604067
0,0,0.973795562262829,0.026204437737169448,0.973795562262829
0,0,0.9942601229622284,0.005739877037773296,0.9942601229622284
0,0,0.875655422182632,0.12434457781736842,0.875655422182632
0,0,0.9712242573840031,0.028775742615998055,0.9712242573840031
1,0,0.9522042576037313,0.04779574239626826,0.9522042576037313
0,0,0.9965731316091365,0.003426868390862637,0.9965731316091365
0,0,0.9804492896011701,0.019550710398828542,0.9804492896011701
0,0,0.9975327889615188,0.0024672110384820335,0.9975327889615188
0,1,0.24082701969573006,0.7591729803042706,0.7591729803042706
0,1,0.14424327939606182,0.8557567206039397,0.8557567206039397
0,0,0.5388648534203925,0.46113514657960597,0.5388648534203925
0,0,0.979410832829017,0.020589167170983996,0.979410832829017
1,0,0.6705442158535558,0.32945578414644516,0.6705442158535558
0,0,0.7941357399377208,0.2058642600622782,0.7941357399377208
0,0,0.9207825032066642,0.07921749679333516,0.9207825032066642
0,0,0.9928922352399983,0.007107764760001441,0.9928922352399983
0,0,0.9828468625297355,0.017153137470263115,0.9828468625297355
0,0,0.9833027886271558,0.016697211372844238,0.9833027886271558
1,1,0.3840025038407275,0.615997496159274,0.615997496159274
1,0,0.6201859739300157,0.3798140260699839,0.6201859739300157
0,0,0.9627959317306298,0.037204068269369735,0.9627959317306298
0,0,0.9818078016523849,0.018192198347613316,0.9818078016523849
0,0,0.7371302889096402,0.2628697110903582,0.7371302889096402
1,0,0.9869816773074412,0.013018322692559535,0.9869816773074412
0,0,0.9804978830205737,0.01950211697942493,0.9804978830205737
0,0,0.8636590396697065,0.13634096033029522,0.8636590396697065
0,0,0.9869309464007918,0.013069053599208862,0.9869309464007918
0,0,0.7280120959726422,0.2719879040273589,0.7280120959726422
0,0,0.9145129630077471,0.08548703699225255,0.9145129630077471
0,0,0.969681282980367,0.030318717019634196,0.969681282980367
0,0,0.6519443368683573,0.3480556631316421,0.6519443368683573
0,0,0.9960015233862495,0.003998476613751369,0.9960015233862495
0,0,0.6921204315266578,0.30787956847334297,0.6921204315266578
0,0,0.9966516969643393,0.003348303035660724,0.9966516969643393
0,0,0.9740563365014238,0.02594366349857689,0.9740563365014238
0,0,0.9064416381879645,0.09355836181203595,0.9064416381879645
0,0,0.8801235317093651,0.1198764682906358,0.8801235317093651
0,0,0.9971985793371457,0.002801420662852543,0.9971985793371457
0,0,0.9608012389633342,0.039198761036665634,0.9608012389633342
0,0,0.7921832559583546,0.20781674404164494,0.7921832559583546
0,0,0.9866628319916119,0.01333716800838987,0.9866628319916119
0,1,0.3129104810475786,0.6870895189524209,0.6870895189524209
0,0,0.9943139122006344,0.005686087799364952,0.9943139122006344
0,0,0.9680594069464631,0.03194059305353737,0.9680594069464631
0,0,0.9918938004347584,0.008106199565242325,0.9918938004347584
0,0,0.9855181860319112,0.014481813968089282,0.9855181860319112
0,0,0.7278246948477348,0.27217530515226646,0.7278246948477348
0,0,0.9277246102314871,0.07227538976851401,0.9277246102314871
0,0,0.9948925999810868,0.005107400018911656,0.9948925999810868
0,0,0.7349772567607189,0.2650227432392805,0.7349772567607189
0,0,0.921625515118236,0.07837448488176285,0.921625515118236
0,0,0.9634476146584688,0.03655238534153112,0.9634476146584688
0,1,0.16512122707884178,0.8348787729211584,0.8348787729211584
0,0,0.9551553509415516,0.04484464905844831,0.9551553509415516
0,1,0.003487935554321039,0.9965120644456784,0.9965120644456784
0,0,0.9906399146510876,0.009360085348912651,0.9906399146510876
0,0,0.6487337021973167,0.35126629780268265,0.6487337021973167
1,1,0.46903334804562585,0.5309666519543742,0.5309666519543742
0,0,0.9877685951501924,0.012231404849806624,0.9877685951501924
0,0,0.9581181877638208,0.04188181223617797,0.9581181877638208
0,0,0.877390181723833,0.12260981827616554,0.877390181723833
0,0,0.9887344442233937,0.01126555577660702,0.9887344442233937
0,0,0.9314982068152478,0.06850179318475227,0.9314982068152478
0,0,0.9667230654884992,0.033276934511500066,0.9667230654884992
0,0,0.9770523716231387,0.022947628376860853,0.9770523716231387
0,0,0.9675511823971701,0.03244881760282976,0.9675511823971701
0,0,0.9814612733502134,0.018538726649787948,0.9814612733502134
0,0,0.9579910219203804,0.042008978079619216,0.9579910219203804
0,0,0.9950530837195434,0.004946916280456394,0.9950530837195434
0,0,0.9295233798695847,0.0704766201304171,0.9295233798695847
0,0,0.9677570479378571,0.032242952062142435,0.9677570479378571
1,0,0.9180618961745695,0.08193810382543187,0.9180618961745695
0,0,0.9184758693497727,0.08152413065022693,0.9184758693497727
0,0,0.9877686172677204,0.012231382732279887,0.9877686172677204
0,0,0.9276463127363306,0.07235368726366896,0.9276463127363306
0,0,0.9929846773840514,0.007015322615947918,0.9929846773840514
0,0,0.606268721951172,0.39373127804882885,0.606268721951172
0,0,0.9597491432471746,0.04025085675282544,0.9597491432471746
0,0,0.9511310052731441,0.04886899472685754,0.9511310052731441
0,0,0.8916603481967524,0.10833965180324602,0.8916603481967524
0,1,0.2763695137437567,0.7236304862562427,0.7236304862562427
1,1,0.06767757556525594,0.9323224244347452,0.9323224244347452
1,0,0.7411616922039546,0.25883830779604716,0.7411616922039546
1,0,0.9794533458325934,0.020546654167407342,0.9794533458325934
1,0,0.9388487666231377,0.06115123337686406,0.9388487666231377
0,0,0.9715021980435607,0.02849780195643897,0.9715021980435607
0,0,0.658622403742366,0.34137759625763475,0.658622403742366
0,0,0.5781193271456795,0.4218806728543215,0.5781193271456795
0,0,0.8537639945901144,0.14623600540988443,0.8537639945901144
0,1,0.03685554696669488,0.9631444530333061,0.9631444530333061
0,0,0.9060792129009546,0.09392078709904392,0.9060792129009546
1,1,0.07642149181169518,0.9235785081883039,0.9235785081883039
1,0,0.9576914190131391,0.042308580986860245,0.9576914190131391
0,0,0.948615404782472,0.05138459521752851,0.948615404782472
0,0,0.8808022293826414,0.11919777061735733,0.8808022293826414
0,0,0.9793179568645701,0.020682043135430594,0.9793179568645701
1,0,0.8745368388522196,0.1254631611477804,0.8745368388522196
0,0,0.8086048038528545,0.19139519614714637,0.8086048038528545
0,0,0.9916854000519734,0.008314599948026248,0.9916854000519734
0,0,0.9778299666726024,0.022170033327398468,0.9778299666726024
0,0,0.9805391918533654,0.019460808146634936,0.9805391918533654
0,0,0.9804980777373415,0.01950192226265953,0.9804980777373415
1,1,0.3011246133175816,0.6988753866824189,0.6988753866824189
0,0,0.9846294335360048,0.015370566463995684,0.9846294335360048
0,0,0.9852438356231175,0.014756164376882696,0.9852438356231175
0,0,0.9871772342993045,0.012822765700694752,0.9871772342993045
0,1,0.4364764851883534,0.5635235148116468,0.5635235148116468
0,0,0.9951979156451723,0.004802084354827837,0.9951979156451723
0,0,0.9861165901988372,0.013883409801163392,0.9861165901988372
0,1,0.20350161384206328,0.7964983861579372,0.7964983861579372
0,0,0.9442691663570427,0.055730833642957396,0.9442691663570427
0,0,0.9929488652325462,0.0070511347674547765,0.9929488652325462
0,0,0.9627205675874809,0.03727943241251824,0.9627205675874809
0,0,0.9789625423301687,0.02103745766983036,0.9789625423301687
1,1,0.48897540158323916,0.511024598416761,0.511024598416761
0,0,0.9678811805928984,0.032118819407100783,0.9678811805928984
0,0,0.9841527509542113,0.01584724904578772,0.9841527509542113
0,0,0.8856668045835668,0.1143331954164334,0.8856668045835668
1,1,0.4523088420162517,0.5476911579837482,0.5476911579837482
0,0,0.9720504689243963,0.02794953107560211,0.9720504689243963
0,0,0.9228786694682846,0.07712133053171617,0.9228786694682846
0,0,0.962366520328901,0.03763347967109906,0.962366520328901
0,0,0.9948402256637845,0.005159774336215716,0.9948402256637845
0,0,0.9627283186149205,0.03727168138508037,0.9627283186149205
0,0,0.8659816628078245,0.13401833719217587,0.8659816628078245
0,0,0.8476242980270168,0.15237570197298397,0.8476242980270168
0,0,0.8578775099407855,0.14212249005921498,0.8578775099407855
1,0,0.9593528602320731,0.04064713976792717,0.9593528602320731
1,1,0.059255673346329064,0.9407443266536705,0.9407443266536705
1,1,0.03140346498292313,0.9685965350170755,0.9685965350170755
0,0,0.995194833013396,0.004805166986603831,0.995194833013396
0,0,0.9458143092309736,0.05418569076902551,0.9458143092309736
0,0,0.9984531676624743,0.0015468323375275018,0.9984531676624743
0,1,0.44595392522866883,0.5540460747713304,0.5540460747713304
0,0,0.9545941432609762,0.04540585673902349,0.9545941432609762
0,0,0.9588483641779653,0.04115163582203377,0.9588483641779653
0,0,0.9804098934759284,0.01959010652407177,0.9804098934759284
0,0,0.9387802983182024,0.06121970168179804,0.9387802983182024
0,0,0.9985271886278163,0.0014728113721830943,0.9985271886278163
0,0,0.9164900704928952,0.08350992950710498,0.9164900704928952
1,0,0.9226043563146542,0.07739564368534518,0.9226043563146542
0,0,0.8512784350039115,0.14872156499608793,0.8512784350039115
0,0,0.5979841805003056,0.4020158194996933,0.5979841805003056
0,0,0.9533209754660169,0.04667902453398253,0.9533209754660169
0,0,0.8317642667302817,0.16823573326971888,0.8317642667302817
1,0,0.9777546216100835,0.022245378389916047,0.9777546216100835
0,0,0.9877443607124028,0.012255639287596806,0.9877443607124028
0,0,0.6157399325673568,0.3842600674326419,0.6157399325673568
0,0,0.992188363991215,0.007811636008785839,0.992188363991215
0,0,0.9928403249631014,0.00715967503689877,0.9928403249631014
0,0,0.9595257679113959,0.04047423208860465,0.9595257679113959
0,0,0.9669024005978019,0.03309759940219886,0.9669024005978019
0,0,0.953702027957169,0.046297972042831384,0.953702027957169
0,0,0.9454028067103559,0.05459719328964529,0.9454028067103559
0,0,0.9623759351699096,0.03762406483008873,0.9623759351699096
0,0,0.9383834247771962,0.061616575222802984,0.9383834247771962
0,0,0.9313550502917252,0.06864494970827459,0.9313550502917252
0,0,0.5069737558477297,0.4930262441522706,0.5069737558477297
0,0,0.9727964315471676,0.027203568452833792,0.9727964315471676
0,1,0.12368064583209548,0.8763193541679057,0.8763193541679057
0,0,0.9667052384652908,0.03329476153470807,0.9667052384652908
0,0,0.7768905605491623,0.2231094394508369,0.7768905605491623
0,0,0.9936089584245358,0.006391041575465862,0.9936089584245358
0,0,0.9685642513383959,0.03143574866160512,0.9685642513383959
0,0,0.8797444496425771,0.1202555503574234,0.8797444496425771
1,0,0.9596370057338932,0.04036299426610622,0.9596370057338932
1,0,0.7735772342893166,0.22642276571068243,0.7735772342893166
0,0,0.9659646809929304,0.034035319007069215,0.9659646809929304
0,0,0.8916983876178326,0.10830161238216657,0.8916983876178326
0,0,0.9972299247249278,0.0027700752750735185,0.9972299247249278
0,0,0.9444853921228659,0.05551460787713347,0.9444853921228659
1,0,0.8383338119307819,0.16166618806921862,0.8383338119307819
0,0,0.8377910442349065,0.16220895576509312,0.8377910442349065
0,0,0.8256099766309013,0.1743900233690991,0.8256099766309013
0,1,0.07737706261680175,0.9226229373831971,0.9226229373831971
0,0,0.8599895939217004,0.14001040607829873,0.8599895939217004
0,0,0.9788143375879881,0.02118566241201065,0.9788143375879881
1,0,0.7923218755193392,0.20767812448066045,0.7923218755193392
0,0,0.9987188761457929,0.0012811238542063653,0.9987188761457929
0,0,0.9454470722859959,0.05455292771400421,0.9454470722859959
0,0,0.7548548101270739,0.24514518987292766,0.7548548101270739
0,0,0.9767887584140292,0.023211241585969405,0.9767887584140292
1,1,0.3818220212995292,0.6181779787004693,0.6181779787004693
0,1,0.3117804070611288,0.6882195929388703,0.6882195929388703
0,0,0.9283678846057457,0.07163211539425397,0.9283678846057457
0,0,0.9957087458989471,0.004291254101051486,0.9957087458989471
0,1,0.49913704497126377,0.5008629550287379,0.5008629550287379
0,1,0.1745327953061497,0.8254672046938513,0.8254672046938513
0,0,0.9967183528985869,0.003281647101414476,0.9967183528985869
0,0,0.8483519452016376,0.15164805479836177,0.8483519452016376
1,0,0.8017412630046158,0.1982587369953842,0.8017412630046158
0,0,0.9959825781483211,0.004017421851678117,0.9959825781483211
0,0,0.9648570550968412,0.03514294490315947,0.9648570550968412
0,0,0.998440139205448,0.0015598607945535884,0.998440139205448
0,0,0.990132304983724,0.009867695016276315,0.990132304983724
0,0,0.9922222452186108,0.007777754781388076,0.9922222452186108
0,0,0.9859895455920306,0.014010454407968703,0.9859895455920306
0,0,0.9826338938900508,0.01736610610994876,0.9826338938900508
0,0,0.992229310806925,0.00777068919307539,0.992229310806925
0,0,0.8731792032323901,0.12682079676760918,0.8731792032323901
0,0,0.9747460345375041,0.02525396546249668,0.9747460345375041
1,0,0.9875876999032179,0.012412300096782333,0.9875876999032179
0,0,0.9939136334965248,0.0060863665034737125,0.9939136334965248
0,0,0.7126268829277054,0.2873731170722935,0.7126268829277054
0,0,0.9806818709015679,0.019318129098431114,0.9806818709015679
0,0,0.977996030464807,0.022003969535193894,0.977996030464807
0,1,0.1331330708792512,0.8668669291207474,0.8668669291207474
0,0,0.9790001295376126,0.020999870462387514,0.9790001295376126
0,0,0.9778324110029918,0.02216758899700835,0.9778324110029918
0,0,0.9930472451118293,0.006952754888171046,0.9930472451118293
0,0,0.8782215688819266,0.1217784311180738,0.8782215688819266
0,0,0.9784911323318546,0.021508867668144072,0.9784911323318546
0,0,0.9495507676738415,0.050449232326159374,0.9495507676738415
0,0,0.9333525359076552,0.06664746409234427,0.9333525359076552
0,0,0.9971482315614647,0.002851768438536559,0.9971482315614647
0,0,0.9933352628945208,0.006664737105479926,0.9933352628945208
0,0,0.9743924582991842,0.025607541700815983,0.9743924582991842
1,0,0.7089349654877449,0.2910650345122546,0.7089349654877449
1,0,0.5889204077881133,0.4110795922118856,0.5889204077881133
0,0,0.8554404468577875,0.14455955314221297,0.8554404468577875
0,0,0.9984564553932413,0.0015435446067585906,0.9984564553932413
0,0,0.977104194498331,0.02289580550166849,0.977104194498331
0,0,0.9975326120524598,0.0024673879475402374,0.9975326120524598
0,0,0.9711157344387125,0.02888426556128717,0.9711157344387125
0,0,0.9204194297786081,0.07958057022139035,0.9204194297786081
0,0,0.9535329077379636,0.04646709226203468,0.9535329077379636
0,0,0.9789540501203564,0.021045949879642395,0.9789540501203564
0,0,0.9352636241646749,0.06473637583532586,0.9352636241646749
0,0,0.9780876233111114,0.021912376688888957,0.9780876233111114
0,0,0.997362972764433,0.002637027235567479,0.997362972764433
0,0,0.8844313717986039,0.11556862820139599,0.8844313717986039
1,0,0.9553698290128635,0.04463017098713491,0.9553698290128635
0,0,0.9940647401077135,0.005935259892286315,0.9940647401077135
0,0,0.9978456370955356,0.002154362904462842,0.9978456370955356
0,0,0.7726787698526655,0.2273212301473344,0.7726787698526655
0,0,0.9551562159979018,0.04484378400209728,0.9551562159979018
0,1,0.17316879810201666,0.8268312018979846,0.8268312018979846
0,0,0.9888685171221713,0.01113148287783041,0.9888685171221713
0,0,0.9104033878888036,0.08959661211119539,0.9104033878888036
0,0,0.9941010300210847,0.005898969978914202,0.9941010300210847
0,0,0.8119480893701032,0.18805191062989643,0.8119480893701032
0,0,0.9707369223955539,0.029263077604445138,0.9707369223955539
0,0,0.97061096802331,0.02938903197669122,0.97061096802331
0,0,0.9852845423549907,0.014715457645009691,0.9852845423549907
0,0,0.9818273811776549,0.01817261882234452,0.9818273811776549
0,0,0.7441765400877434,0.2558234599122563,0.7441765400877434
1,1,0.09154450710390803,0.9084554928960927,0.9084554928960927
0,0,0.9776788883619174,0.022321111638083025,0.9776788883619174
1,1,0.11090034997879039,0.8890996500212083,0.8890996500212083
0,0,0.7847843643937993,0.21521563560619955,0.7847843643937993
0,0,0.9267229230436441,0.07327707695635752,0.9267229230436441
0,0,0.9814939530580422,0.018506046941956265,0.9814939530580422
0,0,0.922577889451881,0.07742211054811896,0.922577889451881
1,1,0.03577608137819557,0.9642239186218042,0.9642239186218042
0,0,0.9918746432412493,0.00812535675875129,0.9918746432412493
0,0,0.8249843701596247,0.17501562984037702,0.8249843701596247
1,0,0.7195421478868007,0.28045785211319996,0.7195421478868007
0,0,0.6324203777919445,0.3675796222080542,0.6324203777919445
0,0,0.9844465206618135,0.015553479338184779,0.9844465206618135
0,1,0.1346045365365314,0.8653954634634686,0.8653954634634686
0,0,0.99785410554574,0.002145894454260011,0.99785410554574
0,0,0.979468867428706,0.020531132571292483,0.979468867428706
0,0,0.9389116051907208,0.06108839480927778,0.9389116051907208
0,0,0.9956466356132719,0.004353364386728384,0.9956466356132719
1,1,0.37369807541630923,0.62630192458369,0.62630192458369
1,0,0.6424129319773961,0.35758706802260565,0.6424129319773961
0,0,0.9437528273345271,0.05624717266547176,0.9437528273345271
0,0,0.7749955938307027,0.22500440616929857,0.7749955938307027
0,0,0.82201695254254,0.17798304745745988,0.82201695254254
0,0,0.990618982962798,0.009381017037202006,0.990618982962798
1,0,0.5449271867692018,0.45507281323079735,0.5449271867692018
0,0,0.9813555818937592,0.018644418106239145,0.9813555818937592
0,0,0.8630591758695938,0.13694082413040579,0.8630591758695938
0,0,0.9963967382136055,0.0036032617863944348,0.9963967382136055
0,0,0.944012385467146,0.055987614532853676,0.944012385467146
0,0,0.7204982043525644,0.27950179564743544,0.7204982043525644
0,0,0.810140892688623,0.1898591073113771,0.810140892688623
1,1,0.46733113907812596,0.5326688609218743,0.5326688609218743
0,0,0.9576370647771237,0.042362935222875354,0.9576370647771237
0,0,0.9073193513885314,0.09268064861146998,0.9073193513885314
1,1,0.3041571479194971,0.6958428520805022,0.6958428520805022
0,0,0.9387819233034043,0.061218076696595174,0.9387819233034043
0,0,0.9674193353003235,0.032580664699677686,0.9674193353003235
0,0,0.8323919083557091,0.16760809164429094,0.8323919083557091
1,1,0.044922140369615705,0.9550778596303859,0.9550778596303859
0,0,0.9883994384748394,0.011600561525160062,0.9883994384748394
0,0,0.8920088972734339,0.10799110272656462,0.8920088972734339
0,1,0.4013914103553351,0.5986085896446662,0.5986085896446662
0,0,0.9760390222843414,0.0239609777156581,0.9760390222843414
0,0,0.9338774741973843,0.06612252580261571,0.9338774741973843
0,0,0.9963410631497703,0.0036589368502292696,0.9963410631497703
0,0,0.9197929233433865,0.080207076656614,0.9197929233433865
0,1,0.06969392226414524,0.9303060777358543,0.9303060777358543
0,0,0.9934787307329717,0.006521269267028945,0.9934787307329717
1,0,0.9491652370970959,0.050834762902903764,0.9491652370970959
0,0,0.930744954724472,0.06925504527552773,0.930744954724472
0,1,0.3858914240087327,0.6141085759912661,0.6141085759912661
0,0,0.9935476150109983,0.006452384989001797,0.9935476150109983
0,0,0.8369392047325253,0.16306079526747566,0.8369392047325253
1,1,0.11587831911051932,0.8841216808894811,0.8841216808894811
0,0,0.9982259911832115,0.0017740088167899684,0.9982259911832115
0,0,0.9237399619404831,0.07626003805951759,0.9237399619404831
0,0,0.9865893543333302,0.013410645666669174,0.9865893543333302
0,0,0.9965325666237675,0.0034674333762310305,0.9965325666237675
0,0,0.9912811770210411,0.008718822978959496,0.9912811770210411
0,0,0.9515240098151104,0.04847599018488875,0.9515240098151104
0,0,0.9831128549579673,0.01688714504203426,0.9831128549579673
0,0,0.9924281728854847,0.007571827114515258,0.9924281728854847
0,0,0.9204695579386003,0.07953044206140027,0.9204695579386003
0,0,0.9744570705783908,0.025542929421609194,0.9744570705783908
0,0,0.9920672476797812,0.007932752320217762,0.9920672476797812
0,0,0.9971197553427972,0.0028802446572026076,0.9971197553427972
0,1,0.4482247889927837,0.5517752110072165,0.5517752110072165
0,0,0.9499576443856659,0.05004235561433392,0.9499576443856659
0,0,0.9736658384127926,0.02633416158720759,0.9736658384127926
0,0,0.9956027817207902,0.004397218279209808,0.9956027817207902
0,0,0.8621395714269086,0.13786042857309225,0.8621395714269086
0,0,0.9778212684573038,0.022178731542694605,0.9778212684573038
0,0,0.752262469947448,0.2477375300525524,0.752262469947448
0,0,0.9727632286319065,0.02723677136809232,0.9727632286319065
0,0,0.9882302130326399,0.011769786967360503,0.9882302130326399
0,0,0.9169610637757621,0.08303893622423797,0.9169610637757621
1,0,0.9478219744266788,0.05217802557332109,0.9478219744266788
0,0,0.8756454587843365,0.12435454121566415,0.8756454587843365
0,0,0.8118908476181325,0.18810915238186596,0.8118908476181325
0,1,0.4697713863557391,0.5302286136442599,0.5302286136442599
0,0,0.984110079160324,0.01588992083967633,0.984110079160324
0,0,0.9509658766109174,0.049034123389082036,0.9509658766109174
0,0,0.9594902353638861,0.040509764636114616,0.9594902353638861
1,0,0.9212656904399525,0.07873430956004895,0.9212656904399525
0,0,0.9220274975659327,0.07797250243406714,0.9220274975659327
0,0,0.9096977393328511,0.09030226066714718,0.9096977393328511
0,0,0.6957130617636392,0.3042869382363595,0.6957130617636392
0,0,0.8701147013319276,0.1298852986680712,0.8701147013319276
0,0,0.8632327981859269,0.13676720181407456,0.8632327981859269
0,0,0.9717165541661281,0.02828344583387292,0.9717165541661281
0,0,0.9789677835590116,0.021032216440989286,0.9789677835590116
0,0,0.8841747153486031,0.1158252846513969,0.8841747153486031
1,1,0.17666069825832903,0.8233393017416698,0.8233393017416698
0,0,0.9983347085551005,0.001665291444898934,0.9983347085551005
0,0,0.8089495444606645,0.19105045553933542,0.8089495444606645
0,0,0.8548007440003312,0.14519925599966832,0.8548007440003312
0,0,0.9577901352862034,0.04220986471379685,0.9577901352862034
0,0,0.9414311901939671,0.058568809806032136,0.9414311901939671
0,0,0.9979887424887519,0.0020112575112477644,0.9979887424887519
0,0,0.6985033430327545,0.3014966569672455,0.6985033430327545
1,0,0.9150559213682989,0.08494407863170149,0.9150559213682989
0,0,0.9654396336035844,0.03456036639641678,0.9654396336035844
0,0,0.9969164295917544,0.0030835704082461056,0.9969164295917544
0,0,0.7011591388861286,0.2988408611138714,0.7011591388861286
0,0,0.9373657368448263,0.06263426315517434,0.9373657368448263
0,0,0.9965244851370302,0.003475514862969816,0.9965244851370302
0,0,0.873655449113906,0.12634455088609442,0.873655449113906
0,0,0.9821239732050514,0.017876026794948496,0.9821239732050514
0,0,0.9363599322149175,0.06364006778508277,0.9363599322149175
0,0,0.9368955793376486,0.06310442066235224,0.9368955793376486
0,0,0.9922581817205579,0.007741818279440796,0.9922581817205579
0,0,0.9950517122410217,0.004948287758978048,0.9950517122410217
0,0,0.9906239234179853,0.009376076582015065,0.9906239234179853
0,0,0.5763905768485263,0.4236094231514749,0.5763905768485263
0,0,0.992622837556599,0.0073771624434012546,0.992622837556599
0,0,0.9980895625030034,0.0019104374969973017,0.9980895625030034
0,0,0.8630839357503209,0.13691606424967975,0.8630839357503209
0,0,0.9833637282829176,0.016636271717083324,0.9833637282829176
1,0,0.5580473314816785,0.4419526685183231,0.5580473314816785
0,0,0.9888051333804309,0.01119486661956915,0.9888051333804309
0,0,0.9968824287012703,0.003117571298730105,0.9968824287012703
0,0,0.9900768311663151,0.009923168833684142,0.9900768311663151
0,0,0.8967018788548605,0.10329812114514102,0.8967018788548605
0,0,0.9671085237401273,0.03289147625987282,0.9671085237401273
0,0,0.9028381301458102,0.09716186985419054,0.9028381301458102
0,0,0.8298752629984087,0.1701247370015903,0.8298752629984087
0,0,0.9831504835384376,0.016849516461561527,0.9831504835384376
1,1,0.002575392396446114,0.9974246076035549,0.9974246076035549
0,0,0.99168544754618,0.008314552453821561,0.99168544754618
0,0,0.912321655064294,0.08767834493570749,0.912321655064294
0,0,0.9062018920732591,0.09379810792674066,0.9062018920732591
0,0,0.9985316583876703,0.0014683416123304138,0.9985316583876703
0,0,0.9620352857990143,0.03796471420098455,0.9620352857990143
0,0,0.9305966304445388,0.06940336955546221,0.9305966304445388
0,0,0.9191630980132396,0.08083690198676201,0.9191630980132396
0,0,0.5279906901124704,0.47200930988753,0.5279906901124704
0,0,0.9873560616083789,0.0126439383916219,0.9873560616083789
0,0,0.9707147084220098,0.029285291577990733,0.9707147084220098
0,0,0.9680668083272017,0.031933191672798185,0.9680668083272017
0,0,0.9968170064086291,0.003182993591371022,0.9968170064086291
0,0,0.9253798863066891,0.07462011369331027,0.9253798863066891
0,0,0.7190262313536359,0.28097376864636303,0.7190262313536359
0,0,0.7162041250222152,0.2837958749777846,0.7162041250222152
0,0,0.9941494786815357,0.005850521318464673,0.9941494786815357
1,1,0.31842389569044155,0.68157610430956,0.68157610430956
0,1,0.39162821637401635,0.6083717836259831,0.6083717836259831
0,0,0.9738392952418713,0.02616070475812855,0.9738392952418713
0,0,0.9875111340011256,0.012488865998874313,0.9875111340011256
1,1,0.03196743352044632,0.9680325664795545,0.9680325664795545
0,0,0.9088707982091111,0.09112920179089018,0.9088707982091111
0,0,0.933930183247093,0.06606981675290859,0.933930183247093
0,0,0.9710789073505616,0.028921092649437853,0.9710789073505616
0,0,0.9147209576089772,0.0852790423910233,0.9147209576089772
0,0,0.9707413411658874,0.02925865883411307,0.9707413411658874
0,0,0.9756579624392673,0.024342037560732804,0.9756579624392673
0,0,0.9867586712657596,0.013241328734241277,0.9867586712657596
0,0,0.7076038650439764,0.2923961349560238,0.7076038650439764
0,0,0.9864490665016863,0.013550933498313059,0.9864490665016863
0,0,0.8668804832498542,0.13311951675014552,0.8668804832498542
0,0,0.8593735509316542,0.14062644906834545,0.8593735509316542
0,0,0.9871472869263842,0.012852713073617256,0.9871472869263842
0,0,0.7542728547106198,0.24572714528937972,0.7542728547106198
0,0,0.9977326668301305,0.0022673331698711925,0.9977326668301305
0,0,0.9451684152580175,0.05483158474198167,0.9451684152580175
1,1,0.3180133404447174,0.6819866595552823,0.6819866595552823
0,0,0.9832989542661031,0.016701045733898065,0.9832989542661031
0,0,0.9475417135400621,0.052458286459938365,0.9475417135400621
0,0,0.9863464206664656,0.013653579333534241,0.9863464206664656
0,0,0.7562079805133094,0.24379201948669058,0.7562079805133094
0,0,0.5486848846706472,0.45131511532935364,0.5486848846706472
0,0,0.9058480090554489,0.09415199094455258,0.9058480090554489
0,0,0.9188424303542039,0.08115756964579464,0.9188424303542039
0,0,0.6399330784143609,0.36006692158563836,0.6399330784143609
0,0,0.8806537872686298,0.11934621273137092,0.8806537872686298
0,0,0.992359711504397,0.007640288495602449,0.992359711504397
0,0,0.5097144277803513,0.4902855722196494,0.5097144277803513
0,0,0.994480727948048,0.005519272051951254,0.994480727948048
0,0,0.9738714524147489,0.02612854758525055,0.9738714524147489
0,0,0.8751568554094188,0.1248431445905799,0.8751568554094188
1,0,0.9534160556040493,0.04658394439595013,0.9534160556040493
0,0,0.9962679338690238,0.0037320661309767776,0.9962679338690238
0,0,0.9191627907635693,0.08083720923643066,0.9191627907635693
0,0,0.9587077885559042,0.04129221144409551,0.9587077885559042
1,0,0.7162172023074982,0.28378279769250225,0.7162172023074982
0,0,0.9475626510741371,0.05243734892586334,0.9475626510741371
1,0,0.9388172473721047,0.061182752627895784,0.9388172473721047
0,0,0.8244422871722615,0.17555771282773852,0.8244422871722615
0,0,0.9951209312430687,0.004879068756932228,0.9951209312430687
0,0,0.9265674941223588,0.07343250587764263,0.9265674941223588
0,0,0.9215248893716411,0.0784751106283597,0.9215248893716411
0,0,0.9850442092067795,0.014955790793221495,0.9850442092067795
0,0,0.9183025524957753,0.08169744750422513,0.9183025524957753
0,0,0.582603566887348,0.41739643311265223,0.582603566887348
1,0,0.9953983244162358,0.004601675583763616,0.9953983244162358
0,0,0.9838061159780997,0.016193884021901032,0.9838061159780997
0,0,0.9806124218275729,0.019387578172427516,0.9806124218275729
0,0,0.9930707665136372,0.006929233486362674,0.9930707665136372
0,0,0.9807585377546717,0.019241462245327814,0.9807585377546717
0,0,0.8853768783747695,0.11462312162522999,0.8853768783747695
0,0,0.9629986550124646,0.03700134498753533,0.9629986550124646
0,0,0.9759421610567475,0.024057838943253567,0.9759421610567475
0,0,0.984852514741461,0.015147485258537546,0.984852514741461
0,0,0.9501519406810577,0.0498480593189421,0.9501519406810577
0,0,0.996909438942108,0.003090561057891828,0.996909438942108
0,0,0.9887540493453827,0.011245950654616784,0.9887540493453827
0,0,0.9792534944773642,0.020746505522635243,0.9792534944773642
0,0,0.9400040992093504,0.05999590079065121,0.9400040992093504
0,0,0.9495484368491875,0.05045156315081177,0.9495484368491875
1,0,0.7908140347790251,0.20918596522097566,0.7908140347790251
0,0,0.96241812506819,0.037581874931810325,0.96241812506819
0,0,0.6594357422059877,0.34056425779401267,0.6594357422059877
0,0,0.9963000267541386,0.0036999732458608296,0.9963000267541386
0,0,0.9918586190159974,0.0081413809840023,0.9918586190159974
0,0,0.9527509731492076,0.04724902685079172,0.9527509731492076
0,0,0.9973287351045346,0.002671264895464791,0.9973287351045346
0,0,0.9707253670357497,0.029274632964251354,0.9707253670357497
0,0,0.8672066884360816,0.1327933115639196,0.8672066884360816
0,0,0.919353176548234,0.0806468234517664,0.919353176548234
0,0,0.756100893862251,0.24389910613775048,0.756100893862251
0,0,0.9431522976113181,0.05684770238868196,0.9431522976113181
0,1,0.46508072541464396,0.5349192745853544,0.5349192745853544
1,0,0.8791380069496388,0.12086199305036255,0.8791380069496388
0,0,0.9969291584211172,0.003070841578882332,0.9969291584211172
0,0,0.9901522977470758,0.009847702252924013,0.9901522977470758
1,1,0.11479856983377763,0.8852014301662234,0.8852014301662234
1,0,0.9042297936712582,0.09577020632874013,0.9042297936712582
0,0,0.9339882271614638,0.06601177283853754,0.9339882271614638
0,0,0.975448646547393,0.024551353452606436,0.975448646547393
0,0,0.9372852245482544,0.06271477545174521,0.9372852245482544
0,0,0.9739440278922159,0.026055972107783307,0.9739440278922159
0,0,0.6081842425503918,0.39181575744960884,0.6081842425503918
0,0,0.7817069235370933,0.21829307646290644,0.7817069235370933
1,1,0.1759308235333566,0.8240691764666419,0.8240691764666419
0,0,0.8959243463093051,0.10407565369069624,0.8959243463093051
0,0,0.9710931877680529,0.028906812231947448,0.9710931877680529
1,0,0.9517995475072021,0.0482004524927985,0.9517995475072021
0,0,0.9627049001238794,0.037295099876121195,0.9627049001238794
0,0,0.8288696268645032,0.17113037313549662,0.8288696268645032
0,0,0.6622525772636352,0.33774742273636627,0.6622525772636352
0,0,0.9966879913550457,0.003312008644955202,0.9966879913550457
1,1,0.19957541145149918,0.8004245885484997,0.8004245885484997
0,0,0.6204650264097127,0.379534973590288,0.6204650264097127
0,0,0.9389548978318465,0.061045102168153134,0.9389548978318465
0,0,0.9731844514385686,0.02681554856143164,0.9731844514385686
0,0,0.9916670707076287,0.008332929292370464,0.9916670707076287
0,0,0.9244932140887907,0.07550678591120874,0.9244932140887907
0,0,0.5724365963181172,0.4275634036818813,0.5724365963181172
0,0,0.9591790511854126,0.04082094881458747,0.9591790511854126
0,1,0.4907213549249896,0.5092786450750093,0.5092786450750093
1,0,0.9823564015293816,0.017643598470617805,0.9823564015293816
1,0,0.835541576704706,0.1644584232952937,0.835541576704706
0,0,0.9092586234958684,0.09074137650413024,0.9092586234958684
0,0,0.9774553207566391,0.02254467924336224,0.9774553207566391
0,0,0.8286314872308869,0.17136851276911272,0.8286314872308869
0,0,0.9073078431456588,0.09269215685434186,0.9073078431456588
1,0,0.7694991408994604,0.2305008591005398,0.7694991408994604
0,0,0.9987427460833298,0.001257253916668605,0.9987427460833298
0,0,0.6734083786739139,0.3265916213260864,0.6734083786739139
0,0,0.8268127504921128,0.17318724950788744,0.8268127504921128
0,0,0.9954452781063151,0.004554721893684111,0.9954452781063151
0,0,0.8734256350370144,0.12657436496298693,0.8734256350370144
0,0,0.996620462419726,0.0033795375802745486,0.996620462419726
0,0,0.9470826756650785,0.052917324334920274,0.9470826756650785
0,0,0.9930529636322271,0.006947036367774399,0.9930529636322271
0,0,0.9375298712001963,0.06247012879980411,0.9375298712001963
0,0,0.9956097993527511,0.004390200647248457,0.9956097993527511
0,0,0.6242779424967019,0.37572205750329896,0.6242779424967019
0,0,0.6469024708931082,0.3530975291068913,0.6469024708931082
0,0,0.7696950752435453,0.23030492475645412,0.7696950752435453
0,0,0.948063398314742,0.05193660168525822,0.948063398314742
0,0,0.8585827615781619,0.1414172384218383,0.8585827615781619
0,0,0.9126662516340087,0.08733374836599136,0.9126662516340087
1,0,0.94002425301741,0.059975746982590325,0.94002425301741
1,0,0.9356725375602593,0.06432746243974043,0.9356725375602593
0,0,0.8482134291526722,0.1517865708473278,0.8482134291526722
0,0,0.8790072854896331,0.1209927145103686,0.8790072854896331
0,0,0.9779406879683351,0.022059312031666136,0.9779406879683351
0,0,0.9717810492716132,0.028218950728387055,0.9717810492716132
0,0,0.9949786282509747,0.005021371749025182,0.9949786282509747
0,0,0.6848208494114655,0.3151791505885349,0.6848208494114655
0,0,0.9371280540435234,0.06287194595647683,0.9371280540435234
0,0,0.9956641461475413,0.004335853852457811,0.9956641461475413
0,1,0.03546649496047573,0.9645335050395226,0.9645335050395226
1,0,0.8408564576328721,0.15914354236712963,0.8408564576328721
1,0,0.9249709964174915,0.0750290035825079,0.9249709964174915
0,0,0.9950517205009114,0.004948279499087822,0.9950517205009114
0,0,0.9353335348165499,0.06466646518345055,0.9353335348165499
1,0,0.8707016511037546,0.12929834889624545,0.8707016511037546
0,0,0.6485109226268996,0.35148907737309903,0.6485109226268996
0,0,0.986867473352518,0.01313252664748135,0.986867473352518
0,0,0.9669847819391977,0.03301521806080232,0.9669847819391977
0,0,0.9706279660137583,0.029372033986240588,0.9706279660137583
0,0,0.6701815086344621,0.3298184913655367,0.6701815086344621
0,0,0.9705178220671902,0.029482177932811438,0.9705178220671902
0,0,0.9898665191511725,0.010133480848826378,0.9898665191511725
0,0,0.8542629684342155,0.14573703156578488,0.8542629684342155
0,0,0.8981004697717171,0.10189953022828303,0.8981004697717171
0,0,0.9936328199215393,0.006367180078460528,0.9936328199215393
1,0,0.9530084157316315,0.04699158426836768,0.9530084157316315
0,0,0.9871322403133295,0.012867759686668796,0.9871322403133295
0,0,0.9887052568248912,0.01129474317510964,0.9887052568248912
0,0,0.9957459015975599,0.004254098402441294,0.9957459015975599
0,0,0.823763084560333,0.17623691543966677,0.823763084560333
0,0,0.9931359795443001,0.006864020455700781,0.9931359795443001
0,0,0.9654806259345118,0.03451937406548865,0.9654806259345118
1,0,0.9201718282930951,0.07982817170690384,0.9201718282930951
0,0,0.959988469250015,0.040011530749986673,0.959988469250015
0,0,0.9932308025253089,0.006769197474691371,0.9932308025253089
0,0,0.9583753385697826,0.04162466143021656,0.9583753385697826
0,0,0.9262495565486177,0.07375044345138221,0.9262495565486177
0,0,0.9967378667291401,0.003262133270861593,0.9967378667291401
0,0,0.9967267790250298,0.0032732209749693508,0.9967267790250298
1,0,0.9882810845177649,0.011718915482235078,0.9882810845177649
0,0,0.7726241997203592,0.22737580027964008,0.7726241997203592
0,0,0.8046178359196943,0.19538216408030548,0.8046178359196943
0,0,0.9855088630087295,0.014491136991271341,0.9855088630087295
0,0,0.9454423153224689,0.054557684677530034,0.9454423153224689
0,0,0.9317587708621712,0.06824122913782854,0.9317587708621712
0,0,0.9847112030012253,0.01528879699877477,0.9847112030012253
0,0,0.9758524009239343,0.024147599076063862,0.9758524009239343
1,0,0.7790225748895491,0.22097742511045174,0.7790225748895491
1,0,0.9831210618167717,0.016878938183229244,0.9831210618167717
0,0,0.9867379037924937,0.013262096207505621,0.9867379037924937
0,0,0.9850896311275095,0.014910368872492304,0.9850896311275095
0,0,0.7488507254875568,0.2511492745124445,0.7488507254875568
1,0,0.9383308499584223,0.0616691500415767,0.9383308499584223
0,0,0.9084068418476361,0.09159315815236375,0.9084068418476361
0,0,0.970684566346946,0.029315433653053207,0.970684566346946
0,0,0.9822479675771638,0.017752032422836503,0.9822479675771638
0,0,0.9953852472069082,0.004614752793092202,0.9953852472069082
1,1,0.020700727075847542,0.9792992729241511,0.9792992729241511
0,0,0.9900692042467791,0.009930795753221065,0.9900692042467791
0,0,0.9660793158091779,0.033920684190821844,0.9660793158091779
0,0,0.9927451427216858,0.007254857278314882,0.9927451427216858
0,0,0.9806192960795281,0.01938070392047252,0.9806192960795281
1,0,0.9652372161317272,0.03476278386827344,0.9652372161317272
0,0,0.973328773838186,0.026671226161815526,0.973328773838186
0,0,0.9934534335851086,0.006546566414890654,0.9934534335851086
1,1,0.05000593021868101,0.9499940697813195,0.9499940697813195
0,0,0.9305940882669695,0.06940591173302917,0.9305940882669695
0,0,0.832416802135491,0.1675831978645073,0.832416802135491
0,0,0.9755584387308114,0.02444156126918981,0.9755584387308114
0,0,0.9448046474936649,0.05519535250633424,0.9448046474936649
0,0,0.9354022961232323,0.0645977038767672,0.9354022961232323
1,0,0.9499588832431475,0.050041116756851946,0.9499588832431475
0,0,0.9967801527640553,0.003219847235944192,0.9967801527640553
0,0,0.9949215446171509,0.0050784553828497735,0.9949215446171509
0,0,0.9504822943043811,0.049517705695620334,0.9504822943043811
0,0,0.7265685153705015,0.27343148462949773,0.7265685153705015
0,0,0.9281115637980646,0.07188843620193432,0.9281115637980646
0,0,0.9985524313212827,0.0014475686787172328,0.9985524313212827
0,0,0.8685201213241761,0.13147987867582472,0.8685201213241761
0,0,0.9959889445694373,0.004011055430563429,0.9959889445694373
0,0,0.9787922596204703,0.021207740379531197,0.9787922596204703
0,0,0.9979269125759651,0.002073087424035945,0.9979269125759651
1,1,0.3520858421844835,0.647914157815517,0.647914157815517
0,0,0.998026748168955,0.001973251831044848,0.998026748168955
0,0,0.9689682045275,0.031031795472501122,0.9689682045275
0,0,0.9571989413696669,0.04280105863033203,0.9571989413696669
0,0,0.9327523640492045,0.06724763595079555,0.9327523640492045
0,0,0.8759907775456303,0.12400922245436831,0.8759907775456303
0,0,0.9793206052508029,0.020679394749196237,0.9793206052508029
0,0,0.5185140657356995,0.4814859342643005,0.5185140657356995
0,0,0.989247285633382,0.010752714366618813,0.989247285633382
0,0,0.934033189191188,0.06596681080881073,0.934033189191188
0,1,0.21263587794404226,0.7873641220559578,0.7873641220559578
0,1,0.12249409744833512,0.8775059025516637,0.8775059025516637
0,0,0.9566511880163531,0.04334881198364757,0.9566511880163531
0,0,0.8266818471714944,0.1733181528285058,0.8266818471714944
0,0,0.9623604759637651,0.03763952403623437,0.9623604759637651
0,0,0.9923936911670724,0.007606308832927432,0.9923936911670724
0,0,0.9853835679772104,0.014616432022789411,0.9853835679772104
0,0,0.9715968339108357,0.02840316608916334,0.9715968339108357
0,0,0.9526087297445022,0.04739127025549699,0.9526087297445022
0,0,0.961370333063281,0.03862966693671951,0.961370333063281
0,0,0.8041064967255891,0.19589350327441035,0.8041064967255891
0,0,0.8179693788929913,0.18203062110700993,0.8179693788929913
0,0,0.7691971275156119,0.2308028724843883,0.7691971275156119
0,0,0.8261447738816482,0.17385522611835305,0.8261447738816482
0,0,0.9495823631666738,0.05041763683332683,0.9495823631666738
0,0,0.9823824376557756,0.01761756234422429,0.9823824376557756
1,1,0.4052296549143463,0.5947703450856527,0.5947703450856527
0,0,0.8910616900956243,0.10893830990437531,0.8910616900956243
0,1,0.43918981954641834,0.5608101804535816,0.5608101804535816
0,0,0.9761511593973733,0.023848840602627423,0.9761511593973733
0,0,0.7300539464557775,0.2699460535442213,0.7300539464557775
0,0,0.9894335238362124,0.010566476163787777,0.9894335238362124
0,0,0.9784016820848467,0.021598317915152907,0.9784016820848467
0,0,0.8466805006030581,0.1533194993969417,0.8466805006030581
1,0,0.8387371262419232,0.16126287375807657,0.8387371262419232
0,0,0.9845877959223259,0.015412204077672667,0.9845877959223259
0,0,0.889359343397433,0.1106406566025664,0.889359343397433
0,0,0.7417072256842678,0.25829277431573133,0.7417072256842678
0,0,0.964132436464783,0.03586756353521748,0.964132436464783
0,0,0.8081249285309059,0.19187507146909413,0.8081249285309059
0,0,0.9606819282144493,0.03931807178555236,0.9606819282144493
0,0,0.8424748708872323,0.15752512911276642,0.8424748708872323
0,0,0.9950798067403352,0.00492019325966395,0.9950798067403352
0,0,0.8988791761575389,0.10112082384246016,0.8988791761575389
0,0,0.9950352114089627,0.00496478859103762,0.9950352114089627
0,0,0.7343171279145427,0.2656828720854564,0.7343171279145427
0,0,0.5008519411828264,0.4991480588171742,0.5008519411828264
0,0,0.9423671784719666,0.05763282152803377,0.9423671784719666
0,1,0.38421159439830516,0.6157884056016942,0.6157884056016942
0,0,0.8371208266578593,0.16287917334214014,0.8371208266578593
0,0,0.9844307991171167,0.015569200882882467,0.9844307991171167
0,0,0.9759474168421379,0.024052583157862045,0.9759474168421379
0,0,0.7900702955850994,0.20992970441490058,0.7900702955850994
0,0,0.977756345865982,0.022243654134017205,0.977756345865982
0,0,0.6878862190110828,0.31211378098891795,0.6878862190110828
0,0,0.9598173910169812,0.04018260898301923,0.9598173910169812
0,0,0.9082824968465679,0.09171750315343172,0.9082824968465679
0,0,0.5449950638771692,0.4550049361228324,0.5449950638771692
0,0,0.9653210532205201,0.034678946779479906,0.9653210532205201
0,0,0.9902927357278586,0.009707264272140954,0.9902927357278586
0,1,0.12066302394020109,0.8793369760597989,0.8793369760597989
0,0,0.989875432618028,0.010124567381971239,0.989875432618028
1,0,0.5499431524120436,0.45005684758795705,0.5499431524120436
0,0,0.904804734774662,0.09519526522533868,0.904804734774662
0,0,0.9949924773101814,0.005007522689817754,0.9949924773101814
1,1,0.3682953790404088,0.6317046209595906,0.6317046209595906
0,0,0.9732085908315091,0.026791409168491646,0.9732085908315091
0,1,0.46923192156538607,0.5307680784346135,0.5307680784346135
0,0,0.9776647147023296,0.02233528529766974,0.9776647147023296
0,0,0.9635167235898874,0.03648327641011411,0.9635167235898874
0,0,0.9257979080861916,0.07420209191380853,0.9257979080861916
0,0,0.9596362624727282,0.040363737527271744,0.9596362624727282
0,0,0.9602182139471908,0.03978178605280876,0.9602182139471908
0,0,0.9986205893571933,0.0013794106428074635,0.9986205893571933
0,0,0.9987263923926726,0.0012736076073280981,0.9987263923926726
0,0,0.8910887463299634,0.10891125367003678,0.8910887463299634
0,0,0.9819346126903806,0.01806538730961887,0.9819346126903806
0,0,0.9223440181991525,0.07765598180084748,0.9223440181991525
0,0,0.9979157054906851,0.0020842945093160698,0.9979157054906851
0,0,0.988133848428818,0.011866151571181335,0.988133848428818
0,0,0.9726953085208034,0.027304691479196095,0.9726953085208034
0,1,0.03218866858452613,0.9678113314154752,0.9678113314154752
0,0,0.9637255739065964,0.03627442609340317,0.9637255739065964
0,0,0.9747666636812344,0.025233336318764243,0.9747666636812344
1,0,0.8267568348621454,0.1732431651378556,0.8267568348621454
0,0,0.958646778945277,0.04135322105472427,0.958646778945277
0,0,0.8673479833231098,0.13265201667688942,0.8673479833231098
1,0,0.7353464061546602,0.26465359384533904,0.7353464061546602
1,0,0.8880088328136201,0.11199116718637879,0.8880088328136201
0,0,0.9249126453415352,0.07508735465846564,0.9249126453415352
1,0,0.9062752886087274,0.093724711391273,0.9062752886087274
0,0,0.9545611209671123,0.04543887903288732,0.9545611209671123
1,1,0.016647908188557298,0.9833520918114437,0.9833520918114437
0,0,0.9960870857449154,0.0039129142550860556,0.9960870857449154
0,0,0.8693530882680683,0.13064691173193294,0.8693530882680683
0,0,0.9006749197806766,0.09932508021932406,0.9006749197806766
0,0,0.9914147248483984,0.008585275151599944,0.9914147248483984
0,0,0.9837216538692739,0.01627834613072632,0.9837216538692739
1,0,0.9154244585451361,0.08457554145486296,0.9154244585451361
0,0,0.9610233565372683,0.0389766434627322,0.9610233565372683
0,1,0.06454625128913265,0.9354537487108686,0.9354537487108686
0,0,0.922364268137661,0.07763573186233941,0.922364268137661
0,0,0.9948775747709739,0.005122425229027829,0.9948775747709739
0,0,0.9830923881818368,0.016907611818161573,0.9830923881818368
0,0,0.9778093209602419,0.02219067903975994,0.9778093209602419
0,0,0.9992846023711462,0.000715397628855398,0.9992846023711462
0,0,0.5274922324942282,0.47250776750577256,0.5274922324942282
0,0,0.9907007041765501,0.009299295823450937,0.9907007041765501
0,0,0.9893679345612576,0.010632065438740927,0.9893679345612576
0,0,0.9859085849993744,0.01409141500062516,0.9859085849993744
0,0,0.9810584351610742,0.018941564838927276,0.9810584351610742
0,0,0.9747559570421198,0.025244042957880092,0.9747559570421198
0,0,0.9784437040987453,0.02155629590125498,0.9784437040987453
1,1,0.29244627144672164,0.7075537285532774,0.7075537285532774
0,0,0.9953763536817821,0.004623646318217567,0.9953763536817821
1,0,0.9928361853537891,0.007163814646209352,0.9928361853537891
0,0,0.8970596128740438,0.10294038712595774,0.8970596128740438
0,0,0.9826899467134647,0.017310053286535548,0.9826899467134647
0,0,0.9492170395969745,0.05078296040302673,0.9492170395969745
0,0,0.9476585003194735,0.052341499680527544,0.9476585003194735
0,0,0.9879927344438575,0.012007265556142057,0.9879927344438575
0,0,0.7892122142936855,0.21078778570631415,0.7892122142936855
0,0,0.9961283605980915,0.003871639401909813,0.9961283605980915
0,0,0.9375911521679637,0.062408847832036596,0.9375911521679637
0,0,0.9547200573899215,0.04527994261007689,0.9547200573899215
0,0,0.9978960723280149,0.002103927671985756,0.9978960723280149
0,0,0.8283627531619173,0.1716372468380814,0.8283627531619173
0,0,0.9263494320979734,0.07365056790202555,0.9263494320979734
1,0,0.9909444533521086,0.009055546647891108,0.9909444533521086
1,0,0.7291898020725273,0.27081019792747235,0.7291898020725273
0,0,0.893532869484214,0.1064671305157844,0.893532869484214
0,0,0.9521552993018053,0.04784470069819533,0.9521552993018053
0,0,0.9946563119220408,0.005343688077959395,0.9946563119220408
0,0,0.8990354897706265,0.10096451022937494,0.8990354897706265
0,0,0.9149487208232683,0.08505127917673036,0.9149487208232683
0,0,0.9958050474870882,0.004194952512911088,0.9958050474870882
0,0,0.8863358257596888,0.11366417424031183,0.8863358257596888
0,0,0.9947626256525159,0.005237374347485168,0.9947626256525159
0,0,0.9339972587870363,0.0660027412129627,0.9339972587870363
0,0,0.949506170234666,0.05049382976533363,0.949506170234666
0,0,0.9967119261173906,0.003288073882609907,0.9967119261173906
0,0,0.621574415331732,0.37842558466826803,0.621574415331732
0,0,0.827695937334517,0.17230406266548332,0.827695937334517
0,0,0.9489607283224374,0.051039271677562614,0.9489607283224374
0,0,0.8436034450747419,0.1563965549252572,0.8436034450747419
0,0,0.9822592249996068,0.017740775000391885,0.9822592249996068
0,0,0.7840267382820535,0.21597326171794584,0.7840267382820535
0,0,0.8905776866669544,0.10942231333304712,0.8905776866669544
0,0,0.7598732815523599,0.24012671844763908,0.7598732815523599
0,0,0.9714892109720141,0.02851078902798419,0.9714892109720141
0,0,0.9535530386869858,0.04644696131301504,0.9535530386869858
0,0,0.9878943547314348,0.012105645268565429,0.9878943547314348
0,0,0.8477608111914989,0.1522391888085003,0.8477608111914989
0,0,0.9988916663758334,0.001108333624165722,0.9988916663758334
0,0,0.9630863713850494,0.036913628614951746,0.9630863713850494
0,0,0.9149507153849539,0.08504928461504635,0.9149507153849539
0,0,0.9941872621017399,0.005812737898258304,0.9941872621017399
0,0,0.9718842230797541,0.02811577692024627,0.9718842230797541
0,0,0.9925221838841696,0.007477816115830333,0.9925221838841696
0,0,0.8418539412969073,0.15814605870309134,0.8418539412969073
0,0,0.9794932309595777,0.020506769040423693,0.9794932309595777
0,0,0.9550606386696219,0.04493936133037788,0.9550606386696219
0,0,0.9724678431930907,0.027532156806908827,0.9724678431930907
0,0,0.8916938795488181,0.10830612045118168,0.8916938795488181
1,0,0.8168575749321106,0.18314242506788944,0.8168575749321106
0,0,0.9815394383597579,0.018460561640242013,0.9815394383597579
1,0,0.9855528888923374,0.014447111107661233,0.9855528888923374
0,0,0.9461571684706143,0.05384283152938713,0.9461571684706143
0,0,0.8302696229509309,0.16973037704906846,0.8302696229509309
0,0,0.8467310154565206,0.1532689845434791,0.8467310154565206
0,0,0.9583583803659937,0.041641619634004645,0.9583583803659937
0,0,0.7495530609606982,0.250446939039303,0.7495530609606982
1,0,0.5617388552736365,0.43826114472636396,0.5617388552736365
1,0,0.7989494904524553,0.20105050954754525,0.7989494904524553
0,0,0.777301110624189,0.22269888937581245,0.777301110624189
0,0,0.7592691326406676,0.2407308673593306,0.7592691326406676
0,0,0.9867663780658842,0.013233621934116582,0.9867663780658842
0,0,0.8717048072735543,0.12829519272644566,0.8717048072735543
0,0,0.9950358193025368,0.004964180697462342,0.9950358193025368
1,0,0.7423798329686662,0.25762016703133284,0.7423798329686662
0,0,0.954135308707207,0.04586469129279338,0.954135308707207
0,0,0.9423958068739449,0.05760419312605421,0.9423958068739449
0,0,0.9802312025871142,0.019768797412884474,0.9802312025871142
1,1,0.2540490177134575,0.7459509822865423,0.7459509822865423
0,0,0.8089471219242886,0.19105287807571011,0.8089471219242886
1,0,0.6735504824752621,0.3264495175247392,0.6735504824752621
0,0,0.9697800239126175,0.030219976087380973,0.9697800239126175
0,0,0.8645143353362303,0.1354856646637696,0.8645143353362303
0,0,0.9954128892397877,0.004587110760211805,0.9954128892397877
1,1,0.20791996840225174,0.792080031597747,0.792080031597747
0,0,0.9864468810465615,0.013553118953439627,0.9864468810465615
0,0,0.7202353022824323,0.27976469771756624,0.7202353022824323
0,0,0.974134543731882,0.025865456268118637,0.974134543731882
0,0,0.9288780995912029,0.07112190040879737,0.9288780995912029
0,0,0.9767437957385362,0.023256204261464596,0.9767437957385362
0,0,0.9351153740288579,0.06488462597114064,0.9351153740288579
1,1,0.009366339058565066,0.9906336609414355,0.9906336609414355
0,0,0.9938103694473804,0.006189630552620258,0.9938103694473804
0,0,0.9887998711651742,0.011200128834825594,0.9887998711651742
0,0,0.9679618662878176,0.03203813371218171,0.9679618662878176
0,0,0.9229759557342504,0.07702404426575105,0.9229759557342504
0,0,0.9739762276495063,0.02602377235049259,0.9739762276495063
0,0,0.9499605254596011,0.05003947454039783,0.9499605254596011
0,0,0.9981961245476386,0.0018038754523625247,0.9981961245476386
0,0,0.9815995265702713,0.018400473429729305,0.9815995265702713
1,1,0.35037017073696464,0.6496298292630353,0.6496298292630353
0,0,0.7890412313047348,0.2109587686952644,0.7890412313047348
1,0,0.8493947929510045,0.15060520704899436,0.8493947929510045
0,0,0.948013182027923,0.05198681797207654,0.948013182027923
0,0,0.9867041085646779,0.013295891435320391,0.9867041085646779
0,0,0.9539202027672397,0.04607979723276106,0.9539202027672397
1,1,0.36633109193208135,0.6336689080679169,0.6336689080679169
0,0,0.9925757956179098,0.007424204382090054,0.9925757956179098
0,0,0.9950625912443215,0.004937408755677858,0.9950625912443215
0,0,0.837971668115823,0.1620283318841785,0.837971668115823
0,0,0.9810354627438241,0.018964537256174998,0.9810354627438241
0,0,0.9832626258840198,0.016737374115980645,0.9832626258840198
0,0,0.9725319447195393,0.027468055280460552,0.9725319447195393
0,0,0.7080509471045133,0.29194905289548695,0.7080509471045133
0,0,0.9913765470470489,0.008623452952950458,0.9913765470470489
0,0,0.7697202011042853,0.23027979889571318,0.7697202011042853
0,0,0.9095870990810025,0.09041290091899692,0.9095870990810025
0,0,0.990815298790969,0.00918470120903106,0.990815298790969
0,0,0.9952006107773027,0.0047993892226965654,0.9952006107773027
0,0,0.9974731189878105,0.002526881012189922,0.9974731189878105
0,0,0.5148894537511681,0.4851105462488308,0.5148894537511681
0,0,0.8829040865377901,0.11709591346220971,0.8829040865377901
0,0,0.8787630040602432,0.12123699593975591,0.8787630040602432
0,0,0.9717226607542345,0.028277339245766333,0.9717226607542345
0,0,0.9452457842990627,0.054754215700936214,0.9452457842990627
0,0,0.9568730036187492,0.04312699638124983,0.9568730036187492
0,0,0.9841541996355753,0.015845800364425556,0.9841541996355753
0,0,0.9883264548918033,0.011673545108197422,0.9883264548918033
0,0,0.8696306451287819,0.13036935487121887,0.8696306451287819
0,0,0.9870068677059122,0.012993132294088737,0.9870068677059122
0,0,0.5825723633989587,0.41742763660104,0.5825723633989587
0,0,0.9706733954854441,0.02932660451455517,0.9706733954854441
0,0,0.9369675931613066,0.06303240683869313,0.9369675931613066
0,0,0.9887146805204851,0.011285319479515284,0.9887146805204851
1,1,0.4486040728995817,0.551395927100419,0.551395927100419
0,0,0.9611896369981209,0.03881036300187937,0.9611896369981209
0,0,0.9297309214968544,0.0702690785031439,0.9297309214968544
0,0,0.9650089145259663,0.03499108547403284,0.9650089145259663
0,0,0.9914407299159236,0.008559270084078174,0.9914407299159236
0,0,0.8918998432506015,0.1081001567494003,0.8918998432506015
1,1,0.29749223281619386,0.7025077671838056,0.7025077671838056
0,0,0.9648104811237853,0.03518951887621646,0.9648104811237853
0,0,0.9858850985279488,0.014114901472052044,0.9858850985279488
0,0,0.9452430949859317,0.05475690501406968,0.9452430949859317
0,0,0.9981156365601337,0.0018843634398658768,0.9981156365601337
0,0,0.9251440609541504,0.07485593904584793,0.9251440609541504
0,0,0.9251881297514029,0.07481187024859824,0.9251881297514029
0,0,0.7550935166274411,0.24490648337255946,0.7550935166274411
0,0,0.9798795052281597,0.020120494771841156,0.9798795052281597
0,0,0.9952856335760869,0.004714366423913196,0.9952856335760869
0,0,0.9893823825431349,0.010617617456864747,0.9893823825431349
0,0,0.8468936860154572,0.15310631398454314,0.8468936860154572
0,0,0.9087519315949245,0.09124806840507724,0.9087519315949245
0,0,0.7915632797764228,0.20843672022357712,0.7915632797764228
0,0,0.9621182271837052,0.037881772816294144,0.9621182271837052
0,0,0.8771815230061747,0.12281847699382556,0.8771815230061747
0,0,0.7294559050009936,0.2705440949990083,0.7294559050009936
0,0,0.9734682577783235,0.026531742221677465,0.9734682577783235
1,0,0.9803149697835577,0.01968503021644098,0.9803149697835577
0,0,0.9335023805249003,0.06649761947510034,0.9335023805249003
0,0,0.8712049788197043,0.1287950211802944,0.8712049788197043
0,0,0.9383053129652125,0.0616946870347875,0.9383053129652125
0,0,0.9859945926104482,0.014005407389551626,0.9859945926104482
0,0,0.9406807896917356,0.05931921030826469,0.9406807896917356
0,0,0.8242428621653387,0.17575713783466074,0.8242428621653387
0,0,0.5453102251559558,0.4546897748440455,0.5453102251559558
0,0,0.8324380269089396,0.16756197309105894,0.8324380269089396
0,0,0.9816829106541372,0.018317089345862486,0.9816829106541372
0,0,0.6831379103249695,0.316862089675029,0.6831379103249695
1,1,0.06626168365464816,0.933738316345351,0.933738316345351
0,0,0.9310901583569755,0.06890984164302387,0.9310901583569755
0,0,0.9045012105148117,0.09549878948518654,0.9045012105148117
1,0,0.975541051287968,0.02445894871203252,0.975541051287968
0,0,0.6805960777504436,0.3194039222495547,0.6805960777504436
0,0,0.9612970169943643,0.038702983005635606,0.9612970169943643
0,1,0.4453094763978567,0.5546905236021415,0.5546905236021415
0,0,0.9970820331210168,0.002917966878982919,0.9970820331210168
0,0,0.5039554058140315,0.4960445941859696,0.5039554058140315
0,0,0.9926258416539752,0.0073741583460245645,0.9926258416539752
1,0,0.9962062776687223,0.003793722331278825,0.9962062776687223
0,1,0.13705335070563004,0.862946649294369,0.862946649294369
0,0,0.7010969061547551,0.29890309384524455,0.7010969061547551
0,0,0.9708159372665519,0.029184062733447286,0.9708159372665519
0,0,0.9328577768444973,0.067142223155503,0.9328577768444973
0,1,0.01740256702209021,0.9825974329779106,0.9825974329779106
0,0,0.7890679732118545,0.21093202678814624,0.7890679732118545
0,0,0.7313502211715038,0.2686497788284946,0.7313502211715038
0,0,0.9811442674727759,0.018855732527223418,0.9811442674727759
0,0,0.9758384802967596,0.024161519703239782,0.9758384802967596
0,0,0.9873549811069005,0.012645018893100206,0.9873549811069005
0,0,0.9705510998864945,0.02944890011350551,0.9705510998864945
0,0,0.873969803116959,0.12603019688304082,0.873969803116959
0,0,0.932424614486934,0.06757538551306737,0.932424614486934
0,0,0.7955550435281089,0.20444495647188965,0.7955550435281089
0,0,0.9544595426321317,0.04554045736786799,0.9544595426321317
0,0,0.8876231867488211,0.11237681325117944,0.8876231867488211
0,0,0.9201572723461872,0.07984272765381221,0.9201572723461872
0,0,0.9808439977395766,0.019156002260422356,0.9808439977395766
1,0,0.9280186537495366,0.07198134625046418,0.9280186537495366
0,0,0.9969845295955191,0.0030154704044823774,0.9969845295955191
0,0,0.993105808169202,0.006894191830799366,0.993105808169202
1,0,0.6789454326737102,0.32105456732629045,0.6789454326737102
0,0,0.9343717931960625,0.06562820680393858,0.9343717931960625
0,0,0.9594758123007213,0.04052418769927716,0.9594758123007213
0,0,0.9571386464883822,0.042861353511617954,0.9571386464883822
0,0,0.8222810114321608,0.1777189885678383,0.8222810114321608
0,0,0.9876647211776599,0.012335278822341375,0.9876647211776599
0,0,0.9964548041429963,0.003545195857003908,0.9964548041429963
0,0,0.8211885163454419,0.17881148365455823,0.8211885163454419
0,0,0.9712431172505949,0.028756882749405428,0.9712431172505949
0,0,0.9935173515802843,0.006482648419717362,0.9935173515802843
0,1,0.45548176920525,0.5445182307947503,0.5445182307947503
0,0,0.9051124125176638,0.09488758748233549,0.9051124125176638
0,0,0.9069430440417532,0.09305695595824606,0.9069430440417532
0,0,0.9087334381823035,0.09126656181769666,0.9087334381823035
0,0,0.995677665541101,0.004322334458899159,0.995677665541101
1,0,0.5974011067651338,0.4025988932348676,0.5974011067651338
0,0,0.8170518171116834,0.18294818288831782,0.8170518171116834
0,0,0.9917155978882962,0.008284402111703424,0.9917155978882962
0,0,0.7226632893775449,0.2773367106224559,0.7226632893775449
0,0,0.9571339364425971,0.04286606355740304,0.9571339364425971
1,1,0.020726907324819754,0.9792730926751799,0.9792730926751799
1,0,0.9943240805565436,0.005675919443455852,0.9943240805565436
0,1,0.36307098225550616,0.6369290177444943,0.6369290177444943
0,0,0.9394134195616468,0.060586580438353264,0.9394134195616468
0,0,0.855892202814882,0.14410779718511676,0.855892202814882
0,0,0.9961968984035605,0.003803101596439916,0.9961968984035605
0,0,0.9672202537556384,0.03277974624436257,0.9672202537556384
0,0,0.9923156675470217,0.00768433245297928,0.9923156675470217
0,0,0.8649158495547006,0.13508415044529853,0.8649158495547006
0,0,0.9127278286746401,0.08727217132535912,0.9127278286746401
0,0,0.9969924675042438,0.003007532495755612,0.9969924675042438
1,0,0.8777930906857205,0.12220690931427801,0.8777930906857205
1,0,0.9826305227636293,0.0173694772363708,0.9826305227636293
0,0,0.9990050914760635,0.0009949085239347635,0.9990050914760635
0,0,0.6833598264200687,0.31664017357993035,0.6833598264200687
0,0,0.9800228323897696,0.01997716761023028,0.9800228323897696
0,0,0.9638032724968914,0.036196727503107914,0.9638032724968914
0,0,0.9516250492938693,0.04837495070613089,0.9516250492938693
0,0,0.9433266369989728,0.056673363001025726,0.9433266369989728
0,0,0.9895638137797244,0.010436186220275203,0.9895638137797244
1,0,0.99686296647878,0.003137033521220401,0.99686296647878
0,0,0.704648007403716,0.295351992596283,0.704648007403716
0,0,0.993264371173021,0.006735628826977805,0.993264371173021
0,0,0.8482344451982601,0.15176555480173942,0.8482344451982601
0,0,0.995539380859792,0.00446061914020885,0.995539380859792
0,0,0.9935633944241234,0.00643660557587502,0.9935633944241234
1,0,0.8775194900239477,0.12248050997605148,0.8775194900239477
0,0,0.9934615904744148,0.006538409525585621,0.9934615904744148
0,0,0.9823773479527488,0.017622652047249786,0.9823773479527488
1,0,0.7499334576758107,0.25006654232418984,0.7499334576758107
0,0,0.9577997297044945,0.042200270295504785,0.9577997297044945
0,0,0.9769171790649364,0.023082820935062722,0.9769171790649364
0,0,0.8130796193436907,0.18692038065630756,0.8130796193436907
0,1,0.08394458618624702,0.9160554138137528,0.9160554138137528
0,0,0.9202585777397142,0.07974142226028491,0.9202585777397142
0,0,0.883392153693957,0.1166078463060437,0.883392153693957
0,0,0.8124874146862968,0.18751258531370363,0.8124874146862968
0,0,0.7593736186349085,0.24062638136509146,0.7593736186349085
0,0,0.9491033673410879,0.05089663265891136,0.9491033673410879
1,0,0.9875507347556405,0.012449265244359993,0.9875507347556405
0,0,0.9968162171044906,0.0031837828955077188,0.9968162171044906
1,0,0.5895364667266032,0.41046353327339735,0.5895364667266032
0,0,0.9440672967748339,0.05593270322516718,0.9440672967748339
0,0,0.9748545142280536,0.02514548577194577,0.9748545142280536
0,0,0.9257806253685996,0.07421937463139965,0.9257806253685996
0,0,0.9959149910262143,0.004085008973786914,0.9959149910262143
0,0,0.7207636191694488,0.27923638083054964,0.7207636191694488
0,0,0.9725043158301292,0.027495684169869562,0.9725043158301292
0,0,0.965454869971032,0.034545130028969355,0.965454869971032
0,0,0.9781790717953631,0.02182092820463634,0.9781790717953631
1,0,0.756351250609964,0.24364874939003747,0.756351250609964
0,0,0.9682578563847939,0.03174214361520505,0.9682578563847939
0,0,0.9934613209726743,0.006538679027326131,0.9934613209726743
1,1,0.1268201004027744,0.873179899597224,0.873179899597224
1,1,0.10544910312971215,0.8945508968702863,0.8945508968702863
1,1,0.44047874091234074,0.5595212590876577,0.5595212590876577
0,0,0.9338328980255306,0.06616710197446769,0.9338328980255306
0,0,0.9654341335393956,0.03456586646060443,0.9654341335393956
0,0,0.9121674368528069,0.08783256314719325,0.9121674368528069
0,0,0.9392310603626449,0.060768939637353955,0.9392310603626449
0,0,0.9983174130878569,0.0016825869121426839,0.9983174130878569
0,0,0.9957318058023035,0.004268194197696188,0.9957318058023035
0,0,0.722431572964927,0.27756842703507184,0.722431572964927
1,0,0.6355807587928604,0.36441924120713903,0.6355807587928604
0,0,0.8941837954791954,0.10581620452080305,0.8941837954791954
0,0,0.9951002987829358,0.004899701217065654,0.9951002987829358
0,0,0.9734468167924581,0.026553183207540763,0.9734468167924581
0,0,0.9086197852622484,0.0913802147377521,0.9086197852622484
0,0,0.8603744302206091,0.13962556977939128,0.8603744302206091
1,0,0.5366681947886645,0.4633318052113358,0.5366681947886645
0,0,0.8293778834488544,0.1706221165511468,0.8293778834488544
0,1,0.4280286655013162,0.571971334498684,0.571971334498684
0,0,0.9046329444470114,0.095367055552987,0.9046329444470114
0,0,0.9955193316716767,0.004480668328324083,0.9955193316716767
0,0,0.9402429705726916,0.05975702942730931,0.9402429705726916
1,0,0.972184137615169,0.02781586238483071,0.972184137615169
0,0,0.9920461746230489,0.007953825376950297,0.9920461746230489
0,0,0.9891658714266848,0.010834128573314518,0.9891658714266848
0,0,0.9828015389224045,0.017198461077596545,0.9828015389224045
0,0,0.938723126934336,0.061276873065663616,0.938723126934336
0,0,0.9339090029904802,0.06609099700952144,0.9339090029904802
0,0,0.9252970229290045,0.07470297707099496,0.9252970229290045
0,0,0.9936314640164707,0.006368535983530045,0.9936314640164707
0,0,0.9332151409300994,0.06678485906990049,0.9332151409300994
0,0,0.9432399913654123,0.05676000863458892,0.9432399913654123
0,0,0.9801021610979567,0.01989783890204469,0.9801021610979567
0,0,0.989196227820046,0.010803772179952348,0.989196227820046
0,0,0.9567292639180488,0.043270736081950346,0.9567292639180488
0,0,0.9932530826829911,0.006746917317008913,0.9932530826829911
0,0,0.6870879624866025,0.31291203751339874,0.6870879624866025
0,0,0.9717335498006077,0.028266450199393077,0.9717335498006077
0,0,0.9429828073122036,0.0570171926877958,0.9429828073122036
0,0,0.9717375290153003,0.028262470984700097,0.9717375290153003
0,0,0.8409799382703188,0.15902006172968053,0.8409799382703188
0,0,0.7896050513350149,0.2103949486649853,0.7896050513350149
0,0,0.8270789390171132,0.17292106098288584,0.8270789390171132
0,0,0.9939887511352015,0.006011248864797252,0.9939887511352015
0,0,0.9907824466891187,0.009217553310879797,0.9907824466891187
0,0,0.8054349441042817,0.19456505589571865,0.8054349441042817
0,0,0.9964271718681889,0.0035728281318120956,0.9964271718681889
0,0,0.9955821507278667,0.0044178492721342,0.9955821507278667
0,0,0.9453112653865596,0.05468873461344091,0.9453112653865596
0,0,0.583504076973589,0.41649592302641,0.583504076973589
0,0,0.9900640713503225,0.009935928649677152,0.9900640713503225
0,1,0.013924600711506935,0.9860753992884939,0.9860753992884939
0,0,0.9614063459904946,0.038593654009506845,0.9614063459904946
0,0,0.6745227687397515,0.32547723126024997,0.6745227687397515
0,0,0.9829407571458366,0.01705924285416187,0.9829407571458366
0,0,0.6579945793449796,0.34200542065502126,0.6579945793449796
0,0,0.9905443527191571,0.009455647280841304,0.9905443527191571
0,0,0.9357116914797408,0.06428830852025783,0.9357116914797408
0,0,0.8717507879749706,0.12824921202502976,0.8717507879749706
0,0,0.99770043245613,0.0022995675438692575,0.99770043245613
0,0,0.9987837355293564,0.0012162644706441362,0.9987837355293564
0,0,0.9987925311110931,0.001207468888907535,0.9987925311110931
0,0,0.9747729489744016,0.025227051025599877,0.9747729489744016
0,0,0.9909471772133613,0.009052822786637901,0.9909471772133613
0,0,0.9754596765276675,0.024540323472333207,0.9754596765276675
0,0,0.9093465135323922,0.09065348646760839,0.9093465135323922
0,0,0.9460060341109662,0.053993965889033296,0.9460060341109662
1,1,0.04459664400415461,0.9554033559958469,0.9554033559958469
0,0,0.9418631653545976,0.05813683464540235,0.9418631653545976
0,0,0.9971925438765147,0.0028074561234849253,0.9971925438765147
0,0,0.8834865874531542,0.11651341254684519,0.8834865874531542
0,0,0.9878094427217317,0.012190557278267225,0.9878094427217317
0,0,0.9916016249111279,0.008398375088873663,0.9916016249111279
0,0,0.9747960730430281,0.02520392695697252,0.9747960730430281
0,0,0.9925375811304487,0.007462418869551988,0.9925375811304487
0,0,0.9948813522136419,0.005118647786356605,0.9948813522136419
0,0,0.9836734080055684,0.01632659199443312,0.9836734080055684
0,0,0.9601440893651993,0.03985591063480111,0.9601440893651993
0,1,0.36230811321080914,0.637691886789191,0.637691886789191
0,1,0.4260050947525305,0.5739949052474703,0.5739949052474703
0,0,0.9667728377446065,0.03322716225539319,0.9667728377446065
1,1,0.036795288380316836,0.9632047116196826,0.9632047116196826
0,0,0.6912780249710323,0.30872197502896626,0.6912780249710323
0,0,0.9686896486779946,0.0313103513220047,0.9686896486779946
0,0,0.9985030858806194,0.0014969141193809463,0.9985030858806194
0,0,0.9119986139237813,0.0880013860762192,0.9119986139237813
1,0,0.6919727802611022,0.3080272197388963,0.6919727802611022
0,0,0.9728135526090694,0.027186447390930377,0.9728135526090694
0,0,0.9456290308136296,0.05437096918637199,0.9456290308136296
0,0,0.9336359544695425,0.06636404553045848,0.9336359544695425
0,0,0.9726736428497103,0.02732635715028983,0.9726736428497103
0,0,0.950215636287642,0.04978436371235828,0.950215636287642
0,0,0.6650562277686043,0.3349437722313953,0.6650562277686043
0,0,0.9884645520892639,0.011535447910736444,0.9884645520892639
0,1,0.15576985940474558,0.8442301405952538,0.8442301405952538
0,0,0.9841676666134259,0.015832333386573725,0.9841676666134259
0,0,0.9851465608570774,0.014853439142922274,0.9851465608570774
0,0,0.9982767679580447,0.0017232320419560694,0.9982767679580447
0,0,0.9904422478407964,0.00955775215920424,0.9904422478407964
0,0,0.9693162256143947,0.030683774385604885,0.9693162256143947
0,0,0.9520978209310087,0.047902179068992065,0.9520978209310087
0,0,0.805837209724576,0.19416279027542532,0.805837209724576
0,0,0.9666570021978564,0.033342997802141894,0.9666570021978564
0,0,0.9747803830537239,0.025219616946275208,0.9747803830537239
0,0,0.9860333352046837,0.013966664795314741,0.9860333352046837
0,0,0.9807467181562707,0.019253281843729684,0.9807467181562707
0,0,0.8765841388788749,0.12341586112112453,0.8765841388788749
0,0,0.9870313298311734,0.012968670168827077,0.9870313298311734
0,0,0.9671257265698433,0.032874273430156455,0.9671257265698433
0,1,0.17882319232518146,0.8211768076748176,0.8211768076748176
0,1,0.28942113217202464,0.7105788678279754,0.7105788678279754
0,0,0.6812276447990425,0.3187723552009588,0.6812276447990425
0,0,0.997491785347078,0.0025082146529225914,0.997491785347078
0,0,0.9882389845507514,0.011761015449249655,0.9882389845507514
0,0,0.9062590806537063,0.09374091934629392,0.9062590806537063
0,0,0.9937089108328667,0.006291089167134702,0.9937089108328667
0,0,0.9966962120103005,0.0033037879897001173,0.9966962120103005
0,0,0.9804180372007899,0.019581962799209998,0.9804180372007899
0,0,0.8962625958926284,0.10373740410737144,0.8962625958926284
1,1,0.0035834751882451955,0.9964165248117555,0.9964165248117555
0,0,0.8162568249146459,0.18374317508535487,0.8162568249146459
0,0,0.9910068181123719,0.008993181887628876,0.9910068181123719
0,0,0.8842363935730019,0.11576360642699879,0.8842363935730019
0,0,0.9969705962791613,0.003029403720838397,0.9969705962791613
1,1,0.072079193674571,0.9279208063254306,0.9279208063254306
0,0,0.7326463139808239,0.2673536860191753,0.7326463139808239
0,0,0.9943250485390905,0.0056749514609091434,0.9943250485390905
0,0,0.9660139606561207,0.03398603934388017,0.9660139606561207
0,0,0.9886740032196286,0.01132599678037096,0.9886740032196286
0,0,0.886431502584265,0.11356849741573545,0.886431502584265
0,0,0.9287247395150298,0.07127526048497138,0.9287247395150298
0,0,0.9910611969834191,0.00893880301658111,0.9910611969834191
0,0,0.7238293016737749,0.2761706983262254,0.7238293016737749
0,0,0.975717049666026,0.024282950333975328,0.975717049666026
0,0,0.6950730871329611,0.3049269128670381,0.6950730871329611
1,1,0.013378382284543352,0.9866216177154562,0.9866216177154562
0,0,0.9216887341868021,0.078311265813199,0.9216887341868021
0,0,0.8623676175936968,0.1376323824063048,0.8623676175936968
0,0,0.9277500250304889,0.0722499749695113,0.9277500250304889
0,0,0.9282592845808906,0.071740715419108,0.9282592845808906
0,0,0.9738148497284521,0.026185150271548243,0.9738148497284521
0,0,0.9683382479502035,0.031661752049796696,0.9683382479502035
0,0,0.9827105877901318,0.017289412209866534,0.9827105877901318
0,0,0.9956970187847093,0.004302981215291443,0.9956970187847093
0,0,0.997308079602584,0.002691920397416215,0.997308079602584
0,0,0.9571743756568494,0.042825624343150265,0.9571743756568494
0,0,0.9711167903576436,0.028883209642356144,0.9711167903576436
0,0,0.7629306396036468,0.23706936039635376,0.7629306396036468
1,0,0.8860244285389571,0.11397557146104152,0.8860244285389571
0,0,0.9598785186732642,0.04012148132673712,0.9598785186732642
0,0,0.9128411431818909,0.08715885681811078,0.9128411431818909
0,1,0.18837992494638295,0.8116200750536159,0.8116200750536159
0,0,0.9092014379776867,0.09079856202231396,0.9092014379776867
0,0,0.769371769510173,0.2306282304898277,0.769371769510173
0,0,0.9536282280868663,0.04637177191313415,0.9536282280868663
0,0,0.9698184920913963,0.030181507908603435,0.9698184920913963
0,0,0.8523341069072216,0.14766589309277872,0.8523341069072216
0,0,0.9757500787094957,0.024249921290502824,0.9757500787094957
0,0,0.9884198859802384,0.011580114019760817,0.9884198859802384
0,0,0.9959863137802362,0.004013686219765593,0.9959863137802362
0,0,0.9752950927673262,0.024704907232672338,0.9752950927673262
0,0,0.9895366403039046,0.010463359696096186,0.9895366403039046
0,0,0.9690531790279778,0.03094682097202292,0.9690531790279778
0,0,0.9875508882082152,0.01244911179178561,0.9875508882082152
0,0,0.7642946003126789,0.23570539968732274,0.7642946003126789
1,1,0.21259402287328297,0.7874059771267182,0.7874059771267182
1,0,0.6931174878040108,0.30688251219598867,0.6931174878040108
0,0,0.5433295236538632,0.4566704763461371,0.5433295236538632
0,0,0.9976389196635383,0.002361080336462276,0.9976389196635383
0,0,0.8333294338909156,0.16667056610908548,0.8333294338909156
0,0,0.9930037203729505,0.006996279627049341,0.9930037203729505
0,0,0.8370476420025381,0.16295235799746052,0.8370476420025381
0,0,0.9514983726056513,0.04850162739434831,0.9514983726056513
0,0,0.9830241935193876,0.016975806480611786,0.9830241935193876
1,0,0.9886890269864566,0.011310973013542181,0.9886890269864566
1,0,0.9979288729982986,0.0020711270017015233,0.9979288729982986
0,0,0.9880649550521907,0.011935044947809031,0.9880649550521907
0,0,0.9856138316406987,0.01438616835930219,0.9856138316406987
0,0,0.9949370917398364,0.005062908260163053,0.9949370917398364
0,0,0.990755625416952,0.00924437458304748,0.990755625416952
0,0,0.9896500838298592,0.010349916170140104,0.9896500838298592
1,0,0.6693295833339662,0.3306704166660349,0.6693295833339662
0,0,0.9966067178456813,0.003393282154318104,0.9966067178456813
0,0,0.8778157712831177,0.12218422871688396,0.8778157712831177
0,0,0.9873525384901589,0.012647461509840262,0.9873525384901589
1,1,0.060097138203340804,0.9399028617966578,0.9399028617966578
0,0,0.6820345574681865,0.3179654425318146,0.6820345574681865
0,0,0.8494865031457208,0.1505134968542797,0.8494865031457208
0,1,0.10099363205432443,0.8990063679456745,0.8990063679456745
0,0,0.6117759784313831,0.38822402156861746,0.6117759784313831
1,0,0.6912896096286929,0.3087103903713074,0.6912896096286929
0,0,0.9486600611181814,0.05133993888181975,0.9486600611181814
0,0,0.557376510495994,0.44262348950400604,0.557376510495994
0,0,0.988878290393025,0.011121709606975776,0.988878290393025
0,0,0.6627639917527717,0.3372360082472273,0.6627639917527717
1,1,0.4121030851805907,0.5878969148194083,0.5878969148194083
0,0,0.995607420766237,0.004392579233762357,0.995607420766237
0,0,0.9518873753203041,0.04811262467969458,0.9518873753203041
0,0,0.931838640891414,0.06816135910858467,0.931838640891414
0,0,0.9085482001194416,0.09145179988055782,0.9085482001194416
0,0,0.977641917302517,0.022358082697482802,0.977641917302517
1,0,0.9129237023551434,0.08707629764485485,0.9129237023551434
0,0,0.7845073872908974,0.21549261270910208,0.7845073872908974
0,0,0.8836553783792215,0.11634462162077788,0.8836553783792215
0,0,0.9728945560901726,0.027105443909825968,0.9728945560901726
0,0,0.9915368030523846,0.008463196947614701,0.9915368030523846
0,0,0.9833867366537808,0.016613263346219622,0.9833867366537808
0,1,0.2085538321086426,0.7914461678913569,0.7914461678913569
0,0,0.9895759887274398,0.01042401127255941,0.9895759887274398
0,0,0.9688293244992804,0.031170675500718587,0.9688293244992804
0,0,0.9305112534415335,0.0694887465584669,0.9305112534415335
0,0,0.9143803626339396,0.08561963736606183,0.9143803626339396
0,0,0.9949616443188767,0.005038355681123395,0.9949616443188767
1,0,0.9844471578151508,0.015552842184848864,0.9844471578151508
0,0,0.9685522268281472,0.03144777317185175,0.9685522268281472
0,0,0.9443510754407044,0.05564892455929682,0.9443510754407044
1,0,0.9483335793040324,0.0516664206959677,0.9483335793040324
0,0,0.9933350416655055,0.0066649583344953875,0.9933350416655055
1,0,0.9922534478008279,0.007746552199171882,0.9922534478008279
1,1,0.016938539841255214,0.983061460158745,0.983061460158745
0,0,0.8990079228140768,0.10099207718592301,0.8990079228140768
0,0,0.9691574951552174,0.030842504844781727,0.9691574951552174
0,0,0.8640453253239399,0.13595467467606012,0.8640453253239399
1,1,0.07575529006784579,0.9242447099321527,0.9242447099321527
0,1,0.46721257466143046,0.5327874253385696,0.5327874253385696
0,0,0.9294650319516632,0.0705349680483374,0.9294650319516632
0,0,0.9755658968607995,0.02443410313920073,0.9755658968607995
0,0,0.8009357908617928,0.19906420913820885,0.8009357908617928
0,0,0.9934468053946593,0.00655319460534095,0.9934468053946593
0,0,0.990244244378205,0.009755755621795235,0.990244244378205
0,0,0.9616730839003262,0.0383269160996731,0.9616730839003262
1,0,0.9688538564603819,0.031146143539618715,0.9688538564603819
0,0,0.8661350795053295,0.1338649204946709,0.8661350795053295
0,0,0.6239473893138673,0.3760526106861329,0.6239473893138673
0,0,0.871869551507901,0.1281304484921005,0.871869551507901
0,0,0.9208980121970531,0.07910198780294819,0.9208980121970531
0,0,0.9581393509793347,0.04186064902066465,0.9581393509793347
0,0,0.9829121869436425,0.017087813056358047,0.9829121869436425
0,0,0.9419454244033172,0.058054575596681104,0.9419454244033172
0,0,0.9703619873236279,0.029638012676373927,0.9703619873236279
0,0,0.8209229955850663,0.1790770044149344,0.8209229955850663
0,1,0.0050481774740602755,0.9949518225259403,0.9949518225259403
0,0,0.988217667125125,0.01178233287487616,0.988217667125125
0,0,0.989435963581744,0.010564036418255346,0.989435963581744
0,0,0.9279670795339793,0.07203292046602103,0.9279670795339793
0,0,0.9946875107262731,0.005312489273726344,0.9946875107262731
0,0,0.6021361269969316,0.39786387300306947,0.6021361269969316
1,0,0.9789646921767075,0.021035307823293256,0.9789646921767075
0,0,0.9983624728594997,0.0016375271405015329,0.9983624728594997
0,0,0.9720008301108098,0.027999169889189716,0.9720008301108098
0,0,0.959707636578824,0.04029236342117568,0.959707636578824
0,1,0.04013941618339013,0.9598605838166093,0.9598605838166093
0,0,0.9843448323553858,0.015655167644615546,0.9843448323553858
0,0,0.7075170762427475,0.2924829237572522,0.7075170762427475
0,0,0.685264256310696,0.3147357436893053,0.685264256310696
1,0,0.9835764995974359,0.0164235004025649,0.9835764995974359
0,0,0.8721354357562656,0.1278645642437348,0.8721354357562656
0,0,0.9473007737626371,0.05269922623736373,0.9473007737626371
0,0,0.9814611763767874,0.0185388236232125,0.9814611763767874
0,0,0.9692298638483282,0.030770136151670253,0.9692298638483282
0,0,0.9321002670882681,0.06789973291173224,0.9321002670882681
0,1,0.26323407299935303,0.7367659270006466,0.7367659270006466
0,0,0.994643310572109,0.005356689427891992,0.994643310572109
0,0,0.9846449672227543,0.015355032777244612,0.9846449672227543
1,1,0.05930104965205507,0.940698950347945,0.940698950347945
0,0,0.9928466394902037,0.007153360509795805,0.9928466394902037
0,0,0.9879506682128116,0.012049331787187792,0.9879506682128116
0,0,0.9984474986152462,0.0015525013847523523,0.9984474986152462
0,0,0.583316320864557,0.4166836791354427,0.583316320864557
0,0,0.7494204766903354,0.2505795233096651,0.7494204766903354
1,0,0.8762193550059765,0.12378064499402386,0.8762193550059765
0,0,0.9943634318102058,0.005636568189793656,0.9943634318102058
0,0,0.9116282364680284,0.08837176353197054,0.9116282364680284
1,0,0.8469935850811212,0.15300641491887737,0.8469935850811212
1,1,0.06727609525801659,0.9327239047419834,0.9327239047419834
1,0,0.8898524153684563,0.11014758463154196,0.8898524153684563
0,0,0.9878481305888778,0.012151869411121303,0.9878481305888778
1,1,0.21852129221547606,0.7814787077845231,0.7814787077845231
0,0,0.9346034961818036,0.06539650381819817,0.9346034961818036
0,0,0.9821642904456183,0.017835709554381764,0.9821642904456183
0,0,0.9973039980238954,0.0026960019761041796,0.9973039980238954
0,0,0.9818043509526325,0.01819564904736788,0.9818043509526325
0,0,0.744211791574946,0.2557882084250549,0.744211791574946
0,0,0.9493765252647208,0.05062347473528008,0.9493765252647208
0,0,0.9616834577785635,0.03831654222143679,0.9616834577785635
0,0,0.9274073658125298,0.07259263418747143,0.9274073658125298
0,0,0.8874044578659683,0.11259554213403125,0.8874044578659683
0,0,0.8725871397514804,0.127412860248518,0.8725871397514804
0,1,0.20563434008146653,0.7943656599185344,0.7943656599185344
0,0,0.9757218505727644,0.02427814942723473,0.9757218505727644
0,0,0.9375320895525631,0.06246791044743528,0.9375320895525631
0,0,0.9398127714367326,0.0601872285632669,0.9398127714367326
0,0,0.9857595116525808,0.014240488347419221,0.9857595116525808
1,1,0.035115907983145005,0.9648840920168544,0.9648840920168544
0,0,0.999224907792487,0.0007750922075138256,0.999224907792487
0,0,0.9853939869923325,0.01460601300766671,0.9853939869923325
0,0,0.9317526508151727,0.06824734918482897,0.9317526508151727
0,0,0.8697178264600842,0.130282173539915,0.8697178264600842
0,0,0.8420073233665046,0.15799267663349642,0.8420073233665046
0,0,0.9971495798876784,0.0028504201123203993,0.9971495798876784
0,0,0.9618930859647123,0.038106914035288715,0.9618930859647123
0,0,0.9771940037239426,0.022805996276057595,0.9771940037239426
0,0,0.9191138689883788,0.08088613101162286,0.9191138689883788
0,0,0.9958974206356858,0.004102579364313694,0.9958974206356858
0,0,0.891085009482906,0.10891499051709289,0.891085009482906
0,0,0.74432273999885,0.25567726000115054,0.74432273999885
0,0,0.9818427604750253,0.01815723952497634,0.9818427604750253
0,0,0.9935489443805068,0.006451055619492656,0.9935489443805068
0,0,0.8466939301146413,0.1533060698853603,0.8466939301146413
0,0,0.9844950104820619,0.015504989517937226,0.9844950104820619
0,0,0.9992870043619492,0.0007129956380490604,0.9992870043619492
0,0,0.9889222957892657,0.011077704210735692,0.9889222957892657
0,0,0.9946783922210368,0.005321607778963376,0.9946783922210368
0,0,0.5810617162159496,0.4189382837840496,0.5810617162159496
0,0,0.7322310433761554,0.26776895662384315,0.7322310433761554
0,0,0.853498532498036,0.14650146750196363,0.853498532498036
0,0,0.9822824203204498,0.017717579679551457,0.9822824203204498
0,0,0.5636959467247785,0.43630405327522054,0.5636959467247785
0,0,0.6792103537399524,0.3207896462600492,0.6792103537399524
0,0,0.6898454430894585,0.31015455691054294,0.6898454430894585
0,0,0.9774277298583838,0.022572270141615607,0.9774277298583838
0,0,0.9919307094898444,0.008069290510155962,0.9919307094898444
0,0,0.9821175311367143,0.01788246886328491,0.9821175311367143
0,0,0.9972645548027739,0.002735445197225761,0.9972645548027739
0,0,0.9970604963609199,0.002939503639078799,0.9970604963609199
0,0,0.9985291844028577,0.0014708155971440715,0.9985291844028577
0,0,0.9975510680463532,0.002448931953645722,0.9975510680463532
0,0,0.9273329425501181,0.07266705744988194,0.9273329425501181
0,0,0.9472696232327033,0.05273037676729704,0.9472696232327033
1,1,0.14444955089681769,0.8555504491031828,0.8555504491031828
0,0,0.967346324222293,0.03265367577770811,0.967346324222293
0,0,0.8696306451287819,0.13036935487121887,0.8696306451287819
1,0,0.9751589582414953,0.02484104175850335,0.9751589582414953
0,0,0.7164684471486171,0.2835315528513822,0.7164684471486171
0,0,0.9759928606444157,0.024007139355585627,0.9759928606444157
0,0,0.927027832630605,0.07297216736939424,0.927027832630605
0,0,0.9624849790170517,0.037515020982948226,0.9624849790170517
1,1,0.23371640210190714,0.7662835978980918,0.7662835978980918
0,0,0.9922238792871376,0.007776120712863087,0.9922238792871376
0,0,0.8694670486793044,0.13053295132069592,0.8694670486793044
0,1,0.25544627637268474,0.7445537236273156,0.7445537236273156
0,0,0.9326835807528407,0.06731641924715952,0.9326835807528407
0,1,0.15960415969367125,0.8403958403063302,0.8403958403063302
0,0,0.9204055937197486,0.07959440628025129,0.9204055937197486
1,1,0.06711001005227858,0.9328899899477198,0.9328899899477198
1,1,0.42346677473736355,0.5765332252626374,0.5765332252626374
0,0,0.9955181219250521,0.004481878074946426,0.9955181219250521
0,0,0.9235584063465507,0.07644159365344898,0.9235584063465507
0,0,0.9925936454619186,0.007406354538081782,0.9925936454619186
1,0,0.9734466206308774,0.026553379369122967,0.9734466206308774
0,0,0.6087108617660574,0.39128913823394373,0.6087108617660574
0,0,0.8127851317273214,0.18721486827267947,0.8127851317273214
0,0,0.9932806958917813,0.006719304108219918,0.9932806958917813
0,0,0.9760595254854028,0.02394047451459786,0.9760595254854028
0,0,0.9124691804552727,0.08753081954472737,0.9124691804552727
0,0,0.8411473887615059,0.15885261123849373,0.8411473887615059
0,0,0.8966192953031332,0.10338070469686822,0.8966192953031332
0,0,0.9786356533300835,0.02136434666991798,0.9786356533300835
0,0,0.9916943066114783,0.008305693388521966,0.9916943066114783
0,1,0.24999174358395576,0.750008256416044,0.750008256416044
0,0,0.9849796258789246,0.015020374121075092,0.9849796258789246
1,1,0.020892895533426124,0.9791071044665736,0.9791071044665736
0,0,0.9743554189886665,0.025644581011332605,0.9743554189886665
0,0,0.8477891548227776,0.15221084517722108,0.8477891548227776
0,0,0.9120185443288543,0.0879814556711458,0.9120185443288543
0,0,0.9952038299217685,0.004796170078229936,0.9952038299217685
0,0,0.9640286175877976,0.035971382412203164,0.9640286175877976
0,0,0.8896853211412327,0.11031467885876756,0.8896853211412327
0,0,0.9907295074373524,0.009270492562646072,0.9907295074373524
0,0,0.887849732513004,0.11215026748699723,0.887849732513004
0,0,0.9376704158059168,0.06232958419408474,0.9376704158059168
0,0,0.9957064086665876,0.004293591333413037,0.9957064086665876
0,0,0.965886523479565,0.0341134765204344,0.965886523479565
0,0,0.9682048248692517,0.03179517513074753,0.9682048248692517
0,0,0.9493122241097803,0.05068777589021854,0.9493122241097803
0,0,0.9865382741330038,0.013461725866997771,0.9865382741330038
0,0,0.9944966837095267,0.005503316290473336,0.9944966837095267
1,0,0.7835721328025214,0.21642786719747986,0.7835721328025214
0,0,0.9248424383949078,0.07515756160509263,0.9248424383949078
0,0,0.9565300772404476,0.04346992275955194,0.9565300772404476
1,0,0.9946757699681796,0.005324230031820181,0.9946757699681796
1,0,0.9971364376474369,0.0028635623525636728,0.9971364376474369
0,0,0.8920008041000795,0.10799919589992071,0.8920008041000795
1,1,0.2667508299286797,0.7332491700713221,0.7332491700713221
0,0,0.7211778973776511,0.27882210262234947,0.7211778973776511
0,0,0.8139735192517913,0.1860264807482081,0.8139735192517913
0,0,0.9367454058367872,0.06325459416321384,0.9367454058367872
0,0,0.8885735781452291,0.11142642185477156,0.8885735781452291
0,0,0.706520247062088,0.2934797529379128,0.706520247062088
1,1,0.48754745902692753,0.5124525409730734,0.5124525409730734
0,0,0.9902583404133547,0.009741659586643645,0.9902583404133547
1,0,0.9508252964077241,0.049174703592277255,0.9508252964077241
0,0,0.9077628977560058,0.09223710224399592,0.9077628977560058
0,0,0.9716741080019163,0.028325891998083445,0.9716741080019163
1,0,0.921511969514827,0.07848803048517237,0.921511969514827
1,1,0.20621075466682726,0.7937892453331715,0.7937892453331715
0,1,0.06115326763533594,0.9388467323646625,0.9388467323646625
0,0,0.9971946977188542,0.0028053022811441643,0.9971946977188542
1,0,0.5189291900025375,0.4810708099974642,0.5189291900025375
0,0,0.9577901610696168,0.042209838930382514,0.9577901610696168
0,0,0.9613469903177384,0.03865300968226226,0.9613469903177384
0,0,0.8596645658344715,0.14033543416552788,0.8596645658344715
0,0,0.9959701577427994,0.004029842257200962,0.9959701577427994
0,0,0.9410017455716334,0.05899825442836668,0.9410017455716334
0,0,0.9772500767786919,0.022749923221306374,0.9772500767786919
0,0,0.9217538208862435,0.0782461791137551,0.9217538208862435
0,0,0.9490011847871992,0.05099881521280213,0.9490011847871992
0,0,0.9681212484494834,0.031878751550517545,0.9681212484494834
1,0,0.971162704160259,0.028837295839742556,0.971162704160259
0,0,0.8880592771613293,0.11194072283867017,0.8880592771613293
0,0,0.8910177681851021,0.10898223181489891,0.8910177681851021
0,0,0.9726885370572504,0.02731146294274814,0.9726885370572504
0,0,0.9796315200106821,0.020368479989317113,0.9796315200106821
0,0,0.9419647401095481,0.058035259890452086,0.9419647401095481
0,0,0.91921373580676,0.08078626419324053,0.91921373580676
0,0,0.9206427578965161,0.07935724210348363,0.9206427578965161
0,0,0.8538134212062987,0.14618657879370078,0.8538134212062987
0,0,0.9757873370121735,0.024212662987826043,0.9757873370121735
0,0,0.7471612055485511,0.2528387944514489,0.7471612055485511
0,0,0.9470418151204942,0.05295818487950518,0.9470418151204942
0,0,0.9846962564189152,0.015303743581085405,0.9846962564189152
0,0,0.9874203980619818,0.01257960193801795,0.9874203980619818
0,0,0.9806850822365147,0.019314917763484853,0.9806850822365147
1,0,0.9255781704547855,0.07442182954521469,0.9255781704547855
0,0,0.9929038784350028,0.007096121564998614,0.9929038784350028
0,0,0.9651873546206762,0.03481264537932321,0.9651873546206762
0,0,0.9219721125276246,0.0780278874723751,0.9219721125276246
0,0,0.8670643167542763,0.13293568324572516,0.8670643167542763
1,0,0.7403692883915692,0.2596307116084312,0.7403692883915692
0,0,0.8917255432937153,0.10827445670628384,0.8917255432937153
0,0,0.9882896719472476,0.011710328052752673,0.9882896719472476
0,0,0.9831638267983188,0.0168361732016811,0.9831638267983188
0,0,0.8937578372916233,0.10624216270837605,0.8937578372916233
0,0,0.9617007981624738,0.03829920183752653,0.9617007981624738
0,1,0.09963360225110234,0.900366397748899,0.900366397748899
0,0,0.9756885207411928,0.02431147925880652,0.9756885207411928
0,0,0.9551005332054392,0.04489946679456005,0.9551005332054392
1,0,0.9843518807500191,0.015648119249979105,0.9843518807500191
0,0,0.9673976793970596,0.0326023206029388,0.9673976793970596
1,0,0.8300782151296582,0.16992178487034243,0.8300782151296582
0,0,0.6345818128915905,0.3654181871084107,0.6345818128915905
0,0,0.9749842971977627,0.02501570280223777,0.9749842971977627
0,0,0.9103006834929487,0.08969931650705026,0.9103006834929487
0,0,0.8491050342172985,0.15089496578270176,0.8491050342172985
0,0,0.9708897088498346,0.029110291150165425,0.9708897088498346
0,0,0.9989321982465206,0.0010678017534788843,0.9989321982465206
0,0,0.8262687838296896,0.17373121617031123,0.8262687838296896
0,0,0.9780977193880694,0.021902280611929795,0.9780977193880694
0,0,0.8804786678383064,0.11952133216169482,0.8804786678383064
0,0,0.9462892021454337,0.053710797854567505,0.9462892021454337
0,0,0.9411345541269682,0.058865445873032766,0.9411345541269682
0,0,0.9730422881674702,0.02695771183253079,0.9730422881674702
0,0,0.9674450880178351,0.03255491198216407,0.9674450880178351
0,0,0.7214117174254261,0.27858828257457324,0.7214117174254261
0,0,0.9839311259474884,0.01606887405251107,0.9839311259474884
0,1,0.4492961111509391,0.5507038888490613,0.5507038888490613
0,0,0.9071536440112467,0.09284635598875178,0.9071536440112467
0,0,0.9879548006517029,0.012045199348296743,0.9879548006517029
0,0,0.8477482128919444,0.1522517871080552,0.8477482128919444
0,1,0.3347257863310275,0.6652742136689709,0.6652742136689709
0,1,0.007249338950181769,0.9927506610498177,0.9927506610498177
0,0,0.7326746291611765,0.2673253708388242,0.7326746291611765
0,0,0.8843499667631388,0.1156500332368605,0.8843499667631388
0,0,0.960825687763305,0.03917431223669494,0.960825687763305
0,0,0.9862757483066119,0.013724251693387009,0.9862757483066119
0,0,0.9951664175406757,0.004833582459324416,0.9951664175406757
0,0,0.9393714852505273,0.060628514749472964,0.9393714852505273
0,0,0.8672866243536056,0.13271337564639593,0.8672866243536056
0,0,0.9452903833347003,0.05470961666529808,0.9452903833347003
0,0,0.6246502281509495,0.37534977184905005,0.6246502281509495
0,0,0.997937045299122,0.0020629547008793677,0.997937045299122
1,0,0.8990050471342622,0.100994952865738,0.8990050471342622
0,0,0.9055426888325293,0.09445731116747096,0.9055426888325293
0,0,0.9425015866894613,0.05749841331054022,0.9425015866894613
1,0,0.979325347708716,0.020674652291284304,0.979325347708716
1,1,0.0909555325839026,0.9090444674160988,0.9090444674160988
0,0,0.8375371160520015,0.16246288394799968,0.8375371160520015
0,0,0.9720543129360892,0.02794568706391077,0.9720543129360892
0,0,0.8580246116782658,0.14197538832173406,0.8580246116782658
0,0,0.9783095769102582,0.021690423089741822,0.9783095769102582
0,0,0.9921125569428859,0.007887443057112701,0.9921125569428859
1,0,0.5430560922239976,0.45694390777600374,0.5430560922239976
0,0,0.9713871920639152,0.028612807936084884,0.9713871920639152
0,0,0.9856486483023956,0.014351351697605107,0.9856486483023956
0,0,0.996717052003274,0.003282947996726785,0.996717052003274
1,0,0.8040275192746782,0.19597248072532245,0.8040275192746782
0,0,0.9662946074170471,0.033705392582951195,0.9662946074170471
0,0,0.9965343058422772,0.0034656941577221384,0.9965343058422772
0,0,0.9301067217246191,0.06989327827538207,0.9301067217246191
1,0,0.7973509696529801,0.20264903034701937,0.7973509696529801
1,0,0.8485898878305238,0.15141011216947758,0.8485898878305238
0,0,0.9928248224717936,0.007175177528206985,0.9928248224717936
0,0,0.9857956818066479,0.014204318193351306,0.9857956818066479
0,1,0.46206632784578705,0.5379336721542113,0.5379336721542113
0,1,0.16974791968839892,0.8302520803115997,0.8302520803115997
0,0,0.9749704383941297,0.025029561605870162,0.9749704383941297
1,0,0.9012555287268789,0.09874447127312236,0.9012555287268789
0,0,0.9159312787710318,0.0840687212289693,0.9159312787710318
1,0,0.8361028221629386,0.16389717783706206,0.8361028221629386
0,0,0.9818948348026155,0.01810516519738288,0.9818948348026155
0,0,0.8739788865087373,0.12602111349126344,0.8739788865087373
0,0,0.8750276487153694,0.12497235128462972,0.8750276487153694
0,0,0.9025578522212556,0.09744214777874358,0.9025578522212556
0,1,0.45226156289676994,0.54773843710323,0.54773843710323
0,0,0.8957704341754515,0.10422956582454757,0.8957704341754515
0,0,0.7452856878264994,0.25471431217350227,0.7452856878264994
0,0,0.9869585003142705,0.013041499685730956,0.9869585003142705
0,0,0.6330686867856323,0.36693131321436884,0.6330686867856323
0,0,0.8405735396838828,0.15942646031611807,0.8405735396838828
0,0,0.5328700857068245,0.4671299142931766,0.5328700857068245
0,0,0.9939410724291178,0.006058927570882784,0.9939410724291178
0,1,0.11471271329612963,0.8852872867038718,0.8852872867038718
0,0,0.980116587179293,0.019883412820706117,0.980116587179293
0,0,0.9749904868540386,0.025009513145960095,0.9749904868540386
1,1,0.06569143342627085,0.9343085665737305,0.9343085665737305
0,0,0.9142336519638428,0.08576634803615683,0.9142336519638428
0,0,0.9884843196104174,0.011515680389582348,0.9884843196104174
0,0,0.970149319521214,0.02985068047878642,0.970149319521214
0,0,0.9087301489096351,0.09126985109036558,0.9087301489096351
0,0,0.9965916704502132,0.003408329549787252,0.9965916704502132
0,0,0.9808730196293839,0.019126980370617584,0.9808730196293839
0,0,0.9932141556893112,0.006785844310687951,0.9932141556893112
0,0,0.9835029158960976,0.016497084103902073,0.9835029158960976
0,0,0.9795327872687275,0.02046721273127282,0.9795327872687275
0,0,0.9083707944552947,0.09162920554470616,0.9083707944552947
0,0,0.9827483661884362,0.017251633811562354,0.9827483661884362
0,0,0.9176432970534951,0.0823567029465049,0.9176432970534951
0,0,0.7982244125213426,0.20177558747865687,0.7982244125213426
0,1,0.003654004241218391,0.9963459957587815,0.9963459957587815
0,0,0.8468359905635625,0.15316400943643735,0.8468359905635625
0,0,0.9802338405689169,0.0197661594310826,0.9802338405689169
0,0,0.9977376599880676,0.00226234001193188,0.9977376599880676
0,0,0.9297552002856506,0.0702447997143497,0.9297552002856506
0,0,0.9760442987380216,0.023955701261979677,0.9760442987380216
0,0,0.8368342750111074,0.16316572498889315,0.8368342750111074
0,0,0.8680421195521605,0.1319578804478404,0.8680421195521605
0,0,0.9872525234268051,0.012747476573194222,0.9872525234268051
0,0,0.9658844591854066,0.034115540814592435,0.9658844591854066
0,0,0.9943447742174809,0.005655225782518964,0.9943447742174809
0,0,0.7128907366470643,0.28710926335293624,0.7128907366470643
0,0,0.9882326700826349,0.01176732991736495,0.9882326700826349
0,1,0.3915106741313553,0.608489325868645,0.608489325868645
0,0,0.9883445594439169,0.011655440556083443,0.9883445594439169
0,0,0.9863896587457919,0.013610341254208734,0.9863896587457919
0,0,0.9805449466969934,0.019455053303007667,0.9805449466969934
0,0,0.9706432807033388,0.02935671929666076,0.9706432807033388
0,0,0.9009774775220046,0.09902252247799612,0.9009774775220046
0,0,0.968985604603361,0.0310143953966388,0.968985604603361
0,0,0.8232307846437584,0.17676921535623985,0.8232307846437584
0,0,0.9859485112128006,0.014051488787200455,0.9859485112128006
0,0,0.9763658193527223,0.023634180647278586,0.9763658193527223
0,0,0.9764403789316883,0.023559621068312393,0.9764403789316883
1,1,0.008107382985490462,0.9918926170145095,0.9918926170145095
0,0,0.9192897374189438,0.08071026258105654,0.9192897374189438
0,0,0.9539963759882825,0.04600362401171754,0.9539963759882825
0,0,0.9852128474215768,0.014787152578421548,0.9852128474215768
0,0,0.8754006680948847,0.124599331905114,0.8754006680948847
0,0,0.9795498394076171,0.02045016059238339,0.9795498394076171
0,0,0.9852313644144974,0.014768635585502458,0.9852313644144974
0,0,0.8732504518265833,0.12674954817341716,0.8732504518265833
0,0,0.9995386669174328,0.0004613330825672951,0.9995386669174328
0,1,0.28167945780751363,0.7183205421924859,0.7183205421924859
0,0,0.834525705724621,0.1654742942753784,0.834525705724621
0,0,0.9108490872288673,0.08915091277113271,0.9108490872288673
0,0,0.6372084704191022,0.36279152958089733,0.6372084704191022
0,0,0.9937575597792223,0.006242440220777784,0.9937575597792223
0,0,0.8883640173609959,0.11163598263900235,0.8883640173609959
0,0,0.9941318838478072,0.005868116152193549,0.9941318838478072
0,0,0.9774055203806344,0.022594479619365067,0.9774055203806344
0,0,0.7857651361209657,0.21423486387903387,0.7857651361209657
0,1,0.48056930073749876,0.5194306992625005,0.5194306992625005
0,1,0.2917700948992844,0.7082299051007145,0.7082299051007145
0,0,0.6497727125789492,0.3502272874210505,0.6497727125789492
0,1,0.005639884482946285,0.9943601155170553,0.9943601155170553
0,0,0.9407799113561663,0.05922008864383451,0.9407799113561663
1,0,0.8911394228781078,0.10886057712189141,0.8911394228781078
0,0,0.9015219984461841,0.09847800155381502,0.9015219984461841
0,0,0.9749290606893618,0.025070939310638706,0.9749290606893618
0,0,0.9482622035066455,0.05173779649335391,0.9482622035066455
0,0,0.9950918147301511,0.0049081852698481775,0.9950918147301511
0,0,0.9276222325788296,0.07237776742116915,0.9276222325788296
0,0,0.9158666511402328,0.0841333488597677,0.9158666511402328
0,0,0.9896558924933266,0.010344107506673243,0.9896558924933266
0,0,0.9817980600146903,0.018201939985309293,0.9817980600146903
0,0,0.9708252908945291,0.02917470910547069,0.9708252908945291
0,0,0.7313261654707818,0.2686738345292192,0.7313261654707818
0,0,0.8017662453706186,0.1982337546293817,0.8017662453706186
0,1,0.4150008008626189,0.5849991991373824,0.5849991991373824
0,1,0.3518618356440755,0.648138164355923,0.648138164355923
0,0,0.9970928255167397,0.002907174483261599,0.9970928255167397
0,0,0.9162483090297305,0.08375169097027017,0.9162483090297305
0,0,0.9294319831845882,0.07056801681541133,0.9294319831845882
0,0,0.9984607364819048,0.001539263518093981,0.9984607364819048
0,0,0.971148953789357,0.02885104621064346,0.971148953789357
0,0,0.9893385258151026,0.010661474184896578,0.9893385258151026
0,1,0.4592446649925082,0.5407553350074912,0.5407553350074912
1,0,0.6545928537736457,0.3454071462263557,0.6545928537736457
0,0,0.9070352560086328,0.0929647439913673,0.9070352560086328
0,0,0.9687960822561589,0.031203917743841566,0.9687960822561589
0,0,0.9867996773035275,0.013200322696471898,0.9867996773035275
0,0,0.9991768740239864,0.000823125976012611,0.9991768740239864
0,0,0.9633573973952261,0.03664260260477407,0.9633573973952261
0,0,0.9923963644259305,0.007603635574070724,0.9923963644259305
0,0,0.8739914317939514,0.12600856820604753,0.8739914317939514
0,0,0.9236267937136386,0.07637320628636197,0.9236267937136386
0,0,0.9982707955828968,0.0017292044171029655,0.9982707955828968
0,0,0.9477395427590776,0.052260457240921626,0.9477395427590776
0,0,0.938356532398067,0.06164346760193439,0.938356532398067
0,0,0.9963732926754577,0.003626707324543584,0.9963732926754577
0,0,0.9339082440945811,0.06609175590541869,0.9339082440945811
0,0,0.9825653616562554,0.017434638343746048,0.9825653616562554
0,1,0.15873435186432439,0.8412656481356765,0.8412656481356765
0,1,0.04157039148040158,0.958429608519598,0.958429608519598
0,0,0.6728736689940293,0.32712633100597205,0.6728736689940293
0,0,0.9864579881259328,0.01354201187406816,0.9864579881259328
0,0,0.9009427851689584,0.09905721483104288,0.9009427851689584
0,0,0.9942292436264525,0.005770756373547268,0.9942292436264525
0,0,0.9281407224522302,0.07185927754777,0.9281407224522302
0,0,0.846865384073658,0.15313461592634073,0.846865384073658
0,0,0.9761682018953546,0.023831798104645755,0.9761682018953546
0,0,0.9662300378993571,0.033769962100643154,0.9662300378993571
0,0,0.9941696912301546,0.005830308769845305,0.9941696912301546
0,0,0.9536698404027405,0.0463301595972591,0.9536698404027405
0,0,0.9963696638570584,0.0036303361429422896,0.9963696638570584
0,0,0.9479805914049471,0.05201940859505234,0.9479805914049471
0,0,0.9507965915415325,0.049203408458467435,0.9507965915415325
0,0,0.8519096515480926,0.14809034845190702,0.8519096515480926
0,0,0.9102431892518535,0.0897568107481468,0.9102431892518535
0,0,0.950603150913705,0.049396849086295644,0.950603150913705
0,0,0.9968773055809907,0.003122694419009949,0.9968773055809907
1,0,0.7956911752596971,0.20430882474030215,0.7956911752596971
0,0,0.9877362561907628,0.012263743809237889,0.9877362561907628
0,0,0.9480048343120626,0.05199516568793842,0.9480048343120626
0,0,0.752217299176758,0.24778270082324277,0.752217299176758
0,0,0.9805353754387609,0.019464624561237733,0.9805353754387609
0,0,0.9983550477057024,0.001644952294297641,0.9983550477057024
0,0,0.8534474750592933,0.14655252494070756,0.8534474750592933
0,0,0.9566212046860577,0.043378795313943126,0.9566212046860577
0,0,0.9117264529882063,0.08827354701179198,0.9117264529882063
0,0,0.9668900153614015,0.03310998463859728,0.9668900153614015
0,0,0.9848191078641992,0.015180892135799161,0.9848191078641992
0,0,0.9496545668251295,0.05034543317487148,0.9496545668251295
0,0,0.9961276198548216,0.0038723801451789976,0.9961276198548216
0,0,0.9277575283173625,0.07224247168263843,0.9277575283173625
0,0,0.9917886004782309,0.008211399521768524,0.9917886004782309
0,0,0.9917869822123846,0.00821301778761427,0.9917869822123846
0,0,0.9791491736057146,0.02085082639428584,0.9791491736057146
1,0,0.9481256454548718,0.05187435454512658,0.9481256454548718
0,0,0.9091748387699295,0.09082516123007049,0.9091748387699295
1,0,0.93399382816435,0.06600617183564879,0.93399382816435
0,0,0.9730458047738316,0.026954195226167627,0.9730458047738316
0,0,0.8622779459938604,0.13772205400614096,0.8622779459938604
0,0,0.9064084678658635,0.09359153213413719,0.9064084678658635
0,0,0.9872209013922237,0.012779098607777128,0.9872209013922237
0,0,0.9329067743362004,0.06709322566380001,0.9329067743362004
0,0,0.9481308237928472,0.05186917620715122,0.9481308237928472
0,0,0.9918345080075954,0.008165491992404761,0.9918345080075954
0,0,0.95022711523923,0.04977288476077108,0.95022711523923
0,0,0.9841757685574675,0.015824231442532415,0.9841757685574675
0,0,0.6526130879878748,0.3473869120121255,0.6526130879878748
0,0,0.9879437060246492,0.012056293975352019,0.9879437060246492
0,0,0.8756697880771294,0.12433021192287112,0.8756697880771294
0,0,0.7645964205861031,0.2354035794138957,0.7645964205861031
0,0,0.9003860393342324,0.09961396066576812,0.9003860393342324
0,0,0.9082685725038742,0.0917314274961244,0.9082685725038742
1,0,0.7926080137784117,0.20739198622158653,0.7926080137784117
0,0,0.9974132657271438,0.002586734272856527,0.9974132657271438
0,0,0.9961715272875676,0.003828472712432746,0.9961715272875676
0,0,0.9482713255489641,0.051728674451035996,0.9482713255489641
0,0,0.9051942714971847,0.09480572850281566,0.9051942714971847
0,0,0.8470065551053682,0.15299344489463082,0.8470065551053682
0,0,0.9903598383798659,0.009640161620134795,0.9903598383798659
0,0,0.8309484445370214,0.16905155546297831,0.8309484445370214
0,0,0.9737887961165421,0.02621120388345754,0.9737887961165421
0,0,0.9398293334922242,0.06017066650777476,0.9398293334922242
0,0,0.8725080181726406,0.12749198182735783,0.8725080181726406
0,0,0.9393206320726388,0.06067936792736047,0.9393206320726388
0,0,0.9877490495551414,0.01225095044485923,0.9877490495551414
0,0,0.7807840442905568,0.2192159557094446,0.7807840442905568
0,0,0.9407199091844288,0.059280090815571305,0.9407199091844288
0,0,0.9516263597135329,0.04837364028646787,0.9516263597135329
0,1,0.22235378976770748,0.7776462102322935,0.7776462102322935
1,0,0.5974832591171496,0.40251674088285005,0.5974832591171496
1,0,0.8887690581527868,0.11123094184721403,0.8887690581527868
0,0,0.7898938451843391,0.210106154815661,0.7898938451843391
0,0,0.989032254427226,0.010967745572772468,0.989032254427226
0,1,0.4163768348804961,0.5836231651195053,0.5836231651195053
0,0,0.962389516915409,0.037610483084590474,0.962389516915409
0,0,0.5682076366104609,0.4317923633895397,0.5682076366104609
0,0,0.9918018637375311,0.00819813626246891,0.9918018637375311
0,0,0.9877695759668965,0.012230424033103052,0.9877695759668965
0,0,0.9166367696871379,0.08336323031286325,0.9166367696871379
0,0,0.9288389850124239,0.07116101498757542,0.9288389850124239
0,0,0.9941096626047635,0.005890337395235959,0.9941096626047635
0,0,0.976086416843426,0.023913583156575657,0.976086416843426
0,1,0.22485589182026436,0.7751441081797369,0.7751441081797369
1,1,0.48033164191763367,0.5196683580823673,0.5196683580823673
0,0,0.9138788919781577,0.08612110802184257,0.9138788919781577
0,0,0.7567156576856744,0.24328434231432597,0.7567156576856744
0,0,0.833292513605275,0.16670748639472552,0.833292513605275
0,0,0.9956171841403004,0.004382815859699503,0.9956171841403004
0,0,0.9975447660117868,0.002455233988214369,0.9975447660117868
0,0,0.9848418248508147,0.015158175149185797,0.9848418248508147
1,0,0.5661713935198631,0.4338286064801367,0.5661713935198631
0,0,0.9310956160539342,0.06890438394606538,0.9310956160539342
0,0,0.9512832648891897,0.04871673511081082,0.9512832648891897
0,0,0.8363482753334174,0.16365172466658148,0.8363482753334174
0,1,0.4919589648658184,0.5080410351341806,0.5080410351341806
0,0,0.9283852689958767,0.07161473100412366,0.9283852689958767
0,0,0.9438402498552901,0.05615975014470978,0.9438402498552901
0,0,0.9252480609714462,0.07475193902855409,0.9252480609714462
0,0,0.9797694416511415,0.020230558348859645,0.9797694416511415
0,0,0.9863729123149245,0.013627087685076889,0.9863729123149245
0,0,0.973987964512653,0.026012035487348022,0.973987964512653
0,0,0.915013552266708,0.08498644773329245,0.915013552266708
0,0,0.7534847858184549,0.2465152141815451,0.7534847858184549
0,0,0.9956373582566017,0.0043626417433984595,0.9956373582566017
0,0,0.5403792283981758,0.4596207716018229,0.5403792283981758
1,0,0.9890159809932244,0.010984019006775574,0.9890159809932244
0,0,0.903712366834151,0.09628763316584885,0.903712366834151
0,0,0.994144182028579,0.0058558179714199195,0.994144182028579
0,0,0.9702289156145227,0.029771084385478444,0.9702289156145227
0,0,0.9207965002821513,0.07920349971784867,0.9207965002821513
0,0,0.997733010786903,0.00226698921309741,0.997733010786903
1,0,0.8185764823400746,0.181423517659926,0.8185764823400746
0,0,0.914287784509003,0.08571221549099625,0.914287784509003
0,0,0.921023111743146,0.07897688825685392,0.921023111743146
0,0,0.8644107310181882,0.13558926898181295,0.8644107310181882
0,0,0.9973438438813526,0.002656156118646807,0.9973438438813526
0,0,0.8927860423146237,0.10721395768537581,0.8927860423146237
0,0,0.9123710666991154,0.08762893330088518,0.9123710666991154
0,0,0.9395561056394778,0.06044389436052339,0.9395561056394778
0,1,0.472880721083436,0.5271192789165638,0.5271192789165638
0,0,0.9987981302429058,0.001201869757094379,0.9987981302429058
1,0,0.5029884399570466,0.49701156004295327,0.5029884399570466
0,0,0.908308584661847,0.09169141533815378,0.908308584661847
0,0,0.9475322083168879,0.05246779168311061,0.9475322083168879
0,0,0.9794252783424905,0.02057472165751003,0.9794252783424905
0,0,0.9395944396268988,0.06040556037310132,0.9395944396268988
0,0,0.8057587028195548,0.19424129718044572,0.8057587028195548
0,0,0.9960327720606259,0.003967227939372516,0.9960327720606259
0,0,0.9443239317122339,0.055676068287765605,0.9443239317122339
0,0,0.9850563172478753,0.01494368275212335,0.9850563172478753
1,1,0.003764737776552566,0.9962352622234466,0.9962352622234466
0,0,0.9533628232624307,0.046637176737568016,0.9533628232624307
1,1,0.45812800968901873,0.5418719903109801,0.5418719903109801
0,0,0.9666845172569958,0.0333154827430035,0.9666845172569958
0,0,0.8632141707750457,0.1367858292249548,0.8632141707750457
0,0,0.9422984950604903,0.05770150493951079,0.9422984950604903
1,1,0.4046517749355566,0.5953482250644447,0.5953482250644447
0,0,0.8348459053334363,0.1651540946665627,0.8348459053334363
0,0,0.9523319186281237,0.04766808137187686,0.9523319186281237
0,0,0.9811730866049975,0.01882691339500255,0.9811730866049975
0,0,0.9076443037040611,0.09235569629593803,0.9076443037040611
0,0,0.9270937277316602,0.07290627226833805,0.9270937277316602
0,0,0.9314924354333642,0.06850756456663691,0.9314924354333642
0,0,0.9843540221772584,0.01564597782274111,0.9843540221772584
0,0,0.8913993421767052,0.1086006578232952,0.8913993421767052
0,0,0.6468239034693016,0.35317609653069854,0.6468239034693016
0,0,0.9412509470367553,0.05874905296324533,0.9412509470367553
0,0,0.9689299945563022,0.03107000544369915,0.9689299945563022
0,0,0.9927374990604246,0.007262500939576302,0.9927374990604246
0,0,0.9702793255859965,0.029720674414003792,0.9702793255859965
0,0,0.9693411170248772,0.030658882975122315,0.9693411170248772
0,0,0.9028745211981065,0.09712547880189405,0.9028745211981065
0,0,0.9883121785408351,0.011687821459166095,0.9883121785408351
0,0,0.9933878732928444,0.006612126707157413,0.9933878732928444
1,0,0.9444886358186368,0.05551136418136219,0.9444886358186368
0,0,0.9636565486788452,0.036343451321154796,0.9636565486788452
0,0,0.9655957677718706,0.03440423222813086,0.9655957677718706
0,0,0.9674312595518009,0.03256874044819881,0.9674312595518009
0,0,0.9802925602706452,0.019707439729355316,0.9802925602706452
0,0,0.7283674484532009,0.2716325515468005,0.7283674484532009
0,0,0.9689556121740994,0.031044387825900365,0.9689556121740994
0,0,0.8998737861628575,0.1001262138371417,0.8998737861628575
0,0,0.8857503117623828,0.11424968823761766,0.8857503117623828
0,1,0.013377524234837854,0.9866224757651635,0.9866224757651635
0,0,0.9745786231480371,0.02542137685196277,0.9745786231480371
0,0,0.940447343831429,0.05955265616856946,0.940447343831429
1,0,0.6800045421488562,0.31999545785114203,0.6800045421488562
0,0,0.9866998311902658,0.013300168809733653,0.9866998311902658
0,0,0.9699748624534321,0.03002513754656834,0.9699748624534321
0,0,0.8731047518879905,0.12689524811200792,0.8731047518879905
0,0,0.9601254571815373,0.03987454281846328,0.9601254571815373
0,0,0.9947793987657233,0.005220601234277115,0.9947793987657233
0,0,0.9079829658535031,0.09201703414649842,0.9079829658535031
0,0,0.8959627519467379,0.10403724805326285,0.8959627519467379
0,0,0.8448657039007402,0.1551342960992597,0.8448657039007402
0,0,0.997312962505397,0.002687037494601522,0.997312962505397
0,0,0.9960997814309134,0.0039002185690857395,0.9960997814309134
1,1,0.004222639490950036,0.9957773605090501,0.9957773605090501
0,0,0.9129780245221877,0.08702197547781187,0.9129780245221877
1,1,0.2489676770342982,0.7510323229657014,0.7510323229657014
0,0,0.9347211556867104,0.06527884431329013,0.9347211556867104
0,0,0.8627012042410092,0.1372987957589901,0.8627012042410092
1,0,0.7832222266379376,0.21677777336206192,0.7832222266379376
0,0,0.9989290483546752,0.0010709516453256507,0.9989290483546752
0,0,0.9838353915741355,0.016164608425865323,0.9838353915741355
1,1,0.07573305091350348,0.924266949086498,0.924266949086498
0,0,0.967193327168052,0.032806672831949005,0.967193327168052
1,1,0.01303250393996013,0.9869674960600401,0.9869674960600401
0,0,0.9203035015466142,0.07969649845338642,0.9203035015466142
0,0,0.95813890609223,0.04186109390776982,0.95813890609223
0,0,0.9917501943707758,0.008249805629224569,0.9917501943707758
0,0,0.9592795326351213,0.04072046736487834,0.9592795326351213
0,0,0.977572009216841,0.022427990783159678,0.977572009216841
1,1,0.3383319405484262,0.6616680594515721,0.6616680594515721
0,0,0.9891565715432357,0.01084342845676387,0.9891565715432357
0,0,0.9172096038489312,0.08279039615106915,0.9172096038489312
0,0,0.9806278231394965,0.019372176860501765,0.9806278231394965
1,1,0.1619944908030647,0.8380055091969348,0.8380055091969348
0,0,0.8181269272253939,0.18187307277460765,0.8181269272253939
0,1,0.34922406057217753,0.6507759394278239,0.6507759394278239
0,0,0.8257498737072978,0.17425012629270228,0.8257498737072978
0,0,0.970215642444238,0.029784357555761722,0.970215642444238
0,0,0.9094742740887519,0.09052572591124945,0.9094742740887519
0,0,0.7412491765209636,0.25875082347903566,0.7412491765209636
0,0,0.9676297149495962,0.03237028505040393,0.9676297149495962
0,0,0.9935424513431695,0.006457548656830239,0.9935424513431695
0,0,0.9726519584521921,0.02734804154780867,0.9726519584521921
0,0,0.8940547076871496,0.10594529231284999,0.8940547076871496
0,0,0.9881673448300246,0.011832655169975798,0.9881673448300246
0,0,0.9211164129411912,0.07888358705880902,0.9211164129411912
0,0,0.9151760873041509,0.08482391269584752,0.9151760873041509
0,0,0.997373115327431,0.002626884672570443,0.997373115327431
0,0,0.990661438271723,0.009338561728277623,0.990661438271723
0,0,0.9507278182356452,0.04927218176435387,0.9507278182356452
0,0,0.5117135283699074,0.4882864716300931,0.5117135283699074
0,0,0.8706585582828817,0.12934144171711848,0.8706585582828817
0,0,0.9234549382887038,0.07654506171129451,0.9234549382887038
0,0,0.9973582921825938,0.0026417078174067387,0.9973582921825938
1,0,0.9952970082011373,0.004702991798863847,0.9952970082011373
0,0,0.9815408766654141,0.018459123334586484,0.9815408766654141
0,0,0.5741402483218266,0.425859751678172,0.5741402483218266
0,0,0.9920622384154719,0.00793776158452794,0.9920622384154719
0,0,0.9946558177543642,0.005344182245634637,0.9946558177543642
0,0,0.9410557467552625,0.058944253244737115,0.9410557467552625
0,0,0.9267608154555923,0.07323918454440746,0.9267608154555923
0,0,0.9280437965302175,0.07195620346978249,0.9280437965302175
1,1,0.34360774137840133,0.6563922586215982,0.6563922586215982
0,0,0.9728395159666586,0.02716048403334153,0.9728395159666586
0,0,0.7521499127160686,0.2478500872839324,0.7521499127160686
1,0,0.5996909629831824,0.40030903701681775,0.5996909629831824
1,1,0.16316897058096705,0.836831029419032,0.836831029419032
0,0,0.9626119034481078,0.03738809655189122,0.9626119034481078
0,0,0.9887517395890564,0.011248260410943367,0.9887517395890564
0,0,0.965628587457754,0.034371412542244247,0.965628587457754
0,0,0.9344493230205626,0.06555067697943812,0.9344493230205626
0,0,0.9813783882872679,0.01862161171273174,0.9813783882872679
0,0,0.7961003156546462,0.20389968434535385,0.7961003156546462
0,0,0.8811799200665873,0.11882007993341116,0.8811799200665873
0,0,0.9740448389253736,0.02595516107462703,0.9740448389253736
0,0,0.9697277167701704,0.03027228322982806,0.9697277167701704
0,0,0.9428506720689236,0.05714932793107624,0.9428506720689236
0,0,0.7629763610253256,0.23702363897467443,0.7629763610253256
0,0,0.9871994038904915,0.012800596109506901,0.9871994038904915
1,0,0.8023370997011731,0.19766290029882555,0.8023370997011731
0,0,0.9977537437631919,0.002246256236807121,0.9977537437631919
0,0,0.6332729140023582,0.3667270859976407,0.6332729140023582
0,0,0.9872397722700859,0.012760227729913271,0.9872397722700859
0,0,0.9507659337376223,0.04923406626237595,0.9507659337376223
0,0,0.9555122090093943,0.04448779099060437,0.9555122090093943
0,0,0.984493429338799,0.015506570661202332,0.984493429338799
0,0,0.7233953234435778,0.276604676556423,0.7233953234435778
1,0,0.9882700142102069,0.011729985789793273,0.9882700142102069
1,1,0.4083377095024805,0.5916622904975185,0.5916622904975185
0,0,0.9971219620938099,0.002878037906190391,0.9971219620938099
0,0,0.9808362864157942,0.019163713584206144,0.9808362864157942
0,0,0.9948595490250786,0.005140450974921185,0.9948595490250786
0,0,0.9422097839270042,0.05779021607299606,0.9422097839270042
0,0,0.9765101760714147,0.02348982392858467,0.9765101760714147
1,0,0.9487504756177932,0.051249524382208214,0.9487504756177932
0,0,0.8857968784933998,0.11420312150660086,0.8857968784933998
0,0,0.9939982331922664,0.006001766807732973,0.9939982331922664
1,0,0.6336813378658965,0.36631866213410313,0.6336813378658965
0,1,0.11523905152938316,0.8847609484706185,0.8847609484706185
0,0,0.94850588012817,0.051494119871829135,0.94850588012817
0,0,0.9971733354898064,0.0028266645101952003,0.9971733354898064
1,0,0.990828950215415,0.00917104978458439,0.990828950215415
1,1,0.47681879890602813,0.5231812010939731,0.5231812010939731
0,1,0.451693730239928,0.548306269760071,0.548306269760071
0,0,0.9949382146038787,0.005061785396121733,0.9949382146038787
1,1,0.15778091083722948,0.8422190891627709,0.8422190891627709
0,0,0.990415575993097,0.009584424006904188,0.990415575993097
0,0,0.8445575325694064,0.15544246743059417,0.8445575325694064
0,0,0.9738576323921314,0.02614236760786693,0.9738576323921314
0,0,0.9941438471440647,0.005856152855935802,0.9941438471440647
0,0,0.9956539722090499,0.004346027790951493,0.9956539722090499
0,0,0.9981549346488624,0.0018450653511375527,0.9981549346488624
0,0,0.7271550988550317,0.27284490114496796,0.7271550988550317
0,0,0.989752081173786,0.010247918826215016,0.989752081173786
0,0,0.9625057181262666,0.03749428187373317,0.9625057181262666
0,0,0.758820853479123,0.24117914652087816,0.758820853479123
1,0,0.9680563137787562,0.03194368622124316,0.9680563137787562
0,0,0.9691205528158217,0.030879447184180103,0.9691205528158217
0,0,0.8627754953177778,0.137224504682223,0.8627754953177778
0,0,0.7155520951152275,0.2844479048847715,0.7155520951152275
0,0,0.9915998836517911,0.008400116348209363,0.9915998836517911
1,0,0.5333872320334967,0.4666127679665041,0.5333872320334967
0,0,0.9067775713839115,0.09322242861608841,0.9067775713839115
0,0,0.9865431767987705,0.013456823201228752,0.9865431767987705
0,1,0.45988615895096324,0.5401138410490364,0.5401138410490364
0,0,0.9843045033075616,0.01569549669243799,0.9843045033075616
0,0,0.6363940592880035,0.3636059407119957,0.6363940592880035
0,0,0.8758045137956376,0.12419548620436358,0.8758045137956376
0,0,0.9972016826000732,0.0027983173999263774,0.9972016826000732
0,0,0.984477099971608,0.015522900028390308,0.984477099971608
0,0,0.9945260902748138,0.005473909725185934,0.9945260902748138
0,0,0.9275849917188769,0.07241500828112249,0.9275849917188769
0,0,0.9936102893796215,0.006389710620377074,0.9936102893796215
0,0,0.9912454328627719,0.00875456713722874,0.9912454328627719
0,0,0.936365032212107,0.06363496778789361,0.936365032212107
0,0,0.9862812671314277,0.013718732868571306,0.9862812671314277
0,0,0.8926998130214926,0.10730018697850796,0.8926998130214926
0,0,0.8141688845501739,0.18583111544982728,0.8141688845501739
0,0,0.8413932104338524,0.15860678956614724,0.8413932104338524
0,0,0.910229854656085,0.08977014534391599,0.910229854656085
0,0,0.9204695579386003,0.07953044206140027,0.9204695579386003
1,1,0.40836191241772374,0.5916380875822763,0.5916380875822763
0,0,0.9788430669489923,0.021156933051007753,0.9788430669489923
0,0,0.9915152415960536,0.008484758403946836,0.9915152415960536
0,0,0.9911756203785055,0.008824379621496058,0.9911756203785055
0,0,0.969982561526709,0.030017438473290567,0.969982561526709
0,0,0.9790555141042977,0.020944485895702282,0.9790555141042977
0,0,0.9876757373186286,0.012324262681371627,0.9876757373186286
1,0,0.9772968462519184,0.02270315374808243,0.9772968462519184
0,0,0.9886427457515772,0.01135725424842281,0.9886427457515772
0,0,0.8990008755193948,0.10099912448060366,0.8990008755193948
0,0,0.984917281216303,0.015082718783697276,0.984917281216303
0,0,0.9886692310391302,0.01133076896086952,0.9886692310391302
0,0,0.9426535477930559,0.057346452206943746,0.9426535477930559
0,0,0.9945832196658466,0.00541678033415472,0.9945832196658466
0,0,0.9803419167693482,0.019658083230653385,0.9803419167693482
0,0,0.9933855542372506,0.006614445762747686,0.9933855542372506
1,0,0.9977830415799327,0.0022169584200687456,0.9977830415799327
0,0,0.9979935938339396,0.0020064061660620683,0.9979935938339396
0,0,0.9896178242852557,0.010382175714744112,0.9896178242852557
0,0,0.9606373237888701,0.03936267621113126,0.9606373237888701
0,0,0.9761913313093938,0.023808668690605522,0.9761913313093938
0,0,0.9739176553019161,0.02608234469808527,0.9739176553019161
0,0,0.9114522283784048,0.08854777162159379,0.9114522283784048
0,0,0.8572407493105221,0.14275925068947917,0.8572407493105221
1,0,0.814967356822796,0.18503264317720305,0.814967356822796
0,0,0.9097852925267703,0.09021470747322916,0.9097852925267703
0,0,0.7269706854294731,0.27302931457052837,0.7269706854294731
0,0,0.9901033909490912,0.00989660905090946,0.9901033909490912
0,0,0.8735224027996482,0.1264775972003521,0.8735224027996482
0,0,0.9970983861213771,0.0029016138786221563,0.9970983861213771
0,0,0.8020056213231411,0.19799437867685868,0.8020056213231411
0,0,0.9969607921909815,0.003039207809020172,0.9969607921909815
0,0,0.9600578511226838,0.039942148877316064,0.9600578511226838
0,0,0.9923155211378002,0.007684478862200364,0.9923155211378002
0,0,0.8557029487121993,0.14429705128780101,0.8557029487121993
0,0,0.9649665084009647,0.03503349159903378,0.9649665084009647
0,0,0.9254762524303957,0.07452374756960366,0.9254762524303957
0,0,0.9693167538478906,0.030683246152108774,0.9693167538478906
0,0,0.8928400830178265,0.10715991698217506,0.8928400830178265
0,0,0.9324982731379733,0.06750172686202587,0.9324982731379733
0,0,0.9679182556549218,0.032081744345078406,0.9679182556549218
0,0,0.8448250638354297,0.15517493616456893,0.8448250638354297
0,0,0.9947620141882836,0.00523798581171506,0.9947620141882836
0,0,0.8986537096970107,0.1013462903029886,0.8986537096970107
0,0,0.8297355013902659,0.17026449860973414,0.8297355013902659
0,0,0.9966737057118535,0.003326294288146808,0.9966737057118535
0,0,0.7224168577589657,0.2775831422410327,0.7224168577589657
0,1,0.48612173234182954,0.5138782676581718,0.5138782676581718
0,0,0.9708103574156574,0.029189642584342704,0.9708103574156574
0,0,0.8337333346468202,0.1662666653531788,0.8337333346468202
0,0,0.7535935995503651,0.24640640044963427,0.7535935995503651
0,0,0.9922345890322655,0.007765410967733021,0.9922345890322655
0,0,0.916988847027311,0.0830111529726888,0.916988847027311
0,0,0.9165977920262339,0.08340220797376466,0.9165977920262339
0,0,0.994820266617063,0.005179733382937443,0.994820266617063
0,0,0.9912865378676919,0.008713462132309282,0.9912865378676919
0,0,0.8751744757109328,0.12482552428906812,0.8751744757109328
1,0,0.9907395442130488,0.009260455786949937,0.9907395442130488
0,0,0.938026879927707,0.06197312007229411,0.938026879927707
1,1,0.003481846013894583,0.9965181539861044,0.9965181539861044
1,1,0.052646238175530734,0.9473537618244704,0.9473537618244704
0,0,0.9457302180620601,0.054269781937940145,0.9457302180620601
0,0,0.8946382376391836,0.10536176236081575,0.8946382376391836
0,0,0.8573199385639324,0.1426800614360673,0.8573199385639324
0,0,0.7765748250878296,0.2234251749121701,0.7765748250878296
0,0,0.8223400689596728,0.1776599310403256,0.8223400689596728
0,0,0.7592104366988115,0.24078956330118848,0.7592104366988115
0,0,0.944826028410626,0.05517397158937555,0.944826028410626
0,0,0.9958375365128721,0.00416246348712958,0.9958375365128721
1,0,0.9168739342994405,0.083126065700561,0.9168739342994405
0,0,0.9871435913718571,0.012856408628144462,0.9871435913718571
0,0,0.7465464905962436,0.2534535094037578,0.7465464905962436
0,0,0.8160089668302141,0.18399103316978618,0.8160089668302141
0,0,0.8847421012766279,0.11525789872337089,0.8847421012766279
0,0,0.878015198160945,0.12198480183905543,0.878015198160945
0,0,0.7474270332655871,0.2525729667344115,0.7474270332655871
0,1,0.44708852948996636,0.5529114705100349,0.5529114705100349
0,0,0.9964313837515322,0.0035686162484681433,0.9964313837515322
0,0,0.926765363882704,0.07323463611729635,0.926765363882704
0,0,0.9280144604010876,0.07198553959891281,0.9280144604010876
0,0,0.9913799931847722,0.008620006815226275,0.9913799931847722
0,0,0.8306718024243701,0.16932819757562964,0.8306718024243701
0,0,0.9444063291747757,0.05559367082522344,0.9444063291747757
0,0,0.9307128309828537,0.06928716901714657,0.9307128309828537
0,0,0.8518054722595597,0.14819452774044173,0.8518054722595597
0,0,0.9171713429027922,0.08282865709720731,0.9171713429027922
0,0,0.898184808728687,0.10181519127131168,0.898184808728687
0,0,0.9202227681598744,0.07977723184012538,0.9202227681598744
0,0,0.9453512383295423,0.05464876167045869,0.9453512383295423
1,0,0.7768642253398131,0.22313577466018653,0.7768642253398131
1,1,0.16783757963329324,0.8321624203667082,0.8321624203667082
0,0,0.6991819843381972,0.30081801566180416,0.6991819843381972
1,0,0.9251120055641512,0.07488799443584797,0.9251120055641512
0,0,0.9926325032199501,0.00736749678004815,0.9926325032199501
0,0,0.970303859551193,0.029696140448806373,0.970303859551193
0,0,0.9764978931325868,0.02350210686741186,0.9764978931325868
0,0,0.9906025871322923,0.009397412867707343,0.9906025871322923
0,0,0.7745915135265738,0.22540848647342548,0.7745915135265738
1,0,0.8283956748391916,0.17160432516080906,0.8283956748391916
0,0,0.9985062199440742,0.0014937800559260276,0.9985062199440742
0,0,0.9923051025956265,0.007694897404373275,0.9923051025956265
0,0,0.9801370762479386,0.0198629237520619,0.9801370762479386
1,1,0.017685615970061627,0.9823143840299375,0.9823143840299375
0,0,0.9542417047898943,0.045758295210104986,0.9542417047898943
0,0,0.8477032753809214,0.15229672461907787,0.8477032753809214
0,0,0.990904969048343,0.009095030951657385,0.990904969048343
1,1,0.06822678923771354,0.9317732107622856,0.9317732107622856
0,0,0.9928433627269273,0.007156637273071362,0.9928433627269273
0,0,0.9337739383685739,0.06622606163142666,0.9337739383685739
0,0,0.7943672598855102,0.2056327401144915,0.7943672598855102
0,0,0.9497120958271411,0.05028790417285815,0.9497120958271411
0,0,0.9903236677047824,0.009676332295218238,0.9903236677047824
0,0,0.9496620188713144,0.05033798112868493,0.9496620188713144
0,0,0.7331632898220465,0.26683671017795496,0.7331632898220465
0,0,0.9648072229143346,0.03519277708566461,0.9648072229143346
0,0,0.9511000356582249,0.048899964341776576,0.9511000356582249
0,0,0.9540703589888053,0.0459296410111947,0.9540703589888053
0,0,0.8706235935429567,0.12937640645704326,0.8706235935429567
0,0,0.9908548776891551,0.009145122310844585,0.9908548776891551
0,0,0.9913204630663884,0.008679536933610683,0.9913204630663884
0,0,0.9824107239074057,0.01758927609259476,0.9824107239074057
0,1,0.473756356234209,0.5262436437657905,0.5262436437657905
0,1,0.09677200761823436,0.9032279923817661,0.9032279923817661
0,0,0.9943747885036033,0.005625211496395871,0.9943747885036033
0,0,0.992525975228754,0.007474024771245257,0.992525975228754
0,0,0.994008142037765,0.005991857962235903,0.994008142037765
0,0,0.8545222671595996,0.14547773284039958,0.8545222671595996
0,1,0.035302864452060635,0.9646971355479401,0.9646971355479401
0,0,0.984649393208262,0.015350606791737498,0.984649393208262
0,0,0.9551078539811363,0.04489214601886457,0.9551078539811363
1,1,0.016117019526222267,0.9838829804737766,0.9838829804737766
0,0,0.9259228991083656,0.07407710089163422,0.9259228991083656
1,0,0.9875771988353087,0.012422801164689978,0.9875771988353087
0,0,0.7907428193623381,0.2092571806376604,0.7907428193623381
0,0,0.9639758260990586,0.03602417390094044,0.9639758260990586
1,1,0.30257379176553806,0.6974262082344626,0.6974262082344626
0,0,0.9318601368212824,0.06813986317871878,0.9318601368212824
0,0,0.917212676672897,0.08278732332710224,0.917212676672897
1,0,0.7223965111897694,0.2776034888102321,0.7223965111897694
0,0,0.9972265949459878,0.0027734050540121568,0.9972265949459878
0,0,0.9868382723004688,0.013161727699532264,0.9868382723004688
0,0,0.9915213767124804,0.008478623287519511,0.9915213767124804
1,0,0.9987925466711945,0.0012074533288037974,0.9987925466711945
0,1,0.3069553002605006,0.6930446997395004,0.6930446997395004
0,0,0.8561212918298109,0.1438787081701885,0.8561212918298109
0,0,0.9916853578815616,0.008314642118437575,0.9916853578815616
0,0,0.8633316341773949,0.13666836582260442,0.8633316341773949
0,0,0.9648620670277136,0.035137932972286,0.9648620670277136
1,0,0.8048553257606469,0.1951446742393532,0.8048553257606469
0,0,0.9992300161817375,0.0007699838182620468,0.9992300161817375
0,0,0.8248312259849466,0.17516877401505498,0.8248312259849466
0,0,0.9808019161251164,0.019198083874882046,0.9808019161251164
0,0,0.9376278589666103,0.06237214103338827,0.9376278589666103
0,0,0.9945005248811031,0.0054994751188964614,0.9945005248811031
0,0,0.8958768598135929,0.10412314018640535,0.8958768598135929
0,0,0.9805335452494568,0.019466454750543854,0.9805335452494568
0,0,0.9926939759270392,0.007306024072961112,0.9926939759270392
0,0,0.8893684740126944,0.11063152598730625,0.8893684740126944
0,0,0.9173992720233105,0.08260072797669073,0.9173992720233105
0,0,0.9786697984402745,0.021330201559725568,0.9786697984402745
1,1,0.1954321351678915,0.8045678648321067,0.8045678648321067
0,0,0.9925285503567052,0.007471449643294842,0.9925285503567052
0,0,0.9031815991626981,0.09681840083730164,0.9031815991626981
0,0,0.9957420836294182,0.004257916370582189,0.9957420836294182
0,0,0.9460287815816956,0.053971218418304406,0.9460287815816956
0,0,0.6988363431230407,0.30116365687695823,0.6988363431230407
0,0,0.7712251775182137,0.22877482248178457,0.7712251775182137
0,0,0.9874101809834208,0.01258981901658095,0.9874101809834208
0,0,0.9934208716675035,0.006579128332497534,0.9934208716675035
0,0,0.9614835376455482,0.03851646235445105,0.9614835376455482
0,0,0.9454679672648674,0.054532032735134,0.9454679672648674
0,0,0.9984511798674287,0.0015488201325698514,0.9984511798674287
0,0,0.9185463925187888,0.08145360748121186,0.9185463925187888
0,0,0.9732845574495894,0.02671544255040931,0.9732845574495894
0,0,0.9314408243112766,0.06855917568872444,0.9314408243112766
0,0,0.9518658490815416,0.048134150918459254,0.9518658490815416
1,0,0.640051475674018,0.3599485243259825,0.640051475674018
0,0,0.8690180292728085,0.13098197072719125,0.8690180292728085
0,0,0.8024490588776559,0.1975509411223449,0.8024490588776559
0,0,0.9544472060057826,0.045552793994215954,0.9544472060057826
0,0,0.9895662372390794,0.010433762760920746,0.9895662372390794
0,0,0.9829893761949969,0.017010623805002543,0.9829893761949969
0,0,0.6343708073417951,0.36562919265820526,0.6343708073417951
0,0,0.6127279424876995,0.3872720575123003,0.6127279424876995
0,0,0.9493890615957582,0.050610938404240184,0.9493890615957582
0,0,0.805299526288918,0.1947004737110807,0.805299526288918
0,0,0.9505717535270741,0.049428246472924764,0.9505717535270741
0,0,0.9974496139346453,0.002550386065353045,0.9974496139346453
0,0,0.9971620560756383,0.002837943924360988,0.9971620560756383
0,0,0.803415174008895,0.19658482599110538,0.803415174008895
0,0,0.9810043182648365,0.018995681735163077,0.9810043182648365
0,0,0.6309089723095139,0.3690910276904862,0.6309089723095139
1,0,0.7845556345440265,0.21544436545597492,0.7845556345440265
0,0,0.8629925225361564,0.13700747746384306,0.8629925225361564
0,0,0.9821643953037009,0.017835604696298975,0.9821643953037009
0,0,0.8666962218198272,0.1333037781801745,0.8666962218198272
0,0,0.8326956476523297,0.16730435234766958,0.8326956476523297
0,0,0.9499173610738733,0.05008263892612637,0.9499173610738733
1,0,0.9209957310273942,0.07900426897260536,0.9209957310273942
0,0,0.9924954475940697,0.007504552405930014,0.9924954475940697
0,0,0.8058719387217876,0.1941280612782124,0.8058719387217876
0,0,0.9432845684923356,0.05671543150766414,0.9432845684923356
0,0,0.9250650387836202,0.07493496121638027,0.9250650387836202
0,0,0.9898728194446332,0.010127180555366709,0.9898728194446332
0,0,0.9634173375668358,0.036582662433163854,0.9634173375668358
1,1,0.03489701737483894,0.9651029826251616,0.9651029826251616
0,0,0.9806137263188709,0.019386273681128854,0.9806137263188709
0,0,0.9774451168592864,0.022554883140714622,0.9774451168592864
1,0,0.9836487356062792,0.01635126439372238,0.9836487356062792
1,1,0.17500306966293475,0.8249969303370669,0.8249969303370669
0,0,0.9134097324120499,0.08659026758795149,0.9134097324120499
1,1,0.4172243964207493,0.5827756035792492,0.5827756035792492
1,1,0.05418328514847089,0.9458167148515281,0.9458167148515281
1,1,0.42339576195082873,0.5766042380491722,0.5766042380491722
0,0,0.8426293384042564,0.15737066159574262,0.8426293384042564
0,0,0.9305095815650317,0.06949041843496857,0.9305095815650317
0,0,0.9158749499331593,0.08412505006684198,0.9158749499331593
0,0,0.9763712506297354,0.0236287493702658,0.9763712506297354
0,0,0.728936627481969,0.2710633725180306,0.728936627481969
0,0,0.9892003112561332,0.01079968874386607,0.9892003112561332
0,1,0.3239169343721185,0.6760830656278801,0.6760830656278801
0,0,0.897573592938592,0.1024264070614075,0.897573592938592
0,0,0.9546231763918805,0.04537682360812003,0.9546231763918805
0,0,0.9895260236321441,0.010473976367857593,0.9895260236321441
0,0,0.9994610018933497,0.0005389981066515059,0.9994610018933497
0,0,0.7340187419653509,0.2659812580346496,0.7340187419653509
0,0,0.9233230925532014,0.07667690744679999,0.9233230925532014
0,0,0.9642483482038324,0.03575165179616814,0.9642483482038324
1,0,0.9915582092464992,0.008441790753501155,0.9915582092464992
0,0,0.8726240775808283,0.12737592241917034,0.8726240775808283
0,0,0.8662542443889956,0.13374575561100432,0.8662542443889956
0,0,0.9636945390077502,0.03630546099224961,0.9636945390077502
0,1,0.15261578620958155,0.84738421379042,0.84738421379042
1,0,0.9468755459199526,0.05312445408004709,0.9468755459199526
0,0,0.9903101501682359,0.009689849831764042,0.9903101501682359
0,0,0.9687485357389076,0.03125146426109098,0.9687485357389076
1,0,0.9989890275176087,0.0010109724823928268,0.9989890275176087
0,0,0.9320010593203438,0.06799894067965459,0.9320010593203438
0,0,0.9022720993152443,0.09772790068475622,0.9022720993152443
0,0,0.6916309298735234,0.30836907012647624,0.6916309298735234
0,0,0.9946713175890809,0.005328682410920754,0.9946713175890809
0,0,0.9324866984313022,0.06751330156869807,0.9324866984313022
0,0,0.9650464388666865,0.03495356113331259,0.9650464388666865
0,0,0.8483016732935119,0.1516983267064883,0.8483016732935119
0,0,0.8635645149062106,0.13643548509379075,0.8635645149062106
0,0,0.984013254686753,0.0159867453132472,0.984013254686753
0,0,0.9771948227678008,0.022805177232200175,0.9771948227678008
0,0,0.974342979885514,0.025657020114486645,0.974342979885514
0,0,0.6940037283836532,0.30599627161634685,0.6940037283836532
0,0,0.9525714729150635,0.04742852708493769,0.9525714729150635
0,0,0.9663103892883629,0.03368961071163803,0.9663103892883629
1,0,0.9799976580836335,0.02000234191636548,0.9799976580836335
1,0,0.9109986999911329,0.08900130000886786,0.9109986999911329
0,0,0.9314599774362761,0.06854002256372319,0.9314599774362761
0,0,0.9259947520010027,0.07400524799899581,0.9259947520010027
0,0,0.9921716454599567,0.007828354540043905,0.9921716454599567
0,0,0.7305461704837165,0.2694538295162831,0.7305461704837165
0,0,0.9723614327089153,0.0276385672910862,0.9723614327089153
0,0,0.99511286603142,0.004887133968580505,0.99511286603142
0,0,0.9835511856417718,0.016448814358230004,0.9835511856417718
0,0,0.9623618516530426,0.03763814834695741,0.9623618516530426
0,0,0.933249374158645,0.06675062584135452,0.933249374158645
0,0,0.9881295150123538,0.011870484987644639,0.9881295150123538
0,0,0.9004551626107593,0.09954483738924189,0.9004551626107593
0,0,0.8464069088949625,0.1535930911050366,0.8464069088949625
0,0,0.974862214949451,0.025137785050548485,0.974862214949451
0,0,0.9942005612496587,0.005799438750340203,0.9942005612496587
0,0,0.9918376374352745,0.008162362564724074,0.9918376374352745
0,0,0.9975221200607172,0.0024778799392818508,0.9975221200607172
1,0,0.9685678448476638,0.03143215515233722,0.9685678448476638
0,0,0.5323999613094984,0.46760003869050165,0.5323999613094984
0,0,0.9255418681102399,0.07445813188976154,0.9255418681102399
0,0,0.9830175834749972,0.01698241652500209,0.9830175834749972
0,0,0.9967062830259891,0.0032937169740106576,0.9967062830259891
0,0,0.8698187786431238,0.13018122135687768,0.8698187786431238
0,0,0.9926262111017743,0.0073737888982266745,0.9926262111017743
0,0,0.9689444837449462,0.03105551625505435,0.9689444837449462
1,0,0.9761230974482884,0.023876902551712417,0.9761230974482884
0,0,0.8951133836603322,0.10488661633966773,0.8951133836603322
1,1,0.036836712400346194,0.9631632875996539,0.9631632875996539
0,0,0.8146955316555243,0.18530446834447667,0.8146955316555243
0,0,0.9355652019009988,0.06443479809900075,0.9355652019009988
0,0,0.8124048250159757,0.1875951749840243,0.8124048250159757
0,0,0.9704734335479818,0.02952656645201824,0.9704734335479818
1,1,0.08985159568779312,0.9101484043122081,0.9101484043122081
0,0,0.9668250442214195,0.03317495577858001,0.9668250442214195
0,0,0.8270877693461165,0.17291223065388323,0.8270877693461165
0,0,0.7428834872554154,0.2571165127445837,0.7428834872554154
0,1,0.2675935340601361,0.732406465939865,0.732406465939865
0,0,0.658743686432168,0.34125631356783276,0.658743686432168
0,0,0.7719609850704685,0.22803901492953255,0.7719609850704685
0,0,0.8415011570991889,0.15849884290081137,0.8415011570991889
0,0,0.8016356565134497,0.19836434348655024,0.8016356565134497
0,0,0.9606520245384597,0.039347975461541264,0.9606520245384597
0,0,0.9760077285025767,0.0239922714974246,0.9760077285025767
0,0,0.9040527179988475,0.09594728200115232,0.9040527179988475
1,0,0.9178276825435083,0.08217231745649105,0.9178276825435083
0,0,0.8748152730356887,0.12518472696431054,0.8748152730356887
0,0,0.9974020435194826,0.0025979564805161037,0.9974020435194826
0,0,0.9309673041637678,0.06903269583623299,0.9309673041637678
0,0,0.961271398499862,0.03872860150013785,0.961271398499862
0,0,0.9975123777122221,0.0024876222877773927,0.9975123777122221
0,0,0.6802347057191768,0.3197652942808227,0.6802347057191768
0,0,0.9059706578938767,0.09402934210612374,0.9059706578938767
0,0,0.9928866050551354,0.007113394944864504,0.9928866050551354
0,0,0.9716695130026041,0.028330486997396834,0.9716695130026041
1,0,0.8358768568336027,0.16412314316639717,0.8358768568336027
0,0,0.8715266006044463,0.12847339939555427,0.8715266006044463
0,0,0.5638657805868217,0.43613421941317837,0.5638657805868217
0,0,0.975255156417316,0.024744843582683283,0.975255156417316
0,0,0.9963157464820275,0.003684253517972446,0.9963157464820275
0,0,0.9955124176427673,0.004487582357233122,0.9955124176427673
0,0,0.988594746519475,0.011405253480524314,0.988594746519475
0,0,0.9557245447427491,0.04427545525725144,0.9557245447427491
0,0,0.9944479373381631,0.005552062661837171,0.9944479373381631
1,0,0.984722309553075,0.015277690446924983,0.984722309553075
0,0,0.9593582581239746,0.04064174187602376,0.9593582581239746
0,0,0.9981519562000706,0.0018480437999287137,0.9981519562000706
0,0,0.9783246335807282,0.021675366419270415,0.9783246335807282
0,0,0.8944674992636757,0.1055325007363236,0.8944674992636757
0,0,0.9620844109005731,0.037915589099426654,0.9620844109005731
1,1,0.12737705967481544,0.8726229403251858,0.8726229403251858
0,1,0.3964697709885424,0.6035302290114591,0.6035302290114591
1,0,0.9108091448933159,0.08919085510668542,0.9108091448933159
0,0,0.9977933422467428,0.002206657753258513,0.9977933422467428
0,0,0.9246173590738854,0.07538264092611402,0.9246173590738854
0,0,0.6344949577175018,0.3655050422824975,0.6344949577175018
0,0,0.8595479306118669,0.1404520693881315,0.8595479306118669
1,0,0.9676140190452902,0.032385980954709126,0.9676140190452902
0,0,0.9471288834530108,0.05287111654698803,0.9471288834530108
0,0,0.9890631529524165,0.010936847047582583,0.9890631529524165
0,0,0.9963837829112784,0.0036162170887225095,0.9963837829112784
0,0,0.9667660024849725,0.0332339975150287,0.9667660024849725
0,0,0.9959918314478583,0.00400816855214113,0.9959918314478583
0,0,0.8766467854767307,0.12335321452326937,0.8766467854767307
0,0,0.9632220150928531,0.03677798490714601,0.9632220150928531
0,0,0.9861644505523285,0.013835549447671755,0.9861644505523285
0,0,0.9740589514234799,0.025941048576520093,0.9740589514234799
0,0,0.9878562594984016,0.01214374050159764,0.9878562594984016
0,0,0.7863524740960868,0.21364752590391378,0.7863524740960868
0,0,0.9851540840314122,0.014845915968586832,0.9851540840314122
0,0,0.9863557803763883,0.013644219623610804,0.9863557803763883
1,0,0.8746823876942957,0.12531761230570262,0.8746823876942957
0,0,0.9779212884739094,0.022078711526090943,0.9779212884739094
0,0,0.7528173417003864,0.24718265829961533,0.7528173417003864
0,0,0.7427690825056267,0.25723091749437393,0.7427690825056267
0,0,0.955115108370042,0.04488489162995863,0.955115108370042
0,0,0.9462408774891474,0.05375912251085251,0.9462408774891474
1,0,0.9973539168349608,0.002646083165039658,0.9973539168349608
0,0,0.9777909632307662,0.02220903676923315,0.9777909632307662
0,0,0.9909095093677311,0.009090490632268333,0.9909095093677311
0,0,0.5830726208113736,0.41692737918862544,0.5830726208113736
1,0,0.8359803600802775,0.16401963991972185,0.8359803600802775
0,0,0.9811215569284835,0.018878443071515386,0.9811215569284835
0,0,0.9707003336862267,0.029299666313772486,0.9707003336862267
0,0,0.9385811484221203,0.06141885157787865,0.9385811484221203
0,0,0.9962594983196846,0.003740501680315799,0.9962594983196846
0,0,0.9937561152647942,0.0062438847352061806,0.9937561152647942
0,0,0.9637473196489158,0.03625268035108387,0.9637473196489158
1,1,0.06998366673227274,0.9300163332677289,0.9300163332677289
0,0,0.9953477990028494,0.004652200997151045,0.9953477990028494
0,0,0.9711862164427907,0.02881378355721015,0.9711862164427907
0,1,0.3550734041486997,0.6449265958513016,0.6449265958513016
0,0,0.9291828276314902,0.07081717236850943,0.9291828276314902
0,0,0.669738214241538,0.3302617857584633,0.669738214241538
0,0,0.9009719430807808,0.09902805691921938,0.9009719430807808
1,0,0.971364760339801,0.02863523966019837,0.971364760339801
0,0,0.9556081288604045,0.04439187113959566,0.9556081288604045
0,0,0.9560569450302793,0.04394305496972173,0.9560569450302793
0,0,0.6325077767526226,0.367492223247377,0.6325077767526226
0,0,0.7764033216737272,0.22359667832627111,0.7764033216737272
0,0,0.9772953194683452,0.022704680531653438,0.9772953194683452
0,0,0.6002580698952589,0.3997419301047399,0.6002580698952589
0,0,0.9886915071570228,0.011308492842977894,0.9886915071570228
0,0,0.9958821024570343,0.004117897542965237,0.9958821024570343
1,0,0.8596501188104246,0.1403498811895747,0.8596501188104246
0,0,0.9877329593222524,0.012267040677747493,0.9877329593222524
0,0,0.8443558463947295,0.1556441536052711,0.8443558463947295
0,0,0.9669478290403397,0.03305217095965957,0.9669478290403397
0,0,0.9705744219875128,0.02942557801248755,0.9705744219875128
0,0,0.9616167009604366,0.03838329903956361,0.9616167009604366
0,0,0.9816829519083495,0.018317048091650617,0.9816829519083495
1,0,0.8500816434410013,0.1499183565590002,0.8500816434410013
0,0,0.8397099221003863,0.1602900778996142,0.8397099221003863
1,0,0.9623886665338026,0.03761133346619601,0.9623886665338026
0,0,0.9983319596877571,0.0016680403122430296,0.9983319596877571
0,0,0.9955869941908286,0.004413005809169907,0.9955869941908286
0,0,0.970473675796028,0.0295263242039722,0.970473675796028
0,0,0.9979873994466809,0.002012600553319832,0.9979873994466809
0,0,0.9794258662556665,0.020574133744333627,0.9794258662556665
0,0,0.9920206150068718,0.007979384993127272,0.9920206150068718
0,0,0.9840374954176542,0.015962504582345518,0.9840374954176542
0,0,0.8811493130894862,0.11885068691051469,0.8811493130894862
0,0,0.7106472004322214,0.28935279956778026,0.7106472004322214
1,1,0.05407827758037284,0.9459217224196255,0.9459217224196255
0,0,0.9978467504131733,0.002153249586825956,0.9978467504131733
0,0,0.9386626796155287,0.0613373203844728,0.9386626796155287
1,1,0.22506419069486683,0.7749358093051332,0.7749358093051332
0,0,0.993427563089912,0.006572436910088764,0.993427563089912
1,0,0.9905613263990775,0.009438673600922994,0.9905613263990775
1,1,0.2757272547133924,0.7242727452866085,0.7242727452866085
0,0,0.9878487486103072,0.012151251389692586,0.9878487486103072
0,0,0.933233936449908,0.0667660635500918,0.933233936449908
0,0,0.9543817079652759,0.0456182920347246,0.9543817079652759
0,0,0.9261252851829367,0.0738747148170619,0.9261252851829367
0,0,0.993672385935338,0.006327614064663341,0.993672385935338
0,0,0.989223626632952,0.010776373367048652,0.989223626632952
0,1,0.2301013899918757,0.7698986100081227,0.7698986100081227
0,0,0.8099822620445406,0.19001773795545995,0.8099822620445406
0,0,0.9976045680002064,0.0023954319997923695,0.9976045680002064
0,0,0.9902357451801791,0.009764254819820609,0.9902357451801791
0,0,0.9889399951435185,0.011060004856482999,0.9889399951435185
0,1,0.46203184405252784,0.5379681559474738,0.5379681559474738
0,0,0.9000866758561908,0.09991332414380924,0.9000866758561908
0,0,0.8482306282475339,0.1517693717524651,0.8482306282475339
0,0,0.6745928260414094,0.3254071739585909,0.6745928260414094
0,0,0.9421308190617702,0.057869180938228224,0.9421308190617702
0,0,0.6965691863777759,0.3034308136222247,0.6965691863777759
0,0,0.9027778919430559,0.09722210805694526,0.9027778919430559
1,0,0.9969464208769727,0.003053579123027751,0.9969464208769727
0,0,0.8832258761895743,0.11677412381042583,0.8832258761895743
0,0,0.8954050073711578,0.10459499262884156,0.8954050073711578
0,0,0.9833860999542864,0.01661390004571443,0.9833860999542864
1,1,0.22497307479739004,0.775026925202609,0.775026925202609
0,0,0.9750495635379606,0.024950436462039215,0.9750495635379606
0,0,0.8813414113984366,0.11865858860156353,0.8813414113984366
0,0,0.8127635473823882,0.1872364526176113,0.8127635473823882
0,0,0.9885701794777544,0.01142982052224708,0.9885701794777544
0,0,0.7493923667630403,0.2506076332369609,0.7493923667630403
0,0,0.9674133679069538,0.03258663209304665,0.9674133679069538
0,0,0.9141404988438231,0.0858595011561767,0.9141404988438231
0,0,0.9125071902543469,0.08749280974565456,0.9125071902543469
0,0,0.9433458732923397,0.056654126707661616,0.9433458732923397
0,0,0.9636947125814612,0.036305287418537446,0.9636947125814612
0,0,0.989908804284507,0.010091195715492354,0.989908804284507
0,0,0.986517104495885,0.013482895504114023,0.986517104495885
0,0,0.9335197966425519,0.06648020335744911,0.9335197966425519
0,0,0.9964018998580815,0.0035981001419192636,0.9964018998580815
1,0,0.9973133312241322,0.002686668775866209,0.9973133312241322
0,0,0.8099224474888184,0.19007755251118172,0.8099224474888184
1,1,0.029727321702990472,0.9702726782970087,0.9702726782970087
0,0,0.8282925510849393,0.17170744891506237,0.8282925510849393
0,0,0.7223920946242387,0.27760790537576013,0.7223920946242387
0,0,0.9953026265377772,0.004697373462222107,0.9953026265377772
0,0,0.9824139456975436,0.01758605430245655,0.9824139456975436
0,0,0.9417861394474881,0.058213860552510995,0.9417861394474881
1,0,0.9884221946417865,0.011577805358212807,0.9884221946417865
0,0,0.9950864166451395,0.004913583354860824,0.9950864166451395
0,0,0.9640148830692691,0.035985116930730664,0.9640148830692691
0,0,0.8906368260832835,0.10936317391671628,0.8906368260832835
0,0,0.891240624523999,0.10875937547600185,0.891240624523999
0,0,0.8759298488848805,0.12407015111511913,0.8759298488848805
0,0,0.9833876671664392,0.016612332833561092,0.9833876671664392
0,0,0.7416983071521451,0.2583016928478549,0.7416983071521451
0,1,0.021122485323706103,0.9788775146762944,0.9788775146762944
0,0,0.9855801685132345,0.01441983148676504,0.9855801685132345
0,0,0.9927475746870966,0.007252425312902552,0.9927475746870966
0,0,0.986568133171915,0.013431866828085712,0.986568133171915
0,0,0.8244811596729575,0.17551884032704088,0.8244811596729575
0,0,0.9855664918066008,0.014433508193399692,0.9855664918066008
0,0,0.994069490469708,0.005930509530293084,0.994069490469708
0,0,0.9787346038846508,0.021265396115350808,0.9787346038846508
0,0,0.9487369092833916,0.05126309071661014,0.9487369092833916
0,0,0.9319357464736588,0.06806425352634235,0.9319357464736588
0,0,0.963477928320454,0.03652207167954621,0.963477928320454
0,0,0.77833177252572,0.22166822747427925,0.77833177252572
0,0,0.9914040857789561,0.0085959142210444,0.9914040857789561
0,1,0.029147435179508387,0.970852564820492,0.970852564820492
0,0,0.965634702797182,0.03436529720281833,0.965634702797182
0,0,0.9410763834792658,0.05892361652073398,0.9410763834792658
0,0,0.9818001568245254,0.01819984317547516,0.9818001568245254
0,0,0.9760116078037274,0.023988392196273245,0.9760116078037274
1,1,0.2228519856152155,0.7771480143847859,0.7771480143847859
0,1,0.0684091611133322,0.9315908388866663,0.9315908388866663
0,0,0.9852371788201157,0.014762821179884986,0.9852371788201157
0,0,0.9954347552383475,0.004565244761652262,0.9954347552383475
0,0,0.9552953356841247,0.044704664315876545,0.9552953356841247
0,0,0.8842784593037496,0.11572154069624904,0.8842784593037496
0,0,0.9730776755299156,0.02692232447008293,0.9730776755299156
0,1,0.31408002698966986,0.6859199730103303,0.6859199730103303
0,0,0.9914229417416016,0.008577058258398156,0.9914229417416016
1,1,0.11516942309601455,0.884830576903984,0.884830576903984
0,1,0.3590000796565804,0.640999920343418,0.640999920343418
0,0,0.9950785512523664,0.0049214487476345395,0.9950785512523664
1,1,0.36691627697036033,0.6330837230296414,0.6330837230296414
0,0,0.8974519929384625,0.1025480070615375,0.8974519929384625
1,0,0.607449876115883,0.3925501238841166,0.607449876115883
0,0,0.923450471314562,0.07654952868543699,0.923450471314562
0,0,0.9930689612216346,0.0069310387783646085,0.9930689612216346
0,0,0.7296485575640805,0.2703514424359184,0.7296485575640805
0,0,0.9658246114764533,0.03417538852354664,0.9658246114764533
0,0,0.9862919540281525,0.013708045971848137,0.9862919540281525
0,0,0.9682343105056282,0.031765689494371724,0.9682343105056282
0,0,0.9459335789173643,0.05406642108263557,0.9459335789173643
1,0,0.9597890009350591,0.040210999064941834,0.9597890009350591
0,0,0.9714551908074176,0.028544809192583624,0.9714551908074176
0,0,0.9918364985418773,0.008163501458122243,0.9918364985418773
0,0,0.9880149455652901,0.011985054434710918,0.9880149455652901
0,0,0.8375065920275192,0.16249340797248205,0.8375065920275192
0,0,0.8869082087750854,0.11309179122491349,0.8869082087750854
0,0,0.9876957555112961,0.01230424448870264,0.9876957555112961
0,0,0.8728110305809609,0.12718896941903796,0.8728110305809609
0,0,0.9874408816555562,0.012559118344443617,0.9874408816555562
0,0,0.9764424617916696,0.023557538208331806,0.9764424617916696
0,0,0.8836450527377551,0.11635494726224561,0.8836450527377551
0,0,0.9607918547703427,0.03920814522965749,0.9607918547703427
1,1,0.24252038086869337,0.757479619131307,0.757479619131307
0,0,0.9861868839497591,0.013813116050240255,0.9861868839497591
0,0,0.985024675596187,0.0149753244038132,0.985024675596187
1,1,0.1744767342995353,0.8255232657004654,0.8255232657004654
0,0,0.9489933411040121,0.05100665889598891,0.9489933411040121
0,0,0.7107369168025855,0.2892630831974129,0.7107369168025855
0,0,0.9755797640467864,0.024420235953212948,0.9755797640467864
1,1,0.17704671314688097,0.8229532868531194,0.8229532868531194
0,0,0.9917789056664852,0.008221094333514804,0.9917789056664852
0,0,0.7597464806542121,0.24025351934578856,0.7597464806542121
0,0,0.5628412079816275,0.4371587920183713,0.5628412079816275
0,0,0.5724507791078217,0.4275492208921775,0.5724507791078217
0,0,0.8038752028793624,0.19612479712063732,0.8038752028793624
0,0,0.7786588011160194,0.22134119888398004,0.7786588011160194
0,0,0.9938609315783259,0.006139068421674063,0.9938609315783259
0,0,0.9307507056385145,0.06924929436148589,0.9307507056385145
1,0,0.9798346074109332,0.020165392589066394,0.9798346074109332
0,0,0.956658057743263,0.04334194225673778,0.956658057743263
0,0,0.9835628463080006,0.016437153691999457,0.9835628463080006
1,0,0.9757825497414873,0.024217450258514288,0.9757825497414873
0,0,0.9854385213473565,0.014561478652644108,0.9854385213473565
0,0,0.978591894635264,0.02140810536473666,0.978591894635264
0,0,0.9933041452839194,0.006695854716080327,0.9933041452839194
0,0,0.9558413056985032,0.04415869430149727,0.9558413056985032
0,0,0.8867222078807502,0.1132777921192493,0.8867222078807502
0,0,0.6820273657349436,0.3179726342650574,0.6820273657349436
0,0,0.7014285976859007,0.2985714023140986,0.7014285976859007
0,0,0.9456976299340968,0.05430237006590234,0.9456976299340968
0,0,0.8706817519003027,0.12931824809969775,0.8706817519003027
0,0,0.9977339153303844,0.0022660846696146452,0.9977339153303844
1,0,0.6894353820059713,0.3105646179940275,0.6894353820059713
0,0,0.9802513719423194,0.019748628057681256,0.9802513719423194
0,0,0.9764523918996971,0.023547608100303145,0.9764523918996971
0,0,0.9977881005050293,0.00221189949496988,0.9977881005050293
0,0,0.6381701513362287,0.3618298486637714,0.6381701513362287
0,0,0.9619445010017105,0.038055498998288334,0.9619445010017105
0,0,0.9908560847842208,0.009143915215780802,0.9908560847842208
1,0,0.8412681204209305,0.1587318795790689,0.8412681204209305
0,0,0.9829857309180052,0.017014269081994236,0.9829857309180052
0,0,0.9184893716187024,0.08151062838129741,0.9184893716187024
0,0,0.6938457874173509,0.3061542125826481,0.6938457874173509
0,0,0.9714097874188211,0.02859021258118014,0.9714097874188211
0,0,0.9936299982984289,0.00637000170157149,0.9936299982984289
0,0,0.6303892636475208,0.3696107363524789,0.6303892636475208
1,1,0.43566862736362016,0.5643313726363798,0.5643313726363798
0,0,0.9871724178062851,0.012827582193714375,0.9871724178062851
0,0,0.9943258430288361,0.005674156971162697,0.9943258430288361
0,0,0.8661818159890202,0.1338181840109792,0.8661818159890202
0,0,0.9887151039925232,0.01128489600747635,0.9887151039925232
0,0,0.8456596468411204,0.15434035315888095,0.8456596468411204
0,0,0.9095078825775658,0.09049211742243513,0.9095078825775658
1,1,0.05830657972145983,0.9416934202785384,0.9416934202785384
0,0,0.9827014724664811,0.017298527533518203,0.9827014724664811
1,1,0.1301979868761572,0.869802013123843,0.869802013123843
0,0,0.9235264213182094,0.07647357868178946,0.9235264213182094
0,0,0.9642335324729027,0.035766467527097966,0.9642335324729027
0,0,0.982324772243346,0.017675227756652933,0.982324772243346
0,0,0.6300760541846042,0.36992394581539506,0.6300760541846042
0,0,0.9813836592199089,0.018616340780090633,0.9813836592199089
0,0,0.9984469022952517,0.0015530977047498074,0.9984469022952517
0,0,0.9423731156617797,0.05762688433821927,0.9423731156617797
0,1,0.30142116719174944,0.6985788328082514,0.6985788328082514
1,0,0.9479525173246469,0.05204748267535149,0.9479525173246469
0,0,0.647327953941046,0.35267204605895364,0.647327953941046
0,0,0.8487528064446547,0.15124719355534383,0.8487528064446547
0,0,0.9797643893963913,0.020235610603609823,0.9797643893963913
0,0,0.785356314707073,0.21464368529292568,0.785356314707073
0,0,0.955523008735758,0.044476991264241386,0.955523008735758
0,0,0.8869101146994793,0.11308988530052179,0.8869101146994793
0,0,0.9845586542133763,0.015441345786624344,0.9845586542133763
0,0,0.9611852350216863,0.038814764978312474,0.9611852350216863
0,0,0.9948925999810868,0.005107400018911656,0.9948925999810868
0,0,0.9937641910650613,0.006235808934938048,0.9937641910650613
0,0,0.9656576564779898,0.03434234352201032,0.9656576564779898
1,0,0.7895947655480594,0.21040523445194118,0.7895947655480594
0,0,0.9748102538535749,0.025189746146424382,0.9748102538535749
1,0,0.5260700307127485,0.47392996928725145,0.5260700307127485
1,0,0.5762527675150273,0.42374723248497304,0.5762527675150273
0,0,0.8838058485676624,0.11619415143233618,0.8838058485676624
0,0,0.797919921076942,0.20208007892305663,0.797919921076942
0,1,0.23311012925594846,0.7668898707440526,0.7668898707440526
0,0,0.8452550165738759,0.15474498342612492,0.8452550165738759
0,0,0.558946727072303,0.4410532729276979,0.558946727072303
0,0,0.7358068438826866,0.2641931561173137,0.7358068438826866
0,0,0.9918954177991298,0.008104582200870108,0.9918954177991298
0,0,0.8913371377213597,0.10866286227863883,0.8913371377213597
0,0,0.5979974242331633,0.40200257576683596,0.5979974242331633
0,0,0.9588205061929889,0.04117949380701205,0.9588205061929889
0,0,0.9973064503142319,0.0026935496857685673,0.9973064503142319
0,0,0.9443470874412415,0.055652912558758365,0.9443470874412415
0,0,0.8812660156449055,0.11873398435509576,0.8812660156449055
0,1,0.1062785099771172,0.8937214900228834,0.8937214900228834
0,0,0.861785410447207,0.13821458955279328,0.861785410447207
0,0,0.9440602981713254,0.05593970182867505,0.9440602981713254
0,0,0.9334127597013986,0.06658724029860279,0.9334127597013986
0,0,0.8237921685493695,0.17620783145062882,0.8237921685493695
0,0,0.9982494220532497,0.0017505779467519036,0.9982494220532497
0,0,0.9146015335161513,0.08539846648384838,0.9146015335161513
0,0,0.9889818449141583,0.011018155085841155,0.9889818449141583
0,0,0.7483179870655391,0.2516820129344595,0.7483179870655391
0,0,0.5742251543344307,0.42577484566556767,0.5742251543344307
0,0,0.9242506173241243,0.07574938267587687,0.9242506173241243
1,0,0.9842121771156119,0.0157878228843866,0.9842121771156119
1,0,0.646651247595706,0.35334875240429486,0.646651247595706
0,0,0.9785907709285547,0.02140922907144504,0.9785907709285547
0,0,0.9807627794497028,0.019237220550296093,0.9807627794497028
0,0,0.8980775343769921,0.1019224656230067,0.8980775343769921
0,0,0.9794095491982391,0.02059045080176056,0.9794095491982391
1,1,0.08971398433441029,0.9102860156655908,0.9102860156655908
0,0,0.8607304469524842,0.1392695530475169,0.8607304469524842
0,0,0.9357258714181396,0.06427412858186084,0.9357258714181396
1,0,0.7546651679129347,0.24533483208706516,0.7546651679129347
0,0,0.896494094114478,0.10350590588552334,0.896494094114478
0,0,0.9896167460856744,0.010383253914323876,0.9896167460856744
1,0,0.5579297275192199,0.44207027248078035,0.5579297275192199
0,0,0.829743269460971,0.17025673053902882,0.829743269460971
0,0,0.7075853121099913,0.2924146878900074,0.7075853121099913
1,1,0.0953261350907554,0.9046738649092448,0.9046738649092448
0,0,0.9744899738665131,0.02551002613348707,0.9744899738665131
0,0,0.9324623819066431,0.06753761809335661,0.9324623819066431
0,0,0.9777686066292827,0.022231393370716952,0.9777686066292827
0,0,0.9957641347942968,0.004235865205702736,0.9957641347942968
0,0,0.961156164121778,0.0388438358782216,0.961156164121778
0,0,0.9367347561994847,0.06326524380051707,0.9367347561994847
0,0,0.9796691416100324,0.020330858389967683,0.9796691416100324
0,0,0.9795929951271721,0.020407004872828118,0.9795929951271721
0,0,0.9109759448938078,0.08902405510619177,0.9109759448938078
0,0,0.5436836578278722,0.45631634217212674,0.5436836578278722
0,0,0.9664951766460789,0.033504823353920445,0.9664951766460789
1,1,0.49284955302401123,0.5071504469759897,0.5071504469759897
0,0,0.6965341614555526,0.30346583854444653,0.6965341614555526
0,0,0.9239724430047626,0.07602755699523721,0.9239724430047626
0,0,0.6997043641034281,0.30029563589657143,0.6997043641034281
0,0,0.8787479455988717,0.12125205440112768,0.8787479455988717
0,0,0.9940641425347487,0.005935857465250215,0.9940641425347487
1,1,0.011512264327371485,0.9884877356726277,0.9884877356726277
0,0,0.8035511007152013,0.19644889928479903,0.8035511007152013
0,0,0.9732118147692322,0.02678818523076851,0.9732118147692322
0,0,0.9585340137730601,0.04146598622693953,0.9585340137730601
0,0,0.9365055979679971,0.06349440203200113,0.9365055979679971
0,0,0.9109169140780349,0.0890830859219657,0.9109169140780349
0,0,0.9960123092634912,0.003987690736508794,0.9960123092634912
0,0,0.9922883175262556,0.007711682473744829,0.9922883175262556
0,0,0.9851707340550028,0.014829265944997028,0.9851707340550028
0,0,0.9785279871882411,0.021472012811758263,0.9785279871882411
0,0,0.9810693016888912,0.01893069831110858,0.9810693016888912
0,0,0.955377848570191,0.04462215142980944,0.955377848570191
0,0,0.8020404641630104,0.19795953583698916,0.8020404641630104
0,0,0.972286395508645,0.02771360449135677,0.972286395508645
0,0,0.9089818073399338,0.09101819266006485,0.9089818073399338
0,1,0.32566877122473703,0.6743312287752639,0.6743312287752639
0,0,0.7179889097987399,0.28201109020126053,0.7179889097987399
0,0,0.9879673987947024,0.012032601205298666,0.9879673987947024
0,0,0.9620125541219949,0.037987445878004344,0.9620125541219949
0,0,0.6028939201894625,0.39710607981053647,0.6028939201894625
0,0,0.9749654429715922,0.025034557028408247,0.9749654429715922
0,0,0.9624152236853094,0.03758477631468925,0.9624152236853094
0,1,0.4449854887456846,0.5550145112543144,0.5550145112543144
0,0,0.98489922334537,0.015100776654631666,0.98489922334537
0,0,0.9637138366466785,0.03628616335332291,0.9637138366466785
0,0,0.6331485147714798,0.3668514852285217,0.6331485147714798
1,1,0.25412125785467765,0.7458787421453222,0.7458787421453222
0,0,0.9964266721237662,0.0035733278762355367,0.9964266721237662
1,0,0.9294642234913623,0.0705357765086388,0.9294642234913623
0,0,0.8424928419969363,0.15750715800306428,0.8424928419969363
0,0,0.9689813157412971,0.031018684258703855,0.9689813157412971
0,0,0.9447587809393202,0.05524121906068045,0.9447587809393202
0,0,0.9234296892890512,0.0765703107109494,0.9234296892890512
0,0,0.9094267465321695,0.09057325346782893,0.9094267465321695
0,0,0.9886370408505495,0.011362959149451205,0.9886370408505495
0,0,0.6052337089849449,0.39476629101505645,0.6052337089849449
0,0,0.9649462339192323,0.03505376608076703,0.9649462339192323
0,0,0.882190927153119,0.11780907284688066,0.882190927153119
0,0,0.7974607533536978,0.2025392466463037,0.7974607533536978
0,0,0.8577489846382716,0.1422510153617276,0.8577489846382716
0,0,0.9714482555423235,0.02855174445767527,0.9714482555423235
0,0,0.8939981396771187,0.10600186032288299,0.8939981396771187
0,0,0.9652002112578995,0.03479978874210094,0.9652002112578995
0,0,0.9965119204507086,0.0034880795492913215,0.9965119204507086
1,0,0.8530252887000169,0.14697471129998405,0.8530252887000169
0,0,0.9789666508265277,0.021033349173472583,0.9789666508265277
0,0,0.9804207424536482,0.019579257546352383,0.9804207424536482
0,0,0.7310082467250101,0.2689917532749906,0.7310082467250101
0,0,0.8000666621387293,0.19993333786126966,0.8000666621387293
0,0,0.704362113137795,0.29563788686220427,0.704362113137795
0,0,0.5246316654763302,0.47536833452367055,0.5246316654763302
0,0,0.9831868773338215,0.016813122666179743,0.9831868773338215
0,0,0.9945076248697923,0.005492375130208095,0.9945076248697923
0,0,0.9995222494562687,0.0004777505437320643,0.9995222494562687
0,0,0.922262665275669,0.07773733472433009,0.922262665275669
1,1,0.23899032962071498,0.7610096703792854,0.7610096703792854
0,0,0.8885220106665388,0.11147798933346226,0.8885220106665388
0,1,0.4484633106821091,0.5515366893178919,0.5515366893178919
0,0,0.9651750169136196,0.03482498308637991,0.9651750169136196
0,0,0.9708142572700817,0.029185742729917176,0.9708142572700817
0,0,0.9707710491549113,0.029228950845088985,0.9707710491549113
0,0,0.986522337751167,0.013477662248834643,0.986522337751167
0,0,0.9013652348176971,0.09863476518230307,0.9013652348176971
0,0,0.9983929271566875,0.0016070728433133852,0.9983929271566875
0,0,0.9974018479700546,0.0025981520299469094,0.9974018479700546
1,0,0.8002130572305501,0.1997869427694501,0.8002130572305501
0,0,0.9425572989467994,0.05744270105320017,0.9425572989467994
0,0,0.964676517744842,0.03532348225515692,0.964676517744842
0,0,0.6919273266557449,0.308072673344255,0.6919273266557449
0,0,0.7918788911232291,0.2081211088767709,0.7918788911232291
0,0,0.7633975404859742,0.23660245951402423,0.7633975404859742
0,0,0.9107463499126719,0.08925365008732743,0.9107463499126719
0,0,0.8229421640367691,0.17705783596323252,0.8229421640367691
1,0,0.7664201075537709,0.23357989244622873,0.7664201075537709
0,0,0.9222312728064004,0.07776872719360035,0.9222312728064004
0,0,0.987345863285156,0.012654136714845297,0.987345863285156
0,0,0.6577529443983476,0.34224705560165203,0.6577529443983476
0,0,0.9893069523523913,0.010693047647609179,0.9893069523523913
0,0,0.9923729040111402,0.0076270959888613465,0.9923729040111402
0,1,0.25856521915978464,0.741434780840217,0.741434780840217
0,0,0.7470320953786449,0.2529679046213541,0.7470320953786449
0,0,0.9187521127886973,0.0812478872113028,0.9187521127886973
0,0,0.9706421044263452,0.029357895573654164,0.9706421044263452
0,0,0.8842195530455204,0.11578044695447894,0.8842195530455204
0,0,0.979472865562824,0.02052713443717748,0.979472865562824
0,0,0.9780123363129121,0.02198766368708916,0.9780123363129121
0,1,0.4450178238419794,0.5549821761580189,0.5549821761580189
1,1,0.44482357637119524,0.5551764236288032,0.5551764236288032
0,0,0.9759116664452723,0.024088333554728423,0.9759116664452723
0,0,0.9607049082795263,0.03929509172047416,0.9607049082795263
0,0,0.6971321186922067,0.30286788130779224,0.6971321186922067
0,0,0.9983056507061528,0.00169434929384703,0.9983056507061528
0,0,0.7993631076133478,0.2006368923866515,0.7993631076133478
0,0,0.9097200593715566,0.09027994062844208,0.9097200593715566
0,0,0.9814659002980928,0.018534099701906236,0.9814659002980928
0,0,0.9674642811406129,0.032535718859388496,0.9674642811406129
0,0,0.8955545518180568,0.10444544818194385,0.8955545518180568
0,1,0.17452521792810877,0.8254747820718903,0.8254747820718903
0,0,0.9952745094310557,0.004725490568944918,0.9952745094310557
0,0,0.9912216884163697,0.00877831158363038,0.9912216884163697
0,0,0.9918994385570447,0.008100561442955297,0.9918994385570447
0,0,0.9060035191326075,0.09399648086739204,0.9060035191326075
0,0,0.9190450939096221,0.08095490609037752,0.9190450939096221
0,0,0.9974365172293674,0.0025634827706324578,0.9974365172293674
1,1,0.29914870705886215,0.7008512929411389,0.7008512929411389
0,0,0.971862089982147,0.02813791001785213,0.971862089982147
0,0,0.999518000136792,0.0004819998632069442,0.999518000136792
0,0,0.7867491058568806,0.21325089414311948,0.7867491058568806
0,0,0.9872766983263328,0.012723301673665572,0.9872766983263328
0,0,0.9702544437081627,0.02974555629183803,0.9702544437081627
0,0,0.9878705336939602,0.012129466306041576,0.9878705336939602
0,0,0.9974469963924247,0.002553003607575433,0.9974469963924247
1,0,0.9793357754720522,0.020664224527948135,0.9793357754720522
0,0,0.938608796992105,0.06139120300789346,0.938608796992105
0,0,0.9878267383527967,0.0121732616472039,0.9878267383527967
0,0,0.9968143694262407,0.0031856305737585594,0.9968143694262407
0,0,0.9404968588961149,0.059503141103885784,0.9404968588961149
0,0,0.9049749353690846,0.09502506463091585,0.9049749353690846
0,0,0.9296699627343055,0.07033003726569502,0.9296699627343055
0,1,0.10533564577916528,0.8946643542208358,0.8946643542208358
0,0,0.9927395964207564,0.007260403579243022,0.9927395964207564
0,0,0.7309588670214726,0.2690411329785273,0.7309588670214726
0,0,0.9956895712876173,0.004310428712381863,0.9956895712876173
1,0,0.90520839611455,0.0947916038854504,0.90520839611455
1,0,0.9724270458721842,0.027572954127815488,0.9724270458721842
0,0,0.9959866134968316,0.004013386503168362,0.9959866134968316
0,0,0.9372610684372775,0.06273893156272245,0.9372610684372775
0,0,0.9890911466325999,0.010908853367400112,0.9890911466325999
0,0,0.9339564878703169,0.06604351212968224,0.9339564878703169
0,0,0.8205882451665663,0.17941175483343205,0.8205882451665663
0,0,0.8648950929665202,0.13510490703348066,0.8648950929665202
1,1,0.3707604601125907,0.6292395398874093,0.6292395398874093
0,0,0.9758720643126645,0.024127935687335476,0.9758720643126645
0,0,0.9815627253375869,0.018437274662413756,0.9815627253375869
0,0,0.9302729666752585,0.06972703332474177,0.9302729666752585
0,0,0.991118109114839,0.008881890885159515,0.991118109114839
0,0,0.9887109755972107,0.011289024402790171,0.9887109755972107
0,0,0.9882731165795902,0.011726883420408868,0.9882731165795902
0,0,0.9971971708867526,0.0028028291132468574,0.9971971708867526
0,1,0.24947634310229874,0.7505236568977018,0.7505236568977018
0,0,0.9539456002743955,0.04605439972560401,0.9539456002743955
0,0,0.9719726541217433,0.02802734587825672,0.9719726541217433
0,0,0.8169611320538597,0.18303886794614072,0.8169611320538597
0,0,0.9677777274895015,0.03222227251049755,0.9677777274895015
0,0,0.6439735212381525,0.356026478761847,0.6439735212381525
1,0,0.9043796137833171,0.0956203862166816,0.9043796137833171
0,0,0.9370027874118602,0.06299721258813949,0.9370027874118602
0,0,0.9587326456628358,0.041267354337165545,0.9587326456628358
0,0,0.8067902516992138,0.19320974830078602,0.8067902516992138
0,0,0.8444415779976671,0.1555584220023337,0.8444415779976671
0,0,0.9928672046702152,0.007132795329785215,0.9928672046702152
0,0,0.9962203467724584,0.0037796532275429415,0.9962203467724584
0,0,0.9969580975255042,0.0030419024744950335,0.9969580975255042
0,0,0.9716237125480687,0.02837628745193276,0.9716237125480687
0,0,0.9531383383426989,0.046861661657301525,0.9531383383426989
0,0,0.9543675709102833,0.045632429089718325,0.9543675709102833
0,0,0.9067709629683331,0.09322903703166854,0.9067709629683331
1,0,0.9920494858999764,0.007950514100023749,0.9920494858999764
0,0,0.9919780241049528,0.008021975895048087,0.9919780241049528
0,0,0.9901432180619766,0.009856781938023501,0.9901432180619766
0,0,0.978003649533713,0.021996350466287735,0.978003649533713
0,0,0.9630889600201028,0.036911039979897156,0.9630889600201028
1,0,0.9388293294539534,0.06117067054604682,0.9388293294539534
0,0,0.9817910369871513,0.018208963012849334,0.9817910369871513
1,0,0.9665991804082296,0.03340081959176881,0.9665991804082296
0,0,0.9546858063202094,0.045314193679791004,0.9546858063202094
1,1,0.40020164846740447,0.599798351532596,0.599798351532596
1,0,0.9151174968054806,0.0848825031945212,0.9151174968054806
0,0,0.8106972155824951,0.18930278441750636,0.8106972155824951
0,0,0.9306182482324378,0.06938175176756231,0.9306182482324378
1,1,0.013456684884241642,0.9865433151157585,0.9865433151157585
0,0,0.9708462985890789,0.029153701410921593,0.9708462985890789
0,0,0.9539907825584546,0.046009217441545215,0.9539907825584546
0,0,0.9832742708373445,0.016725729162656366,0.9832742708373445
0,0,0.6370847460225316,0.3629152539774677,0.6370847460225316
0,0,0.9173123169751181,0.0826876830248826,0.9173123169751181
0,0,0.8284511620992447,0.17154883790075462,0.8284511620992447
0,0,0.9821964599763673,0.01780354002363362,0.9821964599763673
0,0,0.7060458240651053,0.29395417593489503,0.7060458240651053
0,0,0.9759241357757773,0.02407586422422232,0.9759241357757773
0,0,0.8844154423139887,0.11558455768601188,0.8844154423139887
0,0,0.9965119204507086,0.0034880795492913215,0.9965119204507086
0,0,0.8647797435609491,0.13522025643905197,0.8647797435609491
0,0,0.9112673438839091,0.08873265611609141,0.9112673438839091
0,0,0.9032580712704686,0.0967419287295314,0.9032580712704686
1,1,0.09126009920041056,0.9087399007995903,0.9087399007995903
0,0,0.8600350954702914,0.13996490452970942,0.8600350954702914
1,1,0.05108692021083332,0.9489130797891654,0.9489130797891654
0,0,0.5822845638243254,0.41771543617567586,0.5822845638243254
0,0,0.9160774523114651,0.0839225476885355,0.9160774523114651
0,0,0.9970562720755146,0.002943727924485401,0.9970562720755146
0,0,0.9958273180844361,0.004172681915563176,0.9958273180844361
0,0,0.9973404116262349,0.00265958837376442,0.9973404116262349
0,0,0.9960769074489403,0.003923092551059847,0.9960769074489403
1,0,0.9281118193102992,0.07188818068970135,0.9281118193102992
1,1,0.4179803919422468,0.582019608057754,0.582019608057754
0,0,0.985627827895418,0.014372172104581723,0.985627827895418
0,0,0.9715148434384493,0.02848515656155131,0.9715148434384493
0,0,0.8165541009391356,0.18344589906086314,0.8165541009391356
0,0,0.9901702469988839,0.00982975300111499,0.9901702469988839
0,0,0.8914379540732044,0.10856204592679522,0.8914379540732044
0,0,0.9984058327146372,0.0015941672853641263,0.9984058327146372
0,0,0.9296200705592609,0.07037992944073998,0.9296200705592609
1,0,0.7834342938534499,0.21656570614654932,0.7834342938534499
0,0,0.6281019971324922,0.3718980028675071,0.6281019971324922
0,0,0.9191312942781744,0.08086870572182528,0.9191312942781744
0,0,0.9975854787946785,0.0024145212053207736,0.9975854787946785
0,0,0.5875814325815093,0.41241856741848915,0.5875814325815093
0,0,0.9872601570465154,0.012739842953484596,0.9872601570465154
0,1,0.3163368316597488,0.6836631683402504,0.6836631683402504
0,0,0.9912330889516087,0.008766911048391265,0.9912330889516087
1,1,0.17410097028973873,0.8258990297102624,0.8258990297102624
0,0,0.9056460155122075,0.09435398448779125,0.9056460155122075
0,0,0.9699910667917117,0.03000893320828852,0.9699910667917117
0,0,0.6101516255927043,0.3898483744072948,0.6101516255927043
0,0,0.9211759138909601,0.0788240861090406,0.9211759138909601
0,0,0.9880348197830168,0.011965180216983002,0.9880348197830168
0,0,0.9948684560665789,0.00513154393342051,0.9948684560665789
0,0,0.9749550629040387,0.02504493709596146,0.9749550629040387
0,0,0.9415235240598797,0.05847647594011863,0.9415235240598797
0,0,0.9910352330819316,0.008964766918067076,0.9910352330819316
0,0,0.9832214819213349,0.016778518078665636,0.9832214819213349
0,1,0.057821562510279916,0.9421784374897213,0.9421784374897213
0,0,0.9719968265414606,0.02800317345853978,0.9719968265414606
0,0,0.942848729651114,0.0571512703488858,0.942848729651114
0,1,0.33902891326993945,0.6609710867300596,0.6609710867300596
1,1,0.06020805098082326,0.9397919490191784,0.9397919490191784
1,0,0.9894648327449925,0.010535167255008688,0.9894648327449925
0,0,0.9630101187218036,0.03698988127819534,0.9630101187218036
0,0,0.9625773746999989,0.03742262530000016,0.9625773746999989
0,0,0.9874925427305155,0.01250745726948558,0.9874925427305155
1,0,0.7814755354706201,0.21852446452938137,0.7814755354706201
0,0,0.9986484013946714,0.0013515986053286718,0.9986484013946714
0,0,0.8266176844441676,0.17338231555583208,0.8266176844441676
0,0,0.9624741614095779,0.03752583859042053,0.9624741614095779
1,1,0.3261681474128304,0.6738318525871682,0.6738318525871682
0,0,0.802913581012299,0.19708641898770105,0.802913581012299
0,0,0.9612406522520732,0.03875934774792679,0.9612406522520732
0,0,0.6323587889834323,0.36764121101656916,0.6323587889834323
0,0,0.7789223147399433,0.22107768526005644,0.7789223147399433
0,0,0.8206417995195697,0.1793582004804299,0.8206417995195697
0,0,0.9916368687070272,0.008363131292972488,0.9916368687070272
0,1,0.497686326601449,0.5023136733985498,0.5023136733985498
0,0,0.9181976099838776,0.08180239001612255,0.9181976099838776
0,0,0.9939112455254709,0.0060887544745298755,0.9939112455254709
0,0,0.9961460302554986,0.0038539697444999604,0.9961460302554986
0,0,0.6801518413759248,0.3198481586240751,0.6801518413759248
0,0,0.9245441099688861,0.07545589003111222,0.9245441099688861
0,0,0.5083293863113362,0.4916706136886656,0.5083293863113362
1,0,0.826867796807714,0.17313220319228528,0.826867796807714
0,0,0.9493719159572659,0.05062808404273386,0.9493719159572659
0,0,0.6686049896230705,0.3313950103769295,0.6686049896230705
0,0,0.9271157621891767,0.07288423781082315,0.9271157621891767
0,1,0.08458491760073167,0.9154150823992679,0.9154150823992679
0,1,0.4196167484044268,0.5803832515955718,0.5803832515955718
0,0,0.7833878698501852,0.21661213014981506,0.7833878698501852
1,1,0.07296153255678461,0.9270384674432139,0.9270384674432139
0,1,0.16777874064802176,0.8322212593519792,0.8322212593519792
0,0,0.9425057920136869,0.057494207986313856,0.9425057920136869
0,1,0.2008414231471161,0.7991585768528823,0.7991585768528823
0,0,0.9829669870526004,0.017033012947398223,0.9829669870526004
0,0,0.9437056477646831,0.05629435223531676,0.9437056477646831
0,0,0.9301513303259816,0.06984866967401884,0.9301513303259816
1,0,0.6613922342826835,0.3386077657173171,0.6613922342826835
0,1,0.24083530451071294,0.7591646954892861,0.7591646954892861
1,0,0.9867839212842033,0.013216078715796917,0.9867839212842033
0,0,0.9486722407104359,0.05132775928956577,0.9486722407104359
0,0,0.9939104979427383,0.006089502057262827,0.9939104979427383
1,0,0.9724408607455404,0.027559139254460602,0.9724408607455404
0,0,0.856207866659833,0.1437921333401679,0.856207866659833
0,0,0.9840750385608681,0.01592496143913153,0.9840750385608681
0,1,0.349787623528029,0.6502123764719712,0.6502123764719712
0,0,0.962349892603942,0.037650107396059465,0.962349892603942
0,0,0.9954607569458018,0.004539243054199532,0.9954607569458018
0,0,0.6057574406591845,0.39424255934081615,0.6057574406591845
0,0,0.7418863233361148,0.2581136766638862,0.7418863233361148
0,0,0.9038555618802706,0.09614443811972946,0.9038555618802706
0,0,0.9889571637351727,0.011042836264828833,0.9889571637351727
0,0,0.5347253230933774,0.4652746769066223,0.5347253230933774
0,0,0.7071411261447814,0.29285887385522025,0.7071411261447814
0,1,0.11339367858553762,0.886606321414463,0.886606321414463
1,1,0.08601657990826483,0.9139834200917358,0.9139834200917358
0,0,0.7186780956898164,0.2813219043101826,0.7186780956898164
0,0,0.9284381595627712,0.07156184043722816,0.9284381595627712
0,0,0.8712743887349063,0.12872561126509324,0.8712743887349063
0,0,0.9971197553427972,0.0028802446572026076,0.9971197553427972
0,0,0.9631301152376734,0.036869884762327686,0.9631301152376734
1,0,0.843763142173651,0.15623685782634852,0.843763142173651
0,0,0.9763600103513438,0.02363998964865734,0.9763600103513438
1,1,0.16108653086838243,0.8389134691316192,0.8389134691316192
0,1,0.21345050590072442,0.7865494940992764,0.7865494940992764
1,0,0.8521723956032906,0.14782760439670958,0.8521723956032906
0,0,0.9704342139331238,0.02956578606687533,0.9704342139331238
0,0,0.9947914027554926,0.0052085972445077774,0.9947914027554926
0,0,0.9961589454686947,0.0038410545313058175,0.9961589454686947
0,0,0.7913237456900055,0.20867625430999268,0.7913237456900055
0,0,0.8540300693084445,0.14596993069155467,0.8540300693084445
0,0,0.9988098872308181,0.001190112769181468,0.9988098872308181
0,0,0.9830125036148318,0.016987496385167274,0.9830125036148318
0,0,0.9786735635702276,0.021326436429771414,0.9786735635702276
0,0,0.9651001839885195,0.03489981601148191,0.9651001839885195
0,1,0.31968891471827854,0.6803110852817202,0.6803110852817202
0,0,0.886839659368207,0.11316034063179149,0.886839659368207
