Gender,Ever_Married,Age,Graduated,Profession,Spending_Score,Family_Size,Var_1,Work_Experience_Cleaned
Female,No,32,Yes,Artist,Low,1.0,Cat_6,9.0
Male,Yes,72,Yes,Entertainment,Average,2.0,Cat_6,
Female,No,33,Yes,Entertainment,Low,4.0,Cat_6,1.0
Female,Yes,48,Yes,Artist,Average,6.0,Cat_6,
Female,Yes,28,No,Doctor,Low,1.0,Cat_7,9.0
Female,Yes,45,Yes,Artist,Low,3.0,Cat_6,3.0
Male,No,43,No,Artist,Low,1.0,Cat_3,
Male,No,28,Yes,Doctor,Low,3.0,Cat_6,1.0
Male,No,38,Yes,Doctor,Low,1.0,Cat_2,4.0
Female,Yes,33,No,Engineer,Average,5.0,Cat_4,7.0
Female,Yes,25,Yes,Healthcare,Low,2.0,Cat_6,
Male,No,35,Yes,Entertainment,Low,2.0,Cat_4,13.0
Female,Yes,83,Yes,Lawyer,Low,1.0,Cat_6,1.0
Male,No,41,Yes,Doctor,Low,1.0,Cat_6,
Male,Yes,50,Yes,Entertainment,Low,4.0,Cat_6,
Male,No,31,Yes,Entertainment,Low,3.0,Cat_6,1.0
Male,Yes,28,Yes,Doctor,Low,9.0,Cat_4,
Female,Yes,50,Yes,Engineer,Low,,Cat_6,
Male,No,49,Yes,Artist,Low,1.0,Cat_6,
Female,Yes,30,Yes,Engineer,Average,5.0,Cat_4,8.0
Male,No,25,Yes,Artist,Low,4.0,Cat_6,1.0
Male,Yes,43,No,Artist,Average,2.0,Cat_6,
Female,Yes,47,Yes,Engineer,Low,4.0,Cat_6,
Male,No,30,Yes,Marketing,Low,4.0,Cat_6,12.0
Female,Yes,51,Yes,Artist,Low,1.0,Cat_6,
Male,No,43,Yes,Entertainment,Low,2.0,Cat_2,
Male,Yes,39,No,Executive,High,7.0,Cat_6,12.0
Male,Yes,42,Yes,Executive,Low,2.0,Cat_6,1.0
Female,Yes,51,Yes,Artist,Average,3.0,Cat_6,6.0
Male,Yes,49,Yes,Artist,Low,3.0,Cat_3,
Male,Yes,49,Yes,Entertainment,Average,5.0,Cat_4,
Male,No,33,No,Marketing,Low,4.0,Cat_3,
Male,Yes,61,No,Executive,High,2.0,Cat_1,
Male,Yes,84,No,Lawyer,High,2.0,Cat_6,
Male,No,38,Yes,Doctor,Low,1.0,Cat_2,8.0
Male,Yes,73,Yes,Artist,Average,,Cat_3,1.0
Male,Yes,40,No,Executive,Average,2.0,Cat_6,9.0
Female,No,50,Yes,Artist,Low,1.0,Cat_6,6.0
Male,Yes,70,Yes,Lawyer,High,3.0,Cat_6,1.0
Male,Yes,22,No,Doctor,Low,4.0,Cat_6,1.0
Female,No,41,Yes,Artist,Low,1.0,Cat_6,
Female,No,29,No,Marketing,Low,4.0,Cat_6,8.0
Male,Yes,43,No,Entertainment,Average,3.0,Cat_4,
Female,No,31,No,Healthcare,Low,4.0,Cat_6,8.0
Male,Yes,43,Yes,Artist,Average,2.0,Cat_6,5.0
Male,No,48,Yes,Entertainment,Low,3.0,Cat_6,
Male,No,22,No,Healthcare,Low,4.0,Cat_6,
Female,No,25,Yes,Marketing,Low,1.0,Cat_6,12.0
Female,No,21,No,Entertainment,Low,4.0,Cat_6,1.0
Male,Yes,55,Yes,Executive,High,3.0,Cat_6,2.0
Male,No,37,Yes,Healthcare,Low,4.0,Cat_4,1.0
Female,No,40,Yes,Engineer,Low,2.0,Cat_4,9.0
Female,No,49,Yes,Artist,Low,3.0,Cat_2,
Female,No,39,Yes,,Low,,Cat_6,8.0
Male,No,31,No,Healthcare,Low,4.0,Cat_6,8.0
Male,Yes,36,No,Doctor,Average,2.0,Cat_7,
Male,Yes,37,No,Executive,High,6.0,Cat_6,
Female,Yes,80,Yes,Lawyer,High,2.0,Cat_6,
Female,Yes,26,No,Homemaker,Low,4.0,Cat_6,
Male,No,19,No,Healthcare,Low,4.0,Cat_4,0.0
Female,,18,No,Healthcare,Low,3.0,Cat_6,
Female,Yes,30,No,Homemaker,Low,3.0,Cat_3,9.0
Female,Yes,50,,Artist,Average,3.0,Cat_2,
Female,Yes,80,No,Lawyer,High,2.0,Cat_6,1.0
Female,No,27,No,Engineer,Low,2.0,Cat_3,
Female,Yes,57,Yes,Artist,High,2.0,Cat_6,
Female,Yes,29,No,Engineer,Average,2.0,Cat_3,5.0
Male,Yes,33,No,Doctor,Average,5.0,Cat_6,
Male,Yes,26,Yes,Executive,Low,3.0,Cat_6,
Female,Yes,41,Yes,Engineer,Average,3.0,Cat_6,1.0
Male,Yes,89,Yes,Lawyer,High,2.0,Cat_6,
Male,No,20,No,Healthcare,Low,4.0,Cat_6,0.0
Female,Yes,50,Yes,Engineer,Average,2.0,Cat_6,
Female,No,37,Yes,Artist,Low,2.0,Cat_6,12.0
Female,No,31,Yes,Healthcare,Low,4.0,Cat_4,1.0
Female,No,18,No,Entertainment,Low,7.0,Cat_2,1.0
Female,Yes,45,Yes,Artist,Average,4.0,Cat_6,1.0
Male,Yes,41,No,Artist,Average,2.0,Cat_6,8.0
Female,Yes,36,No,Engineer,Average,2.0,Cat_4,
Female,No,37,Yes,Artist,Low,2.0,Cat_6,5.0
Male,Yes,50,Yes,Executive,High,6.0,Cat_6,
Female,Yes,72,Yes,Lawyer,High,2.0,Cat_6,1.0
Female,No,19,No,Healthcare,Low,3.0,Cat_6,0.0
Male,Yes,66,Yes,Artist,High,2.0,Cat_6,
Male,No,31,No,Entertainment,Low,7.0,Cat_4,1.0
Male,Yes,47,Yes,Artist,Low,3.0,Cat_6,
Male,No,26,Yes,Doctor,Low,3.0,Cat_2,4.0
Female,No,21,No,Healthcare,Low,5.0,Cat_2,7.0
Female,No,31,Yes,Healthcare,Low,3.0,Cat_6,4.0
Female,Yes,39,Yes,Artist,Average,2.0,Cat_6,14.0
Female,Yes,37,Yes,Artist,High,2.0,Cat_6,
Female,Yes,38,No,Engineer,Low,5.0,Cat_1,1.0
Male,No,23,No,Healthcare,Low,3.0,Cat_6,
Male,No,18,No,Healthcare,Low,3.0,Cat_6,1.0
Male,No,35,Yes,Artist,Low,2.0,Cat_6,5.0
Male,Yes,85,No,Lawyer,Low,1.0,Cat_6,
Female,No,35,Yes,Engineer,Low,1.0,Cat_6,4.0
Male,Yes,57,No,Executive,Low,2.0,Cat_6,1.0
Female,Yes,58,Yes,Homemaker,High,2.0,Cat_5,
Female,Yes,89,,Artist,High,2.0,Cat_6,1.0
Male,No,37,Yes,Artist,Low,3.0,Cat_6,8.0
Male,No,20,No,Healthcare,Low,4.0,Cat_6,0.0
Female,Yes,30,Yes,Doctor,Low,2.0,Cat_6,4.0
Male,No,18,No,Healthcare,Low,4.0,Cat_4,6.0
Male,Yes,57,Yes,Artist,Average,3.0,Cat_2,
Female,No,26,Yes,Healthcare,Low,1.0,Cat_6,10.0
Female,No,35,No,Entertainment,Low,1.0,Cat_6,
Male,Yes,65,Yes,Artist,Average,3.0,Cat_6,1.0
Female,No,43,Yes,Entertainment,Low,6.0,Cat_6,
Male,Yes,63,Yes,Artist,Average,3.0,Cat_6,1.0
Male,Yes,84,Yes,Lawyer,Low,1.0,Cat_6,
Female,Yes,46,Yes,Marketing,High,3.0,Cat_6,
Female,No,18,No,Healthcare,Low,3.0,Cat_6,1.0
Female,Yes,61,No,Marketing,Average,,Cat_6,
Female,No,30,Yes,Healthcare,Low,3.0,Cat_6,2.0
Female,Yes,68,No,Lawyer,Low,1.0,Cat_4,
Male,Yes,60,No,Executive,High,2.0,Cat_6,
Male,Yes,61,Yes,Artist,Average,5.0,Cat_6,
Female,Yes,53,Yes,Artist,Low,1.0,Cat_6,2.0
Female,Yes,46,Yes,Artist,Average,4.0,Cat_6,1.0
Female,Yes,81,No,Lawyer,High,2.0,Cat_6,
Female,No,20,No,Healthcare,Low,3.0,Cat_4,2.0
Female,No,27,Yes,Doctor,Low,2.0,Cat_3,
Female,Yes,60,Yes,Engineer,Average,4.0,Cat_2,4.0
Female,Yes,36,Yes,Entertainment,Low,2.0,Cat_6,6.0
Male,Yes,40,Yes,Doctor,Average,5.0,Cat_6,
Female,Yes,50,Yes,Artist,Low,1.0,Cat_6,1.0
Male,No,18,No,Healthcare,Low,2.0,Cat_4,0.0
Female,Yes,70,No,Doctor,Average,2.0,Cat_6,
Female,No,35,No,Engineer,Low,1.0,Cat_4,1.0
Male,Yes,41,Yes,Artist,Low,2.0,Cat_6,1.0
Female,No,26,Yes,Doctor,Low,4.0,Cat_6,9.0
Female,Yes,50,Yes,Engineer,Low,2.0,Cat_6,1.0
Male,Yes,45,Yes,Artist,Average,5.0,Cat_6,7.0
Male,No,38,Yes,Entertainment,Low,1.0,Cat_6,8.0
Male,Yes,38,Yes,Executive,High,3.0,Cat_6,
Male,Yes,35,Yes,Artist,Average,4.0,Cat_6,
Male,Yes,73,Yes,Artist,Low,2.0,Cat_6,1.0
Female,No,39,Yes,Artist,Low,1.0,Cat_6,7.0
Female,No,43,No,Artist,Low,1.0,Cat_6,
Male,No,41,Yes,Doctor,Low,2.0,Cat_6,2.0
Female,No,38,Yes,Artist,Low,1.0,Cat_6,7.0
Female,Yes,43,Yes,Entertainment,Low,1.0,Cat_6,8.0
Female,No,41,No,Engineer,Low,1.0,Cat_6,9.0
Male,No,32,No,Entertainment,Low,3.0,Cat_7,1.0
Female,No,38,Yes,Artist,Low,1.0,Cat_6,9.0
Female,Yes,39,Yes,Artist,Average,3.0,Cat_3,
Female,Yes,26,No,Engineer,Low,2.0,Cat_6,7.0
Male,No,18,No,Healthcare,Low,4.0,Cat_6,
Female,Yes,75,Yes,Lawyer,High,2.0,Cat_6,
Female,,50,Yes,Artist,Average,1.0,Cat_6,8.0
Male,Yes,62,Yes,Entertainment,Average,3.0,Cat_6,
Male,No,48,Yes,Artist,Low,1.0,Cat_6,
Male,No,47,No,Artist,Low,3.0,Cat_5,3.0
Female,No,27,Yes,Healthcare,Low,6.0,Cat_6,2.0
Female,No,27,Yes,Healthcare,Low,9.0,Cat_6,1.0
Male,Yes,68,No,Executive,High,2.0,Cat_6,1.0
Female,No,50,Yes,Engineer,Low,5.0,Cat_6,1.0
Male,Yes,89,Yes,Doctor,Low,1.0,Cat_6,
Female,No,23,No,Healthcare,Low,5.0,Cat_6,2.0
Male,Yes,48,Yes,Artist,Average,3.0,Cat_6,1.0
Male,No,22,No,Healthcare,Low,4.0,Cat_6,0.0
Male,No,23,No,,Low,8.0,Cat_4,
Female,Yes,81,No,Lawyer,Low,,Cat_3,1.0
Male,No,31,No,Artist,Low,7.0,Cat_2,
Male,No,28,Yes,Artist,Low,1.0,Cat_6,
Female,No,43,Yes,Artist,Low,1.0,Cat_6,
Male,Yes,40,Yes,Artist,Average,3.0,Cat_6,
Female,Yes,51,Yes,Artist,Low,,Cat_6,
Male,Yes,50,Yes,Artist,Average,2.0,Cat_6,1.0
Male,No,31,No,Doctor,Low,7.0,Cat_4,4.0
Male,Yes,80,No,Lawyer,Low,,Cat_3,7.0
Female,No,33,No,Homemaker,Low,3.0,Cat_6,
Female,Yes,72,Yes,Artist,Average,3.0,Cat_4,
Male,Yes,49,No,Artist,Low,1.0,Cat_6,1.0
Male,Yes,60,Yes,Lawyer,Low,2.0,Cat_6,9.0
Male,Yes,68,Yes,Lawyer,High,2.0,Cat_6,
Male,Yes,68,Yes,Artist,Low,1.0,Cat_6,2.0
Male,Yes,84,Yes,Lawyer,Low,,Cat_4,
Male,Yes,70,Yes,Artist,Average,2.0,Cat_6,1.0
Male,Yes,50,Yes,Executive,High,4.0,Cat_6,
Female,Yes,51,Yes,Artist,Average,4.0,Cat_2,
Male,No,21,No,Healthcare,Low,3.0,Cat_2,3.0
Female,No,32,No,Marketing,Low,4.0,Cat_6,
Female,Yes,73,,Lawyer,High,2.0,Cat_1,
Female,No,32,No,Doctor,Low,3.0,Cat_4,1.0
Female,Yes,80,Yes,Lawyer,High,,Cat_6,
Female,No,43,Yes,Artist,Low,2.0,Cat_6,9.0
Female,,61,Yes,Engineer,Average,3.0,Cat_6,9.0
Male,No,42,Yes,Healthcare,Low,3.0,Cat_6,8.0
Male,No,33,No,Entertainment,Low,2.0,Cat_4,6.0
Male,No,32,No,Entertainment,Low,4.0,Cat_6,9.0
Female,No,23,No,Healthcare,Low,3.0,Cat_6,1.0
Female,No,27,No,Doctor,Low,5.0,Cat_3,
Female,Yes,46,Yes,Artist,Average,2.0,Cat_6,1.0
Male,No,77,Yes,Lawyer,Low,1.0,Cat_3,
Male,Yes,87,No,Lawyer,Low,1.0,Cat_3,
Female,Yes,41,No,Marketing,High,5.0,Cat_3,1.0
Female,Yes,66,Yes,Lawyer,Low,1.0,Cat_6,4.0
Male,Yes,50,Yes,Artist,Average,2.0,Cat_6,
Female,No,51,Yes,Artist,Low,1.0,Cat_6,
Female,No,25,Yes,Artist,Low,5.0,Cat_4,
Female,No,36,No,Engineer,Low,,Cat_4,9.0
Female,Yes,51,No,Engineer,Average,3.0,Cat_4,
Male,No,26,Yes,Entertainment,Low,3.0,Cat_6,1.0
Female,No,37,Yes,Artist,Low,1.0,Cat_6,3.0
Female,No,37,No,Artist,Low,1.0,Cat_6,
Male,No,39,Yes,Artist,Low,2.0,Cat_6,5.0
Male,Yes,36,No,Healthcare,Low,2.0,Cat_3,1.0
Male,Yes,50,Yes,Healthcare,Average,1.0,Cat_6,1.0
Male,No,20,No,Healthcare,Low,4.0,Cat_4,4.0
Male,Yes,40,Yes,Entertainment,Low,1.0,Cat_6,5.0
Female,No,21,No,Entertainment,Low,5.0,Cat_4,5.0
Female,Yes,63,Yes,Artist,Average,4.0,Cat_6,4.0
Male,Yes,50,Yes,Entertainment,Low,1.0,Cat_6,1.0
Male,No,26,Yes,Entertainment,Low,5.0,Cat_5,7.0
Male,,33,No,Healthcare,Low,3.0,Cat_6,1.0
Female,No,41,Yes,Doctor,Low,,Cat_6,1.0
Male,No,33,No,Healthcare,Low,3.0,Cat_6,1.0
Female,Yes,32,No,Doctor,High,6.0,Cat_4,
Female,Yes,55,Yes,Artist,Average,3.0,Cat_6,1.0
Male,Yes,48,No,Executive,High,2.0,Cat_4,5.0
Female,No,18,No,Healthcare,Low,5.0,Cat_3,0.0
Female,No,38,Yes,Artist,Low,3.0,Cat_6,1.0
Male,Yes,83,Yes,Executive,High,2.0,Cat_6,
Male,No,23,No,Healthcare,Low,3.0,Cat_3,
Male,No,22,No,,Low,2.0,Cat_3,2.0
Male,Yes,65,Yes,Homemaker,High,2.0,Cat_6,
Male,Yes,72,Yes,Artist,Average,2.0,Cat_6,
Male,Yes,58,Yes,Doctor,Average,2.0,Cat_6,1.0
Female,Yes,42,Yes,Engineer,Low,2.0,Cat_3,8.0
Male,Yes,80,No,Lawyer,High,2.0,Cat_6,
Female,Yes,55,Yes,Artist,High,5.0,Cat_6,
Female,Yes,88,Yes,Lawyer,Low,,Cat_6,1.0
Male,Yes,71,Yes,Artist,High,2.0,Cat_6,
Male,No,33,Yes,Healthcare,Low,4.0,Cat_2,8.0
Female,No,22,No,Healthcare,Low,8.0,Cat_4,1.0
Female,No,25,Yes,Artist,Low,6.0,Cat_6,
Female,Yes,47,Yes,Doctor,Average,5.0,Cat_2,
Male,Yes,50,Yes,Entertainment,Average,4.0,Cat_3,1.0
Male,Yes,67,No,Executive,High,2.0,Cat_6,1.0
Male,Yes,57,Yes,Entertainment,Low,2.0,Cat_6,
Male,Yes,20,No,Healthcare,Average,4.0,Cat_7,1.0
Male,Yes,31,No,Executive,Average,2.0,Cat_6,9.0
Male,No,25,Yes,Healthcare,Low,1.0,Cat_6,
Male,No,30,Yes,Entertainment,Low,5.0,Cat_3,
Female,Yes,47,Yes,Homemaker,High,5.0,Cat_6,
Male,Yes,84,No,Lawyer,High,2.0,Cat_6,1.0
Female,No,29,Yes,Doctor,Low,5.0,Cat_6,10.0
Male,Yes,87,No,Executive,High,2.0,Cat_6,
Male,No,33,Yes,Artist,Low,2.0,Cat_6,
Male,Yes,50,Yes,Artist,Average,3.0,Cat_6,1.0
Female,No,25,Yes,Artist,Low,1.0,Cat_6,13.0
Female,Yes,46,Yes,Artist,Average,2.0,Cat_2,1.0
Male,No,29,Yes,Executive,Low,5.0,Cat_6,
Female,No,38,Yes,Doctor,Low,5.0,Cat_2,5.0
Male,Yes,53,Yes,Artist,High,3.0,Cat_6,
Male,Yes,31,Yes,Entertainment,Average,2.0,Cat_6,
Male,Yes,88,No,Lawyer,Low,,Cat_6,
Male,Yes,68,Yes,Entertainment,Low,3.0,Cat_2,
Female,No,26,Yes,Healthcare,Low,1.0,Cat_6,
Male,Yes,81,No,Lawyer,High,2.0,Cat_6,1.0
Male,Yes,43,Yes,Artist,Average,3.0,Cat_6,6.0
Male,No,18,No,Healthcare,Low,4.0,Cat_6,6.0
Male,Yes,78,Yes,Lawyer,High,5.0,Cat_6,
Male,Yes,47,No,Entertainment,Low,2.0,Cat_6,1.0
Male,Yes,40,Yes,Healthcare,Low,3.0,Cat_6,1.0
Female,Yes,52,Yes,Doctor,Average,4.0,Cat_6,
Male,No,52,Yes,Entertainment,Low,,Cat_3,
Female,No,29,Yes,Artist,Low,2.0,Cat_6,14.0
Male,No,21,No,Healthcare,Low,4.0,Cat_3,1.0
Female,Yes,42,Yes,Entertainment,Average,4.0,Cat_3,
Male,Yes,55,Yes,Artist,Average,2.0,Cat_4,1.0
Female,Yes,32,Yes,Doctor,Average,2.0,Cat_4,
Female,Yes,41,Yes,Artist,High,3.0,Cat_5,5.0
Male,No,19,No,Healthcare,Low,3.0,Cat_6,0.0
Male,Yes,57,Yes,Executive,High,2.0,Cat_6,7.0
Female,Yes,80,No,Lawyer,High,2.0,Cat_6,1.0
Male,No,33,Yes,Entertainment,Low,6.0,Cat_6,9.0
Male,Yes,37,Yes,Entertainment,Average,2.0,Cat_2,8.0
Male,,52,Yes,Artist,Low,4.0,Cat_4,
Female,No,28,No,Homemaker,Low,,Cat_3,
Male,Yes,78,,Lawyer,Low,,Cat_3,
Male,Yes,70,Yes,Entertainment,Average,2.0,Cat_6,8.0
Female,No,40,No,Marketing,Low,1.0,Cat_6,1.0
Male,No,22,No,Healthcare,Low,5.0,Cat_6,0.0
Male,Yes,52,No,Doctor,Average,4.0,Cat_3,
Male,Yes,50,Yes,Executive,High,4.0,Cat_6,
Female,No,65,Yes,Lawyer,Low,5.0,Cat_6,
Female,Yes,67,Yes,Artist,High,2.0,Cat_6,
Male,Yes,45,No,Engineer,Average,5.0,Cat_6,1.0
Female,Yes,51,No,Executive,Low,1.0,Cat_6,
Female,Yes,49,Yes,Artist,Average,3.0,Cat_6,1.0
Male,No,18,No,Healthcare,Low,3.0,Cat_6,
Male,No,35,Yes,Artist,Low,1.0,Cat_6,3.0
Male,Yes,53,Yes,Executive,High,4.0,Cat_6,4.0
Male,Yes,72,Yes,Marketing,Low,1.0,Cat_6,
Male,Yes,50,Yes,Artist,Average,3.0,Cat_6,1.0
Female,Yes,73,No,Artist,High,2.0,Cat_6,1.0
Male,Yes,59,Yes,Artist,Low,1.0,Cat_4,4.0
Female,Yes,37,No,Engineer,Average,4.0,Cat_4,
Male,Yes,49,Yes,Artist,Average,2.0,Cat_6,
Female,No,25,Yes,Entertainment,Low,6.0,Cat_2,
Male,Yes,63,Yes,Executive,High,2.0,Cat_6,1.0
Male,Yes,67,No,Lawyer,Low,,Cat_6,
Female,Yes,39,No,Engineer,Average,3.0,Cat_6,
Male,No,18,No,Healthcare,Low,4.0,Cat_4,0.0
Male,No,61,Yes,Entertainment,Low,3.0,Cat_2,1.0
Female,Yes,62,Yes,Artist,High,2.0,Cat_6,
Female,No,23,No,Doctor,Low,3.0,Cat_6,
Male,No,39,Yes,Artist,Low,1.0,Cat_6,
Female,Yes,35,Yes,Artist,Average,4.0,Cat_6,9.0
Female,No,25,No,Engineer,Low,3.0,Cat_4,5.0
Male,Yes,61,No,Artist,Average,2.0,Cat_6,1.0
Male,No,42,Yes,Artist,Low,2.0,Cat_6,1.0
Male,No,76,Yes,Lawyer,Low,2.0,Cat_6,
Female,Yes,47,Yes,Artist,Average,2.0,Cat_6,
Female,No,31,No,Healthcare,Low,1.0,Cat_6,9.0
Male,Yes,38,Yes,Doctor,Average,5.0,Cat_6,
Male,No,19,No,,Low,4.0,Cat_4,9.0
Male,Yes,37,Yes,Healthcare,Low,1.0,Cat_6,
Male,Yes,58,Yes,Artist,Low,1.0,Cat_6,1.0
Male,No,33,No,Doctor,Low,4.0,Cat_6,1.0
Male,Yes,45,Yes,Artist,Average,3.0,Cat_6,
Male,No,20,No,Healthcare,Low,3.0,Cat_6,6.0
Male,No,45,Yes,Entertainment,Low,1.0,Cat_7,1.0
Female,Yes,75,Yes,Artist,High,3.0,Cat_6,1.0
Female,Yes,46,Yes,Artist,Average,4.0,Cat_3,
Male,No,22,No,Healthcare,Low,5.0,Cat_2,
Female,Yes,59,No,Engineer,Average,4.0,Cat_6,
Male,No,38,Yes,Artist,Low,1.0,Cat_6,1.0
Male,Yes,38,Yes,Doctor,Average,2.0,Cat_6,3.0
Female,No,37,No,Artist,Low,1.0,Cat_6,4.0
Male,Yes,40,Yes,Artist,Low,3.0,Cat_6,
Male,Yes,27,Yes,Entertainment,Average,2.0,Cat_6,
Female,No,25,Yes,Doctor,Low,1.0,Cat_4,
Female,Yes,40,Yes,Artist,Low,3.0,Cat_3,
Male,Yes,85,Yes,Artist,Low,1.0,Cat_6,1.0
Male,Yes,52,Yes,Entertainment,Average,5.0,Cat_6,1.0
Female,Yes,41,Yes,Artist,Average,2.0,Cat_6,
Female,Yes,56,Yes,Artist,Average,4.0,Cat_6,
Male,Yes,65,Yes,Lawyer,High,2.0,Cat_6,11.0
Female,Yes,42,Yes,Artist,High,2.0,Cat_2,
Male,Yes,33,Yes,Artist,Average,3.0,Cat_6,1.0
Male,No,46,Yes,Artist,Low,1.0,Cat_6,
Male,Yes,50,Yes,Executive,High,3.0,Cat_6,1.0
Male,Yes,40,Yes,Entertainment,Average,5.0,Cat_6,9.0
Male,Yes,50,Yes,Artist,Average,3.0,Cat_6,1.0
Male,Yes,69,Yes,Artist,Low,1.0,Cat_3,
Male,Yes,70,No,Doctor,High,2.0,Cat_6,1.0
Male,Yes,40,Yes,Artist,Low,3.0,Cat_1,
Male,Yes,55,Yes,Artist,Average,4.0,Cat_6,4.0
Male,Yes,25,Yes,,Low,,Cat_7,
Male,No,39,Yes,Entertainment,Low,3.0,Cat_1,
Female,Yes,60,Yes,Artist,High,2.0,Cat_3,
Male,No,23,No,Healthcare,Low,3.0,Cat_4,1.0
Female,Yes,68,No,Engineer,Low,1.0,Cat_4,
Male,Yes,45,No,Doctor,Low,4.0,Cat_4,
Male,Yes,55,Yes,Artist,Low,1.0,Cat_3,1.0
Male,Yes,49,Yes,Artist,Average,4.0,Cat_6,1.0
Male,Yes,52,Yes,Artist,Average,3.0,Cat_6,
Female,No,35,Yes,Artist,Low,1.0,Cat_6,1.0
Female,Yes,79,Yes,Lawyer,High,2.0,Cat_6,1.0
Female,Yes,46,Yes,Artist,High,,Cat_6,
Male,Yes,53,Yes,Doctor,Low,3.0,Cat_6,
Female,Yes,57,Yes,Artist,High,4.0,Cat_6,
Male,No,26,No,Doctor,Low,2.0,Cat_6,6.0
Female,No,41,No,Artist,Low,1.0,Cat_6,
Male,Yes,66,Yes,,Low,2.0,Cat_2,
Female,No,65,Yes,Lawyer,Low,1.0,Cat_6,
Male,Yes,37,No,Executive,High,6.0,Cat_6,9.0
Male,Yes,53,No,Artist,Average,3.0,Cat_6,8.0
Male,Yes,71,Yes,Artist,Average,2.0,Cat_6,1.0
Female,Yes,35,Yes,Doctor,Average,3.0,Cat_3,
Male,No,41,Yes,Doctor,Low,2.0,Cat_6,4.0
Female,Yes,73,No,Lawyer,Low,2.0,Cat_6,1.0
Male,No,39,Yes,Artist,Low,1.0,Cat_6,
Male,Yes,75,No,Lawyer,Low,1.0,Cat_6,
Female,,41,Yes,Marketing,Low,2.0,Cat_6,
Male,Yes,81,No,Executive,High,2.0,Cat_6,9.0
Female,Yes,38,Yes,Artist,Low,1.0,Cat_6,4.0
Male,Yes,58,Yes,Artist,Low,1.0,Cat_6,2.0
Male,No,20,No,Healthcare,Low,4.0,Cat_6,0.0
Female,No,38,Yes,Doctor,Low,1.0,Cat_6,14.0
Female,No,38,Yes,Artist,Low,1.0,Cat_6,7.0
Male,Yes,82,Yes,Lawyer,Low,,Cat_4,
Male,Yes,26,No,Entertainment,High,2.0,Cat_6,
Male,Yes,38,Yes,Healthcare,Average,4.0,Cat_6,8.0
Female,Yes,65,Yes,Lawyer,Average,4.0,Cat_6,
Female,No,50,Yes,Engineer,Low,1.0,Cat_6,1.0
Female,Yes,84,Yes,Artist,High,2.0,Cat_6,1.0
Female,Yes,53,No,Engineer,Average,4.0,Cat_4,8.0
Female,Yes,36,Yes,Engineer,Low,2.0,Cat_4,11.0
Female,Yes,52,No,Engineer,Average,4.0,Cat_4,6.0
Male,No,51,Yes,Artist,Low,1.0,Cat_6,5.0
Male,No,23,No,Healthcare,Low,3.0,Cat_1,1.0
Male,No,23,No,Healthcare,Low,4.0,Cat_6,
Male,Yes,77,Yes,Lawyer,High,2.0,Cat_6,1.0
Female,No,32,No,Healthcare,Low,4.0,Cat_6,
Female,Yes,56,Yes,Artist,Average,2.0,Cat_6,
Female,,31,Yes,Doctor,Low,3.0,Cat_6,1.0
Female,Yes,30,No,Engineer,Average,2.0,Cat_6,
Female,Yes,68,Yes,Artist,Low,1.0,Cat_4,1.0
Male,Yes,81,Yes,Lawyer,Low,1.0,Cat_6,9.0
Male,No,36,No,Engineer,Low,3.0,Cat_6,3.0
Female,Yes,61,No,Engineer,Low,1.0,Cat_6,
Male,Yes,61,Yes,Entertainment,Average,3.0,Cat_6,11.0
Male,No,35,Yes,Artist,Low,3.0,Cat_6,6.0
Male,Yes,33,Yes,Artist,Low,2.0,Cat_6,
Male,No,38,Yes,Executive,Low,3.0,Cat_6,1.0
Male,Yes,65,Yes,Artist,Average,2.0,Cat_6,
Female,Yes,37,Yes,Artist,Average,3.0,Cat_3,1.0
Female,Yes,61,Yes,Engineer,Average,2.0,Cat_6,
Male,Yes,39,No,Executive,High,5.0,Cat_6,2.0
Female,Yes,49,Yes,Artist,Average,2.0,Cat_6,1.0
Female,Yes,45,Yes,Artist,Average,2.0,Cat_6,1.0
Female,Yes,42,No,Engineer,Low,3.0,Cat_6,1.0
Male,No,19,No,Healthcare,Low,4.0,Cat_7,1.0
Female,No,63,Yes,Artist,Low,1.0,Cat_6,14.0
Male,No,42,Yes,Artist,Low,1.0,Cat_6,1.0
Female,No,31,Yes,Artist,Low,2.0,Cat_6,9.0
Male,Yes,69,Yes,Artist,Average,3.0,Cat_6,
Female,No,32,Yes,Doctor,Low,1.0,Cat_6,8.0
Male,Yes,47,Yes,Homemaker,Low,1.0,Cat_6,
Female,Yes,35,No,Artist,Low,2.0,Cat_6,
Male,Yes,70,Yes,Doctor,High,3.0,Cat_6,1.0
Female,No,33,Yes,Engineer,Low,1.0,Cat_6,10.0
Female,Yes,42,Yes,Artist,High,2.0,Cat_6,2.0
Female,,29,No,Homemaker,Low,1.0,Cat_5,8.0
Female,Yes,66,Yes,Lawyer,High,2.0,Cat_6,1.0
Female,Yes,89,Yes,Lawyer,Low,1.0,Cat_6,2.0
Female,Yes,83,Yes,Executive,High,3.0,Cat_6,1.0
Female,Yes,89,Yes,Lawyer,High,2.0,Cat_6,
Male,Yes,49,Yes,Artist,Average,2.0,Cat_6,9.0
Male,Yes,31,Yes,Healthcare,Low,,Cat_6,9.0
Female,No,89,Yes,Lawyer,Low,1.0,Cat_6,
Female,Yes,35,Yes,Engineer,Average,2.0,Cat_6,
Male,No,23,No,Healthcare,Low,7.0,Cat_3,1.0
Female,No,25,No,Doctor,Low,3.0,Cat_6,1.0
Male,No,33,No,Entertainment,Low,1.0,Cat_6,1.0
Male,No,35,Yes,Artist,Low,2.0,Cat_4,
Female,Yes,52,Yes,Engineer,Low,1.0,Cat_3,4.0
Male,No,25,Yes,Artist,Low,3.0,Cat_6,13.0
Female,No,28,No,Healthcare,Low,4.0,Cat_6,
Male,Yes,53,Yes,Executive,Low,2.0,Cat_2,
Female,No,46,Yes,Marketing,Low,1.0,Cat_6,1.0
Female,Yes,40,Yes,Artist,Average,5.0,Cat_4,4.0
Female,Yes,35,Yes,Artist,Average,2.0,Cat_6,2.0
Female,Yes,49,Yes,Artist,Average,5.0,Cat_6,
Male,Yes,82,No,Executive,High,2.0,Cat_6,1.0
Female,No,32,Yes,Healthcare,Low,2.0,Cat_6,3.0
Male,No,45,Yes,Marketing,Low,1.0,Cat_3,
Female,No,30,No,Engineer,Low,3.0,Cat_6,
Female,Yes,73,No,Engineer,Low,,,1.0
Male,No,31,No,Doctor,Low,1.0,Cat_6,
Female,No,42,Yes,Engineer,Low,1.0,Cat_6,6.0
Female,Yes,52,Yes,Artist,Low,2.0,Cat_6,9.0
Female,Yes,37,Yes,Artist,Average,3.0,Cat_6,5.0
Male,Yes,47,No,Artist,Average,4.0,Cat_6,
Male,Yes,49,Yes,Artist,Low,2.0,Cat_6,1.0
Male,Yes,51,Yes,Engineer,Low,2.0,Cat_6,1.0
Female,No,35,Yes,Healthcare,Low,1.0,Cat_2,
Male,Yes,51,No,Entertainment,Average,5.0,Cat_4,1.0
Female,Yes,56,No,Engineer,Average,5.0,Cat_6,1.0
Male,No,29,No,Healthcare,Low,3.0,Cat_6,1.0
Female,Yes,42,Yes,Artist,Low,1.0,Cat_6,8.0
Female,No,29,No,Entertainment,Low,2.0,Cat_3,
Female,Yes,87,No,Entertainment,High,3.0,Cat_6,
Male,Yes,37,Yes,Marketing,Low,2.0,Cat_6,1.0
Female,Yes,51,Yes,Entertainment,Average,2.0,Cat_4,
Female,No,30,No,Doctor,Low,4.0,Cat_6,
Female,No,29,No,Homemaker,Low,1.0,Cat_4,8.0
Male,Yes,55,Yes,Artist,Average,2.0,Cat_2,8.0
Male,Yes,71,Yes,Lawyer,Average,2.0,Cat_6,
Male,No,21,No,Healthcare,Low,4.0,Cat_6,1.0
Female,No,23,No,Healthcare,Low,4.0,,
Female,Yes,38,No,Entertainment,Low,1.0,Cat_6,4.0
Female,No,56,No,Engineer,Low,1.0,Cat_6,
Male,No,22,No,Healthcare,Low,4.0,Cat_4,1.0
Female,No,22,No,Marketing,Low,2.0,Cat_1,1.0
Male,Yes,63,Yes,Entertainment,Low,1.0,Cat_6,
Female,Yes,43,Yes,Engineer,High,4.0,Cat_3,
Female,Yes,88,Yes,Artist,High,2.0,Cat_6,1.0
Female,Yes,43,Yes,Artist,Average,2.0,Cat_4,5.0
Male,No,29,,Entertainment,Low,9.0,Cat_6,8.0
Female,Yes,28,Yes,Healthcare,Average,2.0,Cat_6,
Female,Yes,57,Yes,Artist,Average,3.0,Cat_6,7.0
Female,No,41,No,Doctor,Low,1.0,Cat_6,
Female,Yes,50,Yes,Entertainment,Average,4.0,Cat_2,
Male,No,25,No,Healthcare,Low,4.0,Cat_3,
Male,Yes,71,No,Lawyer,Low,1.0,Cat_6,
Female,No,35,Yes,Engineer,Low,4.0,Cat_2,4.0
Male,No,32,No,Artist,Low,4.0,Cat_5,
Female,No,25,Yes,Healthcare,Low,3.0,Cat_3,5.0
Male,No,29,No,Healthcare,Low,3.0,Cat_6,6.0
Female,No,42,Yes,Doctor,Low,1.0,Cat_4,
Female,No,48,No,Healthcare,Low,4.0,Cat_6,
Female,No,31,No,Homemaker,Low,1.0,Cat_6,8.0
Male,No,26,Yes,Healthcare,Low,2.0,Cat_6,8.0
Male,Yes,50,Yes,Artist,Average,2.0,Cat_6,
Female,Yes,33,No,Artist,Low,2.0,Cat_1,
Male,Yes,61,Yes,Entertainment,Average,2.0,Cat_6,
Male,Yes,70,Yes,Executive,High,2.0,Cat_6,1.0
Male,Yes,87,No,Executive,Low,2.0,Cat_6,1.0
Male,Yes,49,Yes,Artist,Average,2.0,Cat_6,3.0
Male,Yes,39,Yes,Healthcare,Average,2.0,Cat_6,1.0
Male,Yes,57,Yes,Homemaker,High,2.0,Cat_6,5.0
Female,Yes,70,No,Engineer,Average,2.0,Cat_4,
Female,Yes,63,No,Artist,Average,4.0,Cat_6,1.0
Female,No,30,Yes,Healthcare,Low,4.0,Cat_6,4.0
Female,No,25,No,Marketing,Low,2.0,Cat_3,1.0
Female,No,41,Yes,Doctor,Low,1.0,Cat_4,
Male,Yes,82,Yes,Lawyer,High,2.0,Cat_6,1.0
Male,Yes,87,Yes,Lawyer,Low,1.0,Cat_6,3.0
Female,Yes,38,Yes,Homemaker,Average,3.0,Cat_6,8.0
Female,No,40,No,Marketing,Low,1.0,Cat_6,
Male,Yes,41,No,Executive,High,3.0,Cat_4,6.0
Male,Yes,45,Yes,Executive,High,3.0,Cat_7,5.0
Female,No,36,Yes,Artist,Low,1.0,Cat_6,
Female,No,29,No,Healthcare,Low,3.0,Cat_6,1.0
Male,No,21,No,Healthcare,Low,4.0,Cat_2,1.0
Male,Yes,51,Yes,Artist,Average,5.0,Cat_6,
Female,Yes,79,No,Lawyer,High,2.0,Cat_6,
Male,No,22,No,Healthcare,Low,4.0,Cat_6,6.0
Male,Yes,42,No,Executive,Low,2.0,Cat_6,8.0
Male,Yes,47,Yes,Artist,Average,6.0,Cat_7,
Male,No,50,Yes,Artist,Low,3.0,Cat_3,1.0
Male,Yes,53,Yes,Executive,High,5.0,Cat_4,9.0
Female,No,28,,Engineer,Low,3.0,Cat_3,
Male,Yes,38,Yes,Doctor,High,4.0,Cat_7,
Female,No,23,No,Healthcare,Low,4.0,Cat_6,1.0
Female,No,37,Yes,Engineer,Low,,Cat_6,7.0
Female,No,23,No,Healthcare,Low,4.0,Cat_1,
Male,No,27,Yes,Healthcare,Low,5.0,Cat_6,1.0
Male,No,23,No,Healthcare,Low,4.0,Cat_6,1.0
Male,Yes,59,No,Executive,High,2.0,Cat_6,1.0
Male,,43,No,Executive,Average,3.0,Cat_3,
Male,Yes,39,Yes,Executive,High,3.0,Cat_6,3.0
Female,Yes,69,Yes,Artist,High,2.0,Cat_6,1.0
Male,Yes,56,No,Marketing,Average,3.0,Cat_4,1.0
Female,Yes,27,No,Engineer,Average,9.0,Cat_3,1.0
Male,Yes,71,No,Lawyer,High,2.0,Cat_6,1.0
Female,Yes,49,Yes,Artist,Low,2.0,Cat_6,9.0
Male,Yes,74,No,Lawyer,High,2.0,Cat_6,
Female,Yes,87,No,Lawyer,Low,1.0,Cat_6,1.0
Female,No,39,Yes,Doctor,Low,1.0,Cat_3,9.0
Male,Yes,56,No,Executive,High,8.0,Cat_4,1.0
Female,Yes,79,Yes,Lawyer,Low,1.0,Cat_3,
Female,Yes,47,No,Engineer,Low,2.0,Cat_3,10.0
Female,No,28,Yes,Marketing,Low,2.0,Cat_6,
Female,No,43,Yes,Doctor,Low,,Cat_4,
Female,No,32,No,Healthcare,Low,4.0,Cat_6,1.0
Female,Yes,40,Yes,Artist,Average,2.0,Cat_2,9.0
Male,No,28,Yes,Healthcare,Low,6.0,Cat_4,
Female,No,35,No,Artist,Low,1.0,Cat_6,5.0
Male,Yes,35,Yes,Executive,High,4.0,Cat_6,
Male,Yes,50,Yes,Artist,Low,2.0,Cat_6,1.0
Male,No,32,Yes,Healthcare,Low,3.0,Cat_6,1.0
Male,Yes,46,Yes,Doctor,Average,2.0,Cat_6,1.0
Male,No,19,No,Healthcare,Low,,Cat_3,0.0
Female,Yes,74,Yes,Lawyer,High,2.0,Cat_6,1.0
Male,Yes,36,Yes,Executive,High,4.0,Cat_6,
Female,No,33,No,Healthcare,Low,6.0,Cat_3,1.0
Male,No,19,No,Entertainment,Low,6.0,Cat_4,1.0
Male,Yes,28,Yes,Doctor,Low,2.0,Cat_6,
Male,No,51,Yes,Artist,Low,1.0,Cat_6,
Male,No,37,Yes,Engineer,Low,1.0,Cat_6,1.0
Female,No,50,Yes,Artist,Low,3.0,Cat_6,8.0
Male,Yes,77,Yes,Lawyer,Low,1.0,Cat_6,
Female,No,31,No,Healthcare,Low,3.0,Cat_6,4.0
Female,Yes,50,Yes,Healthcare,High,6.0,Cat_5,1.0
Female,No,28,Yes,Artist,Low,4.0,Cat_2,3.0
Male,Yes,28,No,Doctor,Low,2.0,Cat_3,5.0
Female,No,26,Yes,Healthcare,Low,7.0,Cat_2,1.0
Male,Yes,79,No,,Average,2.0,,
Female,Yes,27,No,Entertainment,High,2.0,Cat_6,6.0
Male,Yes,59,Yes,Entertainment,Average,5.0,Cat_3,1.0
Female,No,18,No,Healthcare,Low,3.0,Cat_6,1.0
Female,No,38,No,Doctor,Low,1.0,Cat_6,
Female,Yes,53,Yes,Artist,Average,2.0,Cat_6,8.0
Female,No,32,No,Healthcare,Low,5.0,Cat_4,1.0
Female,Yes,46,Yes,Artist,Low,1.0,Cat_6,1.0
Male,Yes,83,No,Lawyer,Low,1.0,Cat_6,1.0
Female,No,41,Yes,Marketing,Low,1.0,Cat_6,1.0
Female,Yes,28,No,Engineer,Average,2.0,Cat_4,9.0
Male,No,23,No,Healthcare,Low,4.0,Cat_6,9.0
Male,No,42,Yes,Artist,Low,1.0,Cat_3,12.0
Male,No,41,Yes,Artist,Low,1.0,Cat_3,4.0
Female,No,46,Yes,Artist,Low,1.0,Cat_6,9.0
Female,Yes,42,Yes,Artist,Average,4.0,Cat_6,
Male,Yes,35,No,Doctor,Low,2.0,Cat_6,9.0
Male,Yes,41,Yes,Entertainment,Average,2.0,Cat_6,2.0
Male,Yes,65,Yes,Executive,High,2.0,Cat_6,1.0
Male,No,19,No,Healthcare,Low,7.0,Cat_4,1.0
Female,No,52,Yes,Engineer,Low,1.0,Cat_6,3.0
Female,No,42,Yes,Artist,Low,1.0,Cat_4,
Female,Yes,36,No,Executive,Average,5.0,Cat_4,9.0
Male,Yes,46,No,Artist,Average,2.0,,3.0
Male,Yes,50,No,Executive,High,4.0,Cat_6,
Male,Yes,30,No,Artist,Average,2.0,Cat_5,
Female,Yes,38,Yes,Artist,Average,2.0,Cat_6,8.0
Male,Yes,33,No,Artist,Low,4.0,Cat_6,
Female,Yes,45,No,Engineer,Average,7.0,Cat_7,
Female,,31,No,Doctor,Low,4.0,Cat_6,1.0
Female,Yes,41,No,Engineer,Low,2.0,Cat_4,
Female,No,49,Yes,Entertainment,Low,1.0,Cat_3,
Male,Yes,71,Yes,Artist,Average,3.0,Cat_6,6.0
Female,No,71,No,Engineer,Low,1.0,Cat_4,1.0
Female,Yes,45,Yes,Artist,Average,3.0,,1.0
Male,Yes,52,Yes,Artist,Average,2.0,Cat_6,
Female,Yes,38,Yes,Doctor,Average,2.0,Cat_6,
Female,Yes,87,Yes,Artist,High,2.0,Cat_2,1.0
Female,Yes,31,Yes,Engineer,Low,2.0,Cat_6,1.0
Female,No,37,No,Artist,Low,2.0,Cat_6,
Male,Yes,77,Yes,Executive,Low,1.0,Cat_6,1.0
Male,Yes,65,Yes,Executive,High,4.0,Cat_6,
Male,No,29,Yes,Healthcare,Low,6.0,Cat_6,
Male,No,18,No,Healthcare,Low,6.0,Cat_6,0.0
Male,Yes,43,No,Artist,Low,2.0,Cat_6,1.0
Male,Yes,37,Yes,Executive,Average,3.0,Cat_4,
Female,Yes,45,Yes,Executive,High,3.0,Cat_3,1.0
Female,No,33,No,Doctor,Low,1.0,Cat_6,
Male,Yes,52,Yes,Artist,Low,1.0,Cat_6,1.0
Male,Yes,53,No,Entertainment,Average,3.0,Cat_6,10.0
Male,No,42,Yes,Doctor,Low,1.0,Cat_2,8.0
Female,No,36,No,,Low,,Cat_4,
Female,No,21,No,Engineer,Low,5.0,Cat_2,0.0
Male,No,18,No,Healthcare,Low,3.0,Cat_1,0.0
Female,Yes,52,No,Executive,Low,1.0,Cat_3,1.0
Female,No,20,No,Healthcare,Low,3.0,Cat_7,1.0
Male,No,31,No,Healthcare,Low,4.0,Cat_6,
Male,Yes,40,Yes,Artist,High,3.0,Cat_6,3.0
Male,Yes,81,No,Entertainment,Low,1.0,Cat_6,1.0
Female,Yes,43,Yes,Artist,Average,2.0,Cat_6,2.0
Male,Yes,35,Yes,Healthcare,Average,2.0,Cat_6,6.0
Female,No,38,No,Artist,Low,2.0,Cat_6,4.0
Male,No,25,Yes,Entertainment,Low,2.0,Cat_6,
Female,No,30,Yes,Healthcare,Low,5.0,Cat_2,
Female,No,38,Yes,Entertainment,Low,2.0,Cat_6,
Male,No,35,Yes,Entertainment,Low,1.0,Cat_6,13.0
Male,Yes,60,Yes,Artist,Low,1.0,Cat_3,
Female,Yes,67,Yes,Engineer,Low,1.0,Cat_6,1.0
Male,No,26,No,Engineer,Low,1.0,Cat_6,7.0
Male,Yes,33,No,Engineer,Average,2.0,Cat_6,
Male,Yes,72,Yes,Lawyer,High,2.0,Cat_6,1.0
Female,Yes,33,Yes,Healthcare,High,1.0,Cat_5,2.0
Female,No,26,Yes,Artist,Low,4.0,Cat_6,1.0
Female,No,27,No,Artist,Low,6.0,Cat_6,
Male,Yes,70,No,Lawyer,High,2.0,Cat_3,
Female,No,47,Yes,Entertainment,Low,1.0,Cat_6,1.0
Female,No,38,No,Artist,Low,1.0,Cat_6,14.0
Female,Yes,87,Yes,Lawyer,High,2.0,Cat_6,
Male,Yes,74,Yes,Lawyer,Low,1.0,Cat_6,1.0
Female,Yes,50,Yes,Artist,Average,5.0,Cat_2,1.0
Female,No,63,Yes,Healthcare,Low,1.0,Cat_6,3.0
Male,Yes,45,Yes,Entertainment,Average,2.0,Cat_4,
Female,Yes,57,Yes,Artist,High,3.0,Cat_3,
Male,Yes,82,No,Lawyer,High,2.0,Cat_6,1.0
Female,Yes,42,Yes,Artist,Average,2.0,Cat_6,2.0
Male,Yes,46,No,Executive,Average,3.0,Cat_1,
Female,No,18,No,Healthcare,Low,4.0,Cat_6,3.0
Female,Yes,41,Yes,Artist,High,5.0,Cat_7,1.0
Male,Yes,61,Yes,Artist,Average,3.0,Cat_3,1.0
Male,No,25,No,Healthcare,Low,5.0,Cat_4,1.0
Female,No,27,No,Engineer,Low,7.0,Cat_4,1.0
Male,No,27,Yes,Entertainment,Low,1.0,Cat_6,9.0
Male,No,30,,Marketing,Low,1.0,Cat_6,8.0
Male,Yes,36,Yes,Artist,Average,4.0,Cat_6,
Male,Yes,66,No,Executive,Low,2.0,Cat_6,1.0
Female,Yes,49,Yes,Doctor,Average,4.0,Cat_6,1.0
Female,No,25,No,Engineer,Low,1.0,Cat_6,1.0
Female,No,28,Yes,Entertainment,Low,3.0,Cat_6,
Female,No,51,Yes,Artist,Low,1.0,Cat_4,1.0
Male,No,63,Yes,Doctor,Low,1.0,Cat_6,1.0
Male,No,36,Yes,Entertainment,Low,2.0,Cat_6,1.0
Male,,47,Yes,Marketing,High,2.0,Cat_3,
Male,Yes,42,Yes,Artist,Average,2.0,Cat_6,1.0
Male,No,25,No,Marketing,Low,3.0,Cat_5,3.0
Female,,43,No,Engineer,Average,5.0,Cat_4,8.0
Male,Yes,63,Yes,Entertainment,High,2.0,Cat_7,1.0
Female,No,31,No,Healthcare,Low,2.0,Cat_6,
Female,No,30,No,Homemaker,Low,6.0,Cat_6,10.0
Male,Yes,27,Yes,Healthcare,High,2.0,Cat_6,1.0
Male,Yes,82,No,Executive,Low,1.0,Cat_6,1.0
Female,No,18,No,Healthcare,Low,3.0,Cat_6,0.0
Male,Yes,67,No,Lawyer,Average,2.0,Cat_6,1.0
Male,Yes,42,Yes,Artist,Average,4.0,Cat_6,1.0
Female,Yes,46,No,Entertainment,Average,5.0,Cat_4,9.0
Male,Yes,73,No,Executive,High,2.0,Cat_6,
Male,Yes,36,Yes,Artist,Average,2.0,Cat_6,7.0
Female,Yes,57,Yes,Artist,Average,6.0,Cat_3,1.0
Female,Yes,76,No,Lawyer,Low,1.0,Cat_4,
Female,Yes,52,Yes,Artist,Average,3.0,Cat_6,1.0
Male,No,31,Yes,Engineer,Low,4.0,Cat_2,
Female,Yes,48,Yes,Artist,Low,1.0,Cat_4,1.0
Male,No,28,Yes,Healthcare,Low,4.0,Cat_6,
Male,Yes,52,Yes,Entertainment,Low,2.0,Cat_6,1.0
Male,Yes,37,No,Engineer,Average,2.0,Cat_6,
Female,Yes,58,Yes,Engineer,Low,1.0,Cat_3,1.0
Male,No,65,Yes,Executive,Low,3.0,Cat_6,9.0
Male,No,25,Yes,Doctor,Low,2.0,Cat_6,
Female,Yes,69,No,Engineer,Average,4.0,Cat_4,
Female,Yes,56,Yes,,Average,2.0,Cat_6,
Male,,58,No,Executive,High,3.0,Cat_6,
Female,No,22,No,Doctor,Low,4.0,Cat_1,11.0
Female,Yes,37,Yes,Lawyer,High,2.0,Cat_6,1.0
Female,Yes,70,Yes,Lawyer,Low,2.0,Cat_6,
Female,Yes,40,Yes,Engineer,Low,2.0,Cat_2,
Male,Yes,50,Yes,Artist,Low,2.0,Cat_4,
Male,Yes,30,No,Doctor,Average,2.0,Cat_3,11.0
Female,Yes,32,No,Engineer,Low,3.0,Cat_1,5.0
Female,Yes,47,Yes,Engineer,Average,2.0,Cat_6,
Male,Yes,38,Yes,Artist,Low,4.0,Cat_3,
Female,Yes,56,Yes,Artist,High,4.0,Cat_2,1.0
Male,No,19,No,Healthcare,Low,2.0,Cat_6,1.0
Female,No,38,No,Engineer,Low,1.0,Cat_6,
Male,Yes,35,No,Entertainment,Average,4.0,Cat_3,8.0
Female,No,20,No,Healthcare,Low,,Cat_6,1.0
Male,Yes,57,Yes,Entertainment,Low,,Cat_6,1.0
Male,Yes,38,No,Executive,High,5.0,Cat_4,
Female,Yes,48,Yes,Artist,Average,7.0,Cat_6,1.0
Male,Yes,61,Yes,Entertainment,Average,2.0,Cat_6,1.0
Female,Yes,41,Yes,Artist,Average,4.0,Cat_6,11.0
Male,No,39,Yes,Artist,Low,2.0,Cat_3,8.0
Female,Yes,46,Yes,Homemaker,Average,,Cat_6,
Male,Yes,41,No,Artist,Average,6.0,Cat_6,1.0
Female,No,32,Yes,Artist,Low,2.0,Cat_6,1.0
Male,No,22,No,Healthcare,Low,3.0,Cat_7,
Male,Yes,42,Yes,Artist,Average,5.0,Cat_6,
Male,Yes,66,Yes,Artist,High,2.0,Cat_6,1.0
Female,No,36,Yes,Engineer,Low,3.0,Cat_6,7.0
Female,No,28,Yes,Healthcare,Low,3.0,Cat_6,1.0
Male,Yes,47,No,Executive,High,6.0,Cat_6,1.0
Male,Yes,60,Yes,Artist,Low,2.0,Cat_6,1.0
Female,Yes,51,Yes,Artist,Average,5.0,Cat_6,1.0
Male,Yes,50,Yes,Artist,Average,4.0,Cat_2,3.0
Female,No,35,Yes,Healthcare,Low,1.0,Cat_6,9.0
Male,No,26,No,Healthcare,Low,,Cat_5,
Male,Yes,38,No,Doctor,Average,4.0,Cat_6,
Male,Yes,42,Yes,Artist,Low,3.0,Cat_4,
Male,No,37,Yes,Artist,Low,2.0,Cat_6,7.0
Male,Yes,30,No,Executive,High,4.0,Cat_3,4.0
Male,Yes,48,Yes,Entertainment,Low,2.0,Cat_7,6.0
Male,Yes,68,No,Entertainment,Average,2.0,Cat_6,4.0
Female,Yes,42,Yes,Artist,Low,1.0,Cat_6,9.0
Female,No,36,Yes,Entertainment,Low,1.0,Cat_6,7.0
Male,Yes,37,Yes,Artist,Average,2.0,Cat_6,1.0
Female,No,59,Yes,Artist,Low,1.0,Cat_6,1.0
Male,Yes,29,Yes,Healthcare,Low,3.0,Cat_3,1.0
Female,Yes,57,No,Engineer,Low,1.0,Cat_6,
Female,Yes,58,Yes,Doctor,Average,2.0,Cat_6,1.0
Female,Yes,45,Yes,Lawyer,Low,1.0,Cat_6,
Female,No,38,Yes,Artist,Low,7.0,Cat_2,7.0
Male,No,52,Yes,Artist,Low,3.0,Cat_6,
Female,No,47,Yes,Artist,Low,1.0,Cat_1,
Female,No,73,Yes,Artist,Low,1.0,Cat_6,
Male,No,20,No,Healthcare,Low,4.0,Cat_4,2.0
Female,No,19,No,Entertainment,Low,4.0,Cat_6,0.0
Male,No,20,No,Healthcare,Low,3.0,Cat_3,1.0
Female,Yes,58,Yes,Artist,Low,3.0,Cat_3,
Female,Yes,42,Yes,Artist,Low,1.0,Cat_6,5.0
Female,No,28,No,Engineer,Low,7.0,Cat_4,3.0
Male,Yes,42,No,Artist,Low,2.0,Cat_6,6.0
Male,No,23,No,Healthcare,Low,4.0,Cat_6,1.0
Male,Yes,77,Yes,Lawyer,Low,2.0,Cat_3,
Female,Yes,39,Yes,Artist,Low,1.0,Cat_6,3.0
Male,Yes,47,No,Artist,Low,2.0,Cat_6,
Male,Yes,61,Yes,Artist,Low,2.0,Cat_3,
Female,No,28,Yes,Homemaker,Low,1.0,Cat_6,8.0
Male,Yes,57,Yes,Entertainment,Low,2.0,Cat_6,
Male,No,31,Yes,Healthcare,Low,3.0,Cat_6,1.0
Male,Yes,52,Yes,Artist,Average,6.0,Cat_4,
Female,No,37,Yes,Healthcare,Low,2.0,Cat_6,1.0
Female,Yes,36,Yes,Entertainment,Average,3.0,Cat_3,
Female,Yes,62,No,Engineer,Low,1.0,Cat_4,4.0
Female,Yes,47,No,Marketing,Low,1.0,Cat_6,2.0
Female,No,43,Yes,Artist,Low,4.0,Cat_6,2.0
Female,No,27,Yes,Doctor,Low,4.0,Cat_4,1.0
Male,Yes,40,No,,Average,5.0,Cat_3,
Female,Yes,53,Yes,Artist,Average,3.0,Cat_6,
Female,Yes,48,Yes,Entertainment,Low,1.0,Cat_3,
Male,Yes,39,Yes,Entertainment,High,3.0,Cat_6,9.0
Female,No,36,Yes,Artist,Low,1.0,Cat_6,
Female,No,26,No,Healthcare,Low,3.0,Cat_5,6.0
Female,No,53,Yes,Artist,Low,1.0,Cat_6,1.0
Male,Yes,43,Yes,Entertainment,Average,4.0,Cat_4,1.0
Female,No,18,No,Healthcare,Low,5.0,Cat_6,2.0
Male,No,23,No,Healthcare,Low,5.0,Cat_6,4.0
Female,No,46,Yes,Artist,Low,2.0,Cat_6,3.0
Male,Yes,74,Yes,Lawyer,High,2.0,Cat_6,1.0
Male,No,42,No,Executive,Low,3.0,Cat_4,9.0
Female,No,38,Yes,Artist,Low,1.0,Cat_3,9.0
Female,No,39,No,Engineer,Low,1.0,Cat_3,6.0
Male,Yes,78,No,Lawyer,High,2.0,Cat_6,1.0
Female,Yes,46,Yes,Engineer,Low,1.0,Cat_6,1.0
Female,Yes,36,Yes,Artist,Average,3.0,Cat_2,
Female,Yes,31,No,Artist,Low,4.0,Cat_6,1.0
Male,Yes,61,Yes,Artist,Average,2.0,Cat_6,1.0
Male,Yes,43,Yes,Artist,Average,4.0,Cat_4,
Female,No,30,Yes,Artist,Low,5.0,Cat_2,
Female,Yes,43,Yes,Artist,Average,2.0,Cat_1,
Female,Yes,33,Yes,Healthcare,Average,2.0,Cat_6,
Male,No,42,Yes,Artist,Low,2.0,Cat_6,11.0
Female,Yes,81,No,Engineer,High,2.0,Cat_6,
Female,No,25,Yes,Doctor,Low,1.0,Cat_6,3.0
Female,No,31,Yes,Homemaker,Low,1.0,Cat_6,9.0
Female,No,28,Yes,Healthcare,Low,3.0,Cat_6,1.0
Male,Yes,28,Yes,Artist,Average,3.0,Cat_6,
Male,Yes,43,Yes,Doctor,Low,2.0,Cat_6,14.0
Male,Yes,36,No,Executive,High,3.0,Cat_4,2.0
Female,Yes,31,No,Homemaker,Average,2.0,Cat_6,9.0
Male,Yes,51,No,Artist,Low,3.0,Cat_4,4.0
Female,No,30,Yes,Doctor,Low,4.0,Cat_2,1.0
Female,No,21,No,Healthcare,Low,7.0,Cat_2,1.0
Male,Yes,75,Yes,Lawyer,Low,1.0,Cat_6,2.0
Male,No,25,No,Healthcare,Low,2.0,Cat_3,
Male,No,70,No,Entertainment,Low,1.0,Cat_6,
Male,Yes,49,Yes,Artist,Low,1.0,Cat_6,
Female,No,29,Yes,Healthcare,Low,3.0,Cat_4,1.0
Male,No,20,No,Healthcare,Low,4.0,Cat_4,3.0
Male,Yes,59,Yes,Artist,High,4.0,Cat_6,4.0
Female,Yes,35,Yes,Homemaker,Low,,Cat_3,
Male,Yes,49,Yes,Artist,Low,2.0,Cat_6,1.0
Female,Yes,56,Yes,,Low,1.0,Cat_6,1.0
Female,No,40,,Marketing,Low,1.0,Cat_4,6.0
Male,Yes,46,No,Doctor,Average,3.0,Cat_4,
Male,Yes,32,Yes,Doctor,Low,3.0,Cat_6,
Male,Yes,57,Yes,Artist,Average,,Cat_6,1.0
Female,Yes,65,Yes,Lawyer,Low,6.0,Cat_1,2.0
Female,Yes,36,No,Engineer,Low,3.0,Cat_2,
Male,No,43,Yes,Artist,Low,1.0,Cat_6,1.0
Male,No,18,No,Healthcare,Low,6.0,Cat_6,0.0
Male,Yes,50,Yes,Artist,Low,1.0,Cat_6,
Female,Yes,84,No,Lawyer,High,2.0,Cat_6,
Female,Yes,52,Yes,Artist,Average,4.0,Cat_6,7.0
Male,Yes,25,No,Executive,High,3.0,Cat_6,1.0
Female,Yes,48,Yes,Artist,Average,3.0,Cat_6,4.0
Female,Yes,71,No,Artist,High,2.0,Cat_4,
Female,Yes,32,No,Engineer,Low,2.0,Cat_6,3.0
Male,,47,,Executive,Average,5.0,Cat_4,1.0
Male,Yes,43,Yes,Healthcare,High,4.0,Cat_4,1.0
Male,No,31,No,Marketing,Low,1.0,Cat_6,
Male,Yes,35,Yes,Executive,Average,2.0,Cat_6,1.0
Male,Yes,42,Yes,Artist,Average,3.0,Cat_6,9.0
Female,Yes,30,No,Doctor,Average,6.0,Cat_6,1.0
Female,Yes,28,Yes,Healthcare,High,2.0,Cat_6,10.0
Male,Yes,75,Yes,Lawyer,Low,1.0,Cat_6,2.0
Female,No,22,No,Healthcare,Low,4.0,Cat_3,0.0
Male,Yes,30,No,Healthcare,Average,4.0,Cat_6,1.0
Male,Yes,35,Yes,Executive,Average,3.0,Cat_6,
Female,No,26,Yes,Healthcare,Low,3.0,Cat_6,
Male,Yes,72,No,Engineer,Low,1.0,Cat_6,1.0
Male,Yes,35,No,Entertainment,Average,4.0,Cat_6,8.0
Male,,20,No,Healthcare,Low,2.0,Cat_6,0.0
Male,Yes,55,No,Artist,Average,2.0,Cat_6,
Male,Yes,35,Yes,Artist,Average,,Cat_6,
Female,No,20,No,Marketing,Low,2.0,Cat_3,1.0
Female,Yes,48,Yes,Artist,High,4.0,Cat_6,1.0
Male,Yes,35,No,Artist,Average,3.0,Cat_6,9.0
Male,No,22,No,Healthcare,Low,4.0,Cat_4,0.0
Male,Yes,53,Yes,Artist,Average,4.0,Cat_2,1.0
Female,Yes,58,No,Engineer,Average,6.0,Cat_4,
Female,Yes,70,Yes,Homemaker,Low,2.0,Cat_6,3.0
Female,Yes,61,Yes,Artist,Average,4.0,Cat_6,
Female,No,30,Yes,Engineer,Low,4.0,Cat_3,
Male,No,33,No,Healthcare,Low,4.0,Cat_6,1.0
Female,Yes,51,Yes,Doctor,Average,3.0,Cat_1,1.0
Male,Yes,84,Yes,Lawyer,High,2.0,Cat_6,
Male,Yes,18,No,Executive,Average,,Cat_3,
Male,Yes,38,Yes,Entertainment,Average,2.0,Cat_6,1.0
Female,No,22,No,Healthcare,Low,3.0,Cat_2,5.0
Female,Yes,53,Yes,Artist,Average,3.0,Cat_6,8.0
Male,No,18,No,Healthcare,Low,5.0,Cat_6,0.0
Female,Yes,46,Yes,Artist,Average,2.0,Cat_1,
Female,No,18,No,Healthcare,Low,3.0,Cat_3,12.0
Male,Yes,57,Yes,Executive,High,3.0,Cat_6,1.0
Male,Yes,40,Yes,Artist,Low,2.0,Cat_6,14.0
Female,Yes,37,No,Artist,Average,2.0,Cat_4,
Male,Yes,37,No,Doctor,Low,2.0,Cat_6,9.0
Male,No,42,Yes,Doctor,Low,1.0,Cat_6,8.0
Female,Yes,57,Yes,Homemaker,Average,2.0,Cat_3,9.0
Female,Yes,66,No,Engineer,High,5.0,Cat_4,
Male,Yes,51,Yes,Entertainment,Low,3.0,,
Male,Yes,38,No,Marketing,High,4.0,Cat_7,
Female,No,39,Yes,Entertainment,Low,2.0,Cat_4,1.0
Female,No,18,No,Healthcare,Low,3.0,Cat_2,3.0
Female,No,41,No,Marketing,Low,1.0,Cat_6,1.0
Male,Yes,71,No,Artist,Low,5.0,Cat_6,1.0
Male,Yes,62,Yes,Executive,High,4.0,Cat_6,1.0
Female,Yes,83,Yes,Lawyer,Low,1.0,Cat_6,1.0
Female,Yes,50,Yes,Doctor,Low,3.0,Cat_6,
Male,No,48,Yes,Artist,Low,1.0,Cat_6,1.0
Female,Yes,41,Yes,Artist,Average,3.0,Cat_6,3.0
Male,Yes,50,Yes,Artist,Average,3.0,Cat_6,1.0
Male,Yes,80,Yes,Lawyer,High,3.0,Cat_6,
Male,Yes,56,Yes,Executive,High,9.0,Cat_6,
Female,Yes,52,No,Artist,Average,3.0,Cat_4,1.0
Female,No,35,Yes,Artist,Low,1.0,Cat_6,
Male,Yes,46,Yes,Marketing,Low,3.0,Cat_6,1.0
Male,Yes,60,Yes,Executive,High,6.0,Cat_2,1.0
Male,Yes,75,Yes,Lawyer,Low,1.0,Cat_6,
Male,Yes,29,No,Executive,Low,6.0,Cat_3,4.0
Female,Yes,49,Yes,Artist,Average,3.0,Cat_6,
Female,Yes,46,No,Engineer,High,3.0,Cat_4,
Male,No,33,Yes,Healthcare,Low,,Cat_6,1.0
Male,Yes,41,Yes,Artist,Low,2.0,Cat_6,1.0
Male,No,26,No,Healthcare,Low,6.0,Cat_6,1.0
Female,No,37,No,Artist,Low,2.0,Cat_6,4.0
Male,No,52,Yes,Entertainment,Low,2.0,Cat_6,1.0
Female,Yes,52,Yes,Artist,Low,1.0,Cat_6,3.0
Male,No,68,Yes,Lawyer,Low,1.0,Cat_6,1.0
Female,No,31,No,Healthcare,Low,3.0,Cat_6,6.0
Female,Yes,27,No,Marketing,High,4.0,Cat_6,
Female,Yes,40,Yes,Artist,Average,2.0,Cat_6,
Male,Yes,72,No,Executive,High,4.0,Cat_6,1.0
Female,Yes,49,Yes,Artist,Average,4.0,Cat_7,
Male,Yes,42,Yes,Artist,Average,2.0,Cat_6,2.0
Male,No,40,Yes,Artist,Low,1.0,Cat_6,8.0
Female,No,40,Yes,Healthcare,Low,1.0,Cat_4,9.0
Male,Yes,57,No,Marketing,High,3.0,Cat_6,1.0
Female,Yes,53,Yes,Artist,Average,2.0,Cat_3,
Male,Yes,66,No,Executive,High,2.0,Cat_6,1.0
Female,Yes,38,Yes,Executive,Average,2.0,Cat_6,
Female,,22,No,Doctor,High,3.0,Cat_6,6.0
Female,No,31,No,Healthcare,Low,5.0,Cat_6,1.0
Female,Yes,47,No,Engineer,Average,5.0,Cat_4,
Female,No,31,Yes,Artist,Low,4.0,Cat_6,1.0
Female,No,30,Yes,Artist,Low,1.0,Cat_6,9.0
Male,Yes,70,Yes,Entertainment,Low,1.0,Cat_6,
Male,Yes,40,No,Engineer,Low,1.0,Cat_6,8.0
Female,No,33,Yes,Doctor,Low,5.0,Cat_6,
Male,Yes,60,No,Engineer,Average,2.0,Cat_6,
Male,Yes,53,Yes,Artist,Low,2.0,Cat_6,9.0
Female,No,36,Yes,Engineer,Low,1.0,Cat_6,4.0
Female,No,53,Yes,Engineer,Low,1.0,Cat_6,
Female,No,19,No,Healthcare,Low,4.0,Cat_6,0.0
Male,Yes,38,Yes,,Average,2.0,Cat_6,9.0
Female,Yes,45,Yes,Artist,Average,2.0,Cat_6,1.0
Male,Yes,48,Yes,Entertainment,Average,4.0,Cat_6,
Male,Yes,51,Yes,Artist,Average,4.0,Cat_6,5.0
Female,Yes,43,Yes,Engineer,Average,4.0,Cat_6,1.0
Female,Yes,62,Yes,Artist,High,3.0,Cat_6,
Female,No,32,Yes,Artist,Low,1.0,Cat_3,6.0
Male,No,32,Yes,Engineer,Low,1.0,Cat_6,6.0
Male,Yes,37,Yes,,High,2.0,Cat_3,
Male,Yes,33,Yes,Doctor,Average,2.0,Cat_2,10.0
Female,No,35,No,Engineer,Low,2.0,Cat_4,1.0
Male,Yes,36,Yes,Artist,Average,4.0,Cat_6,6.0
Female,No,46,Yes,Artist,Low,2.0,Cat_6,10.0
Female,Yes,74,No,Lawyer,Low,1.0,Cat_6,1.0
Male,No,19,No,Healthcare,Low,5.0,Cat_4,8.0
Male,No,28,Yes,Healthcare,Low,4.0,Cat_6,4.0
Male,Yes,56,Yes,Executive,High,1.0,Cat_6,
Female,Yes,71,Yes,Artist,Average,2.0,Cat_6,1.0
Male,Yes,80,Yes,Lawyer,High,2.0,Cat_6,
Male,No,27,No,,Low,7.0,Cat_4,2.0
Female,Yes,40,No,Homemaker,Low,1.0,Cat_6,6.0
Female,No,41,No,Artist,Low,2.0,Cat_6,
Female,No,27,No,Engineer,Low,4.0,Cat_5,1.0
Male,No,27,Yes,Executive,Low,6.0,Cat_6,
Female,Yes,41,Yes,Marketing,Low,3.0,Cat_6,
Female,No,31,No,Engineer,Low,8.0,Cat_4,1.0
Male,Yes,67,Yes,Artist,Low,1.0,Cat_6,
Male,Yes,56,Yes,Artist,Low,4.0,Cat_3,
Male,Yes,39,Yes,Artist,Average,3.0,Cat_6,1.0
Female,No,28,No,Engineer,Low,1.0,Cat_4,
Male,Yes,36,Yes,Homemaker,Low,1.0,Cat_6,5.0
Female,No,22,No,Healthcare,Low,3.0,Cat_6,4.0
Male,Yes,47,Yes,Artist,Average,3.0,Cat_6,1.0
Male,Yes,36,No,Executive,High,3.0,Cat_6,1.0
Male,No,27,Yes,Entertainment,Low,5.0,Cat_6,
Male,Yes,43,No,Healthcare,High,2.0,Cat_7,6.0
Female,Yes,47,Yes,Entertainment,Average,3.0,Cat_6,3.0
Female,No,29,No,Healthcare,Low,3.0,Cat_6,
Female,Yes,45,Yes,Artist,Average,2.0,Cat_6,
Female,No,19,No,Entertainment,Low,5.0,Cat_6,1.0
Male,No,27,Yes,Healthcare,Low,3.0,Cat_6,
Female,No,20,No,Marketing,Low,3.0,Cat_4,1.0
Female,No,21,No,Healthcare,Low,2.0,Cat_6,8.0
Female,Yes,43,Yes,Artist,High,3.0,Cat_6,
Male,No,29,Yes,Doctor,Low,3.0,Cat_4,3.0
Female,No,31,Yes,Healthcare,Low,4.0,Cat_6,1.0
Male,Yes,55,Yes,Engineer,Average,3.0,Cat_6,1.0
Female,No,19,No,Healthcare,Low,3.0,Cat_6,0.0
Female,No,20,No,Marketing,Low,4.0,Cat_7,3.0
Male,No,31,Yes,Healthcare,Low,,Cat_7,8.0
Male,Yes,52,Yes,Marketing,High,4.0,Cat_6,1.0
Male,Yes,51,No,Entertainment,Average,4.0,Cat_7,1.0
Female,No,19,No,Healthcare,Low,4.0,Cat_1,
Male,Yes,36,Yes,Entertainment,Low,6.0,Cat_4,6.0
Male,No,31,No,Healthcare,Low,3.0,Cat_2,1.0
Male,Yes,37,No,Entertainment,Low,5.0,Cat_4,
Male,Yes,71,Yes,Lawyer,High,2.0,Cat_6,
Male,Yes,40,Yes,Artist,Average,2.0,Cat_6,
Male,Yes,73,No,Executive,High,3.0,Cat_6,
Female,No,26,No,Engineer,Low,1.0,Cat_6,
Male,Yes,65,Yes,Artist,Average,2.0,Cat_6,
Female,Yes,37,Yes,Artist,Low,1.0,Cat_6,
Female,Yes,53,Yes,Engineer,High,4.0,Cat_6,8.0
Female,No,43,No,,Low,,Cat_6,
Male,No,31,Yes,Entertainment,Low,4.0,Cat_6,
Male,Yes,68,Yes,Artist,Low,1.0,Cat_6,
Male,No,31,Yes,Doctor,Low,2.0,Cat_6,1.0
Male,No,33,Yes,Artist,Low,1.0,Cat_6,8.0
Male,Yes,40,No,Executive,Low,5.0,Cat_5,1.0
Female,No,33,Yes,Healthcare,Low,2.0,Cat_6,1.0
Male,Yes,65,Yes,Executive,Low,1.0,Cat_6,1.0
Female,Yes,67,No,Engineer,Average,4.0,Cat_4,
Female,Yes,39,Yes,,Average,2.0,Cat_6,
Female,No,25,Yes,Engineer,Low,2.0,Cat_6,8.0
Male,No,22,No,Healthcare,Low,2.0,Cat_6,
Male,Yes,76,No,Executive,High,2.0,Cat_4,1.0
Male,Yes,62,Yes,Executive,High,2.0,Cat_6,
Female,No,18,No,Healthcare,Low,4.0,Cat_6,5.0
Male,No,32,Yes,Artist,Low,3.0,Cat_3,
Male,Yes,27,Yes,Healthcare,Low,5.0,Cat_6,5.0
Female,No,23,No,Doctor,Low,4.0,Cat_2,7.0
Female,Yes,72,Yes,Homemaker,Low,,Cat_6,1.0
Female,No,42,No,Homemaker,Low,1.0,Cat_3,
Male,Yes,65,No,Entertainment,Low,1.0,Cat_6,1.0
Female,No,27,No,Engineer,Low,3.0,Cat_6,
Male,No,28,No,Doctor,Low,1.0,Cat_4,1.0
Female,No,30,Yes,Healthcare,Low,3.0,Cat_6,9.0
Male,No,32,Yes,Healthcare,Low,1.0,Cat_6,
Male,Yes,37,Yes,Executive,Average,5.0,Cat_6,
Female,Yes,68,No,Artist,Average,3.0,Cat_6,6.0
Male,Yes,42,Yes,Artist,Average,3.0,Cat_3,
Male,Yes,37,Yes,Entertainment,Low,6.0,Cat_6,11.0
Female,No,25,Yes,,Low,1.0,Cat_6,8.0
Female,No,39,Yes,Entertainment,Low,4.0,Cat_4,8.0
Male,No,20,No,Healthcare,Low,5.0,Cat_6,8.0
Male,Yes,43,Yes,Homemaker,Average,2.0,Cat_4,
Male,No,28,Yes,Doctor,Low,3.0,Cat_6,
Male,No,28,No,Healthcare,Low,4.0,Cat_2,
Female,Yes,43,Yes,Artist,Average,2.0,Cat_3,4.0
Male,No,21,No,Healthcare,Low,5.0,Cat_6,9.0
Female,No,32,No,Artist,Low,8.0,Cat_6,
Female,Yes,48,No,Engineer,Average,5.0,,
Female,No,38,Yes,Healthcare,Low,4.0,Cat_6,
Male,No,53,No,Entertainment,Low,,Cat_6,1.0
Male,Yes,52,Yes,Lawyer,High,2.0,Cat_6,8.0
Male,Yes,37,Yes,Artist,Average,2.0,Cat_6,2.0
Female,No,28,Yes,Artist,Low,3.0,Cat_6,7.0
Male,Yes,75,Yes,Lawyer,High,2.0,Cat_6,
Male,No,26,Yes,Doctor,Low,2.0,Cat_6,1.0
Female,Yes,48,Yes,Doctor,Low,1.0,Cat_3,1.0
Female,Yes,41,Yes,Artist,High,2.0,Cat_6,1.0
Male,Yes,50,Yes,Executive,High,3.0,Cat_2,9.0
Female,,48,Yes,Artist,Low,4.0,Cat_2,
Female,No,37,Yes,Marketing,Low,1.0,Cat_4,
Female,Yes,70,Yes,Artist,High,2.0,Cat_6,
Male,Yes,63,Yes,Artist,Low,1.0,Cat_6,8.0
Male,No,39,Yes,Marketing,Low,4.0,Cat_3,1.0
Male,Yes,52,Yes,Executive,High,4.0,Cat_6,1.0
Male,Yes,43,Yes,Executive,High,4.0,Cat_6,
Male,Yes,68,No,Lawyer,Low,3.0,Cat_4,2.0
Male,Yes,39,Yes,Doctor,Average,3.0,Cat_6,
Female,Yes,52,Yes,Artist,Low,2.0,,3.0
Male,No,33,Yes,Healthcare,Low,7.0,Cat_4,
Male,Yes,49,Yes,Artist,Low,3.0,Cat_6,
Male,Yes,40,No,Doctor,Average,2.0,Cat_3,
Male,Yes,45,No,Doctor,High,4.0,Cat_6,9.0
Female,No,60,Yes,Artist,Low,3.0,Cat_6,1.0
Male,Yes,57,Yes,Entertainment,Low,1.0,Cat_6,
Female,No,37,Yes,Artist,Low,1.0,Cat_2,
Male,Yes,53,Yes,Artist,High,4.0,Cat_6,
Female,Yes,62,,Artist,Average,3.0,Cat_3,1.0
Male,Yes,51,Yes,Engineer,Low,2.0,Cat_6,
Female,No,30,Yes,Healthcare,Low,4.0,Cat_4,
Female,No,40,Yes,Healthcare,Low,1.0,Cat_2,
Male,Yes,55,Yes,Doctor,Low,1.0,Cat_6,
Male,Yes,45,Yes,Artist,Average,4.0,Cat_6,
Female,No,53,No,Artist,Low,1.0,Cat_6,7.0
Male,No,20,No,Healthcare,Low,4.0,Cat_6,1.0
Male,No,22,No,Healthcare,Low,8.0,Cat_6,0.0
Female,Yes,42,Yes,Artist,High,3.0,Cat_2,3.0
Female,No,26,Yes,Doctor,Low,1.0,Cat_6,1.0
Male,Yes,45,Yes,Artist,Average,3.0,Cat_3,2.0
Female,No,18,No,Healthcare,Low,5.0,Cat_4,0.0
Male,Yes,39,Yes,Healthcare,Average,2.0,Cat_6,11.0
Female,No,32,Yes,Artist,Low,4.0,Cat_2,4.0
Female,Yes,56,Yes,Doctor,Low,2.0,Cat_6,
Female,Yes,65,No,Engineer,Average,3.0,Cat_4,1.0
Female,Yes,37,Yes,,Low,3.0,Cat_3,
Male,Yes,52,Yes,Artist,Average,2.0,Cat_6,4.0
Male,Yes,62,,Lawyer,Low,1.0,Cat_6,
Male,No,29,Yes,Healthcare,Low,3.0,Cat_6,
Male,Yes,28,No,Executive,High,5.0,Cat_6,1.0
Male,Yes,35,Yes,Artist,Average,2.0,Cat_6,1.0
Female,No,26,,Healthcare,Low,7.0,Cat_6,
Male,Yes,56,No,Healthcare,High,4.0,Cat_7,
Female,No,33,Yes,Doctor,Low,2.0,Cat_6,9.0
Female,Yes,53,No,Homemaker,Low,1.0,Cat_6,9.0
Female,No,38,Yes,Entertainment,Low,1.0,Cat_6,
Male,No,23,No,Healthcare,Low,4.0,Cat_4,
Female,Yes,32,Yes,Artist,High,2.0,Cat_6,4.0
Female,Yes,69,Yes,Artist,Average,2.0,Cat_4,
Male,Yes,49,Yes,Homemaker,Low,1.0,Cat_3,12.0
Female,No,25,No,Artist,Low,3.0,Cat_6,1.0
Male,Yes,36,Yes,Executive,Low,2.0,Cat_3,
Male,Yes,25,Yes,Artist,Low,4.0,Cat_6,9.0
Female,No,36,No,Artist,Low,1.0,Cat_5,
Male,No,26,Yes,Doctor,Low,3.0,Cat_6,1.0
Male,Yes,27,Yes,Healthcare,High,3.0,Cat_6,4.0
Female,No,49,Yes,Artist,Low,1.0,Cat_6,3.0
Female,No,43,Yes,Engineer,Low,1.0,Cat_6,9.0
Female,Yes,50,Yes,Artist,Average,2.0,Cat_3,
Male,Yes,51,Yes,Entertainment,Low,2.0,Cat_6,
Female,Yes,51,Yes,Artist,Average,2.0,Cat_7,1.0
Female,No,43,Yes,Artist,Low,4.0,Cat_6,1.0
Male,Yes,40,No,Entertainment,Low,4.0,Cat_3,5.0
Male,No,49,Yes,Doctor,Low,1.0,Cat_6,5.0
Female,Yes,57,Yes,Entertainment,Average,2.0,Cat_6,
Male,Yes,35,No,Healthcare,Low,5.0,Cat_6,1.0
Male,Yes,51,No,Executive,Low,3.0,Cat_2,5.0
Male,Yes,41,No,Doctor,Average,4.0,Cat_6,2.0
Male,No,33,No,Healthcare,Low,3.0,Cat_7,9.0
Male,No,43,No,Engineer,Low,,Cat_6,1.0
Male,No,28,No,,Low,1.0,Cat_4,1.0
Male,Yes,47,Yes,Artist,Low,1.0,Cat_6,13.0
Male,No,27,No,Healthcare,Low,3.0,Cat_6,1.0
Male,Yes,62,Yes,Artist,Average,5.0,Cat_6,1.0
Female,Yes,61,No,Engineer,Average,2.0,Cat_6,1.0
Female,No,23,No,Healthcare,Low,3.0,Cat_3,
Male,No,38,Yes,Entertainment,Low,2.0,Cat_4,
Male,Yes,85,Yes,Artist,High,4.0,Cat_6,1.0
Female,Yes,40,No,Engineer,Low,2.0,Cat_6,1.0
Female,Yes,37,Yes,Artist,High,2.0,Cat_6,8.0
Female,No,36,Yes,Marketing,Low,3.0,Cat_6,
Male,Yes,40,Yes,Entertainment,Average,2.0,,1.0
Female,Yes,52,No,Engineer,Average,5.0,Cat_4,9.0
Male,No,27,No,Healthcare,Low,3.0,Cat_6,5.0
Male,Yes,56,Yes,Entertainment,Average,2.0,Cat_6,
Male,No,26,Yes,Healthcare,Low,1.0,Cat_6,1.0
Female,No,32,No,Healthcare,Low,5.0,Cat_1,2.0
Male,Yes,88,Yes,Lawyer,Low,1.0,Cat_6,1.0
Male,Yes,66,Yes,Lawyer,Low,1.0,Cat_6,
Male,Yes,38,Yes,Doctor,Average,3.0,Cat_6,11.0
Female,Yes,81,No,,High,2.0,Cat_6,
Male,Yes,49,No,Artist,Average,4.0,Cat_6,
Female,Yes,26,No,Doctor,Average,3.0,Cat_4,
Male,Yes,61,Yes,Artist,Average,2.0,Cat_6,
Male,No,25,No,Healthcare,Low,5.0,Cat_6,4.0
Male,Yes,85,Yes,Lawyer,High,2.0,Cat_4,1.0
Male,No,28,Yes,Doctor,Low,9.0,Cat_4,1.0
Male,No,38,Yes,Artist,Low,1.0,Cat_6,9.0
Male,No,27,No,Healthcare,Low,4.0,Cat_6,3.0
Male,Yes,50,No,Entertainment,Average,3.0,Cat_6,
Female,No,53,Yes,Engineer,Low,1.0,Cat_6,
Male,Yes,55,Yes,Entertainment,Low,4.0,Cat_4,
Female,Yes,89,Yes,Lawyer,High,2.0,Cat_6,1.0
Male,No,30,Yes,Healthcare,Low,5.0,Cat_6,9.0
Male,Yes,30,Yes,Healthcare,Low,6.0,Cat_6,
Male,Yes,72,Yes,Artist,Low,1.0,Cat_6,6.0
Male,Yes,46,No,Artist,Low,4.0,Cat_6,1.0
Male,Yes,43,No,Artist,Average,2.0,Cat_3,
Male,Yes,31,No,Healthcare,Average,5.0,Cat_4,
Female,Yes,38,Yes,Doctor,Low,4.0,Cat_3,1.0
Male,No,29,No,Artist,Low,3.0,Cat_2,1.0
Male,Yes,42,No,Artist,Average,5.0,Cat_6,7.0
Male,Yes,57,No,Executive,High,4.0,Cat_6,4.0
Male,Yes,43,No,Executive,High,3.0,Cat_4,1.0
Male,Yes,39,Yes,Artist,Average,2.0,Cat_6,14.0
Male,Yes,35,Yes,Doctor,Low,,Cat_4,1.0
Female,Yes,61,Yes,Homemaker,Average,,Cat_3,1.0
Male,Yes,29,Yes,Artist,Low,5.0,Cat_4,
Female,Yes,72,No,Entertainment,Average,3.0,Cat_6,7.0
Male,Yes,55,Yes,Executive,High,4.0,Cat_6,9.0
Male,Yes,43,Yes,Marketing,High,6.0,Cat_4,
Male,No,21,No,Healthcare,Low,3.0,Cat_3,1.0
Female,Yes,36,Yes,Homemaker,Average,3.0,Cat_3,1.0
Male,Yes,68,No,Executive,High,2.0,Cat_6,1.0
Male,Yes,49,Yes,Engineer,Average,2.0,Cat_3,
Male,No,29,Yes,Entertainment,Low,5.0,Cat_4,
Female,No,19,No,Marketing,Low,4.0,Cat_6,1.0
Male,No,27,Yes,Healthcare,Low,3.0,Cat_4,1.0
Female,Yes,38,Yes,Artist,Low,1.0,Cat_6,
Female,Yes,28,No,Entertainment,Average,2.0,Cat_4,
Male,Yes,70,Yes,Lawyer,High,2.0,Cat_6,
Male,Yes,37,Yes,Artist,Low,1.0,Cat_6,6.0
Male,Yes,50,Yes,Doctor,Low,2.0,Cat_6,1.0
Male,No,19,No,Healthcare,Low,,Cat_6,
Female,No,28,Yes,Entertainment,Low,4.0,Cat_6,
Male,Yes,73,No,Executive,High,2.0,Cat_4,1.0
Male,Yes,56,Yes,Executive,High,4.0,Cat_6,
Female,Yes,77,Yes,Lawyer,High,2.0,Cat_6,
Female,No,41,Yes,Artist,Low,1.0,Cat_6,
Female,Yes,45,Yes,Artist,Average,5.0,Cat_3,1.0
Male,Yes,25,Yes,Artist,Low,2.0,Cat_6,12.0
Female,Yes,70,No,Artist,High,2.0,Cat_6,
Female,Yes,70,Yes,Lawyer,High,2.0,Cat_2,1.0
Female,No,32,No,Healthcare,Low,,Cat_7,
Female,Yes,35,Yes,Healthcare,Average,2.0,Cat_2,12.0
Female,No,29,No,Healthcare,Low,3.0,Cat_6,
Female,Yes,45,No,Artist,Average,4.0,Cat_6,4.0
Male,Yes,45,No,Executive,High,4.0,Cat_4,3.0
Female,Yes,47,Yes,Artist,Average,4.0,Cat_3,1.0
Male,Yes,31,Yes,Engineer,Low,2.0,Cat_6,1.0
Female,Yes,39,Yes,Artist,Low,,Cat_4,9.0
Male,Yes,32,Yes,Doctor,Average,2.0,Cat_3,
Female,Yes,35,Yes,Artist,Average,2.0,Cat_6,1.0
Male,Yes,60,Yes,Executive,High,4.0,Cat_6,1.0
Female,No,30,No,Engineer,Low,5.0,Cat_3,1.0
Male,No,18,No,Doctor,Low,6.0,Cat_4,0.0
Male,Yes,43,Yes,Artist,Low,4.0,Cat_6,
Male,No,84,No,Artist,Low,1.0,Cat_6,
Female,Yes,49,Yes,Artist,Average,6.0,Cat_6,6.0
Male,Yes,40,No,Executive,Average,4.0,Cat_4,
Female,No,23,No,Healthcare,Low,5.0,Cat_5,
Female,Yes,50,Yes,Artist,High,8.0,Cat_6,1.0
Male,No,30,No,Engineer,Low,4.0,Cat_6,1.0
Female,Yes,27,Yes,Engineer,Low,2.0,Cat_3,4.0
Male,Yes,88,No,Executive,High,3.0,Cat_6,
Male,No,25,No,Healthcare,Low,5.0,Cat_2,3.0
Male,Yes,67,Yes,Executive,High,3.0,Cat_6,1.0
Female,No,23,No,Entertainment,Low,2.0,Cat_3,
Male,No,27,No,Entertainment,Low,3.0,Cat_6,14.0
Male,Yes,71,No,Lawyer,High,2.0,Cat_6,3.0
Female,No,46,Yes,Entertainment,Low,2.0,Cat_6,1.0
Male,Yes,48,Yes,Executive,High,4.0,Cat_6,9.0
Female,Yes,51,Yes,Artist,Low,2.0,Cat_3,3.0
Female,Yes,59,Yes,Artist,Average,2.0,Cat_6,
Female,Yes,63,Yes,,Average,3.0,Cat_6,4.0
Male,Yes,61,No,Entertainment,Low,2.0,Cat_6,1.0
Male,Yes,41,Yes,Executive,High,4.0,Cat_4,
Male,Yes,45,Yes,Artist,Low,2.0,Cat_2,7.0
Female,Yes,33,Yes,Marketing,High,2.0,Cat_6,8.0
Female,No,33,Yes,Healthcare,Low,,Cat_6,
Male,Yes,38,Yes,Artist,Average,2.0,Cat_4,8.0
Female,No,31,Yes,Entertainment,Low,1.0,Cat_6,1.0
Male,Yes,27,Yes,Entertainment,Low,4.0,Cat_6,9.0
Female,No,51,Yes,Entertainment,Low,1.0,Cat_6,
Male,Yes,84,No,Lawyer,Low,1.0,Cat_6,1.0
Male,Yes,61,Yes,Artist,Low,2.0,Cat_6,
Female,No,19,No,Healthcare,Low,,Cat_3,
Male,Yes,37,Yes,Artist,Average,2.0,Cat_3,6.0
Male,No,31,Yes,Healthcare,Low,2.0,Cat_4,
Female,Yes,38,No,Executive,Average,4.0,Cat_4,
Female,Yes,35,Yes,Engineer,High,3.0,Cat_6,5.0
Female,Yes,46,No,Engineer,Low,1.0,Cat_6,8.0
Male,Yes,41,Yes,Executive,High,2.0,Cat_6,7.0
Female,No,26,,Healthcare,Low,4.0,Cat_6,9.0
Female,No,51,Yes,Artist,Low,1.0,Cat_6,2.0
Male,Yes,42,No,Entertainment,Low,3.0,Cat_4,
Male,No,29,No,Doctor,Low,3.0,Cat_6,1.0
Female,No,36,Yes,Artist,Low,1.0,Cat_2,
Female,Yes,59,Yes,Artist,High,5.0,Cat_1,3.0
Female,No,20,No,Healthcare,Low,,Cat_6,0.0
Female,Yes,35,Yes,Homemaker,Average,2.0,Cat_4,9.0
Male,No,26,No,Engineer,Low,4.0,Cat_3,
Male,No,29,Yes,Doctor,Low,2.0,Cat_3,
Male,Yes,41,No,Engineer,Average,2.0,Cat_7,
Female,No,51,Yes,Artist,Low,1.0,Cat_6,
Female,Yes,42,Yes,Artist,Average,2.0,Cat_6,1.0
Male,Yes,39,Yes,Artist,Average,2.0,Cat_6,
Male,No,22,No,Healthcare,Low,4.0,Cat_6,1.0
Female,Yes,70,Yes,Artist,High,2.0,Cat_6,5.0
Female,Yes,41,Yes,Artist,Average,2.0,Cat_7,
Female,Yes,59,No,Artist,High,2.0,Cat_6,1.0
Female,No,39,Yes,Engineer,Low,1.0,Cat_6,1.0
Male,No,18,No,Healthcare,Low,3.0,Cat_3,4.0
Male,No,49,No,Healthcare,Low,1.0,Cat_6,
Male,Yes,32,Yes,Doctor,Average,2.0,Cat_6,11.0
Male,No,36,Yes,Marketing,Low,1.0,Cat_6,
Male,Yes,36,Yes,Artist,Average,5.0,Cat_4,9.0
Male,Yes,82,Yes,Lawyer,High,2.0,Cat_6,
Male,No,40,Yes,Artist,Low,1.0,Cat_6,1.0
Female,Yes,72,Yes,Lawyer,High,2.0,Cat_6,
Male,Yes,35,Yes,Entertainment,Low,2.0,Cat_6,1.0
Female,No,25,No,Marketing,Low,7.0,Cat_2,
Male,No,49,No,Entertainment,Low,3.0,Cat_3,1.0
Female,,31,,Doctor,High,2.0,Cat_4,9.0
Male,No,32,Yes,Healthcare,Low,4.0,Cat_6,
Male,No,28,No,Healthcare,Low,9.0,Cat_6,
Female,Yes,31,Yes,Artist,Average,2.0,Cat_4,
Male,No,36,Yes,Artist,Low,2.0,Cat_2,
Female,,33,No,Healthcare,Low,3.0,Cat_2,2.0
Female,Yes,38,No,Engineer,Average,5.0,Cat_3,
Male,,40,Yes,Artist,Low,1.0,Cat_7,1.0
Male,Yes,51,Yes,Doctor,Average,2.0,Cat_6,11.0
Male,Yes,42,No,Executive,High,4.0,Cat_6,2.0
Female,Yes,37,Yes,Entertainment,Average,3.0,Cat_4,6.0
Male,No,33,No,Healthcare,Low,7.0,Cat_4,
Female,Yes,29,Yes,Healthcare,Average,2.0,Cat_6,6.0
Male,No,28,Yes,Healthcare,Low,3.0,Cat_6,1.0
Female,No,39,Yes,Engineer,Low,3.0,Cat_6,
Male,Yes,46,Yes,Entertainment,Average,3.0,Cat_4,
Male,No,29,Yes,Healthcare,Low,3.0,Cat_6,2.0
Female,No,20,No,Marketing,Low,3.0,Cat_3,1.0
Male,Yes,68,Yes,Engineer,Low,1.0,Cat_6,
Male,Yes,56,Yes,Artist,Low,2.0,Cat_6,
Male,Yes,58,Yes,Artist,Low,2.0,Cat_6,7.0
Female,No,39,Yes,Doctor,Low,3.0,Cat_6,9.0
Male,No,30,No,Healthcare,Low,2.0,Cat_4,
Female,No,36,Yes,Engineer,Low,1.0,Cat_4,
Male,Yes,69,No,Doctor,Average,3.0,Cat_4,
Male,Yes,28,Yes,Healthcare,Low,4.0,Cat_7,1.0
Male,No,26,Yes,Healthcare,Low,5.0,Cat_6,
Female,No,38,Yes,Healthcare,Low,4.0,Cat_6,
Male,No,27,Yes,Artist,Low,8.0,Cat_4,
Female,No,82,No,Lawyer,Low,3.0,Cat_6,
Male,Yes,39,Yes,Entertainment,Average,2.0,Cat_6,6.0
Female,,49,No,Healthcare,Average,2.0,Cat_3,2.0
Male,Yes,49,No,Executive,High,5.0,Cat_7,3.0
Female,Yes,46,Yes,Artist,Average,4.0,Cat_6,9.0
Female,No,29,Yes,Homemaker,Low,1.0,Cat_6,13.0
Male,Yes,39,Yes,Artist,Average,4.0,Cat_3,
Female,No,33,No,Healthcare,Low,3.0,,8.0
Female,Yes,45,Yes,Engineer,High,5.0,Cat_6,
Male,No,33,No,Artist,Low,,Cat_3,
Male,Yes,45,Yes,Artist,Low,4.0,Cat_3,1.0
Male,Yes,45,Yes,Artist,Average,4.0,Cat_6,
Male,Yes,53,Yes,Executive,Average,4.0,Cat_6,1.0
Male,No,52,No,Artist,Low,1.0,Cat_6,5.0
Male,Yes,40,Yes,Artist,Low,2.0,Cat_6,
Male,Yes,56,Yes,Healthcare,High,3.0,Cat_6,
Female,Yes,56,No,,Average,3.0,Cat_4,
Male,No,36,Yes,Artist,Low,1.0,Cat_6,13.0
Female,No,29,Yes,Healthcare,Low,4.0,Cat_6,
Female,Yes,26,No,Engineer,Low,2.0,Cat_3,6.0
Male,Yes,46,Yes,Artist,Average,3.0,Cat_6,
Male,Yes,59,No,Doctor,Average,2.0,Cat_6,
Female,No,43,,Entertainment,Low,1.0,Cat_6,
Male,No,27,No,Healthcare,Low,3.0,Cat_3,1.0
Male,Yes,62,No,Executive,High,4.0,Cat_6,
Female,Yes,53,No,Engineer,Low,3.0,Cat_5,
Male,Yes,46,Yes,Artist,Average,2.0,Cat_1,8.0
Male,No,43,Yes,Entertainment,Low,2.0,Cat_4,1.0
Male,No,31,No,Doctor,Low,4.0,Cat_6,1.0
Male,Yes,40,Yes,Executive,High,5.0,Cat_6,
Male,Yes,38,No,Artist,High,5.0,Cat_6,8.0
Male,Yes,70,Yes,Lawyer,High,2.0,Cat_6,1.0
Female,No,41,Yes,Artist,Low,1.0,Cat_6,
Female,No,29,Yes,Engineer,Low,1.0,Cat_6,1.0
Male,Yes,40,Yes,Marketing,Average,2.0,Cat_2,
Female,Yes,36,No,Artist,Average,4.0,Cat_4,1.0
Female,Yes,52,Yes,Engineer,High,5.0,Cat_6,
Male,Yes,40,Yes,Artist,Average,2.0,Cat_6,8.0
Female,Yes,39,Yes,Artist,High,2.0,Cat_6,
Male,No,31,No,Healthcare,Low,8.0,Cat_4,9.0
Male,Yes,85,No,Lawyer,Low,1.0,Cat_4,
Male,Yes,52,,Entertainment,Average,5.0,Cat_4,
Male,No,22,No,Healthcare,Low,9.0,Cat_6,0.0
Male,Yes,48,Yes,Artist,Average,3.0,Cat_2,1.0
Female,Yes,52,No,Artist,Average,4.0,Cat_6,
Female,No,61,Yes,Entertainment,Low,1.0,Cat_6,3.0
Female,Yes,67,Yes,Entertainment,Low,,Cat_6,1.0
Female,No,39,Yes,Homemaker,Low,6.0,Cat_6,1.0
Male,Yes,49,Yes,Executive,Low,2.0,Cat_6,1.0
Female,No,22,No,Healthcare,Low,7.0,Cat_6,0.0
Female,Yes,35,Yes,Artist,Average,2.0,Cat_6,
Male,Yes,59,Yes,Executive,High,5.0,Cat_6,
Female,No,28,Yes,Healthcare,Low,5.0,Cat_6,
Female,No,31,No,Healthcare,Low,4.0,Cat_6,
Male,Yes,69,Yes,Artist,Average,2.0,Cat_6,
Female,No,31,Yes,Healthcare,Low,4.0,Cat_6,8.0
Male,Yes,25,Yes,Entertainment,High,2.0,Cat_3,1.0
Female,No,51,Yes,Artist,Low,1.0,Cat_6,
Male,No,53,Yes,Artist,Low,1.0,Cat_6,
Male,Yes,37,Yes,Artist,High,2.0,Cat_6,9.0
Male,No,36,Yes,Doctor,Low,1.0,Cat_6,
Male,No,86,No,Lawyer,Low,1.0,Cat_6,1.0
Male,No,28,No,Entertainment,Low,2.0,Cat_7,1.0
Male,Yes,56,No,Artist,Average,2.0,Cat_6,1.0
Female,Yes,28,Yes,Doctor,Average,2.0,Cat_4,1.0
Male,Yes,41,Yes,Doctor,Low,2.0,Cat_6,
Male,Yes,37,No,Engineer,Average,3.0,Cat_4,8.0
Female,No,32,No,Entertainment,Low,5.0,Cat_6,12.0
Male,Yes,53,Yes,Artist,Average,3.0,Cat_6,2.0
Female,Yes,89,No,Lawyer,High,2.0,Cat_6,3.0
Male,Yes,55,Yes,Entertainment,Low,2.0,Cat_6,1.0
Male,Yes,61,No,Engineer,Average,5.0,Cat_4,7.0
Male,Yes,56,Yes,Artist,Average,4.0,Cat_6,
Male,No,19,No,Healthcare,Low,5.0,Cat_6,3.0
Female,No,33,No,Entertainment,Low,1.0,Cat_3,1.0
Female,Yes,43,No,Engineer,Average,4.0,Cat_4,9.0
Female,Yes,45,Yes,Artist,Average,4.0,Cat_4,1.0
Male,Yes,79,Yes,Lawyer,Low,1.0,Cat_6,2.0
Male,No,20,No,Healthcare,Low,4.0,Cat_3,5.0
Female,No,85,Yes,Lawyer,Low,3.0,Cat_6,
Female,Yes,36,Yes,Artist,Low,2.0,Cat_6,5.0
Female,No,26,No,Executive,Low,3.0,Cat_6,8.0
Male,Yes,55,Yes,Artist,Average,2.0,Cat_1,9.0
Female,No,52,Yes,Doctor,Low,1.0,Cat_4,1.0
Female,No,19,No,Healthcare,Low,3.0,Cat_6,3.0
Female,No,33,No,Entertainment,Low,5.0,Cat_4,8.0
Female,Yes,38,Yes,Artist,Average,3.0,Cat_4,1.0
Male,Yes,33,Yes,Entertainment,Low,2.0,Cat_7,1.0
Female,No,28,Yes,Healthcare,Low,3.0,Cat_3,1.0
Female,Yes,46,Yes,Artist,Average,4.0,Cat_6,1.0
Female,Yes,79,Yes,Lawyer,High,2.0,Cat_4,1.0
Male,Yes,33,No,Artist,Average,2.0,Cat_4,1.0
Female,Yes,60,Yes,Artist,Low,3.0,Cat_4,2.0
Male,No,29,No,Healthcare,Low,3.0,Cat_6,
Male,Yes,68,No,Entertainment,Low,1.0,Cat_6,1.0
Female,Yes,27,No,Engineer,Low,2.0,Cat_3,9.0
Male,Yes,41,Yes,Doctor,Average,2.0,Cat_6,9.0
Male,Yes,69,No,Doctor,Average,2.0,Cat_6,
Male,No,18,No,Healthcare,Low,3.0,Cat_4,1.0
Male,Yes,39,No,Executive,Average,4.0,Cat_4,8.0
Female,No,33,No,Homemaker,Low,1.0,Cat_6,9.0
Male,Yes,46,Yes,Marketing,Low,1.0,Cat_6,
Female,Yes,50,Yes,Artist,Average,2.0,Cat_3,
Female,Yes,82,No,Entertainment,High,2.0,Cat_6,
Male,Yes,68,No,Executive,High,2.0,Cat_6,1.0
Female,No,28,No,Healthcare,Low,3.0,Cat_4,1.0
Male,Yes,37,No,Entertainment,Average,4.0,Cat_3,
Female,No,36,Yes,Entertainment,Low,1.0,Cat_3,
Male,No,25,Yes,Artist,Low,3.0,Cat_6,9.0
Female,Yes,40,Yes,Engineer,Average,2.0,Cat_6,
Female,Yes,83,No,Lawyer,High,2.0,Cat_6,
Male,No,35,Yes,Artist,Low,1.0,Cat_6,9.0
Male,Yes,69,Yes,Lawyer,Low,1.0,Cat_6,1.0
Female,Yes,50,Yes,Artist,Average,4.0,Cat_6,9.0
Female,Yes,45,Yes,Artist,Low,1.0,Cat_3,
Female,No,22,No,Doctor,Low,3.0,Cat_3,1.0
Male,No,19,No,Entertainment,Low,3.0,Cat_6,0.0
Female,No,28,No,Doctor,Low,1.0,Cat_6,14.0
Female,Yes,48,No,Artist,Low,,,
Male,No,29,Yes,Healthcare,Low,6.0,Cat_6,9.0
Male,No,28,Yes,Entertainment,Low,2.0,Cat_6,14.0
Female,Yes,47,Yes,Artist,Average,2.0,Cat_6,7.0
Male,Yes,30,Yes,Healthcare,High,2.0,Cat_4,1.0
Male,Yes,26,Yes,Artist,Average,,Cat_6,5.0
Male,No,28,No,Doctor,Low,5.0,Cat_2,1.0
Female,No,30,Yes,Artist,Low,1.0,Cat_6,
Male,Yes,53,Yes,Executive,High,3.0,Cat_6,
Male,Yes,27,Yes,Entertainment,Low,2.0,Cat_6,10.0
Female,Yes,83,Yes,Lawyer,Low,3.0,Cat_6,
Male,Yes,27,No,Executive,Low,2.0,Cat_4,
Female,No,37,Yes,Doctor,Low,1.0,Cat_2,5.0
Male,Yes,39,Yes,Artist,Average,,Cat_6,4.0
Female,No,33,Yes,Artist,Low,5.0,Cat_3,
Male,No,35,Yes,Artist,Low,2.0,Cat_6,1.0
Female,No,37,Yes,Artist,Low,1.0,Cat_2,9.0
Male,No,30,No,Executive,Low,5.0,Cat_6,5.0
Male,No,53,Yes,Artist,Low,2.0,Cat_4,
Male,Yes,89,Yes,Executive,Low,3.0,Cat_6,3.0
Female,Yes,75,No,Entertainment,High,2.0,Cat_2,2.0
Male,No,32,Yes,Healthcare,Low,3.0,Cat_6,1.0
Female,No,20,No,Healthcare,Low,5.0,Cat_6,1.0
Male,Yes,62,Yes,Entertainment,Average,2.0,Cat_6,9.0
Male,Yes,86,Yes,Executive,High,2.0,Cat_2,
Male,,53,Yes,Artist,Average,3.0,Cat_3,
Male,No,35,,,Low,,Cat_6,
Male,No,59,No,Entertainment,Low,3.0,Cat_6,
Male,Yes,27,Yes,Doctor,Average,3.0,Cat_6,9.0
Male,Yes,76,Yes,Lawyer,Low,1.0,Cat_3,1.0
Male,Yes,36,Yes,Executive,Low,3.0,Cat_6,1.0
Male,No,23,No,Healthcare,Low,3.0,Cat_6,8.0
Female,No,27,Yes,Doctor,Low,1.0,Cat_6,8.0
Female,Yes,51,Yes,Artist,Average,3.0,Cat_6,1.0
Male,No,32,Yes,Healthcare,Low,2.0,Cat_6,9.0
Male,No,25,Yes,Marketing,Low,5.0,Cat_3,
Female,Yes,52,Yes,Artist,Average,4.0,Cat_6,
Female,No,28,Yes,Homemaker,Low,1.0,,11.0
Male,Yes,56,Yes,Doctor,Low,1.0,Cat_6,
Male,Yes,79,No,Lawyer,Low,1.0,Cat_6,1.0
Male,Yes,35,Yes,Artist,Low,1.0,Cat_6,9.0
Female,Yes,60,Yes,Homemaker,Low,4.0,Cat_6,1.0
Female,No,37,Yes,Entertainment,Low,1.0,Cat_6,1.0
Female,No,40,Yes,Artist,Low,1.0,Cat_6,6.0
Female,Yes,40,No,Homemaker,Average,5.0,Cat_4,9.0
Female,Yes,40,No,Engineer,Low,3.0,Cat_6,
Female,No,37,Yes,Artist,Low,1.0,Cat_6,9.0
Female,No,21,No,Healthcare,Low,4.0,Cat_2,1.0
Female,Yes,38,Yes,Artist,High,2.0,Cat_2,9.0
Female,No,26,No,Entertainment,Low,8.0,Cat_4,6.0
Female,Yes,49,Yes,Artist,High,4.0,,
Female,No,37,No,Homemaker,Low,1.0,Cat_6,8.0
Male,,38,Yes,Entertainment,Average,4.0,Cat_3,
Male,Yes,36,Yes,Engineer,Average,3.0,Cat_4,1.0
Female,Yes,45,Yes,Artist,Average,4.0,Cat_4,
Male,Yes,49,Yes,Executive,High,4.0,Cat_6,1.0
Female,No,21,No,Doctor,Low,3.0,Cat_7,1.0
Female,Yes,43,Yes,Artist,Low,1.0,Cat_6,
Female,No,33,Yes,Healthcare,Low,3.0,Cat_6,
Female,No,63,Yes,Doctor,Low,2.0,Cat_6,
Female,Yes,45,Yes,Executive,High,2.0,Cat_6,7.0
Male,No,25,Yes,Healthcare,Low,5.0,Cat_4,4.0
Male,Yes,28,Yes,Healthcare,High,2.0,Cat_6,8.0
Male,Yes,40,Yes,Artist,Low,2.0,Cat_6,
Female,No,18,No,Healthcare,Low,4.0,Cat_6,3.0
Female,Yes,32,Yes,Homemaker,High,2.0,Cat_3,4.0
Male,Yes,39,Yes,,Average,5.0,Cat_4,
Male,No,22,No,Healthcare,Low,4.0,Cat_6,1.0
Male,Yes,40,Yes,Artist,High,,Cat_6,
Male,Yes,33,No,Executive,High,4.0,Cat_6,
Female,No,30,Yes,Doctor,Low,9.0,Cat_4,
Male,Yes,46,Yes,Artist,Low,2.0,Cat_6,1.0
Male,Yes,79,No,Lawyer,High,2.0,Cat_6,
Male,No,22,No,Healthcare,Low,2.0,Cat_4,2.0
Male,No,29,No,Marketing,Low,4.0,Cat_3,9.0
Female,Yes,88,Yes,Lawyer,High,3.0,Cat_6,
Male,Yes,53,Yes,Healthcare,High,2.0,Cat_6,
Female,Yes,61,No,Engineer,High,3.0,Cat_4,1.0
Male,Yes,55,Yes,Artist,Average,3.0,Cat_6,
Female,Yes,56,Yes,Artist,Average,4.0,Cat_6,
Male,Yes,42,Yes,Healthcare,Low,2.0,Cat_4,5.0
Male,Yes,55,Yes,Entertainment,Low,3.0,Cat_6,1.0
Male,Yes,86,Yes,Healthcare,Low,1.0,Cat_6,
Female,Yes,50,Yes,Artist,Low,1.0,Cat_6,
Male,Yes,42,Yes,Artist,Average,2.0,Cat_6,5.0
Female,Yes,47,Yes,Artist,High,2.0,Cat_6,8.0
Female,No,51,Yes,Artist,Low,1.0,Cat_6,1.0
Male,No,53,Yes,Artist,Low,1.0,Cat_6,3.0
Female,Yes,46,Yes,Artist,Average,5.0,Cat_6,3.0
Male,Yes,51,Yes,Artist,Average,4.0,Cat_2,
Male,No,31,No,Healthcare,Low,3.0,Cat_2,1.0
Male,No,29,No,Healthcare,Low,6.0,Cat_6,
Female,No,26,No,Homemaker,Low,6.0,Cat_3,
Male,No,49,Yes,Artist,Low,1.0,Cat_6,1.0
Female,No,36,Yes,Healthcare,Low,2.0,Cat_6,1.0
Male,No,21,No,Healthcare,Low,5.0,Cat_6,0.0
Female,No,62,No,Entertainment,Low,1.0,Cat_6,2.0
Female,Yes,26,No,Doctor,Average,2.0,Cat_4,1.0
Male,No,29,Yes,Healthcare,Low,4.0,Cat_6,
Male,Yes,46,Yes,Doctor,Low,4.0,Cat_3,2.0
Female,No,32,Yes,Engineer,Low,3.0,Cat_6,
Male,Yes,35,Yes,Executive,High,4.0,Cat_6,
Female,No,30,No,Healthcare,Low,3.0,Cat_4,3.0
Female,No,52,Yes,Healthcare,Low,1.0,Cat_3,
Female,Yes,46,Yes,Artist,Low,2.0,Cat_6,
Female,Yes,50,Yes,Artist,Average,4.0,Cat_6,1.0
Male,Yes,68,Yes,Artist,High,2.0,Cat_6,1.0
Male,Yes,42,Yes,Healthcare,Average,4.0,Cat_4,
Female,No,40,Yes,Healthcare,Low,1.0,Cat_4,
Female,Yes,38,Yes,Artist,Average,4.0,Cat_3,1.0
Female,Yes,31,No,Engineer,Low,2.0,Cat_4,8.0
Female,Yes,38,Yes,Artist,Low,2.0,Cat_3,6.0
Female,No,56,Yes,Lawyer,Low,2.0,Cat_6,
Male,No,18,No,Marketing,Low,4.0,Cat_1,1.0
Male,,22,No,Healthcare,Low,2.0,Cat_6,
Male,No,21,No,Healthcare,Low,4.0,Cat_3,7.0
Male,No,28,Yes,Artist,Low,4.0,Cat_7,
Male,No,22,No,Marketing,Low,4.0,Cat_2,0.0
Female,Yes,40,Yes,Artist,Low,2.0,Cat_6,
Female,Yes,68,No,Lawyer,High,3.0,Cat_6,
Male,Yes,53,Yes,Entertainment,Average,2.0,Cat_6,1.0
Female,No,49,Yes,Doctor,Low,2.0,Cat_6,
Male,Yes,52,Yes,Executive,High,2.0,Cat_6,
Male,No,33,No,Healthcare,Low,4.0,Cat_6,1.0
Male,No,42,Yes,Artist,Low,1.0,Cat_6,8.0
Female,Yes,42,No,Engineer,Average,2.0,Cat_6,
Female,No,21,No,Healthcare,Low,4.0,Cat_2,0.0
Female,No,31,No,Doctor,Low,4.0,Cat_6,
Male,Yes,45,Yes,Artist,High,4.0,Cat_3,7.0
Male,No,19,No,Healthcare,Low,9.0,Cat_7,1.0
Female,No,22,No,Doctor,Low,2.0,Cat_4,0.0
Female,Yes,25,Yes,Artist,Average,2.0,Cat_4,8.0
Male,Yes,58,Yes,Artist,Average,5.0,Cat_6,1.0
Male,No,36,Yes,Doctor,Low,1.0,Cat_6,1.0
Female,No,32,Yes,Artist,Low,1.0,Cat_6,9.0
Female,No,31,Yes,Entertainment,Low,3.0,Cat_3,
Male,Yes,28,No,Entertainment,Average,2.0,Cat_4,
Female,No,42,Yes,Artist,Low,1.0,Cat_6,12.0
Female,Yes,69,Yes,Artist,High,4.0,Cat_6,1.0
Female,No,25,Yes,Engineer,Low,2.0,Cat_3,
Male,No,32,No,Executive,Low,2.0,Cat_3,
Female,No,25,No,Executive,Low,3.0,Cat_6,1.0
Male,Yes,40,Yes,Engineer,Low,2.0,Cat_3,7.0
Male,Yes,63,Yes,Executive,High,5.0,Cat_6,
Male,Yes,70,No,Lawyer,High,3.0,Cat_1,
Female,No,41,Yes,Artist,Low,1.0,Cat_6,
Male,Yes,35,Yes,Artist,Average,3.0,Cat_6,1.0
Male,Yes,62,Yes,Artist,Average,4.0,Cat_6,
Female,Yes,55,No,Engineer,Average,7.0,Cat_6,1.0
Female,No,53,Yes,Artist,Low,1.0,Cat_6,1.0
Male,Yes,71,No,Marketing,Low,1.0,Cat_6,1.0
Male,Yes,32,No,Executive,Average,5.0,Cat_4,4.0
Male,Yes,42,Yes,Artist,Average,2.0,Cat_6,
Male,Yes,35,Yes,Doctor,High,3.0,Cat_6,9.0
Male,No,31,No,Artist,Low,,,1.0
Male,No,40,Yes,Doctor,Low,,Cat_6,9.0
Female,No,25,No,Doctor,Low,3.0,Cat_6,
Female,Yes,41,Yes,Artist,Average,2.0,Cat_6,1.0
Male,Yes,30,Yes,Healthcare,Low,2.0,Cat_6,8.0
Male,Yes,55,Yes,Artist,Low,2.0,Cat_6,1.0
Male,Yes,43,Yes,Artist,Average,2.0,Cat_2,9.0
Male,Yes,35,Yes,Doctor,High,2.0,Cat_6,5.0
Male,Yes,40,Yes,Artist,Low,2.0,Cat_6,9.0
Female,Yes,40,Yes,Artist,Average,5.0,Cat_6,9.0
Male,Yes,56,No,Artist,Average,3.0,Cat_6,1.0
Male,No,18,No,Healthcare,Low,4.0,Cat_6,
Male,Yes,56,,Entertainment,Average,4.0,Cat_3,4.0
Female,Yes,43,Yes,,Low,2.0,Cat_6,1.0
Female,Yes,45,Yes,Artist,Average,5.0,Cat_4,
Female,No,36,No,Engineer,Low,2.0,Cat_6,
Male,Yes,25,Yes,Entertainment,Average,2.0,Cat_6,8.0
Female,No,19,No,Healthcare,Low,5.0,,4.0
Male,No,23,No,Healthcare,Low,3.0,Cat_2,
Male,No,82,,Lawyer,Low,2.0,Cat_4,1.0
Male,No,21,No,Healthcare,Low,6.0,Cat_5,1.0
Female,No,39,Yes,Engineer,Low,4.0,Cat_6,
Male,Yes,39,Yes,Entertainment,Average,4.0,Cat_3,1.0
Male,Yes,35,No,Artist,Average,2.0,Cat_6,4.0
Female,Yes,41,No,Doctor,Average,9.0,Cat_4,
Male,No,38,Yes,Artist,Low,4.0,Cat_2,6.0
Male,Yes,63,Yes,Marketing,High,3.0,Cat_6,1.0
Male,Yes,70,Yes,Artist,Low,2.0,Cat_6,1.0
Female,Yes,40,Yes,Artist,Average,2.0,Cat_6,1.0
Female,No,35,Yes,Artist,Low,1.0,Cat_6,
Female,No,31,No,Healthcare,Low,5.0,Cat_4,1.0
Male,Yes,69,Yes,Lawyer,High,4.0,Cat_6,
Female,No,50,Yes,Healthcare,Low,1.0,Cat_6,
Male,No,19,No,Doctor,Low,5.0,Cat_3,
Female,No,27,Yes,Engineer,Low,1.0,Cat_6,11.0
Female,Yes,47,Yes,,Low,1.0,,2.0
Female,Yes,37,Yes,Artist,Average,3.0,Cat_3,3.0
Female,No,48,Yes,Homemaker,Low,1.0,Cat_3,1.0
Male,No,27,Yes,Healthcare,Low,1.0,Cat_6,
Male,Yes,56,No,Lawyer,High,2.0,Cat_6,
Male,Yes,76,Yes,,High,2.0,Cat_6,1.0
Male,No,30,Yes,Doctor,Low,1.0,Cat_3,1.0
Male,Yes,70,No,Lawyer,Low,1.0,Cat_6,
Female,Yes,43,No,Engineer,Average,,Cat_4,
Female,Yes,35,No,Engineer,Average,4.0,Cat_4,7.0
Male,No,28,No,Executive,Low,4.0,Cat_6,9.0
Female,No,43,Yes,Artist,Low,1.0,Cat_6,1.0
Female,No,31,No,Healthcare,Low,,Cat_4,
Male,Yes,72,No,Entertainment,Average,2.0,Cat_6,2.0
Female,No,43,Yes,Entertainment,Low,,Cat_3,8.0
Female,Yes,68,Yes,Lawyer,Low,1.0,Cat_6,3.0
Male,No,31,No,Healthcare,Low,4.0,Cat_6,
Female,Yes,71,Yes,Lawyer,High,2.0,Cat_6,8.0
Male,Yes,61,Yes,Entertainment,Average,6.0,Cat_6,3.0
Male,Yes,26,Yes,Artist,Average,2.0,Cat_6,6.0
Female,No,32,Yes,Engineer,Low,1.0,Cat_6,
Female,No,53,No,Lawyer,Low,1.0,Cat_6,1.0
Female,Yes,36,Yes,Entertainment,Average,3.0,Cat_6,
Female,Yes,40,Yes,Artist,Low,1.0,Cat_6,8.0
Male,Yes,65,Yes,Artist,Average,4.0,Cat_2,
Male,Yes,46,Yes,Entertainment,Low,,Cat_6,
Female,No,33,Yes,Healthcare,Low,5.0,Cat_6,1.0
Female,Yes,48,Yes,Engineer,High,5.0,Cat_4,
Female,Yes,70,No,Engineer,Low,1.0,Cat_3,7.0
Female,Yes,69,Yes,Lawyer,High,2.0,Cat_6,1.0
Male,Yes,53,Yes,Artist,Average,3.0,Cat_6,1.0
Female,No,48,Yes,Artist,Low,1.0,Cat_2,1.0
Male,Yes,42,Yes,Artist,Average,4.0,Cat_6,3.0
Female,Yes,88,No,Lawyer,High,2.0,Cat_6,
Male,Yes,36,Yes,Artist,Average,2.0,Cat_6,9.0
Female,Yes,57,Yes,Artist,Average,4.0,Cat_4,
Male,Yes,43,No,Doctor,Low,2.0,Cat_6,
Female,No,28,No,Marketing,Low,5.0,Cat_4,
Female,No,41,No,Marketing,Low,3.0,Cat_3,9.0
Female,No,28,Yes,Engineer,Low,1.0,Cat_6,7.0
Male,Yes,46,No,Artist,High,3.0,Cat_6,1.0
Male,No,32,No,Healthcare,Low,3.0,Cat_6,9.0
Male,Yes,62,No,Executive,High,4.0,Cat_6,
Female,Yes,42,Yes,Doctor,Low,1.0,Cat_6,8.0
Female,Yes,48,Yes,Artist,Average,4.0,Cat_6,2.0
Male,Yes,82,Yes,Lawyer,Low,1.0,Cat_6,7.0
Female,Yes,52,Yes,Engineer,Low,3.0,Cat_3,
Female,Yes,51,Yes,Engineer,Low,1.0,Cat_6,
Male,Yes,66,Yes,Executive,High,2.0,Cat_6,1.0
Male,Yes,68,Yes,Artist,Low,1.0,Cat_6,1.0
Female,Yes,58,Yes,Artist,Low,,Cat_6,
Female,No,41,Yes,Entertainment,Low,2.0,Cat_6,5.0
Female,Yes,81,No,Lawyer,High,2.0,Cat_6,
Male,Yes,61,No,Entertainment,Low,,Cat_6,1.0
Female,No,33,No,Marketing,Low,4.0,Cat_3,
Female,Yes,87,Yes,Artist,Average,2.0,Cat_6,1.0
Female,Yes,39,Yes,Engineer,Average,2.0,Cat_6,8.0
Male,No,20,No,Doctor,Low,4.0,Cat_6,0.0
Female,No,27,No,Homemaker,Low,1.0,Cat_6,9.0
Female,Yes,61,Yes,Artist,Low,1.0,Cat_6,
Female,No,47,Yes,Artist,Low,1.0,Cat_6,4.0
Female,No,33,No,Healthcare,Low,3.0,Cat_4,
Female,Yes,62,Yes,Engineer,Low,1.0,Cat_3,1.0
Male,Yes,84,No,Lawyer,Low,1.0,Cat_6,1.0
Male,No,26,Yes,Artist,Low,1.0,,
Female,Yes,85,No,Lawyer,Low,,,
Male,Yes,36,Yes,Artist,Average,2.0,Cat_6,
Female,No,33,Yes,Healthcare,Low,1.0,Cat_4,8.0
Female,Yes,31,No,Homemaker,Average,2.0,Cat_6,12.0
Male,No,25,No,Healthcare,Low,3.0,Cat_6,1.0
Male,No,31,Yes,Doctor,Low,2.0,Cat_7,14.0
Male,No,32,Yes,Entertainment,Low,1.0,Cat_6,1.0
Male,No,29,Yes,Entertainment,Low,4.0,Cat_6,8.0
Male,Yes,51,Yes,Artist,Average,2.0,Cat_6,3.0
Male,Yes,73,No,Executive,Low,,Cat_6,1.0
Female,No,33,Yes,Engineer,Low,5.0,Cat_7,
Male,Yes,38,Yes,Artist,Average,4.0,Cat_6,1.0
Male,Yes,56,Yes,Artist,Average,3.0,Cat_6,
Male,Yes,38,Yes,Artist,Low,2.0,Cat_6,
Male,No,20,No,Healthcare,Low,4.0,Cat_6,0.0
Female,No,42,No,Entertainment,Low,3.0,Cat_6,1.0
Female,No,23,No,Engineer,Low,1.0,Cat_3,11.0
Male,Yes,35,Yes,Artist,Average,2.0,Cat_6,2.0
Male,No,26,Yes,Artist,Low,4.0,Cat_4,
Female,No,59,Yes,Artist,Low,,Cat_3,
Female,No,40,Yes,Homemaker,Low,1.0,Cat_6,9.0
Male,Yes,45,Yes,Executive,Low,5.0,Cat_6,1.0
Male,Yes,37,Yes,Artist,Average,2.0,Cat_6,1.0
Female,Yes,52,,Engineer,Low,1.0,Cat_4,1.0
Male,No,27,No,Doctor,Low,3.0,Cat_6,1.0
Female,Yes,45,Yes,Artist,Low,1.0,Cat_6,4.0
Male,Yes,61,Yes,Entertainment,Average,4.0,Cat_6,2.0
Female,Yes,87,Yes,Lawyer,High,2.0,Cat_6,
Male,Yes,26,Yes,Marketing,Low,2.0,Cat_3,
Male,No,26,Yes,Healthcare,Low,3.0,Cat_3,
Female,No,42,Yes,Artist,Low,1.0,Cat_6,
Male,Yes,79,No,Lawyer,Low,1.0,Cat_6,
Female,No,29,No,Healthcare,Low,,,8.0
Female,Yes,31,No,Engineer,Low,4.0,Cat_6,9.0
Female,No,27,No,Healthcare,Low,5.0,Cat_6,
Female,No,36,Yes,Artist,Low,1.0,Cat_6,6.0
Male,Yes,38,Yes,Entertainment,Low,2.0,Cat_4,
Male,No,40,Yes,Entertainment,Low,2.0,Cat_2,
Male,Yes,45,No,Executive,Average,4.0,Cat_6,1.0
Female,Yes,84,Yes,Lawyer,Low,1.0,Cat_6,
Female,No,30,No,Healthcare,Low,6.0,Cat_4,7.0
Female,No,46,Yes,Engineer,Low,2.0,Cat_1,1.0
Female,Yes,39,Yes,Artist,Low,1.0,Cat_6,
Male,Yes,39,Yes,Healthcare,Average,5.0,Cat_3,7.0
Male,No,22,No,Doctor,Low,3.0,Cat_2,1.0
Male,Yes,72,Yes,Executive,High,4.0,Cat_6,1.0
Male,Yes,60,Yes,Artist,Average,2.0,Cat_3,1.0
Female,Yes,38,Yes,Artist,Low,4.0,Cat_6,6.0
Male,No,28,Yes,Artist,Low,1.0,Cat_6,9.0
Female,No,49,Yes,,Low,2.0,Cat_6,
Male,No,45,Yes,Artist,Low,1.0,Cat_6,
Male,No,21,No,Healthcare,Low,4.0,Cat_6,2.0
Female,Yes,67,Yes,Engineer,Low,1.0,Cat_6,1.0
Female,No,21,No,Healthcare,Low,5.0,Cat_6,0.0
Male,Yes,42,Yes,Executive,High,6.0,Cat_7,9.0
Male,Yes,60,Yes,Entertainment,Average,3.0,Cat_6,1.0
Female,No,33,Yes,Entertainment,Low,3.0,Cat_6,
Male,Yes,73,No,Executive,High,3.0,Cat_6,
Male,No,75,No,Lawyer,Low,2.0,Cat_6,
Female,Yes,48,No,Doctor,Low,1.0,Cat_4,4.0
Male,No,33,No,Entertainment,Low,1.0,Cat_6,8.0
Female,No,43,Yes,Artist,Low,2.0,Cat_6,1.0
Male,No,26,No,Doctor,Low,4.0,Cat_6,
Male,No,41,No,Engineer,Low,7.0,Cat_4,9.0
Male,No,31,Yes,Healthcare,Low,3.0,Cat_6,
Male,No,23,No,Healthcare,Low,3.0,Cat_2,2.0
Female,Yes,40,No,Doctor,Average,2.0,Cat_7,2.0
Male,No,31,No,Healthcare,Low,,Cat_6,
Male,No,41,Yes,Entertainment,Low,2.0,Cat_3,1.0
Male,Yes,87,Yes,Lawyer,Low,4.0,Cat_6,9.0
Male,Yes,78,No,Lawyer,High,2.0,Cat_2,1.0
Female,Yes,60,No,Artist,Average,3.0,Cat_6,
Female,Yes,38,Yes,Engineer,Low,2.0,Cat_6,1.0
Female,No,33,Yes,Doctor,Low,3.0,Cat_6,
Female,Yes,50,Yes,Entertainment,Low,2.0,Cat_6,4.0
Female,No,40,Yes,Engineer,Low,1.0,Cat_3,
Male,Yes,69,No,Executive,Average,4.0,Cat_2,
Male,Yes,68,No,Executive,Average,2.0,Cat_6,1.0
Male,Yes,84,No,Lawyer,High,2.0,Cat_6,1.0
Male,No,38,Yes,Artist,Low,1.0,Cat_6,1.0
Male,Yes,66,Yes,Executive,Average,2.0,Cat_6,
Male,Yes,29,No,Healthcare,Low,4.0,Cat_4,
Male,Yes,69,No,Lawyer,Low,1.0,Cat_6,
Female,No,26,Yes,Artist,Low,1.0,Cat_6,9.0
Male,No,18,No,Healthcare,Low,3.0,Cat_6,9.0
Male,No,20,No,Healthcare,Low,3.0,Cat_6,
Male,Yes,65,Yes,Lawyer,Low,1.0,Cat_4,
Male,No,21,No,Healthcare,Low,5.0,Cat_4,1.0
Female,No,28,No,Healthcare,Low,3.0,Cat_4,
Male,No,45,Yes,Entertainment,Low,2.0,Cat_6,1.0
Male,Yes,66,Yes,Entertainment,Average,2.0,Cat_6,1.0
Male,Yes,38,Yes,Engineer,Average,4.0,Cat_4,
Female,Yes,47,Yes,Doctor,Average,2.0,Cat_4,1.0
Female,Yes,55,Yes,Entertainment,Average,5.0,Cat_6,1.0
Male,Yes,58,Yes,Artist,Average,4.0,Cat_6,6.0
Female,No,33,Yes,Healthcare,Low,1.0,Cat_6,1.0
Female,Yes,51,Yes,Homemaker,Average,4.0,Cat_3,12.0
Male,No,18,No,Healthcare,Low,2.0,Cat_6,0.0
Female,Yes,74,Yes,Artist,Average,2.0,Cat_6,
Female,Yes,68,Yes,Artist,Average,3.0,Cat_6,
Female,No,38,Yes,Engineer,Low,4.0,Cat_6,8.0
Male,No,32,Yes,Healthcare,Low,,Cat_6,1.0
Female,Yes,39,Yes,Artist,Average,4.0,Cat_6,2.0
Male,No,30,No,Engineer,Low,3.0,Cat_4,9.0
Male,,35,Yes,Artist,Low,1.0,Cat_6,5.0
Female,No,33,Yes,Doctor,Low,6.0,Cat_4,
Male,,55,Yes,Entertainment,Average,5.0,Cat_6,
Male,Yes,42,No,Executive,High,5.0,Cat_6,3.0
Female,No,38,Yes,Healthcare,Low,2.0,Cat_6,
Male,Yes,29,Yes,Healthcare,Average,2.0,Cat_6,1.0
Female,Yes,69,Yes,Artist,High,2.0,Cat_6,9.0
Female,No,20,No,Doctor,Low,4.0,Cat_6,
Male,No,28,No,Marketing,Low,6.0,Cat_6,
Female,Yes,73,No,Lawyer,High,2.0,Cat_6,
Female,Yes,38,No,Engineer,High,5.0,Cat_6,1.0
Male,Yes,43,Yes,Doctor,Low,4.0,Cat_3,1.0
Female,No,39,Yes,Artist,Low,2.0,Cat_6,3.0
Male,No,22,No,Healthcare,Low,4.0,Cat_4,1.0
Female,No,30,No,Engineer,Low,,Cat_4,1.0
Male,Yes,36,Yes,Artist,Low,1.0,Cat_6,4.0
Male,Yes,37,No,Artist,Low,5.0,Cat_3,1.0
Male,No,25,Yes,Healthcare,Low,2.0,Cat_4,
Female,Yes,60,Yes,Artist,Average,2.0,Cat_6,1.0
Female,Yes,38,Yes,Doctor,High,4.0,Cat_3,7.0
Female,Yes,60,No,Engineer,High,9.0,Cat_4,1.0
Female,No,21,Yes,Healthcare,Low,4.0,Cat_1,0.0
Male,Yes,33,Yes,Entertainment,Average,2.0,Cat_3,
Male,Yes,53,Yes,Executive,High,2.0,Cat_6,1.0
Male,No,40,Yes,Artist,Low,2.0,Cat_6,5.0
Male,No,30,Yes,Healthcare,Low,1.0,Cat_6,
Male,No,52,Yes,Entertainment,Low,5.0,Cat_4,1.0
Male,Yes,36,Yes,Healthcare,High,2.0,Cat_6,8.0
Male,Yes,70,Yes,Entertainment,High,2.0,Cat_6,
Male,No,39,Yes,Artist,Low,2.0,Cat_6,1.0
Male,Yes,61,No,Healthcare,Low,3.0,Cat_6,
Male,No,43,Yes,Artist,Low,2.0,Cat_4,1.0
Female,No,42,Yes,Marketing,Low,3.0,Cat_6,
Male,No,23,No,Healthcare,Low,3.0,Cat_4,1.0
Female,Yes,33,Yes,Doctor,High,2.0,Cat_6,8.0
Male,Yes,52,Yes,Executive,High,4.0,Cat_6,
Female,Yes,81,No,Lawyer,High,2.0,Cat_6,
Female,No,33,No,Healthcare,Low,1.0,Cat_4,
Male,Yes,53,Yes,Artist,Average,2.0,Cat_6,
Female,No,42,Yes,Artist,Low,2.0,Cat_6,
Female,Yes,45,Yes,Artist,High,5.0,Cat_6,1.0
Female,No,48,Yes,Entertainment,Low,,Cat_4,1.0
Female,No,47,Yes,Marketing,Low,1.0,Cat_6,9.0
Male,Yes,72,Yes,Executive,High,2.0,Cat_6,1.0
Female,No,37,Yes,Healthcare,Low,1.0,Cat_6,
Female,No,41,Yes,Artist,Low,1.0,Cat_4,1.0
Male,No,31,Yes,Artist,Low,2.0,Cat_6,1.0
Female,Yes,33,Yes,Entertainment,Low,5.0,Cat_6,
Male,Yes,65,Yes,Artist,High,2.0,Cat_6,5.0
Male,Yes,35,Yes,Artist,Average,3.0,Cat_6,3.0
Female,Yes,45,Yes,Homemaker,Low,1.0,Cat_3,1.0
Female,No,53,Yes,Entertainment,Low,1.0,Cat_6,
Female,Yes,40,Yes,Artist,Average,2.0,Cat_6,1.0
Female,Yes,35,No,Engineer,High,2.0,,1.0
Female,No,32,Yes,Marketing,Low,1.0,Cat_6,8.0
Female,No,51,No,Entertainment,Low,1.0,Cat_6,1.0
Female,No,33,Yes,Homemaker,Low,1.0,Cat_6,8.0
Male,No,79,No,Lawyer,Low,1.0,Cat_4,
Male,Yes,43,Yes,Artist,Average,4.0,Cat_6,1.0
Female,Yes,26,Yes,Healthcare,High,7.0,Cat_2,6.0
Female,Yes,50,Yes,Artist,Low,3.0,Cat_4,1.0
Male,Yes,82,Yes,Lawyer,Low,1.0,Cat_6,
Male,No,20,No,Healthcare,Low,4.0,,1.0
Male,Yes,48,Yes,Artist,Average,3.0,Cat_6,
Male,Yes,40,No,Executive,Low,4.0,Cat_6,7.0
Male,No,52,Yes,Artist,Low,1.0,Cat_6,1.0
Female,Yes,49,No,Artist,Average,4.0,Cat_3,1.0
Male,No,23,No,Healthcare,Low,4.0,Cat_3,
Male,No,35,Yes,Entertainment,Low,3.0,Cat_7,
Female,No,26,Yes,Healthcare,Low,5.0,Cat_4,1.0
Female,No,21,No,Healthcare,Low,3.0,Cat_3,1.0
Male,Yes,48,Yes,Executive,Low,2.0,Cat_6,
Female,Yes,69,Yes,Lawyer,High,2.0,Cat_6,
Male,No,26,Yes,Healthcare,Low,2.0,Cat_3,1.0
Female,Yes,62,No,Doctor,Average,5.0,Cat_3,
Male,No,33,No,Healthcare,Low,5.0,Cat_2,1.0
Female,Yes,65,Yes,Artist,Average,2.0,Cat_6,3.0
Female,No,31,No,Engineer,Low,4.0,Cat_6,1.0
Male,Yes,32,No,Doctor,Low,2.0,Cat_6,
Male,Yes,67,Yes,Executive,Low,2.0,Cat_6,1.0
Female,,62,Yes,Artist,Average,3.0,Cat_6,4.0
Male,Yes,42,No,Entertainment,Average,3.0,Cat_6,9.0
Female,Yes,40,Yes,Artist,Average,2.0,Cat_6,1.0
Female,No,26,No,Doctor,Low,2.0,Cat_6,
Female,No,27,Yes,Homemaker,Low,7.0,Cat_6,6.0
Male,No,33,No,Entertainment,Low,1.0,Cat_6,14.0
Male,Yes,57,Yes,Lawyer,High,2.0,Cat_6,1.0
Male,Yes,55,Yes,Artist,Average,2.0,Cat_1,9.0
Male,Yes,41,Yes,Artist,High,2.0,Cat_3,7.0
Female,No,26,No,Healthcare,Low,,Cat_5,1.0
Female,Yes,45,Yes,Artist,High,5.0,Cat_6,8.0
Female,Yes,35,Yes,Engineer,Low,2.0,Cat_6,5.0
Male,No,42,Yes,Artist,Low,2.0,Cat_3,6.0
Female,No,38,No,Homemaker,Low,1.0,Cat_2,5.0
Female,No,28,No,Marketing,Low,2.0,Cat_3,9.0
Female,No,32,Yes,Healthcare,Low,3.0,Cat_6,6.0
Male,Yes,63,Yes,Entertainment,Average,3.0,Cat_6,
Male,Yes,30,Yes,Entertainment,Average,3.0,Cat_4,
Male,Yes,40,Yes,Artist,Average,4.0,Cat_6,1.0
Female,Yes,62,Yes,Artist,Low,2.0,Cat_6,3.0
Female,Yes,53,Yes,Artist,Low,2.0,Cat_6,1.0
Female,Yes,29,No,Homemaker,Average,2.0,Cat_4,
Male,Yes,72,No,Lawyer,High,2.0,,
Male,Yes,84,No,Lawyer,Low,1.0,Cat_6,
Female,Yes,56,Yes,Engineer,Average,3.0,Cat_6,1.0
Male,No,33,No,Doctor,Low,4.0,Cat_4,1.0
Female,Yes,39,Yes,Artist,Average,3.0,Cat_6,8.0
Male,Yes,40,Yes,Entertainment,Average,2.0,Cat_6,8.0
Male,Yes,62,Yes,Artist,Low,3.0,Cat_6,
Male,Yes,58,Yes,Artist,Low,2.0,Cat_6,1.0
Female,Yes,33,Yes,Engineer,Average,2.0,Cat_6,2.0
Male,Yes,25,No,Entertainment,Average,,Cat_3,
Male,Yes,62,Yes,Entertainment,Low,1.0,Cat_6,
Male,Yes,52,Yes,Executive,High,4.0,Cat_4,1.0
Male,Yes,37,Yes,Entertainment,Average,2.0,Cat_3,8.0
Male,Yes,49,Yes,Entertainment,Low,1.0,Cat_6,
Female,Yes,52,No,Doctor,Average,3.0,Cat_4,
Female,Yes,62,Yes,Artist,High,2.0,Cat_6,
Female,Yes,56,Yes,Executive,High,4.0,Cat_1,
Male,Yes,37,Yes,Artist,Average,2.0,Cat_4,
Female,Yes,65,Yes,Artist,Low,1.0,Cat_6,13.0
Male,No,51,No,Entertainment,Low,1.0,Cat_6,1.0
Male,Yes,48,Yes,Artist,Low,3.0,Cat_3,1.0
Female,No,25,No,Homemaker,Low,1.0,Cat_6,
Female,Yes,48,Yes,Entertainment,Average,4.0,Cat_6,
Male,Yes,53,Yes,Doctor,Average,2.0,Cat_6,
Female,No,46,Yes,Engineer,Low,1.0,Cat_6,1.0
Female,Yes,88,Yes,Lawyer,Average,2.0,Cat_6,1.0
Female,No,43,Yes,Artist,Low,2.0,Cat_6,8.0
Female,Yes,37,Yes,Artist,Low,2.0,Cat_6,6.0
Male,No,39,Yes,Artist,Low,3.0,Cat_6,
Male,Yes,37,Yes,Entertainment,Average,3.0,Cat_4,1.0
Female,Yes,38,No,Engineer,Low,1.0,Cat_4,1.0
Male,Yes,59,No,Artist,Low,1.0,Cat_6,
Female,Yes,70,Yes,Artist,High,2.0,Cat_6,
Male,No,29,Yes,Artist,Low,1.0,Cat_6,
Male,Yes,35,Yes,Executive,High,3.0,Cat_6,4.0
Male,No,19,No,Healthcare,Low,4.0,Cat_6,1.0
Female,Yes,45,Yes,Artist,Average,2.0,Cat_6,5.0
Male,Yes,48,No,Executive,Average,4.0,Cat_6,1.0
Male,No,53,Yes,Entertainment,Low,3.0,Cat_4,1.0
Male,Yes,49,Yes,Artist,Average,4.0,Cat_6,1.0
Male,No,47,Yes,Engineer,Low,3.0,Cat_6,
Female,No,21,No,Healthcare,Low,7.0,Cat_2,8.0
Male,Yes,35,Yes,Artist,High,3.0,Cat_6,1.0
Female,No,28,Yes,Artist,Low,2.0,Cat_6,1.0
Female,Yes,40,Yes,Artist,Average,2.0,Cat_4,1.0
Male,No,18,No,Healthcare,Low,3.0,Cat_2,3.0
Male,Yes,79,Yes,Lawyer,High,2.0,Cat_6,1.0
Female,Yes,53,Yes,Artist,Average,3.0,Cat_6,
Female,No,42,Yes,Artist,Low,1.0,Cat_6,8.0
Male,Yes,56,No,Executive,Average,3.0,Cat_6,1.0
Male,Yes,84,No,Lawyer,High,2.0,Cat_6,1.0
Male,Yes,26,No,Homemaker,Average,2.0,Cat_6,9.0
Female,No,36,Yes,Artist,Low,2.0,Cat_6,5.0
Female,Yes,50,Yes,Doctor,Low,2.0,Cat_7,1.0
Male,Yes,40,Yes,Artist,Average,2.0,Cat_6,1.0
Male,Yes,67,Yes,Entertainment,Average,3.0,Cat_6,2.0
Female,No,45,No,Entertainment,Low,2.0,Cat_6,8.0
Female,No,25,Yes,Healthcare,Low,2.0,Cat_4,
Male,Yes,25,Yes,Artist,Average,2.0,Cat_6,8.0
Male,Yes,52,Yes,Artist,Low,2.0,Cat_6,
Male,No,19,No,Healthcare,Low,6.0,Cat_2,4.0
Female,No,35,Yes,Entertainment,Low,2.0,Cat_6,9.0
Male,Yes,39,No,Executive,High,4.0,Cat_3,
Female,No,40,Yes,Homemaker,Low,,Cat_6,9.0
Male,Yes,53,Yes,Artist,Low,3.0,Cat_6,
Female,No,27,Yes,Healthcare,Low,4.0,Cat_6,
Female,Yes,69,No,Artist,High,2.0,Cat_6,
Male,No,62,Yes,Artist,Low,,Cat_6,
Male,Yes,47,No,Artist,Average,5.0,Cat_4,
Female,Yes,69,No,Lawyer,Average,2.0,Cat_6,
Female,No,48,Yes,Artist,Low,1.0,Cat_3,1.0
Female,No,33,Yes,Homemaker,Low,,Cat_6,11.0
Male,Yes,65,No,Lawyer,High,2.0,Cat_6,
Male,Yes,31,No,Executive,High,3.0,Cat_6,1.0
Male,No,25,No,Healthcare,Low,5.0,Cat_4,1.0
Female,No,21,No,Healthcare,Low,7.0,Cat_4,9.0
Male,No,28,Yes,Entertainment,Low,3.0,Cat_4,
Female,No,27,Yes,Artist,Low,3.0,Cat_6,
Male,No,31,Yes,Healthcare,Low,1.0,Cat_6,
Male,Yes,80,Yes,Lawyer,Low,1.0,Cat_6,1.0
Male,No,27,No,Healthcare,Low,3.0,Cat_6,1.0
Female,Yes,58,Yes,Artist,Average,2.0,Cat_6,
Male,Yes,41,Yes,Artist,Average,3.0,Cat_6,3.0
Male,Yes,35,Yes,Executive,Average,4.0,Cat_6,6.0
Male,Yes,45,Yes,Executive,High,2.0,Cat_6,
Male,No,57,Yes,Entertainment,Low,1.0,,4.0
Female,Yes,52,Yes,Artist,Low,4.0,Cat_6,9.0
Female,Yes,87,Yes,Artist,Low,1.0,Cat_6,
Male,No,22,No,Healthcare,Low,6.0,Cat_4,1.0
Male,Yes,37,No,Doctor,Average,2.0,Cat_6,4.0
Female,No,32,Yes,Healthcare,Low,5.0,Cat_2,
Female,Yes,78,No,Lawyer,High,2.0,Cat_6,1.0
Female,No,30,Yes,Healthcare,Low,5.0,Cat_6,2.0
Male,Yes,50,Yes,Entertainment,Low,2.0,Cat_6,3.0
Male,Yes,46,Yes,Entertainment,Average,4.0,Cat_6,
Male,Yes,47,Yes,Executive,High,4.0,,1.0
Female,No,37,Yes,Artist,Low,4.0,Cat_4,7.0
Female,Yes,53,Yes,Artist,High,2.0,Cat_2,2.0
Male,Yes,56,No,Entertainment,Average,3.0,Cat_6,1.0
Female,Yes,56,Yes,Artist,Average,2.0,Cat_6,1.0
Male,Yes,66,No,Lawyer,High,3.0,Cat_6,
Female,No,27,No,Healthcare,Low,4.0,Cat_4,
Female,Yes,35,Yes,Entertainment,Low,4.0,Cat_1,
Female,Yes,51,Yes,Engineer,Average,2.0,Cat_6,1.0
Male,Yes,39,Yes,Entertainment,Low,1.0,Cat_6,
Male,Yes,63,Yes,Homemaker,Low,3.0,Cat_6,1.0
Male,Yes,35,Yes,Entertainment,Average,,Cat_2,8.0
Female,Yes,63,Yes,Marketing,Low,2.0,Cat_6,
Male,Yes,61,No,Engineer,Low,4.0,Cat_6,
Female,Yes,47,Yes,Artist,Low,3.0,Cat_6,
Male,Yes,43,Yes,Executive,High,3.0,Cat_6,7.0
Male,Yes,72,Yes,Artist,Low,1.0,Cat_6,
Male,Yes,43,Yes,Entertainment,Average,2.0,Cat_6,
Male,No,27,Yes,Artist,Low,1.0,Cat_6,
Male,Yes,51,No,Executive,High,4.0,Cat_6,
Female,Yes,63,Yes,Artist,High,2.0,Cat_6,
Female,,72,No,Lawyer,Average,2.0,Cat_6,8.0
Female,Yes,46,Yes,Artist,Average,3.0,Cat_6,1.0
Male,No,21,No,Healthcare,Low,4.0,Cat_6,0.0
Female,No,28,No,Healthcare,Low,2.0,Cat_6,3.0
Male,No,42,Yes,Artist,Low,,Cat_6,8.0
Male,No,31,Yes,Healthcare,Low,3.0,Cat_7,9.0
Female,Yes,74,Yes,Doctor,Low,2.0,Cat_6,1.0
Female,No,20,No,Healthcare,Low,3.0,Cat_6,0.0
Female,Yes,53,Yes,Marketing,Low,1.0,Cat_6,6.0
Male,No,32,Yes,Healthcare,Low,5.0,Cat_6,9.0
Female,Yes,42,Yes,Healthcare,Average,2.0,Cat_6,9.0
Male,Yes,41,Yes,Artist,High,2.0,Cat_2,
Male,No,29,No,Entertainment,Low,4.0,Cat_6,8.0
Male,Yes,68,No,Executive,High,2.0,Cat_6,1.0
Female,Yes,51,No,Engineer,Low,4.0,Cat_6,
Female,Yes,76,Yes,Artist,High,2.0,Cat_6,1.0
Male,No,27,No,Healthcare,Low,4.0,Cat_6,
Male,Yes,59,No,Entertainment,Low,2.0,Cat_6,1.0
Male,No,30,Yes,Artist,Low,1.0,Cat_6,1.0
Female,Yes,41,Yes,Engineer,Average,4.0,Cat_6,1.0
Male,No,32,No,Artist,Low,4.0,Cat_6,
Male,No,20,No,Healthcare,Low,4.0,Cat_3,0.0
Male,Yes,58,Yes,Artist,Average,3.0,,8.0
Male,No,53,Yes,Artist,Low,1.0,Cat_6,2.0
Female,No,31,Yes,Entertainment,Low,3.0,Cat_7,9.0
Female,Yes,60,Yes,Artist,Average,4.0,Cat_6,
Male,No,37,Yes,Artist,Low,4.0,Cat_6,1.0
Female,Yes,57,Yes,Artist,Low,2.0,Cat_6,
Female,Yes,75,Yes,,High,2.0,Cat_6,
Female,Yes,71,No,Lawyer,High,3.0,Cat_6,1.0
Female,No,21,No,Executive,Low,,Cat_7,8.0
Male,No,28,No,Healthcare,Low,5.0,Cat_7,4.0
Female,No,32,Yes,Healthcare,Low,3.0,Cat_6,8.0
Male,Yes,61,Yes,Executive,High,2.0,Cat_6,9.0
Male,Yes,47,Yes,Entertainment,Average,4.0,Cat_6,1.0
Male,No,22,No,Engineer,Low,4.0,Cat_6,0.0
Female,Yes,66,No,Engineer,Average,2.0,Cat_4,
Female,No,32,No,Artist,Low,5.0,Cat_1,
Male,Yes,60,Yes,Artist,Average,4.0,Cat_3,
Male,Yes,57,No,,Average,2.0,Cat_4,1.0
Female,Yes,39,Yes,Artist,Average,4.0,Cat_6,
Male,Yes,41,Yes,Engineer,Average,2.0,Cat_4,1.0
Male,No,38,Yes,Artist,Low,3.0,Cat_2,8.0
Female,Yes,58,Yes,Engineer,High,4.0,Cat_6,
Female,Yes,41,No,Engineer,Average,3.0,Cat_6,8.0
Female,No,31,No,Doctor,Low,2.0,Cat_3,6.0
Male,No,19,No,Healthcare,Low,4.0,Cat_6,
Female,Yes,27,No,Doctor,Low,,Cat_3,
Female,Yes,29,No,Artist,Average,2.0,Cat_3,
Male,Yes,57,Yes,Artist,Average,4.0,Cat_6,
Female,Yes,52,Yes,Doctor,Average,2.0,Cat_6,
Female,No,18,No,Healthcare,Low,4.0,Cat_6,1.0
Female,No,23,No,Lawyer,Low,6.0,Cat_3,
Male,Yes,32,Yes,Entertainment,Average,2.0,Cat_3,1.0
Male,Yes,47,Yes,Artist,Low,2.0,Cat_6,1.0
Male,Yes,42,Yes,Entertainment,Average,2.0,Cat_4,
Female,No,19,No,Healthcare,Low,,Cat_3,
Female,Yes,62,Yes,Entertainment,Low,1.0,Cat_6,1.0
Female,Yes,51,Yes,Artist,High,2.0,Cat_4,6.0
Male,Yes,47,No,Executive,High,5.0,Cat_6,
Male,Yes,51,No,Executive,Average,3.0,Cat_4,9.0
Male,Yes,65,Yes,Artist,Average,4.0,Cat_6,1.0
Male,Yes,35,Yes,Artist,Average,3.0,Cat_2,
Female,Yes,48,No,Executive,Average,3.0,Cat_2,9.0
Female,Yes,43,Yes,Artist,High,3.0,Cat_6,4.0
Female,No,31,No,Doctor,Low,4.0,Cat_3,
Female,Yes,58,Yes,Artist,Average,5.0,Cat_6,
Male,Yes,46,Yes,Artist,Low,2.0,Cat_6,
Female,Yes,63,Yes,Artist,Average,5.0,Cat_3,1.0
Female,No,38,Yes,Engineer,Low,3.0,Cat_6,
Male,Yes,62,No,Entertainment,Average,2.0,Cat_6,1.0
Female,Yes,26,No,Marketing,Low,5.0,Cat_4,
Female,No,29,Yes,Healthcare,Low,4.0,Cat_6,1.0
Male,No,26,Yes,Healthcare,Low,3.0,Cat_6,1.0
Female,No,32,Yes,Doctor,Low,3.0,Cat_4,5.0
Male,Yes,50,Yes,,Average,4.0,Cat_7,1.0
Male,No,30,Yes,Doctor,Low,2.0,Cat_6,3.0
Female,No,35,Yes,Healthcare,Low,1.0,Cat_6,1.0
Female,No,23,No,Healthcare,Low,3.0,Cat_6,
Male,Yes,73,No,Executive,Low,1.0,Cat_6,1.0
Male,No,41,Yes,Entertainment,Low,1.0,Cat_4,
Female,Yes,29,Yes,Healthcare,Low,3.0,Cat_3,8.0
Female,No,42,Yes,Homemaker,Low,1.0,Cat_6,10.0
Male,Yes,38,Yes,Artist,Low,7.0,Cat_6,5.0
Female,No,33,No,Doctor,Low,4.0,Cat_6,
Male,Yes,72,Yes,Executive,High,5.0,Cat_6,1.0
Male,Yes,69,Yes,Artist,Low,1.0,Cat_6,
Female,Yes,85,Yes,Lawyer,Low,1.0,Cat_3,
Male,No,28,Yes,Healthcare,Low,1.0,Cat_6,
Male,Yes,77,Yes,Lawyer,Low,1.0,Cat_6,1.0
Male,No,20,No,Healthcare,Low,5.0,Cat_2,5.0
Male,No,30,No,Executive,Low,2.0,Cat_6,1.0
Female,Yes,40,Yes,Doctor,Low,,Cat_6,1.0
Male,Yes,57,Yes,Artist,Average,5.0,Cat_6,1.0
Female,Yes,40,Yes,Artist,Average,2.0,Cat_6,9.0
Male,Yes,43,No,Artist,Average,2.0,Cat_6,4.0
Female,Yes,66,Yes,Engineer,Average,3.0,Cat_6,
Female,No,27,No,Healthcare,Low,1.0,Cat_6,14.0
Male,No,36,No,Artist,Low,4.0,Cat_6,2.0
Male,Yes,88,Yes,Lawyer,High,2.0,Cat_6,
Male,Yes,39,Yes,Artist,Average,2.0,Cat_3,9.0
Male,No,83,Yes,Lawyer,Low,1.0,Cat_6,
Female,No,20,No,Healthcare,Low,4.0,Cat_6,0.0
Male,Yes,52,Yes,Artist,Average,4.0,Cat_6,3.0
Female,No,18,No,Healthcare,Low,3.0,Cat_4,7.0
Male,No,22,No,Healthcare,Low,4.0,Cat_6,
Male,Yes,51,Yes,Artist,Low,2.0,Cat_7,1.0
Male,Yes,60,Yes,,Low,2.0,Cat_6,
Male,Yes,40,No,Executive,Low,3.0,Cat_6,
Female,Yes,35,Yes,Homemaker,Average,2.0,Cat_6,9.0
Male,Yes,53,Yes,Artist,Low,1.0,Cat_6,9.0
Female,Yes,49,Yes,Artist,Average,3.0,Cat_7,
Male,Yes,53,Yes,Artist,High,3.0,Cat_7,3.0
Female,No,35,Yes,Artist,Low,,Cat_6,8.0
Male,Yes,46,Yes,Artist,Low,2.0,Cat_6,4.0
Female,No,27,Yes,Artist,Low,5.0,Cat_6,1.0
Male,Yes,65,No,Lawyer,High,2.0,Cat_3,
Female,No,53,No,Entertainment,Low,1.0,Cat_4,1.0
Female,Yes,42,Yes,Artist,Average,2.0,Cat_6,2.0
Female,,20,No,Homemaker,Low,1.0,Cat_4,13.0
Female,Yes,49,Yes,Marketing,Low,2.0,Cat_6,9.0
Male,Yes,47,Yes,Artist,Average,4.0,Cat_6,1.0
Female,No,38,Yes,Doctor,Low,3.0,Cat_6,4.0
Male,No,25,Yes,Artist,Low,1.0,Cat_6,
Female,No,26,No,Homemaker,Low,,Cat_4,9.0
Female,Yes,26,No,Homemaker,Average,4.0,Cat_2,8.0
Male,No,27,No,Doctor,Low,3.0,Cat_6,
Female,No,19,No,Healthcare,Low,2.0,Cat_6,1.0
Female,No,31,No,Engineer,Low,1.0,Cat_3,1.0
Female,No,50,Yes,Artist,Low,1.0,Cat_6,1.0
Female,No,21,No,Marketing,Low,2.0,Cat_3,2.0
Male,No,33,No,Engineer,Low,4.0,Cat_1,
Female,No,27,No,Healthcare,Low,3.0,Cat_2,5.0
Female,Yes,52,Yes,Artist,High,3.0,Cat_6,
Male,Yes,41,Yes,Artist,Average,2.0,Cat_6,6.0
Female,No,31,Yes,Healthcare,Low,7.0,Cat_5,9.0
Male,Yes,27,Yes,Healthcare,Average,2.0,Cat_3,2.0
Female,Yes,84,No,Lawyer,High,2.0,Cat_6,1.0
Male,No,22,No,Healthcare,Low,3.0,Cat_6,1.0
Female,No,30,Yes,Doctor,Low,3.0,Cat_6,
Male,Yes,35,Yes,Artist,Average,2.0,Cat_6,9.0
Female,No,55,Yes,Artist,Low,1.0,Cat_6,1.0
Male,No,19,No,Healthcare,Low,4.0,Cat_4,4.0
Male,Yes,26,No,Entertainment,Low,2.0,Cat_4,8.0
Male,Yes,37,Yes,Artist,Low,1.0,Cat_3,1.0
Male,Yes,63,No,Artist,Average,2.0,Cat_6,5.0
Male,No,32,Yes,Doctor,Low,4.0,Cat_4,
Female,No,25,Yes,Artist,Low,1.0,Cat_6,8.0
Female,Yes,35,Yes,Artist,High,2.0,Cat_7,
Male,Yes,21,No,Entertainment,Low,3.0,Cat_6,0.0
Female,Yes,88,Yes,Lawyer,High,2.0,Cat_6,
Male,No,21,No,Doctor,Low,4.0,Cat_6,
Female,Yes,76,Yes,Lawyer,High,3.0,Cat_6,5.0
Female,Yes,76,Yes,Lawyer,High,2.0,Cat_6,1.0
Male,No,22,No,Healthcare,Low,4.0,Cat_6,10.0
Male,Yes,67,Yes,Doctor,Average,3.0,Cat_6,1.0
Male,Yes,31,No,Entertainment,Low,6.0,Cat_4,1.0
Female,Yes,30,No,Engineer,Average,7.0,Cat_4,1.0
Male,Yes,76,No,Executive,Low,1.0,Cat_6,1.0
Female,No,33,No,Healthcare,Low,3.0,Cat_6,1.0
Male,,48,Yes,Executive,Low,2.0,Cat_1,
Female,No,33,No,Homemaker,Low,1.0,Cat_6,9.0
Male,Yes,57,Yes,Artist,Average,4.0,Cat_6,
Female,No,19,No,Healthcare,Low,4.0,Cat_6,1.0
Female,Yes,37,Yes,Artist,Average,2.0,Cat_2,7.0
Male,No,42,Yes,Artist,Low,1.0,Cat_6,3.0
Male,No,29,Yes,Homemaker,Low,1.0,Cat_6,5.0
Female,No,32,No,Homemaker,Low,1.0,Cat_6,8.0
Male,No,22,No,Healthcare,Low,5.0,Cat_4,
Male,No,23,No,Healthcare,Low,4.0,Cat_6,1.0
Female,Yes,31,Yes,Healthcare,Low,1.0,Cat_1,
Female,Yes,36,Yes,Homemaker,Average,2.0,Cat_6,
Female,Yes,47,Yes,Artist,Low,2.0,Cat_1,
Female,Yes,31,No,Artist,Average,2.0,Cat_6,7.0
Male,Yes,60,Yes,Artist,Low,1.0,Cat_6,1.0
Male,Yes,49,Yes,Artist,Average,2.0,Cat_6,
Male,Yes,43,Yes,Entertainment,Low,2.0,Cat_6,7.0
Female,No,23,No,Healthcare,Low,3.0,Cat_6,1.0
Female,Yes,41,Yes,Doctor,Low,1.0,Cat_6,
Female,Yes,66,Yes,Engineer,Low,2.0,Cat_6,
Male,Yes,42,Yes,Engineer,Low,2.0,Cat_6,1.0
Male,Yes,70,Yes,Lawyer,Low,1.0,Cat_6,
Female,No,27,Yes,Marketing,Low,3.0,Cat_6,12.0
Female,No,32,Yes,Artist,Low,3.0,Cat_6,7.0
Female,No,23,No,Healthcare,Low,5.0,Cat_6,3.0
Male,Yes,38,Yes,Artist,Average,4.0,Cat_6,3.0
Male,No,43,Yes,Entertainment,Low,1.0,Cat_3,5.0
Male,Yes,53,Yes,Artist,Average,3.0,Cat_6,1.0
Male,Yes,43,Yes,Doctor,Average,2.0,Cat_6,3.0
Male,Yes,49,Yes,Artist,Low,4.0,Cat_3,1.0
Male,No,33,Yes,Healthcare,Low,5.0,Cat_6,
Male,Yes,75,No,Executive,Low,1.0,Cat_6,
Male,No,47,Yes,Artist,Low,2.0,Cat_6,1.0
Female,Yes,52,No,Engineer,Average,4.0,Cat_4,9.0
Male,Yes,60,Yes,Entertainment,Low,3.0,Cat_6,1.0
Male,No,40,No,Entertainment,Low,1.0,Cat_3,5.0
Male,Yes,19,No,Marketing,High,5.0,Cat_6,2.0
Male,Yes,51,Yes,Engineer,Average,5.0,Cat_6,1.0
Female,No,26,Yes,Homemaker,Low,,Cat_3,9.0
Male,No,18,No,Healthcare,Low,4.0,Cat_6,8.0
Female,Yes,65,Yes,Artist,Average,2.0,Cat_6,
Female,No,33,Yes,Healthcare,Low,3.0,Cat_6,
Male,Yes,53,Yes,Executive,High,4.0,Cat_4,1.0
Male,Yes,28,No,Executive,Low,7.0,Cat_4,
Female,Yes,43,Yes,Artist,High,4.0,Cat_3,1.0
Male,Yes,27,Yes,Healthcare,Low,2.0,Cat_6,8.0
Female,Yes,63,Yes,Artist,High,4.0,Cat_6,
Female,Yes,69,Yes,Engineer,Low,1.0,Cat_4,1.0
Male,Yes,33,Yes,Executive,High,9.0,Cat_4,11.0
Female,Yes,82,No,Lawyer,Average,2.0,Cat_6,
Female,No,53,Yes,Artist,Low,1.0,Cat_6,9.0
Female,Yes,43,Yes,Artist,High,4.0,Cat_6,9.0
Male,Yes,65,Yes,Lawyer,High,2.0,Cat_6,1.0
Male,No,25,No,Marketing,Low,3.0,Cat_3,
Male,No,25,No,Doctor,Low,4.0,Cat_6,1.0
Male,Yes,25,No,Doctor,Low,2.0,Cat_1,1.0
Female,No,26,Yes,Homemaker,Low,,Cat_6,9.0
Female,No,18,No,Entertainment,Low,5.0,Cat_2,1.0
Male,No,53,Yes,Artist,Low,2.0,Cat_4,1.0
Male,Yes,56,Yes,Artist,High,2.0,Cat_6,
Female,No,25,No,Healthcare,Low,3.0,Cat_6,1.0
Male,Yes,43,Yes,Executive,High,3.0,Cat_4,6.0
Female,No,52,Yes,Artist,Low,1.0,Cat_6,1.0
Male,Yes,79,Yes,Artist,High,2.0,Cat_6,
Male,No,30,No,Healthcare,Low,4.0,Cat_6,
Male,No,28,Yes,Healthcare,Low,5.0,Cat_6,1.0
Male,Yes,53,Yes,Entertainment,Average,4.0,Cat_6,1.0
Male,Yes,46,Yes,Artist,Average,3.0,Cat_6,
Male,No,26,No,Healthcare,Low,4.0,Cat_3,
Female,Yes,52,Yes,Artist,Average,4.0,Cat_6,8.0
Male,No,43,No,Executive,Low,5.0,Cat_6,
Female,Yes,35,Yes,Artist,Average,3.0,Cat_6,1.0
Female,Yes,35,Yes,Artist,Low,2.0,Cat_3,1.0
Male,No,19,No,Doctor,Low,3.0,Cat_4,0.0
Male,No,30,No,Healthcare,Low,4.0,Cat_6,
Female,Yes,37,No,Homemaker,Average,3.0,Cat_6,13.0
Male,Yes,41,Yes,Artist,Low,2.0,Cat_6,
Male,No,26,No,Doctor,Low,6.0,Cat_4,
Female,Yes,65,Yes,Lawyer,High,3.0,Cat_6,
Male,Yes,41,No,Executive,Average,5.0,Cat_4,1.0
Female,Yes,28,Yes,Engineer,Low,2.0,Cat_6,
Female,No,43,Yes,Doctor,Low,1.0,Cat_6,
Female,No,40,Yes,Artist,Low,9.0,Cat_6,5.0
Male,Yes,42,Yes,Doctor,Average,2.0,Cat_6,
Female,No,26,Yes,Artist,Low,3.0,Cat_2,1.0
Female,Yes,72,Yes,Lawyer,High,4.0,Cat_2,1.0
Female,No,38,Yes,Healthcare,Low,1.0,Cat_4,
Female,Yes,27,No,Homemaker,Average,2.0,Cat_6,9.0
Male,Yes,39,Yes,Artist,Low,2.0,Cat_4,10.0
Female,Yes,36,Yes,Entertainment,Average,2.0,Cat_6,7.0
Female,No,41,Yes,Marketing,Low,2.0,Cat_6,1.0
Female,No,22,No,Doctor,Low,4.0,Cat_7,1.0
Female,No,18,No,Healthcare,Low,3.0,Cat_3,
Male,No,25,Yes,Healthcare,Low,,Cat_6,
Male,Yes,74,Yes,Entertainment,Average,2.0,Cat_6,1.0
Male,Yes,52,Yes,Entertainment,Average,2.0,Cat_6,
Female,,28,Yes,Healthcare,Low,8.0,Cat_3,4.0
Male,Yes,47,Yes,Artist,Average,4.0,Cat_6,13.0
Male,No,39,Yes,Artist,Low,1.0,Cat_1,
Female,No,31,Yes,Engineer,Low,4.0,Cat_4,1.0
Female,Yes,50,Yes,Engineer,Average,4.0,Cat_4,1.0
Male,No,25,Yes,Executive,Low,3.0,Cat_6,3.0
Female,No,33,Yes,Engineer,Low,3.0,Cat_6,1.0
Female,Yes,66,No,Marketing,High,2.0,Cat_1,
Female,Yes,55,Yes,Artist,Low,,Cat_6,6.0
Male,Yes,47,No,Executive,High,2.0,Cat_3,1.0
Male,Yes,56,Yes,Artist,Average,4.0,Cat_6,1.0
Female,No,40,Yes,Lawyer,Low,1.0,Cat_6,1.0
Male,Yes,38,Yes,Healthcare,High,4.0,Cat_3,1.0
Male,No,27,No,Artist,Low,8.0,Cat_6,9.0
Female,No,37,Yes,Healthcare,Low,3.0,Cat_6,1.0
Female,No,22,No,Healthcare,Low,6.0,Cat_6,2.0
Male,Yes,28,Yes,Homemaker,Average,2.0,Cat_6,13.0
Male,Yes,63,No,Healthcare,Average,4.0,Cat_4,
Male,Yes,53,Yes,Executive,Low,1.0,Cat_4,9.0
Male,Yes,42,Yes,Executive,High,2.0,Cat_6,
Female,No,26,Yes,Homemaker,Low,1.0,Cat_2,9.0
Male,Yes,53,Yes,Executive,High,3.0,Cat_6,4.0
Female,No,39,Yes,Artist,Low,1.0,Cat_6,3.0
Female,Yes,40,Yes,Artist,Low,1.0,Cat_6,1.0
Male,No,20,,Healthcare,Low,5.0,Cat_2,4.0
Female,No,28,Yes,Artist,Low,1.0,Cat_6,
Female,Yes,57,Yes,Executive,Average,2.0,Cat_6,
Male,Yes,45,Yes,Artist,Low,1.0,Cat_6,
Female,Yes,46,Yes,Artist,Average,2.0,Cat_6,8.0
Female,Yes,51,Yes,Artist,Average,2.0,Cat_2,
Female,No,26,Yes,Engineer,Low,8.0,Cat_6,9.0
Female,No,45,Yes,Engineer,Low,1.0,Cat_6,
Male,Yes,30,No,Engineer,Average,3.0,Cat_4,1.0
Female,No,42,Yes,Artist,Low,2.0,Cat_6,8.0
Female,No,50,Yes,Artist,Low,2.0,Cat_6,
Male,No,52,Yes,Artist,Low,1.0,Cat_6,6.0
Male,Yes,38,No,Entertainment,Average,2.0,Cat_6,1.0
Male,Yes,48,Yes,Entertainment,Low,1.0,Cat_6,9.0
Female,No,33,Yes,Entertainment,Low,4.0,Cat_6,1.0
Female,No,23,No,Healthcare,Low,3.0,Cat_6,9.0
Male,No,42,Yes,Entertainment,Low,2.0,Cat_6,
Female,No,30,No,Marketing,Low,4.0,Cat_6,1.0
Female,Yes,81,Yes,Lawyer,High,2.0,Cat_6,1.0
Male,Yes,48,Yes,Doctor,Average,3.0,Cat_5,5.0
Male,Yes,39,Yes,Entertainment,Low,2.0,Cat_6,9.0
Female,No,31,No,Doctor,Low,4.0,Cat_6,6.0
Female,No,49,Yes,Homemaker,Low,,Cat_6,
Female,No,26,No,Homemaker,Low,2.0,Cat_6,8.0
Male,Yes,30,Yes,Artist,Low,1.0,Cat_7,
Male,Yes,31,Yes,Doctor,Average,2.0,Cat_6,
Female,No,23,No,Healthcare,Low,3.0,Cat_2,
Male,Yes,85,Yes,Executive,High,2.0,Cat_6,1.0
Male,Yes,59,Yes,Entertainment,Average,3.0,Cat_6,1.0
Female,No,26,No,Engineer,Low,6.0,Cat_6,1.0
Female,No,20,No,Doctor,Low,2.0,Cat_6,1.0
Male,Yes,45,Yes,Artist,Average,2.0,Cat_6,1.0
Female,No,46,Yes,Artist,Low,1.0,Cat_6,9.0
Male,Yes,55,No,Entertainment,Low,3.0,Cat_4,1.0
Female,No,42,Yes,Artist,Low,2.0,Cat_6,8.0
Female,No,25,Yes,Marketing,Low,,Cat_1,8.0
Male,No,18,No,Healthcare,Low,3.0,Cat_1,7.0
Male,Yes,42,Yes,Doctor,Low,2.0,Cat_6,9.0
Male,Yes,78,No,Entertainment,Low,1.0,Cat_6,
Male,Yes,35,Yes,Engineer,Low,2.0,Cat_6,
Female,Yes,56,Yes,Artist,Average,6.0,Cat_5,1.0
Female,Yes,50,No,Artist,High,2.0,Cat_4,9.0
Male,Yes,39,No,Artist,Average,3.0,Cat_6,7.0
Female,Yes,41,No,Healthcare,Average,4.0,Cat_6,1.0
Male,Yes,35,No,Doctor,Low,4.0,Cat_4,5.0
Female,Yes,39,Yes,Homemaker,High,2.0,Cat_6,8.0
Female,No,31,Yes,Engineer,Low,1.0,Cat_4,
Female,Yes,56,Yes,Artist,Average,2.0,Cat_3,4.0
Female,No,20,No,Entertainment,Low,6.0,Cat_2,0.0
Female,No,38,Yes,Healthcare,Low,2.0,Cat_6,8.0
Male,,23,No,Healthcare,High,5.0,Cat_6,8.0
Male,Yes,35,No,Artist,Low,2.0,Cat_6,
Male,Yes,69,Yes,Doctor,High,3.0,Cat_6,
Female,No,21,No,Engineer,Low,5.0,Cat_2,0.0
Male,Yes,46,Yes,Executive,High,3.0,Cat_6,
Male,Yes,48,No,Entertainment,Average,5.0,Cat_4,6.0
Male,Yes,47,Yes,Entertainment,Average,4.0,Cat_6,1.0
Female,,29,Yes,Entertainment,High,1.0,Cat_1,
Male,Yes,25,No,Executive,Low,2.0,Cat_4,1.0
Female,No,23,No,Healthcare,Low,4.0,Cat_6,
Female,Yes,84,Yes,Lawyer,High,2.0,Cat_6,
Female,No,23,No,Healthcare,Low,4.0,Cat_6,1.0
Male,Yes,53,Yes,Artist,Average,3.0,Cat_6,
Male,No,31,Yes,Artist,Low,1.0,Cat_6,
Female,Yes,50,Yes,Engineer,High,3.0,Cat_6,4.0
Female,No,22,No,Healthcare,Low,3.0,Cat_6,3.0
Male,Yes,39,Yes,Artist,Low,1.0,Cat_6,1.0
Female,Yes,60,No,Engineer,Average,5.0,Cat_4,1.0
Female,No,38,Yes,Doctor,Low,1.0,Cat_6,
Female,No,26,Yes,Marketing,Low,,Cat_3,9.0
Male,No,26,Yes,Healthcare,Low,,Cat_5,1.0
Male,No,31,No,Healthcare,Low,4.0,Cat_4,1.0
Female,No,52,Yes,Lawyer,Low,1.0,Cat_6,4.0
Male,Yes,52,Yes,Artist,Low,1.0,Cat_6,1.0
Female,No,46,Yes,Doctor,Low,,Cat_6,6.0
Female,Yes,38,No,Artist,Low,3.0,Cat_6,
Female,Yes,48,Yes,Artist,High,3.0,Cat_4,3.0
Male,No,18,No,Healthcare,Low,4.0,Cat_6,0.0
Male,Yes,56,Yes,Artist,Average,2.0,Cat_6,
Male,Yes,55,Yes,Artist,Average,2.0,Cat_6,
Female,No,49,Yes,Artist,Low,2.0,Cat_2,1.0
Female,No,32,No,Engineer,Low,4.0,Cat_5,9.0
Male,Yes,42,Yes,Doctor,Average,2.0,Cat_2,8.0
Female,Yes,35,Yes,Artist,High,5.0,Cat_6,8.0
Male,Yes,50,No,Executive,High,5.0,Cat_6,
Male,Yes,87,No,Artist,Low,1.0,Cat_6,1.0
Male,Yes,47,No,Executive,High,2.0,Cat_7,
Female,Yes,45,Yes,Artist,High,,Cat_6,
Male,Yes,39,Yes,Artist,Average,3.0,Cat_6,
Male,Yes,63,Yes,Executive,High,1.0,Cat_6,1.0
Male,No,33,Yes,Doctor,Low,6.0,Cat_4,9.0
Female,Yes,52,No,Engineer,High,2.0,Cat_6,1.0
Female,Yes,47,Yes,Engineer,Average,4.0,Cat_6,
Male,Yes,58,Yes,Executive,Average,4.0,Cat_3,3.0
Female,Yes,75,Yes,Lawyer,High,4.0,Cat_6,2.0
Male,Yes,75,Yes,Lawyer,High,2.0,Cat_6,1.0
Female,No,42,Yes,Homemaker,Low,1.0,Cat_6,7.0
Female,,39,Yes,Artist,Low,3.0,Cat_6,1.0
Male,Yes,79,No,Lawyer,Low,1.0,Cat_6,1.0
Female,No,20,No,Doctor,Low,4.0,Cat_6,9.0
Male,Yes,52,No,Homemaker,Average,4.0,Cat_6,
Male,Yes,48,Yes,Doctor,Average,5.0,Cat_6,9.0
Male,Yes,88,No,Executive,Low,1.0,Cat_6,
Female,No,39,No,Engineer,Low,3.0,Cat_3,
Male,Yes,59,No,Entertainment,Average,4.0,Cat_6,
Female,Yes,35,Yes,Artist,Low,2.0,Cat_6,
Male,No,29,Yes,Artist,Low,1.0,Cat_3,4.0
Male,No,28,No,Doctor,Low,1.0,Cat_3,4.0
Male,Yes,71,Yes,Entertainment,Low,2.0,Cat_6,
Male,Yes,52,Yes,Entertainment,Low,4.0,Cat_4,
Female,No,23,No,Marketing,Low,3.0,Cat_6,3.0
Female,No,65,No,Lawyer,Low,1.0,Cat_6,
Female,Yes,40,Yes,Artist,Low,2.0,Cat_6,
Male,No,20,No,Healthcare,Low,4.0,Cat_6,2.0
Female,Yes,43,No,Engineer,Average,5.0,Cat_4,
Female,Yes,87,No,Artist,Low,1.0,Cat_6,
Male,No,19,Yes,Marketing,Low,4.0,Cat_6,
Male,Yes,39,Yes,Healthcare,High,3.0,Cat_6,
Female,Yes,32,No,Doctor,Low,5.0,Cat_6,1.0
Female,No,33,Yes,Doctor,Low,3.0,Cat_6,
Female,No,40,Yes,Artist,Low,4.0,Cat_3,
Male,Yes,36,Yes,Entertainment,Average,2.0,Cat_6,4.0
Male,Yes,51,Yes,Entertainment,Average,4.0,Cat_6,1.0
Male,No,18,No,Healthcare,Low,3.0,Cat_6,0.0
Male,No,20,No,Healthcare,Low,2.0,Cat_3,1.0
Male,No,18,No,Healthcare,Low,5.0,Cat_4,1.0
Female,Yes,41,No,Engineer,Average,4.0,Cat_6,
Female,Yes,52,Yes,Engineer,Average,4.0,Cat_6,
Female,No,31,Yes,Marketing,Low,1.0,Cat_6,
Female,No,25,No,Engineer,Low,6.0,Cat_6,
Female,Yes,36,No,Doctor,Average,2.0,Cat_6,14.0
Female,Yes,49,Yes,Artist,Low,1.0,Cat_6,
Male,Yes,42,No,Marketing,High,6.0,Cat_4,
Female,Yes,75,Yes,Lawyer,High,2.0,Cat_6,1.0
Male,Yes,59,Yes,Artist,Low,,Cat_6,1.0
Male,No,59,Yes,Entertainment,Low,3.0,Cat_6,
Female,No,32,No,Healthcare,Low,4.0,Cat_6,
Female,No,59,Yes,Entertainment,Low,1.0,Cat_6,1.0
Female,Yes,28,Yes,Artist,Low,4.0,Cat_6,8.0
Male,Yes,19,No,Entertainment,Low,2.0,Cat_6,1.0
Male,No,27,Yes,Artist,Low,3.0,Cat_6,1.0
Male,Yes,78,No,Executive,High,2.0,Cat_6,
Female,Yes,62,Yes,Homemaker,Low,1.0,Cat_2,1.0
Male,Yes,35,No,Doctor,Average,5.0,Cat_4,
Male,No,25,Yes,Doctor,Low,2.0,Cat_6,1.0
Female,Yes,66,Yes,Lawyer,High,3.0,Cat_6,1.0
Female,No,27,Yes,Marketing,Low,3.0,Cat_6,3.0
Male,Yes,43,No,Marketing,Low,2.0,Cat_7,1.0
Female,Yes,60,Yes,Lawyer,High,3.0,Cat_6,1.0
Female,No,19,No,Healthcare,Low,5.0,Cat_3,8.0
Female,Yes,60,Yes,Engineer,High,4.0,Cat_3,1.0
Female,No,39,Yes,Artist,Low,1.0,Cat_6,9.0
Male,Yes,26,No,Executive,High,4.0,Cat_6,9.0
Male,No,42,Yes,,Low,1.0,Cat_6,
Male,Yes,50,No,Executive,High,4.0,Cat_6,1.0
Male,No,26,Yes,Healthcare,Low,3.0,Cat_6,
Male,No,32,Yes,Doctor,Low,4.0,Cat_6,
Female,No,55,Yes,Marketing,Low,1.0,Cat_6,3.0
Male,Yes,29,No,Executive,Average,3.0,Cat_6,1.0
Female,No,33,No,Marketing,Low,9.0,Cat_6,1.0
Male,No,42,Yes,Artist,Low,1.0,Cat_6,7.0
Male,,61,Yes,Artist,Average,5.0,Cat_6,1.0
Male,Yes,48,Yes,Artist,Average,2.0,Cat_6,4.0
Female,No,37,Yes,Doctor,Low,1.0,Cat_4,1.0
Female,No,28,No,Engineer,Low,3.0,Cat_6,
Female,No,33,No,Engineer,Low,4.0,Cat_3,9.0
Female,Yes,36,Yes,Artist,Average,2.0,Cat_6,1.0
Female,Yes,36,Yes,Entertainment,Average,3.0,Cat_6,
Male,Yes,56,Yes,Executive,High,2.0,Cat_6,
Female,No,32,No,,Low,4.0,Cat_4,
Female,Yes,41,Yes,Artist,Average,2.0,Cat_6,8.0
Male,No,21,No,Healthcare,Low,3.0,Cat_4,1.0
Female,Yes,38,No,Engineer,Average,6.0,Cat_4,1.0
Female,No,28,No,Entertainment,Low,2.0,Cat_6,10.0
Female,Yes,46,Yes,Entertainment,Low,3.0,Cat_6,4.0
Male,Yes,48,No,Entertainment,Average,2.0,Cat_2,5.0
Female,Yes,63,Yes,Artist,Low,1.0,Cat_3,5.0
Male,Yes,37,Yes,Executive,High,3.0,Cat_6,6.0
Male,No,27,Yes,Healthcare,Low,4.0,Cat_1,2.0
Female,Yes,38,No,Entertainment,Average,3.0,Cat_6,3.0
Male,Yes,48,Yes,Artist,Average,2.0,Cat_6,
Male,Yes,35,Yes,Artist,Average,2.0,Cat_6,
Male,Yes,63,Yes,Artist,Average,4.0,Cat_6,5.0
Male,Yes,53,Yes,Executive,High,3.0,Cat_6,1.0
Male,No,59,Yes,Entertainment,Low,1.0,Cat_4,
Male,No,39,,Entertainment,Low,4.0,Cat_3,8.0
Male,Yes,36,No,Executive,High,4.0,Cat_6,7.0
Male,No,36,Yes,Healthcare,Low,4.0,Cat_2,8.0
Male,No,20,No,Healthcare,Low,5.0,Cat_3,1.0
Male,No,21,No,Healthcare,Low,4.0,Cat_3,9.0
Female,No,39,No,Engineer,Low,,Cat_3,2.0
Male,Yes,42,Yes,Artist,Average,2.0,Cat_6,7.0
Male,Yes,62,Yes,Artist,Low,1.0,Cat_6,
Female,Yes,66,Yes,Lawyer,Average,4.0,Cat_5,6.0
Female,No,25,No,Homemaker,Low,3.0,Cat_2,
Male,No,20,No,Healthcare,Low,3.0,Cat_6,7.0
Female,,30,Yes,,Average,4.0,Cat_4,
Male,Yes,87,Yes,Lawyer,High,2.0,Cat_6,
Male,,60,Yes,Lawyer,High,1.0,Cat_6,1.0
Male,No,18,No,Healthcare,Low,2.0,Cat_6,0.0
Male,Yes,50,Yes,Artist,Average,4.0,Cat_6,1.0
Female,No,41,Yes,Artist,Low,1.0,Cat_6,1.0
Male,No,22,No,Healthcare,Low,5.0,Cat_4,9.0
Female,Yes,81,No,Doctor,High,2.0,Cat_6,
Female,No,38,Yes,Artist,Low,1.0,Cat_6,7.0
Male,No,41,Yes,Artist,Low,1.0,Cat_6,1.0
Female,Yes,49,Yes,Entertainment,Average,3.0,Cat_6,2.0
Male,Yes,84,Yes,Lawyer,Low,3.0,Cat_6,
Female,No,20,No,Healthcare,Low,,Cat_6,0.0
Female,No,23,No,Healthcare,Low,3.0,Cat_6,
Male,Yes,47,Yes,Artist,Average,4.0,Cat_6,
Female,No,33,Yes,Healthcare,Low,3.0,Cat_4,
Female,Yes,51,Yes,Engineer,Average,2.0,Cat_6,6.0
Male,No,28,Yes,Healthcare,Low,1.0,Cat_6,9.0
Female,Yes,52,Yes,Engineer,Average,3.0,Cat_3,
Female,No,28,Yes,Engineer,Low,3.0,Cat_6,
Male,Yes,52,Yes,Executive,Average,6.0,Cat_6,1.0
Male,Yes,43,Yes,Executive,High,3.0,Cat_6,
Male,Yes,41,Yes,Engineer,Average,5.0,Cat_6,
Male,No,42,Yes,Artist,Low,1.0,Cat_6,8.0
Female,Yes,45,Yes,Engineer,Low,1.0,Cat_4,2.0
Male,Yes,48,Yes,Entertainment,Low,2.0,Cat_6,
Female,No,40,Yes,Doctor,Low,1.0,Cat_6,1.0
Female,Yes,35,Yes,Doctor,Average,3.0,Cat_6,
Female,Yes,46,No,Artist,Low,5.0,Cat_6,5.0
Female,No,23,No,Marketing,Low,6.0,Cat_3,2.0
Female,Yes,63,Yes,Marketing,Low,1.0,Cat_6,2.0
Female,No,39,Yes,Artist,Low,1.0,Cat_6,1.0
Male,No,21,No,Healthcare,Low,7.0,Cat_4,3.0
Female,Yes,57,Yes,Artist,Average,4.0,Cat_2,
Male,Yes,61,Yes,Lawyer,High,2.0,Cat_6,
Male,Yes,40,Yes,Artist,Low,2.0,Cat_6,1.0
Female,Yes,47,Yes,Artist,Average,4.0,Cat_6,1.0
Female,Yes,50,No,Engineer,Average,4.0,Cat_6,1.0
Male,Yes,60,No,Artist,Low,1.0,Cat_6,
Male,Yes,41,Yes,Entertainment,Average,3.0,Cat_4,2.0
Male,No,31,Yes,Entertainment,Low,5.0,Cat_6,
Female,Yes,88,Yes,Lawyer,High,2.0,Cat_6,1.0
Female,No,39,Yes,Artist,Low,1.0,Cat_4,
Male,Yes,62,No,Entertainment,Average,6.0,Cat_6,1.0
Male,Yes,41,Yes,Artist,Average,2.0,Cat_6,8.0
Male,No,42,Yes,Doctor,Low,1.0,Cat_6,9.0
Male,Yes,46,Yes,Artist,Average,4.0,Cat_3,1.0
Female,Yes,47,Yes,Artist,Average,2.0,Cat_6,7.0
Female,No,33,Yes,Engineer,Low,2.0,Cat_6,1.0
Female,Yes,39,Yes,Doctor,Average,2.0,,8.0
Female,Yes,39,Yes,Homemaker,Low,1.0,Cat_6,8.0
Female,Yes,40,Yes,Artist,Low,3.0,Cat_6,1.0
Male,Yes,73,Yes,Executive,High,3.0,Cat_6,1.0
Female,Yes,37,Yes,Doctor,Average,2.0,Cat_6,1.0
Male,No,25,No,Entertainment,Low,7.0,Cat_6,2.0
Male,Yes,45,Yes,Executive,High,4.0,Cat_6,8.0
Female,No,32,Yes,Homemaker,Low,1.0,Cat_6,5.0
Male,Yes,55,No,Artist,Low,1.0,Cat_6,
Female,No,25,No,Healthcare,Low,5.0,Cat_2,
Male,No,25,Yes,Healthcare,Low,4.0,Cat_4,9.0
Male,Yes,53,Yes,Artist,Average,2.0,Cat_6,6.0
Female,No,39,Yes,Doctor,Low,2.0,Cat_6,8.0
Male,No,33,No,Healthcare,Low,4.0,Cat_2,
Male,Yes,69,No,Executive,High,2.0,Cat_6,1.0
Female,Yes,86,Yes,Lawyer,High,2.0,Cat_6,
Female,Yes,78,Yes,Lawyer,High,2.0,Cat_6,1.0
Male,Yes,73,No,Executive,High,2.0,Cat_6,
Male,Yes,58,Yes,Artist,Average,2.0,Cat_6,
Male,Yes,51,Yes,Executive,Low,3.0,Cat_6,1.0
Male,Yes,50,Yes,Artist,Average,4.0,Cat_6,
Female,No,40,Yes,Artist,Low,1.0,Cat_6,8.0
Female,Yes,63,No,Artist,High,2.0,Cat_6,
Female,No,23,No,Healthcare,Low,4.0,Cat_6,1.0
Female,Yes,50,Yes,Artist,Average,2.0,Cat_6,1.0
Female,No,22,No,Healthcare,Low,3.0,Cat_2,0.0
Female,No,25,No,Engineer,Low,3.0,Cat_6,
Male,No,21,No,Healthcare,Low,4.0,,0.0
Male,Yes,51,Yes,Entertainment,High,4.0,Cat_6,
Male,Yes,48,Yes,Artist,Low,6.0,Cat_6,
Male,Yes,62,Yes,Artist,Low,1.0,Cat_6,1.0
Female,Yes,60,Yes,Artist,High,4.0,Cat_6,
Male,Yes,43,Yes,Executive,High,3.0,Cat_6,6.0
Female,No,22,No,Entertainment,Low,3.0,Cat_6,
Female,No,32,No,,Low,5.0,Cat_6,10.0
Female,No,48,Yes,Entertainment,Low,2.0,Cat_6,9.0
Female,Yes,66,Yes,Artist,Average,3.0,Cat_6,1.0
Male,No,28,Yes,Healthcare,Low,5.0,Cat_2,6.0
Male,Yes,88,Yes,Lawyer,Low,,Cat_6,
Female,Yes,32,No,,Low,1.0,Cat_6,8.0
Female,No,21,No,Healthcare,Low,5.0,Cat_3,5.0
Male,No,35,Yes,Artist,Low,1.0,Cat_6,9.0
Female,Yes,53,No,Engineer,Low,1.0,Cat_6,3.0
Female,Yes,56,Yes,Homemaker,Low,1.0,Cat_6,5.0
Female,Yes,68,Yes,Lawyer,Low,1.0,Cat_6,
Male,Yes,45,Yes,Artist,Low,2.0,Cat_6,
Male,No,37,Yes,Entertainment,Low,4.0,Cat_2,6.0
Male,No,27,No,Engineer,Low,5.0,Cat_6,
Female,Yes,49,Yes,Artist,High,5.0,Cat_6,1.0
Female,Yes,82,No,Lawyer,High,2.0,Cat_6,
Female,Yes,29,Yes,Engineer,Low,2.0,Cat_6,1.0
Male,Yes,53,Yes,Artist,Average,3.0,Cat_6,
Female,No,26,Yes,Healthcare,Low,3.0,Cat_6,
Male,Yes,37,Yes,Healthcare,Average,2.0,Cat_4,1.0
Male,Yes,61,No,Marketing,High,2.0,Cat_3,1.0
Male,Yes,42,No,Entertainment,Low,3.0,Cat_4,1.0
Male,Yes,82,Yes,Lawyer,Low,2.0,Cat_6,
Female,Yes,86,No,Lawyer,Low,,Cat_6,
Female,Yes,48,Yes,Doctor,Average,2.0,Cat_2,1.0
Female,No,43,No,Marketing,Low,,Cat_3,10.0
Male,Yes,53,No,Executive,Average,5.0,Cat_4,
Male,Yes,51,Yes,Artist,Low,3.0,Cat_6,1.0
Female,Yes,28,No,Artist,Low,3.0,Cat_3,
Male,Yes,68,Yes,Lawyer,High,2.0,Cat_6,
Female,Yes,48,Yes,Doctor,Average,4.0,Cat_6,1.0
Female,Yes,37,Yes,Artist,Average,2.0,Cat_6,2.0
Female,No,31,No,Engineer,Low,1.0,Cat_3,
Female,Yes,28,No,Healthcare,Average,5.0,Cat_3,1.0
Female,No,26,No,Healthcare,Low,6.0,Cat_5,
Male,Yes,60,No,Engineer,Average,3.0,Cat_6,
Male,No,18,No,Doctor,Low,3.0,Cat_6,0.0
Male,Yes,36,Yes,Artist,Low,4.0,Cat_4,8.0
Female,Yes,89,Yes,Lawyer,High,2.0,Cat_6,
Female,Yes,46,Yes,Artist,High,4.0,Cat_6,
Female,Yes,28,,,Average,4.0,Cat_3,8.0
Female,No,52,Yes,Artist,Low,2.0,Cat_6,1.0
Male,No,30,No,Healthcare,Low,3.0,Cat_6,8.0
Female,No,72,Yes,Lawyer,Low,2.0,Cat_6,1.0
Female,No,40,Yes,Doctor,Low,1.0,Cat_6,1.0
Female,Yes,63,Yes,Artist,Low,1.0,Cat_2,1.0
Male,Yes,63,Yes,Artist,Average,,Cat_6,1.0
Female,No,49,Yes,,Low,1.0,Cat_6,1.0
Female,Yes,23,No,Healthcare,High,2.0,Cat_6,7.0
Female,No,22,No,Doctor,Low,4.0,Cat_2,3.0
Male,Yes,48,No,Executive,High,4.0,Cat_1,1.0
Male,Yes,60,Yes,Entertainment,Low,4.0,Cat_6,
Female,No,43,Yes,Engineer,Low,2.0,Cat_6,1.0
Female,Yes,50,Yes,Artist,Average,4.0,Cat_6,1.0
Female,Yes,75,No,Lawyer,High,2.0,Cat_6,
Male,Yes,88,Yes,Marketing,High,2.0,Cat_6,
Male,Yes,37,Yes,Entertainment,Average,3.0,Cat_6,
Female,No,33,No,Healthcare,Low,4.0,Cat_5,7.0
Male,Yes,53,Yes,Engineer,Low,3.0,Cat_3,4.0
Male,Yes,51,No,Executive,Low,9.0,Cat_4,
Male,Yes,59,Yes,Artist,Average,3.0,Cat_6,11.0
Male,No,38,Yes,Entertainment,Low,3.0,Cat_6,1.0
Male,Yes,40,No,Executive,Low,4.0,Cat_4,
Female,No,72,Yes,Lawyer,Low,,Cat_6,
Female,Yes,27,Yes,Artist,Average,2.0,Cat_4,
Female,No,25,No,Doctor,Low,7.0,Cat_6,
Male,No,52,Yes,Artist,Low,1.0,Cat_6,
Male,No,36,Yes,Executive,Low,3.0,Cat_6,9.0
Female,No,32,Yes,Doctor,Low,5.0,Cat_6,
Male,Yes,39,Yes,Executive,High,6.0,Cat_6,
Male,Yes,66,No,Engineer,Low,2.0,Cat_6,1.0
Male,No,41,Yes,Artist,Low,3.0,Cat_6,
Male,No,22,No,Healthcare,Low,3.0,Cat_7,0.0
Male,No,21,No,Healthcare,Low,1.0,Cat_2,
Female,No,23,No,Healthcare,Low,3.0,Cat_3,1.0
Male,Yes,70,Yes,Lawyer,High,3.0,Cat_6,
Male,Yes,36,Yes,Artist,Average,4.0,Cat_6,1.0
Male,No,39,No,Engineer,Low,1.0,Cat_6,1.0
Female,Yes,58,Yes,Artist,Average,4.0,Cat_3,
Male,,22,No,Healthcare,Low,5.0,Cat_4,1.0
Female,No,23,No,Healthcare,Low,4.0,Cat_3,1.0
Male,No,29,No,Healthcare,Low,3.0,Cat_3,9.0
Male,No,29,Yes,Engineer,Low,4.0,Cat_3,
Male,Yes,48,No,,Average,4.0,Cat_4,1.0
Male,No,50,Yes,Artist,Low,1.0,Cat_6,1.0
Male,Yes,53,No,Executive,Average,4.0,Cat_6,
Female,Yes,84,Yes,Lawyer,High,2.0,Cat_6,3.0
Female,No,33,Yes,Healthcare,Low,2.0,Cat_6,2.0
Male,,32,Yes,Doctor,Average,2.0,Cat_4,
Female,Yes,70,Yes,Artist,Low,3.0,Cat_7,1.0
Male,Yes,50,Yes,Artist,Average,3.0,Cat_6,6.0
Male,,32,Yes,Healthcare,Low,1.0,Cat_6,1.0
Male,Yes,48,Yes,Executive,High,4.0,Cat_6,
Female,Yes,48,Yes,Artist,Average,3.0,Cat_6,
Male,No,21,No,Healthcare,Low,4.0,Cat_3,
Female,No,46,Yes,Artist,Low,2.0,Cat_6,6.0
Male,No,35,Yes,Artist,Low,2.0,Cat_3,9.0
Female,Yes,71,Yes,Lawyer,Low,2.0,Cat_3,1.0
Male,Yes,80,No,Lawyer,Low,1.0,Cat_4,
Female,No,30,Yes,Engineer,Low,3.0,Cat_6,3.0
Male,No,30,Yes,Doctor,Low,3.0,Cat_4,1.0
Male,No,29,Yes,Entertainment,Low,3.0,Cat_6,8.0
Female,Yes,56,Yes,Artist,Low,2.0,Cat_6,
Female,No,33,No,Healthcare,Low,6.0,Cat_6,1.0
Female,Yes,42,Yes,Engineer,Low,1.0,Cat_6,1.0
Male,No,18,No,Doctor,Low,2.0,Cat_5,0.0
Male,Yes,53,Yes,Artist,High,2.0,Cat_6,1.0
Male,No,19,No,Healthcare,Low,3.0,Cat_3,1.0
Female,No,36,Yes,Marketing,Low,1.0,Cat_3,9.0
Female,Yes,45,Yes,Artist,Average,4.0,Cat_2,4.0
Female,No,18,No,Healthcare,Low,3.0,Cat_6,7.0
Female,Yes,48,Yes,Homemaker,Low,2.0,Cat_3,1.0
Male,Yes,36,Yes,Doctor,Average,4.0,Cat_3,8.0
Male,Yes,80,Yes,Lawyer,Low,1.0,Cat_6,
Male,No,18,No,Entertainment,Low,4.0,Cat_6,1.0
Male,No,43,Yes,Artist,Low,3.0,Cat_6,1.0
Female,No,42,No,Marketing,Low,2.0,Cat_6,5.0
Male,Yes,65,No,Entertainment,Average,2.0,Cat_6,
Female,Yes,31,Yes,Artist,Average,2.0,Cat_6,
Male,Yes,36,Yes,Artist,Average,2.0,Cat_6,
Female,Yes,74,No,Lawyer,Low,1.0,Cat_6,
Female,Yes,56,Yes,Artist,Low,1.0,Cat_6,
Female,Yes,29,No,Doctor,Average,2.0,Cat_7,
Female,Yes,42,No,Executive,Average,5.0,Cat_4,
Female,Yes,53,No,Engineer,Average,3.0,Cat_6,
Male,Yes,31,Yes,Entertainment,Average,2.0,Cat_6,8.0
Male,Yes,46,Yes,Artist,Average,5.0,Cat_6,11.0
Male,No,36,Yes,Artist,Low,,Cat_6,
Male,Yes,35,Yes,Artist,Average,4.0,Cat_3,
Male,No,23,No,Healthcare,Low,3.0,Cat_6,7.0
Female,Yes,63,Yes,Artist,Average,4.0,Cat_6,
Male,No,21,No,Doctor,Low,,Cat_6,0.0
Female,Yes,33,No,Healthcare,Low,5.0,Cat_5,
Female,Yes,50,Yes,Engineer,Average,4.0,Cat_3,4.0
Male,Yes,89,Yes,Executive,High,2.0,Cat_6,
Female,No,35,Yes,Entertainment,Low,2.0,Cat_6,7.0
Female,No,22,No,Engineer,Low,4.0,Cat_6,1.0
Female,No,41,Yes,Healthcare,Low,1.0,Cat_6,1.0
Female,Yes,47,Yes,Engineer,Average,4.0,Cat_2,9.0
Male,Yes,22,No,Entertainment,Average,3.0,Cat_4,1.0
Female,No,42,Yes,Engineer,Low,3.0,Cat_4,8.0
Female,Yes,61,Yes,Artist,Low,2.0,Cat_6,
Male,Yes,48,No,Entertainment,Average,5.0,Cat_6,
Female,Yes,41,Yes,Entertainment,Average,4.0,Cat_6,
Male,Yes,77,Yes,Artist,Low,1.0,Cat_6,1.0
Female,Yes,60,Yes,Artist,Low,2.0,Cat_6,1.0
Female,Yes,42,Yes,Artist,Average,2.0,Cat_6,2.0
Female,Yes,58,No,Doctor,Low,1.0,Cat_3,
Male,Yes,43,Yes,Artist,Average,3.0,Cat_6,9.0
Male,Yes,49,No,Executive,High,4.0,Cat_6,11.0
Male,Yes,57,Yes,Executive,High,3.0,Cat_6,1.0
Male,Yes,71,No,Lawyer,High,,Cat_6,
Male,No,27,Yes,Doctor,Low,6.0,Cat_4,1.0
Male,Yes,61,Yes,Executive,High,2.0,Cat_6,
Female,No,22,No,Healthcare,Low,3.0,Cat_4,2.0
Male,No,19,No,Healthcare,Low,5.0,Cat_4,0.0
Female,Yes,47,No,,Low,1.0,Cat_4,1.0
Male,Yes,62,Yes,Artist,Low,1.0,Cat_6,8.0
Male,Yes,55,Yes,Artist,Average,2.0,Cat_4,1.0
Male,Yes,42,No,Engineer,Average,4.0,Cat_4,5.0
Female,No,33,Yes,Entertainment,Low,1.0,Cat_7,
Female,Yes,49,No,Engineer,Low,1.0,Cat_6,
Male,Yes,51,No,Executive,High,2.0,Cat_6,9.0
Female,Yes,33,Yes,Doctor,Average,2.0,Cat_6,
Female,Yes,39,Yes,Healthcare,High,3.0,Cat_6,9.0
Female,No,22,No,Marketing,Low,1.0,Cat_5,0.0
Male,No,40,No,Homemaker,Low,1.0,Cat_4,
Female,Yes,33,Yes,Entertainment,Average,3.0,Cat_4,3.0
Male,Yes,42,Yes,Entertainment,Low,5.0,Cat_6,9.0
Male,Yes,58,Yes,Lawyer,High,2.0,Cat_6,
Female,Yes,78,Yes,Lawyer,Low,1.0,Cat_4,6.0
Female,No,46,Yes,Artist,Low,1.0,Cat_6,8.0
Female,No,38,Yes,Doctor,Low,2.0,Cat_6,9.0
Male,Yes,66,Yes,Artist,Low,1.0,Cat_6,2.0
Female,Yes,81,Yes,Lawyer,Low,1.0,Cat_6,1.0
Female,No,28,Yes,Doctor,Low,3.0,Cat_6,
Male,No,25,Yes,Healthcare,Low,3.0,Cat_6,8.0
Male,Yes,47,Yes,Executive,Average,5.0,Cat_2,
Female,Yes,59,Yes,Artist,Average,5.0,Cat_6,
Male,No,38,Yes,Artist,Low,1.0,Cat_6,1.0
Female,Yes,47,Yes,Artist,Average,4.0,Cat_4,
Male,Yes,39,Yes,Entertainment,Average,4.0,Cat_3,
Female,No,26,Yes,Healthcare,Low,1.0,Cat_6,8.0
Female,Yes,60,Yes,Artist,Average,3.0,Cat_6,1.0
Male,No,25,No,Marketing,Low,2.0,Cat_4,
Female,Yes,27,No,Marketing,Low,2.0,Cat_6,1.0
Male,No,31,Yes,Healthcare,Low,4.0,Cat_6,
Female,Yes,76,Yes,Marketing,Low,2.0,Cat_6,
Female,Yes,48,Yes,Engineer,High,3.0,Cat_6,1.0
Female,No,25,Yes,Artist,Low,5.0,Cat_6,4.0
Female,Yes,27,Yes,Marketing,Average,2.0,Cat_6,11.0
Male,Yes,40,Yes,Artist,High,1.0,Cat_4,13.0
Female,Yes,70,Yes,Lawyer,Low,1.0,Cat_6,
Female,No,19,No,Healthcare,Low,3.0,Cat_6,0.0
Male,No,29,No,Entertainment,Low,4.0,Cat_4,1.0
Female,Yes,42,No,Homemaker,High,4.0,Cat_6,6.0
Female,No,32,No,Entertainment,Low,4.0,Cat_6,
Female,Yes,32,Yes,Executive,High,3.0,Cat_7,4.0
Female,Yes,89,Yes,Artist,High,3.0,Cat_6,
Female,Yes,62,Yes,Artist,Average,3.0,Cat_6,
Female,Yes,57,No,Engineer,Low,1.0,Cat_3,
Male,Yes,88,No,Lawyer,Low,1.0,Cat_2,
Female,No,22,No,Healthcare,Low,9.0,Cat_4,1.0
Male,Yes,39,Yes,Artist,Average,2.0,Cat_6,6.0
Male,No,32,Yes,Doctor,Low,1.0,Cat_6,9.0
Male,No,27,Yes,Artist,Low,3.0,Cat_6,10.0
Male,Yes,46,Yes,Artist,Low,1.0,Cat_6,
Male,No,26,No,Healthcare,Low,4.0,Cat_3,1.0
Male,No,35,No,Artist,Low,1.0,Cat_7,1.0
Male,Yes,73,Yes,Artist,Low,1.0,Cat_6,
Female,Yes,55,No,Engineer,Average,2.0,Cat_6,3.0
Male,Yes,42,Yes,Artist,Low,4.0,Cat_3,6.0
Male,Yes,53,Yes,Doctor,Average,3.0,Cat_6,2.0
Male,No,25,No,,Low,1.0,Cat_4,
Female,Yes,38,Yes,Doctor,Average,2.0,Cat_6,
Male,Yes,58,Yes,Executive,Average,4.0,Cat_6,
Male,Yes,47,Yes,Entertainment,Average,3.0,Cat_3,2.0
Female,Yes,66,No,Lawyer,High,2.0,Cat_6,
Male,Yes,68,No,Executive,High,2.0,Cat_4,1.0
Male,Yes,43,No,Executive,High,8.0,Cat_4,
Male,Yes,43,No,Executive,High,4.0,Cat_6,
Male,Yes,23,No,Executive,High,9.0,Cat_6,1.0
Male,Yes,35,Yes,Entertainment,Average,3.0,Cat_6,1.0
Male,Yes,60,No,Executive,High,2.0,Cat_6,
Male,No,18,No,Entertainment,Low,4.0,Cat_6,1.0
Female,Yes,45,Yes,Artist,Average,2.0,Cat_6,
Male,No,32,Yes,Doctor,Low,3.0,Cat_6,
Male,Yes,70,No,Lawyer,Low,1.0,Cat_6,
Female,No,19,No,Healthcare,Low,5.0,Cat_6,0.0
Female,Yes,36,Yes,Artist,Average,2.0,Cat_6,7.0
Male,No,32,No,Doctor,Low,4.0,Cat_3,9.0
Male,Yes,57,Yes,Lawyer,High,2.0,Cat_6,1.0
Male,No,27,Yes,Healthcare,Low,4.0,Cat_6,8.0
Female,No,33,Yes,Engineer,Low,6.0,Cat_6,
Male,No,21,No,Healthcare,Low,3.0,Cat_6,
Male,Yes,76,Yes,Lawyer,Low,2.0,Cat_6,
Female,No,51,Yes,Artist,Low,1.0,Cat_6,
Female,Yes,39,No,Doctor,Low,2.0,Cat_6,
Male,Yes,57,Yes,Healthcare,Low,3.0,Cat_6,1.0
Female,No,49,No,Entertainment,Low,2.0,Cat_4,1.0
Male,No,27,No,Entertainment,Low,1.0,Cat_6,
Male,Yes,37,Yes,Executive,Low,6.0,Cat_6,1.0
Female,No,29,Yes,Doctor,Low,5.0,Cat_3,
Male,Yes,32,No,Entertainment,Low,2.0,Cat_3,1.0
Female,Yes,86,No,Lawyer,High,2.0,Cat_6,8.0
Female,No,28,No,Healthcare,Low,2.0,Cat_6,9.0
Male,Yes,72,Yes,Executive,High,4.0,Cat_6,1.0
Male,Yes,27,No,Entertainment,Average,3.0,Cat_4,
Female,Yes,61,Yes,Artist,Low,2.0,Cat_6,1.0
Female,Yes,53,Yes,Artist,Average,3.0,Cat_6,
Male,Yes,40,Yes,Executive,High,3.0,Cat_6,
Female,No,39,Yes,Artist,Low,,Cat_6,
Male,Yes,62,Yes,Artist,Average,3.0,Cat_3,1.0
Male,,18,No,,High,4.0,Cat_3,6.0
Female,Yes,57,No,Engineer,Low,1.0,Cat_6,
Male,No,25,Yes,Healthcare,Low,4.0,Cat_6,
Male,No,43,Yes,Artist,Low,3.0,Cat_6,7.0
Female,Yes,38,No,Artist,Average,4.0,Cat_1,4.0
Male,No,26,Yes,Doctor,Low,5.0,Cat_6,
Female,No,40,Yes,Lawyer,Low,1.0,Cat_6,4.0
Female,No,33,Yes,Artist,Low,2.0,Cat_4,3.0
Male,Yes,46,No,Entertainment,Average,3.0,Cat_6,
Female,Yes,46,Yes,,Low,2.0,Cat_6,
Female,No,37,No,Homemaker,Low,1.0,Cat_6,9.0
Male,No,23,No,Healthcare,Low,5.0,Cat_3,
Female,Yes,38,Yes,Homemaker,Low,2.0,Cat_4,
Male,No,69,Yes,Marketing,Low,,Cat_6,8.0
Male,Yes,38,Yes,Entertainment,Low,2.0,Cat_3,8.0
Female,Yes,45,Yes,Artist,Average,4.0,Cat_6,1.0
Male,Yes,49,Yes,Entertainment,Average,3.0,Cat_1,1.0
Female,Yes,48,Yes,Artist,Average,2.0,Cat_6,1.0
Male,No,26,No,Healthcare,Low,7.0,Cat_6,
Female,No,33,Yes,Marketing,Low,3.0,Cat_5,1.0
Male,Yes,47,Yes,,High,3.0,Cat_6,1.0
Male,No,48,Yes,Artist,Low,1.0,Cat_6,4.0
Male,,80,No,Lawyer,Low,1.0,Cat_6,
Female,Yes,46,No,Artist,Average,2.0,Cat_6,8.0
Female,No,41,Yes,Artist,Low,1.0,Cat_6,10.0
Female,Yes,48,Yes,Artist,Average,4.0,Cat_6,
Female,No,42,Yes,Entertainment,Low,2.0,Cat_6,6.0
Male,,45,Yes,Artist,Low,,Cat_6,1.0
Male,No,19,No,Healthcare,Low,6.0,Cat_6,
Male,Yes,42,No,Engineer,Average,3.0,Cat_6,1.0
Female,Yes,48,Yes,Doctor,Average,6.0,Cat_4,1.0
Female,Yes,48,Yes,Engineer,High,2.0,Cat_4,
Male,Yes,45,Yes,Executive,High,4.0,Cat_6,
Male,Yes,53,Yes,Executive,High,4.0,Cat_6,
Female,Yes,68,Yes,Lawyer,High,2.0,Cat_6,2.0
Male,Yes,59,Yes,Artist,Low,1.0,Cat_6,8.0
Female,Yes,30,Yes,Homemaker,Low,2.0,Cat_6,9.0
Male,Yes,50,Yes,Entertainment,Average,2.0,Cat_3,
Female,Yes,62,No,Artist,Average,3.0,Cat_6,1.0
Male,Yes,74,Yes,Lawyer,High,2.0,Cat_6,1.0
Male,Yes,42,No,Executive,High,3.0,Cat_4,3.0
Male,No,21,No,Doctor,Low,5.0,Cat_7,0.0
Male,Yes,69,Yes,Lawyer,High,3.0,Cat_6,
Female,No,32,No,Healthcare,Low,5.0,Cat_7,1.0
Male,Yes,36,No,Executive,Average,4.0,Cat_1,8.0
Male,Yes,32,Yes,Entertainment,Low,2.0,Cat_2,6.0
Female,No,45,No,Marketing,Low,1.0,Cat_6,1.0
Female,Yes,48,Yes,Artist,High,4.0,Cat_3,9.0
Male,Yes,73,Yes,Entertainment,High,4.0,Cat_6,1.0
Male,Yes,52,Yes,Healthcare,Low,2.0,Cat_6,1.0
Female,Yes,40,Yes,Entertainment,Low,2.0,Cat_6,1.0
Female,Yes,78,No,Lawyer,Low,1.0,Cat_5,1.0
Female,Yes,50,Yes,Artist,High,7.0,Cat_2,1.0
Male,Yes,36,Yes,Artist,Low,3.0,Cat_3,
Female,Yes,56,Yes,Artist,Low,2.0,Cat_6,1.0
Female,No,20,No,Healthcare,Low,4.0,Cat_2,8.0
Male,No,25,Yes,Artist,Low,1.0,Cat_2,7.0
Female,Yes,56,Yes,Entertainment,Average,2.0,Cat_6,
Female,No,28,Yes,Homemaker,Low,1.0,Cat_6,
Male,Yes,61,Yes,Executive,High,3.0,Cat_6,1.0
Male,No,42,Yes,Entertainment,Low,3.0,Cat_6,2.0
Male,Yes,88,No,Executive,Low,,Cat_6,
Female,No,32,No,Healthcare,Low,3.0,Cat_6,1.0
Female,No,27,No,Artist,Low,,Cat_3,
Female,No,19,No,Doctor,Low,2.0,Cat_3,6.0
Female,Yes,50,Yes,Engineer,Average,3.0,Cat_6,2.0
Male,No,38,Yes,Artist,Low,1.0,Cat_6,
Male,Yes,48,Yes,Homemaker,Low,3.0,Cat_6,10.0
Male,Yes,56,No,Executive,High,2.0,Cat_6,
Female,No,30,No,Entertainment,Low,3.0,Cat_6,
Male,Yes,38,Yes,Artist,Average,3.0,Cat_6,4.0
Male,Yes,45,Yes,Artist,Average,4.0,Cat_6,6.0
Male,Yes,41,Yes,Executive,High,5.0,Cat_6,
Female,No,35,Yes,Healthcare,Low,1.0,Cat_4,
Male,No,53,Yes,Doctor,Low,1.0,Cat_6,
Female,No,28,Yes,Homemaker,Low,2.0,Cat_4,
Male,Yes,72,No,Executive,High,7.0,Cat_4,2.0
Male,Yes,39,Yes,Doctor,Average,2.0,Cat_3,6.0
Male,No,18,No,Doctor,Low,5.0,Cat_2,0.0
Male,Yes,74,Yes,Lawyer,Low,2.0,Cat_6,
Female,No,28,No,Artist,Low,4.0,Cat_4,1.0
Male,Yes,30,No,Entertainment,Average,3.0,Cat_3,1.0
Female,Yes,39,No,Engineer,Average,6.0,Cat_4,9.0
Female,No,33,No,Doctor,Low,4.0,Cat_6,
Male,No,37,Yes,Artist,Low,7.0,Cat_7,4.0
Male,Yes,48,Yes,Artist,Low,2.0,Cat_6,
Female,Yes,46,Yes,Artist,Average,2.0,Cat_6,
Male,Yes,42,Yes,Artist,High,4.0,Cat_6,8.0
Male,Yes,53,Yes,Executive,High,5.0,Cat_3,1.0
Male,Yes,66,,Executive,High,2.0,Cat_6,
Female,Yes,29,Yes,Homemaker,High,2.0,Cat_3,
Male,Yes,43,No,Executive,High,4.0,Cat_6,3.0
Male,Yes,58,No,Executive,High,4.0,Cat_3,
Male,Yes,43,Yes,Artist,Low,2.0,Cat_6,1.0
Male,Yes,41,No,Executive,Low,7.0,Cat_4,1.0
Female,Yes,62,No,Engineer,High,2.0,Cat_4,8.0
Male,Yes,35,Yes,Artist,Average,4.0,Cat_6,1.0
Male,Yes,49,Yes,Executive,High,4.0,Cat_2,2.0
Female,No,33,Yes,Healthcare,Low,3.0,Cat_6,1.0
Female,Yes,56,Yes,Artist,High,5.0,Cat_3,
Female,Yes,51,Yes,Artist,Average,5.0,Cat_6,6.0
Male,,22,No,Healthcare,Low,3.0,Cat_4,0.0
Male,No,21,No,Doctor,Low,3.0,Cat_7,9.0
Male,Yes,56,No,Executive,High,5.0,Cat_4,
Female,Yes,52,Yes,Artist,Average,2.0,Cat_6,
Female,No,28,No,Doctor,Low,4.0,Cat_6,
Female,No,46,No,Homemaker,Low,1.0,Cat_6,9.0
Female,Yes,86,No,Lawyer,Low,1.0,Cat_6,
Male,No,30,Yes,Marketing,Low,5.0,Cat_6,1.0
Male,Yes,37,Yes,Artist,Low,4.0,Cat_3,
Male,Yes,38,No,Artist,Average,2.0,Cat_6,
Female,Yes,43,Yes,Artist,Average,2.0,Cat_6,1.0
Male,No,22,No,Healthcare,Low,2.0,Cat_3,0.0
Male,Yes,27,No,Entertainment,Average,3.0,Cat_6,
Male,No,26,No,Doctor,Low,4.0,Cat_6,2.0
Male,No,31,Yes,Healthcare,Low,3.0,Cat_3,
Female,No,32,No,Artist,Low,4.0,Cat_2,2.0
Female,Yes,53,Yes,Artist,Average,3.0,Cat_6,1.0
Female,Yes,56,Yes,Artist,High,4.0,Cat_6,
Male,No,21,No,Marketing,Low,3.0,Cat_6,7.0
Female,Yes,65,Yes,Artist,Low,2.0,Cat_6,1.0
Male,Yes,52,No,Entertainment,Average,5.0,Cat_4,
Male,,66,Yes,Artist,Low,,Cat_3,
Female,Yes,47,Yes,Doctor,Average,2.0,Cat_6,8.0
Female,No,40,No,Doctor,Low,6.0,Cat_7,14.0
Female,No,49,Yes,Healthcare,Low,1.0,Cat_3,8.0
Female,Yes,41,No,Engineer,Average,2.0,Cat_6,4.0
Male,No,30,Yes,Doctor,Low,4.0,Cat_6,10.0
Female,No,39,Yes,Artist,Low,3.0,Cat_6,
Male,No,23,No,Healthcare,Low,4.0,Cat_6,
Male,No,33,Yes,Healthcare,Low,2.0,Cat_6,
Male,No,47,Yes,Entertainment,Low,,Cat_1,2.0
Male,Yes,46,Yes,Doctor,Average,2.0,Cat_6,7.0
Female,Yes,58,Yes,Doctor,Average,3.0,Cat_2,5.0
Female,Yes,56,Yes,Artist,Average,5.0,Cat_6,
Male,No,45,,Artist,Low,1.0,Cat_6,
Male,No,32,Yes,Marketing,Low,1.0,Cat_6,8.0
Female,No,35,Yes,Doctor,Low,4.0,Cat_2,1.0
Male,Yes,72,Yes,Entertainment,Average,3.0,Cat_6,1.0
Male,,79,No,Lawyer,Low,1.0,Cat_3,
Male,No,21,,Healthcare,Low,5.0,Cat_3,1.0
Male,No,22,No,Healthcare,Low,3.0,Cat_4,2.0
Female,Yes,68,Yes,Artist,Low,1.0,Cat_6,
Female,No,32,No,Artist,Low,6.0,Cat_4,1.0
Male,Yes,55,Yes,Executive,High,2.0,Cat_6,8.0
Male,Yes,55,No,Engineer,High,4.0,Cat_6,1.0
Male,Yes,35,Yes,Artist,Low,3.0,Cat_6,
Female,No,66,No,Entertainment,Low,3.0,Cat_6,2.0
Male,Yes,48,Yes,Entertainment,Low,,Cat_4,1.0
Male,No,19,No,Doctor,Low,5.0,Cat_4,1.0
Male,No,21,No,Healthcare,Low,3.0,Cat_7,1.0
Male,No,18,No,Entertainment,Low,5.0,Cat_6,0.0
Female,No,45,Yes,Artist,Low,1.0,Cat_6,2.0
Male,Yes,47,Yes,Artist,Average,2.0,Cat_2,1.0
Female,No,25,Yes,Healthcare,Low,4.0,Cat_5,8.0
Male,No,27,Yes,Healthcare,Low,2.0,Cat_6,
Male,Yes,58,No,Artist,Low,2.0,Cat_6,9.0
Female,Yes,70,Yes,Entertainment,High,2.0,Cat_6,1.0
Male,Yes,60,Yes,Artist,Low,1.0,Cat_3,1.0
Female,Yes,62,Yes,Artist,High,2.0,Cat_6,1.0
Female,Yes,56,Yes,Engineer,High,2.0,Cat_6,
Male,Yes,49,Yes,Artist,Low,2.0,Cat_3,1.0
Male,Yes,67,Yes,Lawyer,Low,1.0,Cat_3,
Male,Yes,59,No,Executive,Average,5.0,Cat_6,7.0
Male,No,30,Yes,Healthcare,Low,4.0,Cat_6,1.0
Male,No,25,No,Healthcare,Low,4.0,Cat_6,1.0
Female,Yes,58,Yes,Artist,Low,2.0,Cat_6,7.0
Male,Yes,80,Yes,Lawyer,High,2.0,Cat_6,
Male,Yes,47,No,Entertainment,Average,4.0,Cat_6,
Male,No,47,Yes,Entertainment,Low,1.0,Cat_6,4.0
Male,Yes,53,Yes,Artist,Low,1.0,Cat_6,
Male,Yes,50,No,Engineer,Low,2.0,Cat_6,1.0
Male,,28,No,Entertainment,Low,2.0,Cat_6,
Female,No,21,No,Healthcare,Low,3.0,Cat_4,0.0
Female,Yes,46,Yes,Artist,Low,1.0,Cat_3,
Female,No,19,No,Doctor,Low,4.0,Cat_6,1.0
Male,Yes,79,Yes,Lawyer,High,2.0,Cat_6,2.0
Male,No,37,Yes,Artist,Low,1.0,Cat_6,8.0
Female,No,26,Yes,Artist,Low,2.0,Cat_6,1.0
Male,Yes,48,Yes,Artist,Low,2.0,Cat_6,
Female,Yes,48,Yes,Artist,Average,2.0,Cat_3,
Female,No,39,No,Entertainment,Low,6.0,Cat_3,
Female,No,28,No,Healthcare,Low,4.0,Cat_6,1.0
Male,Yes,50,Yes,Entertainment,Low,2.0,Cat_6,1.0
Male,No,23,No,Healthcare,Low,4.0,Cat_3,
Male,Yes,28,No,Artist,Average,2.0,Cat_6,
Male,Yes,66,Yes,Lawyer,High,2.0,Cat_4,1.0
Female,Yes,42,Yes,Engineer,High,3.0,Cat_3,1.0
Female,No,35,Yes,Artist,Low,1.0,Cat_4,3.0
Male,,89,No,Lawyer,High,2.0,Cat_6,1.0
Female,No,23,No,Marketing,Low,4.0,Cat_3,
Male,No,22,No,Healthcare,Low,3.0,Cat_1,1.0
Female,Yes,43,No,Engineer,Average,2.0,Cat_6,1.0
Female,Yes,39,No,Engineer,Average,4.0,Cat_4,1.0
Male,Yes,56,Yes,Artist,Average,3.0,Cat_4,
Female,No,40,Yes,Healthcare,Low,1.0,Cat_6,8.0
Male,No,36,No,Entertainment,Low,1.0,Cat_6,1.0
Female,Yes,39,Yes,Engineer,Low,1.0,Cat_3,1.0
Female,Yes,58,Yes,Artist,Average,2.0,Cat_6,
Female,Yes,58,No,Lawyer,High,4.0,Cat_6,
Male,Yes,48,Yes,Executive,High,5.0,Cat_6,5.0
Male,Yes,32,Yes,Healthcare,Low,2.0,Cat_6,1.0
Male,No,33,Yes,Entertainment,Low,1.0,Cat_6,6.0
Female,Yes,50,Yes,Artist,Low,1.0,Cat_6,4.0
Male,Yes,61,No,Engineer,Low,3.0,Cat_4,
Male,Yes,42,Yes,Artist,Low,2.0,Cat_3,1.0
Male,No,21,No,Healthcare,Low,4.0,Cat_3,1.0
Female,Yes,49,Yes,Artist,High,4.0,Cat_6,
Male,Yes,47,No,Entertainment,Average,3.0,Cat_6,
Female,No,27,Yes,Healthcare,Low,1.0,Cat_6,9.0
Female,,31,No,Healthcare,Low,4.0,Cat_6,
Female,Yes,63,Yes,Artist,Average,3.0,Cat_6,7.0
Female,Yes,50,Yes,Healthcare,Low,3.0,Cat_6,1.0
Male,No,18,No,Healthcare,Low,4.0,Cat_6,13.0
Female,Yes,89,Yes,Lawyer,High,3.0,Cat_6,1.0
Female,No,41,Yes,Artist,Low,1.0,Cat_6,9.0
Female,,41,Yes,Healthcare,Low,1.0,Cat_4,
Female,Yes,31,Yes,Marketing,High,4.0,Cat_2,7.0
Female,Yes,84,Yes,Lawyer,Low,1.0,Cat_6,2.0
Male,Yes,42,Yes,Artist,Average,2.0,Cat_6,2.0
Female,Yes,50,Yes,Artist,Low,2.0,Cat_6,4.0
Male,Yes,51,No,Artist,Average,4.0,Cat_7,2.0
Female,No,41,Yes,Healthcare,Low,1.0,Cat_1,12.0
Female,No,32,No,Homemaker,Low,1.0,Cat_6,9.0
Male,Yes,42,Yes,Artist,Average,2.0,Cat_6,
Female,Yes,48,No,Artist,Average,3.0,Cat_6,8.0
Female,No,48,Yes,Marketing,Low,1.0,Cat_7,
Female,No,30,No,Healthcare,Low,9.0,Cat_6,
Female,Yes,84,No,Lawyer,High,2.0,Cat_6,1.0
Female,No,28,No,Entertainment,Low,4.0,Cat_6,1.0
Female,No,26,Yes,Entertainment,Low,2.0,Cat_6,6.0
Male,,20,No,Healthcare,Low,3.0,Cat_2,1.0
Male,No,29,Yes,Healthcare,Low,4.0,Cat_2,5.0
Female,Yes,39,Yes,Homemaker,Average,3.0,Cat_3,
Male,No,27,No,Doctor,Low,4.0,Cat_6,9.0
Female,No,33,Yes,Doctor,Low,1.0,Cat_6,1.0
Female,Yes,41,Yes,Entertainment,High,,Cat_3,5.0
Female,,46,Yes,Entertainment,Low,3.0,Cat_6,6.0
Female,No,32,No,Healthcare,Low,4.0,Cat_6,7.0
Male,Yes,82,No,Executive,High,2.0,Cat_6,1.0
Male,No,20,No,Healthcare,Low,5.0,Cat_2,4.0
Male,Yes,59,Yes,Artist,Average,3.0,Cat_6,1.0
Male,No,30,Yes,Entertainment,Low,,Cat_6,
Female,No,26,Yes,Artist,Low,5.0,Cat_6,1.0
Male,No,35,Yes,Artist,Low,1.0,Cat_6,13.0
Male,Yes,85,No,Lawyer,Low,1.0,Cat_6,1.0
Male,Yes,68,Yes,Artist,High,2.0,Cat_6,
Male,Yes,28,No,Artist,Average,2.0,Cat_3,1.0
Female,No,40,Yes,Doctor,Low,1.0,Cat_6,7.0
Male,Yes,59,Yes,Artist,Low,2.0,Cat_6,1.0
Male,Yes,40,Yes,Entertainment,Average,2.0,Cat_3,1.0
Male,No,25,No,Entertainment,Low,3.0,Cat_6,13.0
Female,Yes,35,Yes,Homemaker,High,7.0,Cat_6,13.0
Male,Yes,51,No,Executive,High,4.0,Cat_7,
Female,No,33,Yes,Healthcare,Low,1.0,Cat_6,1.0
Male,No,28,No,Doctor,Low,4.0,Cat_3,
Male,Yes,41,Yes,Artist,High,2.0,Cat_2,8.0
Male,Yes,35,Yes,Artist,Average,2.0,Cat_6,
Female,Yes,77,Yes,Lawyer,High,2.0,Cat_6,
Female,Yes,32,Yes,Artist,High,3.0,Cat_3,
Female,No,35,Yes,Artist,Low,1.0,Cat_6,3.0
Male,No,28,Yes,Healthcare,Low,7.0,Cat_6,
Male,Yes,61,Yes,Artist,Low,2.0,Cat_6,1.0
Male,No,36,Yes,Engineer,Low,1.0,Cat_6,8.0
Male,No,25,Yes,Artist,Low,1.0,Cat_6,
Female,Yes,86,No,Lawyer,High,2.0,Cat_6,
Male,No,19,No,Healthcare,Low,3.0,Cat_4,1.0
Male,Yes,45,Yes,Entertainment,Average,2.0,Cat_4,
Male,No,21,No,Healthcare,Low,6.0,Cat_4,0.0
Male,No,32,Yes,Healthcare,Low,,Cat_6,
Female,Yes,40,Yes,Homemaker,Average,2.0,Cat_4,10.0
Male,Yes,48,Yes,Entertainment,Low,1.0,Cat_6,1.0
Male,Yes,32,No,,Average,3.0,Cat_6,5.0
Female,Yes,45,Yes,Artist,Average,3.0,Cat_6,5.0
Male,Yes,47,Yes,Executive,High,4.0,Cat_6,7.0
Female,No,42,Yes,Artist,Low,3.0,Cat_6,
Female,Yes,30,No,Entertainment,High,4.0,Cat_5,1.0
Female,Yes,46,No,Artist,Average,4.0,Cat_3,
Female,No,35,Yes,Artist,Low,3.0,Cat_6,12.0
Female,No,32,No,Marketing,Low,,Cat_6,
Male,Yes,46,Yes,Artist,Average,4.0,Cat_7,
Male,,37,Yes,Doctor,Low,6.0,Cat_6,8.0
Female,No,38,Yes,Marketing,Low,4.0,Cat_5,9.0
Female,No,31,Yes,Artist,Low,2.0,Cat_6,13.0
Female,Yes,43,Yes,Marketing,Low,1.0,Cat_6,6.0
Female,Yes,49,Yes,Artist,Average,3.0,Cat_6,
Female,No,30,Yes,Engineer,Low,5.0,Cat_6,9.0
Male,Yes,84,No,Lawyer,High,2.0,Cat_6,
Male,Yes,36,No,Entertainment,Average,4.0,Cat_4,
Female,Yes,41,Yes,Artist,Low,4.0,Cat_6,
Female,Yes,51,Yes,Artist,High,4.0,Cat_6,
Male,Yes,72,No,Entertainment,Average,3.0,Cat_6,1.0
Female,Yes,86,Yes,Lawyer,High,2.0,Cat_6,
Male,No,20,No,Healthcare,Low,4.0,Cat_6,1.0
Female,Yes,77,No,Lawyer,Low,1.0,Cat_6,1.0
Male,Yes,58,Yes,Engineer,Low,1.0,Cat_6,
Female,No,31,No,,Low,4.0,Cat_3,1.0
Female,No,19,No,Healthcare,Low,5.0,Cat_2,5.0
Female,Yes,41,Yes,Artist,High,4.0,Cat_2,1.0
Female,Yes,41,Yes,Artist,Average,,Cat_2,1.0
Female,No,26,No,Artist,Low,1.0,Cat_6,1.0
Male,No,18,No,Healthcare,Low,3.0,Cat_6,0.0
Male,Yes,37,Yes,Entertainment,Average,2.0,Cat_6,9.0
Female,Yes,81,No,Lawyer,High,2.0,Cat_6,
Male,Yes,32,Yes,Artist,Average,2.0,Cat_6,9.0
Female,Yes,49,No,Healthcare,Average,2.0,Cat_4,
Female,No,20,No,Doctor,Low,6.0,Cat_6,1.0
Female,Yes,59,Yes,Engineer,Low,1.0,Cat_3,
Female,No,22,No,Healthcare,Low,3.0,Cat_6,1.0
Male,Yes,51,No,Artist,Average,2.0,Cat_2,
Male,Yes,53,No,Executive,High,4.0,Cat_6,1.0
Male,Yes,43,Yes,Entertainment,Low,4.0,Cat_3,
Female,Yes,71,No,,Low,1.0,Cat_6,1.0
Male,Yes,26,Yes,Doctor,Average,2.0,Cat_7,1.0
Female,No,29,No,Artist,Low,3.0,Cat_4,
Female,No,42,Yes,Artist,Low,2.0,Cat_6,7.0
Male,Yes,79,Yes,Artist,High,2.0,Cat_6,
Female,No,42,No,Artist,Low,4.0,Cat_3,
Male,No,23,No,Engineer,Low,4.0,Cat_4,
Female,Yes,50,No,Engineer,Low,3.0,Cat_7,
Male,No,43,No,Entertainment,Low,1.0,Cat_4,
Male,Yes,30,Yes,Entertainment,Average,3.0,Cat_6,
Female,No,50,No,Engineer,Low,1.0,Cat_6,1.0
Male,Yes,45,Yes,Artist,Average,4.0,Cat_6,4.0
Male,Yes,35,Yes,Artist,Low,2.0,Cat_6,7.0
Female,Yes,37,Yes,Artist,Average,2.0,Cat_6,5.0
Male,Yes,67,Yes,Executive,High,2.0,Cat_6,1.0
Male,Yes,77,No,Lawyer,High,2.0,Cat_6,1.0
Female,Yes,46,Yes,Homemaker,Average,3.0,Cat_3,8.0
Male,Yes,49,Yes,Artist,Average,3.0,Cat_6,1.0
Male,No,20,No,Marketing,Low,3.0,Cat_4,1.0
Male,Yes,37,Yes,Engineer,Average,3.0,Cat_3,1.0
Male,Yes,36,Yes,Entertainment,Average,2.0,Cat_2,4.0
Female,Yes,26,No,Homemaker,Average,2.0,Cat_3,9.0
Female,No,43,No,Doctor,Low,6.0,Cat_7,4.0
Male,Yes,31,No,Homemaker,Low,1.0,Cat_4,9.0
Female,Yes,89,No,Lawyer,High,2.0,Cat_6,
Male,No,29,Yes,Healthcare,Low,2.0,Cat_6,4.0
Female,No,33,Yes,Artist,Low,3.0,Cat_3,
Female,Yes,79,Yes,Lawyer,High,2.0,Cat_6,
Male,No,35,Yes,Lawyer,Low,1.0,Cat_4,1.0
Female,No,26,Yes,Healthcare,Low,2.0,Cat_6,5.0
Male,Yes,70,Yes,Artist,High,2.0,Cat_6,
Male,No,33,Yes,Healthcare,Low,2.0,Cat_2,3.0
Male,Yes,30,Yes,Artist,Average,2.0,Cat_3,
Male,No,22,No,Marketing,Low,4.0,Cat_6,0.0
Male,Yes,61,No,Engineer,Average,4.0,Cat_6,9.0
Female,No,33,No,Engineer,Low,3.0,Cat_6,
Female,No,32,No,Entertainment,Low,3.0,Cat_6,1.0
Female,Yes,50,Yes,Artist,Average,2.0,Cat_5,4.0
Female,No,40,No,Doctor,Low,2.0,Cat_3,1.0
Female,No,35,Yes,Artist,Low,3.0,Cat_6,
Female,No,26,No,Engineer,Low,7.0,Cat_6,2.0
Male,No,27,Yes,Healthcare,Low,1.0,Cat_3,8.0
Male,Yes,39,Yes,Artist,Low,4.0,Cat_4,
Male,Yes,84,No,Lawyer,Low,1.0,Cat_6,1.0
Female,No,32,No,Healthcare,Low,4.0,Cat_3,
Female,No,36,Yes,Artist,Low,4.0,Cat_3,8.0
Female,Yes,41,No,Marketing,Average,3.0,Cat_6,5.0
Male,Yes,49,Yes,Executive,High,3.0,Cat_6,1.0
Female,No,32,Yes,Artist,Low,3.0,Cat_4,
Female,Yes,51,No,Healthcare,High,3.0,Cat_4,
Female,No,37,Yes,Engineer,Low,1.0,Cat_4,
Male,Yes,67,Yes,Artist,Average,2.0,Cat_6,1.0
Male,Yes,73,Yes,Lawyer,High,4.0,Cat_6,
Male,No,38,Yes,Artist,Low,1.0,Cat_6,
Male,Yes,35,No,Artist,Average,3.0,Cat_4,1.0
Female,No,38,Yes,Marketing,Low,4.0,Cat_4,
Male,No,27,No,Entertainment,Low,3.0,Cat_3,
Male,No,31,Yes,Doctor,Low,6.0,Cat_2,8.0
Male,No,18,No,Healthcare,Low,7.0,Cat_3,0.0
Female,Yes,40,Yes,Entertainment,Low,6.0,Cat_6,12.0
Female,No,23,No,Engineer,Low,4.0,Cat_6,1.0
Male,Yes,60,Yes,Executive,High,3.0,Cat_6,5.0
Female,Yes,36,Yes,Artist,Average,2.0,Cat_6,1.0
Male,Yes,40,No,Artist,Average,2.0,Cat_4,
Female,No,43,Yes,Entertainment,Low,4.0,Cat_4,1.0
Male,Yes,38,Yes,Doctor,Low,2.0,Cat_1,5.0
Male,No,39,Yes,Entertainment,Low,1.0,Cat_4,1.0
Male,Yes,57,Yes,Artist,Average,5.0,Cat_6,1.0
Female,No,32,Yes,Healthcare,Low,5.0,Cat_4,1.0
Male,Yes,57,Yes,Doctor,Average,4.0,Cat_6,
Male,No,22,No,Healthcare,Low,4.0,Cat_6,9.0
Female,Yes,83,Yes,Artist,High,2.0,Cat_6,
Male,Yes,42,Yes,Artist,Average,2.0,Cat_6,
Female,Yes,27,No,Homemaker,Low,1.0,Cat_6,10.0
Male,Yes,27,Yes,Artist,Average,2.0,Cat_6,6.0
Female,Yes,63,Yes,Artist,Average,3.0,Cat_6,
Male,Yes,48,Yes,Artist,Average,2.0,,1.0
Male,No,23,No,Healthcare,Low,4.0,Cat_4,1.0
Female,No,29,Yes,Artist,Low,1.0,Cat_6,12.0
Female,Yes,66,Yes,Engineer,Average,2.0,Cat_6,8.0
Male,Yes,57,Yes,Doctor,Average,2.0,Cat_6,5.0
Male,No,40,Yes,Artist,Low,1.0,Cat_6,
Male,Yes,59,No,Entertainment,Average,2.0,Cat_7,1.0
Female,No,19,No,Healthcare,Low,3.0,Cat_6,3.0
Male,Yes,47,No,Entertainment,High,4.0,Cat_4,1.0
Male,Yes,36,Yes,Entertainment,High,3.0,Cat_6,9.0
Male,No,32,Yes,Doctor,Low,4.0,Cat_2,
Female,No,32,No,Artist,Low,4.0,Cat_6,3.0
Male,Yes,35,No,Artist,Low,3.0,Cat_7,9.0
Male,Yes,81,Yes,Lawyer,Low,1.0,Cat_6,9.0
Male,Yes,48,Yes,Executive,High,3.0,Cat_6,1.0
Female,Yes,77,Yes,Lawyer,High,2.0,Cat_6,
Male,Yes,45,Yes,Artist,Average,2.0,Cat_6,4.0
Female,Yes,43,Yes,Healthcare,Average,2.0,Cat_3,
Female,Yes,56,Yes,Marketing,Average,2.0,Cat_6,
Male,Yes,31,No,Doctor,Low,2.0,Cat_2,8.0
Female,Yes,61,Yes,Engineer,Low,3.0,Cat_7,
Male,No,18,No,Healthcare,Low,9.0,Cat_6,8.0
Female,Yes,45,Yes,Artist,Average,2.0,Cat_6,1.0
Male,Yes,51,Yes,Entertainment,Average,5.0,Cat_6,
Female,No,26,No,Marketing,Low,3.0,Cat_3,3.0
Female,No,32,Yes,Artist,Low,1.0,Cat_6,
Male,Yes,55,No,Artist,Low,1.0,Cat_6,1.0
Male,Yes,53,Yes,Entertainment,Low,2.0,Cat_2,4.0
Male,No,26,No,Artist,Low,5.0,Cat_5,8.0
Female,Yes,35,No,Healthcare,Low,1.0,Cat_6,2.0
Male,Yes,58,No,Executive,High,3.0,Cat_6,4.0
Male,Yes,36,Yes,Artist,Average,2.0,Cat_6,8.0
Female,Yes,45,Yes,Artist,High,4.0,Cat_2,3.0
Female,No,36,Yes,Engineer,Low,1.0,Cat_4,9.0
Female,No,29,No,Marketing,Low,5.0,Cat_3,1.0
Female,Yes,33,No,Entertainment,Low,2.0,Cat_3,1.0
Female,No,37,No,Engineer,Low,1.0,Cat_6,3.0
Female,Yes,86,Yes,Lawyer,High,2.0,Cat_6,
Female,Yes,53,Yes,Executive,High,4.0,Cat_6,
Female,No,31,No,Healthcare,Low,3.0,Cat_6,1.0
Male,Yes,79,No,Lawyer,High,2.0,Cat_6,
Male,Yes,58,Yes,Entertainment,Average,4.0,Cat_6,1.0
Male,Yes,45,Yes,Executive,High,4.0,Cat_6,
Male,Yes,47,Yes,Marketing,Low,2.0,Cat_4,
Male,Yes,51,Yes,Artist,Average,4.0,Cat_6,
Male,Yes,22,No,Healthcare,Average,4.0,Cat_7,1.0
Male,Yes,53,No,Entertainment,Low,1.0,Cat_6,1.0
Male,Yes,37,Yes,Artist,Average,2.0,Cat_6,9.0
Male,Yes,74,Yes,Lawyer,Low,1.0,Cat_6,1.0
Male,Yes,75,Yes,Lawyer,High,2.0,Cat_6,
Male,Yes,47,Yes,Executive,Low,,Cat_6,9.0
Female,No,33,Yes,Engineer,Low,3.0,Cat_6,1.0
Male,No,32,Yes,Doctor,Low,2.0,Cat_6,1.0
Male,No,28,No,Healthcare,Low,5.0,Cat_4,
Male,No,31,Yes,Healthcare,Low,1.0,Cat_6,
Male,No,37,No,Healthcare,Low,5.0,Cat_3,
Male,No,45,Yes,Artist,Low,1.0,Cat_6,9.0
Male,No,23,No,,Low,4.0,Cat_6,1.0
Female,Yes,59,Yes,Artist,High,2.0,Cat_6,
Male,Yes,82,No,Executive,High,2.0,Cat_4,1.0
Male,Yes,55,Yes,Artist,Average,5.0,Cat_6,1.0
Male,Yes,67,Yes,Artist,Average,2.0,Cat_6,1.0
Male,Yes,38,Yes,Entertainment,Low,2.0,Cat_6,
Female,,21,No,Healthcare,Low,4.0,Cat_6,
Male,No,21,No,Healthcare,Low,6.0,Cat_6,1.0
Male,Yes,59,Yes,Artist,Low,,Cat_6,
Male,Yes,82,No,Executive,High,4.0,Cat_4,1.0
Female,Yes,50,Yes,Artist,High,4.0,Cat_6,
Male,Yes,42,No,Engineer,Low,3.0,Cat_6,9.0
Female,Yes,30,No,Artist,Average,2.0,Cat_3,1.0
Female,No,30,Yes,Healthcare,Low,1.0,Cat_6,
Male,Yes,52,No,Executive,Low,5.0,,1.0
Female,Yes,72,Yes,Artist,Average,3.0,Cat_6,3.0
Male,No,29,Yes,Healthcare,Low,4.0,Cat_6,
Male,Yes,51,Yes,Doctor,Average,3.0,Cat_4,8.0
Male,Yes,39,Yes,Artist,Average,2.0,Cat_6,
Male,No,19,No,Healthcare,Low,5.0,Cat_6,9.0
Male,No,47,Yes,,Low,1.0,Cat_6,
Male,Yes,51,Yes,Artist,Average,3.0,Cat_6,5.0
Male,Yes,55,No,Artist,Average,2.0,Cat_6,
Male,No,31,No,Entertainment,Low,4.0,Cat_2,1.0
Female,No,26,Yes,Healthcare,Low,4.0,Cat_2,
Male,No,35,Yes,Entertainment,Low,5.0,Cat_6,8.0
Female,Yes,36,Yes,Homemaker,Average,5.0,Cat_6,8.0
Male,No,31,Yes,Healthcare,Low,4.0,Cat_6,
Female,No,29,Yes,Entertainment,Low,2.0,Cat_6,8.0
Female,No,43,Yes,Artist,Low,1.0,Cat_6,6.0
Male,No,40,No,Marketing,Low,1.0,Cat_4,1.0
Male,Yes,36,No,Engineer,Low,1.0,Cat_6,
Female,Yes,58,Yes,Artist,Average,5.0,Cat_6,4.0
Female,Yes,50,Yes,Executive,High,3.0,Cat_6,4.0
Male,Yes,83,No,Executive,Low,7.0,Cat_6,
Female,No,32,Yes,Healthcare,Low,1.0,Cat_4,
Female,No,53,Yes,Engineer,Low,1.0,Cat_6,1.0
Female,No,26,No,Homemaker,Low,1.0,Cat_6,8.0
Female,No,43,Yes,Artist,Low,4.0,Cat_6,8.0
Male,Yes,35,Yes,Executive,Average,5.0,Cat_6,2.0
Male,Yes,51,Yes,Artist,Low,3.0,Cat_6,1.0
Female,Yes,89,No,Lawyer,High,1.0,Cat_6,3.0
Male,Yes,51,Yes,Doctor,High,2.0,Cat_3,1.0
Female,No,52,Yes,Artist,Low,1.0,Cat_6,6.0
Female,No,25,Yes,Healthcare,Low,1.0,Cat_6,
Female,Yes,57,Yes,Artist,Average,4.0,Cat_6,1.0
Male,Yes,27,No,Executive,Low,6.0,Cat_6,
Female,Yes,68,Yes,Lawyer,High,4.0,Cat_6,9.0
Male,Yes,35,No,Doctor,Low,1.0,Cat_4,
Male,Yes,59,Yes,Artist,Average,4.0,Cat_6,9.0
Male,No,22,No,Healthcare,Low,2.0,Cat_4,1.0
Female,No,51,Yes,Artist,Low,1.0,Cat_6,
Male,No,27,Yes,Entertainment,Low,5.0,Cat_4,1.0
Female,Yes,35,Yes,Healthcare,Low,3.0,Cat_6,1.0
Female,Yes,62,Yes,Artist,Average,7.0,Cat_7,4.0
Female,No,33,No,Engineer,Low,3.0,Cat_6,1.0
Male,Yes,66,Yes,Artist,High,2.0,Cat_6,1.0
Female,,28,No,Engineer,Low,4.0,Cat_6,
Female,No,21,No,Healthcare,Low,2.0,Cat_4,0.0
Male,No,40,Yes,Artist,Low,2.0,Cat_6,5.0
Male,No,21,No,Healthcare,Low,6.0,Cat_6,13.0
Male,No,39,No,Artist,Low,1.0,Cat_4,1.0
Female,No,25,No,Doctor,Low,4.0,Cat_6,
Male,Yes,41,Yes,Artist,Average,3.0,Cat_6,1.0
Male,No,41,Yes,Entertainment,Low,1.0,Cat_6,
Female,Yes,37,Yes,Artist,Average,3.0,Cat_7,
Male,Yes,43,No,Entertainment,Average,3.0,Cat_6,
Male,Yes,31,Yes,Entertainment,Low,2.0,Cat_6,4.0
Male,No,29,No,Doctor,Low,5.0,Cat_4,1.0
Male,Yes,36,Yes,Doctor,Average,2.0,Cat_6,7.0
Male,Yes,47,No,Artist,Low,4.0,Cat_1,
Female,No,33,Yes,Engineer,Low,2.0,Cat_6,9.0
Female,,38,Yes,Executive,High,1.0,Cat_3,
Female,Yes,81,Yes,Lawyer,Average,2.0,Cat_6,
Male,Yes,40,Yes,Artist,Average,4.0,Cat_6,4.0
Female,Yes,65,Yes,Engineer,Low,1.0,Cat_6,1.0
Male,Yes,47,Yes,Executive,Average,4.0,Cat_6,1.0
Female,No,32,No,Healthcare,Low,5.0,,1.0
Female,No,20,No,Doctor,Low,4.0,Cat_6,4.0
Male,Yes,60,Yes,Executive,Average,5.0,Cat_6,
Female,No,35,Yes,Artist,Low,1.0,Cat_6,9.0
Female,Yes,27,Yes,Entertainment,Low,5.0,Cat_6,3.0
Female,No,27,Yes,Healthcare,Low,4.0,Cat_6,
Male,Yes,47,Yes,Artist,Low,1.0,Cat_6,
Male,No,41,Yes,Entertainment,Low,2.0,Cat_6,8.0
Male,No,19,No,Healthcare,Low,,Cat_6,0.0
Female,No,53,Yes,Artist,Low,,Cat_7,1.0
Female,Yes,75,Yes,Homemaker,High,,Cat_6,1.0
Female,No,56,Yes,Artist,Low,1.0,Cat_6,
Male,No,35,Yes,Artist,Low,1.0,Cat_6,
Female,No,43,Yes,Engineer,Low,1.0,Cat_6,
Male,Yes,50,Yes,Doctor,Average,4.0,Cat_6,1.0
Male,Yes,36,Yes,Entertainment,Low,2.0,Cat_4,
Male,No,38,Yes,Artist,Low,1.0,Cat_3,1.0
Male,Yes,49,Yes,Doctor,Average,4.0,Cat_6,1.0
Female,Yes,45,Yes,Artist,Average,3.0,Cat_6,1.0
Male,Yes,48,No,Entertainment,Average,3.0,Cat_3,1.0
Male,No,30,No,Doctor,Low,5.0,Cat_6,
Female,Yes,75,Yes,Lawyer,Low,1.0,Cat_6,
Female,No,19,Yes,Artist,Low,2.0,Cat_6,0.0
Male,No,30,Yes,Artist,Low,2.0,Cat_6,9.0
Male,No,31,No,Healthcare,Low,,Cat_6,
Male,No,35,Yes,Artist,Low,2.0,Cat_6,2.0
Female,Yes,63,Yes,Artist,High,3.0,Cat_6,1.0
Male,Yes,75,No,Lawyer,Low,1.0,Cat_4,1.0
Male,No,29,No,Doctor,Low,4.0,Cat_6,8.0
Female,No,49,No,Engineer,Low,,Cat_7,1.0
Male,No,31,Yes,Healthcare,Low,4.0,Cat_1,3.0
Male,Yes,60,Yes,Artist,Low,2.0,Cat_6,1.0
Male,Yes,63,Yes,Artist,Low,1.0,Cat_6,1.0
Female,No,26,No,Homemaker,Low,1.0,Cat_6,13.0
Male,Yes,27,No,,Average,6.0,Cat_4,1.0
Female,Yes,49,Yes,Homemaker,Average,2.0,Cat_6,8.0
Female,No,37,Yes,Artist,Low,1.0,Cat_3,1.0
Female,No,42,Yes,Entertainment,Low,1.0,Cat_6,1.0
Female,Yes,50,Yes,Artist,Average,2.0,Cat_6,8.0
Female,Yes,41,No,Doctor,Low,1.0,Cat_7,
Female,No,37,No,Engineer,Low,1.0,Cat_6,
Female,No,30,Yes,Doctor,Low,,Cat_4,8.0
Male,Yes,43,Yes,Artist,Average,3.0,Cat_6,3.0
Female,No,23,No,Doctor,Low,4.0,Cat_6,
Female,Yes,40,Yes,Engineer,Average,4.0,Cat_6,
Male,No,37,Yes,Artist,Low,1.0,Cat_6,2.0
Male,No,43,Yes,Doctor,Low,4.0,Cat_6,1.0
Male,No,30,Yes,Entertainment,Low,4.0,Cat_6,8.0
Female,Yes,68,Yes,Artist,Average,2.0,Cat_6,1.0
Male,Yes,37,Yes,Executive,High,2.0,Cat_3,9.0
Male,No,32,Yes,Engineer,Low,3.0,Cat_6,
Male,No,36,Yes,Artist,Low,1.0,Cat_3,
Male,Yes,77,No,Lawyer,High,2.0,Cat_6,
Female,Yes,78,No,Lawyer,High,2.0,Cat_4,1.0
Male,No,19,No,Healthcare,Low,4.0,Cat_2,1.0
Male,Yes,65,Yes,Lawyer,Low,2.0,Cat_1,
Male,No,27,No,Doctor,Low,4.0,Cat_6,
Male,No,28,Yes,Healthcare,Low,4.0,Cat_6,5.0
Male,No,27,Yes,Artist,Low,3.0,Cat_6,1.0
Female,Yes,60,Yes,Engineer,Average,3.0,Cat_7,1.0
Male,No,21,No,Healthcare,Low,3.0,Cat_4,0.0
Male,Yes,46,Yes,Artist,Average,3.0,Cat_6,1.0
Female,Yes,32,Yes,Healthcare,Low,2.0,Cat_6,
Male,Yes,48,Yes,Artist,Average,3.0,Cat_6,1.0
Female,Yes,72,Yes,Engineer,High,2.0,Cat_4,
Male,No,43,Yes,Healthcare,Low,3.0,Cat_6,3.0
Male,No,25,Yes,Healthcare,Low,,Cat_4,
Female,Yes,58,Yes,Artist,Low,1.0,Cat_6,1.0
Female,No,21,No,Homemaker,Low,1.0,Cat_6,9.0
Female,No,52,Yes,Artist,Low,1.0,Cat_6,9.0
Male,No,27,No,Artist,Low,1.0,Cat_6,1.0
Female,Yes,60,Yes,Artist,High,2.0,Cat_6,4.0
Male,Yes,40,Yes,Engineer,Average,3.0,Cat_6,12.0
Female,No,29,No,Marketing,Low,3.0,Cat_6,4.0
Male,Yes,31,Yes,Healthcare,Low,2.0,Cat_6,2.0
Female,No,27,Yes,Healthcare,Low,4.0,Cat_6,
Male,No,39,Yes,Artist,Low,1.0,Cat_6,9.0
Female,Yes,45,Yes,Doctor,Low,1.0,Cat_4,
Female,,58,No,Executive,Average,3.0,Cat_3,1.0
Male,Yes,68,Yes,Lawyer,High,2.0,Cat_6,
Male,Yes,53,Yes,Executive,High,4.0,Cat_6,1.0
Male,Yes,25,No,Engineer,Low,1.0,Cat_6,14.0
Male,Yes,32,Yes,Artist,Average,2.0,Cat_3,5.0
Female,Yes,45,Yes,Artist,Low,2.0,Cat_6,9.0
Male,Yes,25,No,Engineer,Average,3.0,Cat_4,
Male,No,39,No,Engineer,Low,2.0,Cat_6,5.0
Female,,49,No,Entertainment,Low,1.0,Cat_3,
Female,Yes,49,No,,Low,2.0,Cat_3,11.0
Male,Yes,29,No,Executive,High,3.0,Cat_6,
Female,Yes,52,Yes,Artist,Average,4.0,Cat_6,2.0
Male,No,35,Yes,Artist,Low,2.0,Cat_6,2.0
Male,No,26,No,Engineer,Low,4.0,Cat_4,
Female,Yes,46,Yes,Artist,Low,4.0,Cat_4,1.0
Male,No,33,No,Marketing,Low,9.0,Cat_6,11.0
Male,No,22,No,Healthcare,Low,5.0,Cat_6,1.0
Female,No,30,Yes,Entertainment,Low,3.0,Cat_6,9.0
Female,Yes,50,Yes,Artist,Low,2.0,Cat_6,9.0
Female,No,38,Yes,Healthcare,Low,2.0,Cat_6,
Male,Yes,65,Yes,Lawyer,High,2.0,Cat_6,1.0
Female,No,41,Yes,Artist,Low,1.0,Cat_6,2.0
Female,Yes,40,Yes,Artist,Low,1.0,Cat_6,
Male,No,29,No,Engineer,Low,5.0,Cat_3,
Female,No,20,No,Healthcare,Low,3.0,Cat_1,8.0
Female,No,32,Yes,Homemaker,Low,1.0,Cat_6,10.0
Female,Yes,83,No,Lawyer,High,2.0,Cat_6,1.0
Male,Yes,57,Yes,Doctor,Low,1.0,Cat_6,
Female,Yes,30,Yes,Engineer,High,6.0,Cat_4,8.0
Female,Yes,68,Yes,Lawyer,High,4.0,Cat_6,3.0
Male,Yes,59,Yes,Artist,Average,2.0,Cat_6,3.0
Female,Yes,50,Yes,Artist,Average,3.0,Cat_6,1.0
Female,Yes,43,No,Entertainment,Low,1.0,Cat_3,5.0
Female,No,27,Yes,Healthcare,Low,4.0,Cat_2,1.0
Female,No,35,No,Marketing,Low,,Cat_3,
Male,No,41,Yes,Artist,Low,2.0,Cat_6,9.0
Male,Yes,38,No,Artist,Low,1.0,Cat_6,8.0
Male,Yes,62,Yes,Artist,Average,9.0,Cat_3,
Male,No,18,No,Healthcare,Low,3.0,Cat_4,1.0
Male,No,48,Yes,Entertainment,Low,3.0,Cat_2,
Male,No,32,No,Entertainment,Low,6.0,Cat_3,
Male,No,25,Yes,Healthcare,Low,4.0,Cat_3,1.0
Female,Yes,27,No,Artist,High,5.0,Cat_2,6.0
Male,Yes,52,Yes,Healthcare,Average,4.0,Cat_6,
Female,Yes,35,Yes,Artist,Average,3.0,Cat_6,
Female,No,55,No,Entertainment,Low,1.0,Cat_6,3.0
Male,Yes,43,Yes,Artist,Average,2.0,,9.0
Female,Yes,72,No,Lawyer,High,7.0,Cat_3,
Male,Yes,32,No,Marketing,Low,3.0,Cat_6,4.0
Female,No,35,Yes,Doctor,Low,1.0,Cat_3,1.0
Male,Yes,52,No,Artist,Low,2.0,Cat_6,1.0
Female,No,32,No,Healthcare,Low,5.0,Cat_7,
Male,Yes,55,Yes,Entertainment,Low,2.0,Cat_6,1.0
Male,Yes,65,Yes,Lawyer,High,2.0,Cat_6,1.0
Male,Yes,42,Yes,Executive,High,5.0,Cat_6,1.0
Male,Yes,69,Yes,Executive,Low,,Cat_6,
Male,No,28,Yes,Entertainment,Low,5.0,Cat_6,1.0
Female,Yes,79,No,Lawyer,High,3.0,Cat_6,1.0
Male,Yes,86,Yes,Artist,Low,,Cat_6,
Female,Yes,58,Yes,Artist,High,3.0,,
Male,No,21,No,Healthcare,Low,6.0,Cat_4,1.0
Male,Yes,28,No,Engineer,Average,2.0,Cat_4,6.0
Male,Yes,81,Yes,Lawyer,High,2.0,Cat_6,1.0
Male,Yes,52,Yes,Executive,Average,4.0,Cat_2,1.0
Female,No,20,No,Healthcare,Low,5.0,Cat_4,1.0
Female,Yes,62,Yes,Artist,Low,4.0,Cat_4,1.0
Male,No,20,No,Healthcare,Low,,Cat_3,8.0
Male,Yes,62,Yes,,Average,3.0,Cat_6,
Female,No,35,Yes,Artist,Low,1.0,Cat_6,1.0
Male,Yes,40,Yes,Artist,Average,4.0,Cat_4,
Female,No,30,No,Engineer,Low,1.0,Cat_6,
Female,Yes,48,Yes,Artist,Average,2.0,Cat_6,1.0
Male,Yes,38,No,Doctor,Average,5.0,Cat_6,
Male,No,25,Yes,Doctor,Low,1.0,Cat_2,6.0
Female,No,42,Yes,Engineer,Low,1.0,Cat_6,11.0
Male,No,28,Yes,Marketing,Low,5.0,Cat_7,9.0
Male,No,18,No,Healthcare,Low,,Cat_2,2.0
Female,No,45,Yes,Doctor,Low,1.0,Cat_6,
Female,Yes,45,Yes,Artist,Low,3.0,Cat_6,
Female,No,31,No,Healthcare,Low,7.0,Cat_6,
Male,Yes,57,No,Doctor,Low,3.0,Cat_4,4.0
Female,No,30,No,Healthcare,Low,4.0,Cat_6,
Female,No,25,No,Healthcare,Low,5.0,Cat_4,1.0
Female,No,41,No,Marketing,Low,2.0,Cat_6,
Male,Yes,45,Yes,Entertainment,Low,4.0,Cat_2,
Male,No,19,No,Healthcare,Low,5.0,Cat_2,2.0
Male,No,45,Yes,Artist,Low,4.0,Cat_6,
Male,Yes,26,Yes,Healthcare,Low,2.0,Cat_6,6.0
Male,Yes,63,No,Entertainment,Average,5.0,Cat_6,
Female,Yes,46,No,Engineer,Average,5.0,Cat_6,1.0
Female,,33,Yes,Healthcare,Low,5.0,Cat_3,
Male,No,21,No,Healthcare,Low,4.0,,1.0
Female,No,33,Yes,Healthcare,Low,1.0,Cat_6,
Male,Yes,27,Yes,Doctor,Average,2.0,Cat_6,9.0
Male,Yes,89,No,Executive,High,2.0,Cat_6,
Male,Yes,43,Yes,Artist,High,2.0,Cat_4,9.0
Female,Yes,79,Yes,Artist,Average,2.0,Cat_6,
Female,Yes,35,Yes,Artist,Average,2.0,Cat_6,
Female,No,28,No,Artist,Low,5.0,Cat_1,1.0
Male,Yes,40,No,,Average,2.0,Cat_3,
Male,No,25,No,Entertainment,Low,9.0,Cat_6,8.0
Male,No,38,Yes,Entertainment,Low,4.0,Cat_6,
Female,Yes,43,No,Entertainment,Average,5.0,Cat_2,7.0
Male,No,30,No,Healthcare,Low,4.0,Cat_6,4.0
Male,Yes,38,No,Entertainment,Low,3.0,Cat_4,1.0
Male,Yes,36,Yes,Artist,Average,5.0,Cat_6,
Male,Yes,50,No,Marketing,High,6.0,Cat_4,1.0
Female,Yes,46,Yes,Entertainment,Average,2.0,Cat_6,2.0
Female,Yes,68,Yes,Artist,Average,3.0,Cat_6,1.0
Male,Yes,87,Yes,Lawyer,Low,1.0,Cat_6,
Male,Yes,40,No,Engineer,Average,,Cat_4,2.0
Male,Yes,41,No,Executive,High,3.0,,
Male,Yes,36,Yes,Executive,High,4.0,Cat_6,1.0
Female,No,28,Yes,Artist,Low,1.0,Cat_6,1.0
Female,Yes,59,Yes,Artist,Average,4.0,Cat_3,
Male,No,32,No,Healthcare,Low,4.0,Cat_3,7.0
Female,Yes,38,No,Doctor,Average,2.0,Cat_4,1.0
Male,No,38,No,Doctor,Low,5.0,Cat_3,
Female,Yes,86,Yes,Lawyer,Low,2.0,Cat_6,1.0
Female,Yes,53,Yes,Artist,Average,2.0,Cat_3,
Male,No,27,No,Entertainment,Low,2.0,Cat_6,6.0
Male,Yes,39,Yes,Artist,Average,3.0,Cat_6,
Female,No,30,Yes,Healthcare,Low,,Cat_2,8.0
Male,Yes,52,No,Engineer,Average,6.0,Cat_4,
Male,Yes,69,No,Lawyer,High,2.0,Cat_6,
Male,Yes,58,Yes,Artist,Average,4.0,Cat_6,1.0
Male,No,36,Yes,Artist,Low,1.0,Cat_6,5.0
Male,No,20,No,Healthcare,Low,4.0,Cat_2,7.0
Female,Yes,37,Yes,Artist,Low,2.0,Cat_6,5.0
Female,Yes,37,No,Marketing,Low,4.0,Cat_6,
Female,No,21,No,Healthcare,Low,4.0,Cat_6,8.0
Female,Yes,80,Yes,Artist,Average,2.0,Cat_6,6.0
Female,No,41,Yes,Marketing,Low,1.0,Cat_6,
Female,No,26,Yes,Artist,Low,1.0,Cat_6,9.0
Female,,30,Yes,Doctor,Low,3.0,Cat_3,
Male,No,40,Yes,Doctor,Low,1.0,Cat_2,12.0
Male,Yes,50,Yes,Artist,Average,2.0,Cat_6,8.0
Female,No,30,No,Artist,Low,,Cat_6,
Female,No,21,No,Marketing,Low,8.0,Cat_6,1.0
Male,Yes,41,Yes,Artist,Average,3.0,Cat_3,
Female,Yes,41,Yes,Artist,Low,1.0,Cat_6,9.0
Female,Yes,88,Yes,Lawyer,Low,2.0,Cat_6,
Male,No,27,Yes,Healthcare,Low,3.0,Cat_2,
Female,Yes,38,No,Engineer,Low,2.0,Cat_6,9.0
Male,No,46,No,Marketing,Low,4.0,Cat_3,1.0
Female,No,20,No,Healthcare,Low,4.0,Cat_6,4.0
Male,Yes,27,No,Entertainment,Average,2.0,Cat_6,3.0
Male,No,25,Yes,Artist,Low,5.0,Cat_6,1.0
Female,Yes,28,,Homemaker,Average,3.0,Cat_3,6.0
Male,No,21,No,,Low,,Cat_3,7.0
Female,Yes,25,Yes,Homemaker,Average,2.0,,9.0
Male,No,43,Yes,Artist,Low,2.0,Cat_6,1.0
Male,Yes,52,Yes,Artist,Average,4.0,Cat_6,2.0
Male,Yes,55,No,Executive,Low,2.0,Cat_6,
Female,Yes,29,Yes,Artist,Low,2.0,Cat_1,4.0
Female,No,40,No,Entertainment,Low,4.0,Cat_6,12.0
Female,No,40,Yes,Artist,Low,1.0,Cat_6,
Female,Yes,61,No,Artist,Average,2.0,Cat_2,1.0
Male,Yes,37,Yes,Artist,Average,2.0,Cat_6,1.0
Male,No,32,Yes,Engineer,Low,3.0,Cat_4,
Female,No,42,Yes,Artist,Low,2.0,Cat_6,1.0
Male,No,23,No,Healthcare,Low,2.0,Cat_6,
Female,Yes,32,Yes,Artist,Low,3.0,Cat_6,8.0
Female,Yes,74,No,Lawyer,High,2.0,Cat_6,
Female,Yes,52,Yes,Artist,Low,2.0,Cat_6,2.0
Male,No,32,Yes,Healthcare,Low,4.0,Cat_6,
Female,Yes,82,Yes,Lawyer,Low,1.0,Cat_6,
Male,Yes,47,No,Entertainment,Average,5.0,Cat_6,1.0
Male,Yes,39,Yes,Executive,High,3.0,Cat_2,
Male,Yes,58,No,Artist,High,3.0,Cat_6,
Female,Yes,53,Yes,Artist,Average,2.0,Cat_6,
Male,Yes,49,No,Artist,Low,2.0,Cat_7,
Female,No,45,No,Marketing,Low,1.0,Cat_6,
Female,Yes,71,No,Engineer,High,4.0,Cat_3,1.0
Female,Yes,68,Yes,Artist,Average,2.0,Cat_6,
Male,Yes,83,No,Lawyer,High,3.0,Cat_3,
Male,No,27,Yes,Marketing,Low,2.0,Cat_3,1.0
Male,Yes,39,No,Executive,Average,7.0,Cat_4,
Female,Yes,40,Yes,Artist,Average,2.0,Cat_6,1.0
Male,No,39,No,Entertainment,Low,3.0,Cat_6,
Female,Yes,48,Yes,Doctor,Low,2.0,Cat_6,
Male,Yes,70,No,Marketing,Low,2.0,Cat_6,1.0
Female,Yes,37,No,Executive,High,2.0,Cat_1,
Female,Yes,48,No,Marketing,Average,2.0,Cat_4,
Male,No,28,Yes,Artist,Low,3.0,Cat_6,8.0
Male,Yes,42,No,Executive,Average,2.0,Cat_3,
Female,No,53,No,Entertainment,Low,,Cat_6,
Female,No,28,Yes,Artist,Low,1.0,Cat_6,9.0
Male,No,47,Yes,Engineer,Low,2.0,Cat_6,1.0
Male,No,18,No,Healthcare,Low,4.0,Cat_2,5.0
Male,Yes,42,Yes,Artist,Low,2.0,Cat_6,14.0
Male,Yes,42,Yes,Artist,Low,4.0,Cat_4,1.0
Male,Yes,55,No,Artist,Low,1.0,Cat_6,
Female,Yes,35,Yes,Artist,Average,5.0,Cat_4,
Female,Yes,31,No,Artist,High,3.0,Cat_4,
Female,No,38,No,Homemaker,Low,,Cat_6,8.0
Female,No,25,Yes,Marketing,Low,2.0,Cat_4,5.0
Male,No,20,No,Healthcare,Low,4.0,Cat_6,1.0
Female,No,38,Yes,Artist,Low,2.0,Cat_6,7.0
Male,Yes,29,No,Executive,Average,2.0,,
Female,Yes,28,Yes,Doctor,Average,2.0,Cat_2,
Female,No,26,No,Engineer,Low,4.0,Cat_4,
Male,Yes,45,No,Doctor,Low,2.0,Cat_3,8.0
Male,Yes,53,Yes,Executive,Low,1.0,Cat_4,9.0
Male,Yes,87,No,Executive,High,2.0,Cat_6,
Male,No,25,Yes,Healthcare,Low,4.0,Cat_6,8.0
Male,No,19,No,Healthcare,Low,4.0,Cat_6,0.0
Male,No,30,Yes,Entertainment,Low,3.0,Cat_6,14.0
Male,Yes,82,Yes,Lawyer,High,2.0,Cat_6,
Female,Yes,26,Yes,Engineer,Low,2.0,Cat_6,9.0
Female,Yes,74,No,Lawyer,High,2.0,Cat_6,
Male,Yes,53,Yes,Artist,Average,2.0,Cat_6,4.0
Male,No,18,No,Healthcare,Low,4.0,Cat_6,
Female,Yes,46,Yes,Entertainment,Low,2.0,Cat_6,5.0
Male,Yes,51,Yes,Entertainment,Average,4.0,Cat_7,
Male,Yes,41,Yes,Artist,High,3.0,Cat_6,
Male,Yes,47,Yes,Executive,High,5.0,Cat_4,1.0
Male,Yes,70,No,Entertainment,Low,1.0,Cat_6,1.0
Male,No,26,Yes,Healthcare,Low,5.0,Cat_6,1.0
Male,Yes,26,No,Artist,Low,4.0,Cat_6,1.0
Female,Yes,36,No,Entertainment,High,3.0,Cat_3,1.0
Female,Yes,61,Yes,Doctor,Average,2.0,Cat_6,1.0
Male,Yes,71,Yes,Artist,Average,4.0,Cat_6,
Male,Yes,38,No,Artist,Average,3.0,Cat_3,5.0
Male,Yes,41,Yes,Artist,Average,2.0,Cat_6,1.0
Male,No,30,No,Executive,Low,4.0,Cat_6,
Female,No,33,Yes,Engineer,Low,3.0,Cat_1,
Female,No,40,Yes,Artist,Low,1.0,Cat_6,1.0
Male,Yes,40,Yes,Executive,Low,4.0,Cat_6,
Male,No,40,Yes,Doctor,Low,2.0,Cat_6,4.0
Female,Yes,65,Yes,Artist,Average,4.0,Cat_4,
Female,No,33,Yes,Artist,Low,1.0,Cat_7,10.0
Male,Yes,33,No,Entertainment,Low,3.0,Cat_3,1.0
Female,Yes,46,No,Artist,Low,1.0,Cat_6,8.0
Female,Yes,32,Yes,Healthcare,High,2.0,Cat_2,8.0
Male,Yes,49,Yes,Artist,Average,2.0,Cat_6,
Male,Yes,26,No,Artist,Low,2.0,Cat_6,3.0
Female,No,39,Yes,Entertainment,Low,1.0,Cat_6,7.0
Female,Yes,66,Yes,Artist,Average,2.0,Cat_6,
Female,Yes,86,Yes,Lawyer,High,2.0,Cat_6,9.0
Female,No,27,Yes,Homemaker,Low,7.0,Cat_6,3.0
Female,No,30,Yes,Artist,Low,5.0,Cat_6,9.0
Male,No,20,No,Healthcare,Low,3.0,Cat_2,0.0
Female,No,42,Yes,Artist,Low,1.0,Cat_6,8.0
Female,No,26,Yes,Engineer,Low,6.0,Cat_4,
Male,Yes,67,Yes,Artist,Average,6.0,Cat_1,
Female,Yes,48,Yes,Artist,Average,2.0,Cat_6,8.0
Male,No,36,Yes,Artist,Low,1.0,Cat_4,2.0
Male,No,33,Yes,Entertainment,Low,4.0,Cat_3,9.0
Male,No,37,Yes,Healthcare,Low,3.0,Cat_6,8.0
Male,No,41,Yes,Artist,Low,3.0,Cat_6,1.0
Male,No,19,No,Healthcare,Low,4.0,Cat_2,0.0
Male,Yes,58,Yes,Artist,Average,2.0,Cat_6,
Male,Yes,47,No,Entertainment,High,5.0,Cat_6,
Female,No,26,Yes,Engineer,Low,3.0,Cat_6,1.0
Male,Yes,42,No,Entertainment,Average,2.0,Cat_2,6.0
Female,Yes,63,Yes,Artist,Average,2.0,Cat_6,
Male,Yes,67,Yes,Executive,Low,,Cat_7,1.0
Female,No,28,Yes,Healthcare,Low,6.0,Cat_6,1.0
Female,Yes,41,Yes,Homemaker,Average,4.0,Cat_2,
Male,Yes,25,,Artist,Low,1.0,Cat_6,6.0
Male,,19,No,Healthcare,Low,3.0,Cat_3,9.0
Female,No,31,Yes,Entertainment,Low,4.0,Cat_6,
Female,,39,Yes,Artist,Low,1.0,Cat_7,
Female,No,32,Yes,Marketing,Low,6.0,Cat_6,1.0
Male,No,70,No,,Low,4.0,Cat_4,
Male,Yes,43,Yes,Healthcare,High,2.0,Cat_6,7.0
Female,No,31,No,Entertainment,Low,4.0,Cat_6,9.0
Male,Yes,77,Yes,Lawyer,Low,1.0,Cat_6,
Male,Yes,45,No,Executive,Low,9.0,Cat_4,3.0
Female,Yes,63,Yes,Executive,High,5.0,Cat_6,
Female,Yes,51,Yes,Doctor,Average,3.0,Cat_6,
Male,Yes,57,Yes,Entertainment,Low,,Cat_3,
Female,No,23,No,,Low,2.0,Cat_6,
Male,Yes,43,Yes,Engineer,Average,2.0,Cat_6,
Male,No,31,No,Healthcare,Low,4.0,Cat_6,1.0
Female,No,42,Yes,Engineer,Low,3.0,Cat_6,6.0
Male,No,27,Yes,Entertainment,Low,3.0,Cat_6,9.0
Male,Yes,39,Yes,Executive,High,3.0,Cat_6,
Female,No,31,Yes,Doctor,Low,2.0,Cat_4,
Female,No,36,Yes,Artist,Low,1.0,Cat_6,1.0
Female,No,68,No,,Low,3.0,Cat_7,2.0
Male,No,19,No,Healthcare,Low,5.0,Cat_2,8.0
Male,No,23,No,Healthcare,Low,4.0,Cat_3,
Female,No,25,Yes,Healthcare,Low,3.0,Cat_5,
Female,Yes,48,No,Engineer,Average,5.0,Cat_3,1.0
Female,No,25,,Healthcare,Low,1.0,Cat_4,1.0
Female,Yes,38,Yes,Engineer,Average,3.0,Cat_4,
Female,No,26,No,Healthcare,Low,4.0,Cat_3,1.0
Female,No,19,No,Healthcare,Low,2.0,Cat_6,0.0
Female,No,67,Yes,Artist,Low,1.0,Cat_7,
Female,No,29,Yes,Healthcare,Low,4.0,Cat_2,3.0
Female,Yes,75,Yes,Lawyer,High,2.0,Cat_6,3.0
Male,No,42,Yes,Artist,Low,1.0,Cat_2,1.0
Male,Yes,29,No,Healthcare,High,2.0,Cat_6,13.0
Female,No,40,No,Engineer,Low,5.0,Cat_4,9.0
Male,Yes,39,Yes,Doctor,Average,3.0,Cat_6,1.0
Female,Yes,38,Yes,Engineer,Low,1.0,Cat_5,
Male,Yes,43,Yes,Artist,Low,2.0,Cat_4,
Female,No,40,Yes,Artist,Low,1.0,Cat_5,1.0
Male,No,28,Yes,Doctor,Low,1.0,Cat_6,1.0
Male,No,19,No,Healthcare,Low,5.0,Cat_3,7.0
Female,Yes,86,No,Lawyer,High,2.0,Cat_6,
Female,Yes,42,No,Engineer,Average,6.0,Cat_4,1.0
Male,Yes,88,Yes,Lawyer,High,3.0,Cat_6,
Male,Yes,35,Yes,Artist,Average,2.0,Cat_6,4.0
Male,Yes,40,No,Artist,Average,2.0,Cat_5,1.0
Female,No,38,No,Engineer,Low,3.0,Cat_4,
Male,No,36,No,Marketing,Low,4.0,Cat_4,
Male,Yes,83,Yes,Artist,High,2.0,Cat_6,2.0
Male,Yes,65,No,Artist,Average,2.0,Cat_4,
Female,Yes,53,Yes,Artist,Average,4.0,Cat_3,1.0
Female,No,30,Yes,Healthcare,Low,5.0,Cat_6,3.0
Female,Yes,57,Yes,Artist,High,3.0,Cat_6,2.0
Female,Yes,68,Yes,Artist,Low,2.0,Cat_6,1.0
Female,No,36,No,Doctor,Low,2.0,Cat_6,
Male,Yes,70,Yes,Lawyer,High,2.0,Cat_6,
Male,No,26,No,Doctor,Low,6.0,Cat_2,
Female,No,42,Yes,Executive,Low,1.0,Cat_4,
Male,Yes,43,No,Executive,Average,5.0,Cat_4,4.0
Male,Yes,32,Yes,Doctor,Low,,,
Male,Yes,36,Yes,Entertainment,Average,2.0,Cat_3,2.0
Male,Yes,57,No,Entertainment,Low,1.0,Cat_6,
Male,Yes,50,Yes,Doctor,Average,8.0,Cat_6,
Male,Yes,45,No,Artist,Average,2.0,Cat_6,4.0
Male,Yes,57,Yes,Artist,Low,2.0,Cat_6,
Female,No,59,Yes,Artist,Low,2.0,Cat_6,
Female,No,30,Yes,Homemaker,Low,1.0,Cat_6,6.0
Female,No,30,Yes,Healthcare,Low,2.0,Cat_6,
Male,Yes,36,Yes,Entertainment,Low,3.0,Cat_3,1.0
Female,No,39,Yes,Engineer,Low,1.0,Cat_6,1.0
Male,No,23,No,Healthcare,Low,2.0,Cat_4,3.0
Male,No,26,Yes,Doctor,Low,3.0,Cat_6,13.0
Female,No,25,No,Healthcare,Low,,Cat_6,
Female,No,42,Yes,Doctor,Low,3.0,Cat_6,
Female,Yes,40,Yes,Artist,Low,2.0,Cat_6,9.0
Female,No,32,Yes,Engineer,Low,,Cat_3,
Male,Yes,65,Yes,Entertainment,Low,1.0,Cat_6,1.0
Male,Yes,35,No,Executive,High,5.0,Cat_6,
Female,No,48,Yes,Artist,Low,1.0,Cat_6,4.0
Male,Yes,63,No,Entertainment,Average,5.0,Cat_6,1.0
Male,Yes,48,Yes,Homemaker,Low,1.0,Cat_3,9.0
Female,Yes,67,Yes,Artist,Low,3.0,Cat_6,9.0
Male,No,39,Yes,Artist,Low,1.0,Cat_6,
Male,No,23,No,Healthcare,Low,4.0,Cat_1,8.0
Male,Yes,46,Yes,Entertainment,Low,3.0,Cat_6,5.0
Male,Yes,41,Yes,Artist,Average,2.0,Cat_6,12.0
Female,No,25,Yes,Doctor,Low,4.0,Cat_6,
Male,Yes,61,Yes,Executive,High,2.0,Cat_6,
Male,Yes,51,Yes,,Low,2.0,Cat_6,1.0
Male,No,27,Yes,Healthcare,Low,2.0,Cat_6,4.0
Female,Yes,56,Yes,Artist,Average,4.0,Cat_6,1.0
Male,Yes,53,Yes,Artist,Low,1.0,Cat_6,8.0
Female,Yes,62,Yes,Lawyer,Average,2.0,Cat_4,9.0
Female,Yes,39,Yes,Entertainment,Average,2.0,Cat_6,7.0
Male,No,25,No,Entertainment,Low,3.0,Cat_6,
Female,No,22,,Healthcare,Low,4.0,Cat_5,3.0
Male,Yes,59,Yes,Entertainment,Low,1.0,Cat_6,9.0
Female,No,40,No,Engineer,Low,3.0,Cat_3,
Male,Yes,39,Yes,Doctor,Low,2.0,Cat_4,1.0
Male,Yes,47,Yes,Artist,Average,2.0,Cat_6,3.0
Male,No,28,Yes,Artist,Low,3.0,Cat_4,1.0
Female,Yes,50,Yes,Doctor,Low,2.0,Cat_6,1.0
Female,No,29,No,Marketing,Low,3.0,Cat_6,2.0
Male,No,33,Yes,Artist,Low,5.0,Cat_6,3.0
Female,No,28,Yes,Healthcare,Low,3.0,Cat_6,8.0
Female,Yes,43,Yes,Homemaker,High,2.0,Cat_6,8.0
Male,Yes,66,Yes,Marketing,High,2.0,Cat_6,1.0
Male,No,35,No,Doctor,Low,3.0,Cat_3,1.0
Male,Yes,40,Yes,Artist,Average,2.0,Cat_6,
Female,Yes,39,Yes,Artist,Average,4.0,Cat_6,1.0
Female,,36,Yes,Entertainment,Low,1.0,Cat_6,8.0
Female,No,18,No,Healthcare,Low,4.0,Cat_6,1.0
Female,Yes,57,Yes,Artist,Average,3.0,,1.0
Female,No,41,Yes,Artist,Low,1.0,Cat_6,4.0
Male,No,33,Yes,Doctor,Low,3.0,Cat_6,
Female,No,33,Yes,Healthcare,Low,1.0,Cat_6,1.0
Male,Yes,30,Yes,Artist,Average,2.0,Cat_6,12.0
Male,No,19,No,Healthcare,Low,3.0,Cat_6,0.0
Female,Yes,53,Yes,Artist,Average,6.0,Cat_6,4.0
Female,No,42,Yes,Artist,Low,2.0,Cat_4,12.0
Female,Yes,45,Yes,Artist,High,5.0,Cat_6,
Male,Yes,41,Yes,Artist,Average,2.0,Cat_2,4.0
Male,No,41,Yes,Artist,Low,3.0,Cat_6,2.0
Male,No,26,No,Entertainment,Low,2.0,Cat_6,1.0
Female,Yes,47,Yes,Healthcare,Average,6.0,Cat_1,
Male,Yes,62,Yes,Executive,High,4.0,Cat_6,
Female,Yes,66,Yes,Artist,Average,2.0,Cat_6,
Female,Yes,47,Yes,Doctor,Average,4.0,Cat_6,1.0
Male,Yes,69,No,Doctor,Low,1.0,Cat_6,
Female,Yes,37,No,Engineer,Low,1.0,Cat_4,7.0
Male,Yes,47,No,Entertainment,Low,1.0,Cat_6,1.0
Female,Yes,39,Yes,Homemaker,Low,1.0,Cat_3,
Male,Yes,45,No,Executive,High,9.0,Cat_4,11.0
Female,No,18,No,Healthcare,Low,5.0,Cat_4,0.0
Female,No,27,No,Engineer,Low,1.0,Cat_4,1.0
Male,Yes,43,No,Engineer,Average,2.0,Cat_1,
Male,Yes,40,Yes,Entertainment,Average,5.0,Cat_6,2.0
Male,No,63,Yes,Artist,Low,1.0,Cat_2,
Female,No,27,No,Homemaker,Low,1.0,Cat_6,14.0
Female,Yes,40,Yes,Artist,Average,2.0,Cat_4,
Male,Yes,35,No,Marketing,Low,3.0,Cat_4,
Male,Yes,41,Yes,Executive,Low,4.0,Cat_6,
Male,Yes,65,Yes,Lawyer,Low,1.0,Cat_6,
Male,Yes,37,Yes,Healthcare,High,4.0,Cat_6,1.0
Female,No,18,No,Healthcare,Low,4.0,Cat_4,8.0
Male,Yes,41,Yes,Artist,Low,2.0,Cat_4,1.0
Female,Yes,39,No,Artist,High,3.0,Cat_6,
Male,No,23,No,Healthcare,Low,3.0,Cat_2,1.0
Female,No,23,No,Healthcare,Low,6.0,Cat_4,
Female,Yes,71,Yes,Entertainment,Average,2.0,Cat_6,1.0
Female,No,40,Yes,Doctor,Low,1.0,Cat_6,
Male,No,19,No,Healthcare,Low,3.0,Cat_6,0.0
Female,Yes,62,Yes,Artist,High,3.0,Cat_6,2.0
Male,No,20,No,Healthcare,Low,2.0,Cat_6,1.0
Female,Yes,69,Yes,Artist,Average,2.0,Cat_3,
Female,No,25,No,Engineer,Low,,Cat_7,1.0
Male,Yes,45,Yes,Doctor,Average,2.0,Cat_6,6.0
Female,No,35,Yes,Healthcare,Low,2.0,Cat_2,9.0
Female,No,27,Yes,Healthcare,Low,,Cat_6,
Male,Yes,88,Yes,Artist,High,2.0,Cat_6,
Female,Yes,69,No,Engineer,Low,3.0,Cat_6,9.0
Male,Yes,66,Yes,Healthcare,Low,1.0,Cat_4,
Female,Yes,45,Yes,Artist,High,3.0,Cat_6,8.0
Female,No,49,Yes,Artist,Low,1.0,Cat_2,
Female,Yes,32,Yes,Artist,Low,3.0,Cat_6,8.0
Male,Yes,52,No,Entertainment,Average,4.0,Cat_5,
Female,No,28,No,Entertainment,Low,5.0,Cat_2,
Female,Yes,73,Yes,Artist,Average,2.0,Cat_6,1.0
Male,Yes,67,Yes,Artist,High,2.0,Cat_6,1.0
Female,No,37,Yes,Artist,Low,2.0,Cat_6,8.0
Female,No,19,No,Healthcare,Low,,Cat_6,8.0
Male,Yes,41,No,Entertainment,Low,4.0,Cat_6,
Male,Yes,42,Yes,Entertainment,Low,5.0,Cat_3,
Male,Yes,69,Yes,Artist,High,2.0,Cat_6,
Male,Yes,39,Yes,Healthcare,Average,2.0,Cat_2,11.0
Male,No,22,No,Healthcare,Low,4.0,Cat_3,7.0
Male,Yes,81,Yes,Entertainment,Low,1.0,Cat_6,1.0
Female,No,40,No,Marketing,Low,,Cat_6,
Female,Yes,53,Yes,Artist,Average,2.0,Cat_4,1.0
Female,No,43,Yes,Artist,Low,1.0,Cat_4,1.0
Male,Yes,41,Yes,Doctor,Low,2.0,Cat_6,
Female,No,38,No,Entertainment,Low,2.0,Cat_6,8.0
Female,No,40,No,Healthcare,Low,3.0,Cat_3,8.0
Female,Yes,58,Yes,Engineer,Average,4.0,Cat_4,
Male,Yes,35,Yes,Artist,Average,2.0,Cat_6,8.0
Female,No,30,No,Entertainment,Low,4.0,Cat_6,1.0
Male,Yes,59,Yes,Artist,Average,4.0,Cat_6,
Male,Yes,50,Yes,Artist,Low,1.0,Cat_6,13.0
Female,No,22,No,Healthcare,Low,4.0,Cat_6,0.0
Female,Yes,38,Yes,Artist,Average,3.0,Cat_1,7.0
Male,Yes,42,No,Homemaker,Low,1.0,Cat_6,8.0
Male,Yes,40,No,Executive,Low,4.0,Cat_6,5.0
Male,Yes,49,No,Doctor,Low,2.0,Cat_4,1.0
Female,No,43,Yes,Engineer,Low,1.0,Cat_3,
Female,Yes,43,No,Engineer,Average,2.0,Cat_4,
Female,No,39,Yes,Entertainment,Low,1.0,Cat_6,11.0
Male,Yes,46,No,Executive,High,2.0,Cat_6,
Female,No,46,No,Doctor,Low,2.0,Cat_6,
Male,Yes,55,Yes,Artist,Average,2.0,Cat_6,
Female,No,42,Yes,Entertainment,Low,3.0,Cat_6,1.0
Female,,51,No,Engineer,Average,4.0,Cat_4,9.0
Male,Yes,35,Yes,Artist,Average,3.0,Cat_6,3.0
Male,No,32,Yes,Doctor,Low,4.0,Cat_3,
Male,Yes,52,Yes,Entertainment,Average,3.0,Cat_6,
Male,Yes,58,No,Executive,High,2.0,Cat_6,12.0
Male,Yes,21,No,Doctor,Low,3.0,Cat_3,1.0
Male,No,19,No,Healthcare,Low,3.0,Cat_6,0.0
Male,Yes,63,Yes,Artist,High,2.0,Cat_6,
Female,Yes,40,Yes,Artist,High,5.0,,5.0
Male,Yes,65,Yes,Artist,Low,,Cat_6,4.0
Male,No,30,Yes,Artist,Low,3.0,Cat_6,1.0
Male,No,29,Yes,Artist,Low,3.0,Cat_6,
Male,No,29,No,Healthcare,Low,,Cat_6,1.0
Male,No,27,No,Artist,Low,1.0,Cat_4,1.0
Female,No,38,Yes,Artist,Low,2.0,Cat_6,1.0
Female,No,25,No,Marketing,Low,2.0,Cat_6,1.0
Female,No,30,No,Executive,Low,1.0,Cat_3,
Female,Yes,42,Yes,Engineer,Low,2.0,Cat_6,1.0
Male,Yes,39,Yes,Entertainment,Average,2.0,Cat_6,9.0
Female,Yes,69,Yes,Artist,Low,2.0,Cat_6,
Male,No,29,Yes,Entertainment,Low,1.0,Cat_6,
Female,Yes,89,No,Lawyer,High,2.0,Cat_6,1.0
Male,No,30,Yes,Artist,Low,2.0,Cat_6,2.0
Male,No,20,No,Healthcare,Low,2.0,Cat_4,1.0
Female,Yes,51,Yes,Artist,Low,2.0,Cat_6,8.0
Male,Yes,40,Yes,Healthcare,High,2.0,Cat_6,6.0
Female,Yes,41,Yes,Entertainment,Low,1.0,Cat_7,9.0
Male,No,20,No,Healthcare,Low,3.0,Cat_6,1.0
Male,No,38,Yes,Entertainment,Low,2.0,Cat_6,1.0
Male,Yes,62,Yes,Artist,Low,4.0,Cat_4,1.0
Male,Yes,46,Yes,Artist,Low,1.0,Cat_4,
Male,Yes,59,Yes,Executive,High,5.0,Cat_6,1.0
Female,Yes,66,No,Engineer,Average,4.0,Cat_5,6.0
Female,Yes,62,Yes,Artist,Average,5.0,Cat_6,5.0
Female,Yes,58,No,Engineer,Low,1.0,Cat_6,1.0
Male,Yes,52,Yes,Artist,Average,4.0,Cat_6,7.0
Male,Yes,63,Yes,Artist,Average,4.0,Cat_6,
Male,No,23,No,Doctor,Low,5.0,Cat_6,1.0
Female,No,27,Yes,Artist,Low,5.0,Cat_6,9.0
Male,Yes,68,No,Artist,Low,1.0,Cat_6,
Male,Yes,50,Yes,Doctor,Average,4.0,Cat_3,
Male,No,29,No,Healthcare,Low,4.0,Cat_6,
Female,No,25,No,Engineer,Low,1.0,Cat_6,1.0
Male,Yes,63,Yes,Entertainment,Low,2.0,Cat_6,6.0
Male,Yes,48,Yes,Executive,High,3.0,Cat_2,
Male,Yes,48,Yes,Executive,High,3.0,Cat_6,1.0
Female,No,59,Yes,Artist,Low,1.0,Cat_6,
Female,No,25,No,Doctor,Low,2.0,Cat_6,
Female,Yes,80,Yes,Lawyer,Low,1.0,Cat_6,
Male,Yes,46,Yes,Artist,Low,1.0,Cat_6,1.0
Male,No,40,,Artist,Low,2.0,Cat_6,8.0
Female,Yes,41,Yes,Engineer,Average,3.0,Cat_4,1.0
Male,Yes,28,Yes,Artist,Low,2.0,Cat_6,
Female,Yes,40,Yes,Doctor,Low,2.0,Cat_6,1.0
Male,Yes,58,Yes,Artist,Low,1.0,Cat_6,
Male,No,21,No,Healthcare,Low,3.0,Cat_3,1.0
Female,No,18,No,Healthcare,Low,3.0,Cat_6,6.0
Male,No,45,Yes,Artist,Low,5.0,Cat_6,1.0
Male,Yes,25,Yes,Executive,High,2.0,Cat_6,1.0
Male,Yes,37,Yes,Artist,High,4.0,Cat_6,
Male,No,27,Yes,Doctor,Low,5.0,Cat_6,
Male,Yes,25,No,Executive,High,8.0,Cat_4,4.0
Male,Yes,32,Yes,Entertainment,High,2.0,Cat_4,9.0
Male,Yes,59,No,Engineer,Low,1.0,Cat_6,
Male,Yes,35,Yes,Executive,High,4.0,Cat_6,9.0
Female,No,40,Yes,Engineer,Low,1.0,Cat_6,
Female,No,23,No,Healthcare,Low,7.0,Cat_3,4.0
Male,Yes,31,No,Marketing,Low,4.0,Cat_3,
Male,Yes,48,Yes,Executive,High,4.0,Cat_6,1.0
Female,Yes,86,Yes,Lawyer,Low,2.0,Cat_6,1.0
Female,No,40,Yes,Artist,Low,1.0,Cat_6,5.0
Female,Yes,46,Yes,Artist,Average,4.0,Cat_6,
Male,No,42,No,Entertainment,Low,3.0,Cat_6,1.0
Female,No,35,No,Entertainment,Low,1.0,Cat_6,1.0
Male,Yes,40,Yes,Executive,High,4.0,Cat_6,
Female,No,22,No,Healthcare,Low,2.0,Cat_6,0.0
Male,Yes,52,Yes,Artist,Average,4.0,Cat_3,1.0
Male,Yes,37,Yes,Marketing,High,2.0,Cat_6,
Female,No,46,Yes,Marketing,Low,,Cat_6,
Male,Yes,30,Yes,Doctor,Low,3.0,Cat_6,
Male,Yes,61,Yes,Lawyer,High,2.0,Cat_6,1.0
Female,Yes,40,Yes,Engineer,Average,7.0,Cat_6,1.0
Male,Yes,66,No,Marketing,Low,4.0,Cat_6,1.0
Male,No,33,No,Marketing,Low,3.0,Cat_3,
Female,No,23,No,Healthcare,Low,4.0,Cat_2,
Female,No,23,No,Healthcare,Low,4.0,Cat_6,
Female,Yes,88,Yes,Lawyer,High,2.0,Cat_6,1.0
Female,No,38,Yes,Healthcare,Low,1.0,Cat_2,
Female,Yes,83,Yes,Lawyer,High,2.0,Cat_6,1.0
Female,No,41,Yes,Artist,Low,1.0,Cat_6,2.0
Female,Yes,58,Yes,Artist,Average,3.0,Cat_6,9.0
Male,Yes,38,No,Artist,Low,2.0,Cat_6,1.0
Female,No,27,Yes,Healthcare,Low,7.0,Cat_2,1.0
Male,Yes,59,Yes,Lawyer,High,2.0,Cat_6,7.0
Female,Yes,41,Yes,Artist,Low,2.0,Cat_6,1.0
Female,Yes,72,No,Lawyer,Low,3.0,Cat_6,1.0
Female,No,18,,Healthcare,Low,3.0,Cat_3,0.0
Female,Yes,39,No,Engineer,Average,2.0,Cat_6,4.0
Female,Yes,81,No,Lawyer,High,2.0,Cat_6,
Male,Yes,18,No,Executive,High,4.0,Cat_6,0.0
Female,Yes,39,Yes,Artist,Low,1.0,Cat_1,
Male,No,23,No,Healthcare,Low,9.0,Cat_2,4.0
Male,No,21,No,Homemaker,Low,4.0,Cat_3,0.0
Male,Yes,75,No,Lawyer,High,2.0,Cat_6,1.0
Female,No,30,No,Doctor,Low,3.0,Cat_4,
Male,Yes,53,Yes,Artist,Average,2.0,Cat_6,9.0
Female,Yes,37,Yes,Artist,High,3.0,Cat_6,5.0
Female,No,20,No,Healthcare,Low,3.0,Cat_3,8.0
Male,Yes,55,Yes,Artist,Low,1.0,Cat_6,2.0
Male,No,28,Yes,Healthcare,Low,4.0,Cat_2,7.0
Male,Yes,30,Yes,Artist,Average,2.0,Cat_6,
Male,Yes,36,No,Entertainment,Low,2.0,Cat_6,
Female,Yes,45,Yes,Artist,Low,2.0,Cat_6,9.0
Female,Yes,63,Yes,Artist,Low,2.0,Cat_6,9.0
Male,Yes,37,Yes,Artist,Low,2.0,Cat_6,
Female,Yes,50,Yes,Doctor,Average,3.0,Cat_6,1.0
Female,Yes,65,Yes,Doctor,Low,2.0,Cat_6,1.0
Female,Yes,36,Yes,Artist,Low,4.0,Cat_6,
Female,No,25,Yes,Artist,Low,1.0,Cat_6,
Male,Yes,70,Yes,Lawyer,Low,2.0,Cat_6,1.0
Female,Yes,68,Yes,Artist,High,2.0,Cat_6,1.0
Male,No,20,No,Healthcare,Low,3.0,Cat_6,1.0
Male,Yes,60,Yes,Executive,High,4.0,Cat_6,
Male,No,78,Yes,Entertainment,Low,1.0,Cat_6,
Female,Yes,46,Yes,Artist,Average,2.0,Cat_6,1.0
Female,No,32,No,Entertainment,Low,6.0,Cat_4,3.0
Female,Yes,33,Yes,Homemaker,High,2.0,Cat_3,
Female,No,27,No,Doctor,Low,,,1.0
Female,Yes,60,Yes,Artist,Low,1.0,Cat_6,
Female,No,46,Yes,Engineer,Low,2.0,Cat_7,1.0
Female,No,29,No,Healthcare,Low,4.0,Cat_4,5.0
Male,Yes,47,Yes,Executive,High,4.0,Cat_6,8.0
Male,Yes,50,Yes,Executive,High,5.0,Cat_6,1.0
Male,No,33,No,Engineer,Low,4.0,Cat_3,2.0
Male,Yes,41,No,Doctor,Average,2.0,Cat_4,
Male,Yes,43,Yes,Executive,High,4.0,Cat_6,
Female,No,27,Yes,Healthcare,Low,,Cat_6,5.0
Male,Yes,58,Yes,Doctor,Average,2.0,Cat_6,
Male,Yes,45,Yes,Artist,Average,2.0,Cat_6,1.0
Female,Yes,62,Yes,Artist,Low,2.0,Cat_6,1.0
Male,Yes,47,No,,Low,5.0,Cat_3,1.0
Male,No,29,Yes,Healthcare,Low,4.0,Cat_6,
Male,No,20,No,Healthcare,Low,4.0,Cat_4,
Male,No,19,No,Healthcare,Low,3.0,Cat_6,1.0
Female,Yes,18,No,Artist,High,,Cat_1,
Male,No,33,Yes,Entertainment,Low,1.0,Cat_6,1.0
Male,Yes,57,No,,Average,2.0,Cat_4,1.0
Male,No,19,No,Healthcare,Low,3.0,Cat_6,1.0
Male,Yes,67,Yes,Artist,Low,1.0,Cat_6,10.0
Male,Yes,61,Yes,Executive,High,3.0,Cat_6,9.0
Female,No,25,No,Homemaker,Low,7.0,Cat_4,1.0
Female,Yes,56,Yes,Artist,Low,1.0,Cat_6,
Female,Yes,55,No,Artist,Low,2.0,Cat_3,1.0
Female,Yes,58,Yes,Engineer,Average,,Cat_6,
Female,No,32,No,Entertainment,Low,2.0,Cat_2,
Female,Yes,52,Yes,Doctor,Average,3.0,Cat_6,1.0
Male,Yes,42,Yes,Artist,Average,3.0,Cat_6,1.0
Female,Yes,53,No,Entertainment,High,2.0,Cat_6,9.0
Male,Yes,38,Yes,Entertainment,Average,3.0,Cat_6,9.0
Female,Yes,30,No,Artist,Average,2.0,Cat_1,
Female,Yes,53,No,Artist,High,4.0,Cat_6,1.0
Female,Yes,67,Yes,Artist,Average,3.0,Cat_2,1.0
Male,Yes,51,Yes,Artist,Low,3.0,Cat_6,1.0
Male,Yes,38,No,Engineer,Average,3.0,Cat_4,
Female,No,28,No,Engineer,Low,4.0,Cat_4,1.0
Male,Yes,35,Yes,Artist,High,2.0,Cat_6,
Female,Yes,63,Yes,,Average,3.0,Cat_6,
Female,Yes,41,Yes,Artist,Average,2.0,Cat_6,11.0
Male,No,25,Yes,Entertainment,Low,3.0,Cat_1,2.0
Male,Yes,39,Yes,Artist,Average,2.0,Cat_4,
Male,Yes,60,Yes,Artist,Low,3.0,Cat_6,
Male,Yes,25,No,Artist,Average,4.0,Cat_4,1.0
Male,Yes,88,No,,High,3.0,Cat_6,
Female,Yes,70,Yes,Lawyer,High,2.0,Cat_6,
Male,No,37,Yes,Marketing,Low,1.0,Cat_6,
Male,Yes,51,No,Executive,High,5.0,Cat_6,2.0
Male,Yes,38,Yes,Entertainment,Average,2.0,Cat_6,2.0
Male,Yes,40,Yes,Artist,Low,2.0,Cat_6,1.0
Female,Yes,37,No,Artist,Low,3.0,Cat_6,1.0
Female,Yes,42,No,Entertainment,Average,3.0,Cat_6,
Male,Yes,73,Yes,Lawyer,High,4.0,Cat_6,1.0
Male,Yes,48,Yes,Doctor,Average,2.0,Cat_6,1.0
Male,No,35,No,Healthcare,Low,1.0,Cat_6,1.0
Male,Yes,35,Yes,Marketing,Low,5.0,Cat_6,
Male,Yes,41,No,Doctor,Low,3.0,Cat_6,1.0
Male,Yes,55,No,Entertainment,Low,,Cat_4,1.0
Female,No,46,Yes,Engineer,Low,1.0,Cat_6,
Male,No,31,No,Healthcare,Low,4.0,Cat_6,1.0
Female,No,37,Yes,Healthcare,Low,1.0,Cat_6,1.0
Male,No,55,No,Lawyer,Low,1.0,Cat_1,
Male,Yes,81,Yes,Lawyer,High,2.0,Cat_6,
Female,No,30,No,Doctor,Low,5.0,Cat_6,9.0
Male,No,25,No,Healthcare,Low,3.0,Cat_4,4.0
Male,Yes,41,Yes,Artist,Low,,Cat_6,8.0
Female,No,28,Yes,Healthcare,Low,,Cat_6,5.0
Male,No,26,Yes,Artist,Low,,Cat_4,
Male,Yes,59,Yes,Artist,Low,2.0,Cat_6,
Male,No,32,No,Healthcare,Low,4.0,Cat_6,12.0
Male,No,25,No,Doctor,Low,4.0,Cat_6,9.0
Female,Yes,46,No,Entertainment,Average,,Cat_4,4.0
Male,Yes,47,Yes,Artist,Low,1.0,Cat_3,4.0
Male,No,61,Yes,Artist,Low,1.0,Cat_6,
Male,No,53,Yes,Artist,Low,2.0,Cat_6,
Female,Yes,42,No,,Average,,Cat_4,
Female,No,40,Yes,Engineer,Low,4.0,Cat_6,1.0
Male,Yes,45,No,Executive,High,3.0,Cat_6,10.0
Male,Yes,52,Yes,Artist,Average,4.0,Cat_6,3.0
Female,No,20,No,Healthcare,Low,3.0,Cat_6,1.0
Female,Yes,37,Yes,Artist,Low,2.0,Cat_6,3.0
Female,Yes,43,No,Engineer,Average,4.0,Cat_4,9.0
Male,Yes,72,No,Engineer,High,,Cat_6,1.0
Male,Yes,50,Yes,Doctor,Average,3.0,Cat_6,
Female,No,25,Yes,Artist,Low,1.0,,5.0
Male,Yes,40,No,Doctor,Average,5.0,Cat_4,1.0
Male,No,32,Yes,Entertainment,Low,2.0,Cat_6,9.0
Male,No,59,Yes,Artist,Low,1.0,Cat_6,1.0
Male,Yes,77,Yes,Artist,High,2.0,Cat_6,1.0
Male,Yes,61,Yes,Entertainment,Low,1.0,Cat_6,1.0
Female,No,31,Yes,Artist,Low,2.0,Cat_5,
Male,No,51,Yes,Artist,Low,3.0,Cat_6,
Female,Yes,65,Yes,Artist,Average,2.0,Cat_6,
Male,Yes,63,Yes,Entertainment,Low,2.0,Cat_6,
Male,Yes,58,Yes,Artist,Average,2.0,Cat_6,
Male,Yes,78,Yes,Lawyer,High,2.0,Cat_6,1.0
Male,No,25,Yes,Doctor,Low,2.0,Cat_6,8.0
Male,Yes,81,No,Executive,Low,1.0,Cat_6,
Male,Yes,38,Yes,Artist,Low,2.0,Cat_6,
Female,Yes,55,Yes,Artist,Average,3.0,Cat_6,1.0
Male,Yes,55,Yes,Homemaker,Average,4.0,Cat_6,1.0
Female,No,25,Yes,Healthcare,Low,3.0,Cat_6,1.0
Male,Yes,71,Yes,Entertainment,High,2.0,Cat_6,
Male,Yes,40,Yes,Artist,Low,1.0,Cat_6,14.0
Male,Yes,37,Yes,Healthcare,Low,7.0,Cat_4,
Male,No,38,Yes,Entertainment,Low,2.0,Cat_2,1.0
Female,Yes,38,No,Engineer,Low,2.0,Cat_4,1.0
Female,Yes,25,No,Engineer,Average,2.0,Cat_4,1.0
Female,No,22,No,Healthcare,Low,3.0,Cat_6,0.0
Female,No,31,Yes,Healthcare,Low,4.0,Cat_2,6.0
Male,Yes,86,Yes,Lawyer,Low,1.0,Cat_6,
Male,Yes,79,,Lawyer,Low,1.0,Cat_4,1.0
Male,Yes,47,No,Engineer,Low,1.0,Cat_6,
Female,Yes,59,Yes,Homemaker,Average,4.0,Cat_6,
Male,No,19,No,Healthcare,Low,5.0,Cat_3,1.0
Male,Yes,50,Yes,Artist,Low,1.0,Cat_6,
Male,Yes,50,No,Executive,High,4.0,Cat_6,
Female,Yes,82,No,Lawyer,High,2.0,Cat_6,
Female,No,41,Yes,Artist,Low,1.0,Cat_4,1.0
Female,Yes,37,Yes,Artist,Low,2.0,Cat_7,2.0
Male,Yes,25,Yes,Artist,Low,2.0,Cat_7,8.0
Male,Yes,35,Yes,Entertainment,Low,2.0,Cat_6,
Female,No,42,Yes,Artist,Low,2.0,Cat_6,
Female,No,19,No,Healthcare,Low,5.0,Cat_3,1.0
Female,No,26,No,Healthcare,Low,1.0,Cat_6,10.0
Female,No,28,Yes,Engineer,Low,6.0,Cat_2,1.0
Female,Yes,47,No,Engineer,Average,5.0,Cat_4,8.0
Female,Yes,83,No,Lawyer,High,2.0,Cat_6,1.0
Male,No,38,Yes,Entertainment,Low,2.0,Cat_6,
Male,Yes,51,No,Artist,Low,3.0,Cat_3,1.0
Male,Yes,40,Yes,Doctor,Average,2.0,Cat_6,1.0
Male,Yes,47,Yes,Artist,Average,2.0,Cat_6,1.0
Female,Yes,38,Yes,Engineer,Low,3.0,Cat_6,8.0
Female,Yes,40,Yes,Engineer,Average,2.0,Cat_6,
Male,No,19,No,Healthcare,Low,4.0,Cat_2,1.0
Male,Yes,47,Yes,Entertainment,Average,4.0,Cat_6,
Female,Yes,35,No,Artist,Low,2.0,Cat_4,11.0
Female,Yes,40,Yes,Doctor,Low,1.0,Cat_2,
Male,Yes,35,No,,Low,2.0,Cat_6,1.0
Female,Yes,37,Yes,Artist,Average,2.0,Cat_6,
Male,Yes,42,Yes,Artist,Average,2.0,Cat_6,5.0
Female,Yes,77,Yes,Lawyer,High,2.0,Cat_6,
Male,No,21,No,Healthcare,Low,4.0,Cat_3,0.0
Female,No,30,Yes,Healthcare,Low,,Cat_3,6.0
Female,No,31,Yes,Healthcare,Low,7.0,Cat_6,1.0
Male,Yes,73,No,Homemaker,Low,1.0,Cat_6,2.0
Male,No,20,No,Healthcare,Low,3.0,Cat_6,1.0
Male,Yes,60,,,Average,4.0,Cat_6,
Male,Yes,46,Yes,Executive,High,4.0,Cat_6,
Male,Yes,37,Yes,Entertainment,Average,2.0,Cat_6,8.0
Female,No,28,Yes,Entertainment,Low,2.0,Cat_6,
Male,No,19,No,Healthcare,Low,4.0,Cat_4,7.0
Male,No,22,No,Healthcare,Low,5.0,Cat_2,0.0
Male,No,58,No,Healthcare,Low,2.0,Cat_6,4.0
Male,Yes,70,Yes,Lawyer,Low,1.0,Cat_6,3.0
Male,No,35,Yes,Artist,Low,1.0,Cat_6,
Male,Yes,70,Yes,Executive,High,5.0,Cat_3,1.0
Male,No,19,No,Healthcare,Low,3.0,Cat_6,0.0
Male,No,26,No,Healthcare,Low,3.0,,1.0
Female,No,25,No,Doctor,Low,4.0,Cat_3,3.0
Female,,51,Yes,Artist,Low,4.0,Cat_2,
Male,Yes,62,,Entertainment,Average,4.0,Cat_3,2.0
Male,No,20,No,Healthcare,Low,3.0,Cat_6,1.0
Male,Yes,72,Yes,Executive,High,2.0,Cat_6,
Female,No,43,Yes,Healthcare,Low,1.0,Cat_4,2.0
Male,Yes,61,Yes,Artist,Average,5.0,Cat_4,1.0
Female,Yes,81,Yes,Lawyer,High,2.0,Cat_6,1.0
Male,Yes,84,No,Lawyer,Low,1.0,Cat_6,
Male,Yes,66,Yes,Lawyer,High,2.0,Cat_6,1.0
Male,Yes,45,Yes,Artist,Average,3.0,Cat_3,
Female,Yes,35,Yes,Engineer,Low,3.0,Cat_3,
Female,Yes,48,Yes,Artist,Average,3.0,Cat_4,
Male,No,37,Yes,Entertainment,Low,1.0,Cat_6,7.0
Male,No,42,Yes,Entertainment,Low,2.0,Cat_6,3.0
Male,Yes,59,Yes,Artist,Average,2.0,Cat_4,1.0
Male,Yes,53,No,Executive,High,4.0,Cat_6,
Male,No,21,No,Marketing,Low,5.0,Cat_1,0.0
Male,No,26,Yes,Healthcare,Low,3.0,Cat_6,1.0
Male,Yes,49,Yes,Artist,Average,4.0,Cat_2,1.0
Male,No,27,No,Healthcare,Low,4.0,Cat_3,2.0
Female,Yes,59,Yes,Entertainment,Average,2.0,Cat_6,7.0
Female,No,20,No,Healthcare,Low,6.0,Cat_2,2.0
Male,Yes,37,Yes,Entertainment,Low,1.0,Cat_6,4.0
Male,No,18,No,Healthcare,Low,4.0,Cat_4,5.0
Male,Yes,56,Yes,Entertainment,Low,,Cat_4,
Male,Yes,60,Yes,,Low,1.0,Cat_6,
Male,,53,Yes,Executive,High,3.0,Cat_6,
Male,Yes,41,Yes,Artist,Low,2.0,Cat_6,
Female,Yes,59,Yes,Doctor,Low,2.0,Cat_6,5.0
Male,Yes,55,Yes,Artist,Average,2.0,Cat_7,1.0
Female,No,40,Yes,Artist,Low,2.0,Cat_6,8.0
Male,Yes,70,No,Executive,High,2.0,Cat_6,
Male,Yes,28,No,Doctor,Average,2.0,Cat_6,
Male,Yes,41,Yes,Artist,Low,2.0,Cat_6,8.0
Male,Yes,62,Yes,Artist,Average,2.0,Cat_3,1.0
Male,No,22,No,Doctor,Low,3.0,Cat_6,8.0
Female,Yes,73,Yes,Lawyer,High,2.0,Cat_6,1.0
Male,No,22,No,Healthcare,Low,3.0,Cat_6,1.0
Female,No,37,Yes,Engineer,Low,1.0,Cat_4,
Female,No,43,Yes,Artist,Low,1.0,Cat_6,8.0
Female,Yes,41,Yes,Artist,Average,2.0,Cat_6,
Female,Yes,40,Yes,Homemaker,Average,2.0,Cat_3,2.0
Male,Yes,33,No,Healthcare,Average,3.0,Cat_6,8.0
Female,Yes,62,Yes,Artist,Low,2.0,Cat_6,
Female,Yes,45,Yes,Artist,Average,2.0,Cat_6,3.0
Male,No,26,Yes,Artist,Low,2.0,Cat_6,1.0
Female,Yes,31,Yes,Entertainment,Low,1.0,Cat_6,1.0
Male,Yes,51,No,Artist,Average,3.0,Cat_6,
Male,Yes,62,Yes,Artist,Average,3.0,Cat_3,1.0
Male,Yes,49,Yes,Artist,Low,1.0,Cat_3,9.0
Male,No,30,Yes,Healthcare,Low,1.0,Cat_6,
Female,No,47,Yes,Homemaker,Low,3.0,Cat_4,9.0
Male,No,33,No,Doctor,Low,2.0,Cat_3,1.0
Male,No,31,No,Artist,Low,2.0,Cat_6,3.0
Male,No,23,No,Doctor,Low,3.0,Cat_6,4.0
Female,No,28,No,Doctor,Low,5.0,Cat_3,
Male,Yes,39,Yes,Artist,Average,2.0,Cat_1,1.0
Male,No,29,Yes,Healthcare,Low,4.0,Cat_7,
Male,No,28,Yes,Doctor,Low,1.0,Cat_6,
Male,No,63,Yes,Artist,Low,1.0,Cat_6,
Male,Yes,41,Yes,Entertainment,Average,3.0,Cat_4,
Female,No,33,Yes,Healthcare,Low,4.0,Cat_2,
Female,Yes,28,Yes,Artist,Low,1.0,Cat_5,
Male,No,33,No,Healthcare,Low,5.0,Cat_6,
Male,Yes,70,Yes,Artist,Low,1.0,Cat_6,1.0
Female,No,33,No,Engineer,Low,2.0,Cat_4,1.0
Female,No,75,Yes,Lawyer,Low,2.0,Cat_6,
Female,Yes,43,No,Engineer,Average,7.0,Cat_4,4.0
Female,No,38,Yes,Artist,Low,8.0,Cat_2,8.0
Female,Yes,43,Yes,Artist,Average,2.0,Cat_6,2.0
Male,No,18,No,Marketing,Low,2.0,Cat_3,2.0
Female,Yes,48,Yes,Artist,Low,2.0,Cat_6,2.0
Male,No,35,Yes,Entertainment,Low,3.0,Cat_3,
Female,Yes,70,Yes,Lawyer,High,2.0,Cat_6,1.0
Male,Yes,36,Yes,Artist,Average,5.0,Cat_2,7.0
Male,Yes,39,Yes,Artist,Low,1.0,Cat_4,9.0
Male,Yes,42,No,Executive,High,5.0,Cat_6,1.0
Female,Yes,38,Yes,Engineer,Average,3.0,Cat_3,9.0
Male,Yes,74,No,Lawyer,Low,1.0,Cat_6,
Female,No,26,Yes,Artist,Low,9.0,Cat_6,1.0
Male,Yes,76,No,Executive,Low,7.0,Cat_4,
Male,Yes,31,No,Artist,Average,2.0,Cat_6,
Male,Yes,31,Yes,Artist,Average,2.0,Cat_2,
Male,No,40,Yes,Artist,Low,1.0,Cat_3,2.0
Male,Yes,52,No,Entertainment,Average,4.0,Cat_3,1.0
Female,No,42,Yes,Marketing,Low,3.0,Cat_6,10.0
Male,Yes,60,Yes,Doctor,Average,2.0,Cat_6,
Female,No,33,No,Doctor,Low,3.0,Cat_6,1.0
Female,Yes,39,Yes,Artist,Average,2.0,Cat_6,5.0
Male,No,28,Yes,Artist,Low,3.0,Cat_4,
Male,No,33,No,Entertainment,Low,5.0,Cat_3,1.0
Male,Yes,39,Yes,Artist,Low,2.0,Cat_6,13.0
Male,No,27,No,Doctor,Low,3.0,Cat_6,7.0
Female,No,35,Yes,Artist,Low,2.0,Cat_6,13.0
Female,No,31,No,,Low,2.0,Cat_3,
Female,No,42,Yes,Artist,Low,1.0,Cat_3,1.0
Male,No,41,Yes,Entertainment,Low,4.0,Cat_6,1.0
Male,No,29,No,Artist,Low,5.0,Cat_4,
Male,Yes,65,Yes,Doctor,Low,,Cat_4,5.0
Female,Yes,45,Yes,Homemaker,Low,,Cat_3,8.0
Female,Yes,37,No,Engineer,Average,9.0,Cat_4,
Male,No,35,Yes,Artist,Low,1.0,Cat_6,
Male,No,38,Yes,Artist,Low,2.0,Cat_6,
Male,No,36,No,Entertainment,Low,2.0,Cat_6,8.0
Female,Yes,70,Yes,Artist,Average,2.0,Cat_6,8.0
Male,Yes,68,No,Lawyer,Low,2.0,Cat_6,
Female,No,20,No,,Low,2.0,Cat_6,
Male,No,32,No,Healthcare,Low,5.0,Cat_6,7.0
Female,No,27,Yes,Healthcare,Low,3.0,Cat_2,
Male,No,35,Yes,Doctor,Low,1.0,Cat_6,
Male,Yes,45,Yes,Engineer,Average,5.0,Cat_6,5.0
Female,No,27,No,Healthcare,Low,3.0,Cat_6,
Male,Yes,39,Yes,Artist,Average,2.0,Cat_2,
Male,Yes,46,Yes,Artist,Average,3.0,Cat_3,1.0
Male,Yes,52,Yes,Artist,Low,4.0,Cat_6,1.0
Male,Yes,52,Yes,Artist,Average,6.0,Cat_6,1.0
Female,Yes,69,Yes,Lawyer,High,2.0,Cat_6,
Male,No,28,Yes,Entertainment,Low,2.0,Cat_3,1.0
Male,Yes,47,Yes,Artist,Average,4.0,Cat_3,
Male,Yes,57,No,Executive,Low,1.0,Cat_6,
Female,Yes,47,Yes,Artist,Low,2.0,Cat_6,6.0
Male,Yes,51,Yes,Artist,Low,5.0,Cat_6,8.0
Male,Yes,50,Yes,Executive,High,3.0,Cat_6,
Male,No,19,No,Healthcare,Low,4.0,Cat_6,0.0
Female,No,39,Yes,Healthcare,Low,1.0,Cat_6,
Female,Yes,53,No,Homemaker,High,3.0,Cat_6,2.0
Male,No,28,No,Doctor,Low,3.0,Cat_6,10.0
Male,Yes,42,Yes,Artist,Average,2.0,Cat_6,2.0
Male,No,53,Yes,Artist,Low,1.0,Cat_6,
Male,Yes,45,No,Entertainment,Average,4.0,Cat_6,10.0
Male,Yes,68,Yes,Entertainment,Low,2.0,Cat_6,1.0
Female,Yes,63,No,Engineer,Average,8.0,Cat_4,4.0
Male,Yes,35,Yes,Entertainment,Average,2.0,Cat_3,
Female,No,25,Yes,Healthcare,Low,1.0,Cat_6,
Male,,30,No,Executive,High,,Cat_6,
Female,No,18,No,Healthcare,Low,4.0,Cat_4,0.0
Female,Yes,73,Yes,Artist,High,2.0,Cat_6,2.0
Female,No,27,Yes,Doctor,Low,8.0,Cat_6,14.0
Male,Yes,37,Yes,Artist,Low,2.0,Cat_6,6.0
Female,No,32,No,Doctor,Low,5.0,Cat_4,
Male,Yes,52,Yes,Artist,High,1.0,Cat_4,2.0
Female,Yes,37,Yes,Artist,Low,2.0,Cat_6,9.0
Female,Yes,73,No,Executive,Low,3.0,Cat_4,
Male,Yes,68,No,Lawyer,High,,Cat_6,
Male,Yes,63,No,Executive,High,3.0,Cat_6,1.0
Male,No,32,Yes,Healthcare,Low,3.0,Cat_6,1.0
Male,No,19,No,Engineer,Low,5.0,Cat_2,7.0
Male,Yes,72,Yes,Lawyer,High,2.0,Cat_6,3.0
Female,No,21,No,Marketing,Low,5.0,Cat_4,1.0
Female,Yes,49,Yes,Homemaker,Average,3.0,Cat_6,9.0
Female,Yes,88,No,Lawyer,High,2.0,Cat_6,
Male,Yes,57,Yes,Executive,High,2.0,Cat_4,7.0
Male,Yes,37,Yes,Entertainment,Low,4.0,Cat_6,1.0
Male,Yes,49,Yes,Entertainment,Low,2.0,Cat_6,1.0
Male,Yes,56,Yes,Artist,Average,4.0,Cat_6,
Male,No,25,No,Homemaker,Low,3.0,Cat_5,14.0
Male,Yes,48,Yes,Artist,High,5.0,Cat_2,1.0
Female,No,49,Yes,Artist,Low,1.0,Cat_6,4.0
Male,No,25,Yes,Doctor,Low,1.0,Cat_6,7.0
Male,No,27,No,Healthcare,Low,1.0,Cat_6,
Male,Yes,33,Yes,Artist,Low,2.0,Cat_3,13.0
Male,Yes,49,No,Executive,High,3.0,Cat_6,
Male,Yes,67,No,Artist,Low,1.0,Cat_6,1.0
Female,No,22,No,Healthcare,Low,6.0,Cat_4,0.0
Male,Yes,30,Yes,Healthcare,Low,2.0,Cat_6,1.0
Female,Yes,36,Yes,Artist,High,7.0,Cat_6,4.0
Male,Yes,48,Yes,Artist,Low,1.0,Cat_6,4.0
Male,Yes,59,No,Entertainment,Average,3.0,Cat_6,8.0
Male,Yes,74,No,Executive,Low,,,
Male,Yes,58,Yes,Artist,Low,2.0,Cat_7,1.0
Male,Yes,47,Yes,Healthcare,Low,2.0,Cat_4,1.0
Male,Yes,45,Yes,Engineer,Average,2.0,Cat_6,2.0
Female,Yes,65,Yes,Lawyer,Low,1.0,Cat_6,1.0
Female,No,27,Yes,,Low,1.0,Cat_6,1.0
Male,Yes,42,Yes,Artist,Average,3.0,Cat_2,1.0
Female,Yes,55,Yes,Artist,Low,1.0,Cat_6,10.0
Female,Yes,31,No,Homemaker,Average,2.0,Cat_6,8.0
Female,Yes,56,No,Lawyer,High,4.0,Cat_4,1.0
Male,Yes,28,No,Doctor,Low,5.0,Cat_1,
Female,No,21,No,Healthcare,Low,4.0,Cat_2,1.0
Female,No,32,Yes,Doctor,Low,6.0,Cat_6,1.0
Male,No,61,Yes,Artist,Low,1.0,Cat_6,1.0
Female,Yes,36,No,Entertainment,Average,2.0,Cat_4,1.0
Male,No,18,No,Healthcare,Low,3.0,Cat_3,0.0
Female,No,23,No,Healthcare,Low,4.0,Cat_6,
Female,Yes,43,No,Doctor,Low,1.0,Cat_2,9.0
Male,No,37,Yes,Entertainment,Low,,Cat_1,
Male,Yes,43,No,Entertainment,Low,,Cat_6,3.0
Male,Yes,59,Yes,Artist,High,2.0,Cat_6,1.0
Male,Yes,51,Yes,Homemaker,Low,,Cat_4,1.0
Female,No,32,Yes,Engineer,Low,1.0,Cat_6,9.0
Female,Yes,37,Yes,Entertainment,Low,2.0,Cat_4,
Female,Yes,49,Yes,Artist,Average,3.0,Cat_6,1.0
Female,Yes,38,Yes,Artist,Average,4.0,Cat_6,1.0
Male,Yes,47,No,Entertainment,Average,6.0,Cat_6,9.0
Female,No,40,Yes,Artist,Low,1.0,Cat_6,
Male,Yes,38,No,Executive,High,3.0,Cat_6,5.0
Female,No,35,No,,Low,,Cat_7,
Male,Yes,72,Yes,Artist,Average,2.0,Cat_6,
Male,No,27,Yes,Artist,Low,6.0,Cat_6,8.0
Male,Yes,73,No,Executive,High,2.0,Cat_6,1.0
Male,Yes,60,Yes,Artist,Average,3.0,Cat_6,1.0
Male,Yes,40,Yes,Executive,High,4.0,Cat_6,
Female,No,32,Yes,Entertainment,Low,3.0,Cat_6,1.0
Female,Yes,60,Yes,Artist,Average,2.0,Cat_6,1.0
Male,No,41,Yes,Doctor,Low,1.0,Cat_2,1.0
Male,Yes,35,Yes,Artist,Low,2.0,Cat_6,7.0
Male,Yes,58,Yes,Artist,Average,3.0,Cat_3,1.0
Female,No,26,Yes,Healthcare,Low,2.0,Cat_6,5.0
Male,No,22,No,Healthcare,Low,4.0,Cat_3,9.0
Female,Yes,43,Yes,Artist,Average,3.0,Cat_4,1.0
Female,Yes,25,Yes,Entertainment,Average,2.0,Cat_1,
Female,Yes,71,Yes,Artist,High,4.0,Cat_1,
Male,Yes,43,No,Entertainment,Average,3.0,Cat_3,
Male,No,25,Yes,Healthcare,Low,3.0,Cat_6,
Female,No,43,Yes,Doctor,Low,6.0,Cat_7,1.0
Male,No,50,Yes,Artist,Low,1.0,Cat_2,1.0
Male,No,43,Yes,Entertainment,Low,5.0,Cat_2,
Male,Yes,66,Yes,Artist,Low,1.0,Cat_4,1.0
Male,Yes,51,Yes,Artist,Average,4.0,Cat_6,1.0
Female,Yes,33,No,Engineer,High,3.0,Cat_6,5.0
Female,No,22,No,Healthcare,Low,3.0,Cat_3,6.0
Female,No,25,No,Engineer,Low,1.0,Cat_4,1.0
Male,Yes,32,No,Executive,High,5.0,Cat_6,1.0
Male,No,28,No,Artist,Low,2.0,Cat_6,
Female,Yes,37,Yes,Artist,Average,6.0,Cat_3,
Male,Yes,43,No,Artist,High,9.0,Cat_4,1.0
Male,No,21,No,Healthcare,Low,4.0,Cat_6,0.0
Female,No,27,Yes,Engineer,Low,2.0,Cat_6,4.0
Female,No,27,Yes,Healthcare,Low,8.0,Cat_6,
Male,Yes,50,Yes,Executive,High,3.0,Cat_6,1.0
Female,Yes,69,Yes,Artist,Low,2.0,Cat_6,
Female,Yes,60,No,Lawyer,Average,3.0,Cat_6,1.0
Female,Yes,47,Yes,Artist,Average,5.0,Cat_6,
Male,Yes,68,No,Executive,High,2.0,Cat_4,
Male,No,62,Yes,Entertainment,Low,4.0,Cat_2,1.0
Female,Yes,36,No,Artist,Average,4.0,Cat_3,2.0
Female,Yes,35,Yes,Doctor,Average,3.0,Cat_4,7.0
Male,Yes,71,Yes,Executive,High,3.0,Cat_6,
Female,Yes,63,No,Artist,Average,5.0,Cat_6,
Male,No,32,Yes,Entertainment,Low,1.0,Cat_4,1.0
Male,Yes,71,No,Executive,High,4.0,Cat_6,
Female,Yes,57,Yes,Doctor,Low,2.0,Cat_7,1.0
Male,No,22,No,Healthcare,Low,3.0,Cat_3,0.0
Female,Yes,36,Yes,Entertainment,Average,4.0,Cat_4,1.0
Male,Yes,30,No,Homemaker,Average,3.0,Cat_6,1.0
Male,No,29,No,Entertainment,Low,8.0,Cat_4,
Female,Yes,47,Yes,Artist,High,6.0,Cat_6,1.0
Male,,55,Yes,Artist,Average,3.0,Cat_6,1.0
Female,Yes,42,No,Artist,Average,3.0,Cat_6,
Male,No,28,Yes,Healthcare,Low,4.0,Cat_6,1.0
Female,Yes,56,Yes,Artist,Average,2.0,Cat_6,2.0
Male,Yes,60,Yes,Marketing,High,5.0,Cat_6,1.0
Female,Yes,25,No,Homemaker,Average,2.0,Cat_6,8.0
Female,No,37,Yes,Marketing,Low,3.0,Cat_6,1.0
Male,No,39,Yes,Doctor,Low,1.0,Cat_6,1.0
Male,No,35,Yes,Doctor,Low,1.0,Cat_6,3.0
Female,Yes,46,Yes,Artist,Average,2.0,Cat_6,
Female,Yes,72,Yes,Artist,Average,3.0,Cat_6,1.0
Male,Yes,53,Yes,Artist,Average,3.0,Cat_6,1.0
Female,Yes,42,Yes,Engineer,Average,4.0,Cat_4,1.0
Female,No,31,No,,Low,3.0,Cat_6,8.0
Male,Yes,47,No,Executive,Low,4.0,Cat_4,
Female,No,31,No,Healthcare,Low,4.0,Cat_6,1.0
Male,Yes,43,Yes,Healthcare,Average,2.0,Cat_6,5.0
Male,Yes,72,Yes,Lawyer,High,2.0,Cat_6,
Male,Yes,55,Yes,Artist,Low,2.0,Cat_6,2.0
Male,Yes,49,Yes,Artist,Average,3.0,Cat_6,1.0
Male,Yes,22,No,Doctor,High,9.0,Cat_4,2.0
Female,,29,No,Entertainment,High,,Cat_1,1.0
Male,Yes,41,Yes,Artist,Average,4.0,Cat_4,
Male,Yes,43,Yes,Artist,Low,1.0,Cat_6,
Male,No,71,Yes,Entertainment,Low,2.0,Cat_6,1.0
Female,No,30,Yes,Doctor,Low,5.0,Cat_7,
Male,Yes,51,Yes,Artist,Low,1.0,Cat_3,
Male,Yes,57,Yes,Artist,Average,2.0,Cat_3,1.0
Male,Yes,83,No,Lawyer,Low,1.0,Cat_4,
Female,No,18,No,,Low,6.0,Cat_6,0.0
Female,Yes,46,Yes,Artist,Average,4.0,Cat_1,
Male,Yes,41,Yes,Engineer,Average,2.0,Cat_6,1.0
Male,No,23,No,Healthcare,Low,5.0,Cat_4,6.0
Male,No,25,No,Doctor,Low,,Cat_4,4.0
Male,No,43,Yes,Doctor,Low,,Cat_6,1.0
Male,Yes,47,No,Artist,Average,4.0,Cat_6,1.0
Male,Yes,63,Yes,Artist,Low,1.0,Cat_6,6.0
Male,Yes,45,No,Artist,Average,4.0,Cat_6,1.0
Female,No,43,Yes,Engineer,Low,4.0,Cat_6,
Male,Yes,37,Yes,Entertainment,Low,2.0,Cat_3,1.0
Female,No,33,No,Engineer,Low,7.0,Cat_4,
Female,No,40,Yes,Entertainment,Low,1.0,Cat_6,14.0
Male,Yes,37,Yes,Executive,High,3.0,Cat_6,1.0
Male,Yes,68,Yes,Executive,High,2.0,Cat_6,
Female,Yes,35,Yes,Healthcare,Low,2.0,Cat_6,10.0
Female,Yes,40,Yes,Engineer,Average,3.0,Cat_6,12.0
Female,No,38,Yes,Marketing,Low,3.0,Cat_4,8.0
Male,Yes,37,,,High,5.0,Cat_6,2.0
Female,Yes,63,Yes,Artist,Average,3.0,Cat_6,1.0
Male,No,26,No,Healthcare,Low,,Cat_6,
Male,No,52,Yes,Artist,Low,3.0,Cat_3,1.0
Male,Yes,55,Yes,Doctor,Average,2.0,Cat_6,
Male,No,29,No,Healthcare,Low,5.0,Cat_6,2.0
Male,Yes,29,No,Executive,High,3.0,Cat_6,1.0
Male,No,22,No,Healthcare,Low,5.0,Cat_6,9.0
Female,,35,Yes,Artist,Low,2.0,Cat_6,12.0
Female,Yes,41,No,Entertainment,High,2.0,Cat_4,9.0
Female,Yes,56,Yes,Engineer,High,2.0,Cat_6,2.0
Male,Yes,49,Yes,Artist,Low,2.0,Cat_2,2.0
Male,Yes,48,Yes,Entertainment,Low,3.0,Cat_6,1.0
Male,Yes,52,Yes,Artist,High,2.0,Cat_6,
Male,No,28,No,Entertainment,Low,3.0,Cat_3,
Female,Yes,43,Yes,Entertainment,Average,2.0,Cat_3,
Male,No,43,Yes,Marketing,Low,2.0,Cat_6,
Male,Yes,58,No,Executive,High,5.0,Cat_6,1.0
Male,Yes,63,Yes,Artist,Average,4.0,Cat_6,1.0
Male,Yes,53,Yes,Artist,Average,2.0,Cat_6,6.0
Female,Yes,68,Yes,Lawyer,High,2.0,Cat_6,
Female,Yes,72,No,Lawyer,High,3.0,Cat_6,1.0
Male,No,28,Yes,Healthcare,Low,5.0,Cat_6,
Male,Yes,61,Yes,Artist,Average,2.0,Cat_6,3.0
Female,Yes,37,Yes,Doctor,Average,2.0,Cat_6,1.0
Female,Yes,89,Yes,Entertainment,Average,4.0,Cat_2,6.0
Male,No,26,No,Artist,Low,6.0,Cat_5,6.0
Male,No,22,No,Healthcare,Low,4.0,Cat_6,0.0
Male,No,23,No,Healthcare,Low,2.0,Cat_6,1.0
Female,No,32,No,Marketing,Low,6.0,Cat_6,11.0
Male,Yes,52,Yes,Marketing,Low,3.0,Cat_3,1.0
Male,Yes,65,Yes,Lawyer,High,2.0,Cat_6,
Female,No,43,Yes,Homemaker,Low,1.0,Cat_4,
Female,Yes,78,No,Entertainment,Average,2.0,Cat_6,3.0
Female,Yes,36,Yes,Entertainment,Low,1.0,Cat_6,8.0
Male,Yes,43,No,Executive,High,5.0,Cat_4,1.0
Female,No,40,Yes,Engineer,Low,1.0,Cat_7,9.0
Female,No,31,No,Healthcare,Low,5.0,Cat_2,
Female,Yes,68,Yes,Lawyer,High,2.0,Cat_6,
Female,Yes,63,Yes,Artist,Low,2.0,Cat_6,1.0
Male,Yes,38,Yes,Executive,High,6.0,Cat_6,
Female,Yes,89,No,Lawyer,High,2.0,Cat_6,1.0
Female,No,32,No,Healthcare,Low,3.0,Cat_6,12.0
Female,No,20,No,Entertainment,Low,4.0,Cat_6,1.0
Female,Yes,51,Yes,Artist,Average,3.0,Cat_2,
Female,Yes,58,Yes,Lawyer,High,4.0,Cat_1,1.0
Female,No,41,Yes,Doctor,Low,1.0,Cat_4,9.0
Female,Yes,37,No,Engineer,Low,2.0,Cat_6,
Female,No,43,Yes,Homemaker,Low,,Cat_6,9.0
Female,Yes,58,Yes,Artist,Average,2.0,Cat_6,1.0
Female,No,63,Yes,Artist,Low,2.0,Cat_6,1.0
Female,Yes,58,Yes,Artist,Average,2.0,Cat_6,1.0
Female,No,21,Yes,Healthcare,Low,5.0,Cat_2,0.0
Male,Yes,51,Yes,Executive,High,4.0,Cat_6,7.0
Male,Yes,66,Yes,Lawyer,Low,2.0,Cat_6,5.0
Male,Yes,51,Yes,Artist,Average,2.0,Cat_6,
Female,No,85,Yes,Homemaker,Low,1.0,Cat_6,4.0
Male,Yes,49,Yes,Artist,Average,2.0,Cat_7,
Female,Yes,51,Yes,Artist,Average,4.0,Cat_3,
Male,No,19,No,Healthcare,Low,3.0,Cat_3,13.0
Male,Yes,26,Yes,Healthcare,High,3.0,Cat_2,9.0
Female,Yes,56,Yes,Artist,Average,4.0,Cat_6,5.0
Male,Yes,69,No,Artist,Low,2.0,Cat_6,2.0
Female,Yes,37,Yes,Artist,Average,2.0,Cat_6,1.0
Male,No,30,Yes,Healthcare,Low,3.0,Cat_6,9.0
Male,No,27,No,Doctor,Low,3.0,Cat_6,1.0
Male,Yes,37,Yes,Doctor,Low,2.0,Cat_6,
Male,No,48,Yes,Entertainment,Low,2.0,Cat_3,1.0
Male,No,32,Yes,Healthcare,Low,,Cat_2,4.0
Female,Yes,33,No,Artist,Average,2.0,Cat_6,6.0
Female,Yes,65,No,Marketing,Low,,Cat_6,
Male,Yes,60,Yes,Artist,Average,2.0,Cat_6,
Female,Yes,40,Yes,Entertainment,Average,2.0,Cat_3,7.0
Male,Yes,46,Yes,Doctor,Average,4.0,Cat_6,1.0
Female,Yes,55,Yes,Artist,Average,4.0,Cat_6,
Male,Yes,49,No,Engineer,Average,8.0,Cat_4,1.0
Male,No,33,No,Marketing,Low,6.0,Cat_4,1.0
Male,No,27,Yes,Healthcare,Low,3.0,Cat_6,
Female,No,23,No,Healthcare,Low,4.0,Cat_3,
Female,Yes,38,No,Engineer,Low,3.0,Cat_4,
Male,Yes,60,Yes,Entertainment,Average,4.0,Cat_2,7.0
Male,Yes,71,No,Entertainment,Average,3.0,Cat_6,
Female,No,43,Yes,Engineer,Low,2.0,Cat_4,8.0
Female,Yes,49,Yes,Artist,Low,2.0,Cat_3,1.0
Female,Yes,58,Yes,Artist,Average,2.0,Cat_6,
Male,No,35,Yes,Artist,Low,1.0,Cat_6,
Female,Yes,56,Yes,Entertainment,Average,2.0,Cat_6,1.0
Female,No,25,No,Healthcare,Low,5.0,Cat_6,1.0
Female,Yes,39,Yes,Artist,Average,3.0,Cat_6,7.0
Male,Yes,50,No,Entertainment,Low,2.0,Cat_6,
Male,Yes,82,Yes,Executive,High,2.0,Cat_6,
Male,Yes,43,Yes,Artist,Average,2.0,Cat_6,
Male,No,20,No,Healthcare,Low,5.0,Cat_7,0.0
Female,No,21,No,Healthcare,Low,4.0,Cat_4,0.0
Female,Yes,39,No,Artist,Average,4.0,,
Female,No,42,No,Doctor,Low,1.0,Cat_3,8.0
Female,Yes,41,Yes,Artist,Average,2.0,Cat_6,9.0
Male,No,22,No,Marketing,Low,3.0,Cat_6,4.0
Male,No,40,Yes,Artist,Low,1.0,Cat_6,1.0
Female,Yes,46,Yes,Artist,High,4.0,Cat_6,1.0
Male,Yes,39,Yes,Executive,High,3.0,Cat_6,5.0
Male,No,32,No,Artist,Low,7.0,Cat_4,3.0
Male,Yes,83,Yes,Executive,High,3.0,Cat_6,
Female,Yes,48,Yes,Engineer,High,4.0,Cat_6,
Male,No,42,Yes,Entertainment,Low,3.0,Cat_6,
Female,No,30,No,Homemaker,Low,4.0,Cat_6,
Male,Yes,47,No,Engineer,Average,3.0,Cat_6,1.0
Male,Yes,49,Yes,Artist,Average,2.0,Cat_6,1.0
Male,Yes,82,Yes,Artist,High,2.0,Cat_6,
Female,Yes,25,Yes,Healthcare,High,4.0,Cat_4,1.0
Male,Yes,61,Yes,Executive,High,2.0,Cat_6,5.0
Male,Yes,57,No,Executive,High,5.0,Cat_6,1.0
Female,No,27,Yes,Artist,Low,3.0,Cat_6,14.0
Female,Yes,47,Yes,Lawyer,High,4.0,Cat_6,2.0
Female,Yes,37,Yes,Homemaker,High,3.0,Cat_6,3.0
Female,No,38,Yes,Artist,Low,1.0,Cat_6,
Male,Yes,49,No,Entertainment,Low,1.0,Cat_6,
Female,No,33,Yes,Homemaker,Low,1.0,Cat_3,1.0
Female,No,43,Yes,Healthcare,Low,6.0,Cat_3,
Female,Yes,37,Yes,Artist,High,2.0,Cat_7,1.0
Male,Yes,32,Yes,Entertainment,Average,2.0,Cat_6,9.0
Male,Yes,35,No,Engineer,Average,7.0,Cat_4,
Male,Yes,26,No,Executive,High,4.0,Cat_6,5.0
Male,No,30,No,Healthcare,Low,4.0,Cat_6,
Female,No,28,Yes,Doctor,Low,3.0,Cat_6,1.0
Female,No,18,No,Doctor,Low,4.0,Cat_6,2.0
Male,No,38,Yes,Marketing,Low,,Cat_6,3.0
Female,Yes,31,No,Entertainment,Average,2.0,Cat_3,
Male,Yes,59,Yes,Entertainment,Low,4.0,Cat_4,
Female,No,67,Yes,Artist,Low,2.0,Cat_6,
Male,No,39,Yes,Artist,Low,1.0,Cat_7,11.0
Female,No,89,Yes,Lawyer,Low,1.0,Cat_6,2.0
Male,Yes,52,Yes,Entertainment,Low,4.0,Cat_2,1.0
Female,No,43,Yes,Entertainment,Low,1.0,Cat_6,14.0
Male,No,27,Yes,Healthcare,Low,2.0,Cat_6,
Female,No,22,No,Healthcare,Low,,Cat_6,0.0
Male,No,19,No,Healthcare,Low,6.0,Cat_6,0.0
Female,No,66,Yes,Artist,Low,1.0,Cat_6,
Female,No,42,Yes,Artist,Low,2.0,Cat_6,1.0
Female,Yes,47,No,Engineer,Average,4.0,Cat_4,1.0
Male,No,30,Yes,Healthcare,Low,5.0,Cat_6,8.0
Male,No,27,No,Healthcare,Low,3.0,Cat_6,1.0
Male,No,28,Yes,Artist,Low,2.0,Cat_6,13.0
Female,No,48,No,Marketing,Low,1.0,Cat_3,1.0
Female,Yes,78,Yes,Lawyer,High,2.0,Cat_6,3.0
Male,Yes,36,No,Engineer,Average,,Cat_3,
Female,No,35,Yes,Artist,Low,7.0,Cat_2,
Male,Yes,77,Yes,Lawyer,Low,1.0,Cat_6,
Female,No,33,No,Healthcare,Low,4.0,Cat_6,8.0
Male,Yes,51,Yes,Entertainment,Average,2.0,Cat_2,4.0
Male,Yes,29,No,Healthcare,Average,4.0,Cat_6,
Male,Yes,31,Yes,Artist,Average,2.0,Cat_6,
Female,No,29,Yes,Artist,Low,7.0,Cat_4,7.0
Female,Yes,37,Yes,Doctor,Average,4.0,Cat_2,9.0
Male,Yes,50,Yes,Executive,High,3.0,Cat_6,1.0
Female,Yes,43,Yes,Artist,Low,2.0,Cat_6,
Male,Yes,47,Yes,Artist,Low,1.0,Cat_6,2.0
Male,Yes,72,Yes,Artist,Low,1.0,Cat_6,2.0
Female,No,19,No,Healthcare,Low,3.0,Cat_6,2.0
Male,No,25,No,Healthcare,Low,4.0,Cat_2,1.0
Male,Yes,72,No,Lawyer,High,2.0,Cat_6,
Female,Yes,42,Yes,Artist,Low,,Cat_6,1.0
Female,No,37,Yes,Artist,Low,3.0,Cat_6,
Female,,29,Yes,Homemaker,High,4.0,Cat_2,
Male,Yes,43,No,Artist,High,3.0,Cat_6,1.0
Female,No,20,No,Marketing,Low,4.0,Cat_6,
Male,Yes,39,No,Entertainment,Average,2.0,Cat_6,
Male,No,26,Yes,Healthcare,Low,5.0,Cat_6,1.0
Female,No,28,No,Artist,Low,5.0,Cat_3,5.0
Male,No,20,No,Healthcare,Low,4.0,Cat_6,1.0
Male,Yes,52,Yes,Engineer,Average,3.0,Cat_4,1.0
Female,Yes,83,No,Lawyer,Low,1.0,Cat_6,1.0
Male,Yes,53,Yes,Doctor,Average,2.0,Cat_6,14.0
Male,Yes,82,Yes,Lawyer,Low,1.0,Cat_6,1.0
Female,Yes,37,No,Entertainment,Average,2.0,Cat_4,1.0
Male,Yes,37,Yes,Artist,Average,3.0,Cat_3,
Female,No,26,No,Healthcare,Low,6.0,Cat_7,
Male,Yes,62,No,Executive,High,3.0,Cat_6,9.0
Male,Yes,42,Yes,Doctor,Average,4.0,Cat_6,
Male,No,41,Yes,Entertainment,Low,2.0,Cat_1,7.0
Male,Yes,69,No,Artist,Average,3.0,Cat_6,
Male,Yes,49,Yes,Artist,Low,1.0,Cat_6,1.0
Female,Yes,48,No,Lawyer,High,2.0,Cat_6,1.0
Female,Yes,86,No,Lawyer,High,2.0,Cat_6,
Male,No,19,No,Healthcare,Low,3.0,Cat_6,1.0
Female,No,28,Yes,Doctor,Low,4.0,Cat_6,1.0
Male,No,38,Yes,Artist,Low,2.0,Cat_6,
Male,No,30,No,Doctor,Low,1.0,Cat_3,1.0
Female,Yes,50,Yes,Artist,Average,9.0,Cat_6,
Male,Yes,35,No,Engineer,Low,6.0,Cat_6,1.0
Male,Yes,58,Yes,Artist,Low,1.0,Cat_3,7.0
Male,No,18,No,Healthcare,Low,3.0,Cat_2,0.0
Male,Yes,71,Yes,Lawyer,High,2.0,Cat_6,1.0
Male,No,28,No,Healthcare,Low,4.0,Cat_6,2.0
Female,No,27,No,Engineer,Low,1.0,Cat_4,1.0
Male,No,37,Yes,Entertainment,Low,1.0,Cat_6,9.0
Male,No,56,No,Marketing,Low,2.0,Cat_6,1.0
Male,Yes,38,No,Artist,Average,4.0,Cat_7,10.0
Male,No,27,Yes,Entertainment,Low,4.0,Cat_2,
Male,No,33,No,Entertainment,Low,2.0,Cat_6,
Male,Yes,51,Yes,Artist,Average,4.0,Cat_6,
Female,,37,Yes,Doctor,Average,1.0,Cat_6,8.0
Female,No,35,No,Artist,Low,1.0,Cat_6,13.0
Male,Yes,87,Yes,Executive,High,2.0,Cat_6,1.0
Female,No,50,No,Entertainment,Low,2.0,Cat_6,8.0
Male,Yes,51,Yes,Artist,Average,3.0,Cat_6,1.0
Male,No,22,No,Healthcare,Low,8.0,Cat_6,9.0
Male,Yes,88,No,Lawyer,Low,1.0,Cat_6,1.0
Male,Yes,55,Yes,Entertainment,Low,1.0,Cat_6,1.0
Male,Yes,83,No,Executive,High,3.0,Cat_6,1.0
Female,No,32,Yes,Artist,Low,7.0,Cat_6,
Female,No,26,No,Doctor,Low,4.0,Cat_2,1.0
Female,Yes,40,,Homemaker,Average,,Cat_4,9.0
Male,Yes,56,Yes,Artist,Low,1.0,Cat_6,
Female,No,20,No,Healthcare,Low,5.0,Cat_6,1.0
Male,Yes,43,Yes,Artist,High,3.0,Cat_6,1.0
Male,Yes,28,No,Artist,Low,2.0,Cat_6,1.0
Female,No,33,Yes,Doctor,Low,4.0,Cat_6,
Female,Yes,38,Yes,Artist,Low,2.0,Cat_3,1.0
Female,No,30,Yes,Entertainment,Low,4.0,Cat_6,
Female,Yes,25,No,Entertainment,Low,2.0,Cat_6,2.0
Male,No,36,Yes,Artist,Low,3.0,Cat_6,
Female,Yes,50,Yes,Engineer,High,2.0,Cat_4,1.0
Female,Yes,43,Yes,Engineer,Average,2.0,Cat_6,
Male,No,37,Yes,Engineer,Low,3.0,Cat_6,1.0
Female,No,39,Yes,Artist,Low,1.0,Cat_6,9.0
Male,Yes,45,No,Executive,Average,3.0,Cat_4,
Male,Yes,49,Yes,Executive,High,4.0,Cat_6,
Female,Yes,49,No,Engineer,Average,5.0,Cat_4,
Female,No,33,Yes,Entertainment,Low,3.0,Cat_6,11.0
Female,No,19,No,Marketing,Low,3.0,Cat_4,1.0
Male,Yes,58,Yes,Artist,Low,1.0,Cat_3,8.0
Female,No,18,No,Healthcare,Low,4.0,Cat_3,0.0
Male,Yes,82,No,Executive,High,2.0,Cat_6,
Female,Yes,76,No,Lawyer,High,2.0,Cat_6,1.0
Male,No,43,Yes,Healthcare,Low,7.0,Cat_6,1.0
Male,No,36,Yes,Artist,Low,1.0,Cat_6,8.0
Male,No,43,Yes,Artist,Low,1.0,Cat_3,
Male,No,28,Yes,Engineer,Low,3.0,Cat_4,
Male,Yes,46,Yes,Artist,Average,5.0,Cat_6,
Female,,22,No,Healthcare,Low,6.0,Cat_2,0.0
Male,No,19,No,Healthcare,Low,6.0,Cat_4,1.0
Male,Yes,38,Yes,Artist,Low,2.0,Cat_7,
Female,Yes,84,Yes,Artist,High,2.0,Cat_6,
Female,No,31,Yes,Healthcare,Low,3.0,Cat_6,9.0
Male,No,18,No,Healthcare,Low,5.0,Cat_3,0.0
Female,No,30,No,Entertainment,Low,1.0,Cat_6,6.0
Male,Yes,35,Yes,Entertainment,Low,2.0,Cat_3,1.0
Male,No,21,No,Healthcare,Low,4.0,Cat_6,1.0
Female,No,22,No,Homemaker,Low,4.0,Cat_6,0.0
Male,Yes,35,Yes,Artist,Low,2.0,Cat_2,
Female,Yes,25,No,Engineer,Average,8.0,Cat_4,6.0
Male,Yes,69,No,Executive,High,4.0,Cat_3,
Male,Yes,57,Yes,Executive,Low,4.0,Cat_2,
Female,Yes,69,No,Lawyer,Low,1.0,Cat_3,
Male,No,18,No,Healthcare,Low,4.0,Cat_2,2.0
Female,No,28,No,Healthcare,Low,4.0,Cat_6,7.0
Male,Yes,51,No,Entertainment,Average,3.0,Cat_6,7.0
Male,Yes,45,Yes,Doctor,Average,2.0,Cat_6,1.0
Male,Yes,66,Yes,Artist,Average,2.0,Cat_6,1.0
Male,Yes,57,Yes,Executive,Average,5.0,Cat_6,1.0
Female,,22,No,Healthcare,High,3.0,Cat_3,0.0
Male,No,31,No,Executive,Low,5.0,Cat_1,4.0
Female,No,37,Yes,Homemaker,Low,1.0,Cat_6,
Female,Yes,70,,Lawyer,High,,Cat_6,
Female,Yes,51,Yes,Entertainment,Average,2.0,Cat_6,7.0
Male,Yes,52,Yes,Artist,Average,3.0,Cat_6,1.0
Male,Yes,53,Yes,Executive,High,4.0,Cat_6,9.0
Male,Yes,65,Yes,Entertainment,Average,2.0,Cat_6,1.0
Male,Yes,48,Yes,Doctor,Low,2.0,,
Male,Yes,43,No,Artist,Low,2.0,Cat_3,6.0
Male,Yes,52,Yes,Artist,Average,2.0,Cat_6,
Male,Yes,79,No,Lawyer,Low,3.0,Cat_6,9.0
Male,No,29,No,Marketing,Low,7.0,Cat_6,1.0
Female,Yes,89,Yes,Lawyer,Low,,Cat_6,1.0
Male,Yes,37,No,Executive,Average,5.0,Cat_6,
Female,Yes,38,Yes,Artist,Average,2.0,Cat_4,1.0
Male,No,51,,Artist,Low,4.0,Cat_4,6.0
Female,No,19,No,Healthcare,Low,4.0,Cat_6,0.0
Female,No,22,No,Healthcare,Low,2.0,Cat_6,1.0
Male,Yes,52,Yes,Artist,Low,1.0,Cat_6,4.0
Male,Yes,18,No,Doctor,Low,2.0,Cat_6,10.0
Male,Yes,51,Yes,Entertainment,High,5.0,Cat_3,
Male,Yes,69,No,Lawyer,Low,2.0,Cat_1,1.0
Male,No,26,Yes,Healthcare,Low,5.0,Cat_6,5.0
Female,Yes,38,Yes,Doctor,Average,4.0,Cat_6,1.0
Male,Yes,72,Yes,Lawyer,Low,1.0,Cat_6,1.0
Female,Yes,57,Yes,Artist,High,2.0,Cat_6,1.0
Female,Yes,31,No,Healthcare,Low,4.0,Cat_2,
Male,No,18,No,Healthcare,Low,3.0,Cat_3,0.0
Male,Yes,71,No,Executive,High,,Cat_1,1.0
Male,No,26,Yes,Artist,Low,1.0,Cat_6,8.0
Female,Yes,72,Yes,Lawyer,High,2.0,Cat_6,1.0
Female,Yes,42,No,Marketing,Average,2.0,Cat_6,
Female,No,25,No,Healthcare,Low,4.0,Cat_2,
Female,Yes,39,Yes,Doctor,Average,3.0,Cat_6,
Female,No,32,Yes,Healthcare,Low,3.0,Cat_6,1.0
Male,No,25,Yes,Entertainment,Low,1.0,Cat_2,9.0
Male,Yes,27,No,Entertainment,Low,1.0,Cat_4,
Male,Yes,55,Yes,Artist,Low,2.0,Cat_6,1.0
Female,Yes,62,Yes,Lawyer,Low,2.0,Cat_6,
Male,No,26,No,Healthcare,Low,4.0,Cat_3,3.0
Male,No,23,No,Healthcare,Low,4.0,Cat_6,1.0
Male,Yes,46,Yes,Artist,Low,2.0,Cat_6,
Female,No,25,Yes,Artist,Low,1.0,Cat_6,9.0
Female,No,27,Yes,Artist,Low,4.0,Cat_6,1.0
Female,No,28,Yes,Healthcare,Low,3.0,Cat_6,9.0
Female,No,29,No,Engineer,Low,4.0,Cat_4,9.0
Female,No,25,No,Engineer,Low,3.0,Cat_6,8.0
Male,No,22,No,Healthcare,Low,4.0,Cat_6,0.0
Male,No,23,No,Marketing,Low,,,
Female,Yes,51,Yes,Artist,Low,4.0,Cat_6,3.0
Male,Yes,36,Yes,Entertainment,Low,2.0,Cat_6,1.0
Male,Yes,62,Yes,Artist,Average,,Cat_4,
Male,Yes,27,Yes,Entertainment,Low,,Cat_3,
Male,Yes,30,Yes,Healthcare,Low,4.0,Cat_6,
Male,No,19,No,Healthcare,Low,3.0,Cat_6,
Female,Yes,37,Yes,Artist,Low,3.0,Cat_6,
Female,No,23,No,Healthcare,Low,4.0,Cat_3,
Male,Yes,47,No,Artist,High,4.0,Cat_6,
Female,No,22,,Healthcare,Low,5.0,Cat_4,8.0
Female,Yes,74,No,Artist,High,2.0,Cat_7,5.0
Male,Yes,67,Yes,Doctor,Average,2.0,Cat_6,1.0
Male,Yes,51,Yes,Artist,Average,2.0,Cat_6,7.0
Male,Yes,41,Yes,Artist,Average,2.0,Cat_6,1.0
Male,,23,No,Healthcare,Low,4.0,Cat_4,3.0
Female,Yes,68,Yes,Lawyer,Average,3.0,Cat_6,
Male,Yes,48,No,Entertainment,Average,3.0,Cat_6,1.0
Male,Yes,61,Yes,Artist,Low,1.0,Cat_6,
Female,Yes,38,Yes,Engineer,Average,2.0,Cat_6,
Male,No,21,No,Healthcare,Low,4.0,Cat_6,0.0
Male,No,35,Yes,Artist,Low,1.0,Cat_6,
Male,Yes,70,No,Executive,High,2.0,Cat_6,1.0
Male,Yes,40,Yes,Entertainment,Low,2.0,Cat_6,8.0
Male,Yes,47,,Artist,Low,1.0,Cat_6,4.0
Male,Yes,28,No,Entertainment,Average,4.0,Cat_7,8.0
Male,Yes,46,Yes,Executive,High,4.0,Cat_3,
Female,No,27,Yes,Healthcare,Low,5.0,Cat_4,1.0
Male,Yes,69,No,Doctor,Average,3.0,Cat_6,
Female,No,39,No,,Low,1.0,Cat_6,
Female,Yes,48,Yes,Artist,High,3.0,Cat_6,1.0
Female,Yes,45,Yes,Artist,Average,3.0,Cat_7,1.0
Male,No,42,No,Doctor,Low,1.0,Cat_3,
Female,,51,No,Artist,Average,3.0,Cat_4,
Male,Yes,30,No,Executive,High,4.0,Cat_6,
Male,Yes,29,No,Healthcare,High,2.0,Cat_3,
Male,Yes,31,Yes,Healthcare,Low,2.0,Cat_6,
Female,Yes,38,No,Doctor,Average,5.0,Cat_4,9.0
Female,No,27,Yes,Healthcare,Low,4.0,Cat_6,1.0
Male,Yes,70,No,Entertainment,Low,1.0,Cat_6,
Male,Yes,78,No,,Low,1.0,Cat_4,
Male,Yes,48,Yes,Artist,Low,3.0,Cat_6,1.0
Male,No,20,No,Healthcare,Low,3.0,Cat_6,2.0
Female,No,28,Yes,Entertainment,Low,4.0,Cat_2,
Male,Yes,58,Yes,Artist,Average,3.0,Cat_6,1.0
Female,No,67,No,Artist,Low,2.0,Cat_6,1.0
Female,Yes,37,Yes,Artist,Low,2.0,Cat_6,
Male,No,41,Yes,Artist,Low,1.0,Cat_6,4.0
Male,No,31,No,Homemaker,Low,1.0,Cat_6,14.0
Female,No,21,No,Healthcare,Low,3.0,Cat_3,
Female,Yes,60,Yes,Artist,Average,6.0,Cat_4,2.0
Male,Yes,62,Yes,Doctor,Low,1.0,Cat_3,5.0
Male,No,38,Yes,Healthcare,Low,2.0,Cat_3,6.0
Male,Yes,59,Yes,Entertainment,Low,3.0,Cat_6,1.0
Female,Yes,76,Yes,Lawyer,High,2.0,Cat_6,
Male,No,29,No,Marketing,Low,2.0,Cat_6,1.0
Female,No,20,No,Doctor,Low,4.0,Cat_6,
Female,No,42,No,Artist,Low,1.0,Cat_5,
Male,No,20,No,Healthcare,Low,5.0,Cat_4,1.0
Female,No,25,No,Marketing,Low,4.0,Cat_4,1.0
Male,No,32,No,Healthcare,Low,5.0,Cat_3,7.0
Male,No,19,No,Healthcare,Low,1.0,Cat_6,1.0
Female,Yes,83,Yes,Artist,High,2.0,Cat_6,
Female,Yes,56,Yes,Doctor,Average,2.0,Cat_3,1.0
Female,Yes,77,Yes,Lawyer,High,2.0,Cat_6,1.0
Female,No,22,No,Doctor,Low,2.0,Cat_4,3.0
Female,No,30,No,Doctor,Low,3.0,Cat_2,1.0
Male,Yes,58,Yes,Doctor,High,2.0,Cat_6,1.0
Male,No,28,No,Entertainment,Low,2.0,Cat_6,1.0
Male,Yes,79,No,Lawyer,High,2.0,Cat_6,8.0
Male,Yes,51,No,Entertainment,Low,3.0,Cat_6,1.0
Male,No,32,Yes,Healthcare,Low,3.0,Cat_6,
Female,Yes,66,No,Lawyer,High,2.0,Cat_4,
Male,Yes,47,Yes,Artist,Average,2.0,Cat_3,
Male,Yes,60,No,Entertainment,Low,2.0,Cat_3,
Male,No,41,,Entertainment,Low,1.0,Cat_6,6.0
Male,Yes,59,Yes,Artist,Average,6.0,Cat_6,
Male,No,18,No,Healthcare,Low,6.0,Cat_4,8.0
Male,Yes,67,No,Lawyer,High,9.0,Cat_4,
Male,Yes,69,Yes,Artist,Average,5.0,Cat_3,
Male,No,25,No,Healthcare,Low,4.0,Cat_6,
Female,No,28,No,Homemaker,Low,1.0,Cat_6,10.0
Male,Yes,36,Yes,Artist,Average,4.0,Cat_6,1.0
Female,,59,Yes,Artist,Average,4.0,Cat_6,1.0
Male,No,25,No,Doctor,Low,1.0,Cat_6,6.0
Male,Yes,35,Yes,Healthcare,Low,1.0,Cat_6,1.0
Male,Yes,63,Yes,Artist,Low,1.0,Cat_1,1.0
Female,Yes,43,Yes,Entertainment,Average,2.0,Cat_2,
Male,No,72,Yes,Artist,Low,1.0,Cat_6,1.0
Male,No,33,No,Entertainment,Low,3.0,Cat_2,1.0
Female,Yes,33,Yes,Homemaker,Average,3.0,Cat_6,
Male,Yes,35,Yes,Engineer,Average,4.0,Cat_3,1.0
Female,Yes,42,Yes,Artist,Average,3.0,Cat_6,1.0
Female,Yes,66,Yes,Artist,High,3.0,Cat_6,
Female,No,20,No,Healthcare,Low,4.0,Cat_6,0.0
Male,Yes,84,Yes,Lawyer,High,2.0,Cat_6,1.0
Female,Yes,53,No,Engineer,Average,2.0,Cat_6,
Male,Yes,42,Yes,Artist,High,2.0,Cat_6,
Male,Yes,69,No,Executive,Low,4.0,Cat_6,
Male,No,28,Yes,Healthcare,Low,3.0,Cat_6,1.0
Female,No,43,Yes,Artist,Low,4.0,Cat_6,8.0
Female,No,35,Yes,Entertainment,Low,4.0,Cat_6,9.0
Male,No,29,Yes,Healthcare,Low,3.0,Cat_4,3.0
Male,No,21,No,Healthcare,Low,4.0,Cat_6,1.0
Female,Yes,57,Yes,Doctor,Low,7.0,Cat_7,
Male,Yes,41,No,Doctor,Average,2.0,Cat_4,1.0
Male,No,53,Yes,Entertainment,Low,1.0,Cat_6,4.0
Male,No,28,Yes,Healthcare,Low,4.0,Cat_6,5.0
Female,No,25,No,Marketing,Low,4.0,Cat_6,
Male,No,32,,Doctor,Low,2.0,Cat_6,8.0
Female,Yes,40,Yes,Artist,Average,,Cat_6,12.0
Female,Yes,47,Yes,Artist,Low,1.0,Cat_6,
Female,Yes,43,Yes,Artist,Average,2.0,Cat_6,
Male,No,28,No,Healthcare,Low,5.0,Cat_4,1.0
Male,Yes,66,No,Lawyer,Low,1.0,Cat_6,
Male,Yes,60,Yes,Artist,Low,2.0,Cat_4,
Female,Yes,87,No,Lawyer,Low,1.0,Cat_6,
Female,No,25,Yes,Entertainment,Low,3.0,Cat_6,8.0
Male,Yes,70,Yes,Engineer,High,2.0,Cat_6,4.0
Female,Yes,33,Yes,Homemaker,High,2.0,Cat_6,
Female,Yes,53,Yes,Engineer,Low,4.0,Cat_1,
Female,No,48,Yes,Artist,Low,2.0,Cat_6,
Male,Yes,46,Yes,Artist,Low,2.0,Cat_6,1.0
Female,Yes,37,Yes,Engineer,Low,1.0,Cat_3,
Male,Yes,84,Yes,Entertainment,High,2.0,Cat_6,
Female,Yes,35,No,Engineer,Average,5.0,Cat_4,
Female,No,30,No,Engineer,Low,1.0,Cat_4,11.0
Male,No,28,Yes,Healthcare,Low,5.0,Cat_6,
Male,Yes,38,Yes,Entertainment,Average,4.0,Cat_3,
Male,Yes,85,No,Lawyer,Low,1.0,Cat_6,
Male,Yes,40,Yes,Entertainment,Average,2.0,Cat_4,
Male,No,18,No,Healthcare,Low,2.0,Cat_6,1.0
Male,Yes,36,Yes,Entertainment,Average,4.0,Cat_3,1.0
Female,Yes,27,Yes,Artist,Average,2.0,Cat_3,4.0
Male,No,30,No,Doctor,Low,5.0,Cat_6,
Male,Yes,41,Yes,Executive,Low,2.0,Cat_1,5.0
Female,Yes,79,Yes,Lawyer,High,,Cat_6,4.0
Male,No,22,No,Healthcare,Low,,Cat_4,
Female,No,51,Yes,Lawyer,Low,1.0,Cat_6,6.0
Male,Yes,50,Yes,Entertainment,Average,4.0,Cat_6,1.0
Female,Yes,35,Yes,Artist,Average,2.0,Cat_6,7.0
Female,Yes,30,No,Engineer,Low,2.0,Cat_4,1.0
Female,Yes,65,Yes,Lawyer,High,3.0,Cat_6,
Male,Yes,75,No,Executive,High,2.0,Cat_6,1.0
Male,Yes,29,No,Entertainment,Average,2.0,Cat_3,7.0
Male,No,22,No,Marketing,Low,3.0,Cat_4,0.0
Male,No,27,No,Healthcare,Low,4.0,Cat_6,1.0
Female,Yes,68,Yes,Lawyer,Low,2.0,Cat_6,
Female,Yes,73,Yes,Lawyer,Low,2.0,Cat_6,1.0
Female,Yes,52,Yes,Entertainment,Low,2.0,Cat_3,
Female,Yes,53,Yes,Artist,Average,3.0,Cat_6,1.0
Male,No,39,Yes,Entertainment,Low,8.0,Cat_3,1.0
Male,Yes,66,Yes,Lawyer,High,2.0,Cat_4,1.0
Female,No,39,No,Engineer,Low,3.0,Cat_3,4.0
Female,Yes,66,No,,Average,2.0,Cat_4,1.0
Male,No,32,No,Doctor,Low,2.0,Cat_6,2.0
Male,Yes,30,Yes,Artist,Average,2.0,Cat_6,
Female,No,32,No,Homemaker,Low,5.0,Cat_3,9.0
Male,Yes,52,Yes,Entertainment,Average,6.0,Cat_4,
Female,Yes,63,Yes,Artist,Average,4.0,Cat_6,1.0
Male,No,41,No,Doctor,Low,3.0,Cat_6,1.0
Female,No,28,No,Healthcare,Low,2.0,Cat_4,1.0
Male,No,38,Yes,Artist,Low,1.0,Cat_6,
Male,Yes,42,Yes,Executive,High,4.0,Cat_6,
Female,No,22,No,Healthcare,Low,4.0,Cat_6,8.0
Male,No,35,Yes,Artist,Low,3.0,Cat_6,6.0
Female,No,32,No,Marketing,Low,1.0,Cat_4,
Male,No,45,Yes,Artist,Low,1.0,Cat_6,1.0
Male,Yes,41,Yes,Healthcare,Low,3.0,Cat_6,8.0
Male,Yes,50,Yes,Doctor,Low,3.0,Cat_6,
Female,Yes,49,No,Engineer,Low,1.0,Cat_7,1.0
Male,Yes,20,,Marketing,Average,3.0,Cat_3,1.0
Male,Yes,50,Yes,Executive,High,4.0,Cat_6,
Female,Yes,41,Yes,Healthcare,Average,2.0,Cat_6,6.0
Male,Yes,49,Yes,Artist,Average,4.0,Cat_6,1.0
Male,Yes,40,Yes,Artist,Low,1.0,Cat_6,6.0
Female,Yes,41,Yes,Artist,Average,3.0,Cat_6,1.0
Female,Yes,81,Yes,Lawyer,High,2.0,Cat_6,8.0
Male,Yes,42,No,Entertainment,Low,2.0,Cat_4,1.0
Female,,57,Yes,Engineer,Average,4.0,Cat_2,
Female,No,20,No,Engineer,Low,5.0,Cat_4,8.0
Male,Yes,39,No,Entertainment,Low,2.0,Cat_3,9.0
Female,No,49,No,Artist,Low,1.0,Cat_1,9.0
Male,Yes,37,Yes,Executive,Average,2.0,Cat_6,1.0
Male,Yes,82,Yes,Lawyer,Low,1.0,Cat_6,
Male,No,62,Yes,,Low,1.0,Cat_6,
Female,No,26,No,Engineer,Low,2.0,Cat_6,5.0
Female,,23,No,Healthcare,Low,7.0,Cat_6,
Male,Yes,53,Yes,Artist,Average,3.0,Cat_6,6.0
Male,Yes,22,No,Doctor,Low,4.0,Cat_6,1.0
Male,Yes,68,Yes,Artist,High,,Cat_6,
Male,Yes,46,No,Entertainment,Low,5.0,Cat_6,
Male,Yes,30,No,Artist,Average,3.0,Cat_6,
Female,Yes,40,Yes,Engineer,Average,4.0,Cat_4,8.0
Male,Yes,35,No,Artist,Low,6.0,Cat_4,
Female,No,31,Yes,Artist,Low,,Cat_6,2.0
Male,Yes,42,Yes,Artist,Average,2.0,Cat_6,
Female,Yes,43,Yes,Artist,Average,3.0,Cat_6,2.0
Male,Yes,47,No,Lawyer,Low,2.0,Cat_6,
Female,No,36,Yes,Artist,Low,,Cat_6,11.0
Female,Yes,49,Yes,Homemaker,Low,1.0,Cat_6,14.0
Male,Yes,62,No,Entertainment,Low,2.0,Cat_3,8.0
Female,Yes,88,Yes,Lawyer,Low,1.0,Cat_6,
Female,Yes,81,No,Lawyer,High,2.0,Cat_3,
Male,Yes,83,Yes,Lawyer,High,2.0,Cat_6,
Female,No,48,Yes,Artist,Low,1.0,Cat_6,4.0
Male,Yes,27,Yes,Healthcare,Low,5.0,Cat_4,
Male,No,20,No,Healthcare,Low,5.0,Cat_3,
Male,No,31,Yes,Doctor,Low,1.0,Cat_6,8.0
Male,Yes,37,No,Doctor,Average,4.0,Cat_6,2.0
Female,Yes,60,Yes,Artist,Average,2.0,Cat_4,
Male,Yes,33,Yes,,Low,2.0,Cat_3,
Female,No,29,No,Homemaker,Low,4.0,Cat_4,
Female,No,31,No,Doctor,Low,5.0,Cat_3,1.0
Female,,50,Yes,Artist,High,1.0,,
Male,Yes,27,Yes,Homemaker,Low,,Cat_6,9.0
Female,Yes,79,Yes,Lawyer,High,2.0,Cat_6,
Female,No,39,Yes,Artist,Low,1.0,Cat_6,
Female,Yes,74,Yes,Lawyer,Low,,Cat_6,
Male,No,19,No,Marketing,Low,4.0,Cat_6,2.0
Male,Yes,89,Yes,Lawyer,Low,2.0,Cat_6,
Male,No,63,No,Entertainment,Low,1.0,Cat_6,7.0
Female,No,30,Yes,Doctor,Low,5.0,Cat_6,
Male,Yes,53,Yes,Healthcare,High,4.0,Cat_6,
Male,Yes,53,Yes,Doctor,Average,2.0,Cat_6,4.0
Male,Yes,49,Yes,Artist,Low,1.0,Cat_6,1.0
Female,Yes,26,Yes,Healthcare,Low,2.0,Cat_3,8.0
Female,No,37,No,Homemaker,Low,1.0,Cat_1,1.0
Male,Yes,57,Yes,Entertainment,Average,2.0,Cat_6,
Male,No,30,Yes,Artist,Low,1.0,Cat_6,8.0
Male,Yes,25,Yes,Healthcare,Low,2.0,Cat_6,9.0
Female,Yes,63,Yes,Artist,Average,3.0,Cat_6,1.0
Male,No,19,No,Healthcare,Low,4.0,Cat_6,1.0
Male,Yes,46,Yes,Artist,Average,3.0,Cat_6,1.0
Male,Yes,50,Yes,Artist,Average,2.0,Cat_3,
Female,No,39,Yes,Artist,Low,1.0,Cat_6,9.0
Female,Yes,30,Yes,Healthcare,Average,4.0,Cat_6,
Female,Yes,61,Yes,Artist,High,2.0,Cat_6,1.0
Male,Yes,85,Yes,Lawyer,Low,1.0,Cat_6,1.0
Male,Yes,29,Yes,Marketing,High,2.0,Cat_3,1.0
Male,No,20,No,Healthcare,Low,5.0,Cat_6,1.0
Male,No,28,Yes,Healthcare,Low,1.0,Cat_6,14.0
Male,Yes,47,No,Entertainment,Average,3.0,Cat_6,4.0
Female,No,30,Yes,Entertainment,Low,2.0,Cat_6,
Female,,72,Yes,Lawyer,High,,Cat_6,4.0
Male,Yes,52,No,Doctor,Average,4.0,Cat_6,1.0
Male,Yes,45,Yes,Doctor,Average,2.0,Cat_3,1.0
Female,No,45,Yes,Artist,Low,1.0,Cat_6,1.0
Male,Yes,28,Yes,Healthcare,Low,2.0,Cat_6,1.0
Male,No,23,No,Entertainment,Low,3.0,Cat_4,1.0
Female,No,19,No,Executive,Low,,Cat_3,0.0
Female,No,28,No,Healthcare,Low,4.0,Cat_4,
Female,No,29,No,Homemaker,Low,6.0,Cat_6,1.0
Male,No,31,Yes,Healthcare,Low,4.0,Cat_6,1.0
Male,No,25,Yes,Healthcare,Low,4.0,Cat_6,9.0
Male,Yes,37,No,Entertainment,Low,2.0,Cat_6,1.0
Male,Yes,36,No,Artist,Average,3.0,Cat_6,
Male,No,30,Yes,Doctor,Low,5.0,Cat_2,
Male,Yes,50,Yes,Artist,Average,4.0,Cat_2,1.0
Male,Yes,48,Yes,Executive,High,5.0,Cat_6,2.0
Male,Yes,45,Yes,Artist,Average,4.0,Cat_6,4.0
Female,No,27,No,Engineer,Low,6.0,Cat_6,
Female,No,60,Yes,Engineer,Low,1.0,Cat_6,1.0
Female,No,27,Yes,Doctor,Low,3.0,Cat_6,1.0
Male,Yes,69,No,Executive,High,3.0,Cat_6,1.0
Female,No,72,Yes,Lawyer,Low,1.0,Cat_6,
Female,Yes,60,Yes,Artist,Average,2.0,Cat_3,2.0
Male,No,32,No,Healthcare,Low,4.0,Cat_6,
Male,No,29,No,Doctor,Low,3.0,Cat_3,
Male,Yes,63,No,Executive,Average,3.0,Cat_6,
Female,Yes,47,Yes,Artist,High,5.0,Cat_6,
Male,Yes,35,Yes,Artist,Average,2.0,Cat_6,5.0
Male,No,33,Yes,Entertainment,Low,4.0,Cat_2,1.0
Male,Yes,43,Yes,Executive,High,4.0,Cat_6,1.0
Male,No,36,No,Marketing,Low,1.0,Cat_6,
Male,Yes,62,Yes,Entertainment,Average,6.0,Cat_6,
Male,Yes,38,No,Executive,Average,3.0,Cat_6,
Female,,37,No,Engineer,Average,3.0,Cat_4,2.0
Male,Yes,35,Yes,Artist,Average,2.0,Cat_4,1.0
Female,Yes,62,Yes,Engineer,Low,1.0,Cat_6,1.0
Male,Yes,35,Yes,Artist,Low,4.0,Cat_7,8.0
Male,No,33,Yes,Marketing,Low,4.0,Cat_2,
Female,No,59,Yes,Entertainment,Low,2.0,Cat_6,1.0
Male,Yes,48,Yes,Artist,Average,4.0,Cat_1,1.0
Male,Yes,82,No,Lawyer,High,3.0,Cat_6,1.0
Male,No,27,Yes,Artist,Low,3.0,Cat_6,7.0
Male,Yes,40,Yes,,Low,1.0,Cat_6,3.0
Male,No,33,Yes,Homemaker,Low,1.0,Cat_6,
Female,No,19,No,Healthcare,Low,,Cat_6,0.0
Female,No,33,Yes,Healthcare,Low,5.0,Cat_2,1.0
Male,No,29,Yes,Healthcare,Low,2.0,Cat_3,1.0
Male,Yes,52,No,Engineer,Low,1.0,Cat_2,
Female,Yes,48,Yes,Doctor,Average,2.0,Cat_6,
Female,No,20,No,Healthcare,Low,3.0,Cat_6,0.0
Male,Yes,42,No,Entertainment,Average,4.0,Cat_6,
Male,No,19,No,Healthcare,Low,4.0,Cat_6,
Male,No,43,Yes,Doctor,Low,,Cat_6,
Female,No,43,Yes,Marketing,Low,1.0,Cat_6,1.0
Male,Yes,82,Yes,Lawyer,Low,1.0,Cat_6,
Female,,49,No,Marketing,Average,3.0,Cat_4,1.0
Male,Yes,49,Yes,Artist,Low,2.0,Cat_6,1.0
Male,Yes,56,Yes,Artist,Average,3.0,Cat_6,1.0
Male,Yes,37,Yes,Entertainment,Average,2.0,Cat_6,5.0
Female,Yes,49,Yes,Artist,Average,5.0,Cat_6,1.0
Female,Yes,36,Yes,Artist,Low,2.0,Cat_4,5.0
Female,No,36,Yes,Artist,Low,2.0,Cat_6,9.0
Female,Yes,60,Yes,Artist,Average,2.0,Cat_6,1.0
Male,Yes,72,Yes,Executive,High,4.0,Cat_6,
Male,Yes,26,Yes,Artist,Low,2.0,Cat_1,
Male,Yes,62,Yes,Executive,High,2.0,Cat_6,8.0
Male,Yes,42,Yes,Entertainment,Average,4.0,Cat_6,3.0
Male,Yes,32,Yes,Artist,Average,2.0,Cat_6,9.0
Female,No,20,No,Artist,Low,3.0,Cat_6,0.0
Male,No,36,Yes,Artist,Low,3.0,Cat_2,6.0
Female,Yes,51,Yes,Artist,Low,,Cat_3,
Male,No,30,Yes,Healthcare,Low,5.0,Cat_1,3.0
Female,Yes,45,No,Engineer,Low,2.0,Cat_6,2.0
Male,Yes,53,Yes,Artist,Average,4.0,Cat_6,
Female,No,30,Yes,Artist,Low,3.0,Cat_6,
Male,No,38,Yes,Doctor,Low,1.0,Cat_6,7.0
Male,No,32,Yes,Artist,Low,5.0,Cat_6,
Female,No,18,No,Healthcare,Low,5.0,Cat_4,9.0
Male,No,19,No,,Low,3.0,Cat_4,9.0
Female,Yes,65,No,Lawyer,High,9.0,Cat_4,
Female,No,45,Yes,Homemaker,Low,1.0,Cat_6,11.0
Female,Yes,61,Yes,Doctor,Average,4.0,Cat_7,
Female,No,28,No,Homemaker,Low,,Cat_6,8.0
Female,Yes,47,Yes,Artist,Average,3.0,Cat_6,
Male,,52,Yes,Artist,Average,5.0,Cat_4,1.0
Male,Yes,35,Yes,Artist,Low,3.0,Cat_6,7.0
Male,Yes,51,Yes,Healthcare,Low,2.0,Cat_6,
Female,Yes,59,No,Homemaker,High,2.0,Cat_6,
Female,Yes,47,No,Artist,Low,1.0,Cat_6,7.0
Female,Yes,47,Yes,Engineer,Average,2.0,Cat_6,
Male,Yes,46,No,Artist,Low,3.0,Cat_4,
Male,No,27,No,Doctor,Low,4.0,Cat_6,9.0
Male,Yes,43,No,Executive,Low,,Cat_6,3.0
Female,No,32,No,Healthcare,Low,3.0,Cat_4,
Female,No,38,Yes,Doctor,Low,1.0,Cat_4,8.0
Male,,56,Yes,Artist,Average,5.0,Cat_6,
Female,Yes,35,Yes,Executive,Low,2.0,Cat_6,
Male,Yes,46,No,Entertainment,Low,2.0,Cat_6,8.0
Male,No,26,Yes,Doctor,Low,4.0,Cat_6,1.0
Male,Yes,41,Yes,,Low,2.0,Cat_7,
Female,Yes,49,Yes,Doctor,High,3.0,Cat_6,
Male,No,25,Yes,Healthcare,Low,4.0,Cat_6,1.0
Male,Yes,46,Yes,Artist,Average,2.0,Cat_6,8.0
Female,No,20,No,Healthcare,Low,5.0,Cat_4,0.0
Female,Yes,48,Yes,Artist,High,4.0,Cat_6,
Male,Yes,51,Yes,Artist,Average,3.0,Cat_6,1.0
Male,Yes,50,Yes,Executive,High,4.0,Cat_6,
Male,Yes,61,Yes,Executive,Low,6.0,Cat_3,
Male,Yes,39,No,Entertainment,Average,4.0,Cat_4,1.0
Male,No,21,No,Doctor,Low,6.0,Cat_7,6.0
Male,Yes,71,No,Lawyer,Low,5.0,Cat_3,
Male,Yes,74,Yes,Lawyer,High,2.0,Cat_4,1.0
Male,Yes,87,Yes,Lawyer,Low,1.0,Cat_6,
Male,No,27,Yes,Healthcare,Low,4.0,Cat_6,
Male,Yes,50,Yes,Artist,Average,3.0,Cat_6,
Female,Yes,48,Yes,Engineer,Average,4.0,Cat_6,
Female,No,23,No,Healthcare,Low,3.0,Cat_3,6.0
Female,No,36,Yes,Marketing,Low,2.0,Cat_3,
Male,Yes,50,Yes,Executive,Average,4.0,Cat_2,4.0
Male,Yes,62,No,Artist,Average,2.0,Cat_6,1.0
Female,Yes,43,Yes,Engineer,Average,2.0,Cat_6,9.0
Male,No,31,No,Healthcare,Low,4.0,Cat_7,1.0
Female,Yes,59,No,Marketing,Average,4.0,Cat_1,1.0
Female,Yes,51,Yes,Entertainment,Average,2.0,Cat_6,8.0
Female,Yes,71,Yes,Lawyer,High,2.0,Cat_6,8.0
Male,Yes,55,Yes,Executive,High,9.0,Cat_6,
Female,Yes,28,Yes,Healthcare,Low,2.0,Cat_6,
Female,Yes,52,Yes,Engineer,High,2.0,Cat_4,4.0
Male,No,23,No,Healthcare,Low,4.0,Cat_6,1.0
Male,Yes,35,Yes,Executive,High,4.0,Cat_6,4.0
Male,No,29,No,Marketing,Low,5.0,Cat_6,8.0
Female,No,31,Yes,Healthcare,Low,3.0,Cat_6,1.0
Female,No,31,Yes,Engineer,Low,1.0,Cat_6,8.0
Female,Yes,70,Yes,Engineer,High,2.0,Cat_6,
Female,No,32,Yes,Healthcare,Low,3.0,Cat_6,8.0
Male,Yes,53,Yes,Artist,Low,1.0,Cat_6,
Male,Yes,69,Yes,Executive,Low,2.0,Cat_4,
Female,Yes,45,Yes,Artist,Low,1.0,Cat_7,9.0
Female,No,31,Yes,Doctor,Low,4.0,Cat_3,
Female,No,28,Yes,Healthcare,Low,3.0,Cat_6,1.0
Male,Yes,37,Yes,Artist,Low,3.0,Cat_6,
Male,Yes,30,No,Artist,High,6.0,Cat_2,9.0
Male,No,22,No,Marketing,Low,3.0,Cat_6,1.0
Female,Yes,37,Yes,Doctor,High,2.0,Cat_4,2.0
Male,Yes,22,No,Executive,High,3.0,Cat_6,1.0
Male,No,31,Yes,Artist,Low,4.0,Cat_6,4.0
Male,Yes,73,Yes,Executive,High,2.0,Cat_6,
Female,No,30,No,Healthcare,Low,3.0,Cat_6,8.0
Male,Yes,76,Yes,Lawyer,High,2.0,Cat_6,1.0
Male,No,33,Yes,Entertainment,Low,1.0,Cat_6,1.0
Male,Yes,43,Yes,Executive,High,4.0,Cat_6,1.0
Male,Yes,42,Yes,Artist,Average,2.0,Cat_6,8.0
Male,No,31,Yes,Artist,Low,5.0,Cat_6,1.0
Male,Yes,51,No,Engineer,Average,7.0,Cat_4,1.0
Male,No,26,Yes,Artist,Low,4.0,Cat_4,
Male,Yes,48,Yes,Executive,Average,4.0,Cat_4,
Male,No,29,No,Entertainment,Low,1.0,Cat_6,5.0
Male,Yes,47,,Healthcare,Average,4.0,Cat_6,
Male,Yes,36,Yes,Artist,Average,2.0,Cat_6,9.0
Female,No,32,No,Homemaker,Low,1.0,Cat_6,1.0
Male,Yes,62,No,,High,2.0,Cat_6,7.0
Male,Yes,66,Yes,Executive,High,2.0,Cat_6,3.0
Male,Yes,32,Yes,Doctor,Average,3.0,Cat_6,9.0
Male,Yes,26,No,Doctor,Average,3.0,Cat_3,4.0
Male,No,31,No,Engineer,Low,2.0,Cat_3,8.0
Male,Yes,49,Yes,Entertainment,Average,4.0,Cat_6,7.0
Male,No,20,No,Marketing,Low,3.0,Cat_3,0.0
Female,No,37,Yes,Artist,Low,1.0,Cat_6,9.0
Male,Yes,53,No,Lawyer,Low,2.0,Cat_6,
Female,No,31,Yes,Artist,Low,1.0,Cat_6,
Male,Yes,65,Yes,Entertainment,Average,2.0,Cat_6,
Female,No,25,No,Doctor,Low,,Cat_6,8.0
Female,Yes,48,Yes,Artist,Average,5.0,Cat_4,
Female,Yes,29,Yes,Healthcare,Low,2.0,Cat_6,
Male,Yes,51,Yes,Executive,High,4.0,Cat_6,1.0
Female,No,27,No,,Low,3.0,Cat_6,12.0
Male,Yes,59,No,Engineer,Average,4.0,Cat_6,
Female,No,30,No,Artist,Low,1.0,Cat_6,1.0
Male,No,30,Yes,Doctor,Low,3.0,Cat_6,
Male,Yes,62,No,Artist,Average,3.0,Cat_6,
Male,Yes,56,Yes,Artist,Average,3.0,Cat_6,8.0
Male,Yes,43,No,Artist,Low,1.0,Cat_6,8.0
Male,Yes,25,No,Healthcare,Average,2.0,Cat_6,1.0
Female,Yes,49,Yes,,Low,1.0,Cat_6,
Male,No,39,Yes,Artist,Low,,Cat_4,1.0
Male,No,25,Yes,Entertainment,Low,3.0,Cat_6,1.0
Male,Yes,53,Yes,Artist,Average,4.0,Cat_6,3.0
Male,Yes,42,No,Entertainment,Low,4.0,Cat_4,1.0
Male,Yes,38,Yes,Artist,Low,2.0,Cat_6,2.0
Male,No,42,Yes,Artist,Low,1.0,Cat_6,
Male,Yes,42,Yes,Doctor,Average,5.0,Cat_4,1.0
Male,No,57,Yes,Marketing,Low,4.0,Cat_7,1.0
Male,Yes,62,Yes,Doctor,High,2.0,Cat_6,1.0
Male,Yes,81,No,Lawyer,Low,2.0,Cat_6,8.0
Male,Yes,46,Yes,Healthcare,High,3.0,Cat_6,1.0
Male,Yes,61,Yes,Executive,Low,3.0,Cat_6,
Female,No,27,Yes,Healthcare,Low,5.0,Cat_6,1.0
Female,Yes,27,Yes,Healthcare,High,2.0,Cat_6,9.0
Male,Yes,50,Yes,Artist,Average,5.0,Cat_6,
Male,Yes,46,No,Entertainment,Average,5.0,Cat_4,
Male,Yes,53,Yes,Artist,Average,3.0,Cat_6,3.0
Male,No,47,Yes,Artist,Low,1.0,Cat_6,
Female,Yes,36,No,Engineer,Average,4.0,Cat_4,
Male,Yes,76,Yes,Lawyer,High,2.0,Cat_6,8.0
Female,Yes,78,No,Homemaker,Low,1.0,Cat_6,
Male,No,20,No,Healthcare,Low,4.0,Cat_6,1.0
Male,Yes,29,No,Artist,Average,2.0,Cat_6,6.0
Female,Yes,53,Yes,Artist,Average,3.0,Cat_6,
Female,No,32,Yes,Engineer,Low,2.0,Cat_6,
Female,No,37,No,Healthcare,Low,1.0,Cat_6,1.0
Female,Yes,43,Yes,Artist,Average,2.0,Cat_6,3.0
Female,Yes,53,No,Engineer,Average,4.0,Cat_4,
Female,No,31,Yes,Healthcare,Low,3.0,Cat_2,9.0
Female,Yes,49,Yes,Homemaker,Average,4.0,Cat_6,2.0
Male,Yes,45,Yes,Artist,Average,2.0,Cat_6,
Male,Yes,63,Yes,,Average,2.0,Cat_6,1.0
Male,Yes,53,Yes,Doctor,Low,,Cat_6,1.0
Female,Yes,48,No,Engineer,Average,6.0,Cat_3,1.0
Female,No,32,Yes,Healthcare,Low,3.0,Cat_4,
Female,No,23,No,Healthcare,Low,3.0,Cat_6,1.0
Male,No,27,No,Healthcare,Low,5.0,Cat_6,10.0
Male,No,29,Yes,Doctor,Low,4.0,Cat_6,1.0
Female,,28,Yes,Doctor,High,8.0,Cat_4,
Male,Yes,35,Yes,Entertainment,High,2.0,Cat_2,9.0
Female,No,33,No,Homemaker,Low,,Cat_6,7.0
Female,No,40,Yes,Entertainment,Low,3.0,Cat_6,1.0
Female,No,21,No,Doctor,Low,3.0,Cat_6,0.0
Female,No,40,Yes,Artist,Low,,Cat_6,
Male,Yes,45,No,Artist,High,4.0,Cat_6,3.0
Female,Yes,40,No,Engineer,Low,5.0,Cat_6,
Male,No,35,Yes,Artist,Low,1.0,Cat_6,8.0
Male,Yes,46,Yes,Artist,Average,2.0,Cat_3,5.0
Male,Yes,66,Yes,Entertainment,Average,3.0,Cat_6,
Male,No,29,Yes,Healthcare,Low,2.0,Cat_6,1.0
Female,No,32,Yes,Engineer,Low,9.0,Cat_4,
Male,Yes,80,Yes,Executive,Low,1.0,Cat_6,3.0
Female,Yes,49,No,Engineer,Average,4.0,Cat_4,
Female,No,29,Yes,Artist,Low,1.0,Cat_4,
Female,No,26,No,Healthcare,Low,1.0,Cat_6,
Female,No,32,Yes,Healthcare,Low,3.0,Cat_6,9.0
Male,No,19,No,Entertainment,Low,6.0,Cat_4,0.0
Male,Yes,69,No,Executive,High,4.0,Cat_6,1.0
Female,Yes,69,Yes,Artist,High,2.0,Cat_6,
Female,No,62,Yes,Engineer,Low,1.0,Cat_6,
Male,Yes,27,No,Entertainment,Low,4.0,Cat_6,6.0
Female,No,26,Yes,Healthcare,Low,5.0,Cat_6,1.0
Male,Yes,36,No,Executive,High,4.0,Cat_6,8.0
Female,Yes,60,Yes,Artist,High,4.0,Cat_6,1.0
Male,Yes,52,Yes,Artist,Low,4.0,Cat_6,
Male,Yes,58,,Artist,Average,2.0,Cat_6,1.0
Male,Yes,25,Yes,Doctor,Average,2.0,Cat_6,
Male,No,26,Yes,Marketing,Low,1.0,Cat_6,10.0
Male,Yes,52,Yes,Executive,High,4.0,Cat_6,1.0
Male,No,47,Yes,Artist,Low,1.0,Cat_3,
Female,No,38,Yes,Homemaker,Low,4.0,Cat_6,
Male,No,22,No,Healthcare,Low,5.0,Cat_2,8.0
Female,No,30,No,Doctor,Low,4.0,Cat_6,3.0
Male,No,41,Yes,Artist,Low,1.0,Cat_6,7.0
Male,Yes,37,Yes,Executive,High,4.0,Cat_6,
Male,No,30,Yes,Entertainment,Low,1.0,Cat_6,14.0
Female,Yes,79,Yes,Lawyer,Low,1.0,Cat_6,1.0
Male,No,30,Yes,Healthcare,Low,4.0,Cat_6,1.0
Male,Yes,62,No,Engineer,Low,5.0,Cat_6,1.0
Male,Yes,47,Yes,Entertainment,Low,4.0,Cat_6,1.0
Female,Yes,56,Yes,Artist,High,2.0,Cat_6,
Female,Yes,46,Yes,Artist,Low,,Cat_6,1.0
Female,Yes,48,Yes,Homemaker,High,2.0,Cat_2,1.0
Male,No,33,No,Healthcare,Low,5.0,Cat_2,3.0
Male,No,39,Yes,Artist,Low,1.0,Cat_6,1.0
Female,No,37,Yes,Entertainment,Low,2.0,Cat_7,1.0
Female,Yes,37,No,Engineer,Average,6.0,Cat_4,1.0
Male,No,20,No,Healthcare,Low,5.0,Cat_2,1.0
Male,Yes,66,Yes,Lawyer,Low,1.0,Cat_6,
Male,Yes,72,Yes,Lawyer,Low,,Cat_4,1.0
Female,Yes,58,Yes,Homemaker,Low,1.0,Cat_6,2.0
Male,Yes,35,No,Entertainment,Low,3.0,Cat_1,9.0
Female,No,28,Yes,Healthcare,Low,1.0,Cat_7,
Male,Yes,72,Yes,Artist,High,5.0,Cat_6,
Male,Yes,28,No,Executive,High,4.0,Cat_4,
Female,No,43,Yes,Artist,Low,1.0,Cat_6,1.0
Male,Yes,61,Yes,Artist,Average,4.0,Cat_6,1.0
Male,Yes,41,Yes,Engineer,Average,2.0,Cat_2,9.0
Female,No,36,No,Engineer,Low,1.0,Cat_6,
Female,No,35,,Artist,Low,3.0,Cat_6,
Male,Yes,70,No,Lawyer,Low,2.0,Cat_6,1.0
Female,Yes,46,Yes,Artist,Low,2.0,Cat_6,8.0
Male,Yes,78,Yes,Lawyer,Low,1.0,Cat_6,1.0
Female,Yes,45,Yes,Artist,Average,3.0,Cat_3,1.0
Female,Yes,48,Yes,Marketing,Low,1.0,Cat_6,6.0
Male,No,28,No,Healthcare,Low,5.0,Cat_6,1.0
Male,Yes,59,No,Entertainment,Average,3.0,Cat_3,6.0
Female,Yes,39,Yes,Homemaker,Low,1.0,Cat_6,9.0
Male,No,31,Yes,,Low,1.0,Cat_4,6.0
Male,No,51,Yes,Artist,Low,1.0,Cat_6,6.0
Female,No,41,Yes,Artist,Low,1.0,Cat_6,1.0
Male,Yes,42,Yes,Executive,High,3.0,Cat_6,1.0
Male,Yes,60,Yes,Entertainment,Low,,Cat_6,
Female,Yes,60,Yes,Artist,High,2.0,Cat_6,
Female,Yes,74,No,Lawyer,High,2.0,Cat_6,1.0
Female,No,26,No,Engineer,Low,1.0,Cat_7,4.0
Female,Yes,36,Yes,Artist,Average,2.0,Cat_6,7.0
Male,No,43,,Artist,Low,5.0,Cat_2,6.0
Female,Yes,46,Yes,Engineer,Average,5.0,Cat_6,1.0
Female,Yes,53,Yes,Artist,Average,4.0,Cat_6,2.0
Female,Yes,56,Yes,Artist,Average,2.0,Cat_6,4.0
Female,Yes,38,Yes,Artist,Low,1.0,Cat_3,4.0
Female,No,42,Yes,Engineer,Low,1.0,Cat_6,
Female,Yes,69,No,Doctor,Low,1.0,Cat_3,
Female,Yes,41,Yes,Artist,High,2.0,Cat_2,9.0
Female,Yes,27,Yes,Healthcare,Low,2.0,Cat_6,
Female,Yes,69,Yes,Engineer,Low,2.0,Cat_4,
Female,Yes,56,Yes,Artist,Average,5.0,Cat_6,1.0
Male,No,25,No,Healthcare,Low,5.0,Cat_3,
Female,No,25,No,Doctor,Low,3.0,Cat_6,1.0
Female,No,27,No,Healthcare,Low,5.0,Cat_7,9.0
Male,No,31,Yes,Healthcare,Low,4.0,Cat_6,14.0
Male,No,57,Yes,Doctor,Low,1.0,Cat_3,
Male,No,22,No,Healthcare,Low,,Cat_4,0.0
Female,Yes,70,Yes,Lawyer,High,2.0,Cat_6,1.0
Female,No,20,No,Marketing,Low,4.0,Cat_6,
Male,No,27,No,Doctor,Low,3.0,Cat_6,1.0
Female,Yes,59,Yes,Engineer,Low,1.0,Cat_6,
Male,Yes,31,Yes,Entertainment,Average,3.0,Cat_3,5.0
Male,Yes,31,Yes,Artist,Average,2.0,Cat_6,8.0
Female,No,63,No,Entertainment,Low,1.0,Cat_2,
Male,Yes,83,No,Lawyer,Low,1.0,Cat_6,1.0
Female,Yes,36,Yes,Artist,Low,2.0,Cat_6,5.0
Male,Yes,66,No,Artist,High,3.0,Cat_6,2.0
Male,Yes,58,Yes,Artist,Average,2.0,Cat_6,1.0
Male,Yes,43,Yes,Artist,Low,1.0,Cat_6,8.0
Male,Yes,47,Yes,Doctor,Average,4.0,Cat_6,
Male,Yes,50,No,Executive,Average,5.0,Cat_6,
Male,Yes,51,Yes,Artist,High,3.0,Cat_6,
Male,Yes,38,Yes,Artist,Low,4.0,Cat_6,
Male,No,23,No,Healthcare,Low,4.0,Cat_6,1.0
Female,No,33,Yes,Entertainment,Low,2.0,Cat_6,12.0
Male,No,28,Yes,Doctor,Low,3.0,Cat_6,1.0
Male,Yes,53,Yes,Artist,Low,3.0,Cat_6,
Female,No,18,No,,Low,6.0,Cat_4,0.0
Male,No,49,Yes,Entertainment,Low,1.0,Cat_2,
Female,No,31,No,Entertainment,Low,5.0,Cat_7,11.0
Male,No,62,No,Healthcare,Low,1.0,Cat_3,8.0
Male,Yes,35,Yes,Artist,Average,2.0,Cat_2,4.0
Male,No,19,No,Healthcare,Low,2.0,Cat_6,7.0
Male,No,27,No,Healthcare,Low,4.0,Cat_6,1.0
Female,Yes,68,,Lawyer,Low,1.0,Cat_6,
Male,Yes,73,Yes,Artist,High,2.0,Cat_2,1.0
Female,Yes,43,Yes,Artist,High,3.0,Cat_6,5.0
Male,No,18,No,Healthcare,Low,4.0,Cat_6,3.0
Female,Yes,52,Yes,Engineer,High,4.0,Cat_6,7.0
Female,Yes,50,Yes,Artist,Average,3.0,Cat_6,1.0
Female,Yes,37,Yes,Doctor,Average,2.0,Cat_6,9.0
Female,No,21,No,Doctor,Low,3.0,Cat_1,0.0
Male,No,28,No,Doctor,Low,3.0,Cat_6,4.0
Male,Yes,77,No,Lawyer,High,2.0,Cat_6,1.0
Female,Yes,27,Yes,Doctor,Low,2.0,Cat_4,1.0
Female,Yes,40,Yes,Artist,Average,3.0,Cat_6,
Male,No,25,Yes,Healthcare,Low,,Cat_3,
Female,No,27,Yes,Healthcare,Low,,Cat_6,
Female,No,43,Yes,Artist,Low,1.0,Cat_4,1.0
Male,Yes,53,Yes,Artist,Average,4.0,Cat_6,1.0
Male,No,53,Yes,Artist,Low,1.0,Cat_6,1.0
Female,Yes,56,No,,Low,1.0,Cat_4,
Male,Yes,83,Yes,Lawyer,High,3.0,Cat_6,6.0
Female,Yes,83,Yes,Lawyer,High,2.0,Cat_6,
Female,Yes,68,Yes,Artist,Average,2.0,Cat_6,1.0
Female,No,31,No,,Low,1.0,Cat_7,
Female,Yes,53,Yes,Artist,Low,2.0,Cat_6,1.0
Female,No,18,No,Healthcare,Low,4.0,Cat_7,6.0
Female,No,38,Yes,Engineer,Low,1.0,Cat_2,3.0
Male,No,37,Yes,Executive,Low,1.0,Cat_6,3.0
Male,Yes,63,,,Average,2.0,Cat_4,
Male,Yes,83,Yes,Executive,High,2.0,Cat_6,
Female,Yes,59,Yes,Artist,Average,5.0,Cat_6,
Male,Yes,50,Yes,Doctor,Average,3.0,Cat_6,
Female,Yes,40,Yes,Artist,Low,2.0,Cat_6,
Male,No,38,Yes,Entertainment,Low,1.0,Cat_7,1.0
Female,No,36,Yes,Entertainment,Low,5.0,,7.0
Female,Yes,66,Yes,Artist,Average,3.0,Cat_6,
Female,Yes,48,Yes,Artist,Low,4.0,Cat_6,
Male,Yes,73,Yes,Lawyer,Average,2.0,Cat_6,1.0
Male,Yes,43,Yes,Entertainment,Average,3.0,Cat_6,1.0
Female,No,19,No,Healthcare,Low,5.0,Cat_2,0.0
Female,Yes,49,Yes,Engineer,Average,2.0,Cat_6,1.0
Male,No,21,No,Healthcare,Low,4.0,Cat_6,0.0
Female,No,35,No,,Low,5.0,Cat_6,
Female,Yes,56,Yes,Artist,Average,2.0,Cat_3,
Male,Yes,38,Yes,Artist,Low,6.0,Cat_6,1.0
Male,Yes,65,Yes,Executive,Low,4.0,Cat_6,
Female,No,45,Yes,Artist,Low,1.0,Cat_6,2.0
Female,Yes,26,Yes,Engineer,High,7.0,Cat_4,6.0
Male,No,47,No,Entertainment,Low,1.0,Cat_6,1.0
Female,Yes,35,Yes,Engineer,Average,2.0,Cat_6,1.0
Female,No,21,No,Entertainment,Low,4.0,Cat_6,1.0
Female,Yes,37,Yes,,Low,,Cat_6,
Male,No,43,Yes,Artist,Low,1.0,Cat_3,11.0
Male,No,21,No,Healthcare,Low,2.0,Cat_6,0.0
Male,No,21,No,Healthcare,Low,6.0,Cat_3,0.0
Male,Yes,65,No,Artist,Average,2.0,Cat_6,
Female,Yes,42,Yes,Doctor,Average,4.0,Cat_6,
Female,Yes,86,Yes,Lawyer,High,2.0,Cat_6,
Female,No,37,Yes,,Low,2.0,Cat_6,
Female,Yes,38,No,Engineer,Average,4.0,Cat_4,9.0
Male,Yes,47,No,Artist,Average,3.0,Cat_6,3.0
Male,Yes,37,Yes,Entertainment,Low,1.0,Cat_6,3.0
Female,No,30,Yes,Healthcare,Low,6.0,Cat_3,
Female,No,40,Yes,Healthcare,Low,2.0,Cat_6,6.0
Male,Yes,50,Yes,Engineer,Low,1.0,Cat_3,
Male,Yes,40,Yes,Artist,Average,3.0,Cat_6,1.0
Male,Yes,43,No,Executive,High,4.0,Cat_6,
Male,No,25,Yes,Entertainment,Low,2.0,Cat_3,1.0
Female,Yes,42,Yes,Doctor,Low,1.0,Cat_4,
Male,No,35,Yes,Artist,Low,2.0,Cat_3,1.0
Male,Yes,45,No,Marketing,Low,2.0,Cat_3,1.0
Female,No,37,Yes,Artist,Low,1.0,Cat_4,12.0
Male,No,33,No,Entertainment,Low,3.0,Cat_6,
Male,Yes,47,Yes,Artist,Average,3.0,Cat_6,
Male,No,20,No,Healthcare,Low,8.0,Cat_4,0.0
Male,Yes,85,Yes,Lawyer,Low,1.0,Cat_6,
Female,No,27,Yes,Marketing,Low,1.0,Cat_6,
Female,Yes,41,Yes,Artist,High,2.0,Cat_6,7.0
Female,Yes,38,Yes,Artist,Average,3.0,Cat_6,
Male,Yes,19,No,Executive,High,3.0,Cat_4,0.0
Female,No,43,Yes,Artist,Low,1.0,Cat_6,
Male,Yes,33,Yes,Healthcare,Low,2.0,Cat_7,
Male,Yes,67,Yes,Artist,Low,1.0,Cat_4,1.0
Male,Yes,51,Yes,Executive,High,5.0,Cat_6,3.0
Male,Yes,59,Yes,Artist,Low,1.0,Cat_6,
Female,Yes,42,Yes,Artist,Low,2.0,Cat_6,5.0
Female,Yes,52,No,,Average,7.0,Cat_4,7.0
Female,No,41,Yes,Artist,Low,1.0,Cat_6,2.0
Female,Yes,50,Yes,Artist,Low,2.0,Cat_6,9.0
Male,No,41,Yes,Marketing,Low,2.0,Cat_6,
Male,Yes,69,Yes,Executive,Average,4.0,Cat_6,1.0
Male,No,18,No,Doctor,Low,2.0,Cat_6,4.0
Female,No,33,No,Engineer,Low,3.0,Cat_6,1.0
Male,Yes,39,No,Artist,Average,6.0,Cat_4,1.0
Male,No,55,Yes,Executive,Low,5.0,Cat_6,
Female,Yes,47,No,Homemaker,High,3.0,Cat_6,3.0
Female,Yes,51,Yes,Marketing,Low,1.0,Cat_6,9.0
Male,Yes,38,Yes,Executive,High,3.0,Cat_6,6.0
Male,Yes,56,No,Lawyer,High,3.0,Cat_3,
Female,Yes,55,Yes,Artist,Average,3.0,Cat_6,2.0
Male,No,36,No,Healthcare,Low,4.0,Cat_4,
Female,No,38,No,Homemaker,Low,,Cat_6,13.0
Female,Yes,26,Yes,Entertainment,Low,7.0,Cat_6,5.0
Female,No,20,No,Healthcare,Low,6.0,Cat_6,2.0
Female,No,30,No,Homemaker,Low,,Cat_3,3.0
Male,No,28,No,Marketing,Low,1.0,Cat_3,
Female,No,32,No,Engineer,Low,9.0,Cat_4,1.0
Male,No,26,No,Entertainment,Low,3.0,Cat_3,1.0
Male,No,37,Yes,Entertainment,Low,1.0,Cat_6,
Female,No,19,No,Healthcare,Low,1.0,Cat_4,7.0
Female,Yes,46,Yes,Artist,High,3.0,Cat_6,1.0
Male,Yes,87,Yes,Lawyer,Low,1.0,Cat_6,
Female,Yes,47,Yes,Artist,Low,1.0,Cat_1,
Female,No,43,Yes,Artist,Low,3.0,Cat_6,1.0
Female,No,55,Yes,Artist,Low,1.0,Cat_3,1.0
Female,No,21,No,Healthcare,Low,5.0,Cat_6,
Male,Yes,49,Yes,Marketing,Low,5.0,Cat_6,
Female,Yes,31,No,Entertainment,Average,,Cat_4,
Female,Yes,42,Yes,Artist,Low,2.0,Cat_6,9.0
Male,Yes,65,Yes,Executive,High,2.0,Cat_6,
Male,Yes,35,Yes,Entertainment,Low,5.0,Cat_3,6.0
Male,No,18,No,Healthcare,Low,4.0,Cat_4,1.0
Female,Yes,25,No,Engineer,Average,2.0,Cat_6,
Male,No,52,Yes,Entertainment,Low,1.0,Cat_3,1.0
Female,No,28,Yes,Artist,Low,4.0,Cat_6,5.0
Male,Yes,47,Yes,Artist,Low,,Cat_6,
Male,Yes,55,Yes,Artist,Average,2.0,Cat_6,1.0
Male,Yes,35,Yes,Artist,Average,2.0,Cat_6,1.0
Male,No,31,Yes,Artist,Low,1.0,Cat_4,7.0
Male,Yes,58,Yes,Artist,Average,4.0,Cat_6,9.0
Male,Yes,46,Yes,Executive,High,5.0,Cat_6,1.0
Male,Yes,75,Yes,Lawyer,Low,2.0,Cat_6,1.0
Male,Yes,56,No,Artist,Average,2.0,Cat_6,
Female,Yes,63,Yes,Artist,High,3.0,Cat_6,1.0
Female,No,19,No,Healthcare,Low,6.0,Cat_3,
Female,Yes,33,Yes,Artist,Average,3.0,Cat_6,8.0
Female,No,22,No,Healthcare,Low,3.0,Cat_3,0.0
Female,No,28,No,Engineer,Low,6.0,Cat_6,
Female,Yes,38,Yes,Engineer,Low,2.0,Cat_4,4.0
Male,No,18,No,Healthcare,Low,5.0,Cat_4,
Male,No,25,No,Healthcare,Low,4.0,Cat_4,7.0
Female,No,19,No,Healthcare,Low,4.0,Cat_3,0.0
Female,Yes,50,Yes,Artist,Low,1.0,Cat_6,2.0
Male,No,28,No,Doctor,Low,3.0,Cat_6,8.0
Female,Yes,52,No,Engineer,Low,6.0,Cat_4,
Male,Yes,53,Yes,Entertainment,Low,3.0,Cat_2,1.0
Female,Yes,73,Yes,Artist,Average,3.0,Cat_1,
Male,No,31,No,Healthcare,Low,3.0,Cat_4,
Male,No,23,No,Healthcare,Low,4.0,Cat_6,
Male,,72,,Lawyer,High,,Cat_6,
Male,Yes,61,Yes,Healthcare,Low,2.0,Cat_6,1.0
Female,Yes,72,Yes,Lawyer,High,,,1.0
Male,Yes,29,Yes,Entertainment,Low,2.0,Cat_2,
Female,No,23,No,Healthcare,Low,4.0,Cat_7,
Female,Yes,35,Yes,Artist,Average,2.0,Cat_6,
Male,Yes,80,Yes,Lawyer,Low,1.0,Cat_6,
Female,No,57,Yes,Doctor,Low,2.0,Cat_6,
Male,No,29,Yes,Entertainment,Low,3.0,Cat_6,6.0
Female,No,26,No,Engineer,Low,3.0,Cat_6,
Female,Yes,68,Yes,Lawyer,High,2.0,Cat_6,1.0
Male,Yes,37,Yes,Artist,Low,2.0,Cat_6,8.0
Male,Yes,38,Yes,Engineer,Average,4.0,Cat_6,
Male,Yes,63,Yes,Artist,Average,4.0,Cat_6,
Male,No,32,Yes,Artist,Low,3.0,Cat_4,
Female,Yes,58,Yes,Engineer,Average,4.0,Cat_6,1.0
Male,Yes,61,Yes,Entertainment,Average,4.0,Cat_6,1.0
Female,No,32,No,Engineer,Low,4.0,Cat_6,
Male,Yes,63,Yes,Homemaker,Average,3.0,Cat_6,8.0
Female,No,39,Yes,Healthcare,Low,1.0,Cat_6,9.0
Male,Yes,37,No,Entertainment,Average,3.0,Cat_4,
Female,No,37,No,Homemaker,Low,2.0,Cat_1,
Female,No,46,Yes,Doctor,Low,,Cat_3,1.0
Male,No,25,No,Executive,Low,3.0,Cat_6,
Female,No,37,Yes,Artist,Low,1.0,Cat_6,3.0
Male,Yes,56,No,Executive,High,4.0,Cat_6,
Male,Yes,73,Yes,Entertainment,Low,1.0,Cat_4,5.0
Male,No,18,No,Healthcare,Low,3.0,Cat_6,1.0
Female,No,27,No,Engineer,Low,4.0,Cat_6,1.0
Female,No,23,No,Healthcare,Low,4.0,Cat_4,9.0
Female,No,36,No,Engineer,Low,4.0,Cat_6,14.0
Female,Yes,72,Yes,Artist,Low,1.0,Cat_6,
Female,Yes,49,No,Engineer,Low,2.0,Cat_6,6.0
Female,Yes,70,No,Marketing,High,2.0,Cat_4,
Male,No,18,No,Healthcare,Low,3.0,Cat_6,2.0
Male,Yes,59,Yes,Artist,Average,3.0,Cat_6,1.0
Female,Yes,61,No,Lawyer,High,3.0,Cat_6,
Male,No,43,Yes,Artist,Low,1.0,Cat_3,1.0
Female,No,47,No,Entertainment,Low,1.0,Cat_4,
Male,Yes,28,Yes,Entertainment,Average,3.0,Cat_7,3.0
Female,No,26,Yes,Entertainment,Low,1.0,Cat_6,1.0
Female,No,27,Yes,Doctor,Low,4.0,Cat_6,
Male,No,37,Yes,Artist,Low,1.0,Cat_3,8.0
Male,Yes,55,No,Executive,Low,,Cat_4,3.0
Female,No,29,No,Engineer,Low,4.0,Cat_6,1.0
Female,No,31,Yes,Marketing,Low,1.0,Cat_6,
Male,No,29,Yes,Artist,Low,6.0,Cat_6,1.0
Female,No,26,Yes,Homemaker,Low,2.0,Cat_6,8.0
Female,No,43,Yes,Artist,Low,1.0,Cat_3,1.0
Male,Yes,62,Yes,Executive,High,3.0,Cat_6,1.0
Female,Yes,65,Yes,Lawyer,Average,2.0,Cat_6,1.0
Female,No,29,No,Homemaker,Low,4.0,Cat_3,2.0
Female,Yes,49,Yes,Engineer,Low,3.0,Cat_3,6.0
Male,Yes,76,No,Marketing,Low,1.0,Cat_4,1.0
Male,Yes,36,Yes,Homemaker,Average,2.0,Cat_3,
Male,No,43,Yes,Artist,Low,5.0,Cat_6,12.0
Male,No,36,Yes,Artist,Low,3.0,Cat_6,9.0
Male,Yes,56,Yes,Entertainment,Average,2.0,Cat_6,2.0
Male,Yes,40,Yes,Doctor,Low,5.0,Cat_6,1.0
Male,No,38,Yes,Entertainment,Low,1.0,Cat_6,7.0
Male,Yes,65,Yes,Executive,Low,2.0,Cat_4,1.0
Female,Yes,39,,Doctor,Low,1.0,Cat_3,2.0
Male,Yes,73,Yes,Artist,High,3.0,Cat_6,5.0
Female,No,30,Yes,Entertainment,Low,4.0,Cat_4,1.0
Female,Yes,55,Yes,Engineer,Low,1.0,Cat_3,1.0
Male,No,43,Yes,Executive,Low,4.0,Cat_6,1.0
Female,No,22,No,Healthcare,Low,4.0,Cat_6,1.0
Male,Yes,55,Yes,Lawyer,Low,4.0,Cat_3,
Female,No,22,No,Healthcare,Low,5.0,Cat_6,0.0
Female,No,28,No,Healthcare,Low,4.0,Cat_3,8.0
Male,No,46,Yes,Artist,Low,1.0,Cat_6,3.0
Male,No,30,Yes,Doctor,Low,2.0,Cat_3,
Male,Yes,57,Yes,Artist,Average,2.0,Cat_6,1.0
Male,No,20,No,Marketing,Low,2.0,Cat_6,0.0
Female,Yes,83,Yes,Lawyer,Low,2.0,Cat_6,
Female,Yes,57,Yes,Artist,Average,4.0,Cat_6,
Female,No,22,No,Healthcare,Low,6.0,Cat_6,8.0
Male,No,22,No,Healthcare,Low,5.0,Cat_4,1.0
Male,No,33,Yes,Artist,Low,1.0,Cat_6,7.0
Male,Yes,48,Yes,Artist,Low,5.0,Cat_6,3.0
Male,No,33,Yes,Healthcare,Low,1.0,Cat_6,3.0
Male,No,28,No,Doctor,Low,3.0,Cat_3,
Male,Yes,48,No,Marketing,Low,5.0,Cat_6,
Male,No,62,Yes,Entertainment,Low,1.0,Cat_6,
Female,Yes,38,Yes,Artist,Low,3.0,Cat_6,
Male,Yes,46,Yes,Artist,Average,5.0,Cat_6,
Female,Yes,47,No,Engineer,Average,4.0,Cat_4,9.0
Female,Yes,37,Yes,Artist,Low,1.0,Cat_3,4.0
Male,Yes,41,Yes,Entertainment,Low,1.0,Cat_6,
Female,Yes,46,Yes,Artist,Low,2.0,Cat_6,
Male,Yes,65,Yes,Artist,Low,2.0,Cat_6,1.0
Male,,22,No,Healthcare,Low,3.0,Cat_4,9.0
Male,Yes,53,Yes,Entertainment,Low,3.0,Cat_6,1.0
Male,No,37,Yes,Entertainment,Low,2.0,Cat_3,1.0
Male,No,27,Yes,,Low,3.0,Cat_3,
Male,Yes,37,No,Artist,Average,2.0,Cat_6,
Female,No,38,No,Engineer,Low,1.0,Cat_4,8.0
Male,Yes,36,No,Doctor,Low,3.0,Cat_6,6.0
Female,No,40,Yes,Artist,Low,1.0,Cat_6,1.0
Male,Yes,42,Yes,Entertainment,Low,2.0,Cat_6,1.0
Female,Yes,42,No,Doctor,Low,2.0,Cat_4,1.0
Female,No,32,Yes,Marketing,Low,6.0,Cat_1,8.0
Male,No,42,Yes,Entertainment,Low,2.0,Cat_2,3.0
Male,No,29,No,Doctor,Low,2.0,Cat_6,1.0
Female,Yes,61,Yes,Engineer,Average,5.0,Cat_6,1.0
Male,Yes,55,No,Artist,Low,2.0,Cat_6,
Male,Yes,65,Yes,Entertainment,High,2.0,Cat_6,1.0
Female,No,30,Yes,Entertainment,Low,5.0,Cat_1,
Female,Yes,42,Yes,Engineer,Low,1.0,Cat_6,2.0
Male,Yes,35,Yes,Artist,Average,2.0,Cat_6,
Male,Yes,57,No,Entertainment,Low,4.0,Cat_3,
Female,No,42,Yes,Artist,Low,1.0,Cat_6,
Female,No,43,Yes,Homemaker,Low,1.0,Cat_6,9.0
Male,Yes,49,Yes,Doctor,Average,2.0,Cat_1,
Female,Yes,72,Yes,Doctor,Average,2.0,Cat_6,1.0
Female,Yes,50,Yes,Artist,Average,3.0,Cat_6,1.0
Female,Yes,36,Yes,Artist,Average,5.0,Cat_6,1.0
Female,,19,No,Healthcare,Low,,Cat_3,8.0
Female,,53,No,Artist,Low,2.0,Cat_6,9.0
Female,Yes,51,Yes,Artist,Low,1.0,Cat_6,1.0
Male,Yes,53,Yes,Artist,High,7.0,Cat_4,
Female,No,18,No,Healthcare,Low,4.0,Cat_4,3.0
Male,Yes,50,Yes,Artist,Low,3.0,Cat_6,1.0
Male,No,23,No,Healthcare,Low,3.0,Cat_6,1.0
Male,Yes,33,Yes,Doctor,Average,2.0,Cat_6,
Male,Yes,31,Yes,Artist,Average,3.0,Cat_1,
Female,Yes,27,Yes,Marketing,Low,1.0,Cat_3,9.0
Female,No,53,Yes,Artist,Low,2.0,,
Male,Yes,37,Yes,Entertainment,Average,4.0,Cat_6,1.0
Male,No,19,No,Healthcare,Low,3.0,Cat_2,4.0
Male,Yes,67,Yes,Entertainment,Average,3.0,Cat_6,1.0
Male,Yes,38,No,Marketing,High,4.0,Cat_7,
Female,No,23,No,Healthcare,Low,3.0,Cat_6,
Female,Yes,46,No,Engineer,Average,1.0,Cat_4,9.0
Female,Yes,61,Yes,Artist,Average,5.0,Cat_6,1.0
Male,Yes,89,No,Lawyer,Low,2.0,Cat_6,
Male,Yes,57,Yes,Entertainment,Average,4.0,Cat_6,1.0
Female,No,30,Yes,Healthcare,Low,6.0,Cat_6,12.0
Female,,59,Yes,Artist,Average,2.0,Cat_6,9.0
Female,No,31,No,Healthcare,Low,5.0,Cat_2,
Male,No,20,No,Healthcare,Low,3.0,Cat_4,2.0
Male,No,33,No,Doctor,Low,6.0,Cat_4,1.0
Female,Yes,75,Yes,Lawyer,Low,,Cat_3,1.0
Female,No,37,Yes,Artist,Low,1.0,Cat_4,1.0
Female,Yes,46,Yes,Engineer,Average,2.0,Cat_6,1.0
Male,Yes,41,Yes,Artist,High,4.0,Cat_6,
Male,No,40,Yes,Healthcare,Low,2.0,Cat_6,
Male,Yes,59,No,Entertainment,Low,2.0,Cat_6,1.0
Female,No,41,No,Healthcare,Low,2.0,Cat_1,1.0
Female,Yes,36,Yes,Artist,Average,4.0,Cat_6,1.0
Female,No,68,Yes,Doctor,Low,1.0,Cat_6,1.0
Female,No,42,Yes,Artist,Low,1.0,Cat_2,
Male,Yes,73,Yes,Artist,Average,2.0,Cat_6,1.0
Female,No,33,No,Marketing,Low,5.0,Cat_4,
Female,Yes,50,Yes,Artist,Average,2.0,Cat_6,
Male,No,21,No,Marketing,Low,5.0,Cat_6,1.0
Female,Yes,60,Yes,Artist,High,6.0,Cat_6,8.0
Male,Yes,66,No,Lawyer,Low,,Cat_4,1.0
Male,Yes,63,Yes,Entertainment,Average,4.0,Cat_6,
Female,Yes,31,No,Marketing,Low,2.0,Cat_2,
Male,No,38,Yes,Artist,Low,1.0,Cat_4,2.0
Male,Yes,41,Yes,Marketing,High,2.0,Cat_6,
Female,No,73,Yes,Lawyer,Low,1.0,Cat_6,
Male,Yes,55,Yes,Homemaker,Low,4.0,Cat_6,
Female,No,38,Yes,Artist,Low,1.0,Cat_6,8.0
Female,No,23,No,Healthcare,Low,4.0,Cat_3,1.0
Male,Yes,51,Yes,Artist,Low,1.0,Cat_4,1.0
Male,No,19,No,Healthcare,Low,5.0,Cat_6,1.0
Male,Yes,73,No,Lawyer,Low,1.0,Cat_6,1.0
Female,No,20,No,Healthcare,Low,6.0,Cat_2,4.0
Female,Yes,81,Yes,Lawyer,High,2.0,Cat_6,7.0
Female,Yes,45,No,Doctor,Low,1.0,Cat_6,1.0
Male,Yes,58,Yes,Artist,High,2.0,Cat_6,1.0
Male,No,28,No,Entertainment,Low,,Cat_3,1.0
Male,Yes,47,Yes,Artist,Average,4.0,Cat_6,3.0
Male,Yes,66,Yes,Executive,Low,1.0,Cat_6,
Male,Yes,57,Yes,Artist,Low,1.0,Cat_6,1.0
Female,Yes,50,Yes,Entertainment,Low,3.0,Cat_6,7.0
Female,No,40,Yes,Entertainment,Low,1.0,Cat_3,5.0
Female,No,37,No,Artist,Low,1.0,Cat_6,1.0
Male,Yes,36,No,Entertainment,Average,3.0,Cat_6,
Male,Yes,51,No,Entertainment,Average,4.0,Cat_4,1.0
Female,No,38,Yes,Artist,Low,1.0,Cat_3,
Female,Yes,30,Yes,Doctor,Average,2.0,Cat_3,
Female,Yes,58,Yes,Artist,Low,1.0,Cat_6,6.0
Male,No,23,No,Healthcare,Low,4.0,Cat_4,1.0
Male,Yes,21,No,Healthcare,High,8.0,Cat_4,1.0
Female,Yes,65,Yes,Lawyer,Low,1.0,Cat_6,
Female,Yes,40,No,Entertainment,Low,4.0,Cat_4,
Male,No,33,No,Doctor,Low,4.0,Cat_6,2.0
Male,No,32,Yes,Doctor,Low,5.0,Cat_6,6.0
Male,No,22,No,Artist,Low,3.0,Cat_6,1.0
Female,Yes,81,Yes,Lawyer,High,3.0,Cat_6,1.0
Male,Yes,55,No,Executive,High,4.0,Cat_3,1.0
Female,No,70,Yes,Lawyer,Low,1.0,Cat_6,
Female,Yes,57,Yes,Artist,Low,1.0,Cat_6,
Female,Yes,32,Yes,Homemaker,Low,3.0,Cat_5,
Female,Yes,63,No,Marketing,Average,3.0,Cat_3,
Female,Yes,47,No,Engineer,Average,,Cat_4,8.0
Female,No,31,Yes,Healthcare,Low,1.0,Cat_6,1.0
Male,Yes,72,Yes,Artist,Average,2.0,Cat_6,
Female,No,27,Yes,Healthcare,Low,4.0,Cat_1,3.0
Female,Yes,52,Yes,Artist,Average,2.0,Cat_6,1.0
Female,No,38,Yes,Healthcare,Low,2.0,Cat_6,
Female,,29,No,Healthcare,Low,4.0,Cat_6,1.0
Male,Yes,43,Yes,Artist,Average,2.0,Cat_6,8.0
Male,No,27,No,Healthcare,Low,3.0,,1.0
Female,,29,No,Engineer,High,4.0,Cat_6,
Female,No,26,Yes,Healthcare,Low,1.0,Cat_6,
Male,Yes,38,Yes,Artist,Average,3.0,Cat_6,4.0
Male,Yes,35,Yes,Artist,Average,2.0,Cat_6,1.0
Male,Yes,43,Yes,Artist,Low,2.0,Cat_6,9.0
Male,No,29,Yes,Artist,Low,1.0,Cat_6,3.0
Female,No,33,Yes,Engineer,Low,2.0,Cat_6,
Female,No,20,No,Healthcare,Low,3.0,Cat_1,3.0
Male,No,32,No,Doctor,Low,1.0,Cat_7,5.0
Male,No,28,No,Doctor,Low,1.0,Cat_6,
Male,Yes,46,Yes,Artist,Average,4.0,Cat_2,2.0
Male,Yes,27,No,Entertainment,Average,2.0,Cat_6,14.0
Female,Yes,74,Yes,Lawyer,High,2.0,Cat_6,1.0
Male,Yes,69,No,Doctor,Low,2.0,Cat_6,8.0
Female,Yes,45,Yes,Artist,Average,2.0,,8.0
Male,Yes,38,No,Engineer,High,6.0,Cat_4,
Female,Yes,20,Yes,Lawyer,Average,3.0,Cat_3,1.0
Male,No,37,Yes,Engineer,Low,1.0,Cat_6,9.0
Male,Yes,39,Yes,Entertainment,Low,4.0,Cat_4,1.0
Male,No,19,No,Healthcare,Low,3.0,Cat_6,7.0
Male,No,37,Yes,Artist,Low,1.0,Cat_6,9.0
Female,No,31,Yes,Healthcare,Low,3.0,Cat_2,
Male,No,22,No,Healthcare,Low,5.0,Cat_7,0.0
Male,Yes,61,Yes,Doctor,Low,2.0,Cat_6,3.0
Female,No,26,No,Marketing,Low,4.0,Cat_4,
Female,No,25,No,Artist,Low,3.0,Cat_6,1.0
Female,No,55,Yes,Artist,Low,1.0,Cat_6,3.0
Female,Yes,35,No,Engineer,Average,5.0,Cat_4,2.0
Female,No,50,Yes,Executive,Low,1.0,Cat_6,1.0
Male,No,39,Yes,Entertainment,Low,2.0,Cat_6,1.0
Female,No,27,No,Artist,Low,4.0,Cat_4,
Male,No,29,No,Homemaker,Low,3.0,Cat_3,11.0
Female,No,42,No,Homemaker,Low,1.0,Cat_3,8.0
Female,No,29,Yes,Healthcare,Low,3.0,Cat_4,9.0
Male,Yes,32,Yes,Artist,Low,2.0,Cat_6,1.0
Male,Yes,50,Yes,Executive,High,3.0,Cat_6,4.0
Female,Yes,71,No,Lawyer,High,2.0,Cat_6,1.0
Female,Yes,61,Yes,Artist,Average,3.0,Cat_4,
Female,Yes,78,Yes,Artist,High,2.0,Cat_6,1.0
Female,No,27,No,Homemaker,Low,4.0,Cat_6,
Male,Yes,30,Yes,Entertainment,Low,2.0,Cat_6,
Female,Yes,36,Yes,Artist,Average,3.0,Cat_3,1.0
Male,No,28,Yes,Healthcare,Low,3.0,Cat_6,2.0
Male,Yes,35,Yes,,Low,2.0,Cat_6,
Female,Yes,37,Yes,Artist,Average,3.0,Cat_6,
Female,Yes,52,Yes,Artist,Low,3.0,Cat_2,1.0
Male,Yes,62,Yes,Doctor,Average,4.0,Cat_3,1.0
Male,Yes,48,Yes,Doctor,Average,3.0,Cat_3,
Male,Yes,75,Yes,Lawyer,High,2.0,Cat_6,
Female,Yes,79,Yes,Lawyer,Low,1.0,Cat_6,1.0
Male,Yes,32,No,Entertainment,Low,2.0,Cat_3,2.0
Male,Yes,66,Yes,Artist,Low,3.0,Cat_6,1.0
Female,Yes,47,Yes,Entertainment,Average,2.0,Cat_6,3.0
Male,No,43,Yes,Entertainment,Low,1.0,Cat_6,9.0
Female,Yes,76,Yes,Lawyer,High,2.0,Cat_6,1.0
Male,No,32,No,Doctor,Low,4.0,Cat_6,12.0
Female,Yes,26,No,Marketing,High,3.0,Cat_4,7.0
Male,Yes,27,Yes,Artist,Average,3.0,Cat_6,9.0
Male,Yes,32,Yes,Homemaker,Average,2.0,Cat_3,2.0
Male,No,31,No,Entertainment,Low,1.0,Cat_4,1.0
Male,Yes,50,Yes,Doctor,Average,2.0,Cat_6,
Male,No,46,Yes,Artist,Low,2.0,Cat_6,1.0
Male,Yes,36,Yes,Artist,Average,2.0,Cat_2,1.0
Female,No,33,No,Engineer,Low,4.0,Cat_6,
Male,Yes,58,Yes,Artist,Average,3.0,Cat_7,
Female,Yes,74,Yes,Lawyer,Low,1.0,Cat_6,1.0
Male,No,33,Yes,Entertainment,Low,4.0,Cat_6,
Male,Yes,72,No,Engineer,High,4.0,Cat_4,
Female,Yes,55,Yes,Artist,Average,2.0,Cat_6,2.0
Male,,52,No,Doctor,High,3.0,Cat_6,
Male,No,28,Yes,Artist,Low,1.0,Cat_6,
Female,No,39,Yes,Doctor,Low,1.0,Cat_6,2.0
Male,Yes,25,Yes,Entertainment,Low,2.0,Cat_6,1.0
Female,Yes,50,Yes,Artist,Average,2.0,Cat_6,
Male,Yes,51,Yes,Artist,Average,2.0,Cat_2,
Female,Yes,53,Yes,Artist,Low,1.0,Cat_7,3.0
Male,No,19,No,Healthcare,Low,3.0,Cat_2,0.0
Female,No,48,Yes,Artist,Low,1.0,Cat_7,1.0
Male,No,27,Yes,Healthcare,Low,3.0,Cat_6,1.0
Female,Yes,82,No,Lawyer,Low,1.0,Cat_6,
Male,Yes,40,Yes,Artist,Average,4.0,Cat_3,3.0
Female,Yes,51,Yes,Engineer,High,3.0,Cat_6,1.0
Male,Yes,59,No,Engineer,Average,3.0,Cat_6,1.0
Male,,28,Yes,Engineer,Low,2.0,Cat_4,1.0
Female,No,42,No,Entertainment,Low,3.0,Cat_4,7.0
Female,Yes,40,Yes,Engineer,High,5.0,Cat_2,1.0
Male,No,53,Yes,Artist,Low,1.0,Cat_6,
Female,No,28,No,Healthcare,Low,4.0,Cat_3,
Female,No,32,No,Doctor,Low,4.0,Cat_3,7.0
Male,Yes,52,No,Artist,Low,1.0,Cat_6,7.0
Male,No,20,No,Healthcare,Low,4.0,Cat_4,0.0
Female,No,29,No,Engineer,Low,5.0,Cat_4,
Female,Yes,50,Yes,Artist,High,2.0,Cat_3,
Male,Yes,79,No,Entertainment,Low,1.0,Cat_6,
Male,No,32,No,Doctor,Low,1.0,Cat_6,
Male,Yes,41,No,Executive,High,2.0,Cat_4,1.0
Male,No,22,No,Doctor,Low,4.0,Cat_6,2.0
Male,Yes,43,Yes,Artist,Average,2.0,Cat_6,2.0
Male,Yes,50,Yes,Artist,Average,3.0,Cat_6,1.0
Male,Yes,55,Yes,Entertainment,Average,3.0,Cat_7,1.0
Male,Yes,55,Yes,Entertainment,Average,4.0,Cat_3,
Female,Yes,49,Yes,Artist,High,5.0,Cat_6,3.0
Male,No,30,No,Entertainment,Low,2.0,Cat_4,1.0
Female,Yes,77,No,Lawyer,High,3.0,Cat_6,
Female,No,73,Yes,Artist,Low,1.0,Cat_6,
Male,Yes,57,Yes,Artist,Low,1.0,Cat_3,
Female,Yes,59,Yes,Artist,Average,3.0,Cat_6,
Male,Yes,40,Yes,Artist,Low,2.0,Cat_6,1.0
Female,No,36,Yes,Artist,Low,2.0,Cat_3,8.0
Female,No,23,No,Healthcare,Low,5.0,Cat_2,6.0
Male,Yes,43,Yes,Artist,Average,4.0,Cat_6,
Female,No,40,Yes,Homemaker,Low,1.0,Cat_3,13.0
Female,,85,No,Lawyer,High,1.0,Cat_3,
Male,Yes,59,No,Artist,Average,2.0,Cat_4,2.0
Male,No,40,Yes,Artist,Low,4.0,Cat_3,1.0
Female,Yes,42,No,Engineer,Low,,Cat_6,
Male,Yes,47,Yes,Artist,Low,1.0,Cat_6,
Male,,56,Yes,Artist,Average,2.0,Cat_6,1.0
Female,Yes,56,Yes,Entertainment,Average,3.0,Cat_4,1.0
Female,Yes,40,Yes,Engineer,Average,5.0,Cat_3,
Female,No,26,No,Artist,Low,3.0,Cat_4,
Female,,27,No,Engineer,Low,1.0,Cat_5,1.0
Male,No,32,Yes,Doctor,Low,5.0,Cat_6,4.0
Male,No,26,Yes,Healthcare,Low,3.0,Cat_1,
Male,Yes,50,Yes,Artist,Low,3.0,Cat_6,1.0
Female,Yes,28,No,,Average,3.0,Cat_4,
Female,No,28,No,Marketing,Low,4.0,Cat_3,1.0
Female,No,33,Yes,Engineer,Low,2.0,Cat_4,
Male,Yes,36,Yes,Artist,Average,5.0,Cat_6,
Male,No,31,Yes,Healthcare,Low,4.0,Cat_6,
Male,Yes,51,Yes,Doctor,Average,4.0,Cat_6,1.0
Female,No,42,Yes,Entertainment,Low,7.0,Cat_6,5.0
Female,Yes,84,No,Lawyer,High,2.0,Cat_6,
Female,Yes,68,No,Lawyer,Average,2.0,Cat_6,
Male,Yes,38,Yes,Executive,High,4.0,Cat_6,
Female,No,35,Yes,Artist,Low,3.0,Cat_2,8.0
Female,Yes,52,Yes,Artist,Low,3.0,Cat_6,
Male,Yes,25,No,Doctor,Average,2.0,Cat_4,
Female,Yes,49,Yes,Artist,Low,2.0,,1.0
Male,Yes,40,Yes,Artist,Low,2.0,Cat_6,1.0
Female,No,37,Yes,Artist,Low,2.0,Cat_6,
Male,Yes,70,No,Lawyer,High,2.0,Cat_6,
Male,Yes,40,No,Engineer,Average,5.0,Cat_4,6.0
Male,No,30,Yes,Healthcare,Low,4.0,Cat_6,1.0
Male,Yes,51,Yes,Doctor,Low,3.0,Cat_6,
Male,No,26,No,Doctor,Low,2.0,Cat_6,
Male,Yes,40,No,Executive,High,5.0,Cat_4,8.0
Male,No,32,Yes,Artist,Low,3.0,Cat_6,13.0
Male,No,47,No,Entertainment,Low,1.0,Cat_6,1.0
Male,No,21,No,Healthcare,Low,4.0,Cat_6,0.0
Male,Yes,59,No,Executive,High,3.0,Cat_6,
Male,Yes,27,Yes,Healthcare,High,3.0,Cat_3,2.0
Female,Yes,53,Yes,Artist,Average,5.0,Cat_6,4.0
Male,Yes,51,Yes,Artist,Low,2.0,Cat_6,
Male,No,26,Yes,Homemaker,Low,2.0,Cat_6,8.0
Female,No,41,Yes,Entertainment,Low,,Cat_6,1.0
Male,Yes,69,No,Doctor,Low,1.0,Cat_6,1.0
Male,Yes,52,Yes,Artist,Average,3.0,Cat_6,
Male,No,19,No,Healthcare,Low,,Cat_4,0.0
Male,Yes,70,No,Executive,High,2.0,Cat_6,1.0
Male,No,20,No,Healthcare,Low,3.0,Cat_3,0.0
Female,No,40,No,Engineer,Low,1.0,Cat_6,8.0
Male,Yes,47,No,Executive,High,4.0,Cat_6,
Male,Yes,39,No,Doctor,High,2.0,Cat_6,1.0
Male,Yes,43,Yes,Entertainment,Low,2.0,Cat_6,
Female,Yes,70,Yes,Artist,Average,4.0,Cat_6,1.0
Male,No,45,No,Artist,Low,1.0,Cat_6,2.0
Male,Yes,56,No,Artist,Average,2.0,Cat_6,
Female,Yes,45,Yes,Entertainment,Average,5.0,Cat_3,3.0
Male,Yes,66,No,Entertainment,Average,2.0,Cat_6,
Female,Yes,67,Yes,,Average,2.0,Cat_6,1.0
Male,Yes,27,No,Executive,High,3.0,Cat_6,10.0
Male,Yes,36,No,Executive,High,6.0,Cat_4,1.0
Male,Yes,35,Yes,Artist,Low,3.0,Cat_2,2.0
Male,Yes,51,Yes,Entertainment,Average,2.0,Cat_6,1.0
Male,No,48,Yes,Entertainment,Low,2.0,Cat_6,1.0
Male,Yes,71,No,Executive,Low,3.0,Cat_4,5.0
Female,No,27,No,Healthcare,Low,5.0,Cat_7,
Male,Yes,62,Yes,Artist,Low,1.0,Cat_6,10.0
Female,Yes,68,Yes,Artist,Low,2.0,Cat_6,4.0
Male,Yes,37,No,Engineer,Average,5.0,Cat_4,12.0
Female,Yes,28,Yes,Artist,Low,2.0,Cat_6,8.0
Male,Yes,43,Yes,Artist,Average,3.0,Cat_6,1.0
Male,No,31,No,Doctor,Low,2.0,Cat_4,
Male,Yes,26,Yes,Entertainment,Average,3.0,Cat_3,
Male,Yes,31,Yes,Marketing,High,4.0,Cat_4,13.0
Male,Yes,47,No,Entertainment,Average,4.0,Cat_6,
Female,No,33,Yes,Healthcare,Low,5.0,Cat_6,1.0
Male,No,37,Yes,Doctor,Low,3.0,,
Female,Yes,57,Yes,Artist,High,,Cat_1,
Female,No,31,Yes,Healthcare,Low,2.0,Cat_4,
Male,Yes,65,Yes,Artist,High,2.0,Cat_6,1.0
Female,Yes,53,Yes,Engineer,Average,3.0,Cat_6,1.0
Male,Yes,56,No,Artist,Low,2.0,,
Male,Yes,68,Yes,Lawyer,High,2.0,Cat_6,
Male,No,36,Yes,Artist,Low,1.0,Cat_6,9.0
Female,Yes,46,Yes,Artist,Average,2.0,Cat_1,
Female,No,31,Yes,Healthcare,Low,1.0,Cat_6,1.0
Female,No,28,Yes,Healthcare,Low,4.0,Cat_6,7.0
Male,Yes,51,Yes,Entertainment,Average,4.0,Cat_6,1.0
Male,No,31,No,Healthcare,Low,7.0,Cat_6,
Male,Yes,35,Yes,Artist,Average,4.0,Cat_6,
Female,Yes,60,Yes,Artist,High,2.0,Cat_6,1.0
Male,No,39,No,Entertainment,Low,4.0,Cat_6,
Female,No,32,Yes,Doctor,Low,,Cat_2,7.0
Female,No,49,Yes,Doctor,Low,1.0,Cat_6,
Male,Yes,71,Yes,Executive,High,4.0,Cat_6,1.0
Female,No,28,Yes,Doctor,Low,2.0,Cat_7,12.0
Male,Yes,39,No,Entertainment,Average,5.0,Cat_4,1.0
Male,Yes,33,No,Executive,High,2.0,Cat_6,9.0
Male,No,39,Yes,Entertainment,Low,2.0,Cat_3,9.0
Female,Yes,36,Yes,Executive,High,,Cat_3,
Male,Yes,85,Yes,Executive,High,2.0,Cat_6,
Male,Yes,72,No,Executive,High,2.0,Cat_6,
Female,No,21,No,Healthcare,Low,4.0,Cat_4,6.0
Male,Yes,40,Yes,Artist,Average,5.0,Cat_6,1.0
Female,Yes,47,Yes,Doctor,Average,2.0,Cat_4,1.0
Female,No,21,No,Healthcare,Low,,Cat_6,7.0
Female,Yes,65,No,Engineer,Average,3.0,Cat_6,1.0
Female,Yes,52,Yes,Engineer,Average,3.0,Cat_3,1.0
Male,No,33,No,Marketing,Low,3.0,Cat_4,1.0
Male,Yes,86,No,Lawyer,Low,1.0,Cat_6,13.0
Male,No,31,No,Healthcare,Low,2.0,Cat_5,2.0
Male,Yes,39,Yes,Healthcare,Low,2.0,Cat_6,4.0
Female,No,36,Yes,Artist,Low,1.0,Cat_6,8.0
Male,Yes,37,No,Entertainment,Average,2.0,Cat_6,11.0
Female,No,52,Yes,Artist,Low,1.0,Cat_6,
Male,Yes,27,Yes,Artist,Low,4.0,Cat_6,1.0
Female,No,25,No,Artist,Low,3.0,Cat_6,6.0
Female,No,43,No,Engineer,Low,1.0,Cat_6,
Female,Yes,47,Yes,Artist,Low,2.0,Cat_6,1.0
Female,Yes,42,Yes,Engineer,High,4.0,Cat_6,
Male,Yes,43,No,Artist,High,4.0,Cat_6,7.0
Female,No,25,Yes,Healthcare,Low,5.0,Cat_6,1.0
Male,Yes,71,No,Lawyer,Low,2.0,Cat_4,1.0
Female,No,29,Yes,Artist,Low,1.0,Cat_6,8.0
Male,Yes,48,Yes,Artist,High,4.0,Cat_6,
Female,No,18,No,Marketing,Low,,Cat_3,
Male,No,28,No,Entertainment,Low,3.0,Cat_6,6.0
Female,Yes,36,Yes,Doctor,Low,2.0,Cat_6,13.0
Male,No,33,No,Marketing,Low,5.0,Cat_6,
Female,No,29,Yes,Healthcare,Low,1.0,Cat_7,
Male,No,47,Yes,Artist,Low,1.0,Cat_6,1.0
Male,Yes,43,No,Executive,Low,3.0,Cat_6,8.0
Male,Yes,26,No,Doctor,Low,6.0,Cat_6,9.0
Male,Yes,43,No,Marketing,High,4.0,Cat_4,3.0
Male,Yes,42,Yes,Artist,Average,3.0,Cat_6,
Male,No,29,Yes,Healthcare,Low,1.0,Cat_2,1.0
Male,Yes,53,Yes,Entertainment,High,,Cat_6,1.0
Female,Yes,41,Yes,Engineer,High,3.0,Cat_6,
Male,,60,No,Executive,Average,2.0,Cat_4,6.0
Male,Yes,56,Yes,Artist,Low,2.0,Cat_6,
Female,No,51,Yes,Artist,Low,1.0,Cat_6,
Male,No,28,Yes,Healthcare,Low,4.0,Cat_6,1.0
Female,Yes,25,No,Marketing,High,5.0,Cat_4,
Male,Yes,56,No,,Low,2.0,Cat_4,1.0
Male,No,60,No,Entertainment,Low,1.0,Cat_6,
Female,Yes,89,Yes,Lawyer,High,2.0,Cat_2,1.0
Male,Yes,25,Yes,Entertainment,High,2.0,Cat_3,1.0
Female,Yes,40,Yes,Artist,High,3.0,Cat_6,1.0
Male,Yes,25,,Artist,Low,,Cat_6,8.0
Male,Yes,35,Yes,Artist,High,2.0,Cat_6,1.0
Male,Yes,78,No,Entertainment,Low,2.0,Cat_6,
Female,Yes,45,No,Artist,Low,1.0,Cat_6,6.0
Female,Yes,60,Yes,Doctor,Average,2.0,Cat_6,6.0
Male,Yes,36,Yes,Executive,High,3.0,Cat_6,9.0
Female,No,51,Yes,Entertainment,Low,1.0,Cat_6,1.0
Female,No,35,Yes,Engineer,Low,1.0,Cat_7,2.0
Female,No,26,Yes,Engineer,Low,3.0,Cat_6,
Male,Yes,37,Yes,Entertainment,Low,2.0,Cat_6,7.0
Male,Yes,88,No,Artist,Low,1.0,Cat_6,7.0
Female,No,19,No,Doctor,Low,3.0,Cat_4,0.0
Male,Yes,35,Yes,Artist,Low,1.0,Cat_3,1.0
Female,No,23,No,Healthcare,Low,3.0,Cat_4,1.0
Male,Yes,66,Yes,Executive,Low,2.0,Cat_6,1.0
Male,No,18,No,Doctor,Low,2.0,Cat_6,1.0
Male,Yes,48,Yes,Artist,Average,2.0,Cat_6,7.0
Male,Yes,51,Yes,Artist,Low,3.0,Cat_2,8.0
Female,Yes,58,Yes,Artist,Average,6.0,Cat_2,
Male,Yes,55,Yes,Artist,Low,1.0,Cat_6,
Male,Yes,39,No,Executive,High,3.0,Cat_4,5.0
Male,No,19,No,Healthcare,Low,5.0,Cat_4,
Female,No,41,Yes,Artist,Low,1.0,Cat_6,4.0
Female,Yes,29,Yes,Entertainment,Average,2.0,Cat_6,
Male,No,22,No,Healthcare,Low,4.0,Cat_6,8.0
Female,Yes,49,Yes,Artist,Low,2.0,Cat_6,6.0
Male,No,40,Yes,Artist,Low,2.0,Cat_2,14.0
Female,No,38,No,Engineer,Low,1.0,Cat_4,
Female,,60,No,Engineer,High,2.0,Cat_4,1.0
Female,Yes,46,No,Artist,High,2.0,Cat_6,1.0
Female,Yes,47,Yes,Entertainment,Low,2.0,Cat_4,1.0
Male,Yes,69,Yes,Entertainment,High,3.0,Cat_6,1.0
Male,Yes,69,Yes,Artist,Low,2.0,Cat_6,1.0
Female,Yes,55,Yes,Artist,Average,2.0,Cat_6,1.0
Female,No,21,No,Healthcare,Low,4.0,Cat_1,
Male,No,22,No,Healthcare,Low,5.0,Cat_2,
Male,Yes,28,Yes,Engineer,Average,2.0,Cat_3,9.0
Female,Yes,78,No,Lawyer,High,2.0,Cat_6,
Female,Yes,38,Yes,Artist,Low,1.0,Cat_6,8.0
Female,Yes,61,Yes,Artist,Average,2.0,Cat_4,
Female,Yes,52,No,Engineer,Average,4.0,Cat_2,8.0
Female,No,33,Yes,Healthcare,Low,2.0,Cat_6,7.0
Female,No,25,Yes,Entertainment,Low,1.0,Cat_6,5.0
Female,Yes,49,Yes,Artist,Low,4.0,Cat_6,
Male,Yes,35,Yes,Artist,Average,4.0,Cat_3,1.0
Male,Yes,63,No,Executive,High,3.0,Cat_6,1.0
Male,No,43,Yes,Engineer,Low,1.0,Cat_6,
Male,Yes,56,Yes,Lawyer,Low,3.0,Cat_1,
Male,Yes,76,Yes,Lawyer,Low,1.0,Cat_6,1.0
Male,No,30,Yes,Artist,Low,4.0,Cat_6,5.0
Female,No,41,Yes,Artist,Low,1.0,Cat_6,10.0
Male,Yes,35,Yes,Artist,High,3.0,Cat_6,9.0
Male,Yes,68,Yes,Entertainment,Average,2.0,Cat_6,1.0
Female,No,51,Yes,Artist,Low,2.0,Cat_6,
Male,Yes,88,Yes,Lawyer,Low,1.0,Cat_6,
Female,No,33,Yes,,Low,4.0,,
Male,No,32,Yes,Artist,Low,1.0,Cat_6,1.0
Female,No,25,No,Marketing,Low,5.0,Cat_6,8.0
Female,Yes,43,Yes,Artist,Average,2.0,Cat_6,8.0
Male,Yes,41,No,Executive,Low,3.0,Cat_1,
Female,No,52,Yes,Artist,Low,2.0,,
Female,Yes,35,No,Engineer,High,1.0,Cat_6,
Male,No,20,No,Marketing,Low,4.0,Cat_6,0.0
Female,Yes,52,No,Artist,Average,4.0,Cat_4,
Male,Yes,48,Yes,Artist,Average,2.0,Cat_5,
Female,No,33,Yes,Doctor,Low,3.0,Cat_6,1.0
Male,Yes,56,Yes,Lawyer,High,2.0,Cat_6,1.0
Male,No,47,Yes,Artist,Low,2.0,Cat_6,9.0
Female,Yes,61,Yes,Doctor,Average,2.0,Cat_6,1.0
Male,Yes,32,Yes,Healthcare,Low,2.0,Cat_6,5.0
Male,Yes,89,Yes,Lawyer,Low,1.0,Cat_6,13.0
Female,Yes,66,Yes,Lawyer,High,2.0,Cat_6,1.0
Male,Yes,41,Yes,Artist,Low,2.0,Cat_6,
Male,No,19,No,Healthcare,Low,6.0,Cat_6,1.0
Male,Yes,50,Yes,Entertainment,Average,4.0,Cat_6,
Male,Yes,46,Yes,Artist,Low,1.0,Cat_2,1.0
Male,No,31,No,Healthcare,Low,4.0,Cat_6,
Male,No,32,No,Healthcare,Low,4.0,Cat_6,
Female,No,26,Yes,Doctor,Low,3.0,Cat_6,
Female,No,35,Yes,Healthcare,Low,6.0,Cat_2,3.0
Male,No,21,No,Doctor,Low,3.0,Cat_6,0.0
Male,Yes,37,Yes,,Average,4.0,Cat_6,
Female,Yes,45,Yes,Artist,Average,5.0,Cat_6,
Female,No,29,No,Entertainment,Low,,Cat_4,
Male,Yes,59,Yes,Artist,Average,2.0,Cat_6,3.0
Male,Yes,31,No,Engineer,Average,3.0,Cat_3,5.0
Male,Yes,80,No,Lawyer,Low,1.0,Cat_6,1.0
Female,No,36,No,Engineer,Low,1.0,Cat_6,
Male,,57,Yes,Artist,High,3.0,Cat_6,3.0
Male,Yes,38,Yes,Artist,Average,2.0,Cat_6,9.0
Female,Yes,87,Yes,Lawyer,High,2.0,Cat_6,1.0
Female,Yes,51,Yes,Artist,Average,6.0,Cat_6,1.0
Male,Yes,51,Yes,Doctor,Average,4.0,Cat_6,1.0
Female,No,40,Yes,Entertainment,Low,1.0,Cat_3,
Male,Yes,42,Yes,Doctor,Average,2.0,Cat_1,1.0
Male,Yes,69,No,Entertainment,Low,5.0,Cat_3,
Female,No,36,Yes,Healthcare,Low,,Cat_6,2.0
Male,Yes,33,No,Doctor,Low,4.0,Cat_4,
Female,Yes,36,No,Marketing,Low,4.0,Cat_4,
Female,No,32,Yes,Artist,Low,7.0,Cat_4,6.0
Female,No,36,Yes,Engineer,Low,5.0,Cat_6,9.0
Female,Yes,43,Yes,Doctor,Low,1.0,Cat_6,
Female,No,39,No,Healthcare,Low,3.0,Cat_6,4.0
Female,Yes,46,Yes,Artist,High,5.0,Cat_6,4.0
Female,Yes,76,Yes,Artist,High,2.0,Cat_6,1.0
Female,No,26,Yes,Marketing,Low,2.0,Cat_3,
Female,No,18,No,Healthcare,Low,6.0,Cat_6,7.0
Male,No,47,No,Artist,Low,,Cat_4,1.0
Female,No,31,No,Entertainment,Low,2.0,Cat_6,
Female,,18,No,Healthcare,Average,3.0,Cat_7,1.0
Female,No,33,No,Engineer,Low,3.0,Cat_6,1.0
Female,Yes,25,No,Engineer,Average,5.0,Cat_4,4.0
Male,Yes,26,No,Artist,Low,2.0,Cat_6,
Female,No,33,Yes,Doctor,Low,5.0,Cat_6,
Male,No,39,Yes,Artist,Low,3.0,Cat_6,8.0
Male,Yes,67,Yes,Doctor,Average,4.0,Cat_6,1.0
Male,Yes,37,Yes,Entertainment,Low,,Cat_3,
Male,Yes,61,No,Engineer,Average,3.0,Cat_6,5.0
Male,Yes,51,No,Artist,Low,3.0,Cat_6,
Female,Yes,50,Yes,Artist,Average,2.0,Cat_6,8.0
Female,Yes,74,Yes,Lawyer,High,,Cat_6,1.0
Male,Yes,61,Yes,Artist,Low,1.0,Cat_6,
Male,No,36,Yes,Doctor,Low,1.0,Cat_6,9.0
Male,No,23,No,Doctor,Low,4.0,Cat_2,6.0
Male,Yes,30,No,Engineer,Average,3.0,Cat_4,3.0
Male,No,29,Yes,Healthcare,Low,4.0,Cat_2,1.0
Male,Yes,36,No,Entertainment,Low,2.0,Cat_4,1.0
Female,No,60,Yes,Entertainment,Low,2.0,Cat_6,1.0
Female,Yes,62,,Lawyer,Low,5.0,Cat_6,8.0
Female,No,35,Yes,Healthcare,Low,1.0,Cat_6,9.0
Female,No,32,No,Engineer,Low,4.0,Cat_5,9.0
Female,Yes,61,Yes,Artist,High,2.0,Cat_3,1.0
Female,No,53,Yes,Artist,Low,,Cat_4,3.0
Female,Yes,25,No,Engineer,Average,2.0,Cat_4,
Female,Yes,39,Yes,Healthcare,Low,2.0,Cat_6,4.0
Female,Yes,22,No,Engineer,Average,2.0,Cat_5,8.0
Female,Yes,51,Yes,Marketing,Average,1.0,Cat_3,9.0
Female,No,45,Yes,Artist,Low,1.0,Cat_6,3.0
Male,No,26,No,Doctor,Low,,Cat_6,4.0
Male,Yes,38,Yes,Artist,Average,4.0,Cat_6,
Female,No,43,Yes,Artist,Low,1.0,,2.0
Male,No,33,Yes,Artist,Low,,Cat_5,8.0
Female,No,43,No,Marketing,Low,2.0,Cat_4,
Female,Yes,73,Yes,Lawyer,High,2.0,Cat_6,1.0
Male,Yes,52,Yes,Entertainment,Average,4.0,Cat_6,1.0
Male,No,20,,Healthcare,Low,3.0,Cat_6,0.0
Female,No,26,No,Doctor,Low,1.0,Cat_6,
Female,Yes,37,No,Entertainment,Average,4.0,Cat_4,2.0
Female,Yes,50,Yes,Artist,Low,1.0,Cat_6,1.0
Male,No,27,,Doctor,Low,,Cat_2,
Female,Yes,26,Yes,Artist,Average,2.0,Cat_6,12.0
Female,Yes,70,Yes,Artist,Average,2.0,Cat_6,1.0
Male,Yes,55,Yes,Artist,Average,3.0,Cat_4,
Male,Yes,25,Yes,Artist,Low,4.0,Cat_6,8.0
Male,Yes,39,No,Executive,High,4.0,Cat_6,
Female,Yes,43,Yes,Artist,Low,2.0,Cat_5,1.0
Female,No,30,Yes,Healthcare,Low,5.0,Cat_2,
Male,Yes,72,Yes,Executive,High,2.0,Cat_6,8.0
Female,No,60,Yes,Artist,Low,1.0,Cat_6,6.0
Male,No,26,Yes,Executive,Low,4.0,Cat_6,9.0
Male,,22,No,Healthcare,High,,Cat_3,1.0
Male,Yes,41,Yes,,Average,4.0,Cat_6,1.0
Male,Yes,39,Yes,Healthcare,Low,3.0,Cat_6,1.0
Male,No,37,Yes,Doctor,Low,1.0,Cat_2,
Female,No,25,No,Homemaker,Low,1.0,Cat_2,1.0
Male,Yes,47,Yes,Artist,Average,6.0,Cat_2,1.0
Female,No,47,No,Engineer,Low,,Cat_6,
Male,Yes,42,No,Entertainment,Low,2.0,Cat_4,8.0
Female,Yes,73,Yes,Lawyer,Low,1.0,Cat_6,1.0
Female,Yes,35,No,Entertainment,Low,2.0,Cat_3,10.0
Female,Yes,47,Yes,Artist,Average,2.0,Cat_6,
Male,Yes,60,Yes,Executive,High,3.0,Cat_6,
Female,Yes,70,No,Lawyer,High,2.0,Cat_6,3.0
Male,No,29,No,Doctor,Low,5.0,Cat_2,5.0
Female,No,26,No,Healthcare,Low,8.0,Cat_7,1.0
Female,Yes,42,No,Engineer,Low,1.0,Cat_6,4.0
Female,Yes,49,Yes,Artist,Average,2.0,Cat_6,2.0
Female,Yes,49,Yes,Artist,Average,4.0,Cat_2,
Female,Yes,28,No,Engineer,Low,3.0,Cat_6,6.0
Female,Yes,52,Yes,Artist,Average,3.0,Cat_7,
Male,Yes,81,No,Executive,High,2.0,Cat_6,
Male,Yes,41,No,Artist,Average,3.0,Cat_6,2.0
Female,Yes,56,Yes,Artist,Low,1.0,Cat_6,
Male,No,18,No,Healthcare,Low,1.0,Cat_4,11.0
Male,No,25,No,Entertainment,Low,2.0,Cat_4,8.0
Male,Yes,50,Yes,Artist,Average,4.0,Cat_3,4.0
Male,Yes,59,Yes,Artist,Average,4.0,Cat_6,
Female,Yes,52,Yes,Engineer,Average,5.0,Cat_4,1.0
Male,Yes,50,Yes,Entertainment,Average,3.0,Cat_6,1.0
Female,No,21,No,,Low,4.0,Cat_6,1.0
Male,Yes,66,Yes,Entertainment,Average,2.0,Cat_6,
Male,Yes,82,Yes,Lawyer,High,2.0,Cat_6,
Female,Yes,42,No,Entertainment,Low,6.0,Cat_3,1.0
Female,No,51,No,Engineer,Low,6.0,Cat_4,8.0
Female,Yes,30,No,Engineer,Average,3.0,Cat_4,
Female,Yes,83,Yes,Lawyer,Low,1.0,Cat_6,1.0
Female,Yes,72,Yes,Lawyer,High,,Cat_6,1.0
Male,No,33,Yes,Healthcare,Low,1.0,Cat_6,4.0
Female,Yes,45,Yes,Artist,High,4.0,Cat_6,4.0
Male,Yes,88,No,Lawyer,Low,1.0,,1.0
Male,Yes,41,Yes,Artist,Low,4.0,Cat_6,4.0
Male,Yes,78,No,Lawyer,High,2.0,Cat_6,
Female,No,53,No,Lawyer,Low,3.0,Cat_6,1.0
Male,Yes,56,Yes,Entertainment,Average,2.0,Cat_6,
Male,Yes,53,Yes,Executive,High,3.0,Cat_6,
Male,Yes,50,No,Artist,Average,3.0,Cat_6,1.0
Male,Yes,50,Yes,Doctor,Average,3.0,Cat_2,
Male,No,19,No,Artist,Low,7.0,Cat_7,9.0
Male,No,25,Yes,Artist,Low,1.0,Cat_6,2.0
Female,No,31,Yes,Engineer,Low,3.0,Cat_6,9.0
Male,No,18,No,Healthcare,Low,3.0,Cat_3,
Male,No,20,No,Healthcare,Low,4.0,Cat_6,0.0
Male,No,19,No,Healthcare,Low,4.0,Cat_6,2.0
Female,Yes,47,Yes,Marketing,Low,1.0,Cat_6,1.0
Male,Yes,47,Yes,Executive,High,4.0,Cat_6,1.0
Female,Yes,53,Yes,Artist,Average,2.0,Cat_7,1.0
Male,No,26,No,Healthcare,Low,3.0,Cat_6,
Male,No,48,Yes,Engineer,Low,1.0,Cat_2,
Male,Yes,51,Yes,Artist,Low,2.0,Cat_6,1.0
Male,No,69,No,Engineer,Low,,Cat_4,1.0
Male,No,52,Yes,Artist,Low,1.0,Cat_6,3.0
Female,No,21,No,Doctor,Low,,Cat_6,
Male,No,26,Yes,Artist,Low,1.0,Cat_1,5.0
Male,No,33,No,Executive,Low,2.0,Cat_6,5.0
Male,No,22,No,Healthcare,Low,3.0,Cat_6,
Male,No,18,No,Healthcare,Low,8.0,Cat_6,0.0
Female,Yes,63,Yes,Entertainment,Average,4.0,Cat_6,
Male,Yes,52,Yes,Executive,High,4.0,Cat_6,
Male,Yes,46,No,Entertainment,Low,1.0,Cat_3,8.0
Male,Yes,55,Yes,Artist,Average,2.0,Cat_6,1.0
Male,Yes,29,No,Doctor,High,2.0,Cat_3,
Male,Yes,72,No,Entertainment,Average,,Cat_1,
Female,No,28,Yes,Doctor,Low,3.0,Cat_3,
Female,Yes,67,No,Lawyer,High,4.0,Cat_4,1.0
Male,Yes,78,Yes,Lawyer,Low,1.0,Cat_6,1.0
Male,No,40,No,Entertainment,Low,1.0,Cat_4,1.0
Female,No,27,No,Healthcare,Low,2.0,Cat_6,9.0
Male,Yes,72,No,Artist,Low,1.0,Cat_6,1.0
Male,Yes,35,No,Entertainment,Low,,Cat_4,1.0
Male,,36,Yes,Healthcare,High,2.0,Cat_4,8.0
Female,No,18,No,Healthcare,Low,3.0,Cat_6,1.0
Female,No,37,Yes,Artist,Low,2.0,Cat_6,
Male,Yes,37,Yes,Entertainment,Average,2.0,Cat_6,8.0
Male,Yes,58,Yes,Artist,Average,3.0,Cat_3,
Female,Yes,46,,Marketing,Low,1.0,Cat_4,
Female,Yes,68,No,Lawyer,Low,2.0,Cat_4,1.0
Female,No,31,Yes,Healthcare,Low,4.0,Cat_2,1.0
Male,No,27,No,Entertainment,Low,3.0,Cat_4,1.0
Female,No,32,Yes,Artist,Low,3.0,Cat_6,
Female,Yes,40,No,Homemaker,Average,2.0,Cat_6,2.0
Female,No,28,Yes,Healthcare,Low,2.0,Cat_3,
Female,No,23,No,Healthcare,Low,,Cat_6,
Male,Yes,76,Yes,Lawyer,Low,1.0,Cat_6,1.0
Male,Yes,52,Yes,Artist,Average,2.0,Cat_6,6.0
Male,Yes,39,Yes,Entertainment,Average,3.0,Cat_3,1.0
Male,,35,Yes,Artist,Average,2.0,Cat_6,3.0
Female,Yes,50,Yes,Artist,Average,3.0,Cat_6,1.0
Female,No,41,Yes,Artist,Low,,Cat_3,2.0
Male,No,25,Yes,Marketing,Low,3.0,Cat_6,8.0
Male,No,31,No,Healthcare,Low,6.0,Cat_6,1.0
Male,Yes,66,Yes,Artist,Average,3.0,Cat_6,
Male,Yes,40,Yes,Artist,Average,4.0,Cat_6,
Female,Yes,73,Yes,Artist,Average,2.0,Cat_6,
Female,No,35,Yes,Artist,Low,1.0,Cat_6,5.0
Male,Yes,81,Yes,Executive,High,3.0,Cat_6,1.0
Male,Yes,76,No,Lawyer,Low,1.0,Cat_6,
Male,Yes,42,Yes,Entertainment,Low,2.0,Cat_6,9.0
Female,No,26,No,Engineer,Low,2.0,Cat_6,
Female,No,41,Yes,Engineer,Low,1.0,Cat_6,
Female,No,23,No,Healthcare,Low,4.0,Cat_6,9.0
Male,Yes,46,No,Artist,Average,4.0,Cat_3,
Female,No,36,Yes,Healthcare,Low,3.0,Cat_2,6.0
Female,Yes,50,No,Engineer,Average,4.0,Cat_2,
Female,Yes,72,Yes,Lawyer,High,2.0,Cat_6,
Female,Yes,74,No,Lawyer,High,2.0,Cat_6,1.0
Female,No,42,Yes,Artist,Low,3.0,Cat_6,
Female,,40,Yes,Homemaker,Low,1.0,Cat_3,4.0
Female,Yes,36,No,Engineer,Low,3.0,Cat_4,1.0
Male,Yes,41,Yes,Executive,Average,3.0,Cat_6,1.0
Male,Yes,67,Yes,Marketing,Low,2.0,Cat_7,1.0
Female,No,43,Yes,Healthcare,Low,2.0,Cat_4,1.0
Male,Yes,41,,Executive,High,2.0,Cat_3,6.0
Male,Yes,53,Yes,Artist,Average,3.0,Cat_6,1.0
Female,No,25,No,Healthcare,Low,8.0,Cat_7,
Male,Yes,51,No,Engineer,Average,3.0,Cat_6,
Female,No,36,Yes,Entertainment,Low,2.0,Cat_6,10.0
Male,Yes,36,Yes,Artist,Average,2.0,Cat_7,
Female,No,35,Yes,Artist,Low,1.0,Cat_6,10.0
Male,No,35,No,Executive,Low,4.0,Cat_4,3.0
Female,Yes,52,Yes,Artist,Average,2.0,Cat_6,
Female,Yes,38,Yes,Artist,Low,2.0,Cat_7,3.0
Male,No,31,Yes,Artist,Low,3.0,Cat_6,1.0
Male,Yes,36,Yes,Executive,High,2.0,Cat_6,6.0
Male,No,21,No,Healthcare,Low,6.0,Cat_3,0.0
Female,No,38,No,Artist,Low,2.0,Cat_4,13.0
Male,Yes,50,Yes,Artist,Average,2.0,Cat_6,7.0
Male,Yes,50,Yes,Artist,Low,1.0,Cat_6,1.0
Female,No,33,No,Doctor,Low,8.0,Cat_4,1.0
Male,No,40,Yes,Healthcare,Low,3.0,Cat_2,8.0
Female,No,27,Yes,Healthcare,Low,4.0,Cat_6,
Female,,39,Yes,Doctor,Low,,Cat_2,5.0
Female,Yes,73,No,Lawyer,High,2.0,Cat_6,1.0
Male,Yes,57,Yes,Artist,Low,1.0,Cat_6,
Male,Yes,38,No,Executive,High,5.0,Cat_6,
Male,Yes,58,Yes,Artist,Low,1.0,Cat_6,9.0
Male,Yes,85,No,Lawyer,Low,1.0,Cat_6,
Female,No,25,No,Doctor,Low,4.0,Cat_4,
Female,Yes,29,No,Engineer,High,2.0,Cat_6,
Male,Yes,52,Yes,Entertainment,Average,3.0,Cat_4,1.0
Male,No,18,No,Healthcare,Low,,Cat_6,14.0
Male,Yes,49,Yes,Artist,Average,4.0,Cat_6,1.0
Male,No,31,Yes,Artist,Low,4.0,Cat_7,1.0
Female,Yes,39,Yes,Artist,Average,4.0,Cat_6,1.0
Female,No,45,Yes,Artist,Low,1.0,Cat_3,4.0
Female,Yes,48,Yes,Artist,Average,2.0,Cat_6,
Female,Yes,40,Yes,Artist,Average,2.0,Cat_6,2.0
Male,Yes,33,No,Homemaker,Average,2.0,Cat_6,9.0
Male,No,39,Yes,Entertainment,Low,2.0,Cat_6,9.0
Male,Yes,67,Yes,Homemaker,Average,2.0,Cat_2,1.0
Male,No,32,No,Healthcare,Low,4.0,,8.0
Male,Yes,52,Yes,Artist,Low,3.0,Cat_3,2.0
Female,No,33,Yes,Healthcare,Low,3.0,Cat_6,1.0
Male,No,32,No,Doctor,Low,2.0,Cat_6,10.0
Male,Yes,84,,Lawyer,Low,1.0,Cat_6,1.0
Male,No,23,No,Doctor,Low,4.0,Cat_6,
Male,Yes,26,No,Doctor,Average,2.0,Cat_6,9.0
Female,Yes,88,Yes,Lawyer,Low,1.0,Cat_6,
Female,No,27,Yes,Artist,Low,8.0,Cat_4,
Male,No,28,Yes,Artist,Low,6.0,Cat_4,4.0
Female,Yes,43,Yes,Artist,Average,2.0,Cat_6,4.0
Male,No,38,Yes,Doctor,Low,3.0,Cat_6,
Male,Yes,57,Yes,Entertainment,Average,5.0,Cat_2,8.0
Female,Yes,38,Yes,Artist,Average,2.0,Cat_6,9.0
Female,Yes,79,Yes,Lawyer,High,3.0,Cat_6,14.0
Female,No,31,Yes,Healthcare,Low,4.0,Cat_6,
Female,No,28,Yes,Marketing,Low,3.0,Cat_6,2.0
Male,Yes,28,Yes,Artist,Average,2.0,Cat_6,1.0
Female,,27,Yes,Healthcare,Low,6.0,Cat_6,1.0
Male,No,50,No,Doctor,Low,3.0,Cat_6,9.0
Female,Yes,29,No,Homemaker,High,3.0,Cat_3,
Female,No,29,No,Healthcare,Low,3.0,Cat_6,
Male,No,19,No,Healthcare,Low,4.0,Cat_6,
Female,Yes,83,Yes,Lawyer,High,2.0,Cat_6,1.0
Female,No,30,No,Homemaker,Low,9.0,Cat_4,8.0
Female,Yes,68,No,Marketing,Low,2.0,Cat_6,
Female,No,40,Yes,Artist,Low,1.0,Cat_6,6.0
Male,Yes,65,Yes,Artist,Average,2.0,Cat_6,
Male,Yes,60,Yes,Entertainment,Average,3.0,Cat_6,1.0
Male,No,23,No,Healthcare,Low,5.0,Cat_3,1.0
Male,No,47,No,Entertainment,Low,1.0,Cat_4,1.0
Female,No,27,Yes,Healthcare,Low,4.0,Cat_6,
Female,No,51,Yes,Entertainment,Low,1.0,Cat_6,4.0
Female,No,21,No,Healthcare,Low,2.0,Cat_4,3.0
Male,No,22,No,Healthcare,Low,4.0,Cat_6,9.0
Female,Yes,68,No,Lawyer,Low,1.0,Cat_6,1.0
Female,Yes,73,Yes,Artist,Average,3.0,Cat_3,
Female,No,32,Yes,Doctor,Low,3.0,Cat_6,
Male,Yes,61,Yes,Entertainment,Average,2.0,Cat_5,4.0
Female,Yes,71,Yes,Lawyer,Low,1.0,Cat_3,1.0
Male,Yes,26,No,Artist,Low,4.0,Cat_4,7.0
Female,Yes,45,Yes,Artist,Average,2.0,Cat_6,
Female,Yes,72,Yes,Doctor,High,2.0,Cat_6,
Male,No,19,No,Healthcare,Low,3.0,Cat_2,0.0
Male,No,43,Yes,Artist,Low,4.0,Cat_6,
Female,Yes,83,No,Lawyer,Low,2.0,Cat_6,
Female,Yes,33,No,Homemaker,Average,4.0,Cat_4,8.0
Female,Yes,42,No,Doctor,Low,1.0,Cat_6,1.0
Male,Yes,49,Yes,Artist,Average,3.0,Cat_6,1.0
Male,No,33,No,Engineer,Low,3.0,Cat_4,1.0
Female,,63,Yes,Artist,Average,2.0,Cat_6,
Male,No,23,No,Healthcare,Low,5.0,Cat_4,1.0
Female,Yes,37,Yes,Entertainment,Average,2.0,Cat_3,5.0
Female,Yes,47,Yes,Artist,Low,3.0,Cat_6,
Female,No,28,Yes,Artist,Low,2.0,Cat_6,
Female,Yes,48,Yes,Entertainment,Low,1.0,Cat_1,2.0
Male,Yes,45,No,Entertainment,Average,3.0,Cat_6,1.0
Female,Yes,78,No,Lawyer,High,3.0,Cat_6,
Female,No,48,Yes,Artist,Low,1.0,Cat_6,6.0
Female,Yes,62,Yes,Artist,Low,1.0,Cat_6,9.0
Female,No,41,Yes,Healthcare,Low,3.0,Cat_6,
Female,No,21,No,Healthcare,Low,4.0,Cat_3,9.0
Female,Yes,37,Yes,Homemaker,High,2.0,Cat_6,
Male,Yes,61,Yes,Artist,Average,2.0,Cat_6,2.0
Male,Yes,32,Yes,Healthcare,Low,2.0,Cat_6,6.0
Female,Yes,35,Yes,Artist,Low,2.0,Cat_4,1.0
Female,No,25,No,Marketing,Low,9.0,Cat_5,1.0
Female,Yes,42,No,Homemaker,Average,4.0,Cat_6,3.0
Male,No,30,No,Executive,Low,4.0,Cat_3,13.0
Female,,33,No,Engineer,High,5.0,Cat_4,7.0
Male,No,41,No,Entertainment,Low,2.0,Cat_6,
Female,No,32,Yes,Entertainment,Low,5.0,Cat_6,1.0
Male,,48,Yes,Executive,High,5.0,Cat_6,
Male,Yes,41,Yes,Artist,High,2.0,Cat_6,11.0
Male,No,26,Yes,Artist,Low,5.0,Cat_6,10.0
Male,Yes,42,Yes,Artist,Low,3.0,Cat_6,6.0
Male,No,30,Yes,Healthcare,Low,1.0,Cat_6,9.0
Female,Yes,36,Yes,Engineer,Low,1.0,Cat_3,
Male,Yes,29,No,Executive,High,2.0,Cat_6,1.0
Male,No,31,No,Entertainment,Low,3.0,Cat_6,
Male,No,32,Yes,Healthcare,Low,,Cat_6,8.0
Male,Yes,51,Yes,Engineer,Low,2.0,Cat_4,
Male,Yes,50,Yes,Artist,Low,3.0,Cat_6,
Male,No,27,Yes,Artist,Low,1.0,Cat_2,3.0
Male,No,19,No,Executive,Low,3.0,Cat_7,13.0
Male,Yes,63,Yes,Entertainment,Low,1.0,Cat_6,1.0
Female,Yes,51,Yes,Artist,Average,2.0,Cat_6,1.0
Female,No,30,Yes,,Low,2.0,Cat_6,8.0
Male,Yes,46,No,Entertainment,High,3.0,Cat_6,1.0
Male,Yes,63,No,Executive,High,4.0,Cat_6,
Female,No,36,Yes,Artist,Low,,Cat_6,5.0
Male,No,30,No,Doctor,Low,4.0,Cat_3,1.0
Female,Yes,60,Yes,Lawyer,Low,2.0,Cat_6,
Female,No,23,No,Healthcare,Low,3.0,Cat_4,
Female,Yes,43,No,Engineer,Low,3.0,Cat_7,1.0
Female,Yes,82,No,Lawyer,High,2.0,Cat_6,
Male,Yes,60,Yes,Artist,Average,2.0,Cat_6,
Female,Yes,40,Yes,Doctor,Low,2.0,Cat_6,
Female,Yes,38,Yes,Artist,Average,2.0,Cat_6,5.0
Male,No,29,No,Healthcare,Low,6.0,Cat_6,1.0
Male,Yes,55,Yes,Entertainment,Average,2.0,Cat_6,2.0
Female,No,26,Yes,Artist,Low,2.0,Cat_6,13.0
Female,Yes,42,No,Artist,High,4.0,Cat_6,1.0
Male,No,47,Yes,Artist,Low,1.0,Cat_6,
Male,Yes,67,Yes,Lawyer,High,2.0,Cat_6,1.0
Female,Yes,82,Yes,Lawyer,High,2.0,Cat_6,
Female,Yes,70,Yes,Engineer,Low,1.0,Cat_6,
Male,Yes,83,Yes,Lawyer,Low,2.0,Cat_6,
Male,Yes,65,No,Engineer,High,2.0,Cat_6,1.0
Female,No,26,Yes,Healthcare,Low,2.0,Cat_6,1.0
Male,No,32,Yes,Artist,Low,2.0,Cat_6,1.0
Male,No,30,Yes,Healthcare,Low,6.0,Cat_7,3.0
Female,Yes,70,Yes,Artist,Average,2.0,Cat_6,1.0
Female,No,37,Yes,Artist,Low,2.0,Cat_6,1.0
Male,Yes,66,Yes,Artist,Low,5.0,Cat_6,
Male,Yes,40,No,Entertainment,Average,3.0,Cat_6,14.0
Male,No,41,Yes,Artist,Low,2.0,Cat_3,
Male,No,30,Yes,Artist,Low,4.0,Cat_6,
Male,No,32,No,Healthcare,Low,5.0,Cat_6,
Male,Yes,51,Yes,Executive,High,3.0,Cat_6,4.0
Female,Yes,67,Yes,Artist,Average,2.0,Cat_6,1.0
Male,Yes,59,Yes,Artist,Low,2.0,Cat_6,7.0
Male,No,38,Yes,,Low,2.0,Cat_2,3.0
Male,No,21,No,Healthcare,Low,4.0,Cat_6,0.0
Female,No,30,Yes,Healthcare,Low,,Cat_6,13.0
Female,Yes,89,No,Lawyer,High,2.0,Cat_6,1.0
Male,No,27,Yes,Healthcare,Low,5.0,Cat_6,1.0
Male,Yes,62,Yes,Artist,High,2.0,Cat_6,1.0
Female,No,49,Yes,Artist,Low,1.0,Cat_6,1.0
Female,No,36,Yes,Artist,Low,1.0,Cat_4,1.0
Female,No,31,No,Homemaker,Low,1.0,Cat_4,8.0
Male,Yes,47,Yes,Artist,Average,2.0,Cat_6,
Male,Yes,60,Yes,Executive,High,3.0,Cat_6,4.0
Female,No,25,Yes,Healthcare,Low,5.0,Cat_4,3.0
Female,No,41,Yes,Artist,Low,4.0,Cat_2,
Female,Yes,37,Yes,Engineer,Average,3.0,Cat_6,
Female,Yes,84,Yes,Lawyer,Low,1.0,Cat_6,1.0
Male,No,25,No,Executive,Low,3.0,Cat_6,12.0
Male,No,47,Yes,Marketing,Low,1.0,Cat_6,1.0
Male,No,18,No,Healthcare,Low,5.0,Cat_4,1.0
Female,Yes,30,No,Homemaker,Average,2.0,Cat_3,
Female,Yes,73,Yes,Lawyer,High,2.0,Cat_6,1.0
Male,Yes,30,No,Entertainment,Low,2.0,Cat_5,11.0
Male,No,63,Yes,Artist,Low,1.0,Cat_6,4.0
Male,Yes,52,Yes,Artist,Average,4.0,Cat_6,1.0
Male,Yes,46,Yes,Artist,Average,5.0,Cat_2,1.0
Female,Yes,37,Yes,Artist,Low,4.0,Cat_5,4.0
Male,No,36,Yes,Artist,Low,2.0,Cat_2,
Male,No,19,No,Healthcare,Low,4.0,Cat_2,0.0
Male,Yes,73,Yes,Executive,High,2.0,Cat_6,11.0
Female,Yes,52,No,Engineer,Low,,Cat_4,
Male,No,31,Yes,Healthcare,Low,4.0,Cat_6,
Female,Yes,32,No,Engineer,Low,4.0,Cat_6,9.0
Female,Yes,35,No,Engineer,High,4.0,Cat_4,2.0
Male,Yes,41,No,Artist,Average,2.0,Cat_6,
Male,Yes,39,Yes,Doctor,High,3.0,Cat_6,
Male,Yes,29,Yes,Healthcare,Average,2.0,Cat_2,2.0
Female,No,29,No,Healthcare,Low,3.0,Cat_6,
Male,Yes,86,Yes,Lawyer,High,2.0,Cat_6,1.0
Male,Yes,89,No,Lawyer,Low,1.0,Cat_6,
Female,Yes,55,Yes,Artist,Average,4.0,Cat_6,1.0
Male,No,30,Yes,Healthcare,Low,3.0,Cat_6,1.0
Female,No,51,Yes,Doctor,Low,3.0,Cat_6,
Female,No,28,No,Healthcare,Low,2.0,Cat_6,1.0
Female,Yes,50,No,Artist,Average,5.0,Cat_4,
Male,Yes,33,Yes,Artist,Average,2.0,Cat_6,
Female,Yes,46,Yes,Artist,High,4.0,Cat_6,
Female,No,27,No,Homemaker,Low,1.0,Cat_6,8.0
Male,No,37,Yes,Healthcare,Low,2.0,Cat_6,
Female,No,27,No,Engineer,Low,6.0,Cat_4,6.0
Male,No,26,No,Artist,Low,2.0,Cat_6,
Female,No,37,Yes,Doctor,Low,3.0,Cat_6,
