user_id,item_id,score,rank
12349.0,22841,0.000113979719239789,1
12349.0,85123A,0.0,2
12349.0,22423,0.0,3
12349.0,47566,0.0,4
12349.0,85099B,0.0,5
12349.0,20725,0.0,6
12349.0,84879,0.0,7
12349.0,22720,0.0,8
12349.0,22383,0.0,9
12349.0,21212,0.0,10
12349.0,20727,0.0,11
12349.0,20728,0.0,12
12349.0,22384,0.0,13
12349.0,23298,0.0,14
12349.0,POST,0.0,15
12349.0,22457,0.0,16
12349.0,22382,0.0,17
12349.0,22960,0.0,18
12349.0,22961,0.0,19
12349.0,22469,0.0,20
12362.0,22423,1.0,1
12362.0,47566,1.0,2
12362.0,85099B,1.0,3
12362.0,20725,1.0,4
12362.0,22383,1.0,5
12362.0,20728,1.0,6
12362.0,POST,1.0,7
12362.0,22382,1.0,8
12362.0,23206,1.0,9
12362.0,20726,1.0,10
12362.0,23209,1.0,11
12362.0,22699,1.0,12
12362.0,22727,1.0,13
12362.0,20914,1.0,14
12362.0,22629,1.0,15
12362.0,22090,1.0,16
12362.0,22722,1.0,17
12362.0,22139,1.0,18
12362.0,22138,1.0,19
12362.0,22726,1.0,20
12364.0,47566,1.0,1
12364.0,21212,1.0,2
12364.0,23298,1.0,3
12364.0,POST,1.0,4
12364.0,21080,1.0,5
12364.0,22090,1.0,6
12364.0,21977,1.0,7
12364.0,84991,1.0,8
12364.0,21843,1.0,9
12364.0,21213,1.0,10
12364.0,21094,1.0,11
12364.0,23307,1.0,12
12364.0,21121,1.0,13
12364.0,21122,1.0,14
12364.0,22951,1.0,15
12364.0,21086,1.0,16
12364.0,21976,1.0,17
12364.0,22333,1.0,18
12364.0,21124,1.0,19
12364.0,23308,1.0,20
12367.0,22841,0.000113979719239789,1
12367.0,85123A,0.0,2
12367.0,22423,0.0,3
12367.0,47566,0.0,4
12367.0,85099B,0.0,5
12367.0,20725,0.0,6
12367.0,84879,0.0,7
12367.0,22720,0.0,8
12367.0,22383,0.0,9
12367.0,21212,0.0,10
12367.0,20727,0.0,11
12367.0,20728,0.0,12
12367.0,22384,0.0,13
12367.0,23298,0.0,14
12367.0,POST,0.0,15
12367.0,22457,0.0,16
12367.0,22382,0.0,17
12367.0,22960,0.0,18
12367.0,22961,0.0,19
12367.0,22469,0.0,20
12375.0,POST,1.0,1
12375.0,23203,1.0,2
12375.0,21929,1.0,3
12375.0,22355,1.0,4
12375.0,20719,1.0,5
12375.0,22356,1.0,6
12375.0,84997D,1.0,7
12375.0,20713,1.0,8
12375.0,23200,1.0,9
12375.0,20749,1.0,10
12375.0,84997C,1.0,11
12375.0,22841,0.000113979719239789,12
12375.0,85123A,0.0,13
12375.0,22423,0.0,14
12375.0,47566,0.0,15
12375.0,85099B,0.0,16
12375.0,20725,0.0,17
12375.0,84879,0.0,18
12375.0,22720,0.0,19
12375.0,22383,0.0,20
12398.0,22841,0.000113979719239789,1
12398.0,85123A,0.0,2
12398.0,22423,0.0,3
12398.0,47566,0.0,4
12398.0,85099B,0.0,5
12398.0,20725,0.0,6
12398.0,84879,0.0,7
12398.0,22720,0.0,8
12398.0,22383,0.0,9
12398.0,21212,0.0,10
12398.0,20727,0.0,11
12398.0,20728,0.0,12
12398.0,22384,0.0,13
12398.0,23298,0.0,14
12398.0,POST,0.0,15
12398.0,22457,0.0,16
12398.0,22382,0.0,17
12398.0,22960,0.0,18
12398.0,22961,0.0,19
12398.0,22469,0.0,20
12421.0,POST,1.0,1
12421.0,84991,1.0,2
12421.0,21232,1.0,3
12421.0,21733,1.0,4
12421.0,21932,1.0,5
12421.0,21933,1.0,6
12421.0,21314,1.0,7
12421.0,22983,1.0,8
12421.0,22646,1.0,9
12421.0,22088,1.0,10
12421.0,72741,1.0,11
12421.0,21519,1.0,12
12421.0,37446,1.0,13
12421.0,85206A,1.0,14
12421.0,22224,1.0,15
12421.0,47567B,1.0,16
12421.0,22066,1.0,17
12421.0,22026,1.0,18
12421.0,22841,0.000113979719239789,19
12421.0,85123A,0.0,20
12427.0,23298,1.0,1
12427.0,POST,1.0,2
12427.0,22077,1.0,3
12427.0,22149,1.0,4
12427.0,22367,1.0,5
12427.0,23240,1.0,6
12427.0,22898,1.0,7
12427.0,22634,1.0,8
12427.0,22301,1.0,9
12427.0,22636,1.0,10
12427.0,22972,1.0,11
12427.0,22975,1.0,12
12427.0,22300,1.0,13
12427.0,22976,1.0,14
12427.0,23080,1.0,15
12427.0,22973,1.0,16
12427.0,21328,1.0,17
12427.0,21329,1.0,18
12427.0,22841,0.0020706171228045667,19
12427.0,85123A,0.0,20
12429.0,22423,1.0,1
12429.0,47566,1.0,2
12429.0,84879,1.0,3
12429.0,21212,1.0,4
12429.0,POST,1.0,5
12429.0,22960,1.0,6
12429.0,22993,1.0,7
12429.0,23206,1.0,8
12429.0,23209,1.0,9
12429.0,22727,1.0,10
12429.0,21977,1.0,11
12429.0,22726,1.0,12
12429.0,22326,1.0,13
12429.0,23245,1.0,14
12429.0,22467,1.0,15
12429.0,22728,1.0,16
12429.0,22328,1.0,17
12429.0,22729,1.0,18
12429.0,22730,1.0,19
12429.0,82582,1.0,20
12431.0,22423,1.0,1
12431.0,85099B,1.0,2
12431.0,20725,1.0,3
12431.0,22383,1.0,4
12431.0,23298,1.0,5
12431.0,POST,1.0,6
12431.0,22382,1.0,7
12431.0,23206,1.0,8
12431.0,20726,1.0,9
12431.0,22699,1.0,10
12431.0,21080,1.0,11
12431.0,21931,1.0,12
12431.0,22727,1.0,13
12431.0,22411,1.0,14
12431.0,22697,1.0,15
12431.0,22629,1.0,16
12431.0,22090,1.0,17
12431.0,20724,1.0,18
12431.0,84978,1.0,19
12431.0,22138,1.0,20
12456.0,22423,1.0,1
12456.0,84879,1.0,2
12456.0,POST,1.0,3
12456.0,22961,1.0,4
12456.0,22699,1.0,5
12456.0,22697,1.0,6
12456.0,22077,1.0,7
12456.0,82484,1.0,8
12456.0,20685,1.0,9
12456.0,22427,1.0,10
12456.0,82486,1.0,11
12456.0,22698,1.0,12
12456.0,23245,1.0,13
12456.0,22467,1.0,14
12456.0,22554,1.0,15
12456.0,22551,1.0,16
12456.0,21915,1.0,17
12456.0,84997D,1.0,18
12456.0,84836,1.0,19
12456.0,84077,1.0,20
12462.0,85123A,1.0,1
12462.0,22423,1.0,2
12462.0,POST,1.0,3
12462.0,22178,1.0,4
12462.0,21232,1.0,5
12462.0,48138,1.0,6
12462.0,84946,1.0,7
12462.0,21231,1.0,8
12462.0,20749,1.0,9
12462.0,71053,1.0,10
12462.0,22784,1.0,11
12462.0,21217,1.0,12
12462.0,21078,1.0,13
12462.0,84945,1.0,14
12462.0,47559B,1.0,15
12462.0,22508,1.0,16
12462.0,22645,1.0,17
12462.0,22791,1.0,18
12462.0,48111,1.0,19
12462.0,37449,1.0,20
12475.0,22841,0.000113979719239789,1
12475.0,85123A,0.0,2
12475.0,22423,0.0,3
12475.0,47566,0.0,4
12475.0,85099B,0.0,5
12475.0,20725,0.0,6
12475.0,84879,0.0,7
12475.0,22720,0.0,8
12475.0,22383,0.0,9
12475.0,21212,0.0,10
12475.0,20727,0.0,11
12475.0,20728,0.0,12
12475.0,22384,0.0,13
12475.0,23298,0.0,14
12475.0,POST,0.0,15
12475.0,22457,0.0,16
12475.0,22382,0.0,17
12475.0,22960,0.0,18
12475.0,22961,0.0,19
12475.0,22469,0.0,20
12477.0,85099B,1.0,1
12477.0,22720,1.0,2
12477.0,21212,1.0,3
12477.0,82482,1.0,4
12477.0,22722,1.0,5
12477.0,23199,1.0,6
12477.0,22077,1.0,7
12477.0,20685,1.0,8
12477.0,82486,1.0,9
12477.0,48138,1.0,10
12477.0,22624,1.0,11
12477.0,48187,1.0,12
12477.0,48194,1.0,13
12477.0,23245,1.0,14
12477.0,22467,1.0,15
12477.0,21936,1.0,16
12477.0,21559,1.0,17
12477.0,22625,1.0,18
12477.0,21524,1.0,19
12477.0,22193,1.0,20
12500.0,85099B,1.0,1
12500.0,POST,1.0,2
12500.0,85099C,1.0,3
12500.0,15056N,1.0,4
12500.0,22585,1.0,5
12500.0,85014A,1.0,6
12500.0,22858,1.0,7
12500.0,23118,1.0,8
12500.0,22366,1.0,9
12500.0,22243,1.0,10
12500.0,22931,1.0,11
12500.0,21090,1.0,12
12500.0,21084,1.0,13
12500.0,22841,0.000113979719239789,14
12500.0,85123A,0.0,15
12500.0,22423,0.0,16
12500.0,47566,0.0,17
12500.0,20725,0.0,18
12500.0,84879,0.0,19
12500.0,22720,0.0,20
12518.0,POST,1.0,1
12518.0,22629,1.0,2
12518.0,22630,1.0,3
12518.0,22326,1.0,4
12518.0,22659,1.0,5
12518.0,22551,1.0,6
12518.0,22728,1.0,7
12518.0,21559,1.0,8
12518.0,22328,1.0,9
12518.0,21731,1.0,10
12518.0,84997D,1.0,11
12518.0,22417,1.0,12
12518.0,22487,1.0,13
12518.0,22029,1.0,14
12518.0,22367,1.0,15
12518.0,22617,1.0,16
12518.0,22951,1.0,17
12518.0,84997C,1.0,18
12518.0,22631,1.0,19
12518.0,22964,1.0,20
12528.0,22423,1.0,1
12528.0,22720,1.0,2
12528.0,21212,1.0,3
12528.0,POST,1.0,4
12528.0,84991,1.0,5
12528.0,21232,1.0,6
12528.0,21843,1.0,7
12528.0,21213,1.0,8
12528.0,47566B,1.0,9
12528.0,20971,1.0,10
12528.0,47591D,1.0,11
12528.0,22851,1.0,12
12528.0,22847,1.0,13
12528.0,21217,1.0,14
12528.0,22646,1.0,15
12528.0,48185,1.0,16
12528.0,84987,1.0,17
12528.0,47559B,1.0,18
12528.0,22649,1.0,19
12528.0,22938,1.0,20
12540.0,85123A,1.0,1
12540.0,22423,1.0,2
12540.0,20725,1.0,3
12540.0,84879,1.0,4
12540.0,22720,1.0,5
12540.0,21212,1.0,6
12540.0,23298,1.0,7
12540.0,POST,1.0,8
12540.0,22197,1.0,9
12540.0,22699,1.0,10
12540.0,21080,1.0,11
12540.0,22727,1.0,12
12540.0,21754,1.0,13
12540.0,82494L,1.0,14
12540.0,22629,1.0,15
12540.0,21977,1.0,16
12540.0,84755,1.0,17
12540.0,22077,1.0,18
12540.0,22138,1.0,19
12540.0,22726,1.0,20
12544.0,22841,0.000113979719239789,1
12544.0,85123A,0.0,2
12544.0,22423,0.0,3
12544.0,47566,0.0,4
12544.0,85099B,0.0,5
12544.0,20725,0.0,6
12544.0,84879,0.0,7
12544.0,22720,0.0,8
12544.0,22383,0.0,9
12544.0,21212,0.0,10
12544.0,20727,0.0,11
12544.0,20728,0.0,12
12544.0,22384,0.0,13
12544.0,23298,0.0,14
12544.0,POST,0.0,15
12544.0,22457,0.0,16
12544.0,22382,0.0,17
12544.0,22960,0.0,18
12544.0,22961,0.0,19
12544.0,22469,0.0,20
12557.0,20725,1.0,1
12557.0,22383,1.0,2
12557.0,20727,1.0,3
12557.0,20728,1.0,4
12557.0,22384,1.0,5
12557.0,84997D,1.0,6
12557.0,84997B,1.0,7
12557.0,21238,1.0,8
12557.0,84997C,1.0,9
12557.0,21240,1.0,10
12557.0,21242,1.0,11
12557.0,84997A,1.0,12
12557.0,21239,1.0,13
12557.0,21244,1.0,14
12557.0,21243,1.0,15
12557.0,22841,0.0031455621013247725,16
12557.0,M,0.0008904183860959666,17
12557.0,85123A,0.0,18
12557.0,22423,0.0,19
12557.0,47566,0.0,20
12567.0,22423,1.0,1
12567.0,47566,1.0,2
12567.0,85099B,1.0,3
12567.0,20725,1.0,4
12567.0,84879,1.0,5
12567.0,22720,1.0,6
12567.0,22383,1.0,7
12567.0,21212,1.0,8
12567.0,20728,1.0,9
12567.0,22384,1.0,10
12567.0,23298,1.0,11
12567.0,POST,1.0,12
12567.0,22382,1.0,13
12567.0,22960,1.0,14
12567.0,22961,1.0,15
12567.0,23206,1.0,16
12567.0,20726,1.0,17
12567.0,23209,1.0,18
12567.0,22699,1.0,19
12567.0,21080,1.0,20
12586.0,22841,0.000113979719239789,1
12586.0,85123A,0.0,2
12586.0,22423,0.0,3
12586.0,47566,0.0,4
12586.0,85099B,0.0,5
12586.0,20725,0.0,6
12586.0,84879,0.0,7
12586.0,22720,0.0,8
12586.0,22383,0.0,9
12586.0,21212,0.0,10
12586.0,20727,0.0,11
12586.0,20728,0.0,12
12586.0,22384,0.0,13
12586.0,23298,0.0,14
12586.0,POST,0.0,15
12586.0,22457,0.0,16
12586.0,22382,0.0,17
12586.0,22960,0.0,18
12586.0,22961,0.0,19
12586.0,22469,0.0,20
12599.0,21212,1.0,1
12599.0,POST,1.0,2
12599.0,21080,1.0,3
12599.0,22090,1.0,4
12599.0,21094,1.0,5
12599.0,22908,1.0,6
12599.0,21121,1.0,7
12599.0,21122,1.0,8
12599.0,20676,1.0,9
12599.0,21086,1.0,10
12599.0,22964,1.0,11
12599.0,21746,1.0,12
12599.0,21124,1.0,13
12599.0,22435,1.0,14
12599.0,20677,1.0,15
12599.0,20975,1.0,16
12599.0,21989,1.0,17
12599.0,20983,1.0,18
12599.0,22437,1.0,19
12599.0,21749,1.0,20
12600.0,85099B,1.0,1
12600.0,84879,1.0,2
12600.0,POST,1.0,3
12600.0,22178,1.0,4
12600.0,20726,1.0,5
12600.0,20719,1.0,6
12600.0,20712,1.0,7
12600.0,21731,1.0,8
12600.0,21932,1.0,9
12600.0,20718,1.0,10
12600.0,21672,1.0,11
12600.0,23084,1.0,12
12600.0,15056BL,1.0,13
12600.0,85014B,1.0,14
12600.0,20679,1.0,15
12600.0,21481,1.0,16
12600.0,85014A,1.0,17
12600.0,84536A,1.0,18
12600.0,22374,1.0,19
12600.0,47503A,1.0,20
12610.0,85123A,1.0,1
12610.0,22423,1.0,2
12610.0,21212,1.0,3
12610.0,POST,1.0,4
12610.0,22961,1.0,5
12610.0,22993,1.0,6
12610.0,22178,1.0,7
12610.0,21080,1.0,8
12610.0,22139,1.0,9
12610.0,82484,1.0,10
12610.0,22138,1.0,11
12610.0,22969,1.0,12
12610.0,82486,1.0,13
12610.0,22149,1.0,14
12610.0,21936,1.0,15
12610.0,22776,1.0,16
12610.0,21213,1.0,17
12610.0,20972,1.0,18
12610.0,85066,1.0,19
12610.0,22189,1.0,20
12611.0,22841,0.000113979719239789,1
12611.0,85123A,0.0,2
12611.0,22423,0.0,3
12611.0,47566,0.0,4
12611.0,85099B,0.0,5
12611.0,20725,0.0,6
12611.0,84879,0.0,7
12611.0,22720,0.0,8
12611.0,22383,0.0,9
12611.0,21212,0.0,10
12611.0,20727,0.0,11
12611.0,20728,0.0,12
12611.0,22384,0.0,13
12611.0,23298,0.0,14
12611.0,POST,0.0,15
12611.0,22457,0.0,16
12611.0,22382,0.0,17
12611.0,22960,0.0,18
12611.0,22961,0.0,19
12611.0,22469,0.0,20
12620.0,20725,1.0,1
12620.0,20728,1.0,2
12620.0,23206,1.0,3
12620.0,20726,1.0,4
12620.0,20724,1.0,5
12620.0,84978,1.0,6
12620.0,22138,1.0,7
12620.0,22969,1.0,8
12620.0,22554,1.0,9
12620.0,23204,1.0,10
12620.0,84970L,1.0,11
12620.0,22553,1.0,12
12620.0,21533,1.0,13
12620.0,22617,1.0,14
12620.0,21535,1.0,15
12620.0,22759,1.0,16
12620.0,21217,1.0,17
12620.0,22637,1.0,18
12620.0,23256,1.0,19
12620.0,21539,1.0,20
12621.0,22423,1.0,1
12621.0,85099B,1.0,2
12621.0,20725,1.0,3
12621.0,22383,1.0,4
12621.0,21212,1.0,5
12621.0,20728,1.0,6
12621.0,POST,1.0,7
12621.0,22960,1.0,8
12621.0,22961,1.0,9
12621.0,22386,1.0,10
12621.0,23206,1.0,11
12621.0,20726,1.0,12
12621.0,23209,1.0,13
12621.0,23203,1.0,14
12621.0,22699,1.0,15
12621.0,21931,1.0,16
12621.0,22727,1.0,17
12621.0,22697,1.0,18
12621.0,22629,1.0,19
12621.0,22090,1.0,20
12626.0,85099B,1.0,1
12626.0,20725,1.0,2
12626.0,22720,1.0,3
12626.0,POST,1.0,4
12626.0,22382,1.0,5
12626.0,22960,1.0,6
12626.0,22961,1.0,7
12626.0,22993,1.0,8
12626.0,23206,1.0,9
12626.0,23209,1.0,10
12626.0,23203,1.0,11
12626.0,21080,1.0,12
12626.0,20914,1.0,13
12626.0,22629,1.0,14
12626.0,22558,1.0,15
12626.0,23199,1.0,16
12626.0,22139,1.0,17
12626.0,22138,1.0,18
12626.0,23202,1.0,19
12626.0,22630,1.0,20
12640.0,22423,1.0,1
12640.0,POST,1.0,2
12640.0,22961,1.0,3
12640.0,22699,1.0,4
12640.0,22727,1.0,5
12640.0,22697,1.0,6
12640.0,22726,1.0,7
12640.0,48138,1.0,8
12640.0,22698,1.0,9
12640.0,22624,1.0,10
12640.0,22467,1.0,11
12640.0,22379,1.0,12
12640.0,22193,1.0,13
12640.0,22191,1.0,14
12640.0,22730,1.0,15
12640.0,22111,1.0,16
12640.0,21485,1.0,17
12640.0,22192,1.0,18
12640.0,20749,1.0,19
12640.0,21535,1.0,20
12642.0,POST,1.0,1
12642.0,22077,1.0,2
12642.0,21094,1.0,3
12642.0,22908,1.0,4
12642.0,21121,1.0,5
12642.0,21122,1.0,6
12642.0,21210,1.0,7
12642.0,21086,1.0,8
12642.0,21124,1.0,9
12642.0,85049E,1.0,10
12642.0,23293,1.0,11
12642.0,21989,1.0,12
12642.0,22956,1.0,13
12642.0,23295,1.0,14
12642.0,23296,1.0,15
12642.0,23297,1.0,16
12642.0,21988,1.0,17
12642.0,21987,1.0,18
12642.0,22848,1.0,19
12642.0,22613,1.0,20
12647.0,85099B,1.0,1
12647.0,20725,1.0,2
12647.0,21212,1.0,3
12647.0,22384,1.0,4
12647.0,POST,1.0,5
12647.0,22961,1.0,6
12647.0,22386,1.0,7
12647.0,20726,1.0,8
12647.0,22722,1.0,9
12647.0,22077,1.0,10
12647.0,20685,1.0,11
12647.0,22427,1.0,12
12647.0,22624,1.0,13
12647.0,21936,1.0,14
12647.0,20712,1.0,15
12647.0,21559,1.0,16
12647.0,21731,1.0,17
12647.0,84997D,1.0,18
12647.0,22625,1.0,19
12647.0,22900,1.0,20
12650.0,22841,0.000113979719239789,1
12650.0,85123A,0.0,2
12650.0,22423,0.0,3
12650.0,47566,0.0,4
12650.0,85099B,0.0,5
12650.0,20725,0.0,6
12650.0,84879,0.0,7
12650.0,22720,0.0,8
12650.0,22383,0.0,9
12650.0,21212,0.0,10
12650.0,20727,0.0,11
12650.0,20728,0.0,12
12650.0,22384,0.0,13
12650.0,23298,0.0,14
12650.0,POST,0.0,15
12650.0,22457,0.0,16
12650.0,22382,0.0,17
12650.0,22960,0.0,18
12650.0,22961,0.0,19
12650.0,22469,0.0,20
12654.0,POST,1.0,1
12654.0,22629,1.0,2
12654.0,22138,1.0,3
12654.0,20719,1.0,4
12654.0,22326,1.0,5
12654.0,22554,1.0,6
12654.0,22556,1.0,7
12654.0,21559,1.0,8
12654.0,21731,1.0,9
12654.0,22431,1.0,10
12654.0,22617,1.0,11
12654.0,22432,1.0,12
12654.0,21558,1.0,13
12654.0,22433,1.0,14
12654.0,22668,1.0,15
12654.0,21561,1.0,16
12654.0,21578,1.0,17
12654.0,22841,0.000113979719239789,18
12654.0,85123A,0.0,19
12654.0,22423,0.0,20
12657.0,22423,1.0,1
12657.0,21212,1.0,2
12657.0,POST,1.0,3
12657.0,23209,1.0,4
12657.0,22697,1.0,5
12657.0,82484,1.0,6
12657.0,21166,1.0,7
12657.0,22625,1.0,8
12657.0,23204,1.0,9
12657.0,22900,1.0,10
12657.0,21174,1.0,11
12657.0,23173,1.0,12
12657.0,22988,1.0,13
12657.0,22784,1.0,14
12657.0,22627,1.0,15
12657.0,22721,1.0,16
12657.0,23174,1.0,17
12657.0,21326,1.0,18
12657.0,23175,1.0,19
12657.0,23171,1.0,20
12658.0,22841,0.000113979719239789,1
12658.0,85123A,0.0,2
12658.0,22423,0.0,3
12658.0,47566,0.0,4
12658.0,85099B,0.0,5
12658.0,20725,0.0,6
12658.0,84879,0.0,7
12658.0,22720,0.0,8
12658.0,22383,0.0,9
12658.0,21212,0.0,10
12658.0,20727,0.0,11
12658.0,20728,0.0,12
12658.0,22384,0.0,13
12658.0,23298,0.0,14
12658.0,POST,0.0,15
12658.0,22457,0.0,16
12658.0,22382,0.0,17
12658.0,22960,0.0,18
12658.0,22961,0.0,19
12658.0,22469,0.0,20
12660.0,22841,0.000113979719239789,1
12660.0,85123A,0.0,2
12660.0,22423,0.0,3
12660.0,47566,0.0,4
12660.0,85099B,0.0,5
12660.0,20725,0.0,6
12660.0,84879,0.0,7
12660.0,22720,0.0,8
12660.0,22383,0.0,9
12660.0,21212,0.0,10
12660.0,20727,0.0,11
12660.0,20728,0.0,12
12660.0,22384,0.0,13
12660.0,23298,0.0,14
12660.0,POST,0.0,15
12660.0,22457,0.0,16
12660.0,22382,0.0,17
12660.0,22960,0.0,18
12660.0,22961,0.0,19
12660.0,22469,0.0,20
12668.0,22720,1.0,1
12668.0,POST,1.0,2
12668.0,22993,1.0,3
12668.0,20914,1.0,4
12668.0,84991,1.0,5
12668.0,22722,1.0,6
12668.0,22138,1.0,7
12668.0,21232,1.0,8
12668.0,22326,1.0,9
12668.0,22467,1.0,10
12668.0,22554,1.0,11
12668.0,22551,1.0,12
12668.0,21843,1.0,13
12668.0,21559,1.0,14
12668.0,22328,1.0,15
12668.0,21213,1.0,16
12668.0,21731,1.0,17
12668.0,21165,1.0,18
12668.0,21231,1.0,19
12668.0,20750,1.0,20
12670.0,20725,1.0,1
12670.0,POST,1.0,2
12670.0,22382,1.0,3
12670.0,23206,1.0,4
12670.0,20726,1.0,5
12670.0,22629,1.0,6
12670.0,22659,1.0,7
12670.0,21936,1.0,8
12670.0,22551,1.0,9
12670.0,22556,1.0,10
12670.0,21559,1.0,11
12670.0,22328,1.0,12
12670.0,21731,1.0,13
12670.0,22900,1.0,14
12670.0,20750,1.0,15
12670.0,22352,1.0,16
12670.0,22561,1.0,17
12670.0,23084,1.0,18
12670.0,22631,1.0,19
12670.0,85014B,1.0,20
12678.0,21212,1.0,1
12678.0,POST,1.0,2
12678.0,22961,1.0,3
12678.0,22386,1.0,4
12678.0,23209,1.0,5
12678.0,23203,1.0,6
12678.0,21080,1.0,7
12678.0,85099F,1.0,8
12678.0,21977,1.0,9
12678.0,84991,1.0,10
12678.0,22558,1.0,11
12678.0,22138,1.0,12
12678.0,22726,1.0,13
12678.0,22907,1.0,14
12678.0,84378,1.0,15
12678.0,22554,1.0,16
12678.0,22551,1.0,17
12678.0,22728,1.0,18
12678.0,22556,1.0,19
12678.0,22417,1.0,20
12700.0,22423,1.0,1
12700.0,47566,1.0,2
12700.0,85099B,1.0,3
12700.0,20725,1.0,4
12700.0,84879,1.0,5
12700.0,22383,1.0,6
12700.0,21212,1.0,7
12700.0,23298,1.0,8
12700.0,POST,1.0,9
12700.0,22382,1.0,10
12700.0,23206,1.0,11
12700.0,20726,1.0,12
12700.0,23209,1.0,13
12700.0,23203,1.0,14
12700.0,22699,1.0,15
12700.0,22727,1.0,16
12700.0,22697,1.0,17
12700.0,22629,1.0,18
12700.0,20724,1.0,19
12700.0,23199,1.0,20
12704.0,85099B,1.0,1
12704.0,POST,1.0,2
12704.0,22469,1.0,3
12704.0,23206,1.0,4
12704.0,20726,1.0,5
12704.0,23203,1.0,6
12704.0,21080,1.0,7
12704.0,22077,1.0,8
12704.0,20685,1.0,9
12704.0,22554,1.0,10
12704.0,84970S,1.0,11
12704.0,22556,1.0,12
12704.0,23284,1.0,13
12704.0,21731,1.0,14
12704.0,15056N,1.0,15
12704.0,22557,1.0,16
12704.0,22487,1.0,17
12704.0,23200,1.0,18
12704.0,84970L,1.0,19
12704.0,20750,1.0,20
12705.0,22423,1.0,1
12705.0,85099B,1.0,2
12705.0,20725,1.0,3
12705.0,22383,1.0,4
12705.0,21212,1.0,5
12705.0,20728,1.0,6
12705.0,22384,1.0,7
12705.0,POST,1.0,8
12705.0,22993,1.0,9
12705.0,23206,1.0,10
12705.0,20726,1.0,11
12705.0,22666,1.0,12
12705.0,21080,1.0,13
12705.0,21931,1.0,14
12705.0,22727,1.0,15
12705.0,22629,1.0,16
12705.0,20724,1.0,17
12705.0,22722,1.0,18
12705.0,23199,1.0,19
12705.0,22077,1.0,20
12708.0,22423,1.0,1
12708.0,POST,1.0,2
12708.0,22178,1.0,3
12708.0,22727,1.0,4
12708.0,22629,1.0,5
12708.0,22326,1.0,6
12708.0,23245,1.0,7
12708.0,22467,1.0,8
12708.0,22554,1.0,9
12708.0,22551,1.0,10
12708.0,22728,1.0,11
12708.0,21843,1.0,12
12708.0,22556,1.0,13
12708.0,22328,1.0,14
12708.0,22553,1.0,15
12708.0,22367,1.0,16
12708.0,22555,1.0,17
12708.0,22413,1.0,18
12708.0,21669,1.0,19
12708.0,21668,1.0,20
12713.0,22841,0.000113979719239789,1
12713.0,85123A,0.0,2
12713.0,22423,0.0,3
12713.0,47566,0.0,4
12713.0,85099B,0.0,5
12713.0,20725,0.0,6
12713.0,84879,0.0,7
12713.0,22720,0.0,8
12713.0,22383,0.0,9
12713.0,21212,0.0,10
12713.0,20727,0.0,11
12713.0,20728,0.0,12
12713.0,22384,0.0,13
12713.0,23298,0.0,14
12713.0,POST,0.0,15
12713.0,22457,0.0,16
12713.0,22382,0.0,17
12713.0,22960,0.0,18
12713.0,22961,0.0,19
12713.0,22469,0.0,20
12720.0,85099B,1.0,1
12720.0,20725,1.0,2
12720.0,22720,1.0,3
12720.0,21212,1.0,4
12720.0,20727,1.0,5
12720.0,22384,1.0,6
12720.0,POST,1.0,7
12720.0,22960,1.0,8
12720.0,22961,1.0,9
12720.0,22386,1.0,10
12720.0,22197,1.0,11
12720.0,20726,1.0,12
12720.0,23209,1.0,13
12720.0,23203,1.0,14
12720.0,21080,1.0,15
12720.0,85099F,1.0,16
12720.0,20724,1.0,17
12720.0,22722,1.0,18
12720.0,23201,1.0,19
12720.0,20685,1.0,20
12721.0,22423,1.0,1
12721.0,47566,1.0,2
12721.0,85099B,1.0,3
12721.0,20725,1.0,4
12721.0,21212,1.0,5
12721.0,POST,1.0,6
12721.0,20726,1.0,7
12721.0,22699,1.0,8
12721.0,21080,1.0,9
12721.0,22629,1.0,10
12721.0,22090,1.0,11
12721.0,22630,1.0,12
12721.0,21936,1.0,13
12721.0,22554,1.0,14
12721.0,84992,1.0,15
12721.0,22556,1.0,16
12721.0,20712,1.0,17
12721.0,21915,1.0,18
12721.0,22385,1.0,19
12721.0,21731,1.0,20
12749.0,22423,1.0,1
12749.0,84879,1.0,2
12749.0,22720,1.0,3
12749.0,22960,1.0,4
12749.0,82482,1.0,5
12749.0,22993,1.0,6
12749.0,22699,1.0,7
12749.0,22666,1.0,8
12749.0,20914,1.0,9
12749.0,22697,1.0,10
12749.0,22722,1.0,11
12749.0,22558,1.0,12
12749.0,22077,1.0,13
12749.0,82484,1.0,14
12749.0,22969,1.0,15
12749.0,22907,1.0,16
12749.0,82486,1.0,17
12749.0,22698,1.0,18
12749.0,22624,1.0,19
12749.0,84378,1.0,20
12757.0,85099B,1.0,1
12757.0,20725,1.0,2
12757.0,22383,1.0,3
12757.0,21212,1.0,4
12757.0,20728,1.0,5
12757.0,22384,1.0,6
12757.0,22382,1.0,7
12757.0,22386,1.0,8
12757.0,20726,1.0,9
12757.0,23209,1.0,10
12757.0,23203,1.0,11
12757.0,21080,1.0,12
12757.0,21931,1.0,13
12757.0,22411,1.0,14
12757.0,85099F,1.0,15
12757.0,20724,1.0,16
12757.0,21977,1.0,17
12757.0,84991,1.0,18
12757.0,22722,1.0,19
12757.0,22558,1.0,20
12762.0,22841,0.000113979719239789,1
12762.0,85123A,0.0,2
12762.0,22423,0.0,3
12762.0,47566,0.0,4
12762.0,85099B,0.0,5
12762.0,20725,0.0,6
12762.0,84879,0.0,7
12762.0,22720,0.0,8
12762.0,22383,0.0,9
12762.0,21212,0.0,10
12762.0,20727,0.0,11
12762.0,20728,0.0,12
12762.0,22384,0.0,13
12762.0,23298,0.0,14
12762.0,POST,0.0,15
12762.0,22457,0.0,16
12762.0,22382,0.0,17
12762.0,22960,0.0,18
12762.0,22961,0.0,19
12762.0,22469,0.0,20
12798.0,23084,1.0,1
12798.0,22489,1.0,2
12798.0,21918,1.0,3
12798.0,22491,1.0,4
12798.0,M,0.008507311160702344,5
12798.0,22502,0.0056423040152963665,6
12798.0,POST,0.002831070745697897,7
12798.0,79321,0.0028112332695984705,8
12798.0,23166,0.0028112332695984705,9
12798.0,22841,0.000113979719239789,10
12798.0,85123A,0.0,11
12798.0,22423,0.0,12
12798.0,47566,0.0,13
12798.0,85099B,0.0,14
12798.0,20725,0.0,15
12798.0,84879,0.0,16
12798.0,22720,0.0,17
12798.0,22383,0.0,18
12798.0,21212,0.0,19
12798.0,20727,0.0,20
12812.0,22841,0.000113979719239789,1
12812.0,85123A,0.0,2
12812.0,22423,0.0,3
12812.0,47566,0.0,4
12812.0,85099B,0.0,5
12812.0,20725,0.0,6
12812.0,84879,0.0,7
12812.0,22720,0.0,8
12812.0,22383,0.0,9
12812.0,21212,0.0,10
12812.0,20727,0.0,11
12812.0,20728,0.0,12
12812.0,22384,0.0,13
12812.0,23298,0.0,14
12812.0,POST,0.0,15
12812.0,22457,0.0,16
12812.0,22382,0.0,17
12812.0,22960,0.0,18
12812.0,22961,0.0,19
12812.0,22469,0.0,20
12826.0,22383,1.0,1
12826.0,21212,1.0,2
12826.0,20727,1.0,3
12826.0,20728,1.0,4
12826.0,22384,1.0,5
12826.0,22382,1.0,6
12826.0,23206,1.0,7
12826.0,20726,1.0,8
12826.0,23209,1.0,9
12826.0,23203,1.0,10
12826.0,21080,1.0,11
12826.0,21931,1.0,12
12826.0,23199,1.0,13
12826.0,22355,1.0,14
12826.0,20719,1.0,15
12826.0,22326,1.0,16
12826.0,20723,1.0,17
12826.0,22554,1.0,18
12826.0,22356,1.0,19
12826.0,20712,1.0,20
12828.0,22699,1.0,1
12828.0,22139,1.0,2
12828.0,22138,1.0,3
12828.0,22969,1.0,4
12828.0,22621,1.0,5
12828.0,22111,1.0,6
12828.0,22851,1.0,7
12828.0,22595,1.0,8
12828.0,72741,1.0,9
12828.0,23077,1.0,10
12828.0,20970,1.0,11
12828.0,37449,1.0,12
12828.0,37446,1.0,13
12828.0,22865,1.0,14
12828.0,22866,1.0,15
12828.0,22483,1.0,16
12828.0,46000S,1.0,17
12828.0,21115,1.0,18
12828.0,21116,1.0,19
12828.0,22318,1.0,20
12841.0,85123A,1.0,1
12841.0,47566,1.0,2
12841.0,23298,1.0,3
12841.0,22960,1.0,4
12841.0,22961,1.0,5
12841.0,22993,1.0,6
12841.0,22666,1.0,7
12841.0,21080,1.0,8
12841.0,21034,1.0,9
12841.0,22090,1.0,10
12841.0,22722,1.0,11
12841.0,21733,1.0,12
12841.0,22907,1.0,13
12841.0,22084,1.0,14
12841.0,84378,1.0,15
12841.0,21790,1.0,16
12841.0,84380,1.0,17
12841.0,79321,1.0,18
12841.0,21213,1.0,19
12841.0,22966,1.0,20
12883.0,22720,1.0,1
12883.0,22666,1.0,2
12883.0,20914,1.0,3
12883.0,22624,1.0,4
12883.0,71459,1.0,5
12883.0,22111,1.0,6
12883.0,22424,1.0,7
12883.0,23243,1.0,8
12883.0,22456,1.0,9
12883.0,22847,1.0,10
12883.0,23236,1.0,11
12883.0,23118,1.0,12
12883.0,22839,1.0,13
12883.0,22841,0.000113979719239789,14
12883.0,85123A,0.0,15
12883.0,22423,0.0,16
12883.0,47566,0.0,17
12883.0,85099B,0.0,18
12883.0,20725,0.0,19
12883.0,84879,0.0,20
12901.0,22960,1.0,1
12901.0,22993,1.0,2
12901.0,21977,1.0,3
12901.0,84991,1.0,4
12901.0,22659,1.0,5
12901.0,84378,1.0,6
12901.0,21790,1.0,7
12901.0,21915,1.0,8
12901.0,22652,1.0,9
12901.0,22966,1.0,10
12901.0,84077,1.0,11
12901.0,22417,1.0,12
12901.0,22900,1.0,13
12901.0,22616,1.0,14
12901.0,84375,1.0,15
12901.0,21791,1.0,16
12901.0,22561,1.0,17
12901.0,22988,1.0,18
12901.0,22970,1.0,19
12901.0,22840,1.0,20
12933.0,21931,1.0,1
12933.0,22139,1.0,2
12933.0,22149,1.0,3
12933.0,22554,1.0,4
12933.0,22551,1.0,5
12933.0,22147,1.0,6
12933.0,22557,1.0,7
12933.0,22083,1.0,8
12933.0,84077,1.0,9
12933.0,15036,1.0,10
12933.0,22570,1.0,11
12933.0,22553,1.0,12
12933.0,20750,1.0,13
12933.0,21121,1.0,14
12933.0,22569,1.0,15
12933.0,22150,1.0,16
12933.0,22749,1.0,17
12933.0,22752,1.0,18
12933.0,22271,1.0,19
12933.0,23192,1.0,20
12936.0,22960,1.0,1
12936.0,22139,1.0,2
12936.0,22969,1.0,3
12936.0,23301,1.0,4
12936.0,21915,1.0,5
12936.0,22147,1.0,6
12936.0,21914,1.0,7
12936.0,22749,1.0,8
12936.0,22086,1.0,9
12936.0,23108,1.0,10
12936.0,22750,1.0,11
12936.0,22693,1.0,12
12936.0,23077,1.0,13
12936.0,22910,1.0,14
12936.0,22418,1.0,15
12936.0,22899,1.0,16
12936.0,23241,1.0,17
12936.0,22751,1.0,18
12936.0,22991,1.0,19
12936.0,22534,1.0,20
12955.0,84879,1.0,1
12955.0,22699,1.0,2
12955.0,22697,1.0,3
12955.0,22149,1.0,4
12955.0,21790,1.0,5
12955.0,21915,1.0,6
12955.0,20972,1.0,7
12955.0,22147,1.0,8
12955.0,84077,1.0,9
12955.0,22607,1.0,10
12955.0,21791,1.0,11
12955.0,22621,1.0,12
12955.0,21136,1.0,13
12955.0,22561,1.0,14
12955.0,22492,1.0,15
12955.0,22988,1.0,16
12955.0,23170,1.0,17
12955.0,22488,1.0,18
12955.0,22620,1.0,19
12955.0,22560,1.0,20
12962.0,20726,1.0,1
12962.0,22629,1.0,2
12962.0,23245,1.0,3
12962.0,22424,1.0,4
12962.0,21749,1.0,5
12962.0,22327,1.0,6
12962.0,23292,1.0,7
12962.0,22841,0.000113979719239789,8
12962.0,85123A,0.0,9
12962.0,22423,0.0,10
12962.0,47566,0.0,11
12962.0,85099B,0.0,12
12962.0,20725,0.0,13
12962.0,84879,0.0,14
12962.0,22720,0.0,15
12962.0,22383,0.0,16
12962.0,21212,0.0,17
12962.0,20727,0.0,18
12962.0,20728,0.0,19
12962.0,22384,0.0,20
12971.0,47566,1.0,1
12971.0,21212,1.0,2
12971.0,22178,1.0,3
12971.0,22090,1.0,4
12971.0,21977,1.0,5
12971.0,84991,1.0,6
12971.0,22084,1.0,7
12971.0,84946,1.0,8
12971.0,21975,1.0,9
12971.0,84992,1.0,10
12971.0,21213,1.0,11
12971.0,22083,1.0,12
12971.0,21621,1.0,13
12971.0,47590A,1.0,14
12971.0,82580,1.0,15
12971.0,22499,1.0,16
12971.0,47590B,1.0,17
12971.0,15036,1.0,18
12971.0,84988,1.0,19
12971.0,22087,1.0,20
12981.0,22961,1.0,1
12981.0,22993,1.0,2
12981.0,23209,1.0,3
12981.0,20719,1.0,4
12981.0,22554,1.0,5
12981.0,21210,1.0,6
12981.0,23293,1.0,7
12981.0,23236,1.0,8
12981.0,23306,1.0,9
12981.0,22952,1.0,10
12981.0,22841,0.000113979719239789,11
12981.0,85123A,0.0,12
12981.0,22423,0.0,13
12981.0,47566,0.0,14
12981.0,85099B,0.0,15
12981.0,20725,0.0,16
12981.0,84879,0.0,17
12981.0,22720,0.0,18
12981.0,22383,0.0,19
12981.0,21212,0.0,20
12985.0,22841,0.000113979719239789,1
12985.0,85123A,0.0,2
12985.0,22423,0.0,3
12985.0,47566,0.0,4
12985.0,85099B,0.0,5
12985.0,20725,0.0,6
12985.0,84879,0.0,7
12985.0,22720,0.0,8
12985.0,22383,0.0,9
12985.0,21212,0.0,10
12985.0,20727,0.0,11
12985.0,20728,0.0,12
12985.0,22384,0.0,13
12985.0,23298,0.0,14
12985.0,POST,0.0,15
12985.0,22457,0.0,16
12985.0,22382,0.0,17
12985.0,22960,0.0,18
12985.0,22961,0.0,19
12985.0,22469,0.0,20
12989.0,23203,1.0,1
12989.0,48138,1.0,2
12989.0,22698,1.0,3
12989.0,23284,1.0,4
12989.0,21621,1.0,5
12989.0,22607,1.0,6
12989.0,22605,1.0,7
12989.0,21137,1.0,8
12989.0,72741,1.0,9
12989.0,22301,1.0,10
12989.0,22041,1.0,11
12989.0,23165,1.0,12
12989.0,23166,1.0,13
12989.0,23167,1.0,14
12989.0,22841,0.0107423711755156,15
12989.0,85123A,0.0,16
12989.0,22423,0.0,17
12989.0,47566,0.0,18
12989.0,85099B,0.0,19
12989.0,20725,0.0,20
12993.0,20725,1.0,1
12993.0,20728,1.0,2
12993.0,22384,1.0,3
12993.0,22382,1.0,4
12993.0,22139,1.0,5
12993.0,23201,1.0,6
12993.0,22662,1.0,7
12993.0,21790,1.0,8
12993.0,84997B,1.0,9
12993.0,21791,1.0,10
12993.0,84997C,1.0,11
12993.0,22561,1.0,12
12993.0,22381,1.0,13
12993.0,21156,1.0,14
12993.0,23192,1.0,15
12993.0,22380,1.0,16
12993.0,21935,1.0,17
12993.0,23177,1.0,18
12993.0,22858,1.0,19
12993.0,20682,1.0,20
13017.0,22841,0.000113979719239789,1
13017.0,85123A,0.0,2
13017.0,22423,0.0,3
13017.0,47566,0.0,4
13017.0,85099B,0.0,5
13017.0,20725,0.0,6
13017.0,84879,0.0,7
13017.0,22720,0.0,8
13017.0,22383,0.0,9
13017.0,21212,0.0,10
13017.0,20727,0.0,11
13017.0,20728,0.0,12
13017.0,22384,0.0,13
13017.0,23298,0.0,14
13017.0,POST,0.0,15
13017.0,22457,0.0,16
13017.0,22382,0.0,17
13017.0,22960,0.0,18
13017.0,22961,0.0,19
13017.0,22469,0.0,20
13018.0,22423,1.0,1
13018.0,47566,1.0,2
13018.0,20725,1.0,3
13018.0,22720,1.0,4
13018.0,22383,1.0,5
13018.0,20727,1.0,6
13018.0,22382,1.0,7
13018.0,22960,1.0,8
13018.0,22961,1.0,9
13018.0,22469,1.0,10
13018.0,23206,1.0,11
13018.0,20726,1.0,12
13018.0,23209,1.0,13
13018.0,22666,1.0,14
13018.0,22629,1.0,15
13018.0,22090,1.0,16
13018.0,20724,1.0,17
13018.0,22722,1.0,18
13018.0,84755,1.0,19
13018.0,21175,1.0,20
13026.0,22178,1.0,1
13026.0,15036,1.0,2
13026.0,20984,1.0,3
13026.0,17003,1.0,4
13026.0,79000,1.0,5
13026.0,21992,1.0,6
13026.0,84818,1.0,7
13026.0,22841,0.000113979719239789,8
13026.0,85123A,0.0,9
13026.0,22423,0.0,10
13026.0,47566,0.0,11
13026.0,85099B,0.0,12
13026.0,20725,0.0,13
13026.0,84879,0.0,14
13026.0,22720,0.0,15
13026.0,22383,0.0,16
13026.0,21212,0.0,17
13026.0,20727,0.0,18
13026.0,20728,0.0,19
13026.0,22384,0.0,20
13058.0,23298,1.0,1
13058.0,47590A,1.0,2
13058.0,47590B,1.0,3
13058.0,22841,0.0020706171228045667,4
13058.0,85123A,0.0,5
13058.0,22423,0.0,6
13058.0,47566,0.0,7
13058.0,85099B,0.0,8
13058.0,20725,0.0,9
13058.0,84879,0.0,10
13058.0,22720,0.0,11
13058.0,22383,0.0,12
13058.0,21212,0.0,13
13058.0,20727,0.0,14
13058.0,20728,0.0,15
13058.0,22384,0.0,16
13058.0,POST,0.0,17
13058.0,22457,0.0,18
13058.0,22382,0.0,19
13058.0,22960,0.0,20
13089.0,85123A,1.0,1
13089.0,22423,1.0,2
13089.0,47566,1.0,3
13089.0,85099B,1.0,4
13089.0,20725,1.0,5
13089.0,84879,1.0,6
13089.0,22720,1.0,7
13089.0,21212,1.0,8
13089.0,20727,1.0,9
13089.0,20728,1.0,10
13089.0,22384,1.0,11
13089.0,23298,1.0,12
13089.0,22457,1.0,13
13089.0,22382,1.0,14
13089.0,22960,1.0,15
13089.0,22961,1.0,16
13089.0,22469,1.0,17
13089.0,82482,1.0,18
13089.0,22178,1.0,19
13089.0,22386,1.0,20
13091.0,22841,0.000113979719239789,1
13091.0,85123A,0.0,2
13091.0,22423,0.0,3
13091.0,47566,0.0,4
13091.0,85099B,0.0,5
13091.0,20725,0.0,6
13091.0,84879,0.0,7
13091.0,22720,0.0,8
13091.0,22383,0.0,9
13091.0,21212,0.0,10
13091.0,20727,0.0,11
13091.0,20728,0.0,12
13091.0,22384,0.0,13
13091.0,23298,0.0,14
13091.0,POST,0.0,15
13091.0,22457,0.0,16
13091.0,22382,0.0,17
13091.0,22960,0.0,18
13091.0,22961,0.0,19
13091.0,22469,0.0,20
13094.0,85123A,1.0,1
13094.0,84946,1.0,2
13094.0,22791,1.0,3
13094.0,22174,1.0,4
13094.0,22841,0.012516545196560886,5
13094.0,22423,0.0,6
13094.0,47566,0.0,7
13094.0,85099B,0.0,8
13094.0,20725,0.0,9
13094.0,84879,0.0,10
13094.0,22720,0.0,11
13094.0,22383,0.0,12
13094.0,21212,0.0,13
13094.0,20727,0.0,14
13094.0,20728,0.0,15
13094.0,22384,0.0,16
13094.0,23298,0.0,17
13094.0,POST,0.0,18
13094.0,22457,0.0,19
13094.0,22382,0.0,20
13097.0,22423,1.0,1
13097.0,47566,1.0,2
13097.0,22720,1.0,3
13097.0,23298,1.0,4
13097.0,21080,1.0,5
13097.0,22727,1.0,6
13097.0,21034,1.0,7
13097.0,22629,1.0,8
13097.0,22090,1.0,9
13097.0,22558,1.0,10
13097.0,22726,1.0,11
13097.0,21232,1.0,12
13097.0,22630,1.0,13
13097.0,22624,1.0,14
13097.0,22084,1.0,15
13097.0,23245,1.0,16
13097.0,21790,1.0,17
13097.0,22467,1.0,18
13097.0,22728,1.0,19
13097.0,22776,1.0,20
13104.0,21915,1.0,1
13104.0,22560,1.0,2
13104.0,22489,1.0,3
13104.0,21137,1.0,4
13104.0,22041,1.0,5
13104.0,23196,1.0,6
13104.0,23188,1.0,7
13104.0,22841,0.000113979719239789,8
13104.0,85123A,0.0,9
13104.0,22423,0.0,10
13104.0,47566,0.0,11
13104.0,85099B,0.0,12
13104.0,20725,0.0,13
13104.0,84879,0.0,14
13104.0,22720,0.0,15
13104.0,22383,0.0,16
13104.0,21212,0.0,17
13104.0,20727,0.0,18
13104.0,20728,0.0,19
13104.0,22384,0.0,20
13113.0,22423,1.0,1
13113.0,47566,1.0,2
13113.0,20725,1.0,3
13113.0,22720,1.0,4
13113.0,22383,1.0,5
13113.0,22384,1.0,6
13113.0,23298,1.0,7
13113.0,22457,1.0,8
13113.0,22469,1.0,9
13113.0,23206,1.0,10
13113.0,22090,1.0,11
13113.0,20724,1.0,12
13113.0,22722,1.0,13
13113.0,21175,1.0,14
13113.0,20685,1.0,15
13113.0,23207,1.0,16
13113.0,21232,1.0,17
13113.0,22355,1.0,18
13113.0,21166,1.0,19
13113.0,48194,1.0,20
13117.0,47566,1.0,1
13117.0,84879,1.0,2
13117.0,22457,1.0,3
13117.0,22077,1.0,4
13117.0,71459,1.0,5
13117.0,22652,1.0,6
13117.0,84836,1.0,7
13117.0,22998,1.0,8
13117.0,22607,1.0,9
13117.0,22983,1.0,10
13117.0,84945,1.0,11
13117.0,22295,1.0,12
13117.0,85049E,1.0,13
13117.0,84947,1.0,14
13117.0,21509,1.0,15
13117.0,48116,1.0,16
13117.0,84029E,1.0,17
13117.0,22714,1.0,18
13117.0,47504K,1.0,19
13117.0,85206A,1.0,20
13118.0,22699,1.0,1
13118.0,22697,1.0,2
13118.0,22698,1.0,3
13118.0,22499,1.0,4
13118.0,21868,1.0,5
13118.0,23170,1.0,6
13118.0,22926,1.0,7
13118.0,23171,1.0,8
13118.0,22371,1.0,9
13118.0,23091,1.0,10
13118.0,23172,1.0,11
13118.0,22925,1.0,12
13118.0,48111,1.0,13
13118.0,22649,1.0,14
13118.0,21876,1.0,15
13118.0,37448,1.0,16
13118.0,22927,1.0,17
13118.0,37370,1.0,18
13118.0,22059,1.0,19
13118.0,75049L,1.0,20
13126.0,22469,1.0,1
13126.0,82482,1.0,2
13126.0,82494L,1.0,3
13126.0,21232,1.0,4
13126.0,22969,1.0,5
13126.0,22776,1.0,6
13126.0,21231,1.0,7
13126.0,22219,1.0,8
13126.0,71053,1.0,9
13126.0,22795,1.0,10
13126.0,22241,1.0,11
13126.0,21870,1.0,12
13126.0,85132C,1.0,13
13126.0,37448,1.0,14
13126.0,22227,1.0,15
13126.0,22222,1.0,16
13126.0,20992,1.0,17
13126.0,85206A,1.0,18
13126.0,22059,1.0,19
13126.0,22610,1.0,20
13137.0,85099B,1.0,1
13137.0,20725,1.0,2
13137.0,84879,1.0,3
13137.0,21212,1.0,4
13137.0,20727,1.0,5
13137.0,20728,1.0,6
13137.0,22384,1.0,7
13137.0,22382,1.0,8
13137.0,22993,1.0,9
13137.0,22178,1.0,10
13137.0,22386,1.0,11
13137.0,23206,1.0,12
13137.0,20726,1.0,13
13137.0,23209,1.0,14
13137.0,23203,1.0,15
13137.0,21080,1.0,16
13137.0,21931,1.0,17
13137.0,22727,1.0,18
13137.0,22411,1.0,19
13137.0,20914,1.0,20
13138.0,84879,1.0,1
13138.0,22149,1.0,2
13138.0,20972,1.0,3
13138.0,22147,1.0,4
13138.0,84836,1.0,5
13138.0,15036,1.0,6
13138.0,22570,1.0,7
13138.0,20971,1.0,8
13138.0,22568,1.0,9
13138.0,22621,1.0,10
13138.0,22569,1.0,11
13138.0,22150,1.0,12
13138.0,22585,1.0,13
13138.0,21259,1.0,14
13138.0,23126,1.0,15
13138.0,20969,1.0,16
13138.0,20970,1.0,17
13138.0,22915,1.0,18
13138.0,21257,1.0,19
13138.0,23128,1.0,20
13146.0,22841,0.000113979719239789,1
13146.0,85123A,0.0,2
13146.0,22423,0.0,3
13146.0,47566,0.0,4
13146.0,85099B,0.0,5
13146.0,20725,0.0,6
13146.0,84879,0.0,7
13146.0,22720,0.0,8
13146.0,22383,0.0,9
13146.0,21212,0.0,10
13146.0,20727,0.0,11
13146.0,20728,0.0,12
13146.0,22384,0.0,13
13146.0,23298,0.0,14
13146.0,POST,0.0,15
13146.0,22457,0.0,16
13146.0,22382,0.0,17
13146.0,22960,0.0,18
13146.0,22961,0.0,19
13146.0,22469,0.0,20
13148.0,85123A,1.0,1
13148.0,22423,1.0,2
13148.0,20725,1.0,3
13148.0,84879,1.0,4
13148.0,20727,1.0,5
13148.0,22384,1.0,6
13148.0,22457,1.0,7
13148.0,22469,1.0,8
13148.0,22178,1.0,9
13148.0,22470,1.0,10
13148.0,21034,1.0,11
13148.0,84978,1.0,12
13148.0,82484,1.0,13
13148.0,23207,1.0,14
13148.0,21755,1.0,15
13148.0,22624,1.0,16
13148.0,20719,1.0,17
13148.0,84946,1.0,18
13148.0,84378,1.0,19
13148.0,22554,1.0,20
13155.0,21080,1.0,1
13155.0,21034,1.0,2
13155.0,22558,1.0,3
13155.0,22077,1.0,4
13155.0,22907,1.0,5
13155.0,22328,1.0,6
13155.0,22652,1.0,7
13155.0,20972,1.0,8
13155.0,22147,1.0,9
13155.0,22083,1.0,10
13155.0,22487,1.0,11
13155.0,22570,1.0,12
13155.0,20971,1.0,13
13155.0,21791,1.0,14
13155.0,22568,1.0,15
13155.0,22617,1.0,16
13155.0,22569,1.0,17
13155.0,22150,1.0,18
13155.0,22086,1.0,19
13155.0,21506,1.0,20
13165.0,22469,1.0,1
13165.0,22855,1.0,2
13165.0,22222,1.0,3
13165.0,M,0.00479552566179567,4
13165.0,22841,0.000113979719239789,5
13165.0,85123A,0.0,6
13165.0,22423,0.0,7
13165.0,47566,0.0,8
13165.0,85099B,0.0,9
13165.0,20725,0.0,10
13165.0,84879,0.0,11
13165.0,22720,0.0,12
13165.0,22383,0.0,13
13165.0,21212,0.0,14
13165.0,20727,0.0,15
13165.0,20728,0.0,16
13165.0,22384,0.0,17
13165.0,23298,0.0,18
13165.0,POST,0.0,19
13165.0,22457,0.0,20
13167.0,23298,1.0,1
13167.0,22382,1.0,2
13167.0,22178,1.0,3
13167.0,82486,1.0,4
13167.0,21790,1.0,5
13167.0,82483,1.0,6
13167.0,21791,1.0,7
13167.0,22759,1.0,8
13167.0,20974,1.0,9
13167.0,85014B,1.0,10
13167.0,21326,1.0,11
13167.0,22170,1.0,12
13167.0,85014A,1.0,13
13167.0,M,1.0,14
13167.0,22549,1.0,15
13167.0,17003,1.0,16
13167.0,22548,1.0,17
13167.0,23169,1.0,18
13167.0,23152,1.0,19
13167.0,22985,1.0,20
13173.0,22961,1.0,1
13173.0,15056N,1.0,2
13173.0,22616,1.0,3
13173.0,84375,1.0,4
13173.0,21533,1.0,5
13173.0,22111,1.0,6
13173.0,22381,1.0,7
13173.0,15056BL,1.0,8
13173.0,85014B,1.0,9
13173.0,22962,1.0,10
13173.0,84945,1.0,11
13173.0,84029E,1.0,12
13173.0,22440,1.0,13
13173.0,22867,1.0,14
13173.0,85049A,1.0,15
13173.0,22434,1.0,16
13173.0,22841,0.000113979719239789,17
13173.0,85123A,0.0,18
13173.0,22423,0.0,19
13173.0,47566,0.0,20
13178.0,85099B,1.0,1
13178.0,20725,1.0,2
13178.0,22383,1.0,3
13178.0,20727,1.0,4
13178.0,20728,1.0,5
13178.0,22384,1.0,6
13178.0,22382,1.0,7
13178.0,22386,1.0,8
13178.0,23206,1.0,9
13178.0,20726,1.0,10
13178.0,23209,1.0,11
13178.0,23203,1.0,12
13178.0,21931,1.0,13
13178.0,22411,1.0,14
13178.0,85099F,1.0,15
13178.0,22629,1.0,16
13178.0,22090,1.0,17
13178.0,20724,1.0,18
13178.0,85099C,1.0,19
13178.0,23201,1.0,20
13189.0,21179,1.0,1
13189.0,21090,1.0,2
13189.0,21084,1.0,3
13189.0,22161,1.0,4
13189.0,M,0.00479552566179567,5
13189.0,22841,0.000113979719239789,6
13189.0,85123A,0.0,7
13189.0,22423,0.0,8
13189.0,47566,0.0,9
13189.0,85099B,0.0,10
13189.0,20725,0.0,11
13189.0,84879,0.0,12
13189.0,22720,0.0,13
13189.0,22383,0.0,14
13189.0,21212,0.0,15
13189.0,20727,0.0,16
13189.0,20728,0.0,17
13189.0,22384,0.0,18
13189.0,23298,0.0,19
13189.0,POST,0.0,20
13199.0,22993,1.0,1
13199.0,23201,1.0,2
13199.0,23207,1.0,3
13199.0,22084,1.0,4
13199.0,84946,1.0,5
13199.0,22467,1.0,6
13199.0,22557,1.0,7
13199.0,22499,1.0,8
13199.0,22616,1.0,9
13199.0,22555,1.0,10
13199.0,21791,1.0,11
13199.0,22087,1.0,12
13199.0,23084,1.0,13
13199.0,22996,1.0,14
13199.0,84945,1.0,15
13199.0,23147,1.0,16
13199.0,22435,1.0,17
13199.0,M,1.0,18
13199.0,23148,1.0,19
13199.0,23192,1.0,20
13209.0,85123A,1.0,1
13209.0,22423,1.0,2
13209.0,85099B,1.0,3
13209.0,20725,1.0,4
13209.0,22383,1.0,5
13209.0,21212,1.0,6
13209.0,20727,1.0,7
13209.0,20728,1.0,8
13209.0,22384,1.0,9
13209.0,22382,1.0,10
13209.0,22197,1.0,11
13209.0,23206,1.0,12
13209.0,20726,1.0,13
13209.0,23209,1.0,14
13209.0,22699,1.0,15
13209.0,22727,1.0,16
13209.0,22411,1.0,17
13209.0,22470,1.0,18
13209.0,82494L,1.0,19
13209.0,22697,1.0,20
13211.0,47566,1.0,1
13211.0,21212,1.0,2
13211.0,23298,1.0,3
13211.0,21080,1.0,4
13211.0,21975,1.0,5
13211.0,84380,1.0,6
13211.0,21213,1.0,7
13211.0,22083,1.0,8
13211.0,47590A,1.0,9
13211.0,47590B,1.0,10
13211.0,20718,1.0,11
13211.0,21094,1.0,12
13211.0,84692,1.0,13
13211.0,21210,1.0,14
13211.0,21086,1.0,15
13211.0,21498,1.0,16
13211.0,22086,1.0,17
13211.0,22333,1.0,18
13211.0,23231,1.0,19
13211.0,23293,1.0,20
13246.0,85123A,1.0,1
13246.0,85099B,1.0,2
13246.0,22457,1.0,3
13246.0,22382,1.0,4
13246.0,22469,1.0,5
13246.0,20726,1.0,6
13246.0,21080,1.0,7
13246.0,22727,1.0,8
13246.0,22411,1.0,9
13246.0,22090,1.0,10
13246.0,20724,1.0,11
13246.0,22077,1.0,12
13246.0,85099C,1.0,13
13246.0,82484,1.0,14
13246.0,22138,1.0,15
13246.0,21232,1.0,16
13246.0,21166,1.0,17
13246.0,20719,1.0,18
13246.0,84378,1.0,19
13246.0,20723,1.0,20
13277.0,20726,1.0,1
13277.0,22331,1.0,2
13277.0,20963,1.0,3
13277.0,22841,0.000113979719239789,4
13277.0,85123A,0.0,5
13277.0,22423,0.0,6
13277.0,47566,0.0,7
13277.0,85099B,0.0,8
13277.0,20725,0.0,9
13277.0,84879,0.0,10
13277.0,22720,0.0,11
13277.0,22383,0.0,12
13277.0,21212,0.0,13
13277.0,20727,0.0,14
13277.0,20728,0.0,15
13277.0,22384,0.0,16
13277.0,23298,0.0,17
13277.0,POST,0.0,18
13277.0,22457,0.0,19
13277.0,22382,0.0,20
13285.0,22423,1.0,1
13285.0,85099B,1.0,2
13285.0,20725,1.0,3
13285.0,22383,1.0,4
13285.0,21212,1.0,5
13285.0,20727,1.0,6
13285.0,20728,1.0,7
13285.0,22384,1.0,8
13285.0,23298,1.0,9
13285.0,22382,1.0,10
13285.0,23206,1.0,11
13285.0,20726,1.0,12
13285.0,23209,1.0,13
13285.0,23203,1.0,14
13285.0,21931,1.0,15
13285.0,22727,1.0,16
13285.0,21754,1.0,17
13285.0,20724,1.0,18
13285.0,84991,1.0,19
13285.0,23199,1.0,20
13292.0,22423,1.0,1
13292.0,22178,1.0,2
13292.0,22077,1.0,3
13292.0,84978,1.0,4
13292.0,22487,1.0,5
13292.0,21136,1.0,6
13292.0,85049E,1.0,7
13292.0,85049C,1.0,8
13292.0,22485,1.0,9
13292.0,21917,1.0,10
13292.0,22168,1.0,11
13292.0,22841,0.000113979719239789,12
13292.0,85123A,0.0,13
13292.0,47566,0.0,14
13292.0,85099B,0.0,15
13292.0,20725,0.0,16
13292.0,84879,0.0,17
13292.0,22720,0.0,18
13292.0,22383,0.0,19
13292.0,21212,0.0,20
13305.0,22423,1.0,1
13305.0,22178,1.0,2
13305.0,21754,1.0,3
13305.0,21232,1.0,4
13305.0,22969,1.0,5
13305.0,22427,1.0,6
13305.0,48138,1.0,7
13305.0,48187,1.0,8
13305.0,48194,1.0,9
13305.0,23245,1.0,10
13305.0,23284,1.0,11
13305.0,20972,1.0,12
13305.0,22766,1.0,13
13305.0,22147,1.0,14
13305.0,21524,1.0,15
13305.0,21523,1.0,16
13305.0,22784,1.0,17
13305.0,22855,1.0,18
13305.0,21385,1.0,19
13305.0,22485,1.0,20
13313.0,85123A,1.0,1
13313.0,85099B,1.0,2
13313.0,22383,1.0,3
13313.0,20727,1.0,4
13313.0,22384,1.0,5
13313.0,22961,1.0,6
13313.0,22386,1.0,7
13313.0,23206,1.0,8
13313.0,23203,1.0,9
13313.0,23199,1.0,10
13313.0,84755,1.0,11
13313.0,23202,1.0,12
13313.0,21930,1.0,13
13313.0,22667,1.0,14
13313.0,84997D,1.0,15
13313.0,22379,1.0,16
13313.0,20718,1.0,17
13313.0,21498,1.0,18
13313.0,84997C,1.0,19
13313.0,22381,1.0,20
13316.0,47566,1.0,1
13316.0,22993,1.0,2
13316.0,22090,1.0,3
13316.0,21977,1.0,4
13316.0,22558,1.0,5
13316.0,22149,1.0,6
13316.0,20972,1.0,7
13316.0,22147,1.0,8
13316.0,22667,1.0,9
13316.0,22570,1.0,10
13316.0,84375,1.0,11
13316.0,22568,1.0,12
13316.0,22621,1.0,13
13316.0,22111,1.0,14
13316.0,22502,1.0,15
13316.0,22569,1.0,16
13316.0,22113,1.0,17
13316.0,22150,1.0,18
13316.0,22749,1.0,19
13316.0,22086,1.0,20
13319.0,22423,1.0,1
13319.0,47566,1.0,2
13319.0,85099B,1.0,3
13319.0,20725,1.0,4
13319.0,84879,1.0,5
13319.0,22720,1.0,6
13319.0,22383,1.0,7
13319.0,21212,1.0,8
13319.0,20727,1.0,9
13319.0,23298,1.0,10
13319.0,22457,1.0,11
13319.0,22382,1.0,12
13319.0,22960,1.0,13
13319.0,22961,1.0,14
13319.0,22993,1.0,15
13319.0,22178,1.0,16
13319.0,23206,1.0,17
13319.0,20726,1.0,18
13319.0,23209,1.0,19
13319.0,23203,1.0,20
13322.0,22841,0.000113979719239789,1
13322.0,85123A,0.0,2
13322.0,22423,0.0,3
13322.0,47566,0.0,4
13322.0,85099B,0.0,5
13322.0,20725,0.0,6
13322.0,84879,0.0,7
13322.0,22720,0.0,8
13322.0,22383,0.0,9
13322.0,21212,0.0,10
13322.0,20727,0.0,11
13322.0,20728,0.0,12
13322.0,22384,0.0,13
13322.0,23298,0.0,14
13322.0,POST,0.0,15
13322.0,22457,0.0,16
13322.0,22382,0.0,17
13322.0,22960,0.0,18
13322.0,22961,0.0,19
13322.0,22469,0.0,20
13323.0,21485,1.0,1
13323.0,21484,1.0,2
13323.0,84029E,1.0,3
13323.0,22114,1.0,4
13323.0,22841,0.000113979719239789,5
13323.0,85123A,0.0,6
13323.0,22423,0.0,7
13323.0,47566,0.0,8
13323.0,85099B,0.0,9
13323.0,20725,0.0,10
13323.0,84879,0.0,11
13323.0,22720,0.0,12
13323.0,22383,0.0,13
13323.0,21212,0.0,14
13323.0,20727,0.0,15
13323.0,20728,0.0,16
13323.0,22384,0.0,17
13323.0,23298,0.0,18
13323.0,POST,0.0,19
13323.0,22457,0.0,20
13324.0,22423,1.0,1
13324.0,22961,1.0,2
13324.0,22699,1.0,3
13324.0,22666,1.0,4
13324.0,22697,1.0,5
13324.0,21977,1.0,6
13324.0,84991,1.0,7
13324.0,22698,1.0,8
13324.0,21975,1.0,9
13324.0,21213,1.0,10
13324.0,23173,1.0,11
13324.0,23170,1.0,12
13324.0,22665,1.0,13
13324.0,23174,1.0,14
13324.0,23175,1.0,15
13324.0,23171,1.0,16
13324.0,23172,1.0,17
13324.0,22956,1.0,18
13324.0,23295,1.0,19
13324.0,23296,1.0,20
13332.0,22841,0.000113979719239789,1
13332.0,85123A,0.0,2
13332.0,22423,0.0,3
13332.0,47566,0.0,4
13332.0,85099B,0.0,5
13332.0,20725,0.0,6
13332.0,84879,0.0,7
13332.0,22720,0.0,8
13332.0,22383,0.0,9
13332.0,21212,0.0,10
13332.0,20727,0.0,11
13332.0,20728,0.0,12
13332.0,22384,0.0,13
13332.0,23298,0.0,14
13332.0,POST,0.0,15
13332.0,22457,0.0,16
13332.0,22382,0.0,17
13332.0,22960,0.0,18
13332.0,22961,0.0,19
13332.0,22469,0.0,20
13340.0,85123A,1.0,1
13340.0,20725,1.0,2
13340.0,22720,1.0,3
13340.0,21212,1.0,4
13340.0,20728,1.0,5
13340.0,22384,1.0,6
13340.0,23298,1.0,7
13340.0,22382,1.0,8
13340.0,22960,1.0,9
13340.0,22961,1.0,10
13340.0,22386,1.0,11
13340.0,23206,1.0,12
13340.0,23209,1.0,13
13340.0,23203,1.0,14
13340.0,20914,1.0,15
13340.0,85099F,1.0,16
13340.0,21977,1.0,17
13340.0,22722,1.0,18
13340.0,22558,1.0,19
13340.0,23199,1.0,20
13366.0,22841,0.000113979719239789,1
13366.0,85123A,0.0,2
13366.0,22423,0.0,3
13366.0,47566,0.0,4
13366.0,85099B,0.0,5
13366.0,20725,0.0,6
13366.0,84879,0.0,7
13366.0,22720,0.0,8
13366.0,22383,0.0,9
13366.0,21212,0.0,10
13366.0,20727,0.0,11
13366.0,20728,0.0,12
13366.0,22384,0.0,13
13366.0,23298,0.0,14
13366.0,POST,0.0,15
13366.0,22457,0.0,16
13366.0,22382,0.0,17
13366.0,22960,0.0,18
13366.0,22961,0.0,19
13366.0,22469,0.0,20
13379.0,85099B,1.0,1
13379.0,20725,1.0,2
13379.0,22720,1.0,3
13379.0,82482,1.0,4
13379.0,21034,1.0,5
13379.0,82494L,1.0,6
13379.0,22907,1.0,7
13379.0,23284,1.0,8
13379.0,22189,1.0,9
13379.0,22487,1.0,10
13379.0,21668,1.0,11
13379.0,21672,1.0,12
13379.0,21498,1.0,13
13379.0,21671,1.0,14
13379.0,21169,1.0,15
13379.0,22151,1.0,16
13379.0,22637,1.0,17
13379.0,22795,1.0,18
13379.0,22170,1.0,19
13379.0,23293,1.0,20
13410.0,22629,1.0,1
13410.0,22138,1.0,2
13410.0,21790,1.0,3
13410.0,79321,1.0,4
13410.0,22620,1.0,5
13410.0,21889,1.0,6
13410.0,22631,1.0,7
13410.0,21891,1.0,8
13410.0,22148,1.0,9
13410.0,21703,1.0,10
13410.0,23169,1.0,11
13410.0,85206A,1.0,12
13410.0,22562,1.0,13
13410.0,22860,1.0,14
13410.0,22841,0.0020706171228045667,15
13410.0,85123A,0.0,16
13410.0,22423,0.0,17
13410.0,47566,0.0,18
13410.0,85099B,0.0,19
13410.0,20725,0.0,20
13436.0,22841,0.000113979719239789,1
13436.0,85123A,0.0,2
13436.0,22423,0.0,3
13436.0,47566,0.0,4
13436.0,85099B,0.0,5
13436.0,20725,0.0,6
13436.0,84879,0.0,7
13436.0,22720,0.0,8
13436.0,22383,0.0,9
13436.0,21212,0.0,10
13436.0,20727,0.0,11
13436.0,20728,0.0,12
13436.0,22384,0.0,13
13436.0,23298,0.0,14
13436.0,POST,0.0,15
13436.0,22457,0.0,16
13436.0,22382,0.0,17
13436.0,22960,0.0,18
13436.0,22961,0.0,19
13436.0,22469,0.0,20
13447.0,22841,0.000113979719239789,1
13447.0,85123A,0.0,2
13447.0,22423,0.0,3
13447.0,47566,0.0,4
13447.0,85099B,0.0,5
13447.0,20725,0.0,6
13447.0,84879,0.0,7
13447.0,22720,0.0,8
13447.0,22383,0.0,9
13447.0,21212,0.0,10
13447.0,20727,0.0,11
13447.0,20728,0.0,12
13447.0,22384,0.0,13
13447.0,23298,0.0,14
13447.0,POST,0.0,15
13447.0,22457,0.0,16
13447.0,22382,0.0,17
13447.0,22960,0.0,18
13447.0,22961,0.0,19
13447.0,22469,0.0,20
13450.0,21212,1.0,1
13450.0,22960,1.0,2
13450.0,22993,1.0,3
13450.0,21915,1.0,4
13450.0,22966,1.0,5
13450.0,22147,1.0,6
13450.0,22667,1.0,7
13450.0,22570,1.0,8
13450.0,22568,1.0,9
13450.0,22621,1.0,10
13450.0,22569,1.0,11
13450.0,22150,1.0,12
13450.0,21498,1.0,13
13450.0,22979,1.0,14
13450.0,22620,1.0,15
13450.0,22560,1.0,16
13450.0,21891,1.0,17
13450.0,22196,1.0,18
13450.0,21892,1.0,19
13450.0,21497,1.0,20
13451.0,47566,1.0,1
13451.0,85099B,1.0,2
13451.0,20725,1.0,3
13451.0,22720,1.0,4
13451.0,22383,1.0,5
13451.0,21212,1.0,6
13451.0,20727,1.0,7
13451.0,20728,1.0,8
13451.0,23298,1.0,9
13451.0,22382,1.0,10
13451.0,22469,1.0,11
13451.0,22197,1.0,12
13451.0,23209,1.0,13
13451.0,23203,1.0,14
13451.0,21931,1.0,15
13451.0,22470,1.0,16
13451.0,20914,1.0,17
13451.0,20724,1.0,18
13451.0,84991,1.0,19
13451.0,22722,1.0,20
13461.0,85099B,1.0,1
13461.0,22386,1.0,2
13461.0,23203,1.0,3
13461.0,85099F,1.0,4
13461.0,20724,1.0,5
13461.0,23199,1.0,6
13461.0,22077,1.0,7
13461.0,20719,1.0,8
13461.0,20723,1.0,9
13461.0,20712,1.0,10
13461.0,23204,1.0,11
13461.0,23200,1.0,12
13461.0,M,0.00282093690248566,13
13461.0,22841,0.000113979719239789,14
13461.0,85123A,0.0,15
13461.0,22423,0.0,16
13461.0,47566,0.0,17
13461.0,20725,0.0,18
13461.0,84879,0.0,19
13461.0,22720,0.0,20
13481.0,85099B,1.0,1
13481.0,22720,1.0,2
13481.0,22383,1.0,3
13481.0,20728,1.0,4
13481.0,22384,1.0,5
13481.0,23298,1.0,6
13481.0,22960,1.0,7
13481.0,22386,1.0,8
13481.0,23206,1.0,9
13481.0,23209,1.0,10
13481.0,23203,1.0,11
13481.0,22666,1.0,12
13481.0,21931,1.0,13
13481.0,84991,1.0,14
13481.0,23199,1.0,15
13481.0,84755,1.0,16
13481.0,85099C,1.0,17
13481.0,23201,1.0,18
13481.0,21232,1.0,19
13481.0,21929,1.0,20
13491.0,22961,1.0,1
13491.0,22178,1.0,2
13491.0,22722,1.0,3
13491.0,21175,1.0,4
13491.0,20685,1.0,5
13491.0,21232,1.0,6
13491.0,48138,1.0,7
13491.0,48194,1.0,8
13491.0,79321,1.0,9
13491.0,21843,1.0,10
13491.0,82580,1.0,11
13491.0,21155,1.0,12
13491.0,20750,1.0,13
13491.0,47591D,1.0,14
13491.0,84596B,1.0,15
13491.0,22507,1.0,16
13491.0,21889,1.0,17
13491.0,21217,1.0,18
13491.0,22962,1.0,19
13491.0,22646,1.0,20
13495.0,85123A,1.0,1
13495.0,85152,1.0,2
13495.0,84946,1.0,3
13495.0,84970S,1.0,4
13495.0,22189,1.0,5
13495.0,22112,1.0,6
13495.0,21485,1.0,7
13495.0,22087,1.0,8
13495.0,82583,1.0,9
13495.0,84949,1.0,10
13495.0,22801,1.0,11
13495.0,84832,1.0,12
13495.0,21730,1.0,13
13495.0,22158,1.0,14
13495.0,85227,1.0,15
13495.0,22841,0.000113979719239789,16
13495.0,22423,0.0,17
13495.0,47566,0.0,18
13495.0,85099B,0.0,19
13495.0,20725,0.0,20
13523.0,85123A,1.0,1
13523.0,21212,1.0,2
13523.0,22457,1.0,3
13523.0,22960,1.0,4
13523.0,22197,1.0,5
13523.0,22666,1.0,6
13523.0,21080,1.0,7
13523.0,22470,1.0,8
13523.0,21754,1.0,9
13523.0,20914,1.0,10
13523.0,22090,1.0,11
13523.0,21977,1.0,12
13523.0,22722,1.0,13
13523.0,21232,1.0,14
13523.0,22969,1.0,15
13523.0,22427,1.0,16
13523.0,48187,1.0,17
13523.0,21790,1.0,18
13523.0,21843,1.0,19
13523.0,22625,1.0,20
13560.0,22841,0.000113979719239789,1
13560.0,85123A,0.0,2
13560.0,22423,0.0,3
13560.0,47566,0.0,4
13560.0,85099B,0.0,5
13560.0,20725,0.0,6
13560.0,84879,0.0,7
13560.0,22720,0.0,8
13560.0,22383,0.0,9
13560.0,21212,0.0,10
13560.0,20727,0.0,11
13560.0,20728,0.0,12
13560.0,22384,0.0,13
13560.0,23298,0.0,14
13560.0,POST,0.0,15
13560.0,22457,0.0,16
13560.0,22382,0.0,17
13560.0,22960,0.0,18
13560.0,22961,0.0,19
13560.0,22469,0.0,20
13566.0,85099B,1.0,1
13566.0,23298,1.0,2
13566.0,22469,1.0,3
13566.0,22993,1.0,4
13566.0,21080,1.0,5
13566.0,23199,1.0,6
13566.0,21175,1.0,7
13566.0,21181,1.0,8
13566.0,23202,1.0,9
13566.0,85152,1.0,10
13566.0,21790,1.0,11
13566.0,22554,1.0,12
13566.0,23301,1.0,13
13566.0,22652,1.0,14
13566.0,21731,1.0,15
13566.0,23300,1.0,16
13566.0,20713,1.0,17
13566.0,22900,1.0,18
13566.0,22616,1.0,19
13566.0,22553,1.0,20
13569.0,22197,1.0,1
13569.0,22666,1.0,2
13569.0,21929,1.0,3
13569.0,82483,1.0,4
13569.0,84692,1.0,5
13569.0,21216,1.0,6
13569.0,21481,1.0,7
13569.0,21479,1.0,8
13569.0,84029G,1.0,9
13569.0,22626,1.0,10
13569.0,21428,1.0,11
13569.0,20751,1.0,12
13569.0,22227,1.0,13
13569.0,22841,0.000113979719239789,14
13569.0,85123A,0.0,15
13569.0,22423,0.0,16
13569.0,47566,0.0,17
13569.0,85099B,0.0,18
13569.0,20725,0.0,19
13569.0,84879,0.0,20
13571.0,85123A,1.0,1
13571.0,85099B,1.0,2
13571.0,22720,1.0,3
13571.0,22469,1.0,4
13571.0,22993,1.0,5
13571.0,22386,1.0,6
13571.0,22197,1.0,7
13571.0,23203,1.0,8
13571.0,22666,1.0,9
13571.0,21080,1.0,10
13571.0,21931,1.0,11
13571.0,22411,1.0,12
13571.0,22470,1.0,13
13571.0,20914,1.0,14
13571.0,22090,1.0,15
13571.0,20724,1.0,16
13571.0,22558,1.0,17
13571.0,23199,1.0,18
13571.0,21175,1.0,19
13571.0,85099C,1.0,20
13575.0,20727,1.0,1
13575.0,82482,1.0,2
13575.0,23206,1.0,3
13575.0,20726,1.0,4
13575.0,82494L,1.0,5
13575.0,22138,1.0,6
13575.0,22969,1.0,7
13575.0,23208,1.0,8
13575.0,22147,1.0,9
13575.0,23300,1.0,10
13575.0,21932,1.0,11
13575.0,22568,1.0,12
13575.0,22621,1.0,13
13575.0,21933,1.0,14
13575.0,22173,1.0,15
13575.0,23321,1.0,16
13575.0,23147,1.0,17
13575.0,20983,1.0,18
13575.0,20981,1.0,19
13575.0,22222,1.0,20
13594.0,22841,0.000113979719239789,1
13594.0,85123A,0.0,2
13594.0,22423,0.0,3
13594.0,47566,0.0,4
13594.0,85099B,0.0,5
13594.0,20725,0.0,6
13594.0,84879,0.0,7
13594.0,22720,0.0,8
13594.0,22383,0.0,9
13594.0,21212,0.0,10
13594.0,20727,0.0,11
13594.0,20728,0.0,12
13594.0,22384,0.0,13
13594.0,23298,0.0,14
13594.0,POST,0.0,15
13594.0,22457,0.0,16
13594.0,22382,0.0,17
13594.0,22960,0.0,18
13594.0,22961,0.0,19
13594.0,22469,0.0,20
13607.0,22841,0.000113979719239789,1
13607.0,85123A,0.0,2
13607.0,22423,0.0,3
13607.0,47566,0.0,4
13607.0,85099B,0.0,5
13607.0,20725,0.0,6
13607.0,84879,0.0,7
13607.0,22720,0.0,8
13607.0,22383,0.0,9
13607.0,21212,0.0,10
13607.0,20727,0.0,11
13607.0,20728,0.0,12
13607.0,22384,0.0,13
13607.0,23298,0.0,14
13607.0,POST,0.0,15
13607.0,22457,0.0,16
13607.0,22382,0.0,17
13607.0,22960,0.0,18
13607.0,22961,0.0,19
13607.0,22469,0.0,20
13623.0,85123A,1.0,1
13623.0,22423,1.0,2
13623.0,82482,1.0,3
13623.0,22699,1.0,4
13623.0,21931,1.0,5
13623.0,21034,1.0,6
13623.0,82494L,1.0,7
13623.0,22697,1.0,8
13623.0,85099C,1.0,9
13623.0,21733,1.0,10
13623.0,22907,1.0,11
13623.0,22698,1.0,12
13623.0,22624,1.0,13
13623.0,84992,1.0,14
13623.0,21213,1.0,15
13623.0,22385,1.0,16
13623.0,22998,1.0,17
13623.0,22607,1.0,18
13623.0,20718,1.0,19
13623.0,22989,1.0,20
13629.0,85099B,1.0,1
13629.0,21754,1.0,2
13629.0,85099F,1.0,3
13629.0,84991,1.0,4
13629.0,85099C,1.0,5
13629.0,21755,1.0,6
13629.0,21929,1.0,7
13629.0,22427,1.0,8
13629.0,21928,1.0,9
13629.0,22557,1.0,10
13629.0,21155,1.0,11
13629.0,21985,1.0,12
13629.0,22748,1.0,13
13629.0,22745,1.0,14
13629.0,22759,1.0,15
13629.0,21756,1.0,16
13629.0,22746,1.0,17
13629.0,22896,1.0,18
13629.0,21982,1.0,19
13629.0,23076,1.0,20
13650.0,85123A,1.0,1
13650.0,22423,1.0,2
13650.0,47566,1.0,3
13650.0,22383,1.0,4
13650.0,20728,1.0,5
13650.0,22382,1.0,6
13650.0,22469,1.0,7
13650.0,82482,1.0,8
13650.0,23209,1.0,9
13650.0,23203,1.0,10
13650.0,22697,1.0,11
13650.0,23201,1.0,12
13650.0,23207,1.0,13
13650.0,48138,1.0,14
13650.0,22084,1.0,15
13650.0,21790,1.0,16
13650.0,22551,1.0,17
13650.0,22147,1.0,18
13650.0,22189,1.0,19
13650.0,15056N,1.0,20
13654.0,47566,1.0,1
13654.0,85099B,1.0,2
13654.0,20725,1.0,3
13654.0,20727,1.0,4
13654.0,23298,1.0,5
13654.0,23209,1.0,6
13654.0,23203,1.0,7
13654.0,85099F,1.0,8
13654.0,22139,1.0,9
13654.0,22138,1.0,10
13654.0,22662,1.0,11
13654.0,23207,1.0,12
13654.0,21232,1.0,13
13654.0,22630,1.0,14
13654.0,22084,1.0,15
13654.0,22149,1.0,16
13654.0,22326,1.0,17
13654.0,22356,1.0,18
13654.0,22328,1.0,19
13654.0,22385,1.0,20
13680.0,85123A,1.0,1
13680.0,85099B,1.0,2
13680.0,20725,1.0,3
13680.0,20727,1.0,4
13680.0,20728,1.0,5
13680.0,22386,1.0,6
13680.0,22197,1.0,7
13680.0,20726,1.0,8
13680.0,84991,1.0,9
13680.0,21175,1.0,10
13680.0,85099C,1.0,11
13680.0,21733,1.0,12
13680.0,21181,1.0,13
13680.0,21166,1.0,14
13680.0,48138,1.0,15
13680.0,20719,1.0,16
13680.0,22326,1.0,17
13680.0,82600,1.0,18
13680.0,79321,1.0,19
13680.0,84970S,1.0,20
13685.0,M,0.011328248063188003,1
13685.0,22502,0.0056423040152963665,2
13685.0,POST,0.002831070745697897,3
13685.0,79321,0.0028112332695984705,4
13685.0,23166,0.0028112332695984705,5
13685.0,22841,0.000113979719239789,6
13685.0,85123A,0.0,7
13685.0,22423,0.0,8
13685.0,47566,0.0,9
13685.0,85099B,0.0,10
13685.0,20725,0.0,11
13685.0,84879,0.0,12
13685.0,22720,0.0,13
13685.0,22383,0.0,14
13685.0,21212,0.0,15
13685.0,20727,0.0,16
13685.0,20728,0.0,17
13685.0,22384,0.0,18
13685.0,23298,0.0,19
13685.0,22457,0.0,20
13692.0,84879,1.0,1
13692.0,22969,1.0,2
13692.0,22084,1.0,3
13692.0,22149,1.0,4
13692.0,21843,1.0,5
13692.0,21915,1.0,6
13692.0,71459,1.0,7
13692.0,22083,1.0,8
13692.0,22193,1.0,9
13692.0,84077,1.0,10
13692.0,22029,1.0,11
13692.0,15036,1.0,12
13692.0,22616,1.0,13
13692.0,20971,1.0,14
13692.0,22983,1.0,15
13692.0,23231,1.0,16
13692.0,22037,1.0,17
13692.0,23230,1.0,18
13692.0,22045,1.0,19
13692.0,23233,1.0,20
13694.0,85123A,1.0,1
13694.0,22423,1.0,2
13694.0,47566,1.0,3
13694.0,85099B,1.0,4
13694.0,20725,1.0,5
13694.0,22383,1.0,6
13694.0,21212,1.0,7
13694.0,20727,1.0,8
13694.0,22384,1.0,9
13694.0,22469,1.0,10
13694.0,82482,1.0,11
13694.0,22993,1.0,12
13694.0,22386,1.0,13
13694.0,23206,1.0,14
13694.0,23209,1.0,15
13694.0,21080,1.0,16
13694.0,21931,1.0,17
13694.0,22411,1.0,18
13694.0,20914,1.0,19
13694.0,82494L,1.0,20
13697.0,22841,0.000113979719239789,1
13697.0,85123A,0.0,2
13697.0,22423,0.0,3
13697.0,47566,0.0,4
13697.0,85099B,0.0,5
13697.0,20725,0.0,6
13697.0,84879,0.0,7
13697.0,22720,0.0,8
13697.0,22383,0.0,9
13697.0,21212,0.0,10
13697.0,20727,0.0,11
13697.0,20728,0.0,12
13697.0,22384,0.0,13
13697.0,23298,0.0,14
13697.0,POST,0.0,15
13697.0,22457,0.0,16
13697.0,22382,0.0,17
13697.0,22960,0.0,18
13697.0,22961,0.0,19
13697.0,22469,0.0,20
13705.0,47566,1.0,1
13705.0,84879,1.0,2
13705.0,84755,1.0,3
13705.0,21669,1.0,4
13705.0,21668,1.0,5
13705.0,22502,1.0,6
13705.0,22150,1.0,7
13705.0,21671,1.0,8
13705.0,21889,1.0,9
13705.0,22619,1.0,10
13705.0,21891,1.0,11
13705.0,22772,1.0,12
13705.0,22773,1.0,13
13705.0,22805,1.0,14
13705.0,23032,1.0,15
13705.0,22841,0.000113979719239789,16
13705.0,85123A,0.0,17
13705.0,22423,0.0,18
13705.0,85099B,0.0,19
13705.0,20725,0.0,20
13719.0,82482,1.0,1
13719.0,22178,1.0,2
13719.0,21080,1.0,3
13719.0,22499,1.0,4
13719.0,23321,1.0,5
13719.0,23322,1.0,6
13719.0,21745,1.0,7
13719.0,21718,1.0,8
13719.0,21715,1.0,9
13719.0,21713,1.0,10
13719.0,23169,1.0,11
13719.0,23082,1.0,12
13719.0,21470,1.0,13
13719.0,46000S,1.0,14
13719.0,22498,1.0,15
13719.0,21927,1.0,16
13719.0,M,0.008785638002902819,17
13719.0,23166,0.004802660481361335,18
13719.0,22841,0.0020706171228045667,19
13719.0,85123A,0.0,20
13727.0,22841,0.000113979719239789,1
13727.0,85123A,0.0,2
13727.0,22423,0.0,3
13727.0,47566,0.0,4
13727.0,85099B,0.0,5
13727.0,20725,0.0,6
13727.0,84879,0.0,7
13727.0,22720,0.0,8
13727.0,22383,0.0,9
13727.0,21212,0.0,10
13727.0,20727,0.0,11
13727.0,20728,0.0,12
13727.0,22384,0.0,13
13727.0,23298,0.0,14
13727.0,POST,0.0,15
13727.0,22457,0.0,16
13727.0,22382,0.0,17
13727.0,22960,0.0,18
13727.0,22961,0.0,19
13727.0,22469,0.0,20
13742.0,85123A,1.0,1
13742.0,20725,1.0,2
13742.0,22720,1.0,3
13742.0,22457,1.0,4
13742.0,22960,1.0,5
13742.0,22469,1.0,6
13742.0,82482,1.0,7
13742.0,22993,1.0,8
13742.0,22197,1.0,9
13742.0,22666,1.0,10
13742.0,22470,1.0,11
13742.0,21754,1.0,12
13742.0,20914,1.0,13
13742.0,21034,1.0,14
13742.0,82494L,1.0,15
13742.0,22722,1.0,16
13742.0,84978,1.0,17
13742.0,82484,1.0,18
13742.0,21755,1.0,19
13742.0,21733,1.0,20
13755.0,22383,1.0,1
13755.0,20728,1.0,2
13755.0,22382,1.0,3
13755.0,22666,1.0,4
13755.0,22726,1.0,5
13755.0,22662,1.0,6
13755.0,23207,1.0,7
13755.0,23208,1.0,8
13755.0,22467,1.0,9
13755.0,22729,1.0,10
13755.0,23300,1.0,11
13755.0,15056N,1.0,12
13755.0,21669,1.0,13
13755.0,21668,1.0,14
13755.0,22192,1.0,15
13755.0,21672,1.0,16
13755.0,22113,1.0,17
13755.0,21671,1.0,18
13755.0,21770,1.0,19
13755.0,21670,1.0,20
13784.0,22423,1.0,1
13784.0,22090,1.0,2
13784.0,84978,1.0,3
13784.0,22427,1.0,4
13784.0,22698,1.0,5
13784.0,84970S,1.0,6
13784.0,84970L,1.0,7
13784.0,22151,1.0,8
13784.0,23163,1.0,9
13784.0,M,0.0028302103250478013,10
13784.0,23166,0.0028302103250478013,11
13784.0,22841,0.000113979719239789,12
13784.0,85123A,0.0,13
13784.0,47566,0.0,14
13784.0,85099B,0.0,15
13784.0,20725,0.0,16
13784.0,84879,0.0,17
13784.0,22720,0.0,18
13784.0,22383,0.0,19
13784.0,21212,0.0,20
13804.0,22720,1.0,1
13804.0,21212,1.0,2
13804.0,23298,1.0,3
13804.0,22960,1.0,4
13804.0,22961,1.0,5
13804.0,22993,1.0,6
13804.0,22666,1.0,7
13804.0,22722,1.0,8
13804.0,22139,1.0,9
13804.0,21175,1.0,10
13804.0,22138,1.0,11
13804.0,21181,1.0,12
13804.0,22969,1.0,13
13804.0,22084,1.0,14
13804.0,21790,1.0,15
13804.0,22776,1.0,16
13804.0,21915,1.0,17
13804.0,22966,1.0,18
13804.0,22625,1.0,19
13804.0,84077,1.0,20
13808.0,84879,1.0,1
13808.0,84978,1.0,2
13808.0,84946,1.0,3
13808.0,85066,1.0,4
13808.0,21314,1.0,5
13808.0,21136,1.0,6
13808.0,21916,1.0,7
13808.0,22768,1.0,8
13808.0,22767,1.0,9
13808.0,84947,1.0,10
13808.0,23032,1.0,11
13808.0,21993,1.0,12
13808.0,72807C,1.0,13
13808.0,46000S,1.0,14
13808.0,22158,1.0,15
13808.0,22161,1.0,16
13808.0,22841,0.000113979719239789,17
13808.0,85123A,0.0,18
13808.0,22423,0.0,19
13808.0,47566,0.0,20
13810.0,23298,1.0,1
13810.0,POST,1.0,2
13810.0,22966,1.0,3
13810.0,84375,1.0,4
13810.0,22367,1.0,5
13810.0,22964,1.0,6
13810.0,22898,1.0,7
13810.0,M,1.0,8
13810.0,22669,1.0,9
13810.0,20682,1.0,10
13810.0,22175,1.0,11
13810.0,22176,1.0,12
13810.0,21669,0.995,13
13810.0,21668,0.995,14
13810.0,21672,0.995,15
13810.0,21673,0.995,16
13810.0,23166,0.007620442508129977,17
13810.0,22502,0.0028177820267686424,18
13810.0,22841,0.0020706171228045667,19
13810.0,85123A,0.0,20
13823.0,84879,1.0,1
13823.0,82482,1.0,2
13823.0,82494L,1.0,3
13823.0,82484,1.0,4
13823.0,20685,1.0,5
13823.0,21181,1.0,6
13823.0,85152,1.0,7
13823.0,48187,1.0,8
13823.0,48194,1.0,9
13823.0,82600,1.0,10
13823.0,21524,1.0,11
13823.0,48184,1.0,12
13823.0,21523,1.0,13
13823.0,82582,1.0,14
13823.0,85150,1.0,15
13823.0,82583,1.0,16
13823.0,21498,1.0,17
13823.0,48185,1.0,18
13823.0,22690,1.0,19
13823.0,21499,1.0,20
13824.0,47566,1.0,1
13824.0,20725,1.0,2
13824.0,22383,1.0,3
13824.0,20727,1.0,4
13824.0,20726,1.0,5
13824.0,22427,1.0,6
13824.0,21731,1.0,7
13824.0,84997D,1.0,8
13824.0,22621,1.0,9
13824.0,84997C,1.0,10
13824.0,22968,1.0,11
13824.0,21935,1.0,12
13824.0,22636,1.0,13
13824.0,22179,1.0,14
13824.0,22115,1.0,15
13824.0,21934,1.0,16
13824.0,21429,1.0,17
13824.0,21992,1.0,18
13824.0,21993,1.0,19
13824.0,21990,1.0,20
13828.0,22841,0.000113979719239789,1
13828.0,85123A,0.0,2
13828.0,22423,0.0,3
13828.0,47566,0.0,4
13828.0,85099B,0.0,5
13828.0,20725,0.0,6
13828.0,84879,0.0,7
13828.0,22720,0.0,8
13828.0,22383,0.0,9
13828.0,21212,0.0,10
13828.0,20727,0.0,11
13828.0,20728,0.0,12
13828.0,22384,0.0,13
13828.0,23298,0.0,14
13828.0,POST,0.0,15
13828.0,22457,0.0,16
13828.0,22382,0.0,17
13828.0,22960,0.0,18
13828.0,22961,0.0,19
13828.0,22469,0.0,20
13831.0,85123A,1.0,1
13831.0,82482,1.0,2
13831.0,22666,1.0,3
13831.0,82494L,1.0,4
13831.0,22722,1.0,5
13831.0,21733,1.0,6
13831.0,82486,1.0,7
13831.0,21166,1.0,8
13831.0,21790,1.0,9
13831.0,22554,1.0,10
13831.0,85066,1.0,11
13831.0,22557,1.0,12
13831.0,84077,1.0,13
13831.0,21907,1.0,14
13831.0,21174,1.0,15
13831.0,22607,1.0,16
13831.0,22555,1.0,17
13831.0,22413,1.0,18
13831.0,22171,1.0,19
13831.0,22173,1.0,20
13832.0,22841,0.000113979719239789,1
13832.0,85123A,0.0,2
13832.0,22423,0.0,3
13832.0,47566,0.0,4
13832.0,85099B,0.0,5
13832.0,20725,0.0,6
13832.0,84879,0.0,7
13832.0,22720,0.0,8
13832.0,22383,0.0,9
13832.0,21212,0.0,10
13832.0,20727,0.0,11
13832.0,20728,0.0,12
13832.0,22384,0.0,13
13832.0,23298,0.0,14
13832.0,POST,0.0,15
13832.0,22457,0.0,16
13832.0,22382,0.0,17
13832.0,22960,0.0,18
13832.0,22961,0.0,19
13832.0,22469,0.0,20
13862.0,21212,1.0,1
13862.0,20727,1.0,2
13862.0,20728,1.0,3
13862.0,22384,1.0,4
13862.0,22382,1.0,5
13862.0,22960,1.0,6
13862.0,22961,1.0,7
13862.0,22993,1.0,8
13862.0,22178,1.0,9
13862.0,22197,1.0,10
13862.0,23209,1.0,11
13862.0,22697,1.0,12
13862.0,84991,1.0,13
13862.0,84755,1.0,14
13862.0,84978,1.0,15
13862.0,22138,1.0,16
13862.0,23207,1.0,17
13862.0,22084,1.0,18
13862.0,21975,1.0,19
13862.0,84378,1.0,20
13868.0,22841,0.000113979719239789,1
13868.0,85123A,0.0,2
13868.0,22423,0.0,3
13868.0,47566,0.0,4
13868.0,85099B,0.0,5
13868.0,20725,0.0,6
13868.0,84879,0.0,7
13868.0,22720,0.0,8
13868.0,22383,0.0,9
13868.0,21212,0.0,10
13868.0,20727,0.0,11
13868.0,20728,0.0,12
13868.0,22384,0.0,13
13868.0,23298,0.0,14
13868.0,POST,0.0,15
13868.0,22457,0.0,16
13868.0,22382,0.0,17
13868.0,22960,0.0,18
13868.0,22961,0.0,19
13868.0,22469,0.0,20
13878.0,22841,0.000113979719239789,1
13878.0,85123A,0.0,2
13878.0,22423,0.0,3
13878.0,47566,0.0,4
13878.0,85099B,0.0,5
13878.0,20725,0.0,6
13878.0,84879,0.0,7
13878.0,22720,0.0,8
13878.0,22383,0.0,9
13878.0,21212,0.0,10
13878.0,20727,0.0,11
13878.0,20728,0.0,12
13878.0,22384,0.0,13
13878.0,23298,0.0,14
13878.0,POST,0.0,15
13878.0,22457,0.0,16
13878.0,22382,0.0,17
13878.0,22960,0.0,18
13878.0,22961,0.0,19
13878.0,22469,0.0,20
13899.0,22423,1.0,1
13899.0,22960,1.0,2
13899.0,22699,1.0,3
13899.0,22697,1.0,4
13899.0,22698,1.0,5
13899.0,21790,1.0,6
13899.0,22621,1.0,7
13899.0,84988,1.0,8
13899.0,22561,1.0,9
13899.0,21889,1.0,10
13899.0,22089,1.0,11
13899.0,21888,1.0,12
13899.0,21715,1.0,13
13899.0,23176,1.0,14
13899.0,23194,1.0,15
13899.0,22841,0.000113979719239789,16
13899.0,85123A,0.0,17
13899.0,47566,0.0,18
13899.0,85099B,0.0,19
13899.0,20725,0.0,20
13917.0,22457,1.0,1
13917.0,22487,1.0,2
13917.0,22595,1.0,3
13917.0,22841,0.000113979719239789,4
13917.0,85123A,0.0,5
13917.0,22423,0.0,6
13917.0,47566,0.0,7
13917.0,85099B,0.0,8
13917.0,20725,0.0,9
13917.0,84879,0.0,10
13917.0,22720,0.0,11
13917.0,22383,0.0,12
13917.0,21212,0.0,13
13917.0,20727,0.0,14
13917.0,20728,0.0,15
13917.0,22384,0.0,16
13917.0,23298,0.0,17
13917.0,POST,0.0,18
13917.0,22382,0.0,19
13917.0,22960,0.0,20
13924.0,84879,1.0,1
13924.0,22720,1.0,2
13924.0,22457,1.0,3
13924.0,23209,1.0,4
13924.0,22666,1.0,5
13924.0,84978,1.0,6
13924.0,22138,1.0,7
13924.0,21733,1.0,8
13924.0,20719,1.0,9
13924.0,85066,1.0,10
13924.0,84836,1.0,11
13924.0,20749,1.0,12
13924.0,22617,1.0,13
13924.0,21136,1.0,14
13924.0,22294,1.0,15
13924.0,22595,1.0,16
13924.0,23236,1.0,17
13924.0,22668,1.0,18
13924.0,23165,1.0,19
13924.0,21428,1.0,20
13953.0,47566,1.0,1
13953.0,47566B,1.0,2
13953.0,47590B,1.0,3
13953.0,15036,1.0,4
13953.0,21086,1.0,5
13953.0,47599A,1.0,6
13953.0,47599B,1.0,7
13953.0,22841,0.000113979719239789,8
13953.0,85123A,0.0,9
13953.0,22423,0.0,10
13953.0,85099B,0.0,11
13953.0,20725,0.0,12
13953.0,84879,0.0,13
13953.0,22720,0.0,14
13953.0,22383,0.0,15
13953.0,21212,0.0,16
13953.0,20727,0.0,17
13953.0,20728,0.0,18
13953.0,22384,0.0,19
13953.0,23298,0.0,20
13962.0,82486,1.0,1
13962.0,22487,1.0,2
13962.0,22855,1.0,3
13962.0,20828,1.0,4
13962.0,22694,1.0,5
13962.0,22841,0.000113979719239789,6
13962.0,85123A,0.0,7
13962.0,22423,0.0,8
13962.0,47566,0.0,9
13962.0,85099B,0.0,10
13962.0,20725,0.0,11
13962.0,84879,0.0,12
13962.0,22720,0.0,13
13962.0,22383,0.0,14
13962.0,21212,0.0,15
13962.0,20727,0.0,16
13962.0,20728,0.0,17
13962.0,22384,0.0,18
13962.0,23298,0.0,19
13962.0,POST,0.0,20
13969.0,22423,1.0,1
13969.0,47566,1.0,2
13969.0,85099B,1.0,3
13969.0,20725,1.0,4
13969.0,84879,1.0,5
13969.0,22720,1.0,6
13969.0,22383,1.0,7
13969.0,20727,1.0,8
13969.0,20728,1.0,9
13969.0,22384,1.0,10
13969.0,23298,1.0,11
13969.0,22382,1.0,12
13969.0,22960,1.0,13
13969.0,22961,1.0,14
13969.0,22197,1.0,15
13969.0,23206,1.0,16
13969.0,20726,1.0,17
13969.0,23209,1.0,18
13969.0,23203,1.0,19
13969.0,22699,1.0,20
13971.0,47566,1.0,1
13971.0,85099B,1.0,2
13971.0,84879,1.0,3
13971.0,21212,1.0,4
13971.0,20728,1.0,5
13971.0,22384,1.0,6
13971.0,23298,1.0,7
13971.0,22457,1.0,8
13971.0,22961,1.0,9
13971.0,22993,1.0,10
13971.0,23209,1.0,11
13971.0,23203,1.0,12
13971.0,22666,1.0,13
13971.0,22411,1.0,14
13971.0,20914,1.0,15
13971.0,85099F,1.0,16
13971.0,22090,1.0,17
13971.0,22722,1.0,18
13971.0,23199,1.0,19
13971.0,21929,1.0,20
13984.0,84946,1.0,1
13984.0,22492,1.0,2
13984.0,22931,1.0,3
13984.0,22934,1.0,4
13984.0,22841,0.000113979719239789,5
13984.0,85123A,0.0,6
13984.0,22423,0.0,7
13984.0,47566,0.0,8
13984.0,85099B,0.0,9
13984.0,20725,0.0,10
13984.0,84879,0.0,11
13984.0,22720,0.0,12
13984.0,22383,0.0,13
13984.0,21212,0.0,14
13984.0,20727,0.0,15
13984.0,20728,0.0,16
13984.0,22384,0.0,17
13984.0,23298,0.0,18
13984.0,POST,0.0,19
13984.0,22457,0.0,20
13985.0,47566,1.0,1
13985.0,85099B,1.0,2
13985.0,20725,1.0,3
13985.0,20727,1.0,4
13985.0,20728,1.0,5
13985.0,22384,1.0,6
13985.0,22457,1.0,7
13985.0,22382,1.0,8
13985.0,82482,1.0,9
13985.0,22386,1.0,10
13985.0,23209,1.0,11
13985.0,23203,1.0,12
13985.0,20914,1.0,13
13985.0,22629,1.0,14
13985.0,20724,1.0,15
13985.0,22139,1.0,16
13985.0,22662,1.0,17
13985.0,23207,1.0,18
13985.0,22630,1.0,19
13985.0,21790,1.0,20
13994.0,85123A,1.0,1
13994.0,22423,1.0,2
13994.0,47566,1.0,3
13994.0,84879,1.0,4
13994.0,23298,1.0,5
13994.0,22457,1.0,6
13994.0,22699,1.0,7
13994.0,22666,1.0,8
13994.0,21754,1.0,9
13994.0,22697,1.0,10
13994.0,84978,1.0,11
13994.0,22726,1.0,12
13994.0,21755,1.0,13
13994.0,22907,1.0,14
13994.0,84946,1.0,15
13994.0,84378,1.0,16
13994.0,23245,1.0,17
13994.0,84380,1.0,18
13994.0,22776,1.0,19
13994.0,22766,1.0,20
13999.0,47566,1.0,1
13999.0,85099B,1.0,2
13999.0,20725,1.0,3
13999.0,23298,1.0,4
13999.0,23209,1.0,5
13999.0,23203,1.0,6
13999.0,21080,1.0,7
13999.0,22411,1.0,8
13999.0,85099F,1.0,9
13999.0,84755,1.0,10
13999.0,21929,1.0,11
13999.0,23202,1.0,12
13999.0,23208,1.0,13
13999.0,48138,1.0,14
13999.0,22624,1.0,15
13999.0,21928,1.0,16
13999.0,21936,1.0,17
13999.0,22652,1.0,18
13999.0,21621,1.0,19
13999.0,48184,1.0,20
14004.0,85099B,1.0,1
14004.0,20725,1.0,2
14004.0,22383,1.0,3
14004.0,21212,1.0,4
14004.0,20728,1.0,5
14004.0,22993,1.0,6
14004.0,22386,1.0,7
14004.0,23209,1.0,8
14004.0,23203,1.0,9
14004.0,21931,1.0,10
14004.0,22727,1.0,11
14004.0,22411,1.0,12
14004.0,22090,1.0,13
14004.0,21977,1.0,14
14004.0,21175,1.0,15
14004.0,23201,1.0,16
14004.0,22726,1.0,17
14004.0,23207,1.0,18
14004.0,21929,1.0,19
14004.0,23202,1.0,20
14015.0,22841,0.000113979719239789,1
14015.0,85123A,0.0,2
14015.0,22423,0.0,3
14015.0,47566,0.0,4
14015.0,85099B,0.0,5
14015.0,20725,0.0,6
14015.0,84879,0.0,7
14015.0,22720,0.0,8
14015.0,22383,0.0,9
14015.0,21212,0.0,10
14015.0,20727,0.0,11
14015.0,20728,0.0,12
14015.0,22384,0.0,13
14015.0,23298,0.0,14
14015.0,POST,0.0,15
14015.0,22457,0.0,16
14015.0,22382,0.0,17
14015.0,22960,0.0,18
14015.0,22961,0.0,19
14015.0,22469,0.0,20
14020.0,22720,1.0,1
14020.0,22554,1.0,2
14020.0,21843,1.0,3
14020.0,22557,1.0,4
14020.0,84987,1.0,5
14020.0,21974,1.0,6
14020.0,84030E,1.0,7
14020.0,22841,0.000113979719239789,8
14020.0,85123A,0.0,9
14020.0,22423,0.0,10
14020.0,47566,0.0,11
14020.0,85099B,0.0,12
14020.0,20725,0.0,13
14020.0,84879,0.0,14
14020.0,22383,0.0,15
14020.0,21212,0.0,16
14020.0,20727,0.0,17
14020.0,20728,0.0,18
14020.0,22384,0.0,19
14020.0,23298,0.0,20
14031.0,22423,1.0,1
14031.0,84879,1.0,2
14031.0,82482,1.0,3
14031.0,22699,1.0,4
14031.0,22411,1.0,5
14031.0,82494L,1.0,6
14031.0,22697,1.0,7
14031.0,21977,1.0,8
14031.0,85099C,1.0,9
14031.0,23201,1.0,10
14031.0,21929,1.0,11
14031.0,23202,1.0,12
14031.0,48138,1.0,13
14031.0,22698,1.0,14
14031.0,22326,1.0,15
14031.0,22659,1.0,16
14031.0,23245,1.0,17
14031.0,21843,1.0,18
14031.0,23301,1.0,19
14031.0,21559,1.0,20
14035.0,85123A,1.0,1
14035.0,84879,1.0,2
14035.0,82482,1.0,3
14035.0,82494L,1.0,4
14035.0,22697,1.0,5
14035.0,82486,1.0,6
14035.0,22698,1.0,7
14035.0,22189,1.0,8
14035.0,21136,1.0,9
14035.0,22219,1.0,10
14035.0,22296,1.0,11
14035.0,22151,1.0,12
14035.0,22595,1.0,13
14035.0,22295,1.0,14
14035.0,21390,1.0,15
14035.0,21135,1.0,16
14035.0,22841,0.000113979719239789,17
14035.0,22423,0.0,18
14035.0,47566,0.0,19
14035.0,85099B,0.0,20
14047.0,85123A,1.0,1
14047.0,23206,1.0,2
14047.0,21754,1.0,3
14047.0,82484,1.0,4
14047.0,22467,1.0,5
14047.0,84077,1.0,6
14047.0,22367,1.0,7
14047.0,22752,1.0,8
14047.0,22898,1.0,9
14047.0,21481,1.0,10
14047.0,22841,1.0,11
14047.0,22634,1.0,12
14047.0,22837,1.0,13
14047.0,84792,1.0,14
14047.0,22120,1.0,15
14047.0,22781,1.0,16
14047.0,22423,0.0,17
14047.0,47566,0.0,18
14047.0,85099B,0.0,19
14047.0,20725,0.0,20
14050.0,21080,1.0,1
14050.0,22138,1.0,2
14050.0,22907,1.0,3
14050.0,84375,1.0,4
14050.0,22367,1.0,5
14050.0,21094,1.0,6
14050.0,84692,1.0,7
14050.0,22617,1.0,8
14050.0,21086,1.0,9
14050.0,22585,1.0,10
14050.0,22333,1.0,11
14050.0,22898,1.0,12
14050.0,22435,1.0,13
14050.0,21989,1.0,14
14050.0,23078,1.0,15
14050.0,47599A,1.0,16
14050.0,22437,1.0,17
14050.0,85184C,1.0,18
14050.0,21988,1.0,19
14050.0,21987,1.0,20
14071.0,22457,1.0,1
14071.0,21034,1.0,2
14071.0,22084,1.0,3
14071.0,22499,1.0,4
14071.0,22151,1.0,5
14071.0,21381,1.0,6
14071.0,21984,1.0,7
14071.0,21983,1.0,8
14071.0,22231,1.0,9
14071.0,21626,1.0,10
14071.0,22841,0.000113979719239789,11
14071.0,85123A,0.0,12
14071.0,22423,0.0,13
14071.0,47566,0.0,14
14071.0,85099B,0.0,15
14071.0,20725,0.0,16
14071.0,84879,0.0,17
14071.0,22720,0.0,18
14071.0,22383,0.0,19
14071.0,21212,0.0,20
14083.0,23298,1.0,1
14083.0,22469,1.0,2
14083.0,22411,1.0,3
14083.0,21034,1.0,4
14083.0,21755,1.0,5
14083.0,48187,1.0,6
14083.0,22467,1.0,7
14083.0,22554,1.0,8
14083.0,22551,1.0,9
14083.0,79321,1.0,10
14083.0,21731,1.0,11
14083.0,22557,1.0,12
14083.0,21621,1.0,13
14083.0,48184,1.0,14
14083.0,22029,1.0,15
14083.0,22900,1.0,16
14083.0,21932,1.0,17
14083.0,22616,1.0,18
14083.0,22553,1.0,19
14083.0,21933,1.0,20
14093.0,22841,0.000113979719239789,1
14093.0,85123A,0.0,2
14093.0,22423,0.0,3
14093.0,47566,0.0,4
14093.0,85099B,0.0,5
14093.0,20725,0.0,6
14093.0,84879,0.0,7
14093.0,22720,0.0,8
14093.0,22383,0.0,9
14093.0,21212,0.0,10
14093.0,20727,0.0,11
14093.0,20728,0.0,12
14093.0,22384,0.0,13
14093.0,23298,0.0,14
14093.0,POST,0.0,15
14093.0,22457,0.0,16
14093.0,22382,0.0,17
14093.0,22960,0.0,18
14093.0,22961,0.0,19
14093.0,22469,0.0,20
14096.0,85123A,1.0,1
14096.0,22423,1.0,2
14096.0,47566,1.0,3
14096.0,85099B,1.0,4
14096.0,20725,1.0,5
14096.0,22720,1.0,6
14096.0,22383,1.0,7
14096.0,21212,1.0,8
14096.0,20728,1.0,9
14096.0,22384,1.0,10
14096.0,22457,1.0,11
14096.0,22382,1.0,12
14096.0,22960,1.0,13
14096.0,22961,1.0,14
14096.0,22469,1.0,15
14096.0,82482,1.0,16
14096.0,22993,1.0,17
14096.0,22178,1.0,18
14096.0,22197,1.0,19
14096.0,20726,1.0,20
14113.0,22966,1.0,1
14113.0,22111,1.0,2
14113.0,22173,1.0,3
14113.0,84406B,1.0,4
14113.0,22151,1.0,5
14113.0,22891,1.0,6
14113.0,22866,0.995,7
14113.0,POST,0.0035932772285717784,8
14113.0,22727,0.0035932772285717784,9
14113.0,20914,0.0035932772285717784,10
14113.0,22726,0.0035932772285717784,11
14113.0,22728,0.0035932772285717784,12
14113.0,22729,0.0035932772285717784,13
14113.0,21930,0.0035932772285717784,14
14113.0,22841,0.000113979719239789,15
14113.0,85123A,0.0,16
14113.0,22423,0.0,17
14113.0,47566,0.0,18
14113.0,85099B,0.0,19
14113.0,20725,0.0,20
14121.0,22029,1.0,1
14121.0,21791,1.0,2
14121.0,22456,1.0,3
14121.0,22027,1.0,4
14121.0,22489,1.0,5
14121.0,21891,1.0,6
14121.0,22716,1.0,7
14121.0,21509,1.0,8
14121.0,21507,1.0,9
14121.0,21508,1.0,10
14121.0,20978,1.0,11
14121.0,23290,1.0,12
14121.0,23292,1.0,13
14121.0,22841,0.000113979719239789,14
14121.0,85123A,0.0,15
14121.0,22423,0.0,16
14121.0,47566,0.0,17
14121.0,85099B,0.0,18
14121.0,20725,0.0,19
14121.0,84879,0.0,20
14126.0,22841,0.000113979719239789,1
14126.0,85123A,0.0,2
14126.0,22423,0.0,3
14126.0,47566,0.0,4
14126.0,85099B,0.0,5
14126.0,20725,0.0,6
14126.0,84879,0.0,7
14126.0,22720,0.0,8
14126.0,22383,0.0,9
14126.0,21212,0.0,10
14126.0,20727,0.0,11
14126.0,20728,0.0,12
14126.0,22384,0.0,13
14126.0,23298,0.0,14
14126.0,POST,0.0,15
14126.0,22457,0.0,16
14126.0,22382,0.0,17
14126.0,22960,0.0,18
14126.0,22961,0.0,19
14126.0,22469,0.0,20
14132.0,22149,1.0,1
14132.0,22147,1.0,2
14132.0,21791,1.0,3
14132.0,22621,1.0,4
14132.0,22150,1.0,5
14132.0,22492,1.0,6
14132.0,22749,1.0,7
14132.0,22560,1.0,8
14132.0,22750,1.0,9
14132.0,22489,1.0,10
14132.0,22619,1.0,11
14132.0,22273,1.0,12
14132.0,22271,1.0,13
14132.0,22622,1.0,14
14132.0,21703,1.0,15
14132.0,47599A,1.0,16
14132.0,22704,1.0,17
14132.0,16156S,1.0,18
14132.0,23233,1.0,19
14132.0,10133,1.0,20
14140.0,22841,0.000113979719239789,1
14140.0,85123A,0.0,2
14140.0,22423,0.0,3
14140.0,47566,0.0,4
14140.0,85099B,0.0,5
14140.0,20725,0.0,6
14140.0,84879,0.0,7
14140.0,22720,0.0,8
14140.0,22383,0.0,9
14140.0,21212,0.0,10
14140.0,20727,0.0,11
14140.0,20728,0.0,12
14140.0,22384,0.0,13
14140.0,23298,0.0,14
14140.0,POST,0.0,15
14140.0,22457,0.0,16
14140.0,22382,0.0,17
14140.0,22960,0.0,18
14140.0,22961,0.0,19
14140.0,22469,0.0,20
14156.0,85123A,1.0,1
14156.0,22423,1.0,2
14156.0,47566,1.0,3
14156.0,85099B,1.0,4
14156.0,20725,1.0,5
14156.0,84879,1.0,6
14156.0,22720,1.0,7
14156.0,22383,1.0,8
14156.0,21212,1.0,9
14156.0,20727,1.0,10
14156.0,20728,1.0,11
14156.0,22384,1.0,12
14156.0,23298,1.0,13
14156.0,22382,1.0,14
14156.0,22960,1.0,15
14156.0,22961,1.0,16
14156.0,22469,1.0,17
14156.0,22993,1.0,18
14156.0,22386,1.0,19
14156.0,22197,1.0,20
14179.0,22841,0.000113979719239789,1
14179.0,85123A,0.0,2
14179.0,22423,0.0,3
14179.0,47566,0.0,4
14179.0,85099B,0.0,5
14179.0,20725,0.0,6
14179.0,84879,0.0,7
14179.0,22720,0.0,8
14179.0,22383,0.0,9
14179.0,21212,0.0,10
14179.0,20727,0.0,11
14179.0,20728,0.0,12
14179.0,22384,0.0,13
14179.0,23298,0.0,14
14179.0,POST,0.0,15
14179.0,22457,0.0,16
14179.0,22382,0.0,17
14179.0,22960,0.0,18
14179.0,22961,0.0,19
14179.0,22469,0.0,20
14180.0,22720,1.0,1
14180.0,22666,1.0,2
14180.0,21754,1.0,3
14180.0,22139,1.0,4
14180.0,82484,1.0,5
14180.0,22138,1.0,6
14180.0,21755,1.0,7
14180.0,22427,1.0,8
14180.0,82486,1.0,9
14180.0,22624,1.0,10
14180.0,21843,1.0,11
14180.0,23284,1.0,12
14180.0,85066,1.0,13
14180.0,22667,1.0,14
14180.0,22625,1.0,15
14180.0,22487,1.0,16
14180.0,20750,1.0,17
14180.0,21533,1.0,18
14180.0,22771,1.0,19
14180.0,22429,1.0,20
14198.0,22960,1.0,1
14198.0,82482,1.0,2
14198.0,82494L,1.0,3
14198.0,84978,1.0,4
14198.0,22427,1.0,5
14198.0,82486,1.0,6
14198.0,48187,1.0,7
14198.0,71459,1.0,8
14198.0,82483,1.0,9
14198.0,22692,1.0,10
14198.0,21430,1.0,11
14198.0,22507,1.0,12
14198.0,22585,1.0,13
14198.0,22086,1.0,14
14198.0,22784,1.0,15
14198.0,23231,1.0,16
14198.0,16161P,1.0,17
14198.0,22910,1.0,18
14198.0,22914,1.0,19
14198.0,22741,1.0,20
14214.0,22423,1.0,1
14214.0,22720,1.0,2
14214.0,23203,1.0,3
14214.0,22699,1.0,4
14214.0,22697,1.0,5
14214.0,23199,1.0,6
14214.0,22077,1.0,7
14214.0,22969,1.0,8
14214.0,84946,1.0,9
14214.0,21975,1.0,10
14214.0,21790,1.0,11
14214.0,22728,1.0,12
14214.0,20712,1.0,13
14214.0,71459,1.0,14
14214.0,20972,1.0,15
14214.0,22771,1.0,16
14214.0,21314,1.0,17
14214.0,22989,1.0,18
14214.0,22979,1.0,19
14214.0,21937,1.0,20
14217.0,47566,1.0,1
14217.0,85099B,1.0,2
14217.0,84879,1.0,3
14217.0,22720,1.0,4
14217.0,22457,1.0,5
14217.0,22469,1.0,6
14217.0,82494L,1.0,7
14217.0,22722,1.0,8
14217.0,84755,1.0,9
14217.0,84978,1.0,10
14217.0,82484,1.0,11
14217.0,22427,1.0,12
14217.0,22624,1.0,13
14217.0,84946,1.0,14
14217.0,22189,1.0,15
14217.0,22625,1.0,16
14217.0,47566B,1.0,17
14217.0,21621,1.0,18
14217.0,84970L,1.0,19
14217.0,22171,1.0,20
14226.0,22423,1.0,1
14226.0,84879,1.0,2
14226.0,23298,1.0,3
14226.0,22960,1.0,4
14226.0,22961,1.0,5
14226.0,22699,1.0,6
14226.0,22666,1.0,7
14226.0,22697,1.0,8
14226.0,21755,1.0,9
14226.0,22698,1.0,10
14226.0,22111,1.0,11
14226.0,22113,1.0,12
14226.0,23173,1.0,13
14226.0,23170,1.0,14
14226.0,23174,1.0,15
14226.0,23175,1.0,16
14226.0,22919,1.0,17
14226.0,23171,1.0,18
14226.0,22920,1.0,19
14226.0,22917,1.0,20
14227.0,85123A,1.0,1
14227.0,85099B,1.0,2
14227.0,20725,1.0,3
14227.0,84879,1.0,4
14227.0,21212,1.0,5
14227.0,20728,1.0,6
14227.0,22384,1.0,7
14227.0,22457,1.0,8
14227.0,22960,1.0,9
14227.0,22961,1.0,10
14227.0,22386,1.0,11
14227.0,23206,1.0,12
14227.0,23209,1.0,13
14227.0,23203,1.0,14
14227.0,22411,1.0,15
14227.0,85099F,1.0,16
14227.0,20724,1.0,17
14227.0,84991,1.0,18
14227.0,22558,1.0,19
14227.0,23199,1.0,20
14229.0,22423,1.0,1
14229.0,84879,1.0,2
14229.0,22427,1.0,3
14229.0,48184,1.0,4
14229.0,22424,1.0,5
14229.0,22488,1.0,6
14229.0,22456,1.0,7
14229.0,22585,1.0,8
14229.0,22855,1.0,9
14229.0,22567,1.0,10
14229.0,22672,1.0,11
14229.0,22674,1.0,12
14229.0,22425,1.0,13
14229.0,22676,1.0,14
14229.0,22677,1.0,15
14229.0,22680,1.0,16
14229.0,22841,0.000113979719239789,17
14229.0,85123A,0.0,18
14229.0,47566,0.0,19
14229.0,85099B,0.0,20
14258.0,85123A,1.0,1
14258.0,47566,1.0,2
14258.0,85099B,1.0,3
14258.0,20725,1.0,4
14258.0,22720,1.0,5
14258.0,20728,1.0,6
14258.0,82482,1.0,7
14258.0,22386,1.0,8
14258.0,23209,1.0,9
14258.0,21080,1.0,10
14258.0,21931,1.0,11
14258.0,20914,1.0,12
14258.0,82494L,1.0,13
14258.0,85099F,1.0,14
14258.0,85099C,1.0,15
14258.0,82484,1.0,16
14258.0,20685,1.0,17
14258.0,21232,1.0,18
14258.0,22355,1.0,19
14258.0,82486,1.0,20
14262.0,22727,1.0,1
14262.0,22629,1.0,2
14262.0,22726,1.0,3
14262.0,22630,1.0,4
14262.0,21790,1.0,5
14262.0,22728,1.0,6
14262.0,21915,1.0,7
14262.0,22147,1.0,8
14262.0,22729,1.0,9
14262.0,21731,1.0,10
14262.0,22730,1.0,11
14262.0,21791,1.0,12
14262.0,22150,1.0,13
14262.0,21498,1.0,14
14262.0,21914,1.0,15
14262.0,22631,1.0,16
14262.0,22725,1.0,17
14262.0,21892,1.0,18
14262.0,21912,1.0,19
14262.0,21499,1.0,20
14277.0,85099B,1.0,1
14277.0,22178,1.0,2
14277.0,20914,1.0,3
14277.0,23199,1.0,4
14277.0,21181,1.0,5
14277.0,21166,1.0,6
14277.0,82600,1.0,7
14277.0,21165,1.0,8
14277.0,21907,1.0,9
14277.0,21908,1.0,10
14277.0,22771,1.0,11
14277.0,82582,1.0,12
14277.0,21669,1.0,13
14277.0,21668,1.0,14
14277.0,21672,1.0,15
14277.0,85150,1.0,16
14277.0,82583,1.0,17
14277.0,22507,1.0,18
14277.0,21671,1.0,19
14277.0,22847,1.0,20
14282.0,85099B,1.0,1
14282.0,20725,1.0,2
14282.0,22383,1.0,3
14282.0,20727,1.0,4
14282.0,22386,1.0,5
14282.0,23206,1.0,6
14282.0,23209,1.0,7
14282.0,23203,1.0,8
14282.0,21931,1.0,9
14282.0,22411,1.0,10
14282.0,85099F,1.0,11
14282.0,20724,1.0,12
14282.0,23199,1.0,13
14282.0,85099C,1.0,14
14282.0,23201,1.0,15
14282.0,21929,1.0,16
14282.0,22355,1.0,17
14282.0,21928,1.0,18
14282.0,20719,1.0,19
14282.0,20723,1.0,20
14290.0,85123A,1.0,1
14290.0,47566,1.0,2
14290.0,84879,1.0,3
14290.0,22720,1.0,4
14290.0,22457,1.0,5
14290.0,22960,1.0,6
14290.0,22469,1.0,7
14290.0,82482,1.0,8
14290.0,22727,1.0,9
14290.0,22722,1.0,10
14290.0,22077,1.0,11
14290.0,82484,1.0,12
14290.0,22726,1.0,13
14290.0,21733,1.0,14
14290.0,21181,1.0,15
14290.0,22427,1.0,16
14290.0,23245,1.0,17
14290.0,22728,1.0,18
14290.0,22804,1.0,19
14290.0,47566B,1.0,20
14293.0,85099B,1.0,1
14293.0,20727,1.0,2
14293.0,22382,1.0,3
14293.0,23207,1.0,4
14293.0,23208,1.0,5
14293.0,84378,1.0,6
14293.0,48194,1.0,7
14293.0,84992,1.0,8
14293.0,79321,1.0,9
14293.0,21915,1.0,10
14293.0,23284,1.0,11
14293.0,22111,1.0,12
14293.0,21485,1.0,13
14293.0,84988,1.0,14
14293.0,22646,1.0,15
14293.0,22637,1.0,16
14293.0,22834,1.0,17
14293.0,84050,1.0,18
14293.0,72741,1.0,19
14293.0,22716,1.0,20
14341.0,22423,1.0,1
14341.0,85099B,1.0,2
14341.0,20725,1.0,3
14341.0,21212,1.0,4
14341.0,22457,1.0,5
14341.0,22386,1.0,6
14341.0,23206,1.0,7
14341.0,23209,1.0,8
14341.0,23203,1.0,9
14341.0,21931,1.0,10
14341.0,22411,1.0,11
14341.0,85099F,1.0,12
14341.0,23199,1.0,13
14341.0,84978,1.0,14
14341.0,23201,1.0,15
14341.0,23207,1.0,16
14341.0,23202,1.0,17
14341.0,22969,1.0,18
14341.0,23208,1.0,19
14341.0,21928,1.0,20
14357.0,22841,0.000113979719239789,1
14357.0,85123A,0.0,2
14357.0,22423,0.0,3
14357.0,47566,0.0,4
14357.0,85099B,0.0,5
14357.0,20725,0.0,6
14357.0,84879,0.0,7
14357.0,22720,0.0,8
14357.0,22383,0.0,9
14357.0,21212,0.0,10
14357.0,20727,0.0,11
14357.0,20728,0.0,12
14357.0,22384,0.0,13
14357.0,23298,0.0,14
14357.0,POST,0.0,15
14357.0,22457,0.0,16
14357.0,22382,0.0,17
14357.0,22960,0.0,18
14357.0,22961,0.0,19
14357.0,22469,0.0,20
14382.0,22841,0.000113979719239789,1
14382.0,85123A,0.0,2
14382.0,22423,0.0,3
14382.0,47566,0.0,4
14382.0,85099B,0.0,5
14382.0,20725,0.0,6
14382.0,84879,0.0,7
14382.0,22720,0.0,8
14382.0,22383,0.0,9
14382.0,21212,0.0,10
14382.0,20727,0.0,11
14382.0,20728,0.0,12
14382.0,22384,0.0,13
14382.0,23298,0.0,14
14382.0,POST,0.0,15
14382.0,22457,0.0,16
14382.0,22382,0.0,17
14382.0,22960,0.0,18
14382.0,22961,0.0,19
14382.0,22469,0.0,20
14383.0,22423,1.0,1
14383.0,47566,1.0,2
14383.0,85099B,1.0,3
14383.0,84879,1.0,4
14383.0,21212,1.0,5
14383.0,22960,1.0,6
14383.0,22993,1.0,7
14383.0,22178,1.0,8
14383.0,22699,1.0,9
14383.0,84755,1.0,10
14383.0,22138,1.0,11
14383.0,84946,1.0,12
14383.0,84380,1.0,13
14383.0,22554,1.0,14
14383.0,22551,1.0,15
14383.0,23301,1.0,16
14383.0,84836,1.0,17
14383.0,21621,1.0,18
14383.0,21485,1.0,19
14383.0,22617,1.0,20
14390.0,85123A,1.0,1
14390.0,85099B,1.0,2
14390.0,20725,1.0,3
14390.0,84879,1.0,4
14390.0,20727,1.0,5
14390.0,20728,1.0,6
14390.0,22384,1.0,7
14390.0,22386,1.0,8
14390.0,22197,1.0,9
14390.0,23203,1.0,10
14390.0,21080,1.0,11
14390.0,22470,1.0,12
14390.0,85099F,1.0,13
14390.0,20724,1.0,14
14390.0,23199,1.0,15
14390.0,85099C,1.0,16
14390.0,22662,1.0,17
14390.0,21733,1.0,18
14390.0,48138,1.0,19
14390.0,22084,1.0,20
14408.0,84879,1.0,1
14408.0,23298,1.0,2
14408.0,22178,1.0,3
14408.0,21034,1.0,4
14408.0,21175,1.0,5
14408.0,82484,1.0,6
14408.0,21232,1.0,7
14408.0,21181,1.0,8
14408.0,85152,1.0,9
14408.0,82486,1.0,10
14408.0,21166,1.0,11
14408.0,84946,1.0,12
14408.0,82600,1.0,13
14408.0,22625,1.0,14
14408.0,84836,1.0,15
14408.0,21165,1.0,16
14408.0,21907,1.0,17
14408.0,15036,1.0,18
14408.0,21985,1.0,19
14408.0,22112,1.0,20
14418.0,21731,1.0,1
14418.0,22988,1.0,2
14418.0,23192,1.0,3
14418.0,10133,1.0,4
14418.0,23309,1.0,5
14418.0,21787,1.0,6
14418.0,23128,1.0,7
14418.0,22466,1.0,8
14418.0,22841,0.000113979719239789,9
14418.0,85123A,0.0,10
14418.0,22423,0.0,11
14418.0,47566,0.0,12
14418.0,85099B,0.0,13
14418.0,20725,0.0,14
14418.0,84879,0.0,15
14418.0,22720,0.0,16
14418.0,22383,0.0,17
14418.0,21212,0.0,18
14418.0,20727,0.0,19
14418.0,20728,0.0,20
14426.0,47566,1.0,1
14426.0,22720,1.0,2
14426.0,21212,1.0,3
14426.0,23298,1.0,4
14426.0,22960,1.0,5
14426.0,22961,1.0,6
14426.0,21080,1.0,7
14426.0,21754,1.0,8
14426.0,21977,1.0,9
14426.0,84991,1.0,10
14426.0,22722,1.0,11
14426.0,22139,1.0,12
14426.0,82484,1.0,13
14426.0,22138,1.0,14
14426.0,21232,1.0,15
14426.0,21733,1.0,16
14426.0,48138,1.0,17
14426.0,22624,1.0,18
14426.0,48187,1.0,19
14426.0,84946,1.0,20
14434.0,23301,1.0,1
14434.0,23284,1.0,2
14434.0,22841,0.0020706171228045667,3
14434.0,85123A,0.0,4
14434.0,22423,0.0,5
14434.0,47566,0.0,6
14434.0,85099B,0.0,7
14434.0,20725,0.0,8
14434.0,84879,0.0,9
14434.0,22720,0.0,10
14434.0,22383,0.0,11
14434.0,21212,0.0,12
14434.0,20727,0.0,13
14434.0,20728,0.0,14
14434.0,22384,0.0,15
14434.0,23298,0.0,16
14434.0,POST,0.0,17
14434.0,22457,0.0,18
14434.0,22382,0.0,19
14434.0,22960,0.0,20
14446.0,85123A,1.0,1
14446.0,85099B,1.0,2
14446.0,22383,1.0,3
14446.0,21212,1.0,4
14446.0,20727,1.0,5
14446.0,22457,1.0,6
14446.0,22382,1.0,7
14446.0,22178,1.0,8
14446.0,22197,1.0,9
14446.0,23209,1.0,10
14446.0,21034,1.0,11
14446.0,20724,1.0,12
14446.0,21977,1.0,13
14446.0,84991,1.0,14
14446.0,84978,1.0,15
14446.0,21232,1.0,16
14446.0,21733,1.0,17
14446.0,22355,1.0,18
14446.0,23208,1.0,19
14446.0,22084,1.0,20
14482.0,85099B,1.0,1
14482.0,22386,1.0,2
14482.0,22197,1.0,3
14482.0,21931,1.0,4
14482.0,22411,1.0,5
14482.0,85099F,1.0,6
14482.0,22558,1.0,7
14482.0,85099C,1.0,8
14482.0,21929,1.0,9
14482.0,22385,1.0,10
14482.0,48184,1.0,11
14482.0,22111,1.0,12
14482.0,82582,1.0,13
14482.0,22381,1.0,14
14482.0,22567,1.0,15
14482.0,23184,1.0,16
14482.0,23168,1.0,17
14482.0,22906,1.0,18
14482.0,22841,0.000113979719239789,19
14482.0,85123A,0.0,20
14495.0,20713,1.0,1
14495.0,23165,1.0,2
14495.0,22841,0.000113979719239789,3
14495.0,85123A,0.0,4
14495.0,22423,0.0,5
14495.0,47566,0.0,6
14495.0,85099B,0.0,7
14495.0,20725,0.0,8
14495.0,84879,0.0,9
14495.0,22720,0.0,10
14495.0,22383,0.0,11
14495.0,21212,0.0,12
14495.0,20727,0.0,13
14495.0,20728,0.0,14
14495.0,22384,0.0,15
14495.0,23298,0.0,16
14495.0,POST,0.0,17
14495.0,22457,0.0,18
14495.0,22382,0.0,19
14495.0,22960,0.0,20
14525.0,85123A,1.0,1
14525.0,22423,1.0,2
14525.0,85099B,1.0,3
14525.0,22720,1.0,4
14525.0,23298,1.0,5
14525.0,22469,1.0,6
14525.0,82482,1.0,7
14525.0,22178,1.0,8
14525.0,23203,1.0,9
14525.0,22727,1.0,10
14525.0,22411,1.0,11
14525.0,22470,1.0,12
14525.0,21754,1.0,13
14525.0,85099F,1.0,14
14525.0,22077,1.0,15
14525.0,85099C,1.0,16
14525.0,84978,1.0,17
14525.0,22630,1.0,18
14525.0,22427,1.0,19
14525.0,84946,1.0,20
14530.0,85123A,1.0,1
14530.0,22457,1.0,2
14530.0,22469,1.0,3
14530.0,82482,1.0,4
14530.0,22178,1.0,5
14530.0,22470,1.0,6
14530.0,21034,1.0,7
14530.0,82494L,1.0,8
14530.0,82484,1.0,9
14530.0,82486,1.0,10
14530.0,22149,1.0,11
14530.0,23301,1.0,12
14530.0,85066,1.0,13
14530.0,22766,1.0,14
14530.0,82483,1.0,15
14530.0,22147,1.0,16
14530.0,22189,1.0,17
14530.0,23300,1.0,18
14530.0,84836,1.0,19
14530.0,22487,1.0,20
14534.0,22423,1.0,1
14534.0,47566,1.0,2
14534.0,22720,1.0,3
14534.0,22383,1.0,4
14534.0,21212,1.0,5
14534.0,23298,1.0,6
14534.0,22382,1.0,7
14534.0,22961,1.0,8
14534.0,22469,1.0,9
14534.0,22993,1.0,10
14534.0,22386,1.0,11
14534.0,23203,1.0,12
14534.0,21080,1.0,13
14534.0,21931,1.0,14
14534.0,22727,1.0,15
14534.0,22411,1.0,16
14534.0,22470,1.0,17
14534.0,85099F,1.0,18
14534.0,22629,1.0,19
14534.0,21977,1.0,20
14540.0,22423,1.0,1
14540.0,22907,1.0,2
14540.0,22427,1.0,3
14540.0,48194,1.0,4
14540.0,22966,1.0,5
14540.0,22173,1.0,6
14540.0,22429,1.0,7
14540.0,22844,1.0,8
14540.0,22988,1.0,9
14540.0,22979,1.0,10
14540.0,23243,1.0,11
14540.0,82552,1.0,12
14540.0,22795,1.0,13
14540.0,22690,1.0,14
14540.0,22627,1.0,15
14540.0,22845,1.0,16
14540.0,21137,1.0,17
14540.0,82578,1.0,18
14540.0,23091,1.0,19
14540.0,22028,1.0,20
14546.0,85123A,1.0,1
14546.0,47566,1.0,2
14546.0,20725,1.0,3
14546.0,22720,1.0,4
14546.0,20727,1.0,5
14546.0,20728,1.0,6
14546.0,22384,1.0,7
14546.0,23298,1.0,8
14546.0,22382,1.0,9
14546.0,22469,1.0,10
14546.0,82482,1.0,11
14546.0,22178,1.0,12
14546.0,23206,1.0,13
14546.0,20726,1.0,14
14546.0,23209,1.0,15
14546.0,22699,1.0,16
14546.0,21080,1.0,17
14546.0,22470,1.0,18
14546.0,82494L,1.0,19
14546.0,22697,1.0,20
14554.0,22841,0.000113979719239789,1
14554.0,85123A,0.0,2
14554.0,22423,0.0,3
14554.0,47566,0.0,4
14554.0,85099B,0.0,5
14554.0,20725,0.0,6
14554.0,84879,0.0,7
14554.0,22720,0.0,8
14554.0,22383,0.0,9
14554.0,21212,0.0,10
14554.0,20727,0.0,11
14554.0,20728,0.0,12
14554.0,22384,0.0,13
14554.0,23298,0.0,14
14554.0,POST,0.0,15
14554.0,22457,0.0,16
14554.0,22382,0.0,17
14554.0,22960,0.0,18
14554.0,22961,0.0,19
14554.0,22469,0.0,20
14560.0,84879,1.0,1
14560.0,22720,1.0,2
14560.0,21212,1.0,3
14560.0,21080,1.0,4
14560.0,21977,1.0,5
14560.0,84991,1.0,6
14560.0,48138,1.0,7
14560.0,22624,1.0,8
14560.0,84992,1.0,9
14560.0,22776,1.0,10
14560.0,21213,1.0,11
14560.0,22625,1.0,12
14560.0,23307,1.0,13
14560.0,21210,1.0,14
14560.0,71053,1.0,15
14560.0,21217,1.0,16
14560.0,48185,1.0,17
14560.0,22626,1.0,18
14560.0,21874,1.0,19
14560.0,23154,1.0,20
14572.0,85123A,1.0,1
14572.0,22423,1.0,2
14572.0,47566,1.0,3
14572.0,23298,1.0,4
14572.0,22961,1.0,5
14572.0,22993,1.0,6
14572.0,22178,1.0,7
14572.0,22197,1.0,8
14572.0,23203,1.0,9
14572.0,21080,1.0,10
14572.0,21754,1.0,11
14572.0,22090,1.0,12
14572.0,84755,1.0,13
14572.0,22077,1.0,14
14572.0,23201,1.0,15
14572.0,21755,1.0,16
14572.0,21733,1.0,17
14572.0,22630,1.0,18
14572.0,22969,1.0,19
14572.0,22907,1.0,20
14591.0,22197,1.0,1
14591.0,20914,1.0,2
14591.0,22776,1.0,3
14591.0,23284,1.0,4
14591.0,22966,1.0,5
14591.0,21930,1.0,6
14591.0,22553,1.0,7
14591.0,22607,1.0,8
14591.0,22951,1.0,9
14591.0,22113,1.0,10
14591.0,22663,1.0,11
14591.0,22847,1.0,12
14591.0,22996,1.0,13
14591.0,21479,1.0,14
14591.0,22131,1.0,15
14591.0,47599A,1.0,16
14591.0,20828,1.0,17
14591.0,22906,1.0,18
14591.0,21563,1.0,19
14591.0,21592,1.0,20
14606.0,85123A,1.0,1
14606.0,22423,1.0,2
14606.0,47566,1.0,3
14606.0,85099B,1.0,4
14606.0,20725,1.0,5
14606.0,84879,1.0,6
14606.0,21212,1.0,7
14606.0,20727,1.0,8
14606.0,20728,1.0,9
14606.0,POST,1.0,10
14606.0,22457,1.0,11
14606.0,22382,1.0,12
14606.0,22178,1.0,13
14606.0,22386,1.0,14
14606.0,22197,1.0,15
14606.0,20726,1.0,16
14606.0,22699,1.0,17
14606.0,21080,1.0,18
14606.0,21931,1.0,19
14606.0,22411,1.0,20
14608.0,22111,1.0,1
14608.0,22112,1.0,2
14608.0,21481,1.0,3
14608.0,84029E,1.0,4
14608.0,22114,1.0,5
14608.0,22841,0.000113979719239789,6
14608.0,85123A,0.0,7
14608.0,22423,0.0,8
14608.0,47566,0.0,9
14608.0,85099B,0.0,10
14608.0,20725,0.0,11
14608.0,84879,0.0,12
14608.0,22720,0.0,13
14608.0,22383,0.0,14
14608.0,21212,0.0,15
14608.0,20727,0.0,16
14608.0,20728,0.0,17
14608.0,22384,0.0,18
14608.0,23298,0.0,19
14608.0,POST,0.0,20
14621.0,22423,1.0,1
14621.0,47566,1.0,2
14621.0,22383,1.0,3
14621.0,20727,1.0,4
14621.0,20728,1.0,5
14621.0,22384,1.0,6
14621.0,22382,1.0,7
14621.0,22961,1.0,8
14621.0,22386,1.0,9
14621.0,20726,1.0,10
14621.0,22699,1.0,11
14621.0,21931,1.0,12
14621.0,22697,1.0,13
14621.0,22090,1.0,14
14621.0,23199,1.0,15
14621.0,84755,1.0,16
14621.0,23201,1.0,17
14621.0,23207,1.0,18
14621.0,23202,1.0,19
14621.0,23208,1.0,20
14639.0,22423,1.0,1
14639.0,84879,1.0,2
14639.0,22720,1.0,3
14639.0,22960,1.0,4
14639.0,22469,1.0,5
14639.0,22699,1.0,6
14639.0,22666,1.0,7
14639.0,22470,1.0,8
14639.0,21754,1.0,9
14639.0,22697,1.0,10
14639.0,22722,1.0,11
14639.0,22139,1.0,12
14639.0,21181,1.0,13
14639.0,22969,1.0,14
14639.0,22698,1.0,15
14639.0,22624,1.0,16
14639.0,48187,1.0,17
14639.0,48194,1.0,18
14639.0,23245,1.0,19
14639.0,82600,1.0,20
14640.0,22423,1.0,1
14640.0,47566,1.0,2
14640.0,22457,1.0,3
14640.0,22699,1.0,4
14640.0,22697,1.0,5
14640.0,22077,1.0,6
14640.0,22138,1.0,7
14640.0,22427,1.0,8
14640.0,22698,1.0,9
14640.0,84946,1.0,10
14640.0,84970S,1.0,11
14640.0,21915,1.0,12
14640.0,22487,1.0,13
14640.0,84970L,1.0,14
14640.0,21533,1.0,15
14640.0,22617,1.0,16
14640.0,22983,1.0,17
14640.0,23173,1.0,18
14640.0,23321,1.0,19
14640.0,22752,1.0,20
14653.0,85123A,1.0,1
14653.0,22720,1.0,2
14653.0,22469,1.0,3
14653.0,22666,1.0,4
14653.0,22727,1.0,5
14653.0,22470,1.0,6
14653.0,22722,1.0,7
14653.0,22726,1.0,8
14653.0,21755,1.0,9
14653.0,48194,1.0,10
14653.0,22554,1.0,11
14653.0,22728,1.0,12
14653.0,21559,1.0,13
14653.0,23284,1.0,14
14653.0,22766,1.0,15
14653.0,22193,1.0,16
14653.0,22730,1.0,17
14653.0,84970L,1.0,18
14653.0,22555,1.0,19
14653.0,21985,1.0,20
14658.0,85099B,1.0,1
14658.0,23298,1.0,2
14658.0,21929,1.0,3
14658.0,82486,1.0,4
14658.0,21928,1.0,5
14658.0,22766,1.0,6
14658.0,22768,1.0,7
14658.0,47599A,1.0,8
14658.0,22366,1.0,9
14658.0,84078A,1.0,10
14658.0,22175,1.0,11
14658.0,22176,1.0,12
14658.0,22841,0.000113979719239789,13
14658.0,85123A,0.0,14
14658.0,22423,0.0,15
14658.0,47566,0.0,16
14658.0,20725,0.0,17
14658.0,84879,0.0,18
14658.0,22720,0.0,19
14658.0,22383,0.0,20
14673.0,21212,1.0,1
14673.0,22178,1.0,2
14673.0,22470,1.0,3
14673.0,84978,1.0,4
14673.0,21733,1.0,5
14673.0,84970L,1.0,6
14673.0,21485,1.0,7
14673.0,22835,1.0,8
14673.0,22694,1.0,9
14673.0,85062,1.0,10
14673.0,22633,1.0,11
14673.0,22419,1.0,12
14673.0,22158,1.0,13
14673.0,22841,0.000113979719239789,14
14673.0,85123A,0.0,15
14673.0,22423,0.0,16
14673.0,47566,0.0,17
14673.0,85099B,0.0,18
14673.0,20725,0.0,19
14673.0,84879,0.0,20
14713.0,85123A,1.0,1
14713.0,85099B,1.0,2
14713.0,20725,1.0,3
14713.0,22383,1.0,4
14713.0,20727,1.0,5
14713.0,20728,1.0,6
14713.0,22384,1.0,7
14713.0,22382,1.0,8
14713.0,82482,1.0,9
14713.0,22178,1.0,10
14713.0,23206,1.0,11
14713.0,20726,1.0,12
14713.0,23203,1.0,13
14713.0,21931,1.0,14
14713.0,22411,1.0,15
14713.0,82494L,1.0,16
14713.0,20724,1.0,17
14713.0,23199,1.0,18
14713.0,84755,1.0,19
14713.0,85099C,1.0,20
14725.0,22841,0.000113979719239789,1
14725.0,85123A,0.0,2
14725.0,22423,0.0,3
14725.0,47566,0.0,4
14725.0,85099B,0.0,5
14725.0,20725,0.0,6
14725.0,84879,0.0,7
14725.0,22720,0.0,8
14725.0,22383,0.0,9
14725.0,21212,0.0,10
14725.0,20727,0.0,11
14725.0,20728,0.0,12
14725.0,22384,0.0,13
14725.0,23298,0.0,14
14725.0,POST,0.0,15
14725.0,22457,0.0,16
14725.0,22382,0.0,17
14725.0,22960,0.0,18
14725.0,22961,0.0,19
14725.0,22469,0.0,20
14731.0,47566,1.0,1
14731.0,22383,1.0,2
14731.0,22384,1.0,3
14731.0,21034,1.0,4
14731.0,84378,1.0,5
14731.0,84380,1.0,6
14731.0,22147,1.0,7
14731.0,21933,1.0,8
14731.0,84596B,1.0,9
14731.0,22964,1.0,10
14731.0,84596F,1.0,11
14731.0,47559B,1.0,12
14731.0,85132C,1.0,13
14731.0,21713,1.0,14
14731.0,47504K,1.0,15
14731.0,85184C,1.0,16
14731.0,84828,1.0,17
14731.0,23280,1.0,18
14731.0,22841,0.000113979719239789,19
14731.0,85123A,0.0,20
14732.0,85123A,1.0,1
14732.0,22720,1.0,2
14732.0,22961,1.0,3
14732.0,22993,1.0,4
14732.0,22386,1.0,5
14732.0,22699,1.0,6
14732.0,22666,1.0,7
14732.0,22411,1.0,8
14732.0,21754,1.0,9
14732.0,22722,1.0,10
14732.0,22077,1.0,11
14732.0,21755,1.0,12
14732.0,22427,1.0,13
14732.0,48187,1.0,14
14732.0,22356,1.0,15
14732.0,22652,1.0,16
14732.0,21524,1.0,17
14732.0,22501,1.0,18
14732.0,22692,1.0,19
14732.0,22771,1.0,20
14739.0,22178,1.0,1
14739.0,22727,1.0,2
14739.0,22726,1.0,3
14739.0,48138,1.0,4
14739.0,21790,1.0,5
14739.0,84077,1.0,6
14739.0,21791,1.0,7
14739.0,22086,1.0,8
14739.0,21916,1.0,9
14739.0,22910,1.0,10
14739.0,85049G,1.0,11
14739.0,21888,1.0,12
14739.0,85049C,1.0,13
14739.0,48116,1.0,14
14739.0,85049D,1.0,15
14739.0,23283,1.0,16
14739.0,21704,1.0,17
14739.0,10135,1.0,18
14739.0,85049A,1.0,19
14739.0,22841,0.000113979719239789,20
14780.0,21975,1.0,1
14780.0,22551,1.0,2
14780.0,22776,1.0,3
14780.0,22417,1.0,4
14780.0,23307,1.0,5
14780.0,23240,1.0,6
14780.0,22847,1.0,7
14780.0,22962,1.0,8
14780.0,20711,1.0,9
14780.0,21259,1.0,10
14780.0,22910,1.0,11
14780.0,22965,1.0,12
14780.0,23169,1.0,13
14780.0,22909,1.0,14
14780.0,22952,1.0,15
14780.0,23344,1.0,16
14780.0,22653,1.0,17
14780.0,22841,0.000113979719239789,18
14780.0,85123A,0.0,19
14780.0,22423,0.0,20
14824.0,85099B,1.0,1
14824.0,22469,1.0,2
14824.0,22386,1.0,3
14824.0,23203,1.0,4
14824.0,22470,1.0,5
14824.0,21754,1.0,6
14824.0,85099C,1.0,7
14824.0,23201,1.0,8
14824.0,21755,1.0,9
14824.0,20971,1.0,10
14824.0,21900,1.0,11
14824.0,21901,1.0,12
14824.0,23144,1.0,13
14824.0,22694,1.0,14
14824.0,23145,1.0,15
14824.0,22114,1.0,16
14824.0,23344,1.0,17
14824.0,22841,0.000113979719239789,18
14824.0,85123A,0.0,19
14824.0,22423,0.0,20
14829.0,22720,1.0,1
14829.0,22960,1.0,2
14829.0,22961,1.0,3
14829.0,22727,1.0,4
14829.0,22411,1.0,5
14829.0,22722,1.0,6
14829.0,85099C,1.0,7
14829.0,22726,1.0,8
14829.0,22969,1.0,9
14829.0,84378,1.0,10
14829.0,22379,1.0,11
14829.0,22730,1.0,12
14829.0,47591D,1.0,13
14829.0,22983,1.0,14
14829.0,22716,1.0,15
14829.0,22028,1.0,16
14829.0,22909,1.0,17
14829.0,22024,1.0,18
14829.0,22744,1.0,19
14829.0,47567B,1.0,20
14830.0,22841,0.000113979719239789,1
14830.0,85123A,0.0,2
14830.0,22423,0.0,3
14830.0,47566,0.0,4
14830.0,85099B,0.0,5
14830.0,20725,0.0,6
14830.0,84879,0.0,7
14830.0,22720,0.0,8
14830.0,22383,0.0,9
14830.0,21212,0.0,10
14830.0,20727,0.0,11
14830.0,20728,0.0,12
14830.0,22384,0.0,13
14830.0,23298,0.0,14
14830.0,POST,0.0,15
14830.0,22457,0.0,16
14830.0,22382,0.0,17
14830.0,22960,0.0,18
14830.0,22961,0.0,19
14830.0,22469,0.0,20
14851.0,47566,1.0,1
14851.0,21080,1.0,2
14851.0,22499,1.0,3
14851.0,20750,1.0,4
14851.0,22908,1.0,5
14851.0,20749,1.0,6
14851.0,21137,1.0,7
14851.0,22041,1.0,8
14851.0,22841,0.000113979719239789,9
14851.0,85123A,0.0,10
14851.0,22423,0.0,11
14851.0,85099B,0.0,12
14851.0,20725,0.0,13
14851.0,84879,0.0,14
14851.0,22720,0.0,15
14851.0,22383,0.0,16
14851.0,21212,0.0,17
14851.0,20727,0.0,18
14851.0,20728,0.0,19
14851.0,22384,0.0,20
14883.0,85123A,1.0,1
14883.0,84879,1.0,2
14883.0,22382,1.0,3
14883.0,22178,1.0,4
14883.0,23206,1.0,5
14883.0,23209,1.0,6
14883.0,23203,1.0,7
14883.0,20724,1.0,8
14883.0,84755,1.0,9
14883.0,22355,1.0,10
14883.0,21166,1.0,11
14883.0,20719,1.0,12
14883.0,22356,1.0,13
14883.0,22379,1.0,14
14883.0,21932,1.0,15
14883.0,21933,1.0,16
14883.0,22784,1.0,17
14883.0,84596F,1.0,18
14883.0,22898,1.0,19
14883.0,22294,1.0,20
14904.0,22841,0.000113979719239789,1
14904.0,85123A,0.0,2
14904.0,22423,0.0,3
14904.0,47566,0.0,4
14904.0,85099B,0.0,5
14904.0,20725,0.0,6
14904.0,84879,0.0,7
14904.0,22720,0.0,8
14904.0,22383,0.0,9
14904.0,21212,0.0,10
14904.0,20727,0.0,11
14904.0,20728,0.0,12
14904.0,22384,0.0,13
14904.0,23298,0.0,14
14904.0,POST,0.0,15
14904.0,22457,0.0,16
14904.0,22382,0.0,17
14904.0,22960,0.0,18
14904.0,22961,0.0,19
14904.0,22469,0.0,20
14974.0,22841,0.000113979719239789,1
14974.0,85123A,0.0,2
14974.0,22423,0.0,3
14974.0,47566,0.0,4
14974.0,85099B,0.0,5
14974.0,20725,0.0,6
14974.0,84879,0.0,7
14974.0,22720,0.0,8
14974.0,22383,0.0,9
14974.0,21212,0.0,10
14974.0,20727,0.0,11
14974.0,20728,0.0,12
14974.0,22384,0.0,13
14974.0,23298,0.0,14
14974.0,POST,0.0,15
14974.0,22457,0.0,16
14974.0,22382,0.0,17
14974.0,22960,0.0,18
14974.0,22961,0.0,19
14974.0,22469,0.0,20
14987.0,85123A,1.0,1
14987.0,21733,1.0,2
14987.0,22841,0.000113979719239789,3
14987.0,22423,0.0,4
14987.0,47566,0.0,5
14987.0,85099B,0.0,6
14987.0,20725,0.0,7
14987.0,84879,0.0,8
14987.0,22720,0.0,9
14987.0,22383,0.0,10
14987.0,21212,0.0,11
14987.0,20727,0.0,12
14987.0,20728,0.0,13
14987.0,22384,0.0,14
14987.0,23298,0.0,15
14987.0,POST,0.0,16
14987.0,22457,0.0,17
14987.0,22382,0.0,18
14987.0,22960,0.0,19
14987.0,22961,0.0,20
15009.0,22841,0.000113979719239789,1
15009.0,85123A,0.0,2
15009.0,22423,0.0,3
15009.0,47566,0.0,4
15009.0,85099B,0.0,5
15009.0,20725,0.0,6
15009.0,84879,0.0,7
15009.0,22720,0.0,8
15009.0,22383,0.0,9
15009.0,21212,0.0,10
15009.0,20727,0.0,11
15009.0,20728,0.0,12
15009.0,22384,0.0,13
15009.0,23298,0.0,14
15009.0,POST,0.0,15
15009.0,22457,0.0,16
15009.0,22382,0.0,17
15009.0,22960,0.0,18
15009.0,22961,0.0,19
15009.0,22469,0.0,20
15012.0,85099B,1.0,1
15012.0,21931,1.0,2
15012.0,20914,1.0,3
15012.0,22907,1.0,4
15012.0,22776,1.0,5
15012.0,20972,1.0,6
15012.0,84997D,1.0,7
15012.0,84836,1.0,8
15012.0,21121,1.0,9
15012.0,21122,1.0,10
15012.0,22569,1.0,11
15012.0,84997C,1.0,12
15012.0,22749,1.0,13
15012.0,22151,1.0,14
15012.0,21124,1.0,15
15012.0,21326,1.0,16
15012.0,85014A,1.0,17
15012.0,47599A,1.0,18
15012.0,21041,1.0,19
15012.0,37370,1.0,20
15050.0,85123A,1.0,1
15050.0,84879,1.0,2
15050.0,22457,1.0,3
15050.0,21034,1.0,4
15050.0,84978,1.0,5
15050.0,22427,1.0,6
15050.0,22189,1.0,7
15050.0,15056N,1.0,8
15050.0,22111,1.0,9
15050.0,21485,1.0,10
15050.0,22429,1.0,11
15050.0,22113,1.0,12
15050.0,21136,1.0,13
15050.0,23321,1.0,14
15050.0,15056BL,1.0,15
15050.0,22294,1.0,16
15050.0,23230,1.0,17
15050.0,21326,1.0,18
15050.0,23232,1.0,19
15050.0,84947,1.0,20
15054.0,22841,0.000113979719239789,1
15054.0,85123A,0.0,2
15054.0,22423,0.0,3
15054.0,47566,0.0,4
15054.0,85099B,0.0,5
15054.0,20725,0.0,6
15054.0,84879,0.0,7
15054.0,22720,0.0,8
15054.0,22383,0.0,9
15054.0,21212,0.0,10
15054.0,20727,0.0,11
15054.0,20728,0.0,12
15054.0,22384,0.0,13
15054.0,23298,0.0,14
15054.0,POST,0.0,15
15054.0,22457,0.0,16
15054.0,22382,0.0,17
15054.0,22960,0.0,18
15054.0,22961,0.0,19
15054.0,22469,0.0,20
15058.0,85099B,1.0,1
15058.0,20725,1.0,2
15058.0,20727,1.0,3
15058.0,22457,1.0,4
15058.0,82482,1.0,5
15058.0,22197,1.0,6
15058.0,23209,1.0,7
15058.0,22411,1.0,8
15058.0,21034,1.0,9
15058.0,20724,1.0,10
15058.0,22077,1.0,11
15058.0,85099C,1.0,12
15058.0,20685,1.0,13
15058.0,23208,1.0,14
15058.0,48138,1.0,15
15058.0,48187,1.0,16
15058.0,22149,1.0,17
15058.0,21928,1.0,18
15058.0,20719,1.0,19
15058.0,84946,1.0,20
15081.0,85123A,1.0,1
15081.0,22427,1.0,2
15081.0,84970S,1.0,3
15081.0,22487,1.0,4
15081.0,84970L,1.0,5
15081.0,23321,1.0,6
15081.0,23144,1.0,7
15081.0,23112,1.0,8
15081.0,23093,1.0,9
15081.0,21730,1.0,10
15081.0,23145,1.0,11
15081.0,22841,0.0020706171228045667,12
15081.0,22423,0.0,13
15081.0,47566,0.0,14
15081.0,85099B,0.0,15
15081.0,20725,0.0,16
15081.0,84879,0.0,17
15081.0,22720,0.0,18
15081.0,22383,0.0,19
15081.0,21212,0.0,20
15096.0,22841,0.000113979719239789,1
15096.0,85123A,0.0,2
15096.0,22423,0.0,3
15096.0,47566,0.0,4
15096.0,85099B,0.0,5
15096.0,20725,0.0,6
15096.0,84879,0.0,7
15096.0,22720,0.0,8
15096.0,22383,0.0,9
15096.0,21212,0.0,10
15096.0,20727,0.0,11
15096.0,20728,0.0,12
15096.0,22384,0.0,13
15096.0,23298,0.0,14
15096.0,POST,0.0,15
15096.0,22457,0.0,16
15096.0,22382,0.0,17
15096.0,22960,0.0,18
15096.0,22961,0.0,19
15096.0,22469,0.0,20
15101.0,82599,1.0,1
15101.0,21463,1.0,2
15101.0,22841,0.000113979719239789,3
15101.0,85123A,0.0,4
15101.0,22423,0.0,5
15101.0,47566,0.0,6
15101.0,85099B,0.0,7
15101.0,20725,0.0,8
15101.0,84879,0.0,9
15101.0,22720,0.0,10
15101.0,22383,0.0,11
15101.0,21212,0.0,12
15101.0,20727,0.0,13
15101.0,20728,0.0,14
15101.0,22384,0.0,15
15101.0,23298,0.0,16
15101.0,POST,0.0,17
15101.0,22457,0.0,18
15101.0,22382,0.0,19
15101.0,22960,0.0,20
15123.0,22423,1.0,1
15123.0,84879,1.0,2
15123.0,23209,1.0,3
15123.0,22727,1.0,4
15123.0,21754,1.0,5
15123.0,22558,1.0,6
15123.0,20685,1.0,7
15123.0,21181,1.0,8
15123.0,22326,1.0,9
15123.0,22659,1.0,10
15123.0,22554,1.0,11
15123.0,23284,1.0,12
15123.0,22729,1.0,13
15123.0,84997D,1.0,14
15123.0,22557,1.0,15
15123.0,21155,1.0,16
15123.0,21907,1.0,17
15123.0,22553,1.0,18
15123.0,22555,1.0,19
15123.0,84997B,1.0,20
15124.0,22961,1.0,1
15124.0,22487,1.0,2
15124.0,84997A,1.0,3
15124.0,22919,1.0,4
15124.0,22920,1.0,5
15124.0,22917,1.0,6
15124.0,22916,1.0,7
15124.0,22918,1.0,8
15124.0,22921,1.0,9
15124.0,22841,0.000113979719239789,10
15124.0,85123A,0.0,11
15124.0,22423,0.0,12
15124.0,47566,0.0,13
15124.0,85099B,0.0,14
15124.0,20725,0.0,15
15124.0,84879,0.0,16
15124.0,22720,0.0,17
15124.0,22383,0.0,18
15124.0,21212,0.0,19
15124.0,20727,0.0,20
15144.0,85099B,1.0,1
15144.0,20725,1.0,2
15144.0,21212,1.0,3
15144.0,20727,1.0,4
15144.0,20728,1.0,5
15144.0,22384,1.0,6
15144.0,22382,1.0,7
15144.0,22960,1.0,8
15144.0,22961,1.0,9
15144.0,22993,1.0,10
15144.0,22386,1.0,11
15144.0,23203,1.0,12
15144.0,21931,1.0,13
15144.0,22727,1.0,14
15144.0,85099F,1.0,15
15144.0,21977,1.0,16
15144.0,84991,1.0,17
15144.0,23199,1.0,18
15144.0,23201,1.0,19
15144.0,22726,1.0,20
15156.0,22841,0.000113979719239789,1
15156.0,85123A,0.0,2
15156.0,22423,0.0,3
15156.0,47566,0.0,4
15156.0,85099B,0.0,5
15156.0,20725,0.0,6
15156.0,84879,0.0,7
15156.0,22720,0.0,8
15156.0,22383,0.0,9
15156.0,21212,0.0,10
15156.0,20727,0.0,11
15156.0,20728,0.0,12
15156.0,22384,0.0,13
15156.0,23298,0.0,14
15156.0,POST,0.0,15
15156.0,22457,0.0,16
15156.0,22382,0.0,17
15156.0,22960,0.0,18
15156.0,22961,0.0,19
15156.0,22469,0.0,20
15157.0,84596B,1.0,1
15157.0,22222,1.0,2
15157.0,85184C,1.0,3
15157.0,22115,1.0,4
15157.0,84818,1.0,5
15157.0,22268,1.0,6
15157.0,10135,1.0,7
15157.0,22231,1.0,8
15157.0,84596L,1.0,9
15157.0,21382,1.0,10
15157.0,22161,1.0,11
15157.0,M,0.0019850682479899562,12
15157.0,22841,0.000113979719239789,13
15157.0,85123A,0.0,14
15157.0,22423,0.0,15
15157.0,47566,0.0,16
15157.0,85099B,0.0,17
15157.0,20725,0.0,18
15157.0,84879,0.0,19
15157.0,22720,0.0,20
15203.0,85099B,1.0,1
15203.0,20725,1.0,2
15203.0,22383,1.0,3
15203.0,20727,1.0,4
15203.0,22384,1.0,5
15203.0,22382,1.0,6
15203.0,23206,1.0,7
15203.0,20726,1.0,8
15203.0,23209,1.0,9
15203.0,23203,1.0,10
15203.0,21931,1.0,11
15203.0,22470,1.0,12
15203.0,85099F,1.0,13
15203.0,20724,1.0,14
15203.0,23199,1.0,15
15203.0,85099C,1.0,16
15203.0,23201,1.0,17
15203.0,22662,1.0,18
15203.0,23207,1.0,19
15203.0,23202,1.0,20
15206.0,22699,1.0,1
15206.0,22697,1.0,2
15206.0,22698,1.0,3
15206.0,22841,0.000113979719239789,4
15206.0,85123A,0.0,5
15206.0,22423,0.0,6
15206.0,47566,0.0,7
15206.0,85099B,0.0,8
15206.0,20725,0.0,9
15206.0,84879,0.0,10
15206.0,22720,0.0,11
15206.0,22383,0.0,12
15206.0,21212,0.0,13
15206.0,20727,0.0,14
15206.0,20728,0.0,15
15206.0,22384,0.0,16
15206.0,23298,0.0,17
15206.0,POST,0.0,18
15206.0,22457,0.0,19
15206.0,22382,0.0,20
15214.0,85123A,1.0,1
15214.0,22423,1.0,2
15214.0,47566,1.0,3
15214.0,84879,1.0,4
15214.0,22722,1.0,5
15214.0,84946,1.0,6
15214.0,22083,1.0,7
15214.0,82580,1.0,8
15214.0,21165,1.0,9
15214.0,21174,1.0,10
15214.0,82582,1.0,11
15214.0,21933,1.0,12
15214.0,82583,1.0,13
15214.0,22030,1.0,14
15214.0,22723,1.0,15
15214.0,23182,1.0,16
15214.0,16161P,1.0,17
15214.0,22241,1.0,18
15214.0,22938,1.0,19
15214.0,22567,1.0,20
15218.0,85123A,1.0,1
15218.0,47566,1.0,2
15218.0,85099B,1.0,3
15218.0,23298,1.0,4
15218.0,23203,1.0,5
15218.0,22411,1.0,6
15218.0,21754,1.0,7
15218.0,21034,1.0,8
15218.0,22558,1.0,9
15218.0,23199,1.0,10
15218.0,84755,1.0,11
15218.0,21175,1.0,12
15218.0,85099C,1.0,13
15218.0,84978,1.0,14
15218.0,20685,1.0,15
15218.0,21733,1.0,16
15218.0,21181,1.0,17
15218.0,23202,1.0,18
15218.0,82600,1.0,19
15218.0,23301,1.0,20
15327.0,22841,0.000113979719239789,1
15327.0,85123A,0.0,2
15327.0,22423,0.0,3
15327.0,47566,0.0,4
15327.0,85099B,0.0,5
15327.0,20725,0.0,6
15327.0,84879,0.0,7
15327.0,22720,0.0,8
15327.0,22383,0.0,9
15327.0,21212,0.0,10
15327.0,20727,0.0,11
15327.0,20728,0.0,12
15327.0,22384,0.0,13
15327.0,23298,0.0,14
15327.0,POST,0.0,15
15327.0,22457,0.0,16
15327.0,22382,0.0,17
15327.0,22960,0.0,18
15327.0,22961,0.0,19
15327.0,22469,0.0,20
15335.0,22841,0.000113979719239789,1
15335.0,85123A,0.0,2
15335.0,22423,0.0,3
15335.0,47566,0.0,4
15335.0,85099B,0.0,5
15335.0,20725,0.0,6
15335.0,84879,0.0,7
15335.0,22720,0.0,8
15335.0,22383,0.0,9
15335.0,21212,0.0,10
15335.0,20727,0.0,11
15335.0,20728,0.0,12
15335.0,22384,0.0,13
15335.0,23298,0.0,14
15335.0,POST,0.0,15
15335.0,22457,0.0,16
15335.0,22382,0.0,17
15335.0,22960,0.0,18
15335.0,22961,0.0,19
15335.0,22469,0.0,20
15355.0,22841,0.000113979719239789,1
15355.0,85123A,0.0,2
15355.0,22423,0.0,3
15355.0,47566,0.0,4
15355.0,85099B,0.0,5
15355.0,20725,0.0,6
15355.0,84879,0.0,7
15355.0,22720,0.0,8
15355.0,22383,0.0,9
15355.0,21212,0.0,10
15355.0,20727,0.0,11
15355.0,20728,0.0,12
15355.0,22384,0.0,13
15355.0,23298,0.0,14
15355.0,POST,0.0,15
15355.0,22457,0.0,16
15355.0,22382,0.0,17
15355.0,22960,0.0,18
15355.0,22961,0.0,19
15355.0,22469,0.0,20
15358.0,22423,1.0,1
15358.0,21212,1.0,2
15358.0,22960,1.0,3
15358.0,22961,1.0,4
15358.0,22993,1.0,5
15358.0,21977,1.0,6
15358.0,84991,1.0,7
15358.0,22558,1.0,8
15358.0,22077,1.0,9
15358.0,22138,1.0,10
15358.0,22149,1.0,11
15358.0,21975,1.0,12
15358.0,84378,1.0,13
15358.0,23245,1.0,14
15358.0,22467,1.0,15
15358.0,84380,1.0,16
15358.0,84992,1.0,17
15358.0,21213,1.0,18
15358.0,22652,1.0,19
15358.0,20972,1.0,20
15360.0,22841,0.000113979719239789,1
15360.0,85123A,0.0,2
15360.0,22423,0.0,3
15360.0,47566,0.0,4
15360.0,85099B,0.0,5
15360.0,20725,0.0,6
15360.0,84879,0.0,7
15360.0,22720,0.0,8
15360.0,22383,0.0,9
15360.0,21212,0.0,10
15360.0,20727,0.0,11
15360.0,20728,0.0,12
15360.0,22384,0.0,13
15360.0,23298,0.0,14
15360.0,POST,0.0,15
15360.0,22457,0.0,16
15360.0,22382,0.0,17
15360.0,22960,0.0,18
15360.0,22961,0.0,19
15360.0,22469,0.0,20
15376.0,22423,1.0,1
15376.0,22699,1.0,2
15376.0,22727,1.0,3
15376.0,82494L,1.0,4
15376.0,22697,1.0,5
15376.0,22629,1.0,6
15376.0,21175,1.0,7
15376.0,22726,1.0,8
15376.0,22630,1.0,9
15376.0,22969,1.0,10
15376.0,21166,1.0,11
15376.0,23208,1.0,12
15376.0,22698,1.0,13
15376.0,21790,1.0,14
15376.0,22467,1.0,15
15376.0,82600,1.0,16
15376.0,22367,1.0,17
15376.0,22413,1.0,18
15376.0,21791,1.0,19
15376.0,84692,1.0,20
15392.0,21212,1.0,1
15392.0,21080,1.0,2
15392.0,21977,1.0,3
15392.0,22149,1.0,4
15392.0,21975,1.0,5
15392.0,22557,1.0,6
15392.0,22555,1.0,7
15392.0,22569,1.0,8
15392.0,22983,1.0,9
15392.0,22150,1.0,10
15392.0,22759,1.0,11
15392.0,22585,1.0,12
15392.0,22750,1.0,13
15392.0,22037,1.0,14
15392.0,22303,1.0,15
15392.0,21980,1.0,16
15392.0,21982,1.0,17
15392.0,22595,1.0,18
15392.0,23308,1.0,19
15392.0,22895,1.0,20
15394.0,85123A,1.0,1
15394.0,22423,1.0,2
15394.0,85099B,1.0,3
15394.0,82482,1.0,4
15394.0,22386,1.0,5
15394.0,23203,1.0,6
15394.0,22699,1.0,7
15394.0,21931,1.0,8
15394.0,22411,1.0,9
15394.0,82494L,1.0,10
15394.0,22697,1.0,11
15394.0,85099F,1.0,12
15394.0,22629,1.0,13
15394.0,22558,1.0,14
15394.0,23199,1.0,15
15394.0,85099C,1.0,16
15394.0,23201,1.0,17
15394.0,22662,1.0,18
15394.0,21929,1.0,19
15394.0,23202,1.0,20
15399.0,23206,1.0,1
15399.0,20726,1.0,2
15399.0,22722,1.0,3
15399.0,23207,1.0,4
15399.0,23245,1.0,5
15399.0,23301,1.0,6
15399.0,22621,1.0,7
15399.0,22086,1.0,8
15399.0,21259,1.0,9
15399.0,21892,1.0,10
15399.0,22910,1.0,11
15399.0,22654,1.0,12
15399.0,23154,1.0,13
15399.0,22867,1.0,14
15399.0,22866,1.0,15
15399.0,22841,0.000113979719239789,16
15399.0,85123A,0.0,17
15399.0,22423,0.0,18
15399.0,47566,0.0,19
15399.0,85099B,0.0,20
15407.0,22423,1.0,1
15407.0,22411,1.0,2
15407.0,21754,1.0,3
15407.0,48138,1.0,4
15407.0,21928,1.0,5
15407.0,22328,1.0,6
15407.0,23284,1.0,7
15407.0,22729,1.0,8
15407.0,47590A,1.0,9
15407.0,47590B,1.0,10
15407.0,21669,1.0,11
15407.0,21668,1.0,12
15407.0,84692,1.0,13
15407.0,22502,1.0,14
15407.0,21672,1.0,15
15407.0,20676,1.0,16
15407.0,22663,1.0,17
15407.0,21670,1.0,18
15407.0,20974,1.0,19
15407.0,22631,1.0,20
15427.0,22841,0.000113979719239789,1
15427.0,85123A,0.0,2
15427.0,22423,0.0,3
15427.0,47566,0.0,4
15427.0,85099B,0.0,5
15427.0,20725,0.0,6
15427.0,84879,0.0,7
15427.0,22720,0.0,8
15427.0,22383,0.0,9
15427.0,21212,0.0,10
15427.0,20727,0.0,11
15427.0,20728,0.0,12
15427.0,22384,0.0,13
15427.0,23298,0.0,14
15427.0,POST,0.0,15
15427.0,22457,0.0,16
15427.0,22382,0.0,17
15427.0,22960,0.0,18
15427.0,22961,0.0,19
15427.0,22469,0.0,20
15429.0,85123A,1.0,1
15429.0,21175,1.0,2
15429.0,85152,1.0,3
15429.0,21790,1.0,4
15429.0,21915,1.0,5
15429.0,22147,1.0,6
15429.0,84077,1.0,7
15429.0,22569,1.0,8
15429.0,21914,1.0,9
15429.0,22492,1.0,10
15429.0,82581,1.0,11
15429.0,21889,1.0,12
15429.0,20974,1.0,13
15429.0,22560,1.0,14
15429.0,22489,1.0,15
15429.0,23293,1.0,16
15429.0,21892,1.0,17
15429.0,22418,1.0,18
15429.0,21901,1.0,19
15429.0,21509,1.0,20
15440.0,23201,1.0,1
15440.0,23202,1.0,2
15440.0,21790,1.0,3
15440.0,21791,1.0,4
15440.0,22748,1.0,5
15440.0,22745,1.0,6
15440.0,22752,1.0,7
15440.0,22746,1.0,8
15440.0,22619,1.0,9
15440.0,21918,1.0,10
15440.0,21891,1.0,11
15440.0,21916,1.0,12
15440.0,21912,1.0,13
15440.0,23192,1.0,14
15440.0,21888,1.0,15
15440.0,20979,1.0,16
15440.0,21703,1.0,17
15440.0,22548,1.0,18
15440.0,22755,1.0,19
15440.0,22754,1.0,20
15449.0,20725,1.0,1
15449.0,20726,1.0,2
15449.0,21080,1.0,3
15449.0,21977,1.0,4
15449.0,84755,1.0,5
15449.0,22139,1.0,6
15449.0,84978,1.0,7
15449.0,22138,1.0,8
15449.0,21929,1.0,9
15449.0,84380,1.0,10
15449.0,21559,1.0,11
15449.0,22966,1.0,12
15449.0,22501,1.0,13
15449.0,84375,1.0,14
15449.0,21937,1.0,15
15449.0,22488,1.0,16
15449.0,22456,1.0,17
15449.0,21078,1.0,18
15449.0,23144,1.0,19
15449.0,21561,1.0,20
15453.0,85123A,1.0,1
15453.0,22457,1.0,2
15453.0,22960,1.0,3
15453.0,22961,1.0,4
15453.0,22469,1.0,5
15453.0,82482,1.0,6
15453.0,22470,1.0,7
15453.0,82494L,1.0,8
15453.0,84978,1.0,9
15453.0,21733,1.0,10
15453.0,22149,1.0,11
15453.0,23301,1.0,12
15453.0,71459,1.0,13
15453.0,22766,1.0,14
15453.0,22804,1.0,15
15453.0,22147,1.0,16
15453.0,22189,1.0,17
15453.0,23300,1.0,18
15453.0,84836,1.0,19
15453.0,22487,1.0,20
15458.0,22841,0.000113979719239789,1
15458.0,85123A,0.0,2
15458.0,22423,0.0,3
15458.0,47566,0.0,4
15458.0,85099B,0.0,5
15458.0,20725,0.0,6
15458.0,84879,0.0,7
15458.0,22720,0.0,8
15458.0,22383,0.0,9
15458.0,21212,0.0,10
15458.0,20727,0.0,11
15458.0,20728,0.0,12
15458.0,22384,0.0,13
15458.0,23298,0.0,14
15458.0,POST,0.0,15
15458.0,22457,0.0,16
15458.0,22382,0.0,17
15458.0,22960,0.0,18
15458.0,22961,0.0,19
15458.0,22469,0.0,20
15465.0,22423,1.0,1
15465.0,84879,1.0,2
15465.0,22666,1.0,3
15465.0,21754,1.0,4
15465.0,82484,1.0,5
15465.0,21755,1.0,6
15465.0,22084,1.0,7
15465.0,22776,1.0,8
15465.0,21843,1.0,9
15465.0,23284,1.0,10
15465.0,23300,1.0,11
15465.0,21524,1.0,12
15465.0,22083,1.0,13
15465.0,21621,1.0,14
15465.0,22499,1.0,15
15465.0,21523,1.0,16
15465.0,22429,1.0,17
15465.0,21430,1.0,18
15465.0,22507,1.0,19
15465.0,22086,1.0,20
15484.0,85099B,1.0,1
15484.0,22383,1.0,2
15484.0,20727,1.0,3
15484.0,23201,1.0,4
15484.0,82484,1.0,5
15484.0,22726,1.0,6
15484.0,79321,1.0,7
15484.0,21213,1.0,8
15484.0,22966,1.0,9
15484.0,22729,1.0,10
15484.0,84077,1.0,11
15484.0,82580,1.0,12
15484.0,22607,1.0,13
15484.0,22171,1.0,14
15484.0,22661,1.0,15
15484.0,21172,1.0,16
15484.0,22424,1.0,17
15484.0,21136,1.0,18
15484.0,22492,1.0,19
15484.0,22988,1.0,20
15494.0,84755,1.0,1
15494.0,22139,1.0,2
15494.0,21232,1.0,3
15494.0,22969,1.0,4
15494.0,22149,1.0,5
15494.0,21790,1.0,6
15494.0,21915,1.0,7
15494.0,84077,1.0,8
15494.0,22998,1.0,9
15494.0,15036,1.0,10
15494.0,22570,1.0,11
15494.0,22616,1.0,12
15494.0,21231,1.0,13
15494.0,20750,1.0,14
15494.0,21791,1.0,15
15494.0,22568,1.0,16
15494.0,20749,1.0,17
15494.0,22749,1.0,18
15494.0,22988,1.0,19
15494.0,22560,1.0,20
15505.0,21524,1.0,1
15505.0,21932,1.0,2
15505.0,21523,1.0,3
15505.0,22171,1.0,4
15505.0,21933,1.0,5
15505.0,20749,1.0,6
15505.0,20676,1.0,7
15505.0,84596B,1.0,8
15505.0,23243,1.0,9
15505.0,84596F,1.0,10
15505.0,22690,1.0,11
15505.0,21216,1.0,12
15505.0,20675,1.0,13
15505.0,20677,1.0,14
15505.0,21922,1.0,15
15505.0,85132C,1.0,16
15505.0,20992,1.0,17
15505.0,20674,1.0,18
15505.0,20682,1.0,19
15505.0,84596G,1.0,20
15513.0,85123A,1.0,1
15513.0,22423,1.0,2
15513.0,47566,1.0,3
15513.0,84879,1.0,4
15513.0,21212,1.0,5
15513.0,23298,1.0,6
15513.0,22197,1.0,7
15513.0,23209,1.0,8
15513.0,23203,1.0,9
15513.0,22699,1.0,10
15513.0,22666,1.0,11
15513.0,21080,1.0,12
15513.0,22727,1.0,13
15513.0,21754,1.0,14
15513.0,22697,1.0,15
15513.0,22090,1.0,16
15513.0,84755,1.0,17
15513.0,82484,1.0,18
15513.0,20685,1.0,19
15513.0,22726,1.0,20
15522.0,85123A,1.0,1
15522.0,22383,1.0,2
15522.0,22382,1.0,3
15522.0,23206,1.0,4
15522.0,20726,1.0,5
15522.0,23209,1.0,6
15522.0,22629,1.0,7
15522.0,20724,1.0,8
15522.0,22630,1.0,9
15522.0,23208,1.0,10
15522.0,22659,1.0,11
15522.0,20723,1.0,12
15522.0,22998,1.0,13
15522.0,22616,1.0,14
15522.0,22661,1.0,15
15522.0,23205,1.0,16
15522.0,22631,1.0,17
15522.0,23182,1.0,18
15522.0,22996,1.0,19
15522.0,22970,1.0,20
15547.0,85123A,1.0,1
15547.0,22423,1.0,2
15547.0,47566,1.0,3
15547.0,85099B,1.0,4
15547.0,84879,1.0,5
15547.0,21212,1.0,6
15547.0,23298,1.0,7
15547.0,22457,1.0,8
15547.0,22469,1.0,9
15547.0,82482,1.0,10
15547.0,22178,1.0,11
15547.0,22727,1.0,12
15547.0,22470,1.0,13
15547.0,20914,1.0,14
15547.0,82494L,1.0,15
15547.0,22090,1.0,16
15547.0,84991,1.0,17
15547.0,84755,1.0,18
15547.0,22077,1.0,19
15547.0,21175,1.0,20
15550.0,22423,1.0,1
15550.0,22383,1.0,2
15550.0,20727,1.0,3
15550.0,20728,1.0,4
15550.0,22382,1.0,5
15550.0,22178,1.0,6
15550.0,20726,1.0,7
15550.0,23203,1.0,8
15550.0,22411,1.0,9
15550.0,84755,1.0,10
15550.0,23201,1.0,11
15550.0,22662,1.0,12
15550.0,23207,1.0,13
15550.0,23208,1.0,14
15550.0,84946,1.0,15
15550.0,23245,1.0,16
15550.0,20712,1.0,17
15550.0,21165,1.0,18
15550.0,23200,1.0,19
15550.0,23050,1.0,20
15561.0,23209,1.0,1
15561.0,23207,1.0,2
15561.0,22607,1.0,3
15561.0,21918,1.0,4
15561.0,21912,1.0,5
15561.0,23126,1.0,6
15561.0,21718,1.0,7
15561.0,21716,1.0,8
15561.0,22781,1.0,9
15561.0,23127,1.0,10
15561.0,23007,1.0,11
15561.0,23008,1.0,12
15561.0,23128,1.0,13
15561.0,22841,0.000113979719239789,14
15561.0,85123A,0.0,15
15561.0,22423,0.0,16
15561.0,47566,0.0,17
15561.0,85099B,0.0,18
15561.0,20725,0.0,19
15561.0,84879,0.0,20
15568.0,22659,1.0,1
15568.0,22900,1.0,2
15568.0,22616,1.0,3
15568.0,22970,1.0,4
15568.0,84029G,1.0,5
15568.0,22713,1.0,6
15568.0,23238,1.0,7
15568.0,22997,1.0,8
15568.0,22633,1.0,9
15568.0,21864,1.0,10
15568.0,23005,1.0,11
15568.0,22841,0.000113979719239789,12
15568.0,85123A,0.0,13
15568.0,22423,0.0,14
15568.0,47566,0.0,15
15568.0,85099B,0.0,16
15568.0,20725,0.0,17
15568.0,84879,0.0,18
15568.0,22720,0.0,19
15568.0,22383,0.0,20
15592.0,22841,0.000113979719239789,1
15592.0,85123A,0.0,2
15592.0,22423,0.0,3
15592.0,47566,0.0,4
15592.0,85099B,0.0,5
15592.0,20725,0.0,6
15592.0,84879,0.0,7
15592.0,22720,0.0,8
15592.0,22383,0.0,9
15592.0,21212,0.0,10
15592.0,20727,0.0,11
15592.0,20728,0.0,12
15592.0,22384,0.0,13
15592.0,23298,0.0,14
15592.0,POST,0.0,15
15592.0,22457,0.0,16
15592.0,22382,0.0,17
15592.0,22960,0.0,18
15592.0,22961,0.0,19
15592.0,22469,0.0,20
15598.0,22841,0.000113979719239789,1
15598.0,85123A,0.0,2
15598.0,22423,0.0,3
15598.0,47566,0.0,4
15598.0,85099B,0.0,5
15598.0,20725,0.0,6
15598.0,84879,0.0,7
15598.0,22720,0.0,8
15598.0,22383,0.0,9
15598.0,21212,0.0,10
15598.0,20727,0.0,11
15598.0,20728,0.0,12
15598.0,22384,0.0,13
15598.0,23298,0.0,14
15598.0,POST,0.0,15
15598.0,22457,0.0,16
15598.0,22382,0.0,17
15598.0,22960,0.0,18
15598.0,22961,0.0,19
15598.0,22469,0.0,20
15601.0,85123A,1.0,1
15601.0,22423,1.0,2
15601.0,84879,1.0,3
15601.0,22720,1.0,4
15601.0,22197,1.0,5
15601.0,22699,1.0,6
15601.0,22666,1.0,7
15601.0,22727,1.0,8
15601.0,21754,1.0,9
15601.0,20914,1.0,10
15601.0,82494L,1.0,11
15601.0,22697,1.0,12
15601.0,21977,1.0,13
15601.0,22722,1.0,14
15601.0,84755,1.0,15
15601.0,20685,1.0,16
15601.0,22726,1.0,17
15601.0,21755,1.0,18
15601.0,21232,1.0,19
15601.0,23202,1.0,20
15604.0,22841,0.000113979719239789,1
15604.0,85123A,0.0,2
15604.0,22423,0.0,3
15604.0,47566,0.0,4
15604.0,85099B,0.0,5
15604.0,20725,0.0,6
15604.0,84879,0.0,7
15604.0,22720,0.0,8
15604.0,22383,0.0,9
15604.0,21212,0.0,10
15604.0,20727,0.0,11
15604.0,20728,0.0,12
15604.0,22384,0.0,13
15604.0,23298,0.0,14
15604.0,POST,0.0,15
15604.0,22457,0.0,16
15604.0,22382,0.0,17
15604.0,22960,0.0,18
15604.0,22961,0.0,19
15604.0,22469,0.0,20
15612.0,22969,1.0,1
15612.0,84029E,1.0,2
15612.0,22841,0.0020706171228045667,3
15612.0,85123A,0.0,4
15612.0,22423,0.0,5
15612.0,47566,0.0,6
15612.0,85099B,0.0,7
15612.0,20725,0.0,8
15612.0,84879,0.0,9
15612.0,22720,0.0,10
15612.0,22383,0.0,11
15612.0,21212,0.0,12
15612.0,20727,0.0,13
15612.0,20728,0.0,14
15612.0,22384,0.0,15
15612.0,23298,0.0,16
15612.0,POST,0.0,17
15612.0,22457,0.0,18
15612.0,22382,0.0,19
15612.0,22960,0.0,20
15628.0,85123A,1.0,1
15628.0,21212,1.0,2
15628.0,22961,1.0,3
15628.0,82482,1.0,4
15628.0,22993,1.0,5
15628.0,21080,1.0,6
15628.0,22470,1.0,7
15628.0,82494L,1.0,8
15628.0,20724,1.0,9
15628.0,22558,1.0,10
15628.0,22077,1.0,11
15628.0,22139,1.0,12
15628.0,84978,1.0,13
15628.0,22138,1.0,14
15628.0,20685,1.0,15
15628.0,21232,1.0,16
15628.0,21733,1.0,17
15628.0,21181,1.0,18
15628.0,21975,1.0,19
15628.0,21790,1.0,20
15630.0,22423,1.0,1
15630.0,47566,1.0,2
15630.0,21931,1.0,3
15630.0,48194,1.0,4
15630.0,23284,1.0,5
15630.0,22492,1.0,6
15630.0,22560,1.0,7
15630.0,20711,1.0,8
15630.0,84945,1.0,9
15630.0,22925,1.0,10
15630.0,22927,1.0,11
15630.0,21033,1.0,12
15630.0,20996,1.0,13
15630.0,21563,1.0,14
15630.0,22208,1.0,15
15630.0,22841,0.000113979719239789,16
15630.0,85123A,0.0,17
15630.0,85099B,0.0,18
15630.0,20725,0.0,19
15630.0,84879,0.0,20
15651.0,22570,1.0,1
15651.0,22616,1.0,2
15651.0,22568,1.0,3
15651.0,22970,1.0,4
15651.0,22971,1.0,5
15651.0,22716,1.0,6
15651.0,23077,1.0,7
15651.0,22371,1.0,8
15651.0,22713,1.0,9
15651.0,23127,1.0,10
15651.0,22024,1.0,11
15651.0,23002,1.0,12
15651.0,22973,1.0,13
15651.0,22711,1.0,14
15651.0,22710,1.0,15
15651.0,22841,0.000113979719239789,16
15651.0,85123A,0.0,17
15651.0,22423,0.0,18
15651.0,47566,0.0,19
15651.0,85099B,0.0,20
15656.0,22423,1.0,1
15656.0,22720,1.0,2
15656.0,22457,1.0,3
15656.0,82494L,1.0,4
15656.0,22722,1.0,5
15656.0,82484,1.0,6
15656.0,22427,1.0,7
15656.0,23245,1.0,8
15656.0,22776,1.0,9
15656.0,85066,1.0,10
15656.0,22171,1.0,11
15656.0,21430,1.0,12
15656.0,23240,1.0,13
15656.0,21136,1.0,14
15656.0,22296,1.0,15
15656.0,22464,1.0,16
15656.0,22855,1.0,17
15656.0,22595,1.0,18
15656.0,22840,1.0,19
15656.0,23236,1.0,20
15659.0,22841,0.000113979719239789,1
15659.0,85123A,0.0,2
15659.0,22423,0.0,3
15659.0,47566,0.0,4
15659.0,85099B,0.0,5
15659.0,20725,0.0,6
15659.0,84879,0.0,7
15659.0,22720,0.0,8
15659.0,22383,0.0,9
15659.0,21212,0.0,10
15659.0,20727,0.0,11
15659.0,20728,0.0,12
15659.0,22384,0.0,13
15659.0,23298,0.0,14
15659.0,POST,0.0,15
15659.0,22457,0.0,16
15659.0,22382,0.0,17
15659.0,22960,0.0,18
15659.0,22961,0.0,19
15659.0,22469,0.0,20
15660.0,22423,1.0,1
15660.0,85099B,1.0,2
15660.0,22383,1.0,3
15660.0,20728,1.0,4
15660.0,22384,1.0,5
15660.0,23298,1.0,6
15660.0,22960,1.0,7
15660.0,22961,1.0,8
15660.0,22386,1.0,9
15660.0,23206,1.0,10
15660.0,23209,1.0,11
15660.0,20685,1.0,12
15660.0,84946,1.0,13
15660.0,21790,1.0,14
15660.0,21915,1.0,15
15660.0,22189,1.0,16
15660.0,21155,1.0,17
15660.0,22029,1.0,18
15660.0,23200,1.0,19
15660.0,22568,1.0,20
15664.0,22841,0.000113979719239789,1
15664.0,85123A,0.0,2
15664.0,22423,0.0,3
15664.0,47566,0.0,4
15664.0,85099B,0.0,5
15664.0,20725,0.0,6
15664.0,84879,0.0,7
15664.0,22720,0.0,8
15664.0,22383,0.0,9
15664.0,21212,0.0,10
15664.0,20727,0.0,11
15664.0,20728,0.0,12
15664.0,22384,0.0,13
15664.0,23298,0.0,14
15664.0,POST,0.0,15
15664.0,22457,0.0,16
15664.0,22382,0.0,17
15664.0,22960,0.0,18
15664.0,22961,0.0,19
15664.0,22469,0.0,20
15671.0,21212,1.0,1
15671.0,22457,1.0,2
15671.0,21080,1.0,3
15671.0,22090,1.0,4
15671.0,22558,1.0,5
15671.0,21181,1.0,6
15671.0,85152,1.0,7
15671.0,21166,1.0,8
15671.0,22084,1.0,9
15671.0,85066,1.0,10
15671.0,22083,1.0,11
15671.0,22499,1.0,12
15671.0,84970L,1.0,13
15671.0,21908,1.0,14
15671.0,21172,1.0,15
15671.0,84988,1.0,16
15671.0,21210,1.0,17
15671.0,85150,1.0,18
15671.0,22759,1.0,19
15671.0,22585,1.0,20
15676.0,85123A,1.0,1
15676.0,22384,1.0,2
15676.0,22457,1.0,3
15676.0,21733,1.0,4
15676.0,22149,1.0,5
15676.0,84378,1.0,6
15676.0,84380,1.0,7
15676.0,71459,1.0,8
15676.0,22652,1.0,9
15676.0,22766,1.0,10
15676.0,22189,1.0,11
15676.0,84836,1.0,12
15676.0,21621,1.0,13
15676.0,22029,1.0,14
15676.0,22570,1.0,15
15676.0,22607,1.0,16
15676.0,22568,1.0,17
15676.0,22352,1.0,18
15676.0,22296,1.0,19
15676.0,22030,1.0,20
15681.0,22961,1.0,1
15681.0,84978,1.0,2
15681.0,22607,1.0,3
15681.0,22087,1.0,4
15681.0,22979,1.0,5
15681.0,23084,1.0,6
15681.0,22980,1.0,7
15681.0,23108,1.0,8
15681.0,22919,1.0,9
15681.0,22920,1.0,10
15681.0,22917,1.0,11
15681.0,22916,1.0,12
15681.0,22918,1.0,13
15681.0,22921,1.0,14
15681.0,20979,1.0,15
15681.0,22992,1.0,16
15681.0,23194,1.0,17
15681.0,21313,1.0,18
15681.0,23193,1.0,19
15681.0,22863,1.0,20
15707.0,21212,1.0,1
15707.0,22727,1.0,2
15707.0,20914,1.0,3
15707.0,22629,1.0,4
15707.0,21977,1.0,5
15707.0,84991,1.0,6
15707.0,82484,1.0,7
15707.0,22138,1.0,8
15707.0,22726,1.0,9
15707.0,22630,1.0,10
15707.0,85152,1.0,11
15707.0,22624,1.0,12
15707.0,22659,1.0,13
15707.0,22467,1.0,14
15707.0,22554,1.0,15
15707.0,22551,1.0,16
15707.0,22728,1.0,17
15707.0,21213,1.0,18
15707.0,21915,1.0,19
15707.0,22557,1.0,20
15747.0,20725,1.0,1
15747.0,22383,1.0,2
15747.0,20727,1.0,3
15747.0,20728,1.0,4
15747.0,22384,1.0,5
15747.0,22382,1.0,6
15747.0,22469,1.0,7
15747.0,22386,1.0,8
15747.0,85099F,1.0,9
15747.0,23201,1.0,10
15747.0,22662,1.0,11
15747.0,23207,1.0,12
15747.0,23202,1.0,13
15747.0,82486,1.0,14
15747.0,21928,1.0,15
15747.0,82483,1.0,16
15747.0,21930,1.0,17
15747.0,20713,1.0,18
15747.0,20718,1.0,19
15747.0,23321,1.0,20
15781.0,22423,1.0,1
15781.0,22457,1.0,2
15781.0,84946,1.0,3
15781.0,85066,1.0,4
15781.0,15056N,1.0,5
15781.0,21669,1.0,6
15781.0,22796,1.0,7
15781.0,48116,1.0,8
15781.0,22224,1.0,9
15781.0,23133,1.0,10
15781.0,22841,0.000113979719239789,11
15781.0,85123A,0.0,12
15781.0,47566,0.0,13
15781.0,85099B,0.0,14
15781.0,20725,0.0,15
15781.0,84879,0.0,16
15781.0,22720,0.0,17
15781.0,22383,0.0,18
15781.0,21212,0.0,19
15781.0,20727,0.0,20
15782.0,21181,1.0,1
15782.0,22624,1.0,2
15782.0,22625,1.0,3
15782.0,21908,1.0,4
15782.0,22112,1.0,5
15782.0,21770,1.0,6
15782.0,22847,1.0,7
15782.0,22086,1.0,8
15782.0,22846,1.0,9
15782.0,22835,1.0,10
15782.0,84029E,1.0,11
15782.0,23068,1.0,12
15782.0,22158,1.0,13
15782.0,23344,1.0,14
15782.0,M,0.008507311160702344,15
15782.0,22502,0.0056423040152963665,16
15782.0,POST,0.002831070745697897,17
15782.0,79321,0.0028112332695984705,18
15782.0,23166,0.0028112332695984705,19
15782.0,22841,0.000113979719239789,20
15785.0,22423,1.0,1
15785.0,47566,1.0,2
15785.0,20725,1.0,3
15785.0,22383,1.0,4
15785.0,20728,1.0,5
15785.0,22197,1.0,6
15785.0,21080,1.0,7
15785.0,20724,1.0,8
15785.0,21977,1.0,9
15785.0,84755,1.0,10
15785.0,21975,1.0,11
15785.0,21936,1.0,12
15785.0,84992,1.0,13
15785.0,22776,1.0,14
15785.0,21843,1.0,15
15785.0,21213,1.0,16
15785.0,22417,1.0,17
15785.0,47590B,1.0,18
15785.0,21231,1.0,19
15785.0,21094,1.0,20
15801.0,22720,1.0,1
15801.0,22457,1.0,2
15801.0,22960,1.0,3
15801.0,22699,1.0,4
15801.0,22666,1.0,5
15801.0,20724,1.0,6
15801.0,22722,1.0,7
15801.0,22138,1.0,8
15801.0,21232,1.0,9
15801.0,22355,1.0,10
15801.0,23245,1.0,11
15801.0,84970S,1.0,12
15801.0,23301,1.0,13
15801.0,21731,1.0,14
15801.0,23173,1.0,15
15801.0,23205,1.0,16
15801.0,21877,1.0,17
15801.0,23243,1.0,18
15801.0,71053,1.0,19
15801.0,84949,1.0,20
15804.0,22423,1.0,1
15804.0,84879,1.0,2
15804.0,23298,1.0,3
15804.0,22382,1.0,4
15804.0,22178,1.0,5
15804.0,20726,1.0,6
15804.0,22699,1.0,7
15804.0,22727,1.0,8
15804.0,22697,1.0,9
15804.0,22629,1.0,10
15804.0,84978,1.0,11
15804.0,22726,1.0,12
15804.0,22662,1.0,13
15804.0,22630,1.0,14
15804.0,22427,1.0,15
15804.0,22698,1.0,16
15804.0,84946,1.0,17
15804.0,22326,1.0,18
15804.0,21790,1.0,19
15804.0,22728,1.0,20
15807.0,85123A,1.0,1
15807.0,20728,1.0,2
15807.0,22384,1.0,3
15807.0,22469,1.0,4
15807.0,23206,1.0,5
15807.0,20726,1.0,6
15807.0,23209,1.0,7
15807.0,22470,1.0,8
15807.0,22726,1.0,9
15807.0,23208,1.0,10
15807.0,22728,1.0,11
15807.0,22776,1.0,12
15807.0,84970S,1.0,13
15807.0,22730,1.0,14
15807.0,84970L,1.0,15
15807.0,21210,1.0,16
15807.0,20676,1.0,17
15807.0,21238,1.0,18
15807.0,23321,1.0,19
15807.0,22725,1.0,20
15822.0,22469,1.0,1
15822.0,22178,1.0,2
15822.0,22470,1.0,3
15822.0,21034,1.0,4
15822.0,20685,1.0,5
15822.0,48194,1.0,6
15822.0,21385,1.0,7
15822.0,84949,1.0,8
15822.0,21623,1.0,9
15822.0,84947,1.0,10
15822.0,22694,1.0,11
15822.0,48116,1.0,12
15822.0,22366,1.0,13
15822.0,22156,1.0,14
15822.0,22841,0.000113979719239789,15
15822.0,85123A,0.0,16
15822.0,22423,0.0,17
15822.0,47566,0.0,18
15822.0,85099B,0.0,19
15822.0,20725,0.0,20
15836.0,22841,0.000113979719239789,1
15836.0,85123A,0.0,2
15836.0,22423,0.0,3
15836.0,47566,0.0,4
15836.0,85099B,0.0,5
15836.0,20725,0.0,6
15836.0,84879,0.0,7
15836.0,22720,0.0,8
15836.0,22383,0.0,9
15836.0,21212,0.0,10
15836.0,20727,0.0,11
15836.0,20728,0.0,12
15836.0,22384,0.0,13
15836.0,23298,0.0,14
15836.0,POST,0.0,15
15836.0,22457,0.0,16
15836.0,22382,0.0,17
15836.0,22960,0.0,18
15836.0,22961,0.0,19
15836.0,22469,0.0,20
15850.0,20725,1.0,1
15850.0,22383,1.0,2
15850.0,22384,1.0,3
15850.0,22961,1.0,4
15850.0,21931,1.0,5
15850.0,21034,1.0,6
15850.0,23208,1.0,7
15850.0,22554,1.0,8
15850.0,22328,1.0,9
15850.0,22557,1.0,10
15850.0,84692,1.0,11
15850.0,21380,1.0,12
15850.0,21703,1.0,13
15850.0,20984,1.0,14
15850.0,10133,1.0,15
15850.0,20981,1.0,16
15850.0,21787,1.0,17
15850.0,21381,1.0,18
15850.0,16237,1.0,19
15850.0,22530,1.0,20
15856.0,85123A,1.0,1
15856.0,84879,1.0,2
15856.0,22720,1.0,3
15856.0,21212,1.0,4
15856.0,82482,1.0,5
15856.0,22197,1.0,6
15856.0,22666,1.0,7
15856.0,21931,1.0,8
15856.0,20914,1.0,9
15856.0,21034,1.0,10
15856.0,22629,1.0,11
15856.0,21977,1.0,12
15856.0,84991,1.0,13
15856.0,21175,1.0,14
15856.0,82484,1.0,15
15856.0,21232,1.0,16
15856.0,21181,1.0,17
15856.0,22630,1.0,18
15856.0,85152,1.0,19
15856.0,21166,1.0,20
15860.0,85123A,1.0,1
15860.0,47566,1.0,2
15860.0,23298,1.0,3
15860.0,22993,1.0,4
15860.0,22411,1.0,5
15860.0,22470,1.0,6
15860.0,21754,1.0,7
15860.0,21034,1.0,8
15860.0,22558,1.0,9
15860.0,85099C,1.0,10
15860.0,21755,1.0,11
15860.0,21733,1.0,12
15860.0,21929,1.0,13
15860.0,22652,1.0,14
15860.0,22766,1.0,15
15860.0,15056N,1.0,16
15860.0,22429,1.0,17
15860.0,23240,1.0,18
15860.0,22561,1.0,19
15860.0,22507,1.0,20
15863.0,21669,1.0,1
15863.0,22690,1.0,2
15863.0,22841,0.000113979719239789,3
15863.0,85123A,0.0,4
15863.0,22423,0.0,5
15863.0,47566,0.0,6
15863.0,85099B,0.0,7
15863.0,20725,0.0,8
15863.0,84879,0.0,9
15863.0,22720,0.0,10
15863.0,22383,0.0,11
15863.0,21212,0.0,12
15863.0,20727,0.0,13
15863.0,20728,0.0,14
15863.0,22384,0.0,15
15863.0,23298,0.0,16
15863.0,POST,0.0,17
15863.0,22457,0.0,18
15863.0,22382,0.0,19
15863.0,22960,0.0,20
15865.0,22423,1.0,1
15865.0,22727,1.0,2
15865.0,23245,1.0,3
15865.0,21790,1.0,4
15865.0,21915,1.0,5
15865.0,23284,1.0,6
15865.0,22625,1.0,7
15865.0,22193,1.0,8
15865.0,22191,1.0,9
15865.0,22424,1.0,10
15865.0,22492,1.0,11
15865.0,22844,1.0,12
15865.0,22030,1.0,13
15865.0,22560,1.0,14
15865.0,22489,1.0,15
15865.0,22845,1.0,16
15865.0,22846,1.0,17
15865.0,23230,1.0,18
15865.0,22840,1.0,19
15865.0,23171,1.0,20
15877.0,22841,0.000113979719239789,1
15877.0,85123A,0.0,2
15877.0,22423,0.0,3
15877.0,47566,0.0,4
15877.0,85099B,0.0,5
15877.0,20725,0.0,6
15877.0,84879,0.0,7
15877.0,22720,0.0,8
15877.0,22383,0.0,9
15877.0,21212,0.0,10
15877.0,20727,0.0,11
15877.0,20728,0.0,12
15877.0,22384,0.0,13
15877.0,23298,0.0,14
15877.0,POST,0.0,15
15877.0,22457,0.0,16
15877.0,22382,0.0,17
15877.0,22960,0.0,18
15877.0,22961,0.0,19
15877.0,22469,0.0,20
15900.0,22841,0.000113979719239789,1
15900.0,85123A,0.0,2
15900.0,22423,0.0,3
15900.0,47566,0.0,4
15900.0,85099B,0.0,5
15900.0,20725,0.0,6
15900.0,84879,0.0,7
15900.0,22720,0.0,8
15900.0,22383,0.0,9
15900.0,21212,0.0,10
15900.0,20727,0.0,11
15900.0,20728,0.0,12
15900.0,22384,0.0,13
15900.0,23298,0.0,14
15900.0,POST,0.0,15
15900.0,22457,0.0,16
15900.0,22382,0.0,17
15900.0,22960,0.0,18
15900.0,22961,0.0,19
15900.0,22469,0.0,20
15932.0,85123A,1.0,1
15932.0,47566,1.0,2
15932.0,84879,1.0,3
15932.0,21212,1.0,4
15932.0,22469,1.0,5
15932.0,82484,1.0,6
15932.0,21733,1.0,7
15932.0,22427,1.0,8
15932.0,22804,1.0,9
15932.0,22189,1.0,10
15932.0,82580,1.0,11
15932.0,21933,1.0,12
15932.0,22173,1.0,13
15932.0,22429,1.0,14
15932.0,22983,1.0,15
15932.0,23321,1.0,16
15932.0,21877,1.0,17
15932.0,22030,1.0,18
15932.0,22082,1.0,19
15932.0,21871,1.0,20
15957.0,22841,0.000113979719239789,1
15957.0,85123A,0.0,2
15957.0,22423,0.0,3
15957.0,47566,0.0,4
15957.0,85099B,0.0,5
15957.0,20725,0.0,6
15957.0,84879,0.0,7
15957.0,22720,0.0,8
15957.0,22383,0.0,9
15957.0,21212,0.0,10
15957.0,20727,0.0,11
15957.0,20728,0.0,12
15957.0,22384,0.0,13
15957.0,23298,0.0,14
15957.0,POST,0.0,15
15957.0,22457,0.0,16
15957.0,22382,0.0,17
15957.0,22960,0.0,18
15957.0,22961,0.0,19
15957.0,22469,0.0,20
15967.0,20725,1.0,1
15967.0,22383,1.0,2
15967.0,22960,1.0,3
15967.0,20726,1.0,4
15967.0,21034,1.0,5
15967.0,22907,1.0,6
15967.0,22171,1.0,7
15967.0,22296,1.0,8
15967.0,22723,1.0,9
15967.0,22784,1.0,10
15967.0,22962,1.0,11
15967.0,22926,1.0,12
15967.0,22721,1.0,13
15967.0,22170,1.0,14
15967.0,22297,1.0,15
15967.0,21870,1.0,16
15967.0,22798,1.0,17
15967.0,22800,1.0,18
15967.0,22976,1.0,19
15967.0,21625,1.0,20
15977.0,22841,0.000113979719239789,1
15977.0,85123A,0.0,2
15977.0,22423,0.0,3
15977.0,47566,0.0,4
15977.0,85099B,0.0,5
15977.0,20725,0.0,6
15977.0,84879,0.0,7
15977.0,22720,0.0,8
15977.0,22383,0.0,9
15977.0,21212,0.0,10
15977.0,20727,0.0,11
15977.0,20728,0.0,12
15977.0,22384,0.0,13
15977.0,23298,0.0,14
15977.0,POST,0.0,15
15977.0,22457,0.0,16
15977.0,22382,0.0,17
15977.0,22960,0.0,18
15977.0,22961,0.0,19
15977.0,22469,0.0,20
15984.0,85123A,1.0,1
15984.0,85099B,1.0,2
15984.0,84879,1.0,3
15984.0,21212,1.0,4
15984.0,22457,1.0,5
15984.0,22960,1.0,6
15984.0,82482,1.0,7
15984.0,23209,1.0,8
15984.0,21034,1.0,9
15984.0,82494L,1.0,10
15984.0,21977,1.0,11
15984.0,22558,1.0,12
15984.0,84978,1.0,13
15984.0,22907,1.0,14
15984.0,22084,1.0,15
15984.0,84946,1.0,16
15984.0,84378,1.0,17
15984.0,84380,1.0,18
15984.0,84970S,1.0,19
15984.0,23301,1.0,20
15987.0,21212,1.0,1
15987.0,20727,1.0,2
15987.0,22961,1.0,3
15987.0,22178,1.0,4
15987.0,22197,1.0,5
15987.0,21080,1.0,6
15987.0,21034,1.0,7
15987.0,22138,1.0,8
15987.0,22624,1.0,9
15987.0,22328,1.0,10
15987.0,21213,1.0,11
15987.0,22553,1.0,12
15987.0,22367,1.0,13
15987.0,21094,1.0,14
15987.0,21086,1.0,15
15987.0,22082,1.0,16
15987.0,22333,1.0,17
15987.0,22489,1.0,18
15987.0,22505,1.0,19
15987.0,23050,1.0,20
15993.0,22841,0.000113979719239789,1
15993.0,85123A,0.0,2
15993.0,22423,0.0,3
15993.0,47566,0.0,4
15993.0,85099B,0.0,5
15993.0,20725,0.0,6
15993.0,84879,0.0,7
15993.0,22720,0.0,8
15993.0,22383,0.0,9
15993.0,21212,0.0,10
15993.0,20727,0.0,11
15993.0,20728,0.0,12
15993.0,22384,0.0,13
15993.0,23298,0.0,14
15993.0,POST,0.0,15
15993.0,22457,0.0,16
15993.0,22382,0.0,17
15993.0,22960,0.0,18
15993.0,22961,0.0,19
15993.0,22469,0.0,20
15998.0,85123A,1.0,1
15998.0,22423,1.0,2
15998.0,84879,1.0,3
15998.0,22383,1.0,4
15998.0,20727,1.0,5
15998.0,23298,1.0,6
15998.0,22457,1.0,7
15998.0,22382,1.0,8
15998.0,22469,1.0,9
15998.0,22178,1.0,10
15998.0,22197,1.0,11
15998.0,23206,1.0,12
15998.0,23209,1.0,13
15998.0,21080,1.0,14
15998.0,21931,1.0,15
15998.0,22470,1.0,16
15998.0,22077,1.0,17
15998.0,21175,1.0,18
15998.0,85099C,1.0,19
15998.0,23201,1.0,20
16003.0,22423,1.0,1
16003.0,22720,1.0,2
16003.0,21754,1.0,3
16003.0,82494L,1.0,4
16003.0,21175,1.0,5
16003.0,82484,1.0,6
16003.0,23202,1.0,7
16003.0,21843,1.0,8
16003.0,47590B,1.0,9
16003.0,22086,1.0,10
16003.0,22082,1.0,11
16003.0,23108,1.0,12
16003.0,23231,1.0,13
16003.0,16161P,1.0,14
16003.0,21916,1.0,15
16003.0,21499,1.0,16
16003.0,22910,1.0,17
16003.0,22798,1.0,18
16003.0,22986,1.0,19
16003.0,23112,1.0,20
16005.0,20727,1.0,1
16005.0,22382,1.0,2
16005.0,22960,1.0,3
16005.0,22961,1.0,4
16005.0,22993,1.0,5
16005.0,21080,1.0,6
16005.0,20914,1.0,7
16005.0,21034,1.0,8
16005.0,22558,1.0,9
16005.0,21929,1.0,10
16005.0,22907,1.0,11
16005.0,22551,1.0,12
16005.0,79321,1.0,13
16005.0,22766,1.0,14
16005.0,22385,1.0,15
16005.0,22692,1.0,16
16005.0,21094,1.0,17
16005.0,84692,1.0,18
16005.0,21122,1.0,19
16005.0,22429,1.0,20
16007.0,85123A,1.0,1
16007.0,47566,1.0,2
16007.0,85099B,1.0,3
16007.0,21212,1.0,4
16007.0,23298,1.0,5
16007.0,82482,1.0,6
16007.0,22386,1.0,7
16007.0,22197,1.0,8
16007.0,23203,1.0,9
16007.0,21080,1.0,10
16007.0,21931,1.0,11
16007.0,22727,1.0,12
16007.0,22411,1.0,13
16007.0,21034,1.0,14
16007.0,82494L,1.0,15
16007.0,85099F,1.0,16
16007.0,20724,1.0,17
16007.0,21977,1.0,18
16007.0,84991,1.0,19
16007.0,23199,1.0,20
16012.0,22423,1.0,1
16012.0,47566,1.0,2
16012.0,22961,1.0,3
16012.0,22699,1.0,4
16012.0,22697,1.0,5
16012.0,22077,1.0,6
16012.0,22427,1.0,7
16012.0,22698,1.0,8
16012.0,22149,1.0,9
16012.0,23245,1.0,10
16012.0,22556,1.0,11
16012.0,22607,1.0,12
16012.0,21172,1.0,13
16012.0,23173,1.0,14
16012.0,22749,1.0,15
16012.0,21868,1.0,16
16012.0,23170,1.0,17
16012.0,22030,1.0,18
16012.0,20974,1.0,19
16012.0,22784,1.0,20
16023.0,22423,1.0,1
16023.0,47566,1.0,2
16023.0,85099B,1.0,3
16023.0,21212,1.0,4
16023.0,22457,1.0,5
16023.0,22961,1.0,6
16023.0,22469,1.0,7
16023.0,22699,1.0,8
16023.0,22470,1.0,9
16023.0,22697,1.0,10
16023.0,21977,1.0,11
16023.0,22077,1.0,12
16023.0,20685,1.0,13
16023.0,22698,1.0,14
16023.0,22776,1.0,15
16023.0,22557,1.0,16
16023.0,22607,1.0,17
16023.0,20718,1.0,18
16023.0,21172,1.0,19
16023.0,21535,1.0,20
16038.0,85123A,1.0,1
16038.0,22457,1.0,2
16038.0,84755,1.0,3
16038.0,71053,1.0,4
16038.0,22784,1.0,5
16038.0,22645,1.0,6
16038.0,37449,1.0,7
16038.0,22644,1.0,8
16038.0,37446,1.0,9
16038.0,21787,1.0,10
16038.0,22055,1.0,11
16038.0,22061,1.0,12
16038.0,15056P,1.0,13
16038.0,23109,1.0,14
16038.0,22841,0.000113979719239789,15
16038.0,22423,0.0,16
16038.0,47566,0.0,17
16038.0,85099B,0.0,18
16038.0,20725,0.0,19
16038.0,84879,0.0,20
16043.0,85123A,1.0,1
16043.0,22138,1.0,2
16043.0,22427,1.0,3
16043.0,21790,1.0,4
16043.0,22617,1.0,5
16043.0,22429,1.0,6
16043.0,22847,1.0,7
16043.0,21326,1.0,8
16043.0,21703,1.0,9
16043.0,22430,1.0,10
16043.0,84792,1.0,11
16043.0,85053,1.0,12
16043.0,22849,1.0,13
16043.0,22672,1.0,14
16043.0,22426,1.0,15
16043.0,22848,1.0,16
16043.0,22675,1.0,17
16043.0,21313,1.0,18
16043.0,22673,1.0,19
16043.0,23065,1.0,20
16049.0,84879,1.0,1
16049.0,22720,1.0,2
16049.0,21212,1.0,3
16049.0,20727,1.0,4
16049.0,22960,1.0,5
16049.0,82482,1.0,6
16049.0,22666,1.0,7
16049.0,21754,1.0,8
16049.0,21034,1.0,9
16049.0,22722,1.0,10
16049.0,22139,1.0,11
16049.0,23201,1.0,12
16049.0,22662,1.0,13
16049.0,23207,1.0,14
16049.0,22427,1.0,15
16049.0,48187,1.0,16
16049.0,21790,1.0,17
16049.0,23301,1.0,18
16049.0,22667,1.0,19
16049.0,21791,1.0,20
16053.0,22423,1.0,1
16053.0,85099B,1.0,2
16053.0,20725,1.0,3
16053.0,22720,1.0,4
16053.0,21212,1.0,5
16053.0,22384,1.0,6
16053.0,23298,1.0,7
16053.0,22960,1.0,8
16053.0,22961,1.0,9
16053.0,23206,1.0,10
16053.0,23209,1.0,11
16053.0,23203,1.0,12
16053.0,22666,1.0,13
16053.0,20914,1.0,14
16053.0,20724,1.0,15
16053.0,21977,1.0,16
16053.0,84991,1.0,17
16053.0,23207,1.0,18
16053.0,23202,1.0,19
16053.0,22355,1.0,20
16119.0,22457,1.0,1
16119.0,22178,1.0,2
16119.0,84978,1.0,3
16119.0,22759,1.0,4
16119.0,22585,1.0,5
16119.0,22784,1.0,6
16119.0,84947,1.0,7
16119.0,21313,1.0,8
16119.0,22831,1.0,9
16119.0,22841,0.000113979719239789,10
16119.0,85123A,0.0,11
16119.0,22423,0.0,12
16119.0,47566,0.0,13
16119.0,85099B,0.0,14
16119.0,20725,0.0,15
16119.0,84879,0.0,16
16119.0,22720,0.0,17
16119.0,22383,0.0,18
16119.0,21212,0.0,19
16119.0,20727,0.0,20
16134.0,21080,1.0,1
16134.0,20914,1.0,2
16134.0,22667,1.0,3
16134.0,21535,1.0,4
16134.0,85150,1.0,5
16134.0,20754,1.0,6
16134.0,22348,1.0,7
16134.0,72741,1.0,8
16134.0,21531,1.0,9
16134.0,21218,1.0,10
16134.0,21527,1.0,11
16134.0,21876,1.0,12
16134.0,21495,1.0,13
16134.0,37370,1.0,14
16134.0,84849D,1.0,15
16134.0,20886,1.0,16
16134.0,22841,0.000113979719239789,17
16134.0,85123A,0.0,18
16134.0,22423,0.0,19
16134.0,47566,0.0,20
16153.0,47566,1.0,1
16153.0,20725,1.0,2
16153.0,22720,1.0,3
16153.0,22383,1.0,4
16153.0,20727,1.0,5
16153.0,22384,1.0,6
16153.0,23298,1.0,7
16153.0,22457,1.0,8
16153.0,22961,1.0,9
16153.0,22993,1.0,10
16153.0,20726,1.0,11
16153.0,22666,1.0,12
16153.0,21080,1.0,13
16153.0,20914,1.0,14
16153.0,22558,1.0,15
16153.0,84380,1.0,16
16153.0,21843,1.0,17
16153.0,84077,1.0,18
16153.0,21155,1.0,19
16153.0,21533,1.0,20
16156.0,85099B,1.0,1
16156.0,22720,1.0,2
16156.0,23298,1.0,3
16156.0,22457,1.0,4
16156.0,22961,1.0,5
16156.0,23206,1.0,6
16156.0,23203,1.0,7
16156.0,22411,1.0,8
16156.0,85099F,1.0,9
16156.0,22629,1.0,10
16156.0,22722,1.0,11
16156.0,23201,1.0,12
16156.0,22662,1.0,13
16156.0,23207,1.0,14
16156.0,21181,1.0,15
16156.0,23202,1.0,16
16156.0,22630,1.0,17
16156.0,22969,1.0,18
16156.0,22084,1.0,19
16156.0,22467,1.0,20
16190.0,22841,0.000113979719239789,1
16190.0,85123A,0.0,2
16190.0,22423,0.0,3
16190.0,47566,0.0,4
16190.0,85099B,0.0,5
16190.0,20725,0.0,6
16190.0,84879,0.0,7
16190.0,22720,0.0,8
16190.0,22383,0.0,9
16190.0,21212,0.0,10
16190.0,20727,0.0,11
16190.0,20728,0.0,12
16190.0,22384,0.0,13
16190.0,23298,0.0,14
16190.0,POST,0.0,15
16190.0,22457,0.0,16
16190.0,22382,0.0,17
16190.0,22960,0.0,18
16190.0,22961,0.0,19
16190.0,22469,0.0,20
16200.0,47566,1.0,1
16200.0,85099B,1.0,2
16200.0,20725,1.0,3
16200.0,84879,1.0,4
16200.0,23298,1.0,5
16200.0,22469,1.0,6
16200.0,22993,1.0,7
16200.0,23206,1.0,8
16200.0,23209,1.0,9
16200.0,23203,1.0,10
16200.0,22699,1.0,11
16200.0,22411,1.0,12
16200.0,22470,1.0,13
16200.0,21754,1.0,14
16200.0,82494L,1.0,15
16200.0,22697,1.0,16
16200.0,22090,1.0,17
16200.0,23199,1.0,18
16200.0,84755,1.0,19
16200.0,23201,1.0,20
16204.0,22841,0.000113979719239789,1
16204.0,85123A,0.0,2
16204.0,22423,0.0,3
16204.0,47566,0.0,4
16204.0,85099B,0.0,5
16204.0,20725,0.0,6
16204.0,84879,0.0,7
16204.0,22720,0.0,8
16204.0,22383,0.0,9
16204.0,21212,0.0,10
16204.0,20727,0.0,11
16204.0,20728,0.0,12
16204.0,22384,0.0,13
16204.0,23298,0.0,14
16204.0,POST,0.0,15
16204.0,22457,0.0,16
16204.0,22382,0.0,17
16204.0,22960,0.0,18
16204.0,22961,0.0,19
16204.0,22469,0.0,20
16205.0,85099B,1.0,1
16205.0,20725,1.0,2
16205.0,20727,1.0,3
16205.0,22384,1.0,4
16205.0,23298,1.0,5
16205.0,22386,1.0,6
16205.0,22197,1.0,7
16205.0,23209,1.0,8
16205.0,23203,1.0,9
16205.0,22727,1.0,10
16205.0,21034,1.0,11
16205.0,85099F,1.0,12
16205.0,22629,1.0,13
16205.0,84755,1.0,14
16205.0,23201,1.0,15
16205.0,22726,1.0,16
16205.0,22662,1.0,17
16205.0,23207,1.0,18
16205.0,22659,1.0,19
16205.0,21936,1.0,20
16207.0,22841,0.000113979719239789,1
16207.0,85123A,0.0,2
16207.0,22423,0.0,3
16207.0,47566,0.0,4
16207.0,85099B,0.0,5
16207.0,20725,0.0,6
16207.0,84879,0.0,7
16207.0,22720,0.0,8
16207.0,22383,0.0,9
16207.0,21212,0.0,10
16207.0,20727,0.0,11
16207.0,20728,0.0,12
16207.0,22384,0.0,13
16207.0,23298,0.0,14
16207.0,POST,0.0,15
16207.0,22457,0.0,16
16207.0,22382,0.0,17
16207.0,22960,0.0,18
16207.0,22961,0.0,19
16207.0,22469,0.0,20
16210.0,85123A,1.0,1
16210.0,22423,1.0,2
16210.0,22720,1.0,3
16210.0,22666,1.0,4
16210.0,21931,1.0,5
16210.0,22411,1.0,6
16210.0,21175,1.0,7
16210.0,23201,1.0,8
16210.0,20685,1.0,9
16210.0,23202,1.0,10
16210.0,84946,1.0,11
16210.0,71459,1.0,12
16210.0,22900,1.0,13
16210.0,21174,1.0,14
16210.0,21533,1.0,15
16210.0,82582,1.0,16
16210.0,21172,1.0,17
16210.0,21314,1.0,18
16210.0,84596B,1.0,19
16210.0,23173,1.0,20
16235.0,84879,1.0,1
16235.0,22720,1.0,2
16235.0,23298,1.0,3
16235.0,POST,1.0,4
16235.0,23209,1.0,5
16235.0,23203,1.0,6
16235.0,22666,1.0,7
16235.0,22722,1.0,8
16235.0,82484,1.0,9
16235.0,22907,1.0,10
16235.0,22624,1.0,11
16235.0,48187,1.0,12
16235.0,23300,1.0,13
16235.0,84836,1.0,14
16235.0,22487,1.0,15
16235.0,22692,1.0,16
16235.0,22171,1.0,17
16235.0,22989,1.0,18
16235.0,21136,1.0,19
16235.0,22855,1.0,20
16240.0,85123A,1.0,1
16240.0,22720,1.0,2
16240.0,22960,1.0,3
16240.0,22699,1.0,4
16240.0,22666,1.0,5
16240.0,22558,1.0,6
16240.0,22077,1.0,7
16240.0,23201,1.0,8
16240.0,22969,1.0,9
16240.0,22907,1.0,10
16240.0,22966,1.0,11
16240.0,22147,1.0,12
16240.0,21523,1.0,13
16240.0,20750,1.0,14
16240.0,23307,1.0,15
16240.0,22561,1.0,16
16240.0,22086,1.0,17
16240.0,23052,1.0,18
16240.0,23231,1.0,19
16240.0,22489,1.0,20
16242.0,85099B,1.0,1
16242.0,20725,1.0,2
16242.0,84879,1.0,3
16242.0,22720,1.0,4
16242.0,20727,1.0,5
16242.0,20728,1.0,6
16242.0,22384,1.0,7
16242.0,23298,1.0,8
16242.0,22382,1.0,9
16242.0,22469,1.0,10
16242.0,22386,1.0,11
16242.0,23206,1.0,12
16242.0,23209,1.0,13
16242.0,23203,1.0,14
16242.0,22666,1.0,15
16242.0,22470,1.0,16
16242.0,85099F,1.0,17
16242.0,20724,1.0,18
16242.0,23201,1.0,19
16242.0,20685,1.0,20
16249.0,47566,1.0,1
16249.0,84879,1.0,2
16249.0,21212,1.0,3
16249.0,22457,1.0,4
16249.0,82482,1.0,5
16249.0,82494L,1.0,6
16249.0,21977,1.0,7
16249.0,84991,1.0,8
16249.0,84755,1.0,9
16249.0,48187,1.0,10
16249.0,21975,1.0,11
16249.0,48194,1.0,12
16249.0,21936,1.0,13
16249.0,21213,1.0,14
16249.0,22766,1.0,15
16249.0,21524,1.0,16
16249.0,21907,1.0,17
16249.0,22607,1.0,18
16249.0,22087,1.0,19
16249.0,21498,1.0,20
16260.0,22841,0.000113979719239789,1
16260.0,85123A,0.0,2
16260.0,22423,0.0,3
16260.0,47566,0.0,4
16260.0,85099B,0.0,5
16260.0,20725,0.0,6
16260.0,84879,0.0,7
16260.0,22720,0.0,8
16260.0,22383,0.0,9
16260.0,21212,0.0,10
16260.0,20727,0.0,11
16260.0,20728,0.0,12
16260.0,22384,0.0,13
16260.0,23298,0.0,14
16260.0,POST,0.0,15
16260.0,22457,0.0,16
16260.0,22382,0.0,17
16260.0,22960,0.0,18
16260.0,22961,0.0,19
16260.0,22469,0.0,20
16303.0,47566,1.0,1
16303.0,85099B,1.0,2
16303.0,20725,1.0,3
16303.0,22383,1.0,4
16303.0,20728,1.0,5
16303.0,22382,1.0,6
16303.0,20726,1.0,7
16303.0,21931,1.0,8
16303.0,22411,1.0,9
16303.0,22629,1.0,10
16303.0,22139,1.0,11
16303.0,23201,1.0,12
16303.0,22138,1.0,13
16303.0,22662,1.0,14
16303.0,23207,1.0,15
16303.0,21929,1.0,16
16303.0,21181,1.0,17
16303.0,22630,1.0,18
16303.0,22554,1.0,19
16303.0,22551,1.0,20
16318.0,22841,0.000113979719239789,1
16318.0,85123A,0.0,2
16318.0,22423,0.0,3
16318.0,47566,0.0,4
16318.0,85099B,0.0,5
16318.0,20725,0.0,6
16318.0,84879,0.0,7
16318.0,22720,0.0,8
16318.0,22383,0.0,9
16318.0,21212,0.0,10
16318.0,20727,0.0,11
16318.0,20728,0.0,12
16318.0,22384,0.0,13
16318.0,23298,0.0,14
16318.0,POST,0.0,15
16318.0,22457,0.0,16
16318.0,22382,0.0,17
16318.0,22960,0.0,18
16318.0,22961,0.0,19
16318.0,22469,0.0,20
16322.0,22841,0.000113979719239789,1
16322.0,85123A,0.0,2
16322.0,22423,0.0,3
16322.0,47566,0.0,4
16322.0,85099B,0.0,5
16322.0,20725,0.0,6
16322.0,84879,0.0,7
16322.0,22720,0.0,8
16322.0,22383,0.0,9
16322.0,21212,0.0,10
16322.0,20727,0.0,11
16322.0,20728,0.0,12
16322.0,22384,0.0,13
16322.0,23298,0.0,14
16322.0,POST,0.0,15
16322.0,22457,0.0,16
16322.0,22382,0.0,17
16322.0,22960,0.0,18
16322.0,22961,0.0,19
16322.0,22469,0.0,20
16327.0,20725,1.0,1
16327.0,84879,1.0,2
16327.0,22383,1.0,3
16327.0,20727,1.0,4
16327.0,20728,1.0,5
16327.0,22384,1.0,6
16327.0,23298,1.0,7
16327.0,22457,1.0,8
16327.0,22469,1.0,9
16327.0,20726,1.0,10
16327.0,22666,1.0,11
16327.0,22470,1.0,12
16327.0,85099F,1.0,13
16327.0,20724,1.0,14
16327.0,22139,1.0,15
16327.0,84978,1.0,16
16327.0,21232,1.0,17
16327.0,22630,1.0,18
16327.0,22355,1.0,19
16327.0,20719,1.0,20
16333.0,21915,1.0,1
16333.0,84077,1.0,2
16333.0,22086,1.0,3
16333.0,22620,1.0,4
16333.0,21891,1.0,5
16333.0,22693,1.0,6
16333.0,22440,1.0,7
16333.0,21749,1.0,8
16333.0,21704,1.0,9
16333.0,22841,0.0107423711755156,10
16333.0,M,0.005195234742741547,11
16333.0,85123A,0.002319748108655624,12
16333.0,22423,0.002319748108655624,13
16333.0,47566,0.002319748108655624,14
16333.0,85099B,0.002319748108655624,15
16333.0,84879,0.002319748108655624,16
16333.0,22720,0.002319748108655624,17
16333.0,23298,0.002319748108655624,18
16333.0,POST,0.002319748108655624,19
16333.0,22386,0.002319748108655624,20
16337.0,22841,0.000113979719239789,1
16337.0,85123A,0.0,2
16337.0,22423,0.0,3
16337.0,47566,0.0,4
16337.0,85099B,0.0,5
16337.0,20725,0.0,6
16337.0,84879,0.0,7
16337.0,22720,0.0,8
16337.0,22383,0.0,9
16337.0,21212,0.0,10
16337.0,20727,0.0,11
16337.0,20728,0.0,12
16337.0,22384,0.0,13
16337.0,23298,0.0,14
16337.0,POST,0.0,15
16337.0,22457,0.0,16
16337.0,22382,0.0,17
16337.0,22960,0.0,18
16337.0,22961,0.0,19
16337.0,22469,0.0,20
16348.0,22386,1.0,1
16348.0,22197,1.0,2
16348.0,21080,1.0,3
16348.0,21034,1.0,4
16348.0,22138,1.0,5
16348.0,22969,1.0,6
16348.0,22907,1.0,7
16348.0,22551,1.0,8
16348.0,23301,1.0,9
16348.0,71459,1.0,10
16348.0,22652,1.0,11
16348.0,21731,1.0,12
16348.0,23300,1.0,13
16348.0,22557,1.0,14
16348.0,22555,1.0,15
16348.0,21094,1.0,16
16348.0,21533,1.0,17
16348.0,21791,1.0,18
16348.0,22771,1.0,19
16348.0,22111,1.0,20
16364.0,22197,1.0,1
16364.0,21977,1.0,2
16364.0,84991,1.0,3
16364.0,22607,1.0,4
16364.0,22561,1.0,5
16364.0,22844,1.0,6
16364.0,22979,1.0,7
16364.0,21770,1.0,8
16364.0,22605,1.0,9
16364.0,23256,1.0,10
16364.0,22904,1.0,11
16364.0,23254,1.0,12
16364.0,23091,1.0,13
16364.0,22120,1.0,14
16364.0,20751,1.0,15
16364.0,22493,1.0,16
16364.0,20978,1.0,17
16364.0,20982,1.0,18
16364.0,23080,1.0,19
16364.0,22035,1.0,20
16399.0,85123A,1.0,1
16399.0,20725,1.0,2
16399.0,22383,1.0,3
16399.0,20727,1.0,4
16399.0,22382,1.0,5
16399.0,22077,1.0,6
16399.0,21733,1.0,7
16399.0,21181,1.0,8
16399.0,22467,1.0,9
16399.0,22551,1.0,10
16399.0,22557,1.0,11
16399.0,84077,1.0,12
16399.0,22553,1.0,13
16399.0,82582,1.0,14
16399.0,85150,1.0,15
16399.0,71053,1.0,16
16399.0,22665,1.0,17
16399.0,21531,1.0,18
16399.0,M,1.0,19
16399.0,21870,1.0,20
16409.0,85123A,1.0,1
16409.0,22423,1.0,2
16409.0,84879,1.0,3
16409.0,21212,1.0,4
16409.0,22469,1.0,5
16409.0,82482,1.0,6
16409.0,21080,1.0,7
16409.0,22470,1.0,8
16409.0,21754,1.0,9
16409.0,82494L,1.0,10
16409.0,22090,1.0,11
16409.0,21977,1.0,12
16409.0,84991,1.0,13
16409.0,21175,1.0,14
16409.0,20685,1.0,15
16409.0,22907,1.0,16
16409.0,85152,1.0,17
16409.0,21166,1.0,18
16409.0,48187,1.0,19
16409.0,21975,1.0,20
16411.0,21212,1.0,1
16411.0,21754,1.0,2
16411.0,22697,1.0,3
16411.0,84946,1.0,4
16411.0,22551,1.0,5
16411.0,22556,1.0,6
16411.0,21915,1.0,7
16411.0,22557,1.0,8
16411.0,22417,1.0,9
16411.0,22553,1.0,10
16411.0,22367,1.0,11
16411.0,22555,1.0,12
16411.0,21156,1.0,13
16411.0,22910,1.0,14
16411.0,21484,1.0,15
16411.0,22231,1.0,16
16411.0,22841,0.000113979719239789,17
16411.0,85123A,0.0,18
16411.0,22423,0.0,19
16411.0,47566,0.0,20
16415.0,22841,0.000113979719239789,1
16415.0,85123A,0.0,2
16415.0,22423,0.0,3
16415.0,47566,0.0,4
16415.0,85099B,0.0,5
16415.0,20725,0.0,6
16415.0,84879,0.0,7
16415.0,22720,0.0,8
16415.0,22383,0.0,9
16415.0,21212,0.0,10
16415.0,20727,0.0,11
16415.0,20728,0.0,12
16415.0,22384,0.0,13
16415.0,23298,0.0,14
16415.0,POST,0.0,15
16415.0,22457,0.0,16
16415.0,22382,0.0,17
16415.0,22960,0.0,18
16415.0,22961,0.0,19
16415.0,22469,0.0,20
16426.0,85099B,1.0,1
16426.0,22469,1.0,2
16426.0,22386,1.0,3
16426.0,22666,1.0,4
16426.0,22411,1.0,5
16426.0,22470,1.0,6
16426.0,85099F,1.0,7
16426.0,85099C,1.0,8
16426.0,21929,1.0,9
16426.0,23202,1.0,10
16426.0,21166,1.0,11
16426.0,22467,1.0,12
16426.0,22554,1.0,13
16426.0,22551,1.0,14
16426.0,22556,1.0,15
16426.0,20712,1.0,16
16426.0,22385,1.0,17
16426.0,22557,1.0,18
16426.0,22553,1.0,19
16426.0,22555,1.0,20
16440.0,20728,1.0,1
16440.0,23298,1.0,2
16440.0,22469,1.0,3
16440.0,22993,1.0,4
16440.0,22197,1.0,5
16440.0,20726,1.0,6
16440.0,23209,1.0,7
16440.0,23203,1.0,8
16440.0,22470,1.0,9
16440.0,20914,1.0,10
16440.0,22722,1.0,11
16440.0,23199,1.0,12
16440.0,22138,1.0,13
16440.0,22969,1.0,14
16440.0,22907,1.0,15
16440.0,22427,1.0,16
16440.0,23208,1.0,17
16440.0,22554,1.0,18
16440.0,22556,1.0,19
16440.0,22652,1.0,20
16444.0,85123A,1.0,1
16444.0,20725,1.0,2
16444.0,21212,1.0,3
16444.0,20727,1.0,4
16444.0,20728,1.0,5
16444.0,22384,1.0,6
16444.0,23298,1.0,7
16444.0,22197,1.0,8
16444.0,21080,1.0,9
16444.0,22411,1.0,10
16444.0,21034,1.0,11
16444.0,22090,1.0,12
16444.0,85099C,1.0,13
16444.0,85152,1.0,14
16444.0,21166,1.0,15
16444.0,22084,1.0,16
16444.0,84992,1.0,17
16444.0,21559,1.0,18
16444.0,22328,1.0,19
16444.0,21915,1.0,20
16454.0,22841,0.0020706171228045667,1
16454.0,85123A,0.0,2
16454.0,22423,0.0,3
16454.0,47566,0.0,4
16454.0,85099B,0.0,5
16454.0,20725,0.0,6
16454.0,84879,0.0,7
16454.0,22720,0.0,8
16454.0,22383,0.0,9
16454.0,21212,0.0,10
16454.0,20727,0.0,11
16454.0,20728,0.0,12
16454.0,22384,0.0,13
16454.0,23298,0.0,14
16454.0,POST,0.0,15
16454.0,22457,0.0,16
16454.0,22382,0.0,17
16454.0,22960,0.0,18
16454.0,22961,0.0,19
16454.0,22469,0.0,20
16469.0,22423,1.0,1
16469.0,85099B,1.0,2
16469.0,23298,1.0,3
16469.0,22178,1.0,4
16469.0,22411,1.0,5
16469.0,85099F,1.0,6
16469.0,84755,1.0,7
16469.0,48187,1.0,8
16469.0,21928,1.0,9
16469.0,22659,1.0,10
16469.0,20712,1.0,11
16469.0,15056N,1.0,12
16469.0,22083,1.0,13
16469.0,22193,1.0,14
16469.0,21932,1.0,15
16469.0,20718,1.0,16
16469.0,21172,1.0,17
16469.0,21535,1.0,18
16469.0,22113,1.0,19
16469.0,22507,1.0,20
16474.0,85123A,1.0,1
16474.0,85099B,1.0,2
16474.0,20725,1.0,3
16474.0,20727,1.0,4
16474.0,20728,1.0,5
16474.0,22384,1.0,6
16474.0,22457,1.0,7
16474.0,22960,1.0,8
16474.0,22386,1.0,9
16474.0,20726,1.0,10
16474.0,20914,1.0,11
16474.0,82494L,1.0,12
16474.0,84978,1.0,13
16474.0,22138,1.0,14
16474.0,21755,1.0,15
16474.0,21733,1.0,16
16474.0,21181,1.0,17
16474.0,85152,1.0,18
16474.0,82486,1.0,19
16474.0,22149,1.0,20
16495.0,21080,1.0,1
16495.0,21034,1.0,2
16495.0,22558,1.0,3
16495.0,84978,1.0,4
16495.0,22551,1.0,5
16495.0,22557,1.0,6
16495.0,22553,1.0,7
16495.0,22555,1.0,8
16495.0,22908,1.0,9
16495.0,22192,1.0,10
16495.0,21868,1.0,11
16495.0,22988,1.0,12
16495.0,21937,1.0,13
16495.0,22759,1.0,14
16495.0,22086,1.0,15
16495.0,21078,1.0,16
16495.0,21989,1.0,17
16495.0,20983,1.0,18
16495.0,20828,1.0,19
16495.0,22669,1.0,20
16525.0,85123A,1.0,1
16525.0,47566,1.0,2
16525.0,85099B,1.0,3
16525.0,22720,1.0,4
16525.0,22457,1.0,5
16525.0,82482,1.0,6
16525.0,82494L,1.0,7
16525.0,85099F,1.0,8
16525.0,22090,1.0,9
16525.0,20685,1.0,10
16525.0,21181,1.0,11
16525.0,48138,1.0,12
16525.0,48187,1.0,13
16525.0,84946,1.0,14
16525.0,84970S,1.0,15
16525.0,82483,1.0,16
16525.0,22189,1.0,17
16525.0,21524,1.0,18
16525.0,21621,1.0,19
16525.0,48184,1.0,20
16532.0,79321,1.0,1
16532.0,22841,0.0031455621013247725,2
16532.0,M,0.0008904183860959666,3
16532.0,85123A,0.0,4
16532.0,22423,0.0,5
16532.0,47566,0.0,6
16532.0,85099B,0.0,7
16532.0,20725,0.0,8
16532.0,84879,0.0,9
16532.0,22720,0.0,10
16532.0,22383,0.0,11
16532.0,21212,0.0,12
16532.0,20727,0.0,13
16532.0,20728,0.0,14
16532.0,22384,0.0,15
16532.0,23298,0.0,16
16532.0,POST,0.0,17
16532.0,22457,0.0,18
16532.0,22382,0.0,19
16532.0,22960,0.0,20
16535.0,22841,0.000113979719239789,1
16535.0,85123A,0.0,2
16535.0,22423,0.0,3
16535.0,47566,0.0,4
16535.0,85099B,0.0,5
16535.0,20725,0.0,6
16535.0,84879,0.0,7
16535.0,22720,0.0,8
16535.0,22383,0.0,9
16535.0,21212,0.0,10
16535.0,20727,0.0,11
16535.0,20728,0.0,12
16535.0,22384,0.0,13
16535.0,23298,0.0,14
16535.0,POST,0.0,15
16535.0,22457,0.0,16
16535.0,22382,0.0,17
16535.0,22960,0.0,18
16535.0,22961,0.0,19
16535.0,22469,0.0,20
16542.0,22841,0.000113979719239789,1
16542.0,85123A,0.0,2
16542.0,22423,0.0,3
16542.0,47566,0.0,4
16542.0,85099B,0.0,5
16542.0,20725,0.0,6
16542.0,84879,0.0,7
16542.0,22720,0.0,8
16542.0,22383,0.0,9
16542.0,21212,0.0,10
16542.0,20727,0.0,11
16542.0,20728,0.0,12
16542.0,22384,0.0,13
16542.0,23298,0.0,14
16542.0,POST,0.0,15
16542.0,22457,0.0,16
16542.0,22382,0.0,17
16542.0,22960,0.0,18
16542.0,22961,0.0,19
16542.0,22469,0.0,20
16596.0,82494L,1.0,1
16596.0,22111,1.0,2
16596.0,22113,1.0,3
16596.0,22796,1.0,4
16596.0,22227,1.0,5
16596.0,22224,1.0,6
16596.0,22841,0.000113979719239789,7
16596.0,85123A,0.0,8
16596.0,22423,0.0,9
16596.0,47566,0.0,10
16596.0,85099B,0.0,11
16596.0,20725,0.0,12
16596.0,84879,0.0,13
16596.0,22720,0.0,14
16596.0,22383,0.0,15
16596.0,21212,0.0,16
16596.0,20727,0.0,17
16596.0,20728,0.0,18
16596.0,22384,0.0,19
16596.0,23298,0.0,20
16607.0,22383,1.0,1
16607.0,20728,1.0,2
16607.0,22384,1.0,3
16607.0,23298,1.0,4
16607.0,22382,1.0,5
16607.0,22960,1.0,6
16607.0,22090,1.0,7
16607.0,22722,1.0,8
16607.0,22558,1.0,9
16607.0,22662,1.0,10
16607.0,21936,1.0,11
16607.0,84836,1.0,12
16607.0,23200,1.0,13
16607.0,22616,1.0,14
16607.0,22621,1.0,15
16607.0,84692,1.0,16
16607.0,22432,1.0,17
16607.0,21670,1.0,18
16607.0,82552,1.0,19
16607.0,21673,1.0,20
16609.0,85123A,1.0,1
16609.0,22423,1.0,2
16609.0,85099B,1.0,3
16609.0,20725,1.0,4
16609.0,22383,1.0,5
16609.0,20728,1.0,6
16609.0,22384,1.0,7
16609.0,22457,1.0,8
16609.0,22382,1.0,9
16609.0,22469,1.0,10
16609.0,23206,1.0,11
16609.0,20726,1.0,12
16609.0,23209,1.0,13
16609.0,23203,1.0,14
16609.0,22699,1.0,15
16609.0,22666,1.0,16
16609.0,21931,1.0,17
16609.0,22470,1.0,18
16609.0,21754,1.0,19
16609.0,22697,1.0,20
16621.0,22423,1.0,1
16621.0,22457,1.0,2
16621.0,84978,1.0,3
16621.0,84946,1.0,4
16621.0,23245,1.0,5
16621.0,22776,1.0,6
16621.0,84970S,1.0,7
16621.0,84836,1.0,8
16621.0,84970L,1.0,9
16621.0,22087,1.0,10
16621.0,21670,1.0,11
16621.0,23144,1.0,12
16621.0,22156,1.0,13
16621.0,21114,1.0,14
16621.0,21730,1.0,15
16621.0,21781,1.0,16
16621.0,22841,0.000113979719239789,17
16621.0,85123A,0.0,18
16621.0,47566,0.0,19
16621.0,85099B,0.0,20
16628.0,85099B,1.0,1
16628.0,20725,1.0,2
16628.0,22383,1.0,3
16628.0,20728,1.0,4
16628.0,22457,1.0,5
16628.0,22382,1.0,6
16628.0,23206,1.0,7
16628.0,20726,1.0,8
16628.0,21931,1.0,9
16628.0,22411,1.0,10
16628.0,20724,1.0,11
16628.0,23199,1.0,12
16628.0,22077,1.0,13
16628.0,22139,1.0,14
16628.0,22138,1.0,15
16628.0,20685,1.0,16
16628.0,22355,1.0,17
16628.0,22969,1.0,18
16628.0,20719,1.0,19
16628.0,48194,1.0,20
16637.0,22699,1.0,1
16637.0,22666,1.0,2
16637.0,22969,1.0,3
16637.0,22149,1.0,4
16637.0,21790,1.0,5
16637.0,84380,1.0,6
16637.0,22776,1.0,7
16637.0,22966,1.0,8
16637.0,84077,1.0,9
16637.0,21791,1.0,10
16637.0,22748,1.0,11
16637.0,22561,1.0,12
16637.0,22745,1.0,13
16637.0,22749,1.0,14
16637.0,22759,1.0,15
16637.0,22620,1.0,16
16637.0,22746,1.0,17
16637.0,22273,1.0,18
16637.0,23293,1.0,19
16637.0,22910,1.0,20
16642.0,21181,1.0,1
16642.0,79321,1.0,2
16642.0,22487,1.0,3
16642.0,21169,1.0,4
16642.0,21340,1.0,5
16642.0,21922,1.0,6
16642.0,23091,1.0,7
16642.0,22822,1.0,8
16642.0,21714,1.0,9
16642.0,23118,1.0,10
16642.0,21896,1.0,11
16642.0,22841,0.000113979719239789,12
16642.0,85123A,0.0,13
16642.0,22423,0.0,14
16642.0,47566,0.0,15
16642.0,85099B,0.0,16
16642.0,20725,0.0,17
16642.0,84879,0.0,18
16642.0,22720,0.0,19
16642.0,22383,0.0,20
16660.0,22699,1.0,1
16660.0,22697,1.0,2
16660.0,71459,1.0,3
16660.0,22460,1.0,4
16660.0,22841,0.000113979719239789,5
16660.0,85123A,0.0,6
16660.0,22423,0.0,7
16660.0,47566,0.0,8
16660.0,85099B,0.0,9
16660.0,20725,0.0,10
16660.0,84879,0.0,11
16660.0,22720,0.0,12
16660.0,22383,0.0,13
16660.0,21212,0.0,14
16660.0,20727,0.0,15
16660.0,20728,0.0,16
16660.0,22384,0.0,17
16660.0,23298,0.0,18
16660.0,POST,0.0,19
16660.0,22457,0.0,20
16680.0,22841,0.000113979719239789,1
16680.0,85123A,0.0,2
16680.0,22423,0.0,3
16680.0,47566,0.0,4
16680.0,85099B,0.0,5
16680.0,20725,0.0,6
16680.0,84879,0.0,7
16680.0,22720,0.0,8
16680.0,22383,0.0,9
16680.0,21212,0.0,10
16680.0,20727,0.0,11
16680.0,20728,0.0,12
16680.0,22384,0.0,13
16680.0,23298,0.0,14
16680.0,POST,0.0,15
16680.0,22457,0.0,16
16680.0,22382,0.0,17
16680.0,22960,0.0,18
16680.0,22961,0.0,19
16680.0,22469,0.0,20
16700.0,85123A,1.0,1
16700.0,85099B,1.0,2
16700.0,20725,1.0,3
16700.0,84879,1.0,4
16700.0,22720,1.0,5
16700.0,21212,1.0,6
16700.0,20728,1.0,7
16700.0,22960,1.0,8
16700.0,22961,1.0,9
16700.0,22993,1.0,10
16700.0,23209,1.0,11
16700.0,23203,1.0,12
16700.0,22699,1.0,13
16700.0,22666,1.0,14
16700.0,21931,1.0,15
16700.0,22697,1.0,16
16700.0,22722,1.0,17
16700.0,22077,1.0,18
16700.0,85099C,1.0,19
16700.0,23201,1.0,20
16711.0,22424,1.0,1
16711.0,22425,1.0,2
16711.0,23188,1.0,3
16711.0,15056N,0.995,4
16711.0,15056BL,0.995,5
16711.0,POST,0.0035932772285717784,6
16711.0,22727,0.0035932772285717784,7
16711.0,20914,0.0035932772285717784,8
16711.0,22726,0.0035932772285717784,9
16711.0,22728,0.0035932772285717784,10
16711.0,22729,0.0035932772285717784,11
16711.0,21930,0.0035932772285717784,12
16711.0,22841,0.000113979719239789,13
16711.0,85123A,0.0,14
16711.0,22423,0.0,15
16711.0,47566,0.0,16
16711.0,85099B,0.0,17
16711.0,20725,0.0,18
16711.0,84879,0.0,19
16711.0,22720,0.0,20
16717.0,85123A,1.0,1
16717.0,47566,1.0,2
16717.0,22457,1.0,3
16717.0,82482,1.0,4
16717.0,22197,1.0,5
16717.0,23209,1.0,6
16717.0,23203,1.0,7
16717.0,82494L,1.0,8
16717.0,22090,1.0,9
16717.0,23199,1.0,10
16717.0,84755,1.0,11
16717.0,23201,1.0,12
16717.0,23207,1.0,13
16717.0,21755,1.0,14
16717.0,82486,1.0,15
16717.0,48138,1.0,16
16717.0,20719,1.0,17
16717.0,22467,1.0,18
16717.0,22776,1.0,19
16717.0,71459,1.0,20
16720.0,22841,0.000113979719239789,1
16720.0,85123A,0.0,2
16720.0,22423,0.0,3
16720.0,47566,0.0,4
16720.0,85099B,0.0,5
16720.0,20725,0.0,6
16720.0,84879,0.0,7
16720.0,22720,0.0,8
16720.0,22383,0.0,9
16720.0,21212,0.0,10
16720.0,20727,0.0,11
16720.0,20728,0.0,12
16720.0,22384,0.0,13
16720.0,23298,0.0,14
16720.0,POST,0.0,15
16720.0,22457,0.0,16
16720.0,22382,0.0,17
16720.0,22960,0.0,18
16720.0,22961,0.0,19
16720.0,22469,0.0,20
16726.0,21212,1.0,1
16726.0,22457,1.0,2
16726.0,22470,1.0,3
16726.0,21733,1.0,4
16726.0,84378,1.0,5
16726.0,48194,1.0,6
16726.0,84380,1.0,7
16726.0,84992,1.0,8
16726.0,79321,1.0,9
16726.0,22966,1.0,10
16726.0,22379,1.0,11
16726.0,22900,1.0,12
16726.0,22616,1.0,13
16726.0,84375,1.0,14
16726.0,22111,1.0,15
16726.0,21669,1.0,16
16726.0,22113,1.0,17
16726.0,21914,1.0,18
16726.0,22585,1.0,19
16726.0,48188,1.0,20
16734.0,22139,1.0,1
16734.0,22607,1.0,2
16734.0,22561,1.0,3
16734.0,22560,1.0,4
16734.0,22605,1.0,5
16734.0,23256,1.0,6
16734.0,22489,1.0,7
16734.0,21137,1.0,8
16734.0,23254,1.0,9
16734.0,23077,1.0,10
16734.0,21888,1.0,11
16734.0,21561,1.0,12
16734.0,22563,1.0,13
16734.0,22491,1.0,14
16734.0,22606,1.0,15
16734.0,23238,1.0,16
16734.0,23169,1.0,17
16734.0,23127,1.0,18
16734.0,22564,1.0,19
16734.0,21992,1.0,20
16748.0,85099B,1.0,1
16748.0,22383,1.0,2
16748.0,22382,1.0,3
16748.0,22386,1.0,4
16748.0,23206,1.0,5
16748.0,21931,1.0,6
16748.0,22411,1.0,7
16748.0,85099F,1.0,8
16748.0,23199,1.0,9
16748.0,85099C,1.0,10
16748.0,23201,1.0,11
16748.0,23207,1.0,12
16748.0,21929,1.0,13
16748.0,22355,1.0,14
16748.0,21928,1.0,15
16748.0,20719,1.0,16
16748.0,21936,1.0,17
16748.0,20712,1.0,18
16748.0,22385,1.0,19
16748.0,21930,1.0,20
16759.0,22841,0.000113979719239789,1
16759.0,85123A,0.0,2
16759.0,22423,0.0,3
16759.0,47566,0.0,4
16759.0,85099B,0.0,5
16759.0,20725,0.0,6
16759.0,84879,0.0,7
16759.0,22720,0.0,8
16759.0,22383,0.0,9
16759.0,21212,0.0,10
16759.0,20727,0.0,11
16759.0,20728,0.0,12
16759.0,22384,0.0,13
16759.0,23298,0.0,14
16759.0,POST,0.0,15
16759.0,22457,0.0,16
16759.0,22382,0.0,17
16759.0,22960,0.0,18
16759.0,22961,0.0,19
16759.0,22469,0.0,20
16764.0,85123A,1.0,1
16764.0,85099B,1.0,2
16764.0,20725,1.0,3
16764.0,22720,1.0,4
16764.0,22383,1.0,5
16764.0,20727,1.0,6
16764.0,20728,1.0,7
16764.0,22384,1.0,8
16764.0,23298,1.0,9
16764.0,22382,1.0,10
16764.0,22469,1.0,11
16764.0,82482,1.0,12
16764.0,22386,1.0,13
16764.0,20726,1.0,14
16764.0,23209,1.0,15
16764.0,23203,1.0,16
16764.0,22666,1.0,17
16764.0,21931,1.0,18
16764.0,22470,1.0,19
16764.0,21754,1.0,20
16782.0,85123A,1.0,1
16782.0,22423,1.0,2
16782.0,47566,1.0,3
16782.0,85099B,1.0,4
16782.0,20725,1.0,5
16782.0,22383,1.0,6
16782.0,20727,1.0,7
16782.0,20728,1.0,8
16782.0,22384,1.0,9
16782.0,23298,1.0,10
16782.0,22457,1.0,11
16782.0,22382,1.0,12
16782.0,82482,1.0,13
16782.0,20726,1.0,14
16782.0,22699,1.0,15
16782.0,21931,1.0,16
16782.0,22470,1.0,17
16782.0,21754,1.0,18
16782.0,20914,1.0,19
16782.0,82494L,1.0,20
16804.0,22699,1.0,1
16804.0,21034,1.0,2
16804.0,82494L,1.0,3
16804.0,22697,1.0,4
16804.0,22722,1.0,5
16804.0,22907,1.0,6
16804.0,22698,1.0,7
16804.0,22624,1.0,8
16804.0,22979,1.0,9
16804.0,22196,1.0,10
16804.0,22195,1.0,11
16804.0,22131,1.0,12
16804.0,22222,1.0,13
16804.0,22236,1.0,14
16804.0,22841,0.000113979719239789,15
16804.0,85123A,0.0,16
16804.0,22423,0.0,17
16804.0,47566,0.0,18
16804.0,85099B,0.0,19
16804.0,20725,0.0,20
16833.0,85123A,1.0,1
16833.0,85099B,1.0,2
16833.0,22383,1.0,3
16833.0,21931,1.0,4
16833.0,22411,1.0,5
16833.0,21733,1.0,6
16833.0,22084,1.0,7
16833.0,22326,1.0,8
16833.0,84378,1.0,9
16833.0,22467,1.0,10
16833.0,21936,1.0,11
16833.0,22625,1.0,12
16833.0,47590A,1.0,13
16833.0,84692,1.0,14
16833.0,22502,1.0,15
16833.0,21172,1.0,16
16833.0,21210,1.0,17
16833.0,21430,1.0,18
16833.0,82583,1.0,19
16833.0,22627,1.0,20
16839.0,22423,1.0,1
16839.0,47566,1.0,2
16839.0,85099B,1.0,3
16839.0,20725,1.0,4
16839.0,22720,1.0,5
16839.0,20728,1.0,6
16839.0,22384,1.0,7
16839.0,23298,1.0,8
16839.0,22457,1.0,9
16839.0,22960,1.0,10
16839.0,22961,1.0,11
16839.0,82482,1.0,12
16839.0,22178,1.0,13
16839.0,22386,1.0,14
16839.0,23209,1.0,15
16839.0,23203,1.0,16
16839.0,22699,1.0,17
16839.0,22666,1.0,18
16839.0,22411,1.0,19
16839.0,22697,1.0,20
16841.0,22993,1.0,1
16841.0,22666,1.0,2
16841.0,22090,1.0,3
16841.0,84991,1.0,4
16841.0,22722,1.0,5
16841.0,22355,1.0,6
16841.0,20719,1.0,7
16841.0,21975,1.0,8
16841.0,20723,1.0,9
16841.0,21213,1.0,10
16841.0,23204,1.0,11
16841.0,84077,1.0,12
16841.0,21932,1.0,13
16841.0,22621,1.0,14
16841.0,22908,1.0,15
16841.0,21933,1.0,16
16841.0,22851,1.0,17
16841.0,22951,1.0,18
16841.0,84596B,1.0,19
16841.0,23205,1.0,20
16848.0,22841,0.000113979719239789,1
16848.0,85123A,0.0,2
16848.0,22423,0.0,3
16848.0,47566,0.0,4
16848.0,85099B,0.0,5
16848.0,20725,0.0,6
16848.0,84879,0.0,7
16848.0,22720,0.0,8
16848.0,22383,0.0,9
16848.0,21212,0.0,10
16848.0,20727,0.0,11
16848.0,20728,0.0,12
16848.0,22384,0.0,13
16848.0,23298,0.0,14
16848.0,POST,0.0,15
16848.0,22457,0.0,16
16848.0,22382,0.0,17
16848.0,22960,0.0,18
16848.0,22961,0.0,19
16848.0,22469,0.0,20
16855.0,22841,0.000113979719239789,1
16855.0,85123A,0.0,2
16855.0,22423,0.0,3
16855.0,47566,0.0,4
16855.0,85099B,0.0,5
16855.0,20725,0.0,6
16855.0,84879,0.0,7
16855.0,22720,0.0,8
16855.0,22383,0.0,9
16855.0,21212,0.0,10
16855.0,20727,0.0,11
16855.0,20728,0.0,12
16855.0,22384,0.0,13
16855.0,23298,0.0,14
16855.0,POST,0.0,15
16855.0,22457,0.0,16
16855.0,22382,0.0,17
16855.0,22960,0.0,18
16855.0,22961,0.0,19
16855.0,22469,0.0,20
16885.0,21181,1.0,1
16885.0,21166,1.0,2
16885.0,22501,1.0,3
16885.0,15056BL,1.0,4
16885.0,20679,1.0,5
16885.0,21479,1.0,6
16885.0,22371,1.0,7
16885.0,21903,1.0,8
16885.0,84580,1.0,9
16885.0,22841,0.000113979719239789,10
16885.0,85123A,0.0,11
16885.0,22423,0.0,12
16885.0,47566,0.0,13
16885.0,85099B,0.0,14
16885.0,20725,0.0,15
16885.0,84879,0.0,16
16885.0,22720,0.0,17
16885.0,22383,0.0,18
16885.0,21212,0.0,19
16885.0,20727,0.0,20
16898.0,85123A,1.0,1
16898.0,20725,1.0,2
16898.0,22383,1.0,3
16898.0,22384,1.0,4
16898.0,22457,1.0,5
16898.0,22197,1.0,6
16898.0,23209,1.0,7
16898.0,22727,1.0,8
16898.0,22077,1.0,9
16898.0,21175,1.0,10
16898.0,22467,1.0,11
16898.0,22554,1.0,12
16898.0,82600,1.0,13
16898.0,79321,1.0,14
16898.0,21843,1.0,15
16898.0,22556,1.0,16
16898.0,23284,1.0,17
16898.0,23300,1.0,18
16898.0,22557,1.0,19
16898.0,22499,1.0,20
16915.0,47566,1.0,1
16915.0,21754,1.0,2
16915.0,21034,1.0,3
16915.0,48184,1.0,4
16915.0,21523,1.0,5
16915.0,22795,1.0,6
16915.0,22088,1.0,7
16915.0,21955,1.0,8
16915.0,22120,1.0,9
16915.0,20829,1.0,10
16915.0,21071,1.0,11
16915.0,21068,1.0,12
16915.0,22361,1.0,13
16915.0,22841,0.000113979719239789,14
16915.0,85123A,0.0,15
16915.0,22423,0.0,16
16915.0,85099B,0.0,17
16915.0,20725,0.0,18
16915.0,84879,0.0,19
16915.0,22720,0.0,20
16923.0,85123A,1.0,1
16923.0,22423,1.0,2
16923.0,20725,1.0,3
16923.0,22720,1.0,4
16923.0,22383,1.0,5
16923.0,21212,1.0,6
16923.0,20727,1.0,7
16923.0,20728,1.0,8
16923.0,22384,1.0,9
16923.0,22382,1.0,10
16923.0,22960,1.0,11
16923.0,22961,1.0,12
16923.0,82482,1.0,13
16923.0,22178,1.0,14
16923.0,22197,1.0,15
16923.0,23209,1.0,16
16923.0,22699,1.0,17
16923.0,21080,1.0,18
16923.0,21754,1.0,19
16923.0,82494L,1.0,20
16924.0,22383,1.0,1
16924.0,20727,1.0,2
16924.0,85099C,1.0,3
16924.0,21929,1.0,4
16924.0,23202,1.0,5
16924.0,23208,1.0,6
16924.0,21915,1.0,7
16924.0,22966,1.0,8
16924.0,21523,1.0,9
16924.0,22112,1.0,10
16924.0,21933,1.0,11
16924.0,21914,1.0,12
16924.0,22620,1.0,13
16924.0,21889,1.0,14
16924.0,22690,1.0,15
16924.0,84945,1.0,16
16924.0,22835,1.0,17
16924.0,21891,1.0,18
16924.0,21892,1.0,19
16924.0,21479,1.0,20
16945.0,47566,1.0,1
16945.0,85099B,1.0,2
16945.0,20725,1.0,3
16945.0,20727,1.0,4
16945.0,20728,1.0,5
16945.0,22384,1.0,6
16945.0,22386,1.0,7
16945.0,23206,1.0,8
16945.0,23209,1.0,9
16945.0,23203,1.0,10
16945.0,21931,1.0,11
16945.0,22411,1.0,12
16945.0,21754,1.0,13
16945.0,85099F,1.0,14
16945.0,20724,1.0,15
16945.0,23199,1.0,16
16945.0,85099C,1.0,17
16945.0,23201,1.0,18
16945.0,23207,1.0,19
16945.0,21232,1.0,20
16986.0,22841,0.000113979719239789,1
16986.0,85123A,0.0,2
16986.0,22423,0.0,3
16986.0,47566,0.0,4
16986.0,85099B,0.0,5
16986.0,20725,0.0,6
16986.0,84879,0.0,7
16986.0,22720,0.0,8
16986.0,22383,0.0,9
16986.0,21212,0.0,10
16986.0,20727,0.0,11
16986.0,20728,0.0,12
16986.0,22384,0.0,13
16986.0,23298,0.0,14
16986.0,POST,0.0,15
16986.0,22457,0.0,16
16986.0,22382,0.0,17
16986.0,22960,0.0,18
16986.0,22961,0.0,19
16986.0,22469,0.0,20
16988.0,22841,0.000113979719239789,1
16988.0,85123A,0.0,2
16988.0,22423,0.0,3
16988.0,47566,0.0,4
16988.0,85099B,0.0,5
16988.0,20725,0.0,6
16988.0,84879,0.0,7
16988.0,22720,0.0,8
16988.0,22383,0.0,9
16988.0,21212,0.0,10
16988.0,20727,0.0,11
16988.0,20728,0.0,12
16988.0,22384,0.0,13
16988.0,23298,0.0,14
16988.0,POST,0.0,15
16988.0,22457,0.0,16
16988.0,22382,0.0,17
16988.0,22960,0.0,18
16988.0,22961,0.0,19
16988.0,22469,0.0,20
16989.0,22920,1.0,1
16989.0,22917,1.0,2
16989.0,22916,1.0,3
16989.0,22918,1.0,4
16989.0,22921,1.0,5
16989.0,22927,1.0,6
16989.0,23188,1.0,7
16989.0,22841,0.000113979719239789,8
16989.0,85123A,0.0,9
16989.0,22423,0.0,10
16989.0,47566,0.0,11
16989.0,85099B,0.0,12
16989.0,20725,0.0,13
16989.0,84879,0.0,14
16989.0,22720,0.0,15
16989.0,22383,0.0,16
16989.0,21212,0.0,17
16989.0,20727,0.0,18
16989.0,20728,0.0,19
16989.0,22384,0.0,20
17006.0,48138,1.0,1
17006.0,22113,1.0,2
17006.0,23256,1.0,3
17006.0,22834,1.0,4
17006.0,23254,1.0,5
17006.0,21035,1.0,6
17006.0,22634,1.0,7
17006.0,22633,1.0,8
17006.0,21163,1.0,9
17006.0,22841,0.0020706171228045667,10
17006.0,85123A,0.0,11
17006.0,22423,0.0,12
17006.0,47566,0.0,13
17006.0,85099B,0.0,14
17006.0,20725,0.0,15
17006.0,84879,0.0,16
17006.0,22720,0.0,17
17006.0,22383,0.0,18
17006.0,21212,0.0,19
17006.0,20727,0.0,20
17010.0,22841,0.000113979719239789,1
17010.0,85123A,0.0,2
17010.0,22423,0.0,3
17010.0,47566,0.0,4
17010.0,85099B,0.0,5
17010.0,20725,0.0,6
17010.0,84879,0.0,7
17010.0,22720,0.0,8
17010.0,22383,0.0,9
17010.0,21212,0.0,10
17010.0,20727,0.0,11
17010.0,20728,0.0,12
17010.0,22384,0.0,13
17010.0,23298,0.0,14
17010.0,POST,0.0,15
17010.0,22457,0.0,16
17010.0,22382,0.0,17
17010.0,22960,0.0,18
17010.0,22961,0.0,19
17010.0,22469,0.0,20
17042.0,47566,1.0,1
17042.0,22411,1.0,2
17042.0,21034,1.0,3
17042.0,22138,1.0,4
17042.0,21731,1.0,5
17042.0,84077,1.0,6
17042.0,21932,1.0,7
17042.0,21985,1.0,8
17042.0,22431,1.0,9
17042.0,84596B,1.0,10
17042.0,22432,1.0,11
17042.0,22752,1.0,12
17042.0,23052,1.0,13
17042.0,21889,1.0,14
17042.0,23084,1.0,15
17042.0,20974,1.0,16
17042.0,22151,1.0,17
17042.0,22637,1.0,18
17042.0,84596F,1.0,19
17042.0,21746,1.0,20
17044.0,22841,0.000113979719239789,1
17044.0,85123A,0.0,2
17044.0,22423,0.0,3
17044.0,47566,0.0,4
17044.0,85099B,0.0,5
17044.0,20725,0.0,6
17044.0,84879,0.0,7
17044.0,22720,0.0,8
17044.0,22383,0.0,9
17044.0,21212,0.0,10
17044.0,20727,0.0,11
17044.0,20728,0.0,12
17044.0,22384,0.0,13
17044.0,23298,0.0,14
17044.0,POST,0.0,15
17044.0,22457,0.0,16
17044.0,22382,0.0,17
17044.0,22960,0.0,18
17044.0,22961,0.0,19
17044.0,22469,0.0,20
17063.0,85123A,1.0,1
17063.0,85099B,1.0,2
17063.0,20725,1.0,3
17063.0,22720,1.0,4
17063.0,20727,1.0,5
17063.0,22384,1.0,6
17063.0,22386,1.0,7
17063.0,20726,1.0,8
17063.0,23203,1.0,9
17063.0,22411,1.0,10
17063.0,21754,1.0,11
17063.0,85099F,1.0,12
17063.0,85099C,1.0,13
17063.0,22138,1.0,14
17063.0,23207,1.0,15
17063.0,23202,1.0,16
17063.0,22149,1.0,17
17063.0,21928,1.0,18
17063.0,20719,1.0,19
17063.0,84946,1.0,20
17071.0,85123A,1.0,1
17071.0,47566,1.0,2
17071.0,21212,1.0,3
17071.0,22469,1.0,4
17071.0,82482,1.0,5
17071.0,22386,1.0,6
17071.0,23203,1.0,7
17071.0,22470,1.0,8
17071.0,21034,1.0,9
17071.0,82494L,1.0,10
17071.0,21175,1.0,11
17071.0,20685,1.0,12
17071.0,21232,1.0,13
17071.0,21181,1.0,14
17071.0,23202,1.0,15
17071.0,22355,1.0,16
17071.0,82486,1.0,17
17071.0,48187,1.0,18
17071.0,20719,1.0,19
17071.0,48194,1.0,20
17078.0,22841,0.000113979719239789,1
17078.0,85123A,0.0,2
17078.0,22423,0.0,3
17078.0,47566,0.0,4
17078.0,85099B,0.0,5
17078.0,20725,0.0,6
17078.0,84879,0.0,7
17078.0,22720,0.0,8
17078.0,22383,0.0,9
17078.0,21212,0.0,10
17078.0,20727,0.0,11
17078.0,20728,0.0,12
17078.0,22384,0.0,13
17078.0,23298,0.0,14
17078.0,POST,0.0,15
17078.0,22457,0.0,16
17078.0,22382,0.0,17
17078.0,22960,0.0,18
17078.0,22961,0.0,19
17078.0,22469,0.0,20
17081.0,22841,0.000113979719239789,1
17081.0,85123A,0.0,2
17081.0,22423,0.0,3
17081.0,47566,0.0,4
17081.0,85099B,0.0,5
17081.0,20725,0.0,6
17081.0,84879,0.0,7
17081.0,22720,0.0,8
17081.0,22383,0.0,9
17081.0,21212,0.0,10
17081.0,20727,0.0,11
17081.0,20728,0.0,12
17081.0,22384,0.0,13
17081.0,23298,0.0,14
17081.0,POST,0.0,15
17081.0,22457,0.0,16
17081.0,22382,0.0,17
17081.0,22960,0.0,18
17081.0,22961,0.0,19
17081.0,22469,0.0,20
17082.0,85099B,1.0,1
17082.0,21212,1.0,2
17082.0,22457,1.0,3
17082.0,22386,1.0,4
17082.0,21931,1.0,5
17082.0,22411,1.0,6
17082.0,85099F,1.0,7
17082.0,84991,1.0,8
17082.0,20685,1.0,9
17082.0,21929,1.0,10
17082.0,21928,1.0,11
17082.0,84992,1.0,12
17082.0,71459,1.0,13
17082.0,21524,1.0,14
17082.0,22692,1.0,15
17082.0,22663,1.0,16
17082.0,84406B,1.0,17
17082.0,20711,1.0,18
17082.0,22841,0.000113979719239789,19
17082.0,85123A,0.0,20
17090.0,22411,1.0,1
17090.0,22470,1.0,2
17090.0,82494L,1.0,3
17090.0,23199,1.0,4
17090.0,23202,1.0,5
17090.0,21790,1.0,6
17090.0,22766,1.0,7
17090.0,22189,1.0,8
17090.0,20713,1.0,9
17090.0,22191,1.0,10
17090.0,22730,1.0,11
17090.0,22112,1.0,12
17090.0,21122,1.0,13
17090.0,22424,1.0,14
17090.0,22456,1.0,15
17090.0,21124,1.0,16
17090.0,22303,1.0,17
17090.0,21891,1.0,18
17090.0,72741,1.0,19
17090.0,21892,1.0,20
17095.0,21733,1.0,1
17095.0,15036,1.0,2
17095.0,21985,1.0,3
17095.0,22424,1.0,4
17095.0,22561,1.0,5
17095.0,22507,1.0,6
17095.0,21217,1.0,7
17095.0,22926,1.0,8
17095.0,21216,1.0,9
17095.0,22835,1.0,10
17095.0,22505,1.0,11
17095.0,84029G,1.0,12
17095.0,22508,1.0,13
17095.0,22925,1.0,14
17095.0,22822,1.0,15
17095.0,22927,1.0,16
17095.0,47504K,1.0,17
17095.0,22890,1.0,18
17095.0,22419,1.0,19
17095.0,21467,1.0,20
17109.0,47566,1.0,1
17109.0,84879,1.0,2
17109.0,22090,1.0,3
17109.0,84755,1.0,4
17109.0,21175,1.0,5
17109.0,21181,1.0,6
17109.0,22084,1.0,7
17109.0,22189,1.0,8
17109.0,21524,1.0,9
17109.0,21136,1.0,10
17109.0,22219,1.0,11
17109.0,21770,1.0,12
17109.0,22151,1.0,13
17109.0,22605,1.0,14
17109.0,21892,1.0,15
17109.0,22089,1.0,16
17109.0,21955,1.0,17
17109.0,21718,1.0,18
17109.0,21716,1.0,19
17109.0,21715,1.0,20
17131.0,85123A,1.0,1
17131.0,85099B,1.0,2
17131.0,23298,1.0,3
17131.0,22457,1.0,4
17131.0,82482,1.0,5
17131.0,82494L,1.0,6
17131.0,20724,1.0,7
17131.0,82484,1.0,8
17131.0,82486,1.0,9
17131.0,22776,1.0,10
17131.0,85066,1.0,11
17131.0,82483,1.0,12
17131.0,22189,1.0,13
17131.0,84836,1.0,14
17131.0,21621,1.0,15
17131.0,22499,1.0,16
17131.0,84970L,1.0,17
17131.0,20718,1.0,18
17131.0,23240,1.0,19
17131.0,22296,1.0,20
17153.0,22841,0.000113979719239789,1
17153.0,85123A,0.0,2
17153.0,22423,0.0,3
17153.0,47566,0.0,4
17153.0,85099B,0.0,5
17153.0,20725,0.0,6
17153.0,84879,0.0,7
17153.0,22720,0.0,8
17153.0,22383,0.0,9
17153.0,21212,0.0,10
17153.0,20727,0.0,11
17153.0,20728,0.0,12
17153.0,22384,0.0,13
17153.0,23298,0.0,14
17153.0,POST,0.0,15
17153.0,22457,0.0,16
17153.0,22382,0.0,17
17153.0,22960,0.0,18
17153.0,22961,0.0,19
17153.0,22469,0.0,20
17166.0,22727,1.0,1
17166.0,22729,1.0,2
17166.0,20676,1.0,3
17166.0,21238,1.0,4
17166.0,22725,1.0,5
17166.0,21242,1.0,6
17166.0,20674,1.0,7
17166.0,21534,1.0,8
17166.0,21245,1.0,9
17166.0,21528,1.0,10
17166.0,22841,0.000113979719239789,11
17166.0,85123A,0.0,12
17166.0,22423,0.0,13
17166.0,47566,0.0,14
17166.0,85099B,0.0,15
17166.0,20725,0.0,16
17166.0,84879,0.0,17
17166.0,22720,0.0,18
17166.0,22383,0.0,19
17166.0,21212,0.0,20
17175.0,22423,1.0,1
17175.0,47566,1.0,2
17175.0,22457,1.0,3
17175.0,22469,1.0,4
17175.0,22090,1.0,5
17175.0,82484,1.0,6
17175.0,23245,1.0,7
17175.0,22083,1.0,8
17175.0,22087,1.0,9
17175.0,22219,1.0,10
17175.0,23321,1.0,11
17175.0,22296,1.0,12
17175.0,22585,1.0,13
17175.0,22151,1.0,14
17175.0,22962,1.0,15
17175.0,22464,1.0,16
17175.0,22088,1.0,17
17175.0,22595,1.0,18
17175.0,22963,1.0,19
17175.0,22297,1.0,20
17191.0,85123A,1.0,1
17191.0,22423,1.0,2
17191.0,47566,1.0,3
17191.0,22961,1.0,4
17191.0,82482,1.0,5
17191.0,22993,1.0,6
17191.0,22666,1.0,7
17191.0,21034,1.0,8
17191.0,82494L,1.0,9
17191.0,85099C,1.0,10
17191.0,21733,1.0,11
17191.0,21929,1.0,12
17191.0,21181,1.0,13
17191.0,22969,1.0,14
17191.0,22659,1.0,15
17191.0,22551,1.0,16
17191.0,22652,1.0,17
17191.0,22804,1.0,18
17191.0,84836,1.0,19
17191.0,22557,1.0,20
17193.0,23240,1.0,1
17193.0,23241,1.0,2
17193.0,23238,1.0,3
17193.0,23242,1.0,4
17193.0,POST,0.0035932772285717784,5
17193.0,22727,0.0035932772285717784,6
17193.0,20914,0.0035932772285717784,7
17193.0,22726,0.0035932772285717784,8
17193.0,22728,0.0035932772285717784,9
17193.0,22729,0.0035932772285717784,10
17193.0,21930,0.0035932772285717784,11
17193.0,22841,0.0020706171228045667,12
17193.0,85123A,0.0,13
17193.0,22423,0.0,14
17193.0,47566,0.0,15
17193.0,85099B,0.0,16
17193.0,20725,0.0,17
17193.0,84879,0.0,18
17193.0,22720,0.0,19
17193.0,22383,0.0,20
17198.0,85123A,1.0,1
17198.0,22961,1.0,2
17198.0,21034,1.0,3
17198.0,20685,1.0,4
17198.0,21928,1.0,5
17198.0,48194,1.0,6
17198.0,22467,1.0,7
17198.0,48184,1.0,8
17198.0,22983,1.0,9
17198.0,22752,1.0,10
17198.0,20754,1.0,11
17198.0,21980,1.0,12
17198.0,21506,1.0,13
17198.0,21623,1.0,14
17198.0,22041,1.0,15
17198.0,22930,1.0,16
17198.0,22781,1.0,17
17198.0,22398,1.0,18
17198.0,22754,1.0,19
17198.0,20982,1.0,20
17211.0,85123A,1.0,1
17211.0,22423,1.0,2
17211.0,47566,1.0,3
17211.0,22383,1.0,4
17211.0,20727,1.0,5
17211.0,20728,1.0,6
17211.0,22382,1.0,7
17211.0,22993,1.0,8
17211.0,22178,1.0,9
17211.0,23206,1.0,10
17211.0,21080,1.0,11
17211.0,22662,1.0,12
17211.0,21733,1.0,13
17211.0,48138,1.0,14
17211.0,48187,1.0,15
17211.0,22084,1.0,16
17211.0,84946,1.0,17
17211.0,48194,1.0,18
17211.0,23284,1.0,19
17211.0,22966,1.0,20
17227.0,21034,1.0,1
17227.0,22907,1.0,2
17227.0,84378,1.0,3
17227.0,84380,1.0,4
17227.0,22328,1.0,5
17227.0,22966,1.0,6
17227.0,84375,1.0,7
17227.0,22908,1.0,8
17227.0,23307,1.0,9
17227.0,20749,1.0,10
17227.0,23308,1.0,11
17227.0,23309,1.0,12
17227.0,22909,1.0,13
17227.0,22952,1.0,14
17227.0,22841,0.003578157121578551,15
17227.0,85123A,0.0,16
17227.0,22423,0.0,17
17227.0,47566,0.0,18
17227.0,85099B,0.0,19
17227.0,20725,0.0,20
17233.0,22841,0.000113979719239789,1
17233.0,85123A,0.0,2
17233.0,22423,0.0,3
17233.0,47566,0.0,4
17233.0,85099B,0.0,5
17233.0,20725,0.0,6
17233.0,84879,0.0,7
17233.0,22720,0.0,8
17233.0,22383,0.0,9
17233.0,21212,0.0,10
17233.0,20727,0.0,11
17233.0,20728,0.0,12
17233.0,22384,0.0,13
17233.0,23298,0.0,14
17233.0,POST,0.0,15
17233.0,22457,0.0,16
17233.0,22382,0.0,17
17233.0,22960,0.0,18
17233.0,22961,0.0,19
17233.0,22469,0.0,20
17262.0,47566,1.0,1
17262.0,71053,1.0,2
17262.0,75049L,1.0,3
17262.0,21896,1.0,4
17262.0,48138,0.995,5
17262.0,POST,0.0035932772285717784,6
17262.0,22727,0.0035932772285717784,7
17262.0,20914,0.0035932772285717784,8
17262.0,22726,0.0035932772285717784,9
17262.0,22728,0.0035932772285717784,10
17262.0,22729,0.0035932772285717784,11
17262.0,21930,0.0035932772285717784,12
17262.0,22841,0.002088521973230481,13
17262.0,85123A,0.0,14
17262.0,22423,0.0,15
17262.0,85099B,0.0,16
17262.0,20725,0.0,17
17262.0,84879,0.0,18
17262.0,22720,0.0,19
17262.0,22383,0.0,20
17266.0,47566,1.0,1
17266.0,22386,1.0,2
17266.0,22138,1.0,3
17266.0,22776,1.0,4
17266.0,48184,1.0,5
17266.0,22748,1.0,6
17266.0,23321,1.0,7
17266.0,22745,1.0,8
17266.0,23177,1.0,9
17266.0,23194,1.0,10
17266.0,22361,1.0,11
17266.0,23229,1.0,12
17266.0,23092,1.0,13
17266.0,22841,0.000113979719239789,14
17266.0,85123A,0.0,15
17266.0,22423,0.0,16
17266.0,85099B,0.0,17
17266.0,20725,0.0,18
17266.0,84879,0.0,19
17266.0,22720,0.0,20
17293.0,84879,1.0,1
17293.0,22457,1.0,2
17293.0,21034,1.0,3
17293.0,84755,1.0,4
17293.0,23300,1.0,5
17293.0,21174,1.0,6
17293.0,21985,1.0,7
17293.0,21668,1.0,8
17293.0,21485,1.0,9
17293.0,22113,1.0,10
17293.0,21670,1.0,11
17293.0,71053,1.0,12
17293.0,22294,1.0,13
17293.0,84945,1.0,14
17293.0,22835,1.0,15
17293.0,21326,1.0,16
17293.0,85049E,1.0,17
17293.0,21385,1.0,18
17293.0,84029G,1.0,19
17293.0,85049C,1.0,20
17295.0,22423,1.0,1
17295.0,22382,1.0,2
17295.0,20726,1.0,3
17295.0,23209,1.0,4
17295.0,23203,1.0,5
17295.0,22629,1.0,6
17295.0,22662,1.0,7
17295.0,22630,1.0,8
17295.0,21928,1.0,9
17295.0,22326,1.0,10
17295.0,22663,1.0,11
17295.0,22086,1.0,12
17295.0,22910,1.0,13
17295.0,22634,1.0,14
17295.0,20977,1.0,15
17295.0,22635,1.0,16
17295.0,22841,0.000113979719239789,17
17295.0,85123A,0.0,18
17295.0,47566,0.0,19
17295.0,85099B,0.0,20
17314.0,84879,1.0,1
17314.0,21212,1.0,2
17314.0,82482,1.0,3
17314.0,22993,1.0,4
17314.0,22178,1.0,5
17314.0,21232,1.0,6
17314.0,21733,1.0,7
17314.0,22969,1.0,8
17314.0,84946,1.0,9
17314.0,21975,1.0,10
17314.0,22556,1.0,11
17314.0,15056N,1.0,12
17314.0,84077,1.0,13
17314.0,22616,1.0,14
17314.0,21231,1.0,15
17314.0,23307,1.0,16
17314.0,21485,1.0,17
17314.0,20749,1.0,18
17314.0,21314,1.0,19
17314.0,21122,1.0,20
17360.0,85123A,1.0,1
17360.0,47566,1.0,2
17360.0,84879,1.0,3
17360.0,23298,1.0,4
17360.0,22386,1.0,5
17360.0,22727,1.0,6
17360.0,23199,1.0,7
17360.0,22907,1.0,8
17360.0,22554,1.0,9
17360.0,22551,1.0,10
17360.0,22728,1.0,11
17360.0,20712,1.0,12
17360.0,85066,1.0,13
17360.0,22766,1.0,14
17360.0,22729,1.0,15
17360.0,22557,1.0,16
17360.0,47566B,1.0,17
17360.0,21932,1.0,18
17360.0,22908,1.0,19
17360.0,21668,1.0,20
17365.0,22423,1.0,1
17365.0,47566,1.0,2
17365.0,20725,1.0,3
17365.0,20728,1.0,4
17365.0,22699,1.0,5
17365.0,22666,1.0,6
17365.0,21080,1.0,7
17365.0,22090,1.0,8
17365.0,22139,1.0,9
17365.0,22149,1.0,10
17365.0,21790,1.0,11
17365.0,22551,1.0,12
17365.0,23301,1.0,13
17365.0,22556,1.0,14
17365.0,21559,1.0,15
17365.0,22147,1.0,16
17365.0,22729,1.0,17
17365.0,84997D,1.0,18
17365.0,22083,1.0,19
17365.0,84077,1.0,20
17389.0,85099B,1.0,1
17389.0,22960,1.0,2
17389.0,22666,1.0,3
17389.0,84978,1.0,4
17389.0,22138,1.0,5
17389.0,84378,1.0,6
17389.0,84380,1.0,7
17389.0,84970S,1.0,8
17389.0,85066,1.0,9
17389.0,22766,1.0,10
17389.0,22379,1.0,11
17389.0,47590A,1.0,12
17389.0,47590B,1.0,13
17389.0,84970L,1.0,14
17389.0,22607,1.0,15
17389.0,22171,1.0,16
17389.0,20749,1.0,17
17389.0,22617,1.0,18
17389.0,22605,1.0,19
17389.0,22795,1.0,20
17402.0,22960,1.0,1
17402.0,21034,1.0,2
17402.0,22427,1.0,3
17402.0,48194,1.0,4
17402.0,21790,1.0,5
17402.0,20750,1.0,6
17402.0,21791,1.0,7
17402.0,84692,1.0,8
17402.0,22748,1.0,9
17402.0,22745,1.0,10
17402.0,23084,1.0,11
17402.0,21756,1.0,12
17402.0,22746,1.0,13
17402.0,22088,1.0,14
17402.0,22619,1.0,15
17402.0,22841,1.0,16
17402.0,22622,1.0,17
17402.0,22636,1.0,18
17402.0,22747,1.0,19
17402.0,22635,1.0,20
17405.0,22720,1.0,1
17405.0,20914,1.0,2
17405.0,22722,1.0,3
17405.0,22138,1.0,4
17405.0,22427,1.0,5
17405.0,82486,1.0,6
17405.0,22029,1.0,7
17405.0,22030,1.0,8
17405.0,22027,1.0,9
17405.0,22037,1.0,10
17405.0,22840,1.0,11
17405.0,22716,1.0,12
17405.0,21519,1.0,13
17405.0,21509,1.0,14
17405.0,23110,1.0,15
17405.0,22654,1.0,16
17405.0,22301,1.0,17
17405.0,22712,1.0,18
17405.0,21507,1.0,19
17405.0,22794,1.0,20
17410.0,22423,1.0,1
17410.0,47566,1.0,2
17410.0,22197,1.0,3
17410.0,22699,1.0,4
17410.0,22697,1.0,5
17410.0,82484,1.0,6
17410.0,22698,1.0,7
17410.0,21790,1.0,8
17410.0,22728,1.0,9
17410.0,22556,1.0,10
17410.0,21915,1.0,11
17410.0,22729,1.0,12
17410.0,22692,1.0,13
17410.0,22431,1.0,14
17410.0,22989,1.0,15
17410.0,23173,1.0,16
17410.0,21889,1.0,17
17410.0,20974,1.0,18
17410.0,22690,1.0,19
17410.0,22433,1.0,20
17490.0,21212,1.0,1
17490.0,22960,1.0,2
17490.0,23206,1.0,3
17490.0,21080,1.0,4
17490.0,22727,1.0,5
17490.0,20914,1.0,6
17490.0,22558,1.0,7
17490.0,22077,1.0,8
17490.0,22138,1.0,9
17490.0,22624,1.0,10
17490.0,23245,1.0,11
17490.0,71459,1.0,12
17490.0,21731,1.0,13
17490.0,22625,1.0,14
17490.0,23300,1.0,15
17490.0,22499,1.0,16
17490.0,22730,1.0,17
17490.0,22908,1.0,18
17490.0,22429,1.0,19
17490.0,21937,1.0,20
17495.0,22841,0.000113979719239789,1
17495.0,85123A,0.0,2
17495.0,22423,0.0,3
17495.0,47566,0.0,4
17495.0,85099B,0.0,5
17495.0,20725,0.0,6
17495.0,84879,0.0,7
17495.0,22720,0.0,8
17495.0,22383,0.0,9
17495.0,21212,0.0,10
17495.0,20727,0.0,11
17495.0,20728,0.0,12
17495.0,22384,0.0,13
17495.0,23298,0.0,14
17495.0,POST,0.0,15
17495.0,22457,0.0,16
17495.0,22382,0.0,17
17495.0,22960,0.0,18
17495.0,22961,0.0,19
17495.0,22469,0.0,20
17503.0,22841,0.000113979719239789,1
17503.0,85123A,0.0,2
17503.0,22423,0.0,3
17503.0,47566,0.0,4
17503.0,85099B,0.0,5
17503.0,20725,0.0,6
17503.0,84879,0.0,7
17503.0,22720,0.0,8
17503.0,22383,0.0,9
17503.0,21212,0.0,10
17503.0,20727,0.0,11
17503.0,20728,0.0,12
17503.0,22384,0.0,13
17503.0,23298,0.0,14
17503.0,POST,0.0,15
17503.0,22457,0.0,16
17503.0,22382,0.0,17
17503.0,22960,0.0,18
17503.0,22961,0.0,19
17503.0,22469,0.0,20
17519.0,47566,1.0,1
17519.0,21212,1.0,2
17519.0,23298,1.0,3
17519.0,22960,1.0,4
17519.0,21080,1.0,5
17519.0,22727,1.0,6
17519.0,22090,1.0,7
17519.0,21977,1.0,8
17519.0,22907,1.0,9
17519.0,47566B,1.0,10
17519.0,22083,1.0,11
17519.0,47590A,1.0,12
17519.0,22499,1.0,13
17519.0,21094,1.0,14
17519.0,22568,1.0,15
17519.0,23307,1.0,16
17519.0,21121,1.0,17
17519.0,21210,1.0,18
17519.0,21086,1.0,19
17519.0,23052,1.0,20
17520.0,22841,0.000113979719239789,1
17520.0,85123A,0.0,2
17520.0,22423,0.0,3
17520.0,47566,0.0,4
17520.0,85099B,0.0,5
17520.0,20725,0.0,6
17520.0,84879,0.0,7
17520.0,22720,0.0,8
17520.0,22383,0.0,9
17520.0,21212,0.0,10
17520.0,20727,0.0,11
17520.0,20728,0.0,12
17520.0,22384,0.0,13
17520.0,23298,0.0,14
17520.0,POST,0.0,15
17520.0,22457,0.0,16
17520.0,22382,0.0,17
17520.0,22960,0.0,18
17520.0,22961,0.0,19
17520.0,22469,0.0,20
17521.0,84879,1.0,1
17521.0,23298,1.0,2
17521.0,22178,1.0,3
17521.0,84946,1.0,4
17521.0,21915,1.0,5
17521.0,21172,1.0,6
17521.0,21136,1.0,7
17521.0,21169,1.0,8
17521.0,22759,1.0,9
17521.0,22595,1.0,10
17521.0,84949,1.0,11
17521.0,20983,1.0,12
17521.0,20981,1.0,13
17521.0,22156,1.0,14
17521.0,20982,1.0,15
17521.0,84832,1.0,16
17521.0,23103,1.0,17
17521.0,22841,0.000113979719239789,18
17521.0,85123A,0.0,19
17521.0,22423,0.0,20
17562.0,47566,1.0,1
17562.0,20727,1.0,2
17562.0,20728,1.0,3
17562.0,22384,1.0,4
17562.0,23298,1.0,5
17562.0,23209,1.0,6
17562.0,23203,1.0,7
17562.0,84755,1.0,8
17562.0,23202,1.0,9
17562.0,22355,1.0,10
17562.0,20719,1.0,11
17562.0,22147,1.0,12
17562.0,20718,1.0,13
17562.0,22661,1.0,14
17562.0,21172,1.0,15
17562.0,22219,1.0,16
17562.0,23205,1.0,17
17562.0,22296,1.0,18
17562.0,22620,1.0,19
17562.0,21380,1.0,20
17564.0,22112,1.0,1
17564.0,21485,1.0,2
17564.0,22113,1.0,3
17564.0,22835,1.0,4
17564.0,22767,1.0,5
17564.0,22604,1.0,6
17564.0,22841,0.000113979719239789,7
17564.0,85123A,0.0,8
17564.0,22423,0.0,9
17564.0,47566,0.0,10
17564.0,85099B,0.0,11
17564.0,20725,0.0,12
17564.0,84879,0.0,13
17564.0,22720,0.0,14
17564.0,22383,0.0,15
17564.0,21212,0.0,16
17564.0,20727,0.0,17
17564.0,20728,0.0,18
17564.0,22384,0.0,19
17564.0,23298,0.0,20
17566.0,22841,0.000113979719239789,1
17566.0,85123A,0.0,2
17566.0,22423,0.0,3
17566.0,47566,0.0,4
17566.0,85099B,0.0,5
17566.0,20725,0.0,6
17566.0,84879,0.0,7
17566.0,22720,0.0,8
17566.0,22383,0.0,9
17566.0,21212,0.0,10
17566.0,20727,0.0,11
17566.0,20728,0.0,12
17566.0,22384,0.0,13
17566.0,23298,0.0,14
17566.0,POST,0.0,15
17566.0,22457,0.0,16
17566.0,22382,0.0,17
17566.0,22960,0.0,18
17566.0,22961,0.0,19
17566.0,22469,0.0,20
17567.0,85099B,1.0,1
17567.0,20725,1.0,2
17567.0,84879,1.0,3
17567.0,22720,1.0,4
17567.0,22457,1.0,5
17567.0,22469,1.0,6
17567.0,22386,1.0,7
17567.0,22197,1.0,8
17567.0,20914,1.0,9
17567.0,22077,1.0,10
17567.0,22624,1.0,11
17567.0,21936,1.0,12
17567.0,84970S,1.0,13
17567.0,22625,1.0,14
17567.0,47566B,1.0,15
17567.0,22379,1.0,16
17567.0,82580,1.0,17
17567.0,21165,1.0,18
17567.0,21155,1.0,19
17567.0,84970L,1.0,20
17581.0,47566,1.0,1
17581.0,85099B,1.0,2
17581.0,20725,1.0,3
17581.0,22720,1.0,4
17581.0,22383,1.0,5
17581.0,21212,1.0,6
17581.0,20727,1.0,7
17581.0,22384,1.0,8
17581.0,23298,1.0,9
17581.0,22382,1.0,10
17581.0,22960,1.0,11
17581.0,22961,1.0,12
17581.0,22993,1.0,13
17581.0,22386,1.0,14
17581.0,22197,1.0,15
17581.0,23206,1.0,16
17581.0,23209,1.0,17
17581.0,23203,1.0,18
17581.0,21080,1.0,19
17581.0,21931,1.0,20
17593.0,21212,1.0,1
17593.0,23298,1.0,2
17593.0,22469,1.0,3
17593.0,82482,1.0,4
17593.0,22470,1.0,5
17593.0,21034,1.0,6
17593.0,82494L,1.0,7
17593.0,22558,1.0,8
17593.0,84978,1.0,9
17593.0,21232,1.0,10
17593.0,82483,1.0,11
17593.0,22499,1.0,12
17593.0,22621,1.0,13
17593.0,21314,1.0,14
17593.0,21498,1.0,15
17593.0,21136,1.0,16
17593.0,22507,1.0,17
17593.0,22585,1.0,18
17593.0,15056BL,1.0,19
17593.0,85014B,1.0,20
17611.0,85123A,1.0,1
17611.0,85099B,1.0,2
17611.0,21212,1.0,3
17611.0,20727,1.0,4
17611.0,20728,1.0,5
17611.0,23298,1.0,6
17611.0,22457,1.0,7
17611.0,22960,1.0,8
17611.0,22961,1.0,9
17611.0,22469,1.0,10
17611.0,82482,1.0,11
17611.0,22178,1.0,12
17611.0,22386,1.0,13
17611.0,22699,1.0,14
17611.0,21080,1.0,15
17611.0,21931,1.0,16
17611.0,22470,1.0,17
17611.0,82494L,1.0,18
17611.0,85099F,1.0,19
17611.0,21977,1.0,20
17624.0,47566,1.0,1
17624.0,22969,1.0,2
17624.0,22427,1.0,3
17624.0,82486,1.0,4
17624.0,84946,1.0,5
17624.0,20718,1.0,6
17624.0,21217,1.0,7
17624.0,21980,1.0,8
17624.0,22668,1.0,9
17624.0,21500,1.0,10
17624.0,22968,1.0,11
17624.0,22831,1.0,12
17624.0,21983,1.0,13
17624.0,22985,1.0,14
17624.0,21609,1.0,15
17624.0,40016,1.0,16
17624.0,22841,0.000113979719239789,17
17624.0,85123A,0.0,18
17624.0,22423,0.0,19
17624.0,85099B,0.0,20
17631.0,22423,1.0,1
17631.0,23206,1.0,2
17631.0,21754,1.0,3
17631.0,22556,1.0,4
17631.0,22652,1.0,5
17631.0,22568,1.0,6
17631.0,22171,1.0,7
17631.0,23307,1.0,8
17631.0,22352,1.0,9
17631.0,21314,1.0,10
17631.0,47591D,1.0,11
17631.0,21216,1.0,12
17631.0,21982,1.0,13
17631.0,22273,1.0,14
17631.0,22636,1.0,15
17631.0,20682,1.0,16
17631.0,23294,1.0,17
17631.0,46000S,1.0,18
17631.0,23132,1.0,19
17631.0,21116,1.0,20
17634.0,85123A,1.0,1
17634.0,22423,1.0,2
17634.0,22720,1.0,3
17634.0,82482,1.0,4
17634.0,22197,1.0,5
17634.0,22666,1.0,6
17634.0,22727,1.0,7
17634.0,82494L,1.0,8
17634.0,84991,1.0,9
17634.0,22722,1.0,10
17634.0,22558,1.0,11
17634.0,21175,1.0,12
17634.0,82484,1.0,13
17634.0,22726,1.0,14
17634.0,21232,1.0,15
17634.0,21181,1.0,16
17634.0,85152,1.0,17
17634.0,82486,1.0,18
17634.0,21166,1.0,19
17634.0,48138,1.0,20
17651.0,47566,1.0,1
17651.0,85099B,1.0,2
17651.0,20725,1.0,3
17651.0,22383,1.0,4
17651.0,21212,1.0,5
17651.0,20727,1.0,6
17651.0,20728,1.0,7
17651.0,22384,1.0,8
17651.0,22382,1.0,9
17651.0,22961,1.0,10
17651.0,22469,1.0,11
17651.0,23206,1.0,12
17651.0,20726,1.0,13
17651.0,23209,1.0,14
17651.0,23203,1.0,15
17651.0,21931,1.0,16
17651.0,20914,1.0,17
17651.0,85099F,1.0,18
17651.0,20724,1.0,19
17651.0,22558,1.0,20
17663.0,85123A,1.0,1
17663.0,22423,1.0,2
17663.0,84879,1.0,3
17663.0,21754,1.0,4
17663.0,84755,1.0,5
17663.0,21733,1.0,6
17663.0,21181,1.0,7
17663.0,22427,1.0,8
17663.0,84992,1.0,9
17663.0,22776,1.0,10
17663.0,22189,1.0,11
17663.0,22847,1.0,12
17663.0,82552,1.0,13
17663.0,22082,1.0,14
17663.0,22151,1.0,15
17663.0,21756,1.0,16
17663.0,22841,1.0,17
17663.0,22079,1.0,18
17663.0,22822,1.0,19
17663.0,22694,1.0,20
17671.0,84879,1.0,1
17671.0,23298,1.0,2
17671.0,22727,1.0,3
17671.0,22726,1.0,4
17671.0,22728,1.0,5
17671.0,22729,1.0,6
17671.0,22083,1.0,7
17671.0,84077,1.0,8
17671.0,22730,1.0,9
17671.0,21121,1.0,10
17671.0,22424,1.0,11
17671.0,22432,1.0,12
17671.0,22488,1.0,13
17671.0,22847,1.0,14
17671.0,22086,1.0,15
17671.0,22926,1.0,16
17671.0,22725,1.0,17
17671.0,23230,1.0,18
17671.0,22910,1.0,19
17671.0,22925,1.0,20
17680.0,22841,0.000113979719239789,1
17680.0,85123A,0.0,2
17680.0,22423,0.0,3
17680.0,47566,0.0,4
17680.0,85099B,0.0,5
17680.0,20725,0.0,6
17680.0,84879,0.0,7
17680.0,22720,0.0,8
17680.0,22383,0.0,9
17680.0,21212,0.0,10
17680.0,20727,0.0,11
17680.0,20728,0.0,12
17680.0,22384,0.0,13
17680.0,23298,0.0,14
17680.0,POST,0.0,15
17680.0,22457,0.0,16
17680.0,22382,0.0,17
17680.0,22960,0.0,18
17680.0,22961,0.0,19
17680.0,22469,0.0,20
17702.0,85099B,1.0,1
17702.0,20725,1.0,2
17702.0,20728,1.0,3
17702.0,22386,1.0,4
17702.0,23209,1.0,5
17702.0,23203,1.0,6
17702.0,85099F,1.0,7
17702.0,23199,1.0,8
17702.0,23202,1.0,9
17702.0,22907,1.0,10
17702.0,23208,1.0,11
17702.0,21936,1.0,12
17702.0,23301,1.0,13
17702.0,22667,1.0,14
17702.0,84997D,1.0,15
17702.0,23200,1.0,16
17702.0,21932,1.0,17
17702.0,21933,1.0,18
17702.0,22150,1.0,19
17702.0,22979,1.0,20
17720.0,22423,1.0,1
17720.0,84879,1.0,2
17720.0,82484,1.0,3
17720.0,22427,1.0,4
17720.0,22084,1.0,5
17720.0,84970S,1.0,6
17720.0,85066,1.0,7
17720.0,22487,1.0,8
17720.0,22112,1.0,9
17720.0,22087,1.0,10
17720.0,22219,1.0,11
17720.0,22488,1.0,12
17720.0,22585,1.0,13
17720.0,71053,1.0,14
17720.0,21340,1.0,15
17720.0,22855,1.0,16
17720.0,84945,1.0,17
17720.0,23112,1.0,18
17720.0,85175,1.0,19
17720.0,23263,1.0,20
17744.0,22197,1.0,1
17744.0,21231,1.0,2
17744.0,21985,1.0,3
17744.0,84596B,1.0,4
17744.0,21935,1.0,5
17744.0,10133,1.0,6
17744.0,47504K,1.0,7
17744.0,85184C,1.0,8
17744.0,20992,1.0,9
17744.0,21563,1.0,10
17744.0,22610,1.0,11
17744.0,22066,1.0,12
17744.0,10135,1.0,13
17744.0,21876,0.995,14
17744.0,47503A,0.995,15
17744.0,M,0.00282093690248566,16
17744.0,22841,0.000113979719239789,17
17744.0,85123A,0.0,18
17744.0,22423,0.0,19
17744.0,47566,0.0,20
17760.0,22964,1.0,1
17760.0,22798,1.0,2
17760.0,22909,1.0,3
17760.0,21452,1.0,4
17760.0,22800,1.0,5
17760.0,22976,1.0,6
17760.0,22841,0.000113979719239789,7
17760.0,85123A,0.0,8
17760.0,22423,0.0,9
17760.0,47566,0.0,10
17760.0,85099B,0.0,11
17760.0,20725,0.0,12
17760.0,84879,0.0,13
17760.0,22720,0.0,14
17760.0,22383,0.0,15
17760.0,21212,0.0,16
17760.0,20727,0.0,17
17760.0,20728,0.0,18
17760.0,22384,0.0,19
17760.0,23298,0.0,20
17764.0,22727,1.0,1
17764.0,23202,1.0,2
17764.0,22171,1.0,3
17764.0,22429,1.0,4
17764.0,22082,1.0,5
17764.0,22169,1.0,6
17764.0,23232,1.0,7
17764.0,22079,1.0,8
17764.0,23191,1.0,9
17764.0,23093,1.0,10
17764.0,21792,1.0,11
17764.0,22841,0.000113979719239789,12
17764.0,85123A,0.0,13
17764.0,22423,0.0,14
17764.0,47566,0.0,15
17764.0,85099B,0.0,16
17764.0,20725,0.0,17
17764.0,84879,0.0,18
17764.0,22720,0.0,19
17764.0,22383,0.0,20
17767.0,22841,0.000113979719239789,1
17767.0,85123A,0.0,2
17767.0,22423,0.0,3
17767.0,47566,0.0,4
17767.0,85099B,0.0,5
17767.0,20725,0.0,6
17767.0,84879,0.0,7
17767.0,22720,0.0,8
17767.0,22383,0.0,9
17767.0,21212,0.0,10
17767.0,20727,0.0,11
17767.0,20728,0.0,12
17767.0,22384,0.0,13
17767.0,23298,0.0,14
17767.0,POST,0.0,15
17767.0,22457,0.0,16
17767.0,22382,0.0,17
17767.0,22960,0.0,18
17767.0,22961,0.0,19
17767.0,22469,0.0,20
17768.0,21754,1.0,1
17768.0,21034,1.0,2
17768.0,20685,1.0,3
17768.0,48138,1.0,4
17768.0,48194,1.0,5
17768.0,23284,1.0,6
17768.0,85066,1.0,7
17768.0,21524,1.0,8
17768.0,48184,1.0,9
17768.0,21756,1.0,10
17768.0,22690,1.0,11
17768.0,21499,1.0,12
17768.0,21500,1.0,13
17768.0,23144,1.0,14
17768.0,21955,1.0,15
17768.0,22606,1.0,16
17768.0,21713,1.0,17
17768.0,22841,0.000113979719239789,18
17768.0,85123A,0.0,19
17768.0,22423,0.0,20
17790.0,85123A,1.0,1
17790.0,84879,1.0,2
17790.0,22457,1.0,3
17790.0,22469,1.0,4
17790.0,82482,1.0,5
17790.0,22666,1.0,6
17790.0,22470,1.0,7
17790.0,21034,1.0,8
17790.0,82494L,1.0,9
17790.0,82484,1.0,10
17790.0,21733,1.0,11
17790.0,82486,1.0,12
17790.0,84970S,1.0,13
17790.0,85066,1.0,14
17790.0,82483,1.0,15
17790.0,22804,1.0,16
17790.0,22189,1.0,17
17790.0,23300,1.0,18
17790.0,84836,1.0,19
17790.0,22487,1.0,20
17791.0,22841,0.000113979719239789,1
17791.0,85123A,0.0,2
17791.0,22423,0.0,3
17791.0,47566,0.0,4
17791.0,85099B,0.0,5
17791.0,20725,0.0,6
17791.0,84879,0.0,7
17791.0,22720,0.0,8
17791.0,22383,0.0,9
17791.0,21212,0.0,10
17791.0,20727,0.0,11
17791.0,20728,0.0,12
17791.0,22384,0.0,13
17791.0,23298,0.0,14
17791.0,POST,0.0,15
17791.0,22457,0.0,16
17791.0,22382,0.0,17
17791.0,22960,0.0,18
17791.0,22961,0.0,19
17791.0,22469,0.0,20
17831.0,22841,0.000113979719239789,1
17831.0,85123A,0.0,2
17831.0,22423,0.0,3
17831.0,47566,0.0,4
17831.0,85099B,0.0,5
17831.0,20725,0.0,6
17831.0,84879,0.0,7
17831.0,22720,0.0,8
17831.0,22383,0.0,9
17831.0,21212,0.0,10
17831.0,20727,0.0,11
17831.0,20728,0.0,12
17831.0,22384,0.0,13
17831.0,23298,0.0,14
17831.0,POST,0.0,15
17831.0,22457,0.0,16
17831.0,22382,0.0,17
17831.0,22960,0.0,18
17831.0,22961,0.0,19
17831.0,22469,0.0,20
17836.0,22841,0.000113979719239789,1
17836.0,85123A,0.0,2
17836.0,22423,0.0,3
17836.0,47566,0.0,4
17836.0,85099B,0.0,5
17836.0,20725,0.0,6
17836.0,84879,0.0,7
17836.0,22720,0.0,8
17836.0,22383,0.0,9
17836.0,21212,0.0,10
17836.0,20727,0.0,11
17836.0,20728,0.0,12
17836.0,22384,0.0,13
17836.0,23298,0.0,14
17836.0,POST,0.0,15
17836.0,22457,0.0,16
17836.0,22382,0.0,17
17836.0,22960,0.0,18
17836.0,22961,0.0,19
17836.0,22469,0.0,20
17864.0,21034,1.0,1
17864.0,21977,1.0,2
17864.0,22139,1.0,3
17864.0,22084,1.0,4
17864.0,21975,1.0,5
17864.0,84378,1.0,6
17864.0,21213,1.0,7
17864.0,22417,1.0,8
17864.0,22029,1.0,9
17864.0,22616,1.0,10
17864.0,84375,1.0,11
17864.0,22951,1.0,12
17864.0,22030,1.0,13
17864.0,22996,1.0,14
17864.0,22970,1.0,15
17864.0,22037,1.0,16
17864.0,21481,1.0,17
17864.0,21982,1.0,18
17864.0,21479,1.0,19
17864.0,23000,1.0,20
17884.0,84879,1.0,1
17884.0,22469,1.0,2
17884.0,22727,1.0,3
17884.0,21034,1.0,4
17884.0,22726,1.0,5
17884.0,21790,1.0,6
17884.0,22551,1.0,7
17884.0,22728,1.0,8
17884.0,84997D,1.0,9
17884.0,22557,1.0,10
17884.0,84077,1.0,11
17884.0,22900,1.0,12
17884.0,22570,1.0,13
17884.0,22553,1.0,14
17884.0,22661,1.0,15
17884.0,21122,1.0,16
17884.0,22748,1.0,17
17884.0,84997C,1.0,18
17884.0,21136,1.0,19
17884.0,22745,1.0,20
17885.0,22841,0.000113979719239789,1
17885.0,85123A,0.0,2
17885.0,22423,0.0,3
17885.0,47566,0.0,4
17885.0,85099B,0.0,5
17885.0,20725,0.0,6
17885.0,84879,0.0,7
17885.0,22720,0.0,8
17885.0,22383,0.0,9
17885.0,21212,0.0,10
17885.0,20727,0.0,11
17885.0,20728,0.0,12
17885.0,22384,0.0,13
17885.0,23298,0.0,14
17885.0,POST,0.0,15
17885.0,22457,0.0,16
17885.0,22382,0.0,17
17885.0,22960,0.0,18
17885.0,22961,0.0,19
17885.0,22469,0.0,20
17895.0,22841,0.000113979719239789,1
17895.0,85123A,0.0,2
17895.0,22423,0.0,3
17895.0,47566,0.0,4
17895.0,85099B,0.0,5
17895.0,20725,0.0,6
17895.0,84879,0.0,7
17895.0,22720,0.0,8
17895.0,22383,0.0,9
17895.0,21212,0.0,10
17895.0,20727,0.0,11
17895.0,20728,0.0,12
17895.0,22384,0.0,13
17895.0,23298,0.0,14
17895.0,POST,0.0,15
17895.0,22457,0.0,16
17895.0,22382,0.0,17
17895.0,22960,0.0,18
17895.0,22961,0.0,19
17895.0,22469,0.0,20
17901.0,22841,0.000113979719239789,1
17901.0,85123A,0.0,2
17901.0,22423,0.0,3
17901.0,47566,0.0,4
17901.0,85099B,0.0,5
17901.0,20725,0.0,6
17901.0,84879,0.0,7
17901.0,22720,0.0,8
17901.0,22383,0.0,9
17901.0,21212,0.0,10
17901.0,20727,0.0,11
17901.0,20728,0.0,12
17901.0,22384,0.0,13
17901.0,23298,0.0,14
17901.0,POST,0.0,15
17901.0,22457,0.0,16
17901.0,22382,0.0,17
17901.0,22960,0.0,18
17901.0,22961,0.0,19
17901.0,22469,0.0,20
17911.0,22841,0.000113979719239789,1
17911.0,85123A,0.0,2
17911.0,22423,0.0,3
17911.0,47566,0.0,4
17911.0,85099B,0.0,5
17911.0,20725,0.0,6
17911.0,84879,0.0,7
17911.0,22720,0.0,8
17911.0,22383,0.0,9
17911.0,21212,0.0,10
17911.0,20727,0.0,11
17911.0,20728,0.0,12
17911.0,22384,0.0,13
17911.0,23298,0.0,14
17911.0,POST,0.0,15
17911.0,22457,0.0,16
17911.0,22382,0.0,17
17911.0,22960,0.0,18
17911.0,22961,0.0,19
17911.0,22469,0.0,20
17917.0,22383,1.0,1
17917.0,20727,1.0,2
17917.0,22382,1.0,3
17917.0,22411,1.0,4
17917.0,22139,1.0,5
17917.0,22726,1.0,6
17917.0,21928,1.0,7
17917.0,22659,1.0,8
17917.0,84378,1.0,9
17917.0,22729,1.0,10
17917.0,22851,1.0,11
17917.0,84997C,1.0,12
17917.0,22979,1.0,13
17917.0,22759,1.0,14
17917.0,22086,1.0,15
17917.0,22560,1.0,16
17917.0,22333,1.0,17
17917.0,22746,1.0,18
17917.0,21982,1.0,19
17917.0,20975,1.0,20
17924.0,84077,1.0,1
17924.0,22730,1.0,2
17924.0,22725,1.0,3
17924.0,21479,1.0,4
17924.0,22781,1.0,5
17924.0,22841,0.000113979719239789,6
17924.0,85123A,0.0,7
17924.0,22423,0.0,8
17924.0,47566,0.0,9
17924.0,85099B,0.0,10
17924.0,20725,0.0,11
17924.0,84879,0.0,12
17924.0,22720,0.0,13
17924.0,22383,0.0,14
17924.0,21212,0.0,15
17924.0,20727,0.0,16
17924.0,20728,0.0,17
17924.0,22384,0.0,18
17924.0,23298,0.0,19
17924.0,POST,0.0,20
17930.0,22197,1.0,1
17930.0,22084,1.0,2
17930.0,84077,1.0,3
17930.0,22998,1.0,4
17930.0,22553,1.0,5
17930.0,84692,1.0,6
17930.0,21137,1.0,7
17930.0,23078,1.0,8
17930.0,22041,1.0,9
17930.0,22174,1.0,10
17930.0,84212,1.0,11
17930.0,23155,1.0,12
17930.0,22419,1.0,13
17930.0,22109,1.0,14
17930.0,22841,0.000113979719239789,15
17930.0,85123A,0.0,16
17930.0,22423,0.0,17
17930.0,47566,0.0,18
17930.0,85099B,0.0,19
17930.0,20725,0.0,20
17932.0,22423,1.0,1
17932.0,22457,1.0,2
17932.0,22197,1.0,3
17932.0,22699,1.0,4
17932.0,22697,1.0,5
17932.0,22722,1.0,6
17932.0,22077,1.0,7
17932.0,22698,1.0,8
17932.0,84946,1.0,9
17932.0,21975,1.0,10
17932.0,20712,1.0,11
17932.0,22487,1.0,12
17932.0,82580,1.0,13
17932.0,23200,1.0,14
17932.0,84970L,1.0,15
17932.0,21668,1.0,16
17932.0,21671,1.0,17
17932.0,21673,1.0,18
17932.0,22082,1.0,19
17932.0,20711,1.0,20
17940.0,22616,1.0,1
17940.0,21985,1.0,2
17940.0,21982,1.0,3
17940.0,M,1.0,4
17940.0,21981,1.0,5
17940.0,21986,1.0,6
17940.0,22841,0.0031455621013247725,7
17940.0,85123A,0.0,8
17940.0,22423,0.0,9
17940.0,47566,0.0,10
17940.0,85099B,0.0,11
17940.0,20725,0.0,12
17940.0,84879,0.0,13
17940.0,22720,0.0,14
17940.0,22383,0.0,15
17940.0,21212,0.0,16
17940.0,20727,0.0,17
17940.0,20728,0.0,18
17940.0,22384,0.0,19
17940.0,23298,0.0,20
17966.0,22993,1.0,1
17966.0,22138,1.0,2
17966.0,22149,1.0,3
17966.0,84378,1.0,4
17966.0,22551,1.0,5
17966.0,22556,1.0,6
17966.0,20972,1.0,7
17966.0,22147,1.0,8
17966.0,22555,1.0,9
17966.0,21791,1.0,10
17966.0,22908,1.0,11
17966.0,22752,1.0,12
17966.0,20974,1.0,13
17966.0,23231,1.0,14
17966.0,16161P,1.0,15
17966.0,22435,1.0,16
17966.0,23232,1.0,17
17966.0,21497,1.0,18
17966.0,21888,1.0,19
17966.0,22636,1.0,20
17985.0,22841,0.000113979719239789,1
17985.0,85123A,0.0,2
17985.0,22423,0.0,3
17985.0,47566,0.0,4
17985.0,85099B,0.0,5
17985.0,20725,0.0,6
17985.0,84879,0.0,7
17985.0,22720,0.0,8
17985.0,22383,0.0,9
17985.0,21212,0.0,10
17985.0,20727,0.0,11
17985.0,20728,0.0,12
17985.0,22384,0.0,13
17985.0,23298,0.0,14
17985.0,POST,0.0,15
17985.0,22457,0.0,16
17985.0,22382,0.0,17
17985.0,22960,0.0,18
17985.0,22961,0.0,19
17985.0,22469,0.0,20
18001.0,21212,1.0,1
18001.0,21080,1.0,2
18001.0,21034,1.0,3
18001.0,22090,1.0,4
18001.0,23201,1.0,5
18001.0,21621,1.0,6
18001.0,21094,1.0,7
18001.0,20676,1.0,8
18001.0,21086,1.0,9
18001.0,21498,1.0,10
18001.0,23205,1.0,11
18001.0,22086,1.0,12
18001.0,22605,1.0,13
18001.0,21242,1.0,14
18001.0,23230,1.0,15
18001.0,85049E,1.0,16
18001.0,23192,1.0,17
18001.0,20969,1.0,18
18001.0,22704,1.0,19
18001.0,22315,1.0,20
18006.0,22841,0.000113979719239789,1
18006.0,85123A,0.0,2
18006.0,22423,0.0,3
18006.0,47566,0.0,4
18006.0,85099B,0.0,5
18006.0,20725,0.0,6
18006.0,84879,0.0,7
18006.0,22720,0.0,8
18006.0,22383,0.0,9
18006.0,21212,0.0,10
18006.0,20727,0.0,11
18006.0,20728,0.0,12
18006.0,22384,0.0,13
18006.0,23298,0.0,14
18006.0,POST,0.0,15
18006.0,22457,0.0,16
18006.0,22382,0.0,17
18006.0,22960,0.0,18
18006.0,22961,0.0,19
18006.0,22469,0.0,20
18016.0,21212,1.0,1
18016.0,20727,1.0,2
18016.0,20728,1.0,3
18016.0,22382,1.0,4
18016.0,82482,1.0,5
18016.0,22197,1.0,6
18016.0,22727,1.0,7
18016.0,21034,1.0,8
18016.0,82494L,1.0,9
18016.0,20724,1.0,10
18016.0,23207,1.0,11
18016.0,22659,1.0,12
18016.0,84378,1.0,13
18016.0,84380,1.0,14
18016.0,22728,1.0,15
18016.0,22776,1.0,16
18016.0,23301,1.0,17
18016.0,21213,1.0,18
18016.0,85066,1.0,19
18016.0,22729,1.0,20
18044.0,22423,1.0,1
18044.0,22699,1.0,2
18044.0,22697,1.0,3
18044.0,21755,1.0,4
18044.0,21232,1.0,5
18044.0,22969,1.0,6
18044.0,48138,1.0,7
18044.0,22698,1.0,8
18044.0,22624,1.0,9
18044.0,84970S,1.0,10
18044.0,23284,1.0,11
18044.0,22193,1.0,12
18044.0,22998,1.0,13
18044.0,22191,1.0,14
18044.0,22616,1.0,15
18044.0,21231,1.0,16
18044.0,22192,1.0,17
18044.0,22983,1.0,18
18044.0,23173,1.0,19
18044.0,22988,1.0,20
18061.0,48138,1.0,1
18061.0,22149,1.0,2
18061.0,84970S,1.0,3
18061.0,23284,1.0,4
18061.0,84970L,1.0,5
18061.0,21523,1.0,6
18061.0,21506,1.0,7
18061.0,22622,1.0,8
18061.0,21658,1.0,9
18061.0,22636,1.0,10
18061.0,21260,1.0,11
18061.0,21068,1.0,12
18061.0,21116,1.0,13
18061.0,22841,0.003578157121578551,14
18061.0,85123A,0.0,15
18061.0,22423,0.0,16
18061.0,47566,0.0,17
18061.0,85099B,0.0,18
18061.0,20725,0.0,19
18061.0,84879,0.0,20
18077.0,22961,1.0,1
18077.0,22993,1.0,2
18077.0,22727,1.0,3
18077.0,21034,1.0,4
18077.0,22077,1.0,5
18077.0,22726,1.0,6
18077.0,22907,1.0,7
18077.0,22966,1.0,8
18077.0,22730,1.0,9
18077.0,22429,1.0,10
18077.0,22951,1.0,11
18077.0,21868,1.0,12
18077.0,22988,1.0,13
18077.0,22979,1.0,14
18077.0,22585,1.0,15
18077.0,23084,1.0,16
18077.0,20754,1.0,17
18077.0,22082,1.0,18
18077.0,22980,1.0,19
18077.0,22725,1.0,20
18081.0,22423,1.0,1
18081.0,22699,1.0,2
18081.0,22697,1.0,3
18081.0,22698,1.0,4
18081.0,22841,0.000113979719239789,5
18081.0,85123A,0.0,6
18081.0,47566,0.0,7
18081.0,85099B,0.0,8
18081.0,20725,0.0,9
18081.0,84879,0.0,10
18081.0,22720,0.0,11
18081.0,22383,0.0,12
18081.0,21212,0.0,13
18081.0,20727,0.0,14
18081.0,20728,0.0,15
18081.0,22384,0.0,16
18081.0,23298,0.0,17
18081.0,POST,0.0,18
18081.0,22457,0.0,19
18081.0,22382,0.0,20
18082.0,22841,0.000113979719239789,1
18082.0,85123A,0.0,2
18082.0,22423,0.0,3
18082.0,47566,0.0,4
18082.0,85099B,0.0,5
18082.0,20725,0.0,6
18082.0,84879,0.0,7
18082.0,22720,0.0,8
18082.0,22383,0.0,9
18082.0,21212,0.0,10
18082.0,20727,0.0,11
18082.0,20728,0.0,12
18082.0,22384,0.0,13
18082.0,23298,0.0,14
18082.0,POST,0.0,15
18082.0,22457,0.0,16
18082.0,22382,0.0,17
18082.0,22960,0.0,18
18082.0,22961,0.0,19
18082.0,22469,0.0,20
18096.0,47566,1.0,1
18096.0,22197,1.0,2
18096.0,23203,1.0,3
18096.0,21931,1.0,4
18096.0,22727,1.0,5
18096.0,22411,1.0,6
18096.0,22470,1.0,7
18096.0,21034,1.0,8
18096.0,22629,1.0,9
18096.0,22139,1.0,10
18096.0,23202,1.0,11
18096.0,22630,1.0,12
18096.0,22728,1.0,13
18096.0,21915,1.0,14
18096.0,22189,1.0,15
18096.0,22729,1.0,16
18096.0,84077,1.0,17
18096.0,22998,1.0,18
18096.0,22730,1.0,19
18096.0,22616,1.0,20
18105.0,22841,0.000113979719239789,1
18105.0,85123A,0.0,2
18105.0,22423,0.0,3
18105.0,47566,0.0,4
18105.0,85099B,0.0,5
18105.0,20725,0.0,6
18105.0,84879,0.0,7
18105.0,22720,0.0,8
18105.0,22383,0.0,9
18105.0,21212,0.0,10
18105.0,20727,0.0,11
18105.0,20728,0.0,12
18105.0,22384,0.0,13
18105.0,23298,0.0,14
18105.0,POST,0.0,15
18105.0,22457,0.0,16
18105.0,22382,0.0,17
18105.0,22960,0.0,18
18105.0,22961,0.0,19
18105.0,22469,0.0,20
18118.0,85123A,1.0,1
18118.0,47566,1.0,2
18118.0,85099B,1.0,3
18118.0,20725,1.0,4
18118.0,22720,1.0,5
18118.0,22383,1.0,6
18118.0,21212,1.0,7
18118.0,20727,1.0,8
18118.0,22384,1.0,9
18118.0,22457,1.0,10
18118.0,22382,1.0,11
18118.0,82482,1.0,12
18118.0,22993,1.0,13
18118.0,22386,1.0,14
18118.0,22197,1.0,15
18118.0,22666,1.0,16
18118.0,21080,1.0,17
18118.0,21931,1.0,18
18118.0,22470,1.0,19
18118.0,20914,1.0,20
18122.0,85123A,1.0,1
18122.0,20725,1.0,2
18122.0,20727,1.0,3
18122.0,22384,1.0,4
18122.0,22457,1.0,5
18122.0,22469,1.0,6
18122.0,82482,1.0,7
18122.0,22197,1.0,8
18122.0,22470,1.0,9
18122.0,84978,1.0,10
18122.0,22138,1.0,11
18122.0,22551,1.0,12
18122.0,22147,1.0,13
18122.0,84997D,1.0,14
18122.0,84836,1.0,15
18122.0,22557,1.0,16
18122.0,22553,1.0,17
18122.0,84997B,1.0,18
18122.0,22617,1.0,19
18122.0,84997C,1.0,20
18125.0,85123A,1.0,1
18125.0,22423,1.0,2
18125.0,20728,1.0,3
18125.0,22384,1.0,4
18125.0,22382,1.0,5
18125.0,82482,1.0,6
18125.0,22993,1.0,7
18125.0,22197,1.0,8
18125.0,21034,1.0,9
18125.0,82494L,1.0,10
18125.0,20724,1.0,11
18125.0,84991,1.0,12
18125.0,22722,1.0,13
18125.0,22139,1.0,14
18125.0,21175,1.0,15
18125.0,21733,1.0,16
18125.0,21181,1.0,17
18125.0,22355,1.0,18
18125.0,22969,1.0,19
18125.0,85152,1.0,20
18130.0,20725,1.0,1
18130.0,22383,1.0,2
18130.0,21212,1.0,3
18130.0,20727,1.0,4
18130.0,84991,1.0,5
18130.0,21731,1.0,6
18130.0,22632,1.0,7
18130.0,22866,1.0,8
18130.0,M,0.016398712728723827,9
18130.0,POST,0.007613074725821013,10
18130.0,22502,0.007613074725821013,11
18130.0,84078A,0.007613074725821013,12
18130.0,C2,0.007613074725821013,13
18130.0,23166,0.004802660481361335,14
18130.0,22841,0.000113979719239789,15
18130.0,85123A,0.0,16
18130.0,22423,0.0,17
18130.0,47566,0.0,18
18130.0,85099B,0.0,19
18130.0,84879,0.0,20
18167.0,85123A,1.0,1
18167.0,20914,1.0,2
18167.0,21843,1.0,3
18167.0,85066,1.0,4
18167.0,21533,1.0,5
18167.0,22637,1.0,6
18167.0,22795,1.0,7
18167.0,21539,1.0,8
18167.0,21216,1.0,9
18167.0,21531,1.0,10
18167.0,21218,1.0,11
18167.0,21844,1.0,12
18167.0,22841,0.000113979719239789,13
18167.0,22423,0.0,14
18167.0,47566,0.0,15
18167.0,85099B,0.0,16
18167.0,20725,0.0,17
18167.0,84879,0.0,18
18167.0,22720,0.0,19
18167.0,22383,0.0,20
18172.0,85123A,1.0,1
18172.0,47566,1.0,2
18172.0,84879,1.0,3
18172.0,22993,1.0,4
18172.0,23203,1.0,5
18172.0,22727,1.0,6
18172.0,22726,1.0,7
18172.0,21733,1.0,8
18172.0,82486,1.0,9
18172.0,48138,1.0,10
18172.0,22149,1.0,11
18172.0,48194,1.0,12
18172.0,21790,1.0,13
18172.0,22551,1.0,14
18172.0,22556,1.0,15
18172.0,20972,1.0,16
18172.0,82483,1.0,17
18172.0,22804,1.0,18
18172.0,22147,1.0,19
18172.0,22729,1.0,20
18174.0,22841,0.000113979719239789,1
18174.0,85123A,0.0,2
18174.0,22423,0.0,3
18174.0,47566,0.0,4
18174.0,85099B,0.0,5
18174.0,20725,0.0,6
18174.0,84879,0.0,7
18174.0,22720,0.0,8
18174.0,22383,0.0,9
18174.0,21212,0.0,10
18174.0,20727,0.0,11
18174.0,20728,0.0,12
18174.0,22384,0.0,13
18174.0,23298,0.0,14
18174.0,POST,0.0,15
18174.0,22457,0.0,16
18174.0,22382,0.0,17
18174.0,22960,0.0,18
18174.0,22961,0.0,19
18174.0,22469,0.0,20
18211.0,82482,1.0,1
18211.0,22178,1.0,2
18211.0,82484,1.0,3
18211.0,21755,1.0,4
18211.0,22766,1.0,5
18211.0,23307,1.0,6
18211.0,22595,1.0,7
18211.0,84949,1.0,8
18211.0,21787,1.0,9
18211.0,22460,1.0,10
18211.0,23103,1.0,11
18211.0,22841,0.000113979719239789,12
18211.0,85123A,0.0,13
18211.0,22423,0.0,14
18211.0,47566,0.0,15
18211.0,85099B,0.0,16
18211.0,20725,0.0,17
18211.0,84879,0.0,18
18211.0,22720,0.0,19
18211.0,22383,0.0,20
18223.0,22423,1.0,1
18223.0,47566,1.0,2
18223.0,85099B,1.0,3
18223.0,84879,1.0,4
18223.0,22720,1.0,5
18223.0,22960,1.0,6
18223.0,22993,1.0,7
18223.0,22197,1.0,8
18223.0,22699,1.0,9
18223.0,22666,1.0,10
18223.0,21931,1.0,11
18223.0,22727,1.0,12
18223.0,20914,1.0,13
18223.0,22697,1.0,14
18223.0,85099F,1.0,15
18223.0,20724,1.0,16
18223.0,22722,1.0,17
18223.0,85099C,1.0,18
18223.0,20685,1.0,19
18223.0,22726,1.0,20
18225.0,85123A,1.0,1
18225.0,47566,1.0,2
18225.0,85099B,1.0,3
18225.0,20725,1.0,4
18225.0,22720,1.0,5
18225.0,21212,1.0,6
18225.0,22960,1.0,7
18225.0,22961,1.0,8
18225.0,82482,1.0,9
18225.0,22386,1.0,10
18225.0,23203,1.0,11
18225.0,21080,1.0,12
18225.0,22411,1.0,13
18225.0,85099F,1.0,14
18225.0,21977,1.0,15
18225.0,22077,1.0,16
18225.0,84978,1.0,17
18225.0,22138,1.0,18
18225.0,21733,1.0,19
18225.0,21929,1.0,20
18230.0,21175,1.0,1
18230.0,21181,1.0,2
18230.0,85152,1.0,3
18230.0,48138,1.0,4
18230.0,21790,1.0,5
18230.0,82580,1.0,6
18230.0,21165,1.0,7
18230.0,21907,1.0,8
18230.0,21174,1.0,9
18230.0,22413,1.0,10
18230.0,82582,1.0,11
18230.0,82581,1.0,12
18230.0,21169,1.0,13
18230.0,21164,1.0,14
18230.0,82551,1.0,15
18230.0,82578,1.0,16
18230.0,21892,1.0,17
18230.0,21179,1.0,18
18230.0,22412,1.0,19
18230.0,21864,1.0,20
18240.0,22841,0.000113979719239789,1
18240.0,85123A,0.0,2
18240.0,22423,0.0,3
18240.0,47566,0.0,4
18240.0,85099B,0.0,5
18240.0,20725,0.0,6
18240.0,84879,0.0,7
18240.0,22720,0.0,8
18240.0,22383,0.0,9
18240.0,21212,0.0,10
18240.0,20727,0.0,11
18240.0,20728,0.0,12
18240.0,22384,0.0,13
18240.0,23298,0.0,14
18240.0,POST,0.0,15
18240.0,22457,0.0,16
18240.0,22382,0.0,17
18240.0,22960,0.0,18
18240.0,22961,0.0,19
18240.0,22469,0.0,20
18252.0,47566,1.0,1
18252.0,22841,0.000113979719239789,2
18252.0,85123A,0.0,3
18252.0,22423,0.0,4
18252.0,85099B,0.0,5
18252.0,20725,0.0,6
18252.0,84879,0.0,7
18252.0,22720,0.0,8
18252.0,22383,0.0,9
18252.0,21212,0.0,10
18252.0,20727,0.0,11
18252.0,20728,0.0,12
18252.0,22384,0.0,13
18252.0,23298,0.0,14
18252.0,POST,0.0,15
18252.0,22457,0.0,16
18252.0,22382,0.0,17
18252.0,22960,0.0,18
18252.0,22961,0.0,19
18252.0,22469,0.0,20
18274.0,22841,0.000113979719239789,1
18274.0,85123A,0.0,2
18274.0,22423,0.0,3
18274.0,47566,0.0,4
18274.0,85099B,0.0,5
18274.0,20725,0.0,6
18274.0,84879,0.0,7
18274.0,22720,0.0,8
18274.0,22383,0.0,9
18274.0,21212,0.0,10
18274.0,20727,0.0,11
18274.0,20728,0.0,12
18274.0,22384,0.0,13
18274.0,23298,0.0,14
18274.0,POST,0.0,15
18274.0,22457,0.0,16
18274.0,22382,0.0,17
18274.0,22960,0.0,18
18274.0,22961,0.0,19
18274.0,22469,0.0,20
