user_id,item_id,score,rank
12349.0,85123A,0.0,1
12349.0,22423,0.0,2
12349.0,47566,0.0,3
12349.0,85099B,0.0,4
12349.0,20725,0.0,5
12349.0,84879,0.0,6
12349.0,22720,0.0,7
12349.0,22383,0.0,8
12349.0,21212,0.0,9
12349.0,20727,0.0,10
12349.0,20728,0.0,11
12349.0,22384,0.0,12
12349.0,23298,0.0,13
12349.0,POST,0.0,14
12349.0,22457,0.0,15
12349.0,22382,0.0,16
12349.0,22960,0.0,17
12349.0,22961,0.0,18
12349.0,22469,0.0,19
12349.0,82482,0.0,20
12374.0,85123A,0.0,1
12374.0,22423,0.0,2
12374.0,47566,0.0,3
12374.0,85099B,0.0,4
12374.0,20725,0.0,5
12374.0,84879,0.0,6
12374.0,22720,0.0,7
12374.0,22383,0.0,8
12374.0,21212,0.0,9
12374.0,20727,0.0,10
12374.0,20728,0.0,11
12374.0,22384,0.0,12
12374.0,23298,0.0,13
12374.0,POST,0.0,14
12374.0,22457,0.0,15
12374.0,22382,0.0,16
12374.0,22960,0.0,17
12374.0,22961,0.0,18
12374.0,22469,0.0,19
12374.0,82482,0.0,20
12384.0,22423,1.0,1
12384.0,POST,1.0,2
12384.0,22326,1.0,3
12384.0,23245,1.0,4
12384.0,22328,1.0,5
12384.0,20750,1.0,6
12384.0,23173,1.0,7
12384.0,23108,1.0,8
12384.0,23295,1.0,9
12384.0,22628,1.0,10
12384.0,22377,1.0,11
12384.0,85123A,0.0,12
12384.0,47566,0.0,13
12384.0,85099B,0.0,14
12384.0,20725,0.0,15
12384.0,84879,0.0,16
12384.0,22720,0.0,17
12384.0,22383,0.0,18
12384.0,21212,0.0,19
12384.0,20727,0.0,20
12395.0,22423,1.0,1
12395.0,85099B,1.0,2
12395.0,21212,1.0,3
12395.0,POST,1.0,4
12395.0,22457,1.0,5
12395.0,22699,1.0,6
12395.0,22666,1.0,7
12395.0,22727,1.0,8
12395.0,22697,1.0,9
12395.0,22629,1.0,10
12395.0,20724,1.0,11
12395.0,21977,1.0,12
12395.0,22726,1.0,13
12395.0,22630,1.0,14
12395.0,22355,1.0,15
12395.0,22698,1.0,16
12395.0,20719,1.0,17
12395.0,22326,1.0,18
12395.0,21975,1.0,19
12395.0,84380,1.0,20
12398.0,85123A,0.0,1
12398.0,22423,0.0,2
12398.0,47566,0.0,3
12398.0,85099B,0.0,4
12398.0,20725,0.0,5
12398.0,84879,0.0,6
12398.0,22720,0.0,7
12398.0,22383,0.0,8
12398.0,21212,0.0,9
12398.0,20727,0.0,10
12398.0,20728,0.0,11
12398.0,22384,0.0,12
12398.0,23298,0.0,13
12398.0,POST,0.0,14
12398.0,22457,0.0,15
12398.0,22382,0.0,16
12398.0,22960,0.0,17
12398.0,22961,0.0,18
12398.0,22469,0.0,19
12398.0,82482,0.0,20
12407.0,21212,1.0,1
12407.0,POST,1.0,2
12407.0,21977,1.0,3
12407.0,22138,1.0,4
12407.0,21975,1.0,5
12407.0,23245,1.0,6
12407.0,21843,1.0,7
12407.0,22417,1.0,8
12407.0,22617,1.0,9
12407.0,47591D,1.0,10
12407.0,22851,1.0,11
12407.0,22951,1.0,12
12407.0,84596B,1.0,13
12407.0,22027,1.0,14
12407.0,22646,1.0,15
12407.0,21976,1.0,16
12407.0,84596F,1.0,17
12407.0,48185,1.0,18
12407.0,84987,1.0,19
12407.0,47559B,1.0,20
12427.0,23298,1.0,1
12427.0,POST,1.0,2
12427.0,22077,1.0,3
12427.0,22149,1.0,4
12427.0,22367,1.0,5
12427.0,23240,1.0,6
12427.0,22898,1.0,7
12427.0,22634,1.0,8
12427.0,22301,1.0,9
12427.0,22636,1.0,10
12427.0,22972,1.0,11
12427.0,22975,1.0,12
12427.0,22300,1.0,13
12427.0,22976,1.0,14
12427.0,23080,1.0,15
12427.0,22973,1.0,16
12427.0,21328,1.0,17
12427.0,21329,1.0,18
12427.0,85123A,0.0,19
12427.0,22423,0.0,20
12433.0,22720,1.0,1
12433.0,21212,1.0,2
12433.0,22961,1.0,3
12433.0,22197,1.0,4
12433.0,22666,1.0,5
12433.0,21080,1.0,6
12433.0,20914,1.0,7
12433.0,21977,1.0,8
12433.0,84991,1.0,9
12433.0,22558,1.0,10
12433.0,20685,1.0,11
12433.0,21733,1.0,12
12433.0,85152,1.0,13
12433.0,21166,1.0,14
12433.0,22624,1.0,15
12433.0,22554,1.0,16
12433.0,22551,1.0,17
12433.0,84992,1.0,18
12433.0,82600,1.0,19
12433.0,22556,1.0,20
12444.0,22423,1.0,1
12444.0,84879,1.0,2
12444.0,22720,1.0,3
12444.0,POST,1.0,4
12444.0,22457,1.0,5
12444.0,82482,1.0,6
12444.0,22697,1.0,7
12444.0,82484,1.0,8
12444.0,21755,1.0,9
12444.0,22427,1.0,10
12444.0,22698,1.0,11
12444.0,22624,1.0,12
12444.0,23245,1.0,13
12444.0,21915,1.0,14
12444.0,22625,1.0,15
12444.0,84970L,1.0,16
12444.0,22771,1.0,17
12444.0,21669,1.0,18
12444.0,22171,1.0,19
12444.0,22173,1.0,20
12448.0,85123A,0.0,1
12448.0,22423,0.0,2
12448.0,47566,0.0,3
12448.0,85099B,0.0,4
12448.0,20725,0.0,5
12448.0,84879,0.0,6
12448.0,22720,0.0,7
12448.0,22383,0.0,8
12448.0,21212,0.0,9
12448.0,20727,0.0,10
12448.0,20728,0.0,11
12448.0,22384,0.0,12
12448.0,23298,0.0,13
12448.0,POST,0.0,14
12448.0,22457,0.0,15
12448.0,22382,0.0,16
12448.0,22960,0.0,17
12448.0,22961,0.0,18
12448.0,22469,0.0,19
12448.0,82482,0.0,20
12449.0,POST,1.0,1
12449.0,22382,1.0,2
12449.0,20726,1.0,3
12449.0,22727,1.0,4
12449.0,22629,1.0,5
12449.0,22090,1.0,6
12449.0,20724,1.0,7
12449.0,22726,1.0,8
12449.0,23202,1.0,9
12449.0,22630,1.0,10
12449.0,22355,1.0,11
12449.0,22624,1.0,12
12449.0,22326,1.0,13
12449.0,23245,1.0,14
12449.0,22554,1.0,15
12449.0,22728,1.0,16
12449.0,21559,1.0,17
12449.0,22328,1.0,18
12449.0,21915,1.0,19
12449.0,22729,1.0,20
12463.0,22423,1.0,1
12463.0,POST,1.0,2
12463.0,20726,1.0,3
12463.0,23203,1.0,4
12463.0,20914,1.0,5
12463.0,22629,1.0,6
12463.0,22077,1.0,7
12463.0,21232,1.0,8
12463.0,22630,1.0,9
12463.0,22326,1.0,10
12463.0,23245,1.0,11
12463.0,21731,1.0,12
12463.0,21165,1.0,13
12463.0,84970L,1.0,14
12463.0,21791,1.0,15
12463.0,22661,1.0,16
12463.0,23240,1.0,17
12463.0,23173,1.0,18
12463.0,23084,1.0,19
12463.0,84596F,1.0,20
12464.0,POST,1.0,1
12464.0,22624,1.0,2
12464.0,22467,1.0,3
12464.0,22625,1.0,4
12464.0,22847,1.0,5
12464.0,22846,1.0,6
12464.0,85123A,0.0,7
12464.0,22423,0.0,8
12464.0,47566,0.0,9
12464.0,85099B,0.0,10
12464.0,20725,0.0,11
12464.0,84879,0.0,12
12464.0,22720,0.0,13
12464.0,22383,0.0,14
12464.0,21212,0.0,15
12464.0,20727,0.0,16
12464.0,20728,0.0,17
12464.0,22384,0.0,18
12464.0,23298,0.0,19
12464.0,22457,0.0,20
12474.0,22423,1.0,1
12474.0,20727,1.0,2
12474.0,POST,1.0,3
12474.0,23206,1.0,4
12474.0,21080,1.0,5
12474.0,22629,1.0,6
12474.0,22090,1.0,7
12474.0,20724,1.0,8
12474.0,23199,1.0,9
12474.0,22139,1.0,10
12474.0,23207,1.0,11
12474.0,22355,1.0,12
12474.0,22907,1.0,13
12474.0,20719,1.0,14
12474.0,22326,1.0,15
12474.0,22467,1.0,16
12474.0,21936,1.0,17
12474.0,22554,1.0,18
12474.0,22551,1.0,19
12474.0,22556,1.0,20
12478.0,85123A,0.0,1
12478.0,22423,0.0,2
12478.0,47566,0.0,3
12478.0,85099B,0.0,4
12478.0,20725,0.0,5
12478.0,84879,0.0,6
12478.0,22720,0.0,7
12478.0,22383,0.0,8
12478.0,21212,0.0,9
12478.0,20727,0.0,10
12478.0,20728,0.0,11
12478.0,22384,0.0,12
12478.0,23298,0.0,13
12478.0,POST,0.0,14
12478.0,22457,0.0,15
12478.0,22382,0.0,16
12478.0,22960,0.0,17
12478.0,22961,0.0,18
12478.0,22469,0.0,19
12478.0,82482,0.0,20
12490.0,85099B,1.0,1
12490.0,20725,1.0,2
12490.0,20727,1.0,3
12490.0,POST,1.0,4
12490.0,22382,1.0,5
12490.0,22386,1.0,6
12490.0,22197,1.0,7
12490.0,23206,1.0,8
12490.0,20726,1.0,9
12490.0,23203,1.0,10
12490.0,21080,1.0,11
12490.0,22629,1.0,12
12490.0,22090,1.0,13
12490.0,20724,1.0,14
12490.0,23199,1.0,15
12490.0,22139,1.0,16
12490.0,20685,1.0,17
12490.0,23202,1.0,18
12490.0,20719,1.0,19
12490.0,22326,1.0,20
12500.0,85099B,1.0,1
12500.0,POST,1.0,2
12500.0,85099C,1.0,3
12500.0,15056N,1.0,4
12500.0,22585,1.0,5
12500.0,85014A,1.0,6
12500.0,22858,1.0,7
12500.0,23118,1.0,8
12500.0,22366,1.0,9
12500.0,22243,1.0,10
12500.0,22931,1.0,11
12500.0,21090,1.0,12
12500.0,21084,1.0,13
12500.0,85123A,0.0,14
12500.0,22423,0.0,15
12500.0,47566,0.0,16
12500.0,20725,0.0,17
12500.0,84879,0.0,18
12500.0,22720,0.0,19
12500.0,22383,0.0,20
12508.0,85123A,0.0,1
12508.0,22423,0.0,2
12508.0,47566,0.0,3
12508.0,85099B,0.0,4
12508.0,20725,0.0,5
12508.0,84879,0.0,6
12508.0,22720,0.0,7
12508.0,22383,0.0,8
12508.0,21212,0.0,9
12508.0,20727,0.0,10
12508.0,20728,0.0,11
12508.0,22384,0.0,12
12508.0,23298,0.0,13
12508.0,POST,0.0,14
12508.0,22457,0.0,15
12508.0,22382,0.0,16
12508.0,22960,0.0,17
12508.0,22961,0.0,18
12508.0,22469,0.0,19
12508.0,82482,0.0,20
12523.0,22423,1.0,1
12523.0,22720,1.0,2
12523.0,23298,1.0,3
12523.0,POST,1.0,4
12523.0,21080,1.0,5
12523.0,20914,1.0,6
12523.0,22139,1.0,7
12523.0,22138,1.0,8
12523.0,21232,1.0,9
12523.0,22624,1.0,10
12523.0,22776,1.0,11
12523.0,21843,1.0,12
12523.0,22966,1.0,13
12523.0,22625,1.0,14
12523.0,21231,1.0,15
12523.0,21533,1.0,16
12523.0,22192,1.0,17
12523.0,22617,1.0,18
12523.0,21210,1.0,19
12523.0,21535,1.0,20
12544.0,85123A,0.0,1
12544.0,22423,0.0,2
12544.0,47566,0.0,3
12544.0,85099B,0.0,4
12544.0,20725,0.0,5
12544.0,84879,0.0,6
12544.0,22720,0.0,7
12544.0,22383,0.0,8
12544.0,21212,0.0,9
12544.0,20727,0.0,10
12544.0,20728,0.0,11
12544.0,22384,0.0,12
12544.0,23298,0.0,13
12544.0,POST,0.0,14
12544.0,22457,0.0,15
12544.0,22382,0.0,16
12544.0,22960,0.0,17
12544.0,22961,0.0,18
12544.0,22469,0.0,19
12544.0,82482,0.0,20
12556.0,85123A,1.0,1
12556.0,22469,1.0,2
12556.0,22197,1.0,3
12556.0,23203,1.0,4
12556.0,22666,1.0,5
12556.0,22470,1.0,6
12556.0,21754,1.0,7
12556.0,21977,1.0,8
12556.0,84755,1.0,9
12556.0,82484,1.0,10
12556.0,21232,1.0,11
12556.0,21733,1.0,12
12556.0,84378,1.0,13
12556.0,22554,1.0,14
12556.0,22776,1.0,15
12556.0,22556,1.0,16
12556.0,22652,1.0,17
12556.0,82483,1.0,18
12556.0,22804,1.0,19
12556.0,22667,1.0,20
12557.0,20725,1.0,1
12557.0,22383,1.0,2
12557.0,20727,1.0,3
12557.0,20728,1.0,4
12557.0,22384,1.0,5
12557.0,84997D,1.0,6
12557.0,84997B,1.0,7
12557.0,21238,1.0,8
12557.0,84997C,1.0,9
12557.0,21240,1.0,10
12557.0,21242,1.0,11
12557.0,84997A,1.0,12
12557.0,21239,1.0,13
12557.0,21244,1.0,14
12557.0,21243,1.0,15
12557.0,85123A,0.0,16
12557.0,22423,0.0,17
12557.0,47566,0.0,18
12557.0,85099B,0.0,19
12557.0,84879,0.0,20
12558.0,85123A,0.0,1
12558.0,22423,0.0,2
12558.0,47566,0.0,3
12558.0,85099B,0.0,4
12558.0,20725,0.0,5
12558.0,84879,0.0,6
12558.0,22720,0.0,7
12558.0,22383,0.0,8
12558.0,21212,0.0,9
12558.0,20727,0.0,10
12558.0,20728,0.0,11
12558.0,22384,0.0,12
12558.0,23298,0.0,13
12558.0,POST,0.0,14
12558.0,22457,0.0,15
12558.0,22382,0.0,16
12558.0,22960,0.0,17
12558.0,22961,0.0,18
12558.0,22469,0.0,19
12558.0,82482,0.0,20
12562.0,85099B,1.0,1
12562.0,20725,1.0,2
12562.0,22383,1.0,3
12562.0,20728,1.0,4
12562.0,22384,1.0,5
12562.0,POST,1.0,6
12562.0,22382,1.0,7
12562.0,22386,1.0,8
12562.0,23206,1.0,9
12562.0,20726,1.0,10
12562.0,23209,1.0,11
12562.0,23203,1.0,12
12562.0,21931,1.0,13
12562.0,22629,1.0,14
12562.0,23199,1.0,15
12562.0,22139,1.0,16
12562.0,23201,1.0,17
12562.0,22662,1.0,18
12562.0,21929,1.0,19
12562.0,23202,1.0,20
12581.0,85123A,0.0,1
12581.0,22423,0.0,2
12581.0,47566,0.0,3
12581.0,85099B,0.0,4
12581.0,20725,0.0,5
12581.0,84879,0.0,6
12581.0,22720,0.0,7
12581.0,22383,0.0,8
12581.0,21212,0.0,9
12581.0,20727,0.0,10
12581.0,20728,0.0,11
12581.0,22384,0.0,12
12581.0,23298,0.0,13
12581.0,POST,0.0,14
12581.0,22457,0.0,15
12581.0,22382,0.0,16
12581.0,22960,0.0,17
12581.0,22961,0.0,18
12581.0,22469,0.0,19
12581.0,82482,0.0,20
12587.0,85123A,0.0,1
12587.0,22423,0.0,2
12587.0,47566,0.0,3
12587.0,85099B,0.0,4
12587.0,20725,0.0,5
12587.0,84879,0.0,6
12587.0,22720,0.0,7
12587.0,22383,0.0,8
12587.0,21212,0.0,9
12587.0,20727,0.0,10
12587.0,20728,0.0,11
12587.0,22384,0.0,12
12587.0,23298,0.0,13
12587.0,POST,0.0,14
12587.0,22457,0.0,15
12587.0,22382,0.0,16
12587.0,22960,0.0,17
12587.0,22961,0.0,18
12587.0,22469,0.0,19
12587.0,82482,0.0,20
12589.0,22423,1.0,1
12589.0,POST,1.0,2
12589.0,22646,1.0,3
12589.0,23293,1.0,4
12589.0,22644,1.0,5
12589.0,23295,1.0,6
12589.0,23296,1.0,7
12589.0,23294,1.0,8
12589.0,22236,1.0,9
12589.0,85123A,0.0,10
12589.0,47566,0.0,11
12589.0,85099B,0.0,12
12589.0,20725,0.0,13
12589.0,84879,0.0,14
12589.0,22720,0.0,15
12589.0,22383,0.0,16
12589.0,21212,0.0,17
12589.0,20727,0.0,18
12589.0,20728,0.0,19
12589.0,22384,0.0,20
12626.0,85099B,1.0,1
12626.0,20725,1.0,2
12626.0,22720,1.0,3
12626.0,POST,1.0,4
12626.0,22382,1.0,5
12626.0,22960,1.0,6
12626.0,22961,1.0,7
12626.0,22993,1.0,8
12626.0,23206,1.0,9
12626.0,23209,1.0,10
12626.0,23203,1.0,11
12626.0,21080,1.0,12
12626.0,20914,1.0,13
12626.0,22629,1.0,14
12626.0,22558,1.0,15
12626.0,23199,1.0,16
12626.0,22139,1.0,17
12626.0,22138,1.0,18
12626.0,23202,1.0,19
12626.0,22630,1.0,20
12628.0,POST,1.0,1
12628.0,47590A,1.0,2
12628.0,47590B,1.0,3
12628.0,21122,1.0,4
12628.0,23240,1.0,5
12628.0,22752,1.0,6
12628.0,23077,1.0,7
12628.0,22743,1.0,8
12628.0,22815,1.0,9
12628.0,23239,1.0,10
12628.0,85123A,0.0,11
12628.0,22423,0.0,12
12628.0,47566,0.0,13
12628.0,85099B,0.0,14
12628.0,20725,0.0,15
12628.0,84879,0.0,16
12628.0,22720,0.0,17
12628.0,22383,0.0,18
12628.0,21212,0.0,19
12628.0,20727,0.0,20
12640.0,22423,1.0,1
12640.0,POST,1.0,2
12640.0,22961,1.0,3
12640.0,22699,1.0,4
12640.0,22727,1.0,5
12640.0,22697,1.0,6
12640.0,22726,1.0,7
12640.0,48138,1.0,8
12640.0,22698,1.0,9
12640.0,22624,1.0,10
12640.0,22467,1.0,11
12640.0,22379,1.0,12
12640.0,22193,1.0,13
12640.0,22191,1.0,14
12640.0,22730,1.0,15
12640.0,22111,1.0,16
12640.0,21485,1.0,17
12640.0,22192,1.0,18
12640.0,20749,1.0,19
12640.0,21535,1.0,20
12642.0,POST,1.0,1
12642.0,22077,1.0,2
12642.0,21094,1.0,3
12642.0,22908,1.0,4
12642.0,21121,1.0,5
12642.0,21122,1.0,6
12642.0,21210,1.0,7
12642.0,21086,1.0,8
12642.0,21124,1.0,9
12642.0,85049E,1.0,10
12642.0,23293,1.0,11
12642.0,21989,1.0,12
12642.0,22956,1.0,13
12642.0,23295,1.0,14
12642.0,23296,1.0,15
12642.0,23297,1.0,16
12642.0,21988,1.0,17
12642.0,21987,1.0,18
12642.0,22848,1.0,19
12642.0,22613,1.0,20
12657.0,22423,1.0,1
12657.0,21212,1.0,2
12657.0,POST,1.0,3
12657.0,23209,1.0,4
12657.0,22697,1.0,5
12657.0,82484,1.0,6
12657.0,21166,1.0,7
12657.0,22625,1.0,8
12657.0,23204,1.0,9
12657.0,22900,1.0,10
12657.0,21174,1.0,11
12657.0,23173,1.0,12
12657.0,22988,1.0,13
12657.0,22784,1.0,14
12657.0,22627,1.0,15
12657.0,22721,1.0,16
12657.0,23174,1.0,17
12657.0,21326,1.0,18
12657.0,23175,1.0,19
12657.0,23171,1.0,20
12660.0,85123A,0.0,1
12660.0,22423,0.0,2
12660.0,47566,0.0,3
12660.0,85099B,0.0,4
12660.0,20725,0.0,5
12660.0,84879,0.0,6
12660.0,22720,0.0,7
12660.0,22383,0.0,8
12660.0,21212,0.0,9
12660.0,20727,0.0,10
12660.0,20728,0.0,11
12660.0,22384,0.0,12
12660.0,23298,0.0,13
12660.0,POST,0.0,14
12660.0,22457,0.0,15
12660.0,22382,0.0,16
12660.0,22960,0.0,17
12660.0,22961,0.0,18
12660.0,22469,0.0,19
12660.0,82482,0.0,20
12676.0,POST,1.0,1
12676.0,22090,1.0,2
12676.0,21975,1.0,3
12676.0,21213,1.0,4
12676.0,47566B,1.0,5
12676.0,47590A,1.0,6
12676.0,47590B,1.0,7
12676.0,21122,1.0,8
12676.0,84988,1.0,9
12676.0,21210,1.0,10
12676.0,20974,1.0,11
12676.0,22964,1.0,12
12676.0,21380,1.0,13
12676.0,21124,1.0,14
12676.0,23230,1.0,15
12676.0,22435,1.0,16
12676.0,22668,1.0,17
12676.0,21499,1.0,18
12676.0,21500,1.0,19
12676.0,23076,1.0,20
12682.0,22423,1.0,1
12682.0,47566,1.0,2
12682.0,85099B,1.0,3
12682.0,20725,1.0,4
12682.0,22383,1.0,5
12682.0,21212,1.0,6
12682.0,22384,1.0,7
12682.0,23298,1.0,8
12682.0,POST,1.0,9
12682.0,22382,1.0,10
12682.0,22961,1.0,11
12682.0,22993,1.0,12
12682.0,22386,1.0,13
12682.0,22197,1.0,14
12682.0,23206,1.0,15
12682.0,20726,1.0,16
12682.0,23209,1.0,17
12682.0,23203,1.0,18
12682.0,21080,1.0,19
12682.0,22411,1.0,20
12683.0,22423,1.0,1
12683.0,47566,1.0,2
12683.0,21212,1.0,3
12683.0,22384,1.0,4
12683.0,23298,1.0,5
12683.0,POST,1.0,6
12683.0,22960,1.0,7
12683.0,22961,1.0,8
12683.0,22993,1.0,9
12683.0,23206,1.0,10
12683.0,20726,1.0,11
12683.0,23209,1.0,12
12683.0,21080,1.0,13
12683.0,22629,1.0,14
12683.0,22090,1.0,15
12683.0,21977,1.0,16
12683.0,84991,1.0,17
12683.0,22558,1.0,18
12683.0,22077,1.0,19
12683.0,20685,1.0,20
12684.0,POST,1.0,1
12684.0,22629,1.0,2
12684.0,22149,1.0,3
12684.0,22728,1.0,4
12684.0,22556,1.0,5
12684.0,21559,1.0,6
12684.0,21915,1.0,7
12684.0,22557,1.0,8
12684.0,22553,1.0,9
12684.0,22492,1.0,10
12684.0,22620,1.0,11
12684.0,20974,1.0,12
12684.0,22560,1.0,13
12684.0,21558,1.0,14
12684.0,23256,1.0,15
12684.0,22489,1.0,16
12684.0,21918,1.0,17
12684.0,22273,1.0,18
12684.0,20975,1.0,19
12684.0,M,1.0,20
12689.0,POST,1.0,1
12689.0,22382,1.0,2
12689.0,23206,1.0,3
12689.0,20719,1.0,4
12689.0,22554,1.0,5
12689.0,22551,1.0,6
12689.0,21731,1.0,7
12689.0,22029,1.0,8
12689.0,22367,1.0,9
12689.0,22661,1.0,10
12689.0,22637,1.0,11
12689.0,21156,1.0,12
12689.0,22898,1.0,13
12689.0,21892,1.0,14
12689.0,22899,1.0,15
12689.0,22634,1.0,16
12689.0,22712,1.0,17
12689.0,22635,1.0,18
12689.0,22975,1.0,19
12689.0,21452,1.0,20
12704.0,85099B,1.0,1
12704.0,POST,1.0,2
12704.0,22469,1.0,3
12704.0,23206,1.0,4
12704.0,20726,1.0,5
12704.0,23203,1.0,6
12704.0,21080,1.0,7
12704.0,22077,1.0,8
12704.0,20685,1.0,9
12704.0,22554,1.0,10
12704.0,84970S,1.0,11
12704.0,22556,1.0,12
12704.0,23284,1.0,13
12704.0,21731,1.0,14
12704.0,15056N,1.0,15
12704.0,22557,1.0,16
12704.0,22487,1.0,17
12704.0,23200,1.0,18
12704.0,84970L,1.0,19
12704.0,20750,1.0,20
12716.0,47566,1.0,1
12716.0,21212,1.0,2
12716.0,POST,1.0,3
12716.0,22090,1.0,4
12716.0,21559,1.0,5
12716.0,22328,1.0,6
12716.0,21094,1.0,7
12716.0,22431,1.0,8
12716.0,21121,1.0,9
12716.0,21238,1.0,10
12716.0,23240,1.0,11
12716.0,21086,1.0,12
12716.0,21498,1.0,13
12716.0,22432,1.0,14
12716.0,21558,1.0,15
12716.0,21976,1.0,16
12716.0,22898,1.0,17
12716.0,21240,1.0,18
12716.0,21242,1.0,19
12716.0,21380,1.0,20
12723.0,22630,1.0,1
12723.0,22659,1.0,2
12723.0,21843,1.0,3
12723.0,21621,1.0,4
12723.0,22900,1.0,5
12723.0,22616,1.0,6
12723.0,22027,1.0,7
12723.0,22970,1.0,8
12723.0,22750,1.0,9
12723.0,22037,1.0,10
12723.0,22971,1.0,11
12723.0,22716,1.0,12
12723.0,22751,1.0,13
12723.0,22713,1.0,14
12723.0,22115,1.0,15
12723.0,21470,1.0,16
12723.0,22718,1.0,17
12723.0,21471,1.0,18
12723.0,22940,1.0,19
12723.0,85123A,0.0,20
12778.0,21212,1.0,1
12778.0,POST,1.0,2
12778.0,21232,1.0,3
12778.0,21975,1.0,4
12778.0,84380,1.0,5
12778.0,84992,1.0,6
12778.0,21213,1.0,7
12778.0,20972,1.0,8
12778.0,21231,1.0,9
12778.0,20971,1.0,10
12778.0,22367,1.0,11
12778.0,23307,1.0,12
12778.0,47591D,1.0,13
12778.0,22605,1.0,14
12778.0,48185,1.0,15
12778.0,21989,1.0,16
12778.0,23309,1.0,17
12778.0,22437,1.0,18
12778.0,22644,1.0,19
12778.0,21829,1.0,20
12794.0,84991,1.0,1
12794.0,47591D,1.0,2
12794.0,22851,1.0,3
12794.0,22646,1.0,4
12794.0,84987,1.0,5
12794.0,72741,1.0,6
12794.0,47559B,1.0,7
12794.0,23078,1.0,8
12794.0,23154,1.0,9
12794.0,47599A,1.0,10
12794.0,22567,1.0,11
12794.0,16156S,1.0,12
12794.0,47567B,1.0,13
12794.0,85123A,0.0,14
12794.0,22423,0.0,15
12794.0,47566,0.0,16
12794.0,85099B,0.0,17
12794.0,20725,0.0,18
12794.0,84879,0.0,19
12794.0,22720,0.0,20
12827.0,85123A,0.0,1
12827.0,22423,0.0,2
12827.0,47566,0.0,3
12827.0,85099B,0.0,4
12827.0,20725,0.0,5
12827.0,84879,0.0,6
12827.0,22720,0.0,7
12827.0,22383,0.0,8
12827.0,21212,0.0,9
12827.0,20727,0.0,10
12827.0,20728,0.0,11
12827.0,22384,0.0,12
12827.0,23298,0.0,13
12827.0,POST,0.0,14
12827.0,22457,0.0,15
12827.0,22382,0.0,16
12827.0,22960,0.0,17
12827.0,22961,0.0,18
12827.0,22469,0.0,19
12827.0,82482,0.0,20
12828.0,22699,1.0,1
12828.0,22139,1.0,2
12828.0,22138,1.0,3
12828.0,22969,1.0,4
12828.0,22621,1.0,5
12828.0,22111,1.0,6
12828.0,22851,1.0,7
12828.0,22595,1.0,8
12828.0,72741,1.0,9
12828.0,23077,1.0,10
12828.0,20970,1.0,11
12828.0,37449,1.0,12
12828.0,37446,1.0,13
12828.0,22865,1.0,14
12828.0,22866,1.0,15
12828.0,22483,1.0,16
12828.0,46000S,1.0,17
12828.0,21115,1.0,18
12828.0,21116,1.0,19
12828.0,22318,1.0,20
12838.0,21212,1.0,1
12838.0,22961,1.0,2
12838.0,22469,1.0,3
12838.0,22470,1.0,4
12838.0,21977,1.0,5
12838.0,22149,1.0,6
12838.0,21790,1.0,7
12838.0,22554,1.0,8
12838.0,22551,1.0,9
12838.0,22147,1.0,10
12838.0,22557,1.0,11
12838.0,22900,1.0,12
12838.0,22616,1.0,13
12838.0,22367,1.0,14
12838.0,21791,1.0,15
12838.0,22951,1.0,16
12838.0,22749,1.0,17
12838.0,22086,1.0,18
12838.0,21976,1.0,19
12838.0,22750,1.0,20
12839.0,85099B,1.0,1
12839.0,22457,1.0,2
12839.0,82482,1.0,3
12839.0,22197,1.0,4
12839.0,23203,1.0,5
12839.0,21931,1.0,6
12839.0,82494L,1.0,7
12839.0,85099F,1.0,8
12839.0,20724,1.0,9
12839.0,85099C,1.0,10
12839.0,84978,1.0,11
12839.0,21232,1.0,12
12839.0,21929,1.0,13
12839.0,23202,1.0,14
12839.0,22355,1.0,15
12839.0,20719,1.0,16
12839.0,48194,1.0,17
12839.0,20723,1.0,18
12839.0,84380,1.0,19
12839.0,22356,1.0,20
12844.0,23298,1.0,1
12844.0,22457,1.0,2
12844.0,82482,1.0,3
12844.0,21754,1.0,4
12844.0,82494L,1.0,5
12844.0,21755,1.0,6
12844.0,21907,1.0,7
12844.0,21932,1.0,8
12844.0,23240,1.0,9
12844.0,82552,1.0,10
12844.0,22759,1.0,11
12844.0,82551,1.0,12
12844.0,23306,1.0,13
12844.0,22914,1.0,14
12844.0,21135,1.0,15
12844.0,22398,1.0,16
12844.0,21992,1.0,17
12844.0,22078,1.0,18
12844.0,22913,1.0,19
12844.0,22402,1.0,20
12849.0,22084,1.0,1
12849.0,22501,1.0,2
12849.0,22502,1.0,3
12849.0,22721,1.0,4
12849.0,22241,1.0,5
12849.0,M,1.0,6
12849.0,22967,1.0,7
12849.0,20828,1.0,8
12849.0,85206A,1.0,9
12849.0,22890,1.0,10
12849.0,22291,1.0,11
12849.0,21389,1.0,12
12849.0,22285,1.0,13
12849.0,22292,1.0,14
12849.0,22231,1.0,15
12849.0,22293,1.0,16
12849.0,85123A,0.0,17
12849.0,22423,0.0,18
12849.0,47566,0.0,19
12849.0,85099B,0.0,20
12879.0,22699,1.0,1
12879.0,22697,1.0,2
12879.0,22698,1.0,3
12879.0,22356,1.0,4
12879.0,85123A,0.0,5
12879.0,22423,0.0,6
12879.0,47566,0.0,7
12879.0,85099B,0.0,8
12879.0,20725,0.0,9
12879.0,84879,0.0,10
12879.0,22720,0.0,11
12879.0,22383,0.0,12
12879.0,21212,0.0,13
12879.0,20727,0.0,14
12879.0,20728,0.0,15
12879.0,22384,0.0,16
12879.0,23298,0.0,17
12879.0,POST,0.0,18
12879.0,22457,0.0,19
12879.0,22382,0.0,20
12882.0,85123A,0.0,1
12882.0,22423,0.0,2
12882.0,47566,0.0,3
12882.0,85099B,0.0,4
12882.0,20725,0.0,5
12882.0,84879,0.0,6
12882.0,22720,0.0,7
12882.0,22383,0.0,8
12882.0,21212,0.0,9
12882.0,20727,0.0,10
12882.0,20728,0.0,11
12882.0,22384,0.0,12
12882.0,23298,0.0,13
12882.0,POST,0.0,14
12882.0,22457,0.0,15
12882.0,22382,0.0,16
12882.0,22960,0.0,17
12882.0,22961,0.0,18
12882.0,22469,0.0,19
12882.0,82482,0.0,20
12904.0,47566,1.0,1
12904.0,82482,1.0,2
12904.0,82494L,1.0,3
12904.0,23245,1.0,4
12904.0,22766,1.0,5
12904.0,21621,1.0,6
12904.0,21136,1.0,7
12904.0,21340,1.0,8
12904.0,22212,1.0,9
12904.0,23147,1.0,10
12904.0,21385,1.0,11
12904.0,22796,1.0,12
12904.0,23148,1.0,13
12904.0,23146,1.0,14
12904.0,22227,1.0,15
12904.0,21135,1.0,16
12904.0,21114,1.0,17
12904.0,35961,1.0,18
12904.0,21363,1.0,19
12904.0,22291,1.0,20
12936.0,22960,1.0,1
12936.0,22139,1.0,2
12936.0,22969,1.0,3
12936.0,23301,1.0,4
12936.0,21915,1.0,5
12936.0,22147,1.0,6
12936.0,21914,1.0,7
12936.0,22749,1.0,8
12936.0,22086,1.0,9
12936.0,23108,1.0,10
12936.0,22750,1.0,11
12936.0,22693,1.0,12
12936.0,23077,1.0,13
12936.0,22910,1.0,14
12936.0,22418,1.0,15
12936.0,22899,1.0,16
12936.0,23241,1.0,17
12936.0,22751,1.0,18
12936.0,22991,1.0,19
12936.0,22534,1.0,20
12937.0,85123A,1.0,1
12937.0,47566,1.0,2
12937.0,20725,1.0,3
12937.0,22383,1.0,4
12937.0,20727,1.0,5
12937.0,20728,1.0,6
12937.0,22384,1.0,7
12937.0,23298,1.0,8
12937.0,22457,1.0,9
12937.0,22382,1.0,10
12937.0,22961,1.0,11
12937.0,20726,1.0,12
12937.0,22662,1.0,13
12937.0,23207,1.0,14
12937.0,22554,1.0,15
12937.0,22189,1.0,16
12937.0,22557,1.0,17
12937.0,47566B,1.0,18
12937.0,21621,1.0,19
12937.0,47590A,1.0,20
12951.0,23298,1.0,1
12951.0,22960,1.0,2
12951.0,23203,1.0,3
12951.0,20914,1.0,4
12951.0,22090,1.0,5
12951.0,22969,1.0,6
12951.0,22084,1.0,7
12951.0,22149,1.0,8
12951.0,47566B,1.0,9
12951.0,22379,1.0,10
12951.0,21621,1.0,11
12951.0,22499,1.0,12
12951.0,47590B,1.0,13
12951.0,84970L,1.0,14
12951.0,20971,1.0,15
12951.0,21914,1.0,16
12951.0,22381,1.0,17
12951.0,82552,1.0,18
12951.0,23108,1.0,19
12951.0,21380,1.0,20
12955.0,84879,1.0,1
12955.0,22699,1.0,2
12955.0,22697,1.0,3
12955.0,22149,1.0,4
12955.0,21790,1.0,5
12955.0,21915,1.0,6
12955.0,20972,1.0,7
12955.0,22147,1.0,8
12955.0,84077,1.0,9
12955.0,22607,1.0,10
12955.0,21791,1.0,11
12955.0,22621,1.0,12
12955.0,21136,1.0,13
12955.0,22561,1.0,14
12955.0,22492,1.0,15
12955.0,22988,1.0,16
12955.0,23170,1.0,17
12955.0,22488,1.0,18
12955.0,22620,1.0,19
12955.0,22560,1.0,20
12962.0,20726,1.0,1
12962.0,22629,1.0,2
12962.0,23245,1.0,3
12962.0,22424,1.0,4
12962.0,21749,1.0,5
12962.0,22327,1.0,6
12962.0,23292,1.0,7
12962.0,85123A,0.0,8
12962.0,22423,0.0,9
12962.0,47566,0.0,10
12962.0,85099B,0.0,11
12962.0,20725,0.0,12
12962.0,84879,0.0,13
12962.0,22720,0.0,14
12962.0,22383,0.0,15
12962.0,21212,0.0,16
12962.0,20727,0.0,17
12962.0,20728,0.0,18
12962.0,22384,0.0,19
12962.0,23298,0.0,20
12997.0,85123A,1.0,1
12997.0,22457,1.0,2
12997.0,22469,1.0,3
12997.0,22178,1.0,4
12997.0,22470,1.0,5
12997.0,21232,1.0,6
12997.0,21231,1.0,7
12997.0,21314,1.0,8
12997.0,22723,1.0,9
12997.0,23182,1.0,10
12997.0,22926,1.0,11
12997.0,22665,1.0,12
12997.0,22212,1.0,13
12997.0,22925,1.0,14
12997.0,71477,1.0,15
12997.0,21658,1.0,16
12997.0,22927,1.0,17
12997.0,22188,1.0,18
12997.0,22672,1.0,19
12997.0,35961,1.0,20
13001.0,85123A,1.0,1
13001.0,47566,1.0,2
13001.0,85099B,1.0,3
13001.0,20725,1.0,4
13001.0,84879,1.0,5
13001.0,22720,1.0,6
13001.0,22383,1.0,7
13001.0,21212,1.0,8
13001.0,22384,1.0,9
13001.0,22469,1.0,10
13001.0,82482,1.0,11
13001.0,22178,1.0,12
13001.0,22386,1.0,13
13001.0,22197,1.0,14
13001.0,21080,1.0,15
13001.0,21931,1.0,16
13001.0,22411,1.0,17
13001.0,21754,1.0,18
13001.0,82494L,1.0,19
13001.0,85099F,1.0,20
13021.0,22423,1.0,1
13021.0,85099B,1.0,2
13021.0,20725,1.0,3
13021.0,22457,1.0,4
13021.0,22727,1.0,5
13021.0,22411,1.0,6
13021.0,85099C,1.0,7
13021.0,21181,1.0,8
13021.0,22149,1.0,9
13021.0,21928,1.0,10
13021.0,48194,1.0,11
13021.0,21936,1.0,12
13021.0,21915,1.0,13
13021.0,23284,1.0,14
13021.0,20972,1.0,15
13021.0,85066,1.0,16
13021.0,21524,1.0,17
13021.0,20750,1.0,18
13021.0,22568,1.0,19
13021.0,22771,1.0,20
13028.0,85123A,0.0,1
13028.0,22423,0.0,2
13028.0,47566,0.0,3
13028.0,85099B,0.0,4
13028.0,20725,0.0,5
13028.0,84879,0.0,6
13028.0,22720,0.0,7
13028.0,22383,0.0,8
13028.0,21212,0.0,9
13028.0,20727,0.0,10
13028.0,20728,0.0,11
13028.0,22384,0.0,12
13028.0,23298,0.0,13
13028.0,POST,0.0,14
13028.0,22457,0.0,15
13028.0,22382,0.0,16
13028.0,22960,0.0,17
13028.0,22961,0.0,18
13028.0,22469,0.0,19
13028.0,82482,0.0,20
13046.0,84879,1.0,1
13046.0,22720,1.0,2
13046.0,82484,1.0,3
13046.0,22499,1.0,4
13046.0,20749,1.0,5
13046.0,21937,1.0,6
13046.0,22212,1.0,7
13046.0,21623,1.0,8
13046.0,85123A,0.0,9
13046.0,22423,0.0,10
13046.0,47566,0.0,11
13046.0,85099B,0.0,12
13046.0,20725,0.0,13
13046.0,22383,0.0,14
13046.0,21212,0.0,15
13046.0,20727,0.0,16
13046.0,20728,0.0,17
13046.0,22384,0.0,18
13046.0,23298,0.0,19
13046.0,POST,0.0,20
13058.0,23298,1.0,1
13058.0,47590A,1.0,2
13058.0,47590B,1.0,3
13058.0,85123A,0.0,4
13058.0,22423,0.0,5
13058.0,47566,0.0,6
13058.0,85099B,0.0,7
13058.0,20725,0.0,8
13058.0,84879,0.0,9
13058.0,22720,0.0,10
13058.0,22383,0.0,11
13058.0,21212,0.0,12
13058.0,20727,0.0,13
13058.0,20728,0.0,14
13058.0,22384,0.0,15
13058.0,POST,0.0,16
13058.0,22457,0.0,17
13058.0,22382,0.0,18
13058.0,22960,0.0,19
13058.0,22961,0.0,20
13064.0,85123A,1.0,1
13064.0,22457,1.0,2
13064.0,82482,1.0,3
13064.0,82494L,1.0,4
13064.0,82484,1.0,5
13064.0,82486,1.0,6
13064.0,22766,1.0,7
13064.0,82483,1.0,8
13064.0,22487,1.0,9
13064.0,22171,1.0,10
13064.0,22488,1.0,11
13064.0,22170,1.0,12
13064.0,22791,1.0,13
13064.0,20828,1.0,14
13064.0,17003,1.0,15
13064.0,10133,1.0,16
13064.0,21714,1.0,17
13064.0,21713,1.0,18
13064.0,72351B,1.0,19
13064.0,23082,1.0,20
13077.0,22666,1.0,1
13077.0,22139,1.0,2
13077.0,21790,1.0,3
13077.0,22667,1.0,4
13077.0,21791,1.0,5
13077.0,22621,1.0,6
13077.0,21498,1.0,7
13077.0,22219,1.0,8
13077.0,22507,1.0,9
13077.0,21877,1.0,10
13077.0,84406B,1.0,11
13077.0,20754,1.0,12
13077.0,22151,1.0,13
13077.0,22926,1.0,14
13077.0,21871,1.0,15
13077.0,22665,1.0,16
13077.0,22834,1.0,17
13077.0,23231,1.0,18
13077.0,22212,1.0,19
13077.0,21481,1.0,20
13081.0,85123A,1.0,1
13081.0,22423,1.0,2
13081.0,47566,1.0,3
13081.0,20725,1.0,4
13081.0,22720,1.0,5
13081.0,22383,1.0,6
13081.0,21212,1.0,7
13081.0,20727,1.0,8
13081.0,20728,1.0,9
13081.0,22384,1.0,10
13081.0,23298,1.0,11
13081.0,22382,1.0,12
13081.0,22960,1.0,13
13081.0,22961,1.0,14
13081.0,22993,1.0,15
13081.0,22178,1.0,16
13081.0,22197,1.0,17
13081.0,23206,1.0,18
13081.0,20726,1.0,19
13081.0,23209,1.0,20
13098.0,85123A,1.0,1
13098.0,22423,1.0,2
13098.0,85099B,1.0,3
13098.0,20725,1.0,4
13098.0,22383,1.0,5
13098.0,20727,1.0,6
13098.0,20728,1.0,7
13098.0,22384,1.0,8
13098.0,22382,1.0,9
13098.0,22960,1.0,10
13098.0,22386,1.0,11
13098.0,22197,1.0,12
13098.0,23206,1.0,13
13098.0,20726,1.0,14
13098.0,23209,1.0,15
13098.0,23203,1.0,16
13098.0,22699,1.0,17
13098.0,20914,1.0,18
13098.0,22629,1.0,19
13098.0,23199,1.0,20
13104.0,21915,1.0,1
13104.0,22560,1.0,2
13104.0,22489,1.0,3
13104.0,21137,1.0,4
13104.0,22041,1.0,5
13104.0,23196,1.0,6
13104.0,23188,1.0,7
13104.0,85123A,0.0,8
13104.0,22423,0.0,9
13104.0,47566,0.0,10
13104.0,85099B,0.0,11
13104.0,20725,0.0,12
13104.0,84879,0.0,13
13104.0,22720,0.0,14
13104.0,22383,0.0,15
13104.0,21212,0.0,16
13104.0,20727,0.0,17
13104.0,20728,0.0,18
13104.0,22384,0.0,19
13104.0,23298,0.0,20
13115.0,20725,1.0,1
13115.0,22383,1.0,2
13115.0,20727,1.0,3
13115.0,20728,1.0,4
13115.0,22384,1.0,5
13115.0,22382,1.0,6
13115.0,22993,1.0,7
13115.0,23206,1.0,8
13115.0,23209,1.0,9
13115.0,21080,1.0,10
13115.0,22139,1.0,11
13115.0,23207,1.0,12
13115.0,23208,1.0,13
13115.0,22149,1.0,14
13115.0,22652,1.0,15
13115.0,20972,1.0,16
13115.0,22147,1.0,17
13115.0,22557,1.0,18
13115.0,84077,1.0,19
13115.0,47590A,1.0,20
13118.0,22699,1.0,1
13118.0,22697,1.0,2
13118.0,22698,1.0,3
13118.0,22499,1.0,4
13118.0,21868,1.0,5
13118.0,23170,1.0,6
13118.0,22926,1.0,7
13118.0,23171,1.0,8
13118.0,22371,1.0,9
13118.0,23091,1.0,10
13118.0,23172,1.0,11
13118.0,22925,1.0,12
13118.0,48111,1.0,13
13118.0,22649,1.0,14
13118.0,21876,1.0,15
13118.0,37448,1.0,16
13118.0,22927,1.0,17
13118.0,37370,1.0,18
13118.0,22059,1.0,19
13118.0,75049L,1.0,20
13126.0,22469,1.0,1
13126.0,82482,1.0,2
13126.0,82494L,1.0,3
13126.0,21232,1.0,4
13126.0,22969,1.0,5
13126.0,22776,1.0,6
13126.0,21231,1.0,7
13126.0,22219,1.0,8
13126.0,71053,1.0,9
13126.0,22795,1.0,10
13126.0,22241,1.0,11
13126.0,21870,1.0,12
13126.0,85132C,1.0,13
13126.0,37448,1.0,14
13126.0,22227,1.0,15
13126.0,22222,1.0,16
13126.0,20992,1.0,17
13126.0,85206A,1.0,18
13126.0,22059,1.0,19
13126.0,22610,1.0,20
13155.0,21080,1.0,1
13155.0,21034,1.0,2
13155.0,22558,1.0,3
13155.0,22077,1.0,4
13155.0,22907,1.0,5
13155.0,22328,1.0,6
13155.0,22652,1.0,7
13155.0,20972,1.0,8
13155.0,22147,1.0,9
13155.0,22083,1.0,10
13155.0,22487,1.0,11
13155.0,22570,1.0,12
13155.0,20971,1.0,13
13155.0,21791,1.0,14
13155.0,22568,1.0,15
13155.0,22617,1.0,16
13155.0,22569,1.0,17
13155.0,22150,1.0,18
13155.0,22086,1.0,19
13155.0,21506,1.0,20
13157.0,20725,1.0,1
13157.0,22383,1.0,2
13157.0,21212,1.0,3
13157.0,20727,1.0,4
13157.0,20728,1.0,5
13157.0,22384,1.0,6
13157.0,22382,1.0,7
13157.0,23206,1.0,8
13157.0,20726,1.0,9
13157.0,23209,1.0,10
13157.0,22662,1.0,11
13157.0,23207,1.0,12
13157.0,23208,1.0,13
13157.0,22554,1.0,14
13157.0,22551,1.0,15
13157.0,21213,1.0,16
13157.0,22147,1.0,17
13157.0,84077,1.0,18
13157.0,15036,1.0,19
13157.0,22616,1.0,20
13173.0,22961,1.0,1
13173.0,15056N,1.0,2
13173.0,22616,1.0,3
13173.0,84375,1.0,4
13173.0,21533,1.0,5
13173.0,22111,1.0,6
13173.0,22381,1.0,7
13173.0,15056BL,1.0,8
13173.0,85014B,1.0,9
13173.0,22962,1.0,10
13173.0,84945,1.0,11
13173.0,84029E,1.0,12
13173.0,22440,1.0,13
13173.0,22867,1.0,14
13173.0,85049A,1.0,15
13173.0,22434,1.0,16
13173.0,85123A,0.0,17
13173.0,22423,0.0,18
13173.0,47566,0.0,19
13173.0,85099B,0.0,20
13174.0,85123A,1.0,1
13174.0,22423,1.0,2
13174.0,22457,1.0,3
13174.0,84978,1.0,4
13174.0,20685,1.0,5
13174.0,21733,1.0,6
13174.0,22969,1.0,7
13174.0,48187,1.0,8
13174.0,84946,1.0,9
13174.0,48194,1.0,10
13174.0,21790,1.0,11
13174.0,79321,1.0,12
13174.0,84970S,1.0,13
13174.0,71459,1.0,14
13174.0,22766,1.0,15
13174.0,22189,1.0,16
13174.0,84836,1.0,17
13174.0,21524,1.0,18
13174.0,84970L,1.0,19
13174.0,84375,1.0,20
13176.0,85123A,0.0,1
13176.0,22423,0.0,2
13176.0,47566,0.0,3
13176.0,85099B,0.0,4
13176.0,20725,0.0,5
13176.0,84879,0.0,6
13176.0,22720,0.0,7
13176.0,22383,0.0,8
13176.0,21212,0.0,9
13176.0,20727,0.0,10
13176.0,20728,0.0,11
13176.0,22384,0.0,12
13176.0,23298,0.0,13
13176.0,POST,0.0,14
13176.0,22457,0.0,15
13176.0,22382,0.0,16
13176.0,22960,0.0,17
13176.0,22961,0.0,18
13176.0,22469,0.0,19
13176.0,82482,0.0,20
13178.0,85099B,1.0,1
13178.0,20725,1.0,2
13178.0,22383,1.0,3
13178.0,20727,1.0,4
13178.0,20728,1.0,5
13178.0,22384,1.0,6
13178.0,22382,1.0,7
13178.0,22386,1.0,8
13178.0,23206,1.0,9
13178.0,20726,1.0,10
13178.0,23209,1.0,11
13178.0,23203,1.0,12
13178.0,21931,1.0,13
13178.0,22411,1.0,14
13178.0,85099F,1.0,15
13178.0,22629,1.0,16
13178.0,22090,1.0,17
13178.0,20724,1.0,18
13178.0,85099C,1.0,19
13178.0,23201,1.0,20
13183.0,21175,1.0,1
13183.0,82484,1.0,2
13183.0,21181,1.0,3
13183.0,85152,1.0,4
13183.0,21166,1.0,5
13183.0,82600,1.0,6
13183.0,23301,1.0,7
13183.0,82483,1.0,8
13183.0,22625,1.0,9
13183.0,82580,1.0,10
13183.0,21165,1.0,11
13183.0,21907,1.0,12
13183.0,82582,1.0,13
13183.0,22173,1.0,14
13183.0,85150,1.0,15
13183.0,82583,1.0,16
13183.0,82581,1.0,17
13183.0,21169,1.0,18
13183.0,82552,1.0,19
13183.0,23231,1.0,20
13207.0,15056N,1.0,1
13207.0,15036,1.0,2
13207.0,85123A,0.0,3
13207.0,22423,0.0,4
13207.0,47566,0.0,5
13207.0,85099B,0.0,6
13207.0,20725,0.0,7
13207.0,84879,0.0,8
13207.0,22720,0.0,9
13207.0,22383,0.0,10
13207.0,21212,0.0,11
13207.0,20727,0.0,12
13207.0,20728,0.0,13
13207.0,22384,0.0,14
13207.0,23298,0.0,15
13207.0,POST,0.0,16
13207.0,22457,0.0,17
13207.0,22382,0.0,18
13207.0,22960,0.0,19
13207.0,22961,0.0,20
13209.0,85123A,1.0,1
13209.0,22423,1.0,2
13209.0,85099B,1.0,3
13209.0,20725,1.0,4
13209.0,22383,1.0,5
13209.0,21212,1.0,6
13209.0,20727,1.0,7
13209.0,20728,1.0,8
13209.0,22384,1.0,9
13209.0,22382,1.0,10
13209.0,22197,1.0,11
13209.0,23206,1.0,12
13209.0,20726,1.0,13
13209.0,23209,1.0,14
13209.0,22699,1.0,15
13209.0,22727,1.0,16
13209.0,22411,1.0,17
13209.0,22470,1.0,18
13209.0,82494L,1.0,19
13209.0,22697,1.0,20
13246.0,85123A,1.0,1
13246.0,85099B,1.0,2
13246.0,22457,1.0,3
13246.0,22382,1.0,4
13246.0,22469,1.0,5
13246.0,20726,1.0,6
13246.0,21080,1.0,7
13246.0,22727,1.0,8
13246.0,22411,1.0,9
13246.0,22090,1.0,10
13246.0,20724,1.0,11
13246.0,22077,1.0,12
13246.0,85099C,1.0,13
13246.0,82484,1.0,14
13246.0,22138,1.0,15
13246.0,21232,1.0,16
13246.0,21166,1.0,17
13246.0,20719,1.0,18
13246.0,84378,1.0,19
13246.0,20723,1.0,20
13267.0,22423,1.0,1
13267.0,47566,1.0,2
13267.0,84879,1.0,3
13267.0,82482,1.0,4
13267.0,22178,1.0,5
13267.0,22699,1.0,6
13267.0,21754,1.0,7
13267.0,82494L,1.0,8
13267.0,22697,1.0,9
13267.0,22629,1.0,10
13267.0,22558,1.0,11
13267.0,84755,1.0,12
13267.0,84978,1.0,13
13267.0,82484,1.0,14
13267.0,22726,1.0,15
13267.0,22630,1.0,16
13267.0,22427,1.0,17
13267.0,82486,1.0,18
13267.0,48187,1.0,19
13267.0,23245,1.0,20
13269.0,85123A,1.0,1
13269.0,47566,1.0,2
13269.0,85099B,1.0,3
13269.0,23298,1.0,4
13269.0,22961,1.0,5
13269.0,82482,1.0,6
13269.0,22993,1.0,7
13269.0,22197,1.0,8
13269.0,22666,1.0,9
13269.0,22411,1.0,10
13269.0,20914,1.0,11
13269.0,82494L,1.0,12
13269.0,22629,1.0,13
13269.0,21977,1.0,14
13269.0,84991,1.0,15
13269.0,23201,1.0,16
13269.0,21232,1.0,17
13269.0,23202,1.0,18
13269.0,22630,1.0,19
13269.0,22084,1.0,20
13272.0,22720,1.0,1
13272.0,22112,1.0,2
13272.0,84818,1.0,3
13272.0,22114,1.0,4
13272.0,15060B,1.0,5
13272.0,85123A,0.0,6
13272.0,22423,0.0,7
13272.0,47566,0.0,8
13272.0,85099B,0.0,9
13272.0,20725,0.0,10
13272.0,84879,0.0,11
13272.0,22383,0.0,12
13272.0,21212,0.0,13
13272.0,20727,0.0,14
13272.0,20728,0.0,15
13272.0,22384,0.0,16
13272.0,23298,0.0,17
13272.0,POST,0.0,18
13272.0,22457,0.0,19
13272.0,22382,0.0,20
13285.0,22423,1.0,1
13285.0,85099B,1.0,2
13285.0,20725,1.0,3
13285.0,22383,1.0,4
13285.0,21212,1.0,5
13285.0,20727,1.0,6
13285.0,20728,1.0,7
13285.0,22384,1.0,8
13285.0,23298,1.0,9
13285.0,22382,1.0,10
13285.0,23206,1.0,11
13285.0,20726,1.0,12
13285.0,23209,1.0,13
13285.0,23203,1.0,14
13285.0,21931,1.0,15
13285.0,22727,1.0,16
13285.0,21754,1.0,17
13285.0,20724,1.0,18
13285.0,84991,1.0,19
13285.0,23199,1.0,20
13323.0,21485,1.0,1
13323.0,21484,1.0,2
13323.0,84029E,1.0,3
13323.0,22114,1.0,4
13323.0,85123A,0.0,5
13323.0,22423,0.0,6
13323.0,47566,0.0,7
13323.0,85099B,0.0,8
13323.0,20725,0.0,9
13323.0,84879,0.0,10
13323.0,22720,0.0,11
13323.0,22383,0.0,12
13323.0,21212,0.0,13
13323.0,20727,0.0,14
13323.0,20728,0.0,15
13323.0,22384,0.0,16
13323.0,23298,0.0,17
13323.0,POST,0.0,18
13323.0,22457,0.0,19
13323.0,22382,0.0,20
13327.0,85099B,1.0,1
13327.0,20728,1.0,2
13327.0,82482,1.0,3
13327.0,22197,1.0,4
13327.0,23206,1.0,5
13327.0,23209,1.0,6
13327.0,23203,1.0,7
13327.0,21931,1.0,8
13327.0,23199,1.0,9
13327.0,82484,1.0,10
13327.0,21181,1.0,11
13327.0,22969,1.0,12
13327.0,85152,1.0,13
13327.0,22427,1.0,14
13327.0,21928,1.0,15
13327.0,82600,1.0,16
13327.0,79321,1.0,17
13327.0,21559,1.0,18
13327.0,23284,1.0,19
13327.0,22766,1.0,20
13362.0,22457,1.0,1
13362.0,22960,1.0,2
13362.0,22469,1.0,3
13362.0,82482,1.0,4
13362.0,22470,1.0,5
13362.0,22558,1.0,6
13362.0,20685,1.0,7
13362.0,22969,1.0,8
13362.0,22427,1.0,9
13362.0,22147,1.0,10
13362.0,22189,1.0,11
13362.0,48184,1.0,12
13362.0,21523,1.0,13
13362.0,21094,1.0,14
13362.0,21533,1.0,15
13362.0,22111,1.0,16
13362.0,22112,1.0,17
13362.0,85150,1.0,18
13362.0,22989,1.0,19
13362.0,21086,1.0,20
13366.0,85123A,0.0,1
13366.0,22423,0.0,2
13366.0,47566,0.0,3
13366.0,85099B,0.0,4
13366.0,20725,0.0,5
13366.0,84879,0.0,6
13366.0,22720,0.0,7
13366.0,22383,0.0,8
13366.0,21212,0.0,9
13366.0,20727,0.0,10
13366.0,20728,0.0,11
13366.0,22384,0.0,12
13366.0,23298,0.0,13
13366.0,POST,0.0,14
13366.0,22457,0.0,15
13366.0,22382,0.0,16
13366.0,22960,0.0,17
13366.0,22961,0.0,18
13366.0,22469,0.0,19
13366.0,82482,0.0,20
13379.0,85099B,1.0,1
13379.0,20725,1.0,2
13379.0,22720,1.0,3
13379.0,82482,1.0,4
13379.0,21034,1.0,5
13379.0,82494L,1.0,6
13379.0,22907,1.0,7
13379.0,23284,1.0,8
13379.0,22189,1.0,9
13379.0,22487,1.0,10
13379.0,21668,1.0,11
13379.0,21672,1.0,12
13379.0,21498,1.0,13
13379.0,21671,1.0,14
13379.0,21169,1.0,15
13379.0,22151,1.0,16
13379.0,22637,1.0,17
13379.0,22795,1.0,18
13379.0,22170,1.0,19
13379.0,23293,1.0,20
13408.0,85123A,1.0,1
13408.0,22423,1.0,2
13408.0,85099B,1.0,3
13408.0,20725,1.0,4
13408.0,84879,1.0,5
13408.0,22720,1.0,6
13408.0,20727,1.0,7
13408.0,23298,1.0,8
13408.0,22457,1.0,9
13408.0,22960,1.0,10
13408.0,22469,1.0,11
13408.0,23206,1.0,12
13408.0,23203,1.0,13
13408.0,22699,1.0,14
13408.0,22666,1.0,15
13408.0,21080,1.0,16
13408.0,22411,1.0,17
13408.0,22470,1.0,18
13408.0,20914,1.0,19
13408.0,22697,1.0,20
13416.0,22193,1.0,1
13416.0,22191,1.0,2
13416.0,22112,1.0,3
13416.0,22192,1.0,4
13416.0,22835,1.0,5
13416.0,84029G,1.0,6
13416.0,84029E,1.0,7
13416.0,84030E,1.0,8
13416.0,22114,1.0,9
13416.0,85123A,0.0,10
13416.0,22423,0.0,11
13416.0,47566,0.0,12
13416.0,85099B,0.0,13
13416.0,20725,0.0,14
13416.0,84879,0.0,15
13416.0,22720,0.0,16
13416.0,22383,0.0,17
13416.0,21212,0.0,18
13416.0,20727,0.0,19
13416.0,20728,0.0,20
13418.0,21212,1.0,1
13418.0,23298,1.0,2
13418.0,22457,1.0,3
13418.0,22961,1.0,4
13418.0,22993,1.0,5
13418.0,23209,1.0,6
13418.0,23203,1.0,7
13418.0,22699,1.0,8
13418.0,22727,1.0,9
13418.0,20914,1.0,10
13418.0,22629,1.0,11
13418.0,22722,1.0,12
13418.0,23201,1.0,13
13418.0,22726,1.0,14
13418.0,23207,1.0,15
13418.0,23202,1.0,16
13418.0,22969,1.0,17
13418.0,22907,1.0,18
13418.0,84378,1.0,19
13418.0,23245,1.0,20
13428.0,85123A,0.0,1
13428.0,22423,0.0,2
13428.0,47566,0.0,3
13428.0,85099B,0.0,4
13428.0,20725,0.0,5
13428.0,84879,0.0,6
13428.0,22720,0.0,7
13428.0,22383,0.0,8
13428.0,21212,0.0,9
13428.0,20727,0.0,10
13428.0,20728,0.0,11
13428.0,22384,0.0,12
13428.0,23298,0.0,13
13428.0,POST,0.0,14
13428.0,22457,0.0,15
13428.0,22382,0.0,16
13428.0,22960,0.0,17
13428.0,22961,0.0,18
13428.0,22469,0.0,19
13428.0,82482,0.0,20
13430.0,22961,1.0,1
13430.0,22652,1.0,2
13430.0,22557,1.0,3
13430.0,22029,1.0,4
13430.0,22621,1.0,5
13430.0,22983,1.0,6
13430.0,23240,1.0,7
13430.0,22595,1.0,8
13430.0,22716,1.0,9
13430.0,23192,1.0,10
13430.0,22712,1.0,11
13430.0,22028,1.0,12
13430.0,20981,1.0,13
13430.0,23191,1.0,14
13430.0,20982,1.0,15
13430.0,20996,1.0,16
13430.0,21992,1.0,17
13430.0,22610,1.0,18
13430.0,22718,1.0,19
13430.0,22717,1.0,20
13449.0,85123A,0.0,1
13449.0,22423,0.0,2
13449.0,47566,0.0,3
13449.0,85099B,0.0,4
13449.0,20725,0.0,5
13449.0,84879,0.0,6
13449.0,22720,0.0,7
13449.0,22383,0.0,8
13449.0,21212,0.0,9
13449.0,20727,0.0,10
13449.0,20728,0.0,11
13449.0,22384,0.0,12
13449.0,23298,0.0,13
13449.0,POST,0.0,14
13449.0,22457,0.0,15
13449.0,22382,0.0,16
13449.0,22960,0.0,17
13449.0,22961,0.0,18
13449.0,22469,0.0,19
13449.0,82482,0.0,20
13456.0,47566,1.0,1
13456.0,23298,1.0,2
13456.0,22139,1.0,3
13456.0,23201,1.0,4
13456.0,21790,1.0,5
13456.0,21915,1.0,6
13456.0,84997D,1.0,7
13456.0,22367,1.0,8
13456.0,21791,1.0,9
13456.0,84997C,1.0,10
13456.0,21889,1.0,11
13456.0,22027,1.0,12
13456.0,22898,1.0,13
13456.0,22489,1.0,14
13456.0,22619,1.0,15
13456.0,23147,1.0,16
13456.0,20975,1.0,17
13456.0,23254,1.0,18
13456.0,22910,1.0,19
13456.0,22622,1.0,20
13458.0,85123A,1.0,1
13458.0,22423,1.0,2
13458.0,47566,1.0,3
13458.0,85099B,1.0,4
13458.0,20725,1.0,5
13458.0,84879,1.0,6
13458.0,22383,1.0,7
13458.0,20727,1.0,8
13458.0,20728,1.0,9
13458.0,22384,1.0,10
13458.0,23298,1.0,11
13458.0,22457,1.0,12
13458.0,22382,1.0,13
13458.0,22960,1.0,14
13458.0,22961,1.0,15
13458.0,22469,1.0,16
13458.0,82482,1.0,17
13458.0,22178,1.0,18
13458.0,22197,1.0,19
13458.0,20726,1.0,20
13461.0,85099B,1.0,1
13461.0,22386,1.0,2
13461.0,23203,1.0,3
13461.0,85099F,1.0,4
13461.0,20724,1.0,5
13461.0,23199,1.0,6
13461.0,22077,1.0,7
13461.0,20719,1.0,8
13461.0,20723,1.0,9
13461.0,20712,1.0,10
13461.0,23204,1.0,11
13461.0,23200,1.0,12
13461.0,85123A,0.0,13
13461.0,22423,0.0,14
13461.0,47566,0.0,15
13461.0,20725,0.0,16
13461.0,84879,0.0,17
13461.0,22720,0.0,18
13461.0,22383,0.0,19
13461.0,21212,0.0,20
13468.0,85123A,1.0,1
13468.0,22423,1.0,2
13468.0,84879,1.0,3
13468.0,23298,1.0,4
13468.0,22469,1.0,5
13468.0,82482,1.0,6
13468.0,22993,1.0,7
13468.0,22178,1.0,8
13468.0,22699,1.0,9
13468.0,22666,1.0,10
13468.0,22470,1.0,11
13468.0,82494L,1.0,12
13468.0,20724,1.0,13
13468.0,84755,1.0,14
13468.0,21175,1.0,15
13468.0,82484,1.0,16
13468.0,20685,1.0,17
13468.0,21232,1.0,18
13468.0,21733,1.0,19
13468.0,21181,1.0,20
13510.0,85099B,1.0,1
13510.0,22960,1.0,2
13510.0,22961,1.0,3
13510.0,22386,1.0,4
13510.0,23203,1.0,5
13510.0,21931,1.0,6
13510.0,20685,1.0,7
13510.0,21929,1.0,8
13510.0,23202,1.0,9
13510.0,22355,1.0,10
13510.0,48138,1.0,11
13510.0,20723,1.0,12
13510.0,22467,1.0,13
13510.0,22356,1.0,14
13510.0,22652,1.0,15
13510.0,20972,1.0,16
13510.0,21524,1.0,17
13510.0,84077,1.0,18
13510.0,48184,1.0,19
13510.0,20750,1.0,20
13532.0,85123A,0.0,1
13532.0,22423,0.0,2
13532.0,47566,0.0,3
13532.0,85099B,0.0,4
13532.0,20725,0.0,5
13532.0,84879,0.0,6
13532.0,22720,0.0,7
13532.0,22383,0.0,8
13532.0,21212,0.0,9
13532.0,20727,0.0,10
13532.0,20728,0.0,11
13532.0,22384,0.0,12
13532.0,23298,0.0,13
13532.0,POST,0.0,14
13532.0,22457,0.0,15
13532.0,22382,0.0,16
13532.0,22960,0.0,17
13532.0,22961,0.0,18
13532.0,22469,0.0,19
13532.0,82482,0.0,20
13534.0,85099B,1.0,1
13534.0,20725,1.0,2
13534.0,22720,1.0,3
13534.0,22383,1.0,4
13534.0,20727,1.0,5
13534.0,20728,1.0,6
13534.0,22384,1.0,7
13534.0,23298,1.0,8
13534.0,22382,1.0,9
13534.0,22469,1.0,10
13534.0,22386,1.0,11
13534.0,23206,1.0,12
13534.0,20726,1.0,13
13534.0,23209,1.0,14
13534.0,23203,1.0,15
13534.0,21931,1.0,16
13534.0,22411,1.0,17
13534.0,85099F,1.0,18
13534.0,20724,1.0,19
13534.0,23199,1.0,20
13549.0,85123A,1.0,1
13549.0,22423,1.0,2
13549.0,47566,1.0,3
13549.0,21212,1.0,4
13549.0,22457,1.0,5
13549.0,22469,1.0,6
13549.0,82482,1.0,7
13549.0,22666,1.0,8
13549.0,20914,1.0,9
13549.0,85099F,1.0,10
13549.0,84991,1.0,11
13549.0,84755,1.0,12
13549.0,22427,1.0,13
13549.0,22698,1.0,14
13549.0,20723,1.0,15
13549.0,22766,1.0,16
13549.0,82483,1.0,17
13549.0,84836,1.0,18
13549.0,22173,1.0,19
13549.0,22296,1.0,20
13560.0,85123A,0.0,1
13560.0,22423,0.0,2
13560.0,47566,0.0,3
13560.0,85099B,0.0,4
13560.0,20725,0.0,5
13560.0,84879,0.0,6
13560.0,22720,0.0,7
13560.0,22383,0.0,8
13560.0,21212,0.0,9
13560.0,20727,0.0,10
13560.0,20728,0.0,11
13560.0,22384,0.0,12
13560.0,23298,0.0,13
13560.0,POST,0.0,14
13560.0,22457,0.0,15
13560.0,22382,0.0,16
13560.0,22960,0.0,17
13560.0,22961,0.0,18
13560.0,22469,0.0,19
13560.0,82482,0.0,20
13565.0,22960,1.0,1
13565.0,84836,1.0,2
13565.0,21136,1.0,3
13565.0,22219,1.0,4
13565.0,21868,1.0,5
13565.0,21900,1.0,6
13565.0,85123A,0.0,7
13565.0,22423,0.0,8
13565.0,47566,0.0,9
13565.0,85099B,0.0,10
13565.0,20725,0.0,11
13565.0,84879,0.0,12
13565.0,22720,0.0,13
13565.0,22383,0.0,14
13565.0,21212,0.0,15
13565.0,20727,0.0,16
13565.0,20728,0.0,17
13565.0,22384,0.0,18
13565.0,23298,0.0,19
13565.0,POST,0.0,20
13573.0,22957,1.0,1
13573.0,21745,1.0,2
13573.0,85123A,0.0,3
13573.0,22423,0.0,4
13573.0,47566,0.0,5
13573.0,85099B,0.0,6
13573.0,20725,0.0,7
13573.0,84879,0.0,8
13573.0,22720,0.0,9
13573.0,22383,0.0,10
13573.0,21212,0.0,11
13573.0,20727,0.0,12
13573.0,20728,0.0,13
13573.0,22384,0.0,14
13573.0,23298,0.0,15
13573.0,POST,0.0,16
13573.0,22457,0.0,17
13573.0,22382,0.0,18
13573.0,22960,0.0,19
13573.0,22961,0.0,20
13575.0,20727,1.0,1
13575.0,82482,1.0,2
13575.0,23206,1.0,3
13575.0,20726,1.0,4
13575.0,82494L,1.0,5
13575.0,22138,1.0,6
13575.0,22969,1.0,7
13575.0,23208,1.0,8
13575.0,22147,1.0,9
13575.0,23300,1.0,10
13575.0,21932,1.0,11
13575.0,22568,1.0,12
13575.0,22621,1.0,13
13575.0,21933,1.0,14
13575.0,22173,1.0,15
13575.0,23321,1.0,16
13575.0,23147,1.0,17
13575.0,20983,1.0,18
13575.0,20981,1.0,19
13575.0,22222,1.0,20
13589.0,22607,1.0,1
13589.0,22605,1.0,2
13589.0,22485,1.0,3
13589.0,46000S,1.0,4
13589.0,85123A,0.0,5
13589.0,22423,0.0,6
13589.0,47566,0.0,7
13589.0,85099B,0.0,8
13589.0,20725,0.0,9
13589.0,84879,0.0,10
13589.0,22720,0.0,11
13589.0,22383,0.0,12
13589.0,21212,0.0,13
13589.0,20727,0.0,14
13589.0,20728,0.0,15
13589.0,22384,0.0,16
13589.0,23298,0.0,17
13589.0,POST,0.0,18
13589.0,22457,0.0,19
13589.0,22382,0.0,20
13614.0,22423,1.0,1
13614.0,22720,1.0,2
13614.0,23298,1.0,3
13614.0,22961,1.0,4
13614.0,22993,1.0,5
13614.0,22722,1.0,6
13614.0,21175,1.0,7
13614.0,22138,1.0,8
13614.0,85152,1.0,9
13614.0,22624,1.0,10
13614.0,48187,1.0,11
13614.0,84378,1.0,12
13614.0,48194,1.0,13
13614.0,21790,1.0,14
13614.0,82600,1.0,15
13614.0,23284,1.0,16
13614.0,22667,1.0,17
13614.0,22625,1.0,18
13614.0,48184,1.0,19
13614.0,82580,1.0,20
13644.0,47566,1.0,1
13644.0,23298,1.0,2
13644.0,22457,1.0,3
13644.0,22178,1.0,4
13644.0,22470,1.0,5
13644.0,21181,1.0,6
13644.0,85152,1.0,7
13644.0,22427,1.0,8
13644.0,82600,1.0,9
13644.0,23301,1.0,10
13644.0,23300,1.0,11
13644.0,21907,1.0,12
13644.0,21174,1.0,13
13644.0,21908,1.0,14
13644.0,21770,1.0,15
13644.0,21169,1.0,16
13644.0,21164,1.0,17
13644.0,23322,1.0,18
13644.0,22595,1.0,19
13644.0,22297,1.0,20
13654.0,47566,1.0,1
13654.0,85099B,1.0,2
13654.0,20725,1.0,3
13654.0,20727,1.0,4
13654.0,23298,1.0,5
13654.0,23209,1.0,6
13654.0,23203,1.0,7
13654.0,85099F,1.0,8
13654.0,22139,1.0,9
13654.0,22138,1.0,10
13654.0,22662,1.0,11
13654.0,23207,1.0,12
13654.0,21232,1.0,13
13654.0,22630,1.0,14
13654.0,22084,1.0,15
13654.0,22149,1.0,16
13654.0,22326,1.0,17
13654.0,22356,1.0,18
13654.0,22328,1.0,19
13654.0,22385,1.0,20
13657.0,22149,1.0,1
13657.0,15036,1.0,2
13657.0,22748,1.0,3
13657.0,22745,1.0,4
13657.0,22746,1.0,5
13657.0,22747,1.0,6
13657.0,16237,1.0,7
13657.0,21328,1.0,8
13657.0,22466,1.0,9
13657.0,85123A,0.0,10
13657.0,22423,0.0,11
13657.0,47566,0.0,12
13657.0,85099B,0.0,13
13657.0,20725,0.0,14
13657.0,84879,0.0,15
13657.0,22720,0.0,16
13657.0,22383,0.0,17
13657.0,21212,0.0,18
13657.0,20727,0.0,19
13657.0,20728,0.0,20
13658.0,22423,1.0,1
13658.0,20727,1.0,2
13658.0,20728,1.0,3
13658.0,23206,1.0,4
13658.0,23203,1.0,5
13658.0,23199,1.0,6
13658.0,23201,1.0,7
13658.0,22138,1.0,8
13658.0,22662,1.0,9
13658.0,23207,1.0,10
13658.0,21232,1.0,11
13658.0,23202,1.0,12
13658.0,48138,1.0,13
13658.0,21790,1.0,14
13658.0,22554,1.0,15
13658.0,22551,1.0,16
13658.0,22556,1.0,17
13658.0,22385,1.0,18
13658.0,21930,1.0,19
13658.0,21524,1.0,20
13668.0,85123A,1.0,1
13668.0,47566,1.0,2
13668.0,84879,1.0,3
13668.0,23298,1.0,4
13668.0,22382,1.0,5
13668.0,22469,1.0,6
13668.0,82482,1.0,7
13668.0,22178,1.0,8
13668.0,21931,1.0,9
13668.0,22411,1.0,10
13668.0,22470,1.0,11
13668.0,21754,1.0,12
13668.0,82494L,1.0,13
13668.0,22090,1.0,14
13668.0,20724,1.0,15
13668.0,84991,1.0,16
13668.0,84755,1.0,17
13668.0,22077,1.0,18
13668.0,21175,1.0,19
13668.0,85099C,1.0,20
13709.0,47566,1.0,1
13709.0,20727,1.0,2
13709.0,22384,1.0,3
13709.0,23298,1.0,4
13709.0,82482,1.0,5
13709.0,22993,1.0,6
13709.0,23206,1.0,7
13709.0,23209,1.0,8
13709.0,23203,1.0,9
13709.0,22666,1.0,10
13709.0,21931,1.0,11
13709.0,22411,1.0,12
13709.0,21754,1.0,13
13709.0,82494L,1.0,14
13709.0,22090,1.0,15
13709.0,21977,1.0,16
13709.0,84991,1.0,17
13709.0,22722,1.0,18
13709.0,84755,1.0,19
13709.0,22139,1.0,20
13777.0,85123A,1.0,1
13777.0,85099B,1.0,2
13777.0,20725,1.0,3
13777.0,20727,1.0,4
13777.0,21232,1.0,5
13777.0,22084,1.0,6
13777.0,22147,1.0,7
13777.0,15056N,1.0,8
13777.0,21621,1.0,9
13777.0,20971,1.0,10
13777.0,15056BL,1.0,11
13777.0,22646,1.0,12
13777.0,21156,1.0,13
13777.0,20679,1.0,14
13777.0,84050,1.0,15
13777.0,21137,1.0,16
13777.0,22041,1.0,17
13777.0,84029E,1.0,18
13777.0,22842,1.0,19
13777.0,22838,1.0,20
13805.0,47599A,1.0,1
13805.0,20992,1.0,2
13805.0,20996,1.0,3
13805.0,47599B,1.0,4
13805.0,85123A,0.0,5
13805.0,22423,0.0,6
13805.0,47566,0.0,7
13805.0,85099B,0.0,8
13805.0,20725,0.0,9
13805.0,84879,0.0,10
13805.0,22720,0.0,11
13805.0,22383,0.0,12
13805.0,21212,0.0,13
13805.0,20727,0.0,14
13805.0,20728,0.0,15
13805.0,22384,0.0,16
13805.0,23298,0.0,17
13805.0,POST,0.0,18
13805.0,22457,0.0,19
13805.0,22382,0.0,20
13813.0,POST,1.0,1
13813.0,20914,1.0,2
13813.0,22139,1.0,3
13813.0,22189,1.0,4
13813.0,20750,1.0,5
13813.0,20749,1.0,6
13813.0,21121,1.0,7
13813.0,22352,1.0,8
13813.0,23240,1.0,9
13813.0,21498,1.0,10
13813.0,22507,1.0,11
13813.0,15056BL,1.0,12
13813.0,85014B,1.0,13
13813.0,22637,1.0,14
13813.0,23231,1.0,15
13813.0,22169,1.0,16
13813.0,16161P,1.0,17
13813.0,20679,1.0,18
13813.0,21216,1.0,19
13813.0,85014A,1.0,20
13816.0,POST,1.0,1
13816.0,22629,1.0,2
13816.0,22630,1.0,3
13816.0,22326,1.0,4
13816.0,22328,1.0,5
13816.0,23240,1.0,6
13816.0,22492,1.0,7
13816.0,21531,1.0,8
13816.0,23236,1.0,9
13816.0,22972,1.0,10
13816.0,22974,1.0,11
13816.0,84078A,1.0,12
13816.0,23290,1.0,13
13816.0,23292,1.0,14
13816.0,85123A,0.0,15
13816.0,22423,0.0,16
13816.0,47566,0.0,17
13816.0,85099B,0.0,18
13816.0,20725,0.0,19
13816.0,84879,0.0,20
13823.0,84879,1.0,1
13823.0,82482,1.0,2
13823.0,82494L,1.0,3
13823.0,82484,1.0,4
13823.0,20685,1.0,5
13823.0,21181,1.0,6
13823.0,85152,1.0,7
13823.0,48187,1.0,8
13823.0,48194,1.0,9
13823.0,82600,1.0,10
13823.0,21524,1.0,11
13823.0,48184,1.0,12
13823.0,21523,1.0,13
13823.0,82582,1.0,14
13823.0,85150,1.0,15
13823.0,82583,1.0,16
13823.0,21498,1.0,17
13823.0,48185,1.0,18
13823.0,22690,1.0,19
13823.0,21499,1.0,20
13878.0,85123A,0.0,1
13878.0,22423,0.0,2
13878.0,47566,0.0,3
13878.0,85099B,0.0,4
13878.0,20725,0.0,5
13878.0,84879,0.0,6
13878.0,22720,0.0,7
13878.0,22383,0.0,8
13878.0,21212,0.0,9
13878.0,20727,0.0,10
13878.0,20728,0.0,11
13878.0,22384,0.0,12
13878.0,23298,0.0,13
13878.0,POST,0.0,14
13878.0,22457,0.0,15
13878.0,22382,0.0,16
13878.0,22960,0.0,17
13878.0,22961,0.0,18
13878.0,22469,0.0,19
13878.0,82482,0.0,20
13883.0,22423,1.0,1
13883.0,21212,1.0,2
13883.0,22666,1.0,3
13883.0,21080,1.0,4
13883.0,20914,1.0,5
13883.0,21977,1.0,6
13883.0,84991,1.0,7
13883.0,22722,1.0,8
13883.0,21175,1.0,9
13883.0,21232,1.0,10
13883.0,22969,1.0,11
13883.0,22907,1.0,12
13883.0,21166,1.0,13
13883.0,21975,1.0,14
13883.0,21790,1.0,15
13883.0,22776,1.0,16
13883.0,21843,1.0,17
13883.0,21213,1.0,18
13883.0,85066,1.0,19
13883.0,22667,1.0,20
13890.0,21175,1.0,1
13890.0,21181,1.0,2
13890.0,22652,1.0,3
13890.0,20972,1.0,4
13890.0,84836,1.0,5
13890.0,22570,1.0,6
13890.0,22568,1.0,7
13890.0,22111,1.0,8
13890.0,21485,1.0,9
13890.0,47591D,1.0,10
13890.0,22569,1.0,11
13890.0,85150,1.0,12
13890.0,22113,1.0,13
13890.0,22561,1.0,14
13890.0,22749,1.0,15
13890.0,21870,1.0,16
13890.0,85053,1.0,17
13890.0,20984,1.0,18
13890.0,22751,1.0,19
13890.0,23103,1.0,20
13924.0,84879,1.0,1
13924.0,22720,1.0,2
13924.0,22457,1.0,3
13924.0,23209,1.0,4
13924.0,22666,1.0,5
13924.0,84978,1.0,6
13924.0,22138,1.0,7
13924.0,21733,1.0,8
13924.0,20719,1.0,9
13924.0,85066,1.0,10
13924.0,84836,1.0,11
13924.0,20749,1.0,12
13924.0,22617,1.0,13
13924.0,21136,1.0,14
13924.0,22294,1.0,15
13924.0,22595,1.0,16
13924.0,23236,1.0,17
13924.0,22668,1.0,18
13924.0,23165,1.0,19
13924.0,21428,1.0,20
13926.0,85123A,0.0,1
13926.0,22423,0.0,2
13926.0,47566,0.0,3
13926.0,85099B,0.0,4
13926.0,20725,0.0,5
13926.0,84879,0.0,6
13926.0,22720,0.0,7
13926.0,22383,0.0,8
13926.0,21212,0.0,9
13926.0,20727,0.0,10
13926.0,20728,0.0,11
13926.0,22384,0.0,12
13926.0,23298,0.0,13
13926.0,POST,0.0,14
13926.0,22457,0.0,15
13926.0,22382,0.0,16
13926.0,22960,0.0,17
13926.0,22961,0.0,18
13926.0,22469,0.0,19
13926.0,82482,0.0,20
13960.0,22469,1.0,1
13960.0,22470,1.0,2
13960.0,23284,1.0,3
13960.0,22464,1.0,4
13960.0,85123A,0.0,5
13960.0,22423,0.0,6
13960.0,47566,0.0,7
13960.0,85099B,0.0,8
13960.0,20725,0.0,9
13960.0,84879,0.0,10
13960.0,22720,0.0,11
13960.0,22383,0.0,12
13960.0,21212,0.0,13
13960.0,20727,0.0,14
13960.0,20728,0.0,15
13960.0,22384,0.0,16
13960.0,23298,0.0,17
13960.0,POST,0.0,18
13960.0,22457,0.0,19
13960.0,22382,0.0,20
13971.0,47566,1.0,1
13971.0,85099B,1.0,2
13971.0,84879,1.0,3
13971.0,21212,1.0,4
13971.0,20728,1.0,5
13971.0,22384,1.0,6
13971.0,23298,1.0,7
13971.0,22457,1.0,8
13971.0,22961,1.0,9
13971.0,22993,1.0,10
13971.0,23209,1.0,11
13971.0,23203,1.0,12
13971.0,22666,1.0,13
13971.0,22411,1.0,14
13971.0,20914,1.0,15
13971.0,85099F,1.0,16
13971.0,22090,1.0,17
13971.0,22722,1.0,18
13971.0,23199,1.0,19
13971.0,21929,1.0,20
13975.0,47566,1.0,1
13975.0,85099B,1.0,2
13975.0,22720,1.0,3
13975.0,22383,1.0,4
13975.0,21212,1.0,5
13975.0,20727,1.0,6
13975.0,20728,1.0,7
13975.0,22384,1.0,8
13975.0,23298,1.0,9
13975.0,22382,1.0,10
13975.0,22960,1.0,11
13975.0,22961,1.0,12
13975.0,22993,1.0,13
13975.0,22386,1.0,14
13975.0,20726,1.0,15
13975.0,23209,1.0,16
13975.0,23203,1.0,17
13975.0,22666,1.0,18
13975.0,21080,1.0,19
13975.0,21931,1.0,20
13982.0,85123A,1.0,1
13982.0,85099B,1.0,2
13982.0,22961,1.0,3
13982.0,82482,1.0,4
13982.0,21080,1.0,5
13982.0,20914,1.0,6
13982.0,82494L,1.0,7
13982.0,20724,1.0,8
13982.0,84378,1.0,9
13982.0,21790,1.0,10
13982.0,22652,1.0,11
13982.0,22766,1.0,12
13982.0,22667,1.0,13
13982.0,20718,1.0,14
13982.0,21533,1.0,15
13982.0,22111,1.0,16
13982.0,21485,1.0,17
13982.0,84988,1.0,18
13982.0,21535,1.0,19
13982.0,21498,1.0,20
13984.0,84946,1.0,1
13984.0,22492,1.0,2
13984.0,22931,1.0,3
13984.0,22934,1.0,4
13984.0,85123A,0.0,5
13984.0,22423,0.0,6
13984.0,47566,0.0,7
13984.0,85099B,0.0,8
13984.0,20725,0.0,9
13984.0,84879,0.0,10
13984.0,22720,0.0,11
13984.0,22383,0.0,12
13984.0,21212,0.0,13
13984.0,20727,0.0,14
13984.0,20728,0.0,15
13984.0,22384,0.0,16
13984.0,23298,0.0,17
13984.0,POST,0.0,18
13984.0,22457,0.0,19
13984.0,22382,0.0,20
13991.0,20727,1.0,1
13991.0,22384,1.0,2
13991.0,22457,1.0,3
13991.0,21034,1.0,4
13991.0,21977,1.0,5
13991.0,21232,1.0,6
13991.0,22356,1.0,7
13991.0,21231,1.0,8
13991.0,21673,1.0,9
13991.0,22348,1.0,10
13991.0,72741,1.0,11
13991.0,23077,1.0,12
13991.0,22670,1.0,13
13991.0,22649,1.0,14
13991.0,17003,1.0,15
13991.0,22064,1.0,16
13991.0,22676,1.0,17
13991.0,23032,1.0,18
13991.0,22066,1.0,19
13991.0,23188,1.0,20
13992.0,85123A,0.0,1
13992.0,22423,0.0,2
13992.0,47566,0.0,3
13992.0,85099B,0.0,4
13992.0,20725,0.0,5
13992.0,84879,0.0,6
13992.0,22720,0.0,7
13992.0,22383,0.0,8
13992.0,21212,0.0,9
13992.0,20727,0.0,10
13992.0,20728,0.0,11
13992.0,22384,0.0,12
13992.0,23298,0.0,13
13992.0,POST,0.0,14
13992.0,22457,0.0,15
13992.0,22382,0.0,16
13992.0,22960,0.0,17
13992.0,22961,0.0,18
13992.0,22469,0.0,19
13992.0,82482,0.0,20
13993.0,22423,1.0,1
13993.0,84879,1.0,2
13993.0,22457,1.0,3
13993.0,22960,1.0,4
13993.0,22961,1.0,5
13993.0,23203,1.0,6
13993.0,21754,1.0,7
13993.0,22090,1.0,8
13993.0,21175,1.0,9
13993.0,85099C,1.0,10
13993.0,23201,1.0,11
13993.0,20685,1.0,12
13993.0,21755,1.0,13
13993.0,21181,1.0,14
13993.0,48138,1.0,15
13993.0,48187,1.0,16
13993.0,23245,1.0,17
13993.0,23284,1.0,18
13993.0,22557,1.0,19
13993.0,22379,1.0,20
14020.0,22720,1.0,1
14020.0,22554,1.0,2
14020.0,21843,1.0,3
14020.0,22557,1.0,4
14020.0,84987,1.0,5
14020.0,21974,1.0,6
14020.0,84030E,1.0,7
14020.0,85123A,0.0,8
14020.0,22423,0.0,9
14020.0,47566,0.0,10
14020.0,85099B,0.0,11
14020.0,20725,0.0,12
14020.0,84879,0.0,13
14020.0,22383,0.0,14
14020.0,21212,0.0,15
14020.0,20727,0.0,16
14020.0,20728,0.0,17
14020.0,22384,0.0,18
14020.0,23298,0.0,19
14020.0,POST,0.0,20
14023.0,22457,1.0,1
14023.0,22139,1.0,2
14023.0,22138,1.0,3
14023.0,22607,1.0,4
14023.0,22560,1.0,5
14023.0,22273,1.0,6
14023.0,23077,1.0,7
14023.0,22534,1.0,8
14023.0,21890,1.0,9
14023.0,22530,1.0,10
14023.0,22483,1.0,11
14023.0,84580,1.0,12
14023.0,85123A,0.0,13
14023.0,22423,0.0,14
14023.0,47566,0.0,15
14023.0,85099B,0.0,16
14023.0,20725,0.0,17
14023.0,84879,0.0,18
14023.0,22720,0.0,19
14023.0,22383,0.0,20
14051.0,22423,1.0,1
14051.0,47566,1.0,2
14051.0,22993,1.0,3
14051.0,22699,1.0,4
14051.0,22697,1.0,5
14051.0,22077,1.0,6
14051.0,22969,1.0,7
14051.0,48138,1.0,8
14051.0,22698,1.0,9
14051.0,84380,1.0,10
14051.0,23284,1.0,11
14051.0,15056N,1.0,12
14051.0,21524,1.0,13
14051.0,21523,1.0,14
14051.0,22616,1.0,15
14051.0,22692,1.0,16
14051.0,22112,1.0,17
14051.0,21314,1.0,18
14051.0,23173,1.0,19
14051.0,23170,1.0,20
14062.0,22469,1.0,1
14062.0,22727,1.0,2
14062.0,21175,1.0,3
14062.0,22726,1.0,4
14062.0,21181,1.0,5
14062.0,85152,1.0,6
14062.0,21166,1.0,7
14062.0,48138,1.0,8
14062.0,82600,1.0,9
14062.0,23284,1.0,10
14062.0,22729,1.0,11
14062.0,15056N,1.0,12
14062.0,82580,1.0,13
14062.0,21165,1.0,14
14062.0,22730,1.0,15
14062.0,22616,1.0,16
14062.0,21908,1.0,17
14062.0,82582,1.0,18
14062.0,85150,1.0,19
14062.0,82583,1.0,20
14096.0,85123A,1.0,1
14096.0,22423,1.0,2
14096.0,47566,1.0,3
14096.0,85099B,1.0,4
14096.0,20725,1.0,5
14096.0,22720,1.0,6
14096.0,22383,1.0,7
14096.0,21212,1.0,8
14096.0,20728,1.0,9
14096.0,22384,1.0,10
14096.0,22457,1.0,11
14096.0,22382,1.0,12
14096.0,22960,1.0,13
14096.0,22961,1.0,14
14096.0,22469,1.0,15
14096.0,82482,1.0,16
14096.0,22993,1.0,17
14096.0,22178,1.0,18
14096.0,22197,1.0,19
14096.0,20726,1.0,20
14098.0,85123A,0.0,1
14098.0,22423,0.0,2
14098.0,47566,0.0,3
14098.0,85099B,0.0,4
14098.0,20725,0.0,5
14098.0,84879,0.0,6
14098.0,22720,0.0,7
14098.0,22383,0.0,8
14098.0,21212,0.0,9
14098.0,20727,0.0,10
14098.0,20728,0.0,11
14098.0,22384,0.0,12
14098.0,23298,0.0,13
14098.0,POST,0.0,14
14098.0,22457,0.0,15
14098.0,22382,0.0,16
14098.0,22960,0.0,17
14098.0,22961,0.0,18
14098.0,22469,0.0,19
14098.0,82482,0.0,20
14116.0,84879,1.0,1
14116.0,22727,1.0,2
14116.0,22077,1.0,3
14116.0,22467,1.0,4
14116.0,22554,1.0,5
14116.0,22551,1.0,6
14116.0,22728,1.0,7
14116.0,21915,1.0,8
14116.0,22147,1.0,9
14116.0,22083,1.0,10
14116.0,22730,1.0,11
14116.0,22570,1.0,12
14116.0,21791,1.0,13
14116.0,22568,1.0,14
14116.0,22771,1.0,15
14116.0,21669,1.0,16
14116.0,22219,1.0,17
14116.0,22844,1.0,18
14116.0,21671,1.0,19
14116.0,21673,1.0,20
14129.0,22993,1.0,1
14129.0,22470,1.0,2
14129.0,22149,1.0,3
14129.0,84378,1.0,4
14129.0,84380,1.0,5
14129.0,22147,1.0,6
14129.0,22570,1.0,7
14129.0,84375,1.0,8
14129.0,22568,1.0,9
14129.0,22569,1.0,10
14129.0,22150,1.0,11
14129.0,22492,1.0,12
14129.0,22957,1.0,13
14129.0,22585,1.0,14
14129.0,22148,1.0,15
14129.0,23077,1.0,16
14129.0,23126,1.0,17
14129.0,22937,1.0,18
14129.0,22930,1.0,19
14129.0,23127,1.0,20
14138.0,22382,1.0,1
14138.0,84991,1.0,2
14138.0,22139,1.0,3
14138.0,84992,1.0,4
14138.0,22417,1.0,5
14138.0,22570,1.0,6
14138.0,84375,1.0,7
14138.0,22367,1.0,8
14138.0,21985,1.0,9
14138.0,22568,1.0,10
14138.0,22111,1.0,11
14138.0,21485,1.0,12
14138.0,22569,1.0,13
14138.0,21980,1.0,14
14138.0,23159,1.0,15
14138.0,22909,1.0,16
14138.0,22867,1.0,17
14138.0,22952,1.0,18
14138.0,22865,1.0,19
14138.0,22614,1.0,20
14139.0,85123A,0.0,1
14139.0,22423,0.0,2
14139.0,47566,0.0,3
14139.0,85099B,0.0,4
14139.0,20725,0.0,5
14139.0,84879,0.0,6
14139.0,22720,0.0,7
14139.0,22383,0.0,8
14139.0,21212,0.0,9
14139.0,20727,0.0,10
14139.0,20728,0.0,11
14139.0,22384,0.0,12
14139.0,23298,0.0,13
14139.0,POST,0.0,14
14139.0,22457,0.0,15
14139.0,22382,0.0,16
14139.0,22960,0.0,17
14139.0,22961,0.0,18
14139.0,22469,0.0,19
14139.0,82482,0.0,20
14178.0,85123A,1.0,1
14178.0,23298,1.0,2
14178.0,22457,1.0,3
14178.0,22197,1.0,4
14178.0,21034,1.0,5
14178.0,22629,1.0,6
14178.0,20724,1.0,7
14178.0,22139,1.0,8
14178.0,22138,1.0,9
14178.0,22630,1.0,10
14178.0,22355,1.0,11
14178.0,85152,1.0,12
14178.0,20719,1.0,13
14178.0,21790,1.0,14
14178.0,22356,1.0,15
14178.0,22804,1.0,16
14178.0,23300,1.0,17
14178.0,22487,1.0,18
14178.0,22191,1.0,19
14178.0,22029,1.0,20
14232.0,20727,1.0,1
14232.0,20728,1.0,2
14232.0,82482,1.0,3
14232.0,20726,1.0,4
14232.0,22470,1.0,5
14232.0,82494L,1.0,6
14232.0,22077,1.0,7
14232.0,21181,1.0,8
14232.0,85152,1.0,9
14232.0,22084,1.0,10
14232.0,84077,1.0,11
14232.0,82580,1.0,12
14232.0,21907,1.0,13
14232.0,21908,1.0,14
14232.0,22171,1.0,15
14232.0,21933,1.0,16
14232.0,21172,1.0,17
14232.0,21430,1.0,18
14232.0,21937,1.0,19
14232.0,21169,1.0,20
14251.0,22139,1.0,1
14251.0,22138,1.0,2
14251.0,22969,1.0,3
14251.0,21790,1.0,4
14251.0,21915,1.0,5
14251.0,21791,1.0,6
14251.0,22568,1.0,7
14251.0,22621,1.0,8
14251.0,22617,1.0,9
14251.0,21914,1.0,10
14251.0,22086,1.0,11
14251.0,22560,1.0,12
14251.0,72741,1.0,13
14251.0,22910,1.0,14
14251.0,21888,1.0,15
14251.0,23154,1.0,16
14251.0,23159,1.0,17
14251.0,22534,1.0,18
14251.0,22493,1.0,19
14251.0,23156,1.0,20
14262.0,22727,1.0,1
14262.0,22629,1.0,2
14262.0,22726,1.0,3
14262.0,22630,1.0,4
14262.0,21790,1.0,5
14262.0,22728,1.0,6
14262.0,21915,1.0,7
14262.0,22147,1.0,8
14262.0,22729,1.0,9
14262.0,21731,1.0,10
14262.0,22730,1.0,11
14262.0,21791,1.0,12
14262.0,22150,1.0,13
14262.0,21498,1.0,14
14262.0,21914,1.0,15
14262.0,22631,1.0,16
14262.0,22725,1.0,17
14262.0,21892,1.0,18
14262.0,21912,1.0,19
14262.0,21499,1.0,20
14282.0,85099B,1.0,1
14282.0,20725,1.0,2
14282.0,22383,1.0,3
14282.0,20727,1.0,4
14282.0,22386,1.0,5
14282.0,23206,1.0,6
14282.0,23209,1.0,7
14282.0,23203,1.0,8
14282.0,21931,1.0,9
14282.0,22411,1.0,10
14282.0,85099F,1.0,11
14282.0,20724,1.0,12
14282.0,23199,1.0,13
14282.0,85099C,1.0,14
14282.0,23201,1.0,15
14282.0,21929,1.0,16
14282.0,22355,1.0,17
14282.0,21928,1.0,18
14282.0,20719,1.0,19
14282.0,20723,1.0,20
14284.0,22960,1.0,1
14284.0,22558,1.0,2
14284.0,23245,1.0,3
14284.0,21485,1.0,4
14284.0,22424,1.0,5
14284.0,22086,1.0,6
14284.0,23110,1.0,7
14284.0,22644,1.0,8
14284.0,22158,1.0,9
14284.0,85123A,0.0,10
14284.0,22423,0.0,11
14284.0,47566,0.0,12
14284.0,85099B,0.0,13
14284.0,20725,0.0,14
14284.0,84879,0.0,15
14284.0,22720,0.0,16
14284.0,22383,0.0,17
14284.0,21212,0.0,18
14284.0,20727,0.0,19
14284.0,20728,0.0,20
14285.0,85123A,1.0,1
14285.0,22423,1.0,2
14285.0,22113,1.0,3
14285.0,22910,1.0,4
14285.0,22622,1.0,5
14285.0,22623,1.0,6
14285.0,22909,1.0,7
14285.0,23008,1.0,8
14285.0,47566,0.0,9
14285.0,85099B,0.0,10
14285.0,20725,0.0,11
14285.0,84879,0.0,12
14285.0,22720,0.0,13
14285.0,22383,0.0,14
14285.0,21212,0.0,15
14285.0,20727,0.0,16
14285.0,20728,0.0,17
14285.0,22384,0.0,18
14285.0,23298,0.0,19
14285.0,POST,0.0,20
14287.0,23078,1.0,1
14287.0,21787,1.0,2
14287.0,84212,1.0,3
14287.0,85123A,0.0,4
14287.0,22423,0.0,5
14287.0,47566,0.0,6
14287.0,85099B,0.0,7
14287.0,20725,0.0,8
14287.0,84879,0.0,9
14287.0,22720,0.0,10
14287.0,22383,0.0,11
14287.0,21212,0.0,12
14287.0,20727,0.0,13
14287.0,20728,0.0,14
14287.0,22384,0.0,15
14287.0,23298,0.0,16
14287.0,POST,0.0,17
14287.0,22457,0.0,18
14287.0,22382,0.0,19
14287.0,22960,0.0,20
14291.0,22423,1.0,1
14291.0,20725,1.0,2
14291.0,23298,1.0,3
14291.0,22382,1.0,4
14291.0,22197,1.0,5
14291.0,20726,1.0,6
14291.0,22629,1.0,7
14291.0,22090,1.0,8
14291.0,22139,1.0,9
14291.0,22138,1.0,10
14291.0,22662,1.0,11
14291.0,23207,1.0,12
14291.0,22630,1.0,13
14291.0,22149,1.0,14
14291.0,21790,1.0,15
14291.0,22551,1.0,16
14291.0,21915,1.0,17
14291.0,22966,1.0,18
14291.0,21731,1.0,19
14291.0,22083,1.0,20
14295.0,85123A,0.0,1
14295.0,22423,0.0,2
14295.0,47566,0.0,3
14295.0,85099B,0.0,4
14295.0,20725,0.0,5
14295.0,84879,0.0,6
14295.0,22720,0.0,7
14295.0,22383,0.0,8
14295.0,21212,0.0,9
14295.0,20727,0.0,10
14295.0,20728,0.0,11
14295.0,22384,0.0,12
14295.0,23298,0.0,13
14295.0,POST,0.0,14
14295.0,22457,0.0,15
14295.0,22382,0.0,16
14295.0,22960,0.0,17
14295.0,22961,0.0,18
14295.0,22469,0.0,19
14295.0,82482,0.0,20
14332.0,22470,1.0,1
14332.0,21034,1.0,2
14332.0,23322,1.0,3
14332.0,84945,1.0,4
14332.0,72741,1.0,5
14332.0,22632,1.0,6
14332.0,23103,1.0,7
14332.0,22866,1.0,8
14332.0,23109,1.0,9
14332.0,85123A,0.0,10
14332.0,22423,0.0,11
14332.0,47566,0.0,12
14332.0,85099B,0.0,13
14332.0,20725,0.0,14
14332.0,84879,0.0,15
14332.0,22720,0.0,16
14332.0,22383,0.0,17
14332.0,21212,0.0,18
14332.0,20727,0.0,19
14332.0,20728,0.0,20
14334.0,22457,1.0,1
14334.0,22469,1.0,2
14334.0,22470,1.0,3
14334.0,22077,1.0,4
14334.0,82484,1.0,5
14334.0,48187,1.0,6
14334.0,84946,1.0,7
14334.0,21975,1.0,8
14334.0,84378,1.0,9
14334.0,48194,1.0,10
14334.0,84380,1.0,11
14334.0,84992,1.0,12
14334.0,22776,1.0,13
14334.0,23301,1.0,14
14334.0,23284,1.0,15
14334.0,23300,1.0,16
14334.0,21524,1.0,17
14334.0,21155,1.0,18
14334.0,21523,1.0,19
14334.0,22692,1.0,20
14367.0,85123A,1.0,1
14367.0,47566,1.0,2
14367.0,85099B,1.0,3
14367.0,20725,1.0,4
14367.0,22720,1.0,5
14367.0,22383,1.0,6
14367.0,21212,1.0,7
14367.0,20727,1.0,8
14367.0,20728,1.0,9
14367.0,22384,1.0,10
14367.0,23298,1.0,11
14367.0,22457,1.0,12
14367.0,22382,1.0,13
14367.0,22960,1.0,14
14367.0,22993,1.0,15
14367.0,22386,1.0,16
14367.0,23206,1.0,17
14367.0,20726,1.0,18
14367.0,23209,1.0,19
14367.0,23203,1.0,20
14385.0,85123A,0.0,1
14385.0,22423,0.0,2
14385.0,47566,0.0,3
14385.0,85099B,0.0,4
14385.0,20725,0.0,5
14385.0,84879,0.0,6
14385.0,22720,0.0,7
14385.0,22383,0.0,8
14385.0,21212,0.0,9
14385.0,20727,0.0,10
14385.0,20728,0.0,11
14385.0,22384,0.0,12
14385.0,23298,0.0,13
14385.0,POST,0.0,14
14385.0,22457,0.0,15
14385.0,22382,0.0,16
14385.0,22960,0.0,17
14385.0,22961,0.0,18
14385.0,22469,0.0,19
14385.0,82482,0.0,20
14397.0,22178,1.0,1
14397.0,82484,1.0,2
14397.0,84946,1.0,3
14397.0,22855,1.0,4
14397.0,20975,1.0,5
14397.0,23144,1.0,6
14397.0,23145,1.0,7
14397.0,22606,0.002840238102073823,8
14397.0,22849,0.002840238102073823,9
14397.0,22839,0.002840238102073823,10
14397.0,22848,0.002840238102073823,11
14397.0,23007,0.002840238102073823,12
14397.0,72760B,0.002840238102073823,13
14397.0,84078A,0.002840238102073823,14
14397.0,C2,0.002840238102073823,15
14397.0,23065,0.002840238102073823,16
14397.0,22236,0.002840238102073823,17
14397.0,22776,0.002831194434076924,18
14397.0,22487,0.002831194434076924,19
14397.0,22605,0.002831194434076924,20
14401.0,84879,1.0,1
14401.0,22469,1.0,2
14401.0,82482,1.0,3
14401.0,22470,1.0,4
14401.0,82494L,1.0,5
14401.0,82486,1.0,6
14401.0,82483,1.0,7
14401.0,21165,1.0,8
14401.0,23321,1.0,9
14401.0,23322,1.0,10
14401.0,22693,1.0,11
14401.0,72741,1.0,12
14401.0,23148,1.0,13
14401.0,21519,1.0,14
14401.0,21179,1.0,15
14401.0,23110,1.0,16
14401.0,48111,1.0,17
14401.0,85132C,1.0,18
14401.0,85184C,1.0,19
14401.0,20992,1.0,20
14408.0,84879,1.0,1
14408.0,23298,1.0,2
14408.0,22178,1.0,3
14408.0,21034,1.0,4
14408.0,21175,1.0,5
14408.0,82484,1.0,6
14408.0,21232,1.0,7
14408.0,21181,1.0,8
14408.0,85152,1.0,9
14408.0,82486,1.0,10
14408.0,21166,1.0,11
14408.0,84946,1.0,12
14408.0,82600,1.0,13
14408.0,22625,1.0,14
14408.0,84836,1.0,15
14408.0,21165,1.0,16
14408.0,21907,1.0,17
14408.0,15036,1.0,18
14408.0,21985,1.0,19
14408.0,22112,1.0,20
14419.0,85123A,1.0,1
14419.0,47566,1.0,2
14419.0,85099B,1.0,3
14419.0,23203,1.0,4
14419.0,21931,1.0,5
14419.0,22727,1.0,6
14419.0,21754,1.0,7
14419.0,21034,1.0,8
14419.0,85099C,1.0,9
14419.0,20685,1.0,10
14419.0,22726,1.0,11
14419.0,23202,1.0,12
14419.0,84380,1.0,13
14419.0,22554,1.0,14
14419.0,22551,1.0,15
14419.0,22728,1.0,16
14419.0,22556,1.0,17
14419.0,82483,1.0,18
14419.0,22385,1.0,19
14419.0,22557,1.0,20
14428.0,85123A,1.0,1
14428.0,22423,1.0,2
14428.0,22457,1.0,3
14428.0,21034,1.0,4
14428.0,84978,1.0,5
14428.0,22776,1.0,6
14428.0,22429,1.0,7
14428.0,22507,1.0,8
14428.0,22595,1.0,9
14428.0,22840,1.0,10
14428.0,84947,1.0,11
14428.0,85053,1.0,12
14428.0,21714,1.0,13
14428.0,22426,1.0,14
14428.0,22180,1.0,15
14428.0,21411,1.0,16
14428.0,22839,1.0,17
14428.0,21257,1.0,18
14428.0,72807C,1.0,19
14428.0,21609,1.0,20
14432.0,85123A,1.0,1
14432.0,47566,1.0,2
14432.0,23298,1.0,3
14432.0,22469,1.0,4
14432.0,82482,1.0,5
14432.0,22993,1.0,6
14432.0,82494L,1.0,7
14432.0,22766,1.0,8
14432.0,82483,1.0,9
14432.0,82580,1.0,10
14432.0,21136,1.0,11
14432.0,22488,1.0,12
14432.0,22151,1.0,13
14432.0,22637,1.0,14
14432.0,22294,1.0,15
14432.0,71477,1.0,16
14432.0,22672,1.0,17
14432.0,22669,1.0,18
14432.0,23169,1.0,19
14432.0,21394,1.0,20
14443.0,85123A,1.0,1
14443.0,84879,1.0,2
14443.0,22961,1.0,3
14443.0,22469,1.0,4
14443.0,22178,1.0,5
14443.0,23209,1.0,6
14443.0,22470,1.0,7
14443.0,22077,1.0,8
14443.0,22139,1.0,9
14443.0,22138,1.0,10
14443.0,21232,1.0,11
14443.0,22084,1.0,12
14443.0,84380,1.0,13
14443.0,22766,1.0,14
14443.0,84836,1.0,15
14443.0,22379,1.0,16
14443.0,84077,1.0,17
14443.0,82580,1.0,18
14443.0,22029,1.0,19
14443.0,20718,1.0,20
14448.0,22457,1.0,1
14448.0,22197,1.0,2
14448.0,22470,1.0,3
14448.0,85099C,1.0,4
14448.0,21929,1.0,5
14448.0,21928,1.0,6
14448.0,22776,1.0,7
14448.0,22553,1.0,8
14448.0,22086,1.0,9
14448.0,20978,1.0,10
14448.0,21864,1.0,11
14448.0,21584,1.0,12
14448.0,85123A,0.0,13
14448.0,22423,0.0,14
14448.0,47566,0.0,15
14448.0,85099B,0.0,16
14448.0,20725,0.0,17
14448.0,84879,0.0,18
14448.0,22720,0.0,19
14448.0,22383,0.0,20
14474.0,85123A,0.0,1
14474.0,22423,0.0,2
14474.0,47566,0.0,3
14474.0,85099B,0.0,4
14474.0,20725,0.0,5
14474.0,84879,0.0,6
14474.0,22720,0.0,7
14474.0,22383,0.0,8
14474.0,21212,0.0,9
14474.0,20727,0.0,10
14474.0,20728,0.0,11
14474.0,22384,0.0,12
14474.0,23298,0.0,13
14474.0,POST,0.0,14
14474.0,22457,0.0,15
14474.0,22382,0.0,16
14474.0,22960,0.0,17
14474.0,22961,0.0,18
14474.0,22469,0.0,19
14474.0,82482,0.0,20
14477.0,23199,1.0,1
14477.0,85099C,1.0,2
14477.0,23200,1.0,3
14477.0,85123A,0.0,4
14477.0,22423,0.0,5
14477.0,47566,0.0,6
14477.0,85099B,0.0,7
14477.0,20725,0.0,8
14477.0,84879,0.0,9
14477.0,22720,0.0,10
14477.0,22383,0.0,11
14477.0,21212,0.0,12
14477.0,20727,0.0,13
14477.0,20728,0.0,14
14477.0,22384,0.0,15
14477.0,23298,0.0,16
14477.0,POST,0.0,17
14477.0,22457,0.0,18
14477.0,22382,0.0,19
14477.0,22960,0.0,20
14482.0,85099B,1.0,1
14482.0,22386,1.0,2
14482.0,22197,1.0,3
14482.0,21931,1.0,4
14482.0,22411,1.0,5
14482.0,85099F,1.0,6
14482.0,22558,1.0,7
14482.0,85099C,1.0,8
14482.0,21929,1.0,9
14482.0,22385,1.0,10
14482.0,48184,1.0,11
14482.0,22111,1.0,12
14482.0,82582,1.0,13
14482.0,22381,1.0,14
14482.0,22567,1.0,15
14482.0,23184,1.0,16
14482.0,23168,1.0,17
14482.0,22906,1.0,18
14482.0,85123A,0.0,19
14482.0,22423,0.0,20
14499.0,85123A,1.0,1
14499.0,20727,1.0,2
14499.0,20728,1.0,3
14499.0,22384,1.0,4
14499.0,22457,1.0,5
14499.0,22960,1.0,6
14499.0,22993,1.0,7
14499.0,23206,1.0,8
14499.0,20726,1.0,9
14499.0,23209,1.0,10
14499.0,22470,1.0,11
14499.0,20724,1.0,12
14499.0,82484,1.0,13
14499.0,22662,1.0,14
14499.0,23207,1.0,15
14499.0,21733,1.0,16
14499.0,20723,1.0,17
14499.0,22554,1.0,18
14499.0,22551,1.0,19
14499.0,84970S,1.0,20
14528.0,85123A,0.0,1
14528.0,22423,0.0,2
14528.0,47566,0.0,3
14528.0,85099B,0.0,4
14528.0,20725,0.0,5
14528.0,84879,0.0,6
14528.0,22720,0.0,7
14528.0,22383,0.0,8
14528.0,21212,0.0,9
14528.0,20727,0.0,10
14528.0,20728,0.0,11
14528.0,22384,0.0,12
14528.0,23298,0.0,13
14528.0,POST,0.0,14
14528.0,22457,0.0,15
14528.0,22382,0.0,16
14528.0,22960,0.0,17
14528.0,22961,0.0,18
14528.0,22469,0.0,19
14528.0,82482,0.0,20
14534.0,22423,1.0,1
14534.0,47566,1.0,2
14534.0,22720,1.0,3
14534.0,22383,1.0,4
14534.0,21212,1.0,5
14534.0,23298,1.0,6
14534.0,22382,1.0,7
14534.0,22961,1.0,8
14534.0,22469,1.0,9
14534.0,22993,1.0,10
14534.0,22386,1.0,11
14534.0,23203,1.0,12
14534.0,21080,1.0,13
14534.0,21931,1.0,14
14534.0,22727,1.0,15
14534.0,22411,1.0,16
14534.0,22470,1.0,17
14534.0,85099F,1.0,18
14534.0,22629,1.0,19
14534.0,21977,1.0,20
14539.0,85123A,0.0,1
14539.0,22423,0.0,2
14539.0,47566,0.0,3
14539.0,85099B,0.0,4
14539.0,20725,0.0,5
14539.0,84879,0.0,6
14539.0,22720,0.0,7
14539.0,22383,0.0,8
14539.0,21212,0.0,9
14539.0,20727,0.0,10
14539.0,20728,0.0,11
14539.0,22384,0.0,12
14539.0,23298,0.0,13
14539.0,POST,0.0,14
14539.0,22457,0.0,15
14539.0,22382,0.0,16
14539.0,22960,0.0,17
14539.0,22961,0.0,18
14539.0,22469,0.0,19
14539.0,82482,0.0,20
14544.0,20728,1.0,1
14544.0,22457,1.0,2
14544.0,22382,1.0,3
14544.0,22411,1.0,4
14544.0,22355,1.0,5
14544.0,22551,1.0,6
14544.0,22356,1.0,7
14544.0,22556,1.0,8
14544.0,22652,1.0,9
14544.0,84077,1.0,10
14544.0,22553,1.0,11
14544.0,22607,1.0,12
14544.0,20750,1.0,13
14544.0,22555,1.0,14
14544.0,20749,1.0,15
14544.0,22502,1.0,16
14544.0,21672,1.0,17
14544.0,21430,1.0,18
14544.0,21671,1.0,19
14544.0,22488,1.0,20
14551.0,23298,1.0,1
14551.0,22791,1.0,2
14551.0,22485,1.0,3
14551.0,23118,1.0,4
14551.0,85123A,0.0,5
14551.0,22423,0.0,6
14551.0,47566,0.0,7
14551.0,85099B,0.0,8
14551.0,20725,0.0,9
14551.0,84879,0.0,10
14551.0,22720,0.0,11
14551.0,22383,0.0,12
14551.0,21212,0.0,13
14551.0,20727,0.0,14
14551.0,20728,0.0,15
14551.0,22384,0.0,16
14551.0,POST,0.0,17
14551.0,22457,0.0,18
14551.0,22382,0.0,19
14551.0,22960,0.0,20
14554.0,85123A,0.0,1
14554.0,22423,0.0,2
14554.0,47566,0.0,3
14554.0,85099B,0.0,4
14554.0,20725,0.0,5
14554.0,84879,0.0,6
14554.0,22720,0.0,7
14554.0,22383,0.0,8
14554.0,21212,0.0,9
14554.0,20727,0.0,10
14554.0,20728,0.0,11
14554.0,22384,0.0,12
14554.0,23298,0.0,13
14554.0,POST,0.0,14
14554.0,22457,0.0,15
14554.0,22382,0.0,16
14554.0,22960,0.0,17
14554.0,22961,0.0,18
14554.0,22469,0.0,19
14554.0,82482,0.0,20
14577.0,22383,1.0,1
14577.0,22382,1.0,2
14577.0,21931,1.0,3
14577.0,21034,1.0,4
14577.0,85099F,1.0,5
14577.0,84755,1.0,6
14577.0,21175,1.0,7
14577.0,85099C,1.0,8
14577.0,22662,1.0,9
14577.0,21929,1.0,10
14577.0,21181,1.0,11
14577.0,22355,1.0,12
14577.0,85152,1.0,13
14577.0,21166,1.0,14
14577.0,21928,1.0,15
14577.0,20723,1.0,16
14577.0,84380,1.0,17
14577.0,82600,1.0,18
14577.0,20712,1.0,19
14577.0,22385,1.0,20
14578.0,85123A,0.0,1
14578.0,22423,0.0,2
14578.0,47566,0.0,3
14578.0,85099B,0.0,4
14578.0,20725,0.0,5
14578.0,84879,0.0,6
14578.0,22720,0.0,7
14578.0,22383,0.0,8
14578.0,21212,0.0,9
14578.0,20727,0.0,10
14578.0,20728,0.0,11
14578.0,22384,0.0,12
14578.0,23298,0.0,13
14578.0,POST,0.0,14
14578.0,22457,0.0,15
14578.0,22382,0.0,16
14578.0,22960,0.0,17
14578.0,22961,0.0,18
14578.0,22469,0.0,19
14578.0,82482,0.0,20
14594.0,22457,1.0,1
14594.0,22469,1.0,2
14594.0,22470,1.0,3
14594.0,21524,1.0,4
14594.0,21523,1.0,5
14594.0,22173,1.0,6
14594.0,22752,1.0,7
14594.0,22086,1.0,8
14594.0,22088,1.0,9
14594.0,84949,1.0,10
14594.0,22910,1.0,11
14594.0,22195,1.0,12
14594.0,22791,1.0,13
14594.0,48129,1.0,14
14594.0,22584,1.0,15
14594.0,21471,1.0,16
14594.0,21467,1.0,17
14594.0,85123A,0.0,18
14594.0,22423,0.0,19
14594.0,47566,0.0,20
14595.0,85123A,1.0,1
14595.0,22423,1.0,2
14595.0,47566,1.0,3
14595.0,84879,1.0,4
14595.0,20728,1.0,5
14595.0,22993,1.0,6
14595.0,22197,1.0,7
14595.0,22470,1.0,8
14595.0,21977,1.0,9
14595.0,22139,1.0,10
14595.0,21175,1.0,11
14595.0,22138,1.0,12
14595.0,21181,1.0,13
14595.0,22355,1.0,14
14595.0,22326,1.0,15
14595.0,84378,1.0,16
14595.0,84380,1.0,17
14595.0,22554,1.0,18
14595.0,21559,1.0,19
14595.0,22328,1.0,20
14606.0,85123A,1.0,1
14606.0,22423,1.0,2
14606.0,47566,1.0,3
14606.0,85099B,1.0,4
14606.0,20725,1.0,5
14606.0,84879,1.0,6
14606.0,21212,1.0,7
14606.0,20727,1.0,8
14606.0,20728,1.0,9
14606.0,POST,1.0,10
14606.0,22457,1.0,11
14606.0,22382,1.0,12
14606.0,22178,1.0,13
14606.0,22386,1.0,14
14606.0,22197,1.0,15
14606.0,20726,1.0,16
14606.0,22699,1.0,17
14606.0,21080,1.0,18
14606.0,21931,1.0,19
14606.0,22411,1.0,20
14621.0,22423,1.0,1
14621.0,47566,1.0,2
14621.0,22383,1.0,3
14621.0,20727,1.0,4
14621.0,20728,1.0,5
14621.0,22384,1.0,6
14621.0,22382,1.0,7
14621.0,22961,1.0,8
14621.0,22386,1.0,9
14621.0,20726,1.0,10
14621.0,22699,1.0,11
14621.0,21931,1.0,12
14621.0,22697,1.0,13
14621.0,22090,1.0,14
14621.0,23199,1.0,15
14621.0,84755,1.0,16
14621.0,23201,1.0,17
14621.0,23207,1.0,18
14621.0,23202,1.0,19
14621.0,23208,1.0,20
14641.0,85123A,0.0,1
14641.0,22423,0.0,2
14641.0,47566,0.0,3
14641.0,85099B,0.0,4
14641.0,20725,0.0,5
14641.0,84879,0.0,6
14641.0,22720,0.0,7
14641.0,22383,0.0,8
14641.0,21212,0.0,9
14641.0,20727,0.0,10
14641.0,20728,0.0,11
14641.0,22384,0.0,12
14641.0,23298,0.0,13
14641.0,POST,0.0,14
14641.0,22457,0.0,15
14641.0,22382,0.0,16
14641.0,22960,0.0,17
14641.0,22961,0.0,18
14641.0,22469,0.0,19
14641.0,82482,0.0,20
14655.0,47566,1.0,1
14655.0,85099B,1.0,2
14655.0,22386,1.0,3
14655.0,21931,1.0,4
14655.0,22411,1.0,5
14655.0,23199,1.0,6
14655.0,21929,1.0,7
14655.0,21928,1.0,8
14655.0,22652,1.0,9
14655.0,84970L,1.0,10
14655.0,21485,1.0,11
14655.0,22435,1.0,12
14655.0,23077,1.0,13
14655.0,23076,1.0,14
14655.0,23144,1.0,15
14655.0,22633,1.0,16
14655.0,22436,1.0,17
14655.0,22632,1.0,18
14655.0,85123A,0.0,19
14655.0,22423,0.0,20
14659.0,22423,1.0,1
14659.0,85099B,1.0,2
14659.0,20725,1.0,3
14659.0,84879,1.0,4
14659.0,22720,1.0,5
14659.0,20727,1.0,6
14659.0,22384,1.0,7
14659.0,22457,1.0,8
14659.0,22382,1.0,9
14659.0,22469,1.0,10
14659.0,82482,1.0,11
14659.0,22386,1.0,12
14659.0,23209,1.0,13
14659.0,23203,1.0,14
14659.0,22666,1.0,15
14659.0,84991,1.0,16
14659.0,85099C,1.0,17
14659.0,22138,1.0,18
14659.0,20685,1.0,19
14659.0,22662,1.0,20
14661.0,85123A,0.0,1
14661.0,22423,0.0,2
14661.0,47566,0.0,3
14661.0,85099B,0.0,4
14661.0,20725,0.0,5
14661.0,84879,0.0,6
14661.0,22720,0.0,7
14661.0,22383,0.0,8
14661.0,21212,0.0,9
14661.0,20727,0.0,10
14661.0,20728,0.0,11
14661.0,22384,0.0,12
14661.0,23298,0.0,13
14661.0,POST,0.0,14
14661.0,22457,0.0,15
14661.0,22382,0.0,16
14661.0,22960,0.0,17
14661.0,22961,0.0,18
14661.0,22469,0.0,19
14661.0,82482,0.0,20
14662.0,47566,1.0,1
14662.0,22384,1.0,2
14662.0,23206,1.0,3
14662.0,20726,1.0,4
14662.0,22727,1.0,5
14662.0,22662,1.0,6
14662.0,23207,1.0,7
14662.0,22907,1.0,8
14662.0,48187,1.0,9
14662.0,22084,1.0,10
14662.0,22326,1.0,11
14662.0,22467,1.0,12
14662.0,22554,1.0,13
14662.0,22551,1.0,14
14662.0,22556,1.0,15
14662.0,22328,1.0,16
14662.0,21915,1.0,17
14662.0,22729,1.0,18
14662.0,21731,1.0,19
14662.0,22557,1.0,20
14666.0,85123A,0.0,1
14666.0,22423,0.0,2
14666.0,47566,0.0,3
14666.0,85099B,0.0,4
14666.0,20725,0.0,5
14666.0,84879,0.0,6
14666.0,22720,0.0,7
14666.0,22383,0.0,8
14666.0,21212,0.0,9
14666.0,20727,0.0,10
14666.0,20728,0.0,11
14666.0,22384,0.0,12
14666.0,23298,0.0,13
14666.0,POST,0.0,14
14666.0,22457,0.0,15
14666.0,22382,0.0,16
14666.0,22960,0.0,17
14666.0,22961,0.0,18
14666.0,22469,0.0,19
14666.0,82482,0.0,20
14696.0,82482,1.0,1
14696.0,22178,1.0,2
14696.0,21080,1.0,3
14696.0,85099C,1.0,4
14696.0,84978,1.0,5
14696.0,82484,1.0,6
14696.0,22624,1.0,7
14696.0,21790,1.0,8
14696.0,21559,1.0,9
14696.0,21213,1.0,10
14696.0,84375,1.0,11
14696.0,21533,1.0,12
14696.0,22171,1.0,13
14696.0,20676,1.0,14
14696.0,21238,1.0,15
14696.0,21770,1.0,16
14696.0,22488,1.0,17
14696.0,22456,1.0,18
14696.0,71053,1.0,19
14696.0,21558,1.0,20
14698.0,85123A,0.0,1
14698.0,22423,0.0,2
14698.0,47566,0.0,3
14698.0,85099B,0.0,4
14698.0,20725,0.0,5
14698.0,84879,0.0,6
14698.0,22720,0.0,7
14698.0,22383,0.0,8
14698.0,21212,0.0,9
14698.0,20727,0.0,10
14698.0,20728,0.0,11
14698.0,22384,0.0,12
14698.0,23298,0.0,13
14698.0,POST,0.0,14
14698.0,22457,0.0,15
14698.0,22382,0.0,16
14698.0,22960,0.0,17
14698.0,22961,0.0,18
14698.0,22469,0.0,19
14698.0,82482,0.0,20
14704.0,85123A,1.0,1
14704.0,22469,1.0,2
14704.0,82482,1.0,3
14704.0,22178,1.0,4
14704.0,22666,1.0,5
14704.0,21080,1.0,6
14704.0,22470,1.0,7
14704.0,20914,1.0,8
14704.0,21034,1.0,9
14704.0,82494L,1.0,10
14704.0,21175,1.0,11
14704.0,84978,1.0,12
14704.0,21733,1.0,13
14704.0,21181,1.0,14
14704.0,85152,1.0,15
14704.0,22427,1.0,16
14704.0,21166,1.0,17
14704.0,48194,1.0,18
14704.0,82600,1.0,19
14704.0,84970S,1.0,20
14708.0,84946,1.0,1
14708.0,22551,1.0,2
14708.0,22556,1.0,3
14708.0,21137,1.0,4
14708.0,84945,1.0,5
14708.0,20975,1.0,6
14708.0,22622,1.0,7
14708.0,22623,1.0,8
14708.0,22534,1.0,9
14708.0,85123A,0.0,10
14708.0,22423,0.0,11
14708.0,47566,0.0,12
14708.0,85099B,0.0,13
14708.0,20725,0.0,14
14708.0,84879,0.0,15
14708.0,22720,0.0,16
14708.0,22383,0.0,17
14708.0,21212,0.0,18
14708.0,20727,0.0,19
14708.0,20728,0.0,20
14710.0,22382,1.0,1
14710.0,22197,1.0,2
14710.0,22411,1.0,3
14710.0,85099C,1.0,4
14710.0,20685,1.0,5
14710.0,22169,1.0,6
14710.0,84945,1.0,7
14710.0,23192,1.0,8
14710.0,84947,1.0,9
14710.0,23169,1.0,10
14710.0,85062,1.0,11
14710.0,23283,1.0,12
14710.0,22982,1.0,13
14710.0,23190,1.0,14
14710.0,85123A,0.0,15
14710.0,22423,0.0,16
14710.0,47566,0.0,17
14710.0,85099B,0.0,18
14710.0,20725,0.0,19
14710.0,84879,0.0,20
14711.0,85123A,1.0,1
14711.0,47566,1.0,2
14711.0,20725,1.0,3
14711.0,84879,1.0,4
14711.0,21212,1.0,5
14711.0,20727,1.0,6
14711.0,22384,1.0,7
14711.0,23298,1.0,8
14711.0,22469,1.0,9
14711.0,82482,1.0,10
14711.0,22178,1.0,11
14711.0,22197,1.0,12
14711.0,20726,1.0,13
14711.0,22470,1.0,14
14711.0,21754,1.0,15
14711.0,82494L,1.0,16
14711.0,22629,1.0,17
14711.0,22558,1.0,18
14711.0,22077,1.0,19
14711.0,82484,1.0,20
14712.0,22423,1.0,1
14712.0,84978,1.0,2
14712.0,22111,1.0,3
14712.0,22112,1.0,4
14712.0,22989,1.0,5
14712.0,22835,1.0,6
14712.0,22906,1.0,7
14712.0,23166,1.0,8
14712.0,22801,1.0,9
14712.0,23167,1.0,10
14712.0,85123A,0.0,11
14712.0,47566,0.0,12
14712.0,85099B,0.0,13
14712.0,20725,0.0,14
14712.0,84879,0.0,15
14712.0,22720,0.0,16
14712.0,22383,0.0,17
14712.0,21212,0.0,18
14712.0,20727,0.0,19
14712.0,20728,0.0,20
14731.0,47566,1.0,1
14731.0,22383,1.0,2
14731.0,22384,1.0,3
14731.0,21034,1.0,4
14731.0,84378,1.0,5
14731.0,84380,1.0,6
14731.0,22147,1.0,7
14731.0,21933,1.0,8
14731.0,84596B,1.0,9
14731.0,22964,1.0,10
14731.0,84596F,1.0,11
14731.0,47559B,1.0,12
14731.0,85132C,1.0,13
14731.0,21713,1.0,14
14731.0,47504K,1.0,15
14731.0,85184C,1.0,16
14731.0,84828,1.0,17
14731.0,23280,1.0,18
14731.0,85123A,0.0,19
14731.0,22423,0.0,20
14738.0,85123A,1.0,1
14738.0,21175,1.0,2
14738.0,21733,1.0,3
14738.0,21181,1.0,4
14738.0,85152,1.0,5
14738.0,21166,1.0,6
14738.0,21165,1.0,7
14738.0,22191,1.0,8
14738.0,21907,1.0,9
14738.0,21174,1.0,10
14738.0,21908,1.0,11
14738.0,22413,1.0,12
14738.0,22112,1.0,13
14738.0,22192,1.0,14
14738.0,21172,1.0,15
14738.0,21169,1.0,16
14738.0,85014B,1.0,17
14738.0,22926,1.0,18
14738.0,85014A,1.0,19
14738.0,22967,1.0,20
14755.0,85123A,1.0,1
14755.0,22423,1.0,2
14755.0,47566,1.0,3
14755.0,85099B,1.0,4
14755.0,84879,1.0,5
14755.0,22720,1.0,6
14755.0,21212,1.0,7
14755.0,23298,1.0,8
14755.0,22961,1.0,9
14755.0,22386,1.0,10
14755.0,22727,1.0,11
14755.0,22411,1.0,12
14755.0,22470,1.0,13
14755.0,21977,1.0,14
14755.0,22558,1.0,15
14755.0,84755,1.0,16
14755.0,22139,1.0,17
14755.0,21175,1.0,18
14755.0,22726,1.0,19
14755.0,21929,1.0,20
14788.0,85123A,0.0,1
14788.0,22423,0.0,2
14788.0,47566,0.0,3
14788.0,85099B,0.0,4
14788.0,20725,0.0,5
14788.0,84879,0.0,6
14788.0,22720,0.0,7
14788.0,22383,0.0,8
14788.0,21212,0.0,9
14788.0,20727,0.0,10
14788.0,20728,0.0,11
14788.0,22384,0.0,12
14788.0,23298,0.0,13
14788.0,POST,0.0,14
14788.0,22457,0.0,15
14788.0,22382,0.0,16
14788.0,22960,0.0,17
14788.0,22961,0.0,18
14788.0,22469,0.0,19
14788.0,82482,0.0,20
14793.0,85123A,0.0,1
14793.0,22423,0.0,2
14793.0,47566,0.0,3
14793.0,85099B,0.0,4
14793.0,20725,0.0,5
14793.0,84879,0.0,6
14793.0,22720,0.0,7
14793.0,22383,0.0,8
14793.0,21212,0.0,9
14793.0,20727,0.0,10
14793.0,20728,0.0,11
14793.0,22384,0.0,12
14793.0,23298,0.0,13
14793.0,POST,0.0,14
14793.0,22457,0.0,15
14793.0,22382,0.0,16
14793.0,22960,0.0,17
14793.0,22961,0.0,18
14793.0,22469,0.0,19
14793.0,82482,0.0,20
14794.0,20728,1.0,1
14794.0,22384,1.0,2
14794.0,22727,1.0,3
14794.0,85099C,1.0,4
14794.0,22726,1.0,5
14794.0,23202,1.0,6
14794.0,21559,1.0,7
14794.0,22729,1.0,8
14794.0,22908,1.0,9
14794.0,21535,1.0,10
14794.0,23173,1.0,11
14794.0,23170,1.0,12
14794.0,21937,1.0,13
14794.0,22847,1.0,14
14794.0,23052,1.0,15
14794.0,21078,1.0,16
14794.0,22725,1.0,17
14794.0,22846,1.0,18
14794.0,23171,1.0,19
14794.0,23050,1.0,20
14796.0,85123A,1.0,1
14796.0,22423,1.0,2
14796.0,22720,1.0,3
14796.0,21212,1.0,4
14796.0,82482,1.0,5
14796.0,22993,1.0,6
14796.0,22197,1.0,7
14796.0,21080,1.0,8
14796.0,22629,1.0,9
14796.0,21977,1.0,10
14796.0,84991,1.0,11
14796.0,22722,1.0,12
14796.0,21175,1.0,13
14796.0,21232,1.0,14
14796.0,21733,1.0,15
14796.0,21181,1.0,16
14796.0,22630,1.0,17
14796.0,22907,1.0,18
14796.0,85152,1.0,19
14796.0,21166,1.0,20
14798.0,85123A,1.0,1
14798.0,22178,1.0,2
14798.0,22151,1.0,3
14798.0,22196,1.0,4
14798.0,21114,1.0,5
14798.0,22423,0.0,6
14798.0,47566,0.0,7
14798.0,85099B,0.0,8
14798.0,20725,0.0,9
14798.0,84879,0.0,10
14798.0,22720,0.0,11
14798.0,22383,0.0,12
14798.0,21212,0.0,13
14798.0,20727,0.0,14
14798.0,20728,0.0,15
14798.0,22384,0.0,16
14798.0,23298,0.0,17
14798.0,POST,0.0,18
14798.0,22457,0.0,19
14798.0,22382,0.0,20
14804.0,85123A,0.0,1
14804.0,22423,0.0,2
14804.0,47566,0.0,3
14804.0,85099B,0.0,4
14804.0,20725,0.0,5
14804.0,84879,0.0,6
14804.0,22720,0.0,7
14804.0,22383,0.0,8
14804.0,21212,0.0,9
14804.0,20727,0.0,10
14804.0,20728,0.0,11
14804.0,22384,0.0,12
14804.0,23298,0.0,13
14804.0,POST,0.0,14
14804.0,22457,0.0,15
14804.0,22382,0.0,16
14804.0,22960,0.0,17
14804.0,22961,0.0,18
14804.0,22469,0.0,19
14804.0,82482,0.0,20
14851.0,47566,1.0,1
14851.0,21080,1.0,2
14851.0,22499,1.0,3
14851.0,20750,1.0,4
14851.0,22908,1.0,5
14851.0,20749,1.0,6
14851.0,21137,1.0,7
14851.0,22041,1.0,8
14851.0,85123A,0.0,9
14851.0,22423,0.0,10
14851.0,85099B,0.0,11
14851.0,20725,0.0,12
14851.0,84879,0.0,13
14851.0,22720,0.0,14
14851.0,22383,0.0,15
14851.0,21212,0.0,16
14851.0,20727,0.0,17
14851.0,20728,0.0,18
14851.0,22384,0.0,19
14851.0,23298,0.0,20
14859.0,85099B,1.0,1
14859.0,22961,1.0,2
14859.0,23203,1.0,3
14859.0,21931,1.0,4
14859.0,22411,1.0,5
14859.0,85099F,1.0,6
14859.0,22722,1.0,7
14859.0,22726,1.0,8
14859.0,21929,1.0,9
14859.0,23202,1.0,10
14859.0,21928,1.0,11
14859.0,23245,1.0,12
14859.0,22467,1.0,13
14859.0,22729,1.0,14
14859.0,20713,1.0,15
14859.0,23200,1.0,16
14859.0,15036,1.0,17
14859.0,84692,1.0,18
14859.0,22424,1.0,19
14859.0,21136,1.0,20
14878.0,22139,1.0,1
14878.0,22138,1.0,2
14878.0,21232,1.0,3
14878.0,22969,1.0,4
14878.0,22659,1.0,5
14878.0,23301,1.0,6
14878.0,23284,1.0,7
14878.0,23300,1.0,8
14878.0,22557,1.0,9
14878.0,47566B,1.0,10
14878.0,22998,1.0,11
14878.0,22900,1.0,12
14878.0,21231,1.0,13
14878.0,47591D,1.0,14
14878.0,22646,1.0,15
14878.0,22996,1.0,16
14878.0,20711,1.0,17
14878.0,23077,1.0,18
14878.0,23091,1.0,19
14878.0,22645,1.0,20
14893.0,85123A,0.0,1
14893.0,22423,0.0,2
14893.0,47566,0.0,3
14893.0,85099B,0.0,4
14893.0,20725,0.0,5
14893.0,84879,0.0,6
14893.0,22720,0.0,7
14893.0,22383,0.0,8
14893.0,21212,0.0,9
14893.0,20727,0.0,10
14893.0,20728,0.0,11
14893.0,22384,0.0,12
14893.0,23298,0.0,13
14893.0,POST,0.0,14
14893.0,22457,0.0,15
14893.0,22382,0.0,16
14893.0,22960,0.0,17
14893.0,22961,0.0,18
14893.0,22469,0.0,19
14893.0,82482,0.0,20
14895.0,85123A,1.0,1
14895.0,22423,1.0,2
14895.0,47566,1.0,3
14895.0,20725,1.0,4
14895.0,22720,1.0,5
14895.0,21212,1.0,6
14895.0,23298,1.0,7
14895.0,22960,1.0,8
14895.0,22961,1.0,9
14895.0,82482,1.0,10
14895.0,22993,1.0,11
14895.0,22178,1.0,12
14895.0,23206,1.0,13
14895.0,23209,1.0,14
14895.0,22699,1.0,15
14895.0,22727,1.0,16
14895.0,82494L,1.0,17
14895.0,22697,1.0,18
14895.0,22090,1.0,19
14895.0,21977,1.0,20
14904.0,85123A,0.0,1
14904.0,22423,0.0,2
14904.0,47566,0.0,3
14904.0,85099B,0.0,4
14904.0,20725,0.0,5
14904.0,84879,0.0,6
14904.0,22720,0.0,7
14904.0,22383,0.0,8
14904.0,21212,0.0,9
14904.0,20727,0.0,10
14904.0,20728,0.0,11
14904.0,22384,0.0,12
14904.0,23298,0.0,13
14904.0,POST,0.0,14
14904.0,22457,0.0,15
14904.0,22382,0.0,16
14904.0,22960,0.0,17
14904.0,22961,0.0,18
14904.0,22469,0.0,19
14904.0,82482,0.0,20
14912.0,22197,1.0,1
14912.0,22558,1.0,2
14912.0,21169,1.0,3
14912.0,21164,1.0,4
14912.0,22690,1.0,5
14912.0,23078,1.0,6
14912.0,22243,1.0,7
14912.0,23156,1.0,8
14912.0,23155,1.0,9
14912.0,21700,1.0,10
14912.0,85123A,0.0,11
14912.0,22423,0.0,12
14912.0,47566,0.0,13
14912.0,85099B,0.0,14
14912.0,20725,0.0,15
14912.0,84879,0.0,16
14912.0,22720,0.0,17
14912.0,22383,0.0,18
14912.0,21212,0.0,19
14912.0,20727,0.0,20
14948.0,22720,1.0,1
14948.0,21212,1.0,2
14948.0,22960,1.0,3
14948.0,22666,1.0,4
14948.0,21977,1.0,5
14948.0,84991,1.0,6
14948.0,21975,1.0,7
14948.0,84380,1.0,8
14948.0,22966,1.0,9
14948.0,22900,1.0,10
14948.0,23307,1.0,11
14948.0,47591D,1.0,12
14948.0,21217,1.0,13
14948.0,22970,1.0,14
14948.0,22665,1.0,15
14948.0,22333,1.0,16
14948.0,22721,1.0,17
14948.0,22840,1.0,18
14948.0,23293,1.0,19
14948.0,23308,1.0,20
14950.0,85123A,0.0,1
14950.0,22423,0.0,2
14950.0,47566,0.0,3
14950.0,85099B,0.0,4
14950.0,20725,0.0,5
14950.0,84879,0.0,6
14950.0,22720,0.0,7
14950.0,22383,0.0,8
14950.0,21212,0.0,9
14950.0,20727,0.0,10
14950.0,20728,0.0,11
14950.0,22384,0.0,12
14950.0,23298,0.0,13
14950.0,POST,0.0,14
14950.0,22457,0.0,15
14950.0,22382,0.0,16
14950.0,22960,0.0,17
14950.0,22961,0.0,18
14950.0,22469,0.0,19
14950.0,82482,0.0,20
14953.0,85123A,0.0,1
14953.0,22423,0.0,2
14953.0,47566,0.0,3
14953.0,85099B,0.0,4
14953.0,20725,0.0,5
14953.0,84879,0.0,6
14953.0,22720,0.0,7
14953.0,22383,0.0,8
14953.0,21212,0.0,9
14953.0,20727,0.0,10
14953.0,20728,0.0,11
14953.0,22384,0.0,12
14953.0,23298,0.0,13
14953.0,POST,0.0,14
14953.0,22457,0.0,15
14953.0,22382,0.0,16
14953.0,22960,0.0,17
14953.0,22961,0.0,18
14953.0,22469,0.0,19
14953.0,82482,0.0,20
14961.0,22423,1.0,1
14961.0,47566,1.0,2
14961.0,85099B,1.0,3
14961.0,20725,1.0,4
14961.0,22720,1.0,5
14961.0,21212,1.0,6
14961.0,20727,1.0,7
14961.0,22384,1.0,8
14961.0,23298,1.0,9
14961.0,22960,1.0,10
14961.0,22961,1.0,11
14961.0,22469,1.0,12
14961.0,22993,1.0,13
14961.0,22178,1.0,14
14961.0,22197,1.0,15
14961.0,23209,1.0,16
14961.0,23203,1.0,17
14961.0,22699,1.0,18
14961.0,22666,1.0,19
14961.0,21080,1.0,20
14968.0,85123A,0.0,1
14968.0,22423,0.0,2
14968.0,47566,0.0,3
14968.0,85099B,0.0,4
14968.0,20725,0.0,5
14968.0,84879,0.0,6
14968.0,22720,0.0,7
14968.0,22383,0.0,8
14968.0,21212,0.0,9
14968.0,20727,0.0,10
14968.0,20728,0.0,11
14968.0,22384,0.0,12
14968.0,23298,0.0,13
14968.0,POST,0.0,14
14968.0,22457,0.0,15
14968.0,22382,0.0,16
14968.0,22960,0.0,17
14968.0,22961,0.0,18
14968.0,22469,0.0,19
14968.0,82482,0.0,20
14987.0,85123A,1.0,1
14987.0,21733,1.0,2
14987.0,22423,0.0,3
14987.0,47566,0.0,4
14987.0,85099B,0.0,5
14987.0,20725,0.0,6
14987.0,84879,0.0,7
14987.0,22720,0.0,8
14987.0,22383,0.0,9
14987.0,21212,0.0,10
14987.0,20727,0.0,11
14987.0,20728,0.0,12
14987.0,22384,0.0,13
14987.0,23298,0.0,14
14987.0,POST,0.0,15
14987.0,22457,0.0,16
14987.0,22382,0.0,17
14987.0,22960,0.0,18
14987.0,22961,0.0,19
14987.0,22469,0.0,20
14995.0,85123A,1.0,1
14995.0,82482,1.0,2
14995.0,22197,1.0,3
14995.0,21931,1.0,4
14995.0,22411,1.0,5
14995.0,82494L,1.0,6
14995.0,85099C,1.0,7
14995.0,20712,1.0,8
14995.0,84836,1.0,9
14995.0,21155,1.0,10
14995.0,22900,1.0,11
14995.0,21523,1.0,12
14995.0,22241,1.0,13
14995.0,22295,1.0,14
14995.0,21870,1.0,15
14995.0,20981,1.0,16
14995.0,22156,1.0,17
14995.0,20982,1.0,18
14995.0,22460,1.0,19
14995.0,22614,1.0,20
15010.0,85123A,0.0,1
15010.0,22423,0.0,2
15010.0,47566,0.0,3
15010.0,85099B,0.0,4
15010.0,20725,0.0,5
15010.0,84879,0.0,6
15010.0,22720,0.0,7
15010.0,22383,0.0,8
15010.0,21212,0.0,9
15010.0,20727,0.0,10
15010.0,20728,0.0,11
15010.0,22384,0.0,12
15010.0,23298,0.0,13
15010.0,POST,0.0,14
15010.0,22457,0.0,15
15010.0,22382,0.0,16
15010.0,22960,0.0,17
15010.0,22961,0.0,18
15010.0,22469,0.0,19
15010.0,82482,0.0,20
15021.0,85123A,1.0,1
15021.0,22383,1.0,2
15021.0,20727,1.0,3
15021.0,22384,1.0,4
15021.0,22457,1.0,5
15021.0,22382,1.0,6
15021.0,82482,1.0,7
15021.0,20726,1.0,8
15021.0,22699,1.0,9
15021.0,21931,1.0,10
15021.0,22470,1.0,11
15021.0,21754,1.0,12
15021.0,21034,1.0,13
15021.0,82494L,1.0,14
15021.0,20724,1.0,15
15021.0,85099C,1.0,16
15021.0,23201,1.0,17
15021.0,82484,1.0,18
15021.0,21733,1.0,19
15021.0,21181,1.0,20
15024.0,85123A,1.0,1
15024.0,22423,1.0,2
15024.0,84879,1.0,3
15024.0,22457,1.0,4
15024.0,82482,1.0,5
15024.0,22178,1.0,6
15024.0,22470,1.0,7
15024.0,82494L,1.0,8
15024.0,84978,1.0,9
15024.0,20685,1.0,10
15024.0,48138,1.0,11
15024.0,48187,1.0,12
15024.0,22554,1.0,13
15024.0,22551,1.0,14
15024.0,22766,1.0,15
15024.0,84997D,1.0,16
15024.0,21524,1.0,17
15024.0,22083,1.0,18
15024.0,22692,1.0,19
15024.0,22553,1.0,20
15027.0,47566,1.0,1
15027.0,22383,1.0,2
15027.0,20728,1.0,3
15027.0,23206,1.0,4
15027.0,21232,1.0,5
15027.0,20723,1.0,6
15027.0,22554,1.0,7
15027.0,84970S,1.0,8
15027.0,23284,1.0,9
15027.0,71459,1.0,10
15027.0,48184,1.0,11
15027.0,22607,1.0,12
15027.0,22555,1.0,13
15027.0,22111,1.0,14
15027.0,21889,1.0,15
15027.0,22605,1.0,16
15027.0,21746,1.0,17
15027.0,22433,1.0,18
15027.0,22294,1.0,19
15027.0,22303,1.0,20
15031.0,22423,1.0,1
15031.0,84879,1.0,2
15031.0,22197,1.0,3
15031.0,22699,1.0,4
15031.0,22666,1.0,5
15031.0,22697,1.0,6
15031.0,84978,1.0,7
15031.0,22698,1.0,8
15031.0,48187,1.0,9
15031.0,23245,1.0,10
15031.0,21790,1.0,11
15031.0,22554,1.0,12
15031.0,22551,1.0,13
15031.0,22556,1.0,14
15031.0,22998,1.0,15
15031.0,22730,1.0,16
15031.0,22900,1.0,17
15031.0,84375,1.0,18
15031.0,21669,1.0,19
15031.0,23240,1.0,20
15033.0,22423,1.0,1
15033.0,20725,1.0,2
15033.0,84879,1.0,3
15033.0,22720,1.0,4
15033.0,22383,1.0,5
15033.0,20727,1.0,6
15033.0,20728,1.0,7
15033.0,22384,1.0,8
15033.0,22457,1.0,9
15033.0,22382,1.0,10
15033.0,22961,1.0,11
15033.0,22469,1.0,12
15033.0,23206,1.0,13
15033.0,20726,1.0,14
15033.0,23209,1.0,15
15033.0,21754,1.0,16
15033.0,20914,1.0,17
15033.0,21034,1.0,18
15033.0,22629,1.0,19
15033.0,84991,1.0,20
15053.0,20727,1.0,1
15053.0,20726,1.0,2
15053.0,21034,1.0,3
15053.0,22090,1.0,4
15053.0,23207,1.0,5
15053.0,21791,1.0,6
15053.0,22748,1.0,7
15053.0,22745,1.0,8
15053.0,22980,1.0,9
15053.0,21558,1.0,10
15053.0,22746,1.0,11
15053.0,23077,1.0,12
15053.0,22992,1.0,13
15053.0,22747,1.0,14
15053.0,20981,1.0,15
15053.0,23127,1.0,16
15053.0,20982,1.0,17
15053.0,21577,1.0,18
15053.0,23310,1.0,19
15053.0,22610,1.0,20
15101.0,82599,1.0,1
15101.0,21463,1.0,2
15101.0,85123A,0.0,3
15101.0,22423,0.0,4
15101.0,47566,0.0,5
15101.0,85099B,0.0,6
15101.0,20725,0.0,7
15101.0,84879,0.0,8
15101.0,22720,0.0,9
15101.0,22383,0.0,10
15101.0,21212,0.0,11
15101.0,20727,0.0,12
15101.0,20728,0.0,13
15101.0,22384,0.0,14
15101.0,23298,0.0,15
15101.0,POST,0.0,16
15101.0,22457,0.0,17
15101.0,22382,0.0,18
15101.0,22960,0.0,19
15101.0,22961,0.0,20
15103.0,22720,1.0,1
15103.0,22960,1.0,2
15103.0,22077,1.0,3
15103.0,22907,1.0,4
15103.0,23307,1.0,5
15103.0,16161P,1.0,6
15103.0,22294,1.0,7
15103.0,23293,1.0,8
15103.0,23236,1.0,9
15103.0,22965,1.0,10
15103.0,85053,1.0,11
15103.0,85123A,0.0,12
15103.0,22423,0.0,13
15103.0,47566,0.0,14
15103.0,85099B,0.0,15
15103.0,20725,0.0,16
15103.0,84879,0.0,17
15103.0,22383,0.0,18
15103.0,21212,0.0,19
15103.0,20727,0.0,20
15105.0,22720,1.0,1
15105.0,22457,1.0,2
15105.0,22960,1.0,3
15105.0,22961,1.0,4
15105.0,22666,1.0,5
15105.0,22722,1.0,6
15105.0,84755,1.0,7
15105.0,22969,1.0,8
15105.0,22149,1.0,9
15105.0,84946,1.0,10
15105.0,84378,1.0,11
15105.0,84380,1.0,12
15105.0,84970S,1.0,13
15105.0,20972,1.0,14
15105.0,22147,1.0,15
15105.0,84836,1.0,16
15105.0,22570,1.0,17
15105.0,20971,1.0,18
15105.0,22568,1.0,19
15105.0,23307,1.0,20
15106.0,84879,1.0,1
15106.0,22383,1.0,2
15106.0,20728,1.0,3
15106.0,20726,1.0,4
15106.0,21080,1.0,5
15106.0,21754,1.0,6
15106.0,82494L,1.0,7
15106.0,22558,1.0,8
15106.0,84755,1.0,9
15106.0,22138,1.0,10
15106.0,22662,1.0,11
15106.0,23207,1.0,12
15106.0,21733,1.0,13
15106.0,22969,1.0,14
15106.0,22427,1.0,15
15106.0,84946,1.0,16
15106.0,21559,1.0,17
15106.0,21155,1.0,18
15106.0,15036,1.0,19
15106.0,22501,1.0,20
15117.0,85099B,1.0,1
15117.0,20725,1.0,2
15117.0,22383,1.0,3
15117.0,21212,1.0,4
15117.0,20727,1.0,5
15117.0,22384,1.0,6
15117.0,22386,1.0,7
15117.0,23209,1.0,8
15117.0,23203,1.0,9
15117.0,20724,1.0,10
15117.0,84755,1.0,11
15117.0,23202,1.0,12
15117.0,22355,1.0,13
15117.0,23208,1.0,14
15117.0,22149,1.0,15
15117.0,20723,1.0,16
15117.0,22776,1.0,17
15117.0,21213,1.0,18
15117.0,22147,1.0,19
15117.0,23307,1.0,20
15132.0,85123A,1.0,1
15132.0,21212,1.0,2
15132.0,20728,1.0,3
15132.0,20726,1.0,4
15132.0,21080,1.0,5
15132.0,22090,1.0,6
15132.0,84991,1.0,7
15132.0,22138,1.0,8
15132.0,21733,1.0,9
15132.0,21790,1.0,10
15132.0,22467,1.0,11
15132.0,22356,1.0,12
15132.0,22804,1.0,13
15132.0,22553,1.0,14
15132.0,20718,1.0,15
15132.0,21791,1.0,16
15132.0,22111,1.0,17
15132.0,21485,1.0,18
15132.0,22851,1.0,19
15132.0,22113,1.0,20
15144.0,85099B,1.0,1
15144.0,20725,1.0,2
15144.0,21212,1.0,3
15144.0,20727,1.0,4
15144.0,20728,1.0,5
15144.0,22384,1.0,6
15144.0,22382,1.0,7
15144.0,22960,1.0,8
15144.0,22961,1.0,9
15144.0,22993,1.0,10
15144.0,22386,1.0,11
15144.0,23203,1.0,12
15144.0,21931,1.0,13
15144.0,22727,1.0,14
15144.0,85099F,1.0,15
15144.0,21977,1.0,16
15144.0,84991,1.0,17
15144.0,23199,1.0,18
15144.0,23201,1.0,19
15144.0,22726,1.0,20
15148.0,85123A,0.0,1
15148.0,22423,0.0,2
15148.0,47566,0.0,3
15148.0,85099B,0.0,4
15148.0,20725,0.0,5
15148.0,84879,0.0,6
15148.0,22720,0.0,7
15148.0,22383,0.0,8
15148.0,21212,0.0,9
15148.0,20727,0.0,10
15148.0,20728,0.0,11
15148.0,22384,0.0,12
15148.0,23298,0.0,13
15148.0,POST,0.0,14
15148.0,22457,0.0,15
15148.0,22382,0.0,16
15148.0,22960,0.0,17
15148.0,22961,0.0,18
15148.0,22469,0.0,19
15148.0,82482,0.0,20
15153.0,85123A,0.0,1
15153.0,22423,0.0,2
15153.0,47566,0.0,3
15153.0,85099B,0.0,4
15153.0,20725,0.0,5
15153.0,84879,0.0,6
15153.0,22720,0.0,7
15153.0,22383,0.0,8
15153.0,21212,0.0,9
15153.0,20727,0.0,10
15153.0,20728,0.0,11
15153.0,22384,0.0,12
15153.0,23298,0.0,13
15153.0,POST,0.0,14
15153.0,22457,0.0,15
15153.0,22382,0.0,16
15153.0,22960,0.0,17
15153.0,22961,0.0,18
15153.0,22469,0.0,19
15153.0,82482,0.0,20
15156.0,85123A,0.0,1
15156.0,22423,0.0,2
15156.0,47566,0.0,3
15156.0,85099B,0.0,4
15156.0,20725,0.0,5
15156.0,84879,0.0,6
15156.0,22720,0.0,7
15156.0,22383,0.0,8
15156.0,21212,0.0,9
15156.0,20727,0.0,10
15156.0,20728,0.0,11
15156.0,22384,0.0,12
15156.0,23298,0.0,13
15156.0,POST,0.0,14
15156.0,22457,0.0,15
15156.0,22382,0.0,16
15156.0,22960,0.0,17
15156.0,22961,0.0,18
15156.0,22469,0.0,19
15156.0,82482,0.0,20
15157.0,84596B,1.0,1
15157.0,22222,1.0,2
15157.0,85184C,1.0,3
15157.0,22115,1.0,4
15157.0,84818,1.0,5
15157.0,22268,1.0,6
15157.0,10135,1.0,7
15157.0,22231,1.0,8
15157.0,84596L,1.0,9
15157.0,21382,1.0,10
15157.0,22161,1.0,11
15157.0,85123A,0.0,12
15157.0,22423,0.0,13
15157.0,47566,0.0,14
15157.0,85099B,0.0,15
15157.0,20725,0.0,16
15157.0,84879,0.0,17
15157.0,22720,0.0,18
15157.0,22383,0.0,19
15157.0,21212,0.0,20
15159.0,22423,1.0,1
15159.0,47566,1.0,2
15159.0,20725,1.0,3
15159.0,21212,1.0,4
15159.0,20727,1.0,5
15159.0,22384,1.0,6
15159.0,23298,1.0,7
15159.0,22382,1.0,8
15159.0,82482,1.0,9
15159.0,23206,1.0,10
15159.0,20726,1.0,11
15159.0,23209,1.0,12
15159.0,22699,1.0,13
15159.0,22727,1.0,14
15159.0,20914,1.0,15
15159.0,82494L,1.0,16
15159.0,22697,1.0,17
15159.0,22629,1.0,18
15159.0,22090,1.0,19
15159.0,20724,1.0,20
15163.0,47566,1.0,1
15163.0,22149,1.0,2
15163.0,20972,1.0,3
15163.0,22147,1.0,4
15163.0,23091,1.0,5
15163.0,21116,1.0,6
15163.0,85123A,0.0,7
15163.0,22423,0.0,8
15163.0,85099B,0.0,9
15163.0,20725,0.0,10
15163.0,84879,0.0,11
15163.0,22720,0.0,12
15163.0,22383,0.0,13
15163.0,21212,0.0,14
15163.0,20727,0.0,15
15163.0,20728,0.0,16
15163.0,22384,0.0,17
15163.0,23298,0.0,18
15163.0,POST,0.0,19
15163.0,22457,0.0,20
15194.0,22423,1.0,1
15194.0,47566,1.0,2
15194.0,84879,1.0,3
15194.0,22720,1.0,4
15194.0,22457,1.0,5
15194.0,22961,1.0,6
15194.0,22469,1.0,7
15194.0,22993,1.0,8
15194.0,22178,1.0,9
15194.0,22386,1.0,10
15194.0,22699,1.0,11
15194.0,22666,1.0,12
15194.0,22470,1.0,13
15194.0,22697,1.0,14
15194.0,22722,1.0,15
15194.0,84978,1.0,16
15194.0,21929,1.0,17
15194.0,22969,1.0,18
15194.0,22907,1.0,19
15194.0,22698,1.0,20
15206.0,22699,1.0,1
15206.0,22697,1.0,2
15206.0,22698,1.0,3
15206.0,85123A,0.0,4
15206.0,22423,0.0,5
15206.0,47566,0.0,6
15206.0,85099B,0.0,7
15206.0,20725,0.0,8
15206.0,84879,0.0,9
15206.0,22720,0.0,10
15206.0,22383,0.0,11
15206.0,21212,0.0,12
15206.0,20727,0.0,13
15206.0,20728,0.0,14
15206.0,22384,0.0,15
15206.0,23298,0.0,16
15206.0,POST,0.0,17
15206.0,22457,0.0,18
15206.0,22382,0.0,19
15206.0,22960,0.0,20
15208.0,22457,1.0,1
15208.0,22138,1.0,2
15208.0,21843,1.0,3
15208.0,22625,1.0,4
15208.0,22193,1.0,5
15208.0,21533,1.0,6
15208.0,21535,1.0,7
15208.0,21238,1.0,8
15208.0,21498,1.0,9
15208.0,22759,1.0,10
15208.0,22086,1.0,11
15208.0,21217,1.0,12
15208.0,22637,1.0,13
15208.0,22333,1.0,14
15208.0,21242,1.0,15
15208.0,22619,1.0,16
15208.0,22626,1.0,17
15208.0,20979,1.0,18
15208.0,22485,1.0,19
15208.0,22704,1.0,20
15214.0,85123A,1.0,1
15214.0,22423,1.0,2
15214.0,47566,1.0,3
15214.0,84879,1.0,4
15214.0,22722,1.0,5
15214.0,84946,1.0,6
15214.0,22083,1.0,7
15214.0,82580,1.0,8
15214.0,21165,1.0,9
15214.0,21174,1.0,10
15214.0,82582,1.0,11
15214.0,21933,1.0,12
15214.0,82583,1.0,13
15214.0,22030,1.0,14
15214.0,22723,1.0,15
15214.0,23182,1.0,16
15214.0,16161P,1.0,17
15214.0,22241,1.0,18
15214.0,22938,1.0,19
15214.0,22567,1.0,20
15218.0,85123A,1.0,1
15218.0,47566,1.0,2
15218.0,85099B,1.0,3
15218.0,23298,1.0,4
15218.0,23203,1.0,5
15218.0,22411,1.0,6
15218.0,21754,1.0,7
15218.0,21034,1.0,8
15218.0,22558,1.0,9
15218.0,23199,1.0,10
15218.0,84755,1.0,11
15218.0,21175,1.0,12
15218.0,85099C,1.0,13
15218.0,84978,1.0,14
15218.0,20685,1.0,15
15218.0,21733,1.0,16
15218.0,21181,1.0,17
15218.0,23202,1.0,18
15218.0,82600,1.0,19
15218.0,23301,1.0,20
15220.0,85123A,1.0,1
15220.0,23298,1.0,2
15220.0,22457,1.0,3
15220.0,84978,1.0,4
15220.0,22138,1.0,5
15220.0,22969,1.0,6
15220.0,23245,1.0,7
15220.0,21790,1.0,8
15220.0,22189,1.0,9
15220.0,21731,1.0,10
15220.0,84077,1.0,11
15220.0,21172,1.0,12
15220.0,22617,1.0,13
15220.0,22030,1.0,14
15220.0,22957,1.0,15
15220.0,22585,1.0,16
15220.0,22620,1.0,17
15220.0,23084,1.0,18
15220.0,22212,1.0,19
15220.0,22904,1.0,20
15237.0,47566,1.0,1
15237.0,84879,1.0,2
15237.0,22457,1.0,3
15237.0,22960,1.0,4
15237.0,23206,1.0,5
15237.0,22666,1.0,6
15237.0,21754,1.0,7
15237.0,22697,1.0,8
15237.0,22698,1.0,9
15237.0,84946,1.0,10
15237.0,21936,1.0,11
15237.0,84380,1.0,12
15237.0,84970S,1.0,13
15237.0,71459,1.0,14
15237.0,20972,1.0,15
15237.0,22147,1.0,16
15237.0,84836,1.0,17
15237.0,22570,1.0,18
15237.0,22501,1.0,19
15237.0,21231,1.0,20
15238.0,84879,1.0,1
15238.0,22457,1.0,2
15238.0,22554,1.0,3
15238.0,22082,1.0,4
15238.0,23108,1.0,5
15238.0,22716,1.0,6
15238.0,22079,1.0,7
15238.0,21981,1.0,8
15238.0,20996,1.0,9
15238.0,23145,1.0,10
15238.0,21993,1.0,11
15238.0,22161,1.0,12
15238.0,85123A,0.0,13
15238.0,22423,0.0,14
15238.0,47566,0.0,15
15238.0,85099B,0.0,16
15238.0,20725,0.0,17
15238.0,22720,0.0,18
15238.0,22383,0.0,19
15238.0,21212,0.0,20
15251.0,22720,1.0,1
15251.0,22457,1.0,2
15251.0,22961,1.0,3
15251.0,22993,1.0,4
15251.0,23206,1.0,5
15251.0,23209,1.0,6
15251.0,22699,1.0,7
15251.0,22666,1.0,8
15251.0,22697,1.0,9
15251.0,84755,1.0,10
15251.0,23207,1.0,11
15251.0,22969,1.0,12
15251.0,22624,1.0,13
15251.0,23245,1.0,14
15251.0,71459,1.0,15
15251.0,22625,1.0,16
15251.0,22191,1.0,17
15251.0,22621,1.0,18
15251.0,23307,1.0,19
15251.0,22192,1.0,20
15269.0,85123A,0.0,1
15269.0,22423,0.0,2
15269.0,47566,0.0,3
15269.0,85099B,0.0,4
15269.0,20725,0.0,5
15269.0,84879,0.0,6
15269.0,22720,0.0,7
15269.0,22383,0.0,8
15269.0,21212,0.0,9
15269.0,20727,0.0,10
15269.0,20728,0.0,11
15269.0,22384,0.0,12
15269.0,23298,0.0,13
15269.0,POST,0.0,14
15269.0,22457,0.0,15
15269.0,22382,0.0,16
15269.0,22960,0.0,17
15269.0,22961,0.0,18
15269.0,22469,0.0,19
15269.0,82482,0.0,20
15277.0,85123A,0.0,1
15277.0,22423,0.0,2
15277.0,47566,0.0,3
15277.0,85099B,0.0,4
15277.0,20725,0.0,5
15277.0,84879,0.0,6
15277.0,22720,0.0,7
15277.0,22383,0.0,8
15277.0,21212,0.0,9
15277.0,20727,0.0,10
15277.0,20728,0.0,11
15277.0,22384,0.0,12
15277.0,23298,0.0,13
15277.0,POST,0.0,14
15277.0,22457,0.0,15
15277.0,22382,0.0,16
15277.0,22960,0.0,17
15277.0,22961,0.0,18
15277.0,22469,0.0,19
15277.0,82482,0.0,20
15288.0,22720,1.0,1
15288.0,22960,1.0,2
15288.0,23209,1.0,3
15288.0,23203,1.0,4
15288.0,22666,1.0,5
15288.0,22727,1.0,6
15288.0,22722,1.0,7
15288.0,23201,1.0,8
15288.0,22726,1.0,9
15288.0,23207,1.0,10
15288.0,22630,1.0,11
15288.0,22659,1.0,12
15288.0,23245,1.0,13
15288.0,22728,1.0,14
15288.0,23284,1.0,15
15288.0,22729,1.0,16
15288.0,23300,1.0,17
15288.0,48184,1.0,18
15288.0,22692,1.0,19
15288.0,21791,1.0,20
15298.0,47566,1.0,1
15298.0,21212,1.0,2
15298.0,22197,1.0,3
15298.0,23203,1.0,4
15298.0,20914,1.0,5
15298.0,85099F,1.0,6
15298.0,22090,1.0,7
15298.0,84991,1.0,8
15298.0,23201,1.0,9
15298.0,21232,1.0,10
15298.0,23202,1.0,11
15298.0,22355,1.0,12
15298.0,22084,1.0,13
15298.0,20719,1.0,14
15298.0,20723,1.0,15
15298.0,79321,1.0,16
15298.0,20712,1.0,17
15298.0,21213,1.0,18
15298.0,22966,1.0,19
15298.0,21930,1.0,20
15320.0,85123A,0.0,1
15320.0,22423,0.0,2
15320.0,47566,0.0,3
15320.0,85099B,0.0,4
15320.0,20725,0.0,5
15320.0,84879,0.0,6
15320.0,22720,0.0,7
15320.0,22383,0.0,8
15320.0,21212,0.0,9
15320.0,20727,0.0,10
15320.0,20728,0.0,11
15320.0,22384,0.0,12
15320.0,23298,0.0,13
15320.0,POST,0.0,14
15320.0,22457,0.0,15
15320.0,22382,0.0,16
15320.0,22960,0.0,17
15320.0,22961,0.0,18
15320.0,22469,0.0,19
15320.0,82482,0.0,20
15330.0,21703,1.0,1
15330.0,22331,1.0,2
15330.0,85123A,0.0,3
15330.0,22423,0.0,4
15330.0,47566,0.0,5
15330.0,85099B,0.0,6
15330.0,20725,0.0,7
15330.0,84879,0.0,8
15330.0,22720,0.0,9
15330.0,22383,0.0,10
15330.0,21212,0.0,11
15330.0,20727,0.0,12
15330.0,20728,0.0,13
15330.0,22384,0.0,14
15330.0,23298,0.0,15
15330.0,POST,0.0,16
15330.0,22457,0.0,17
15330.0,22382,0.0,18
15330.0,22960,0.0,19
15330.0,22961,0.0,20
15382.0,22423,1.0,1
15382.0,22383,1.0,2
15382.0,21212,1.0,3
15382.0,20727,1.0,4
15382.0,22382,1.0,5
15382.0,22960,1.0,6
15382.0,22993,1.0,7
15382.0,22197,1.0,8
15382.0,23206,1.0,9
15382.0,20726,1.0,10
15382.0,23209,1.0,11
15382.0,23203,1.0,12
15382.0,22699,1.0,13
15382.0,21931,1.0,14
15382.0,22411,1.0,15
15382.0,20914,1.0,16
15382.0,85099F,1.0,17
15382.0,22629,1.0,18
15382.0,22090,1.0,19
15382.0,84991,1.0,20
15393.0,84755,1.0,1
15393.0,84970S,1.0,2
15393.0,84945,1.0,3
15393.0,22858,1.0,4
15393.0,72351B,1.0,5
15393.0,72351A,1.0,6
15393.0,85123A,0.0,7
15393.0,22423,0.0,8
15393.0,47566,0.0,9
15393.0,85099B,0.0,10
15393.0,20725,0.0,11
15393.0,84879,0.0,12
15393.0,22720,0.0,13
15393.0,22383,0.0,14
15393.0,21212,0.0,15
15393.0,20727,0.0,16
15393.0,20728,0.0,17
15393.0,22384,0.0,18
15393.0,23298,0.0,19
15393.0,POST,0.0,20
15398.0,84879,1.0,1
15398.0,22720,1.0,2
15398.0,22383,1.0,3
15398.0,20728,1.0,4
15398.0,23298,1.0,5
15398.0,22960,1.0,6
15398.0,22961,1.0,7
15398.0,23203,1.0,8
15398.0,22666,1.0,9
15398.0,23201,1.0,10
15398.0,23202,1.0,11
15398.0,22554,1.0,12
15398.0,22553,1.0,13
15398.0,47591D,1.0,14
15398.0,23240,1.0,15
15398.0,22561,1.0,16
15398.0,22585,1.0,17
15398.0,22489,1.0,18
15398.0,22910,1.0,19
15398.0,22899,1.0,20
15434.0,82482,1.0,1
15434.0,82494L,1.0,2
15434.0,21232,1.0,3
15434.0,15036,1.0,4
15434.0,21231,1.0,5
15434.0,22111,1.0,6
15434.0,22112,1.0,7
15434.0,21485,1.0,8
15434.0,22113,1.0,9
15434.0,22904,1.0,10
15434.0,21481,1.0,11
15434.0,22835,1.0,12
15434.0,22693,1.0,13
15434.0,21479,1.0,14
15434.0,84029G,1.0,15
15434.0,23076,1.0,16
15434.0,21497,1.0,17
15434.0,23078,1.0,18
15434.0,23110,1.0,19
15434.0,16156S,1.0,20
15435.0,85123A,0.0,1
15435.0,22423,0.0,2
15435.0,47566,0.0,3
15435.0,85099B,0.0,4
15435.0,20725,0.0,5
15435.0,84879,0.0,6
15435.0,22720,0.0,7
15435.0,22383,0.0,8
15435.0,21212,0.0,9
15435.0,20727,0.0,10
15435.0,20728,0.0,11
15435.0,22384,0.0,12
15435.0,23298,0.0,13
15435.0,POST,0.0,14
15435.0,22457,0.0,15
15435.0,22382,0.0,16
15435.0,22960,0.0,17
15435.0,22961,0.0,18
15435.0,22469,0.0,19
15435.0,82482,0.0,20
15436.0,20725,1.0,1
15436.0,21212,1.0,2
15436.0,22384,1.0,3
15436.0,22197,1.0,4
15436.0,22727,1.0,5
15436.0,21034,1.0,6
15436.0,84991,1.0,7
15436.0,22722,1.0,8
15436.0,22077,1.0,9
15436.0,21175,1.0,10
15436.0,22138,1.0,11
15436.0,21181,1.0,12
15436.0,85152,1.0,13
15436.0,22427,1.0,14
15436.0,21166,1.0,15
15436.0,21928,1.0,16
15436.0,21975,1.0,17
15436.0,20723,1.0,18
15436.0,84380,1.0,19
15436.0,22551,1.0,20
15444.0,85123A,0.0,1
15444.0,22423,0.0,2
15444.0,47566,0.0,3
15444.0,85099B,0.0,4
15444.0,20725,0.0,5
15444.0,84879,0.0,6
15444.0,22720,0.0,7
15444.0,22383,0.0,8
15444.0,21212,0.0,9
15444.0,20727,0.0,10
15444.0,20728,0.0,11
15444.0,22384,0.0,12
15444.0,23298,0.0,13
15444.0,POST,0.0,14
15444.0,22457,0.0,15
15444.0,22382,0.0,16
15444.0,22960,0.0,17
15444.0,22961,0.0,18
15444.0,22469,0.0,19
15444.0,82482,0.0,20
15471.0,85123A,0.0,1
15471.0,22423,0.0,2
15471.0,47566,0.0,3
15471.0,85099B,0.0,4
15471.0,20725,0.0,5
15471.0,84879,0.0,6
15471.0,22720,0.0,7
15471.0,22383,0.0,8
15471.0,21212,0.0,9
15471.0,20727,0.0,10
15471.0,20728,0.0,11
15471.0,22384,0.0,12
15471.0,23298,0.0,13
15471.0,POST,0.0,14
15471.0,22457,0.0,15
15471.0,22382,0.0,16
15471.0,22960,0.0,17
15471.0,22961,0.0,18
15471.0,22469,0.0,19
15471.0,82482,0.0,20
15482.0,85123A,1.0,1
15482.0,22423,1.0,2
15482.0,22457,1.0,3
15482.0,82482,1.0,4
15482.0,82494L,1.0,5
15482.0,84946,1.0,6
15482.0,21843,1.0,7
15482.0,82483,1.0,8
15482.0,22804,1.0,9
15482.0,22173,1.0,10
15482.0,M,1.0,11
15482.0,84947,1.0,12
15482.0,22114,1.0,13
15482.0,23065,1.0,14
15482.0,47566,0.0,15
15482.0,85099B,0.0,16
15482.0,20725,0.0,17
15482.0,84879,0.0,18
15482.0,22720,0.0,19
15482.0,22383,0.0,20
15484.0,85099B,1.0,1
15484.0,22383,1.0,2
15484.0,20727,1.0,3
15484.0,23201,1.0,4
15484.0,82484,1.0,5
15484.0,22726,1.0,6
15484.0,79321,1.0,7
15484.0,21213,1.0,8
15484.0,22966,1.0,9
15484.0,22729,1.0,10
15484.0,84077,1.0,11
15484.0,82580,1.0,12
15484.0,22607,1.0,13
15484.0,22171,1.0,14
15484.0,22661,1.0,15
15484.0,21172,1.0,16
15484.0,22424,1.0,17
15484.0,21136,1.0,18
15484.0,22492,1.0,19
15484.0,22988,1.0,20
15497.0,22423,1.0,1
15497.0,84879,1.0,2
15497.0,82482,1.0,3
15497.0,82494L,1.0,4
15497.0,82486,1.0,5
15497.0,82483,1.0,6
15497.0,72741,1.0,7
15497.0,85123A,0.0,8
15497.0,47566,0.0,9
15497.0,85099B,0.0,10
15497.0,20725,0.0,11
15497.0,22720,0.0,12
15497.0,22383,0.0,13
15497.0,21212,0.0,14
15497.0,20727,0.0,15
15497.0,20728,0.0,16
15497.0,22384,0.0,17
15497.0,23298,0.0,18
15497.0,POST,0.0,19
15497.0,22457,0.0,20
15502.0,85123A,1.0,1
15502.0,22423,1.0,2
15502.0,47566,1.0,3
15502.0,22383,1.0,4
15502.0,20728,1.0,5
15502.0,82482,1.0,6
15502.0,22197,1.0,7
15502.0,23209,1.0,8
15502.0,22699,1.0,9
15502.0,21080,1.0,10
15502.0,22727,1.0,11
15502.0,22470,1.0,12
15502.0,22697,1.0,13
15502.0,22629,1.0,14
15502.0,21977,1.0,15
15502.0,84991,1.0,16
15502.0,84755,1.0,17
15502.0,82484,1.0,18
15502.0,21755,1.0,19
15502.0,21733,1.0,20
15506.0,22386,1.0,1
15506.0,85099F,1.0,2
15506.0,21175,1.0,3
15506.0,23201,1.0,4
15506.0,85152,1.0,5
15506.0,22659,1.0,6
15506.0,82600,1.0,7
15506.0,20713,1.0,8
15506.0,21907,1.0,9
15506.0,21174,1.0,10
15506.0,22616,1.0,11
15506.0,22692,1.0,12
15506.0,22553,1.0,13
15506.0,21908,1.0,14
15506.0,22413,1.0,15
15506.0,82582,1.0,16
15506.0,22381,1.0,17
15506.0,21770,1.0,18
15506.0,22456,1.0,19
15506.0,22631,1.0,20
15514.0,22727,1.0,1
15514.0,21034,1.0,2
15514.0,22722,1.0,3
15514.0,22726,1.0,4
15514.0,21790,1.0,5
15514.0,84380,1.0,6
15514.0,22728,1.0,7
15514.0,22328,1.0,8
15514.0,21915,1.0,9
15514.0,22729,1.0,10
15514.0,21731,1.0,11
15514.0,22730,1.0,12
15514.0,21791,1.0,13
15514.0,22621,1.0,14
15514.0,22908,1.0,15
15514.0,22988,1.0,16
15514.0,22752,1.0,17
15514.0,22086,1.0,18
15514.0,21889,1.0,19
15514.0,22970,1.0,20
15520.0,85123A,0.0,1
15520.0,22423,0.0,2
15520.0,47566,0.0,3
15520.0,85099B,0.0,4
15520.0,20725,0.0,5
15520.0,84879,0.0,6
15520.0,22720,0.0,7
15520.0,22383,0.0,8
15520.0,21212,0.0,9
15520.0,20727,0.0,10
15520.0,20728,0.0,11
15520.0,22384,0.0,12
15520.0,23298,0.0,13
15520.0,POST,0.0,14
15520.0,22457,0.0,15
15520.0,22382,0.0,16
15520.0,22960,0.0,17
15520.0,22961,0.0,18
15520.0,22469,0.0,19
15520.0,82482,0.0,20
15525.0,22423,1.0,1
15525.0,22960,1.0,2
15525.0,22961,1.0,3
15525.0,22411,1.0,4
15525.0,22077,1.0,5
15525.0,22326,1.0,6
15525.0,21731,1.0,7
15525.0,22900,1.0,8
15525.0,22570,1.0,9
15525.0,22616,1.0,10
15525.0,22607,1.0,11
15525.0,22568,1.0,12
15525.0,22585,1.0,13
15525.0,22082,1.0,14
15525.0,22963,1.0,15
15525.0,85049E,1.0,16
15525.0,22910,1.0,17
15525.0,22968,1.0,18
15525.0,22634,1.0,19
15525.0,22938,1.0,20
15529.0,47566,1.0,1
15529.0,85099B,1.0,2
15529.0,20725,1.0,3
15529.0,22383,1.0,4
15529.0,21212,1.0,5
15529.0,20727,1.0,6
15529.0,20728,1.0,7
15529.0,22384,1.0,8
15529.0,22382,1.0,9
15529.0,22993,1.0,10
15529.0,22386,1.0,11
15529.0,22197,1.0,12
15529.0,20726,1.0,13
15529.0,23209,1.0,14
15529.0,23203,1.0,15
15529.0,21080,1.0,16
15529.0,21931,1.0,17
15529.0,22727,1.0,18
15529.0,22411,1.0,19
15529.0,85099F,1.0,20
15540.0,85123A,0.0,1
15540.0,22423,0.0,2
15540.0,47566,0.0,3
15540.0,85099B,0.0,4
15540.0,20725,0.0,5
15540.0,84879,0.0,6
15540.0,22720,0.0,7
15540.0,22383,0.0,8
15540.0,21212,0.0,9
15540.0,20727,0.0,10
15540.0,20728,0.0,11
15540.0,22384,0.0,12
15540.0,23298,0.0,13
15540.0,POST,0.0,14
15540.0,22457,0.0,15
15540.0,22382,0.0,16
15540.0,22960,0.0,17
15540.0,22961,0.0,18
15540.0,22469,0.0,19
15540.0,82482,0.0,20
15544.0,22423,1.0,1
15544.0,20725,1.0,2
15544.0,22383,1.0,3
15544.0,21212,1.0,4
15544.0,20727,1.0,5
15544.0,20728,1.0,6
15544.0,22384,1.0,7
15544.0,23298,1.0,8
15544.0,22382,1.0,9
15544.0,23206,1.0,10
15544.0,20726,1.0,11
15544.0,21080,1.0,12
15544.0,22662,1.0,13
15544.0,23207,1.0,14
15544.0,22554,1.0,15
15544.0,22551,1.0,16
15544.0,22556,1.0,17
15544.0,21213,1.0,18
15544.0,84997D,1.0,19
15544.0,22557,1.0,20
15550.0,22423,1.0,1
15550.0,22383,1.0,2
15550.0,20727,1.0,3
15550.0,20728,1.0,4
15550.0,22382,1.0,5
15550.0,22178,1.0,6
15550.0,20726,1.0,7
15550.0,23203,1.0,8
15550.0,22411,1.0,9
15550.0,84755,1.0,10
15550.0,23201,1.0,11
15550.0,22662,1.0,12
15550.0,23207,1.0,13
15550.0,23208,1.0,14
15550.0,84946,1.0,15
15550.0,23245,1.0,16
15550.0,20712,1.0,17
15550.0,21165,1.0,18
15550.0,23200,1.0,19
15550.0,23050,1.0,20
15551.0,85123A,0.0,1
15551.0,22423,0.0,2
15551.0,47566,0.0,3
15551.0,85099B,0.0,4
15551.0,20725,0.0,5
15551.0,84879,0.0,6
15551.0,22720,0.0,7
15551.0,22383,0.0,8
15551.0,21212,0.0,9
15551.0,20727,0.0,10
15551.0,20728,0.0,11
15551.0,22384,0.0,12
15551.0,23298,0.0,13
15551.0,POST,0.0,14
15551.0,22457,0.0,15
15551.0,22382,0.0,16
15551.0,22960,0.0,17
15551.0,22961,0.0,18
15551.0,22469,0.0,19
15551.0,82482,0.0,20
15568.0,22659,1.0,1
15568.0,22900,1.0,2
15568.0,22616,1.0,3
15568.0,22970,1.0,4
15568.0,84029G,1.0,5
15568.0,22713,1.0,6
15568.0,23238,1.0,7
15568.0,22997,1.0,8
15568.0,22633,1.0,9
15568.0,21864,1.0,10
15568.0,23005,1.0,11
15568.0,85123A,0.0,12
15568.0,22423,0.0,13
15568.0,47566,0.0,14
15568.0,85099B,0.0,15
15568.0,20725,0.0,16
15568.0,84879,0.0,17
15568.0,22720,0.0,18
15568.0,22383,0.0,19
15568.0,21212,0.0,20
15573.0,22423,1.0,1
15573.0,22720,1.0,2
15573.0,22383,1.0,3
15573.0,22722,1.0,4
15573.0,22139,1.0,5
15573.0,22138,1.0,6
15573.0,22149,1.0,7
15573.0,23245,1.0,8
15573.0,22554,1.0,9
15573.0,22551,1.0,10
15573.0,22147,1.0,11
15573.0,15056N,1.0,12
15573.0,22557,1.0,13
15573.0,20971,1.0,14
15573.0,22553,1.0,15
15573.0,22607,1.0,16
15573.0,22555,1.0,17
15573.0,22621,1.0,18
15573.0,22112,1.0,19
15573.0,21485,1.0,20
15576.0,85123A,0.0,1
15576.0,22423,0.0,2
15576.0,47566,0.0,3
15576.0,85099B,0.0,4
15576.0,20725,0.0,5
15576.0,84879,0.0,6
15576.0,22720,0.0,7
15576.0,22383,0.0,8
15576.0,21212,0.0,9
15576.0,20727,0.0,10
15576.0,20728,0.0,11
15576.0,22384,0.0,12
15576.0,23298,0.0,13
15576.0,POST,0.0,14
15576.0,22457,0.0,15
15576.0,22382,0.0,16
15576.0,22960,0.0,17
15576.0,22961,0.0,18
15576.0,22469,0.0,19
15576.0,82482,0.0,20
15587.0,21137,1.0,1
15587.0,22041,1.0,2
15587.0,85123A,0.0,3
15587.0,22423,0.0,4
15587.0,47566,0.0,5
15587.0,85099B,0.0,6
15587.0,20725,0.0,7
15587.0,84879,0.0,8
15587.0,22720,0.0,9
15587.0,22383,0.0,10
15587.0,21212,0.0,11
15587.0,20727,0.0,12
15587.0,20728,0.0,13
15587.0,22384,0.0,14
15587.0,23298,0.0,15
15587.0,POST,0.0,16
15587.0,22457,0.0,17
15587.0,22382,0.0,18
15587.0,22960,0.0,19
15587.0,22961,0.0,20
15602.0,85123A,1.0,1
15602.0,22423,1.0,2
15602.0,22457,1.0,3
15602.0,22178,1.0,4
15602.0,84946,1.0,5
15602.0,21498,1.0,6
15602.0,22784,1.0,7
15602.0,22464,1.0,8
15602.0,23232,1.0,9
15602.0,23233,1.0,10
15602.0,22460,1.0,11
15602.0,21730,1.0,12
15602.0,46000S,1.0,13
15602.0,22158,1.0,14
15602.0,22047,1.0,15
15602.0,47566,0.0,16
15602.0,85099B,0.0,17
15602.0,20725,0.0,18
15602.0,84879,0.0,19
15602.0,22720,0.0,20
15611.0,22423,1.0,1
15611.0,POST,1.0,2
15611.0,22960,1.0,3
15611.0,21843,1.0,4
15611.0,23173,1.0,5
15611.0,23084,1.0,6
15611.0,22750,1.0,7
15611.0,21481,1.0,8
15611.0,21527,1.0,9
15611.0,23082,1.0,10
15611.0,21116,1.0,11
15611.0,22768,0.00644553593385998,12
15611.0,22622,0.00644553593385998,13
15611.0,22634,0.00644553593385998,14
15611.0,23050,0.0036143414997830566,15
15611.0,22796,0.0036143414997830566,16
15611.0,23049,0.0036143414997830566,17
15611.0,22767,0.0036143414997830566,18
15611.0,22626,0.0036143414997830566,19
15611.0,22606,0.002840238102073823,20
15634.0,85123A,0.0,1
15634.0,22423,0.0,2
15634.0,47566,0.0,3
15634.0,85099B,0.0,4
15634.0,20725,0.0,5
15634.0,84879,0.0,6
15634.0,22720,0.0,7
15634.0,22383,0.0,8
15634.0,21212,0.0,9
15634.0,20727,0.0,10
15634.0,20728,0.0,11
15634.0,22384,0.0,12
15634.0,23298,0.0,13
15634.0,POST,0.0,14
15634.0,22457,0.0,15
15634.0,22382,0.0,16
15634.0,22960,0.0,17
15634.0,22961,0.0,18
15634.0,22469,0.0,19
15634.0,82482,0.0,20
15651.0,22570,1.0,1
15651.0,22616,1.0,2
15651.0,22568,1.0,3
15651.0,22970,1.0,4
15651.0,22971,1.0,5
15651.0,22716,1.0,6
15651.0,23077,1.0,7
15651.0,22371,1.0,8
15651.0,22713,1.0,9
15651.0,23127,1.0,10
15651.0,22024,1.0,11
15651.0,23002,1.0,12
15651.0,22973,1.0,13
15651.0,22711,1.0,14
15651.0,22710,1.0,15
15651.0,85123A,0.0,16
15651.0,22423,0.0,17
15651.0,47566,0.0,18
15651.0,85099B,0.0,19
15651.0,20725,0.0,20
15656.0,22423,1.0,1
15656.0,22720,1.0,2
15656.0,22457,1.0,3
15656.0,82494L,1.0,4
15656.0,22722,1.0,5
15656.0,82484,1.0,6
15656.0,22427,1.0,7
15656.0,23245,1.0,8
15656.0,22776,1.0,9
15656.0,85066,1.0,10
15656.0,22171,1.0,11
15656.0,21430,1.0,12
15656.0,23240,1.0,13
15656.0,21136,1.0,14
15656.0,22296,1.0,15
15656.0,22464,1.0,16
15656.0,22855,1.0,17
15656.0,22595,1.0,18
15656.0,22840,1.0,19
15656.0,23236,1.0,20
15671.0,21212,1.0,1
15671.0,22457,1.0,2
15671.0,21080,1.0,3
15671.0,22090,1.0,4
15671.0,22558,1.0,5
15671.0,21181,1.0,6
15671.0,85152,1.0,7
15671.0,21166,1.0,8
15671.0,22084,1.0,9
15671.0,85066,1.0,10
15671.0,22083,1.0,11
15671.0,22499,1.0,12
15671.0,84970L,1.0,13
15671.0,21908,1.0,14
15671.0,21172,1.0,15
15671.0,84988,1.0,16
15671.0,21210,1.0,17
15671.0,85150,1.0,18
15671.0,22759,1.0,19
15671.0,22585,1.0,20
15680.0,85123A,1.0,1
15680.0,84879,1.0,2
15680.0,22961,1.0,3
15680.0,21733,1.0,4
15680.0,84992,1.0,5
15680.0,22776,1.0,6
15680.0,22568,1.0,7
15680.0,22111,1.0,8
15680.0,22112,1.0,9
15680.0,82582,1.0,10
15680.0,22569,1.0,11
15680.0,21136,1.0,12
15680.0,22219,1.0,13
15680.0,22151,1.0,14
15680.0,22904,1.0,15
15680.0,21519,1.0,16
15680.0,22398,1.0,17
15680.0,22244,1.0,18
15680.0,22639,1.0,19
15680.0,22565,1.0,20
15701.0,22423,1.0,1
15701.0,47566,1.0,2
15701.0,20725,1.0,3
15701.0,22720,1.0,4
15701.0,23298,1.0,5
15701.0,22469,1.0,6
15701.0,82482,1.0,7
15701.0,23209,1.0,8
15701.0,22699,1.0,9
15701.0,22727,1.0,10
15701.0,22470,1.0,11
15701.0,21754,1.0,12
15701.0,82494L,1.0,13
15701.0,22697,1.0,14
15701.0,22629,1.0,15
15701.0,22090,1.0,16
15701.0,21977,1.0,17
15701.0,22138,1.0,18
15701.0,22726,1.0,19
15701.0,21755,1.0,20
15708.0,85123A,1.0,1
15708.0,22423,1.0,2
15708.0,22457,1.0,3
15708.0,22469,1.0,4
15708.0,82482,1.0,5
15708.0,22727,1.0,6
15708.0,22470,1.0,7
15708.0,21754,1.0,8
15708.0,82494L,1.0,9
15708.0,84991,1.0,10
15708.0,82484,1.0,11
15708.0,22726,1.0,12
15708.0,21755,1.0,13
15708.0,21733,1.0,14
15708.0,22969,1.0,15
15708.0,82486,1.0,16
15708.0,22624,1.0,17
15708.0,23245,1.0,18
15708.0,22728,1.0,19
15708.0,22776,1.0,20
15714.0,22411,1.0,1
15714.0,21929,1.0,2
15714.0,21992,1.0,3
15714.0,23068,1.0,4
15714.0,85123A,0.0,5
15714.0,22423,0.0,6
15714.0,47566,0.0,7
15714.0,85099B,0.0,8
15714.0,20725,0.0,9
15714.0,84879,0.0,10
15714.0,22720,0.0,11
15714.0,22383,0.0,12
15714.0,21212,0.0,13
15714.0,20727,0.0,14
15714.0,20728,0.0,15
15714.0,22384,0.0,16
15714.0,23298,0.0,17
15714.0,POST,0.0,18
15714.0,22457,0.0,19
15714.0,22382,0.0,20
15719.0,85123A,1.0,1
15719.0,47566,1.0,2
15719.0,85099B,1.0,3
15719.0,20725,1.0,4
15719.0,84879,1.0,5
15719.0,22720,1.0,6
15719.0,22383,1.0,7
15719.0,21212,1.0,8
15719.0,20727,1.0,9
15719.0,20728,1.0,10
15719.0,22384,1.0,11
15719.0,23298,1.0,12
15719.0,22457,1.0,13
15719.0,22382,1.0,14
15719.0,22960,1.0,15
15719.0,82482,1.0,16
15719.0,22993,1.0,17
15719.0,22178,1.0,18
15719.0,22386,1.0,19
15719.0,23206,1.0,20
15755.0,85123A,1.0,1
15755.0,85099B,1.0,2
15755.0,22720,1.0,3
15755.0,21212,1.0,4
15755.0,22960,1.0,5
15755.0,22961,1.0,6
15755.0,23203,1.0,7
15755.0,22666,1.0,8
15755.0,20914,1.0,9
15755.0,84991,1.0,10
15755.0,22077,1.0,11
15755.0,22139,1.0,12
15755.0,22969,1.0,13
15755.0,22907,1.0,14
15755.0,22084,1.0,15
15755.0,23245,1.0,16
15755.0,22652,1.0,17
15755.0,22501,1.0,18
15755.0,22607,1.0,19
15755.0,22111,1.0,20
15773.0,85123A,0.0,1
15773.0,22423,0.0,2
15773.0,47566,0.0,3
15773.0,85099B,0.0,4
15773.0,20725,0.0,5
15773.0,84879,0.0,6
15773.0,22720,0.0,7
15773.0,22383,0.0,8
15773.0,21212,0.0,9
15773.0,20727,0.0,10
15773.0,20728,0.0,11
15773.0,22384,0.0,12
15773.0,23298,0.0,13
15773.0,POST,0.0,14
15773.0,22457,0.0,15
15773.0,22382,0.0,16
15773.0,22960,0.0,17
15773.0,22961,0.0,18
15773.0,22469,0.0,19
15773.0,82482,0.0,20
15783.0,85123A,0.0,1
15783.0,22423,0.0,2
15783.0,47566,0.0,3
15783.0,85099B,0.0,4
15783.0,20725,0.0,5
15783.0,84879,0.0,6
15783.0,22720,0.0,7
15783.0,22383,0.0,8
15783.0,21212,0.0,9
15783.0,20727,0.0,10
15783.0,20728,0.0,11
15783.0,22384,0.0,12
15783.0,23298,0.0,13
15783.0,POST,0.0,14
15783.0,22457,0.0,15
15783.0,22382,0.0,16
15783.0,22960,0.0,17
15783.0,22961,0.0,18
15783.0,22469,0.0,19
15783.0,82482,0.0,20
15786.0,85123A,1.0,1
15786.0,47566,1.0,2
15786.0,84879,1.0,3
15786.0,21212,1.0,4
15786.0,23298,1.0,5
15786.0,22457,1.0,6
15786.0,22961,1.0,7
15786.0,22993,1.0,8
15786.0,22197,1.0,9
15786.0,21080,1.0,10
15786.0,22090,1.0,11
15786.0,21977,1.0,12
15786.0,84991,1.0,13
15786.0,22558,1.0,14
15786.0,84755,1.0,15
15786.0,22077,1.0,16
15786.0,22969,1.0,17
15786.0,22907,1.0,18
15786.0,84946,1.0,19
15786.0,22326,1.0,20
15805.0,47566,1.0,1
15805.0,85099B,1.0,2
15805.0,22720,1.0,3
15805.0,21212,1.0,4
15805.0,20727,1.0,5
15805.0,22384,1.0,6
15805.0,23298,1.0,7
15805.0,22457,1.0,8
15805.0,22993,1.0,9
15805.0,22386,1.0,10
15805.0,23209,1.0,11
15805.0,23203,1.0,12
15805.0,22666,1.0,13
15805.0,22727,1.0,14
15805.0,85099F,1.0,15
15805.0,22090,1.0,16
15805.0,20724,1.0,17
15805.0,21977,1.0,18
15805.0,22558,1.0,19
15805.0,23199,1.0,20
15807.0,85123A,1.0,1
15807.0,20728,1.0,2
15807.0,22384,1.0,3
15807.0,22469,1.0,4
15807.0,23206,1.0,5
15807.0,20726,1.0,6
15807.0,23209,1.0,7
15807.0,22470,1.0,8
15807.0,22726,1.0,9
15807.0,23208,1.0,10
15807.0,22728,1.0,11
15807.0,22776,1.0,12
15807.0,84970S,1.0,13
15807.0,22730,1.0,14
15807.0,84970L,1.0,15
15807.0,21210,1.0,16
15807.0,20676,1.0,17
15807.0,21238,1.0,18
15807.0,23321,1.0,19
15807.0,22725,1.0,20
15809.0,22423,1.0,1
15809.0,22090,1.0,2
15809.0,84978,1.0,3
15809.0,84946,1.0,4
15809.0,22467,1.0,5
15809.0,22625,1.0,6
15809.0,22989,1.0,7
15809.0,23173,1.0,8
15809.0,22957,1.0,9
15809.0,23231,1.0,10
15809.0,22619,1.0,11
15809.0,22840,1.0,12
15809.0,21922,1.0,13
15809.0,21715,1.0,14
15809.0,23233,1.0,15
15809.0,22781,1.0,16
15809.0,22842,1.0,17
15809.0,22990,1.0,18
15809.0,21090,1.0,19
15809.0,21084,1.0,20
15830.0,85123A,0.0,1
15830.0,22423,0.0,2
15830.0,47566,0.0,3
15830.0,85099B,0.0,4
15830.0,20725,0.0,5
15830.0,84879,0.0,6
15830.0,22720,0.0,7
15830.0,22383,0.0,8
15830.0,21212,0.0,9
15830.0,20727,0.0,10
15830.0,20728,0.0,11
15830.0,22384,0.0,12
15830.0,23298,0.0,13
15830.0,POST,0.0,14
15830.0,22457,0.0,15
15830.0,22382,0.0,16
15830.0,22960,0.0,17
15830.0,22961,0.0,18
15830.0,22469,0.0,19
15830.0,82482,0.0,20
15845.0,85099B,1.0,1
15845.0,84879,1.0,2
15845.0,22720,1.0,3
15845.0,22384,1.0,4
15845.0,23298,1.0,5
15845.0,22382,1.0,6
15845.0,22960,1.0,7
15845.0,22961,1.0,8
15845.0,22469,1.0,9
15845.0,82482,1.0,10
15845.0,22993,1.0,11
15845.0,22197,1.0,12
15845.0,22666,1.0,13
15845.0,22470,1.0,14
15845.0,21754,1.0,15
15845.0,21977,1.0,16
15845.0,84978,1.0,17
15845.0,21755,1.0,18
15845.0,22907,1.0,19
15845.0,22624,1.0,20
15847.0,22355,1.0,1
15847.0,22356,1.0,2
15847.0,22111,1.0,3
15847.0,22113,1.0,4
15847.0,85123A,0.0,5
15847.0,22423,0.0,6
15847.0,47566,0.0,7
15847.0,85099B,0.0,8
15847.0,20725,0.0,9
15847.0,84879,0.0,10
15847.0,22720,0.0,11
15847.0,22383,0.0,12
15847.0,21212,0.0,13
15847.0,20727,0.0,14
15847.0,20728,0.0,15
15847.0,22384,0.0,16
15847.0,23298,0.0,17
15847.0,POST,0.0,18
15847.0,22457,0.0,19
15847.0,22382,0.0,20
15853.0,85123A,0.0,1
15853.0,22423,0.0,2
15853.0,47566,0.0,3
15853.0,85099B,0.0,4
15853.0,20725,0.0,5
15853.0,84879,0.0,6
15853.0,22720,0.0,7
15853.0,22383,0.0,8
15853.0,21212,0.0,9
15853.0,20727,0.0,10
15853.0,20728,0.0,11
15853.0,22384,0.0,12
15853.0,23298,0.0,13
15853.0,POST,0.0,14
15853.0,22457,0.0,15
15853.0,22382,0.0,16
15853.0,22960,0.0,17
15853.0,22961,0.0,18
15853.0,22469,0.0,19
15853.0,82482,0.0,20
15865.0,22423,1.0,1
15865.0,22727,1.0,2
15865.0,23245,1.0,3
15865.0,21790,1.0,4
15865.0,21915,1.0,5
15865.0,23284,1.0,6
15865.0,22625,1.0,7
15865.0,22193,1.0,8
15865.0,22191,1.0,9
15865.0,22424,1.0,10
15865.0,22492,1.0,11
15865.0,22844,1.0,12
15865.0,22030,1.0,13
15865.0,22560,1.0,14
15865.0,22489,1.0,15
15865.0,22845,1.0,16
15865.0,22846,1.0,17
15865.0,23230,1.0,18
15865.0,22840,1.0,19
15865.0,23171,1.0,20
15872.0,85123A,0.0,1
15872.0,22423,0.0,2
15872.0,47566,0.0,3
15872.0,85099B,0.0,4
15872.0,20725,0.0,5
15872.0,84879,0.0,6
15872.0,22720,0.0,7
15872.0,22383,0.0,8
15872.0,21212,0.0,9
15872.0,20727,0.0,10
15872.0,20728,0.0,11
15872.0,22384,0.0,12
15872.0,23298,0.0,13
15872.0,POST,0.0,14
15872.0,22457,0.0,15
15872.0,22382,0.0,16
15872.0,22960,0.0,17
15872.0,22961,0.0,18
15872.0,22469,0.0,19
15872.0,82482,0.0,20
15877.0,85123A,0.0,1
15877.0,22423,0.0,2
15877.0,47566,0.0,3
15877.0,85099B,0.0,4
15877.0,20725,0.0,5
15877.0,84879,0.0,6
15877.0,22720,0.0,7
15877.0,22383,0.0,8
15877.0,21212,0.0,9
15877.0,20727,0.0,10
15877.0,20728,0.0,11
15877.0,22384,0.0,12
15877.0,23298,0.0,13
15877.0,POST,0.0,14
15877.0,22457,0.0,15
15877.0,22382,0.0,16
15877.0,22960,0.0,17
15877.0,22961,0.0,18
15877.0,22469,0.0,19
15877.0,82482,0.0,20
15900.0,85123A,0.0,1
15900.0,22423,0.0,2
15900.0,47566,0.0,3
15900.0,85099B,0.0,4
15900.0,20725,0.0,5
15900.0,84879,0.0,6
15900.0,22720,0.0,7
15900.0,22383,0.0,8
15900.0,21212,0.0,9
15900.0,20727,0.0,10
15900.0,20728,0.0,11
15900.0,22384,0.0,12
15900.0,23298,0.0,13
15900.0,POST,0.0,14
15900.0,22457,0.0,15
15900.0,22382,0.0,16
15900.0,22960,0.0,17
15900.0,22961,0.0,18
15900.0,22469,0.0,19
15900.0,82482,0.0,20
15906.0,22423,1.0,1
15906.0,21212,1.0,2
15906.0,23298,1.0,3
15906.0,22993,1.0,4
15906.0,22699,1.0,5
15906.0,21080,1.0,6
15906.0,22727,1.0,7
15906.0,20914,1.0,8
15906.0,21034,1.0,9
15906.0,22697,1.0,10
15906.0,22090,1.0,11
15906.0,22558,1.0,12
15906.0,22139,1.0,13
15906.0,21175,1.0,14
15906.0,85152,1.0,15
15906.0,21166,1.0,16
15906.0,22698,1.0,17
15906.0,22149,1.0,18
15906.0,23245,1.0,19
15906.0,21843,1.0,20
15919.0,22960,1.0,1
15919.0,22197,1.0,2
15919.0,21175,1.0,3
15919.0,22356,1.0,4
15919.0,21907,1.0,5
15919.0,22413,1.0,6
15919.0,22983,1.0,7
15919.0,22844,1.0,8
15919.0,22962,1.0,9
15919.0,21506,1.0,10
15919.0,21479,1.0,11
15919.0,21154,1.0,12
15919.0,21499,1.0,13
15919.0,21500,1.0,14
15919.0,21497,1.0,15
15919.0,22485,1.0,16
15919.0,21260,1.0,17
15919.0,22425,1.0,18
15919.0,79000,1.0,19
15919.0,21042,1.0,20
15950.0,47566,1.0,1
15950.0,85099B,1.0,2
15950.0,20725,1.0,3
15950.0,84879,1.0,4
15950.0,22383,1.0,5
15950.0,20728,1.0,6
15950.0,23298,1.0,7
15950.0,22382,1.0,8
15950.0,22960,1.0,9
15950.0,23203,1.0,10
15950.0,21931,1.0,11
15950.0,22411,1.0,12
15950.0,85099F,1.0,13
15950.0,22629,1.0,14
15950.0,22139,1.0,15
15950.0,85099C,1.0,16
15950.0,23201,1.0,17
15950.0,23207,1.0,18
15950.0,23202,1.0,19
15950.0,22630,1.0,20
15951.0,47566,1.0,1
15951.0,22457,1.0,2
15951.0,22469,1.0,3
15951.0,22411,1.0,4
15951.0,22470,1.0,5
15951.0,84755,1.0,6
15951.0,22467,1.0,7
15951.0,84836,1.0,8
15951.0,21136,1.0,9
15951.0,22381,1.0,10
15951.0,22488,1.0,11
15951.0,22241,1.0,12
15951.0,22567,1.0,13
15951.0,22669,1.0,14
15951.0,22441,1.0,15
15951.0,22244,1.0,16
15951.0,22829,1.0,17
15951.0,85123A,0.0,18
15951.0,22423,0.0,19
15951.0,85099B,0.0,20
15981.0,21212,1.0,1
15981.0,23206,1.0,2
15981.0,23209,1.0,3
15981.0,23203,1.0,4
15981.0,21977,1.0,5
15981.0,23199,1.0,6
15981.0,23201,1.0,7
15981.0,23207,1.0,8
15981.0,23202,1.0,9
15981.0,23208,1.0,10
15981.0,22084,1.0,11
15981.0,21975,1.0,12
15981.0,23204,1.0,13
15981.0,48184,1.0,14
15981.0,23200,1.0,15
15981.0,22431,1.0,16
15981.0,84988,1.0,17
15981.0,21210,1.0,18
15981.0,22432,1.0,19
15981.0,22561,1.0,20
15993.0,85123A,0.0,1
15993.0,22423,0.0,2
15993.0,47566,0.0,3
15993.0,85099B,0.0,4
15993.0,20725,0.0,5
15993.0,84879,0.0,6
15993.0,22720,0.0,7
15993.0,22383,0.0,8
15993.0,21212,0.0,9
15993.0,20727,0.0,10
15993.0,20728,0.0,11
15993.0,22384,0.0,12
15993.0,23298,0.0,13
15993.0,POST,0.0,14
15993.0,22457,0.0,15
15993.0,22382,0.0,16
15993.0,22960,0.0,17
15993.0,22961,0.0,18
15993.0,22469,0.0,19
15993.0,82482,0.0,20
16012.0,22423,1.0,1
16012.0,47566,1.0,2
16012.0,22961,1.0,3
16012.0,22699,1.0,4
16012.0,22697,1.0,5
16012.0,22077,1.0,6
16012.0,22427,1.0,7
16012.0,22698,1.0,8
16012.0,22149,1.0,9
16012.0,23245,1.0,10
16012.0,22556,1.0,11
16012.0,22607,1.0,12
16012.0,21172,1.0,13
16012.0,23173,1.0,14
16012.0,22749,1.0,15
16012.0,21868,1.0,16
16012.0,23170,1.0,17
16012.0,22030,1.0,18
16012.0,20974,1.0,19
16012.0,22784,1.0,20
16026.0,85123A,0.0,1
16026.0,22423,0.0,2
16026.0,47566,0.0,3
16026.0,85099B,0.0,4
16026.0,20725,0.0,5
16026.0,84879,0.0,6
16026.0,22720,0.0,7
16026.0,22383,0.0,8
16026.0,21212,0.0,9
16026.0,20727,0.0,10
16026.0,20728,0.0,11
16026.0,22384,0.0,12
16026.0,23298,0.0,13
16026.0,POST,0.0,14
16026.0,22457,0.0,15
16026.0,22382,0.0,16
16026.0,22960,0.0,17
16026.0,22961,0.0,18
16026.0,22469,0.0,19
16026.0,82482,0.0,20
16043.0,85123A,1.0,1
16043.0,22138,1.0,2
16043.0,22427,1.0,3
16043.0,21790,1.0,4
16043.0,22617,1.0,5
16043.0,22429,1.0,6
16043.0,22847,1.0,7
16043.0,21326,1.0,8
16043.0,21703,1.0,9
16043.0,22430,1.0,10
16043.0,84792,1.0,11
16043.0,85053,1.0,12
16043.0,22849,1.0,13
16043.0,22672,1.0,14
16043.0,22426,1.0,15
16043.0,22848,1.0,16
16043.0,22675,1.0,17
16043.0,21313,1.0,18
16043.0,22673,1.0,19
16043.0,23065,1.0,20
16049.0,84879,1.0,1
16049.0,22720,1.0,2
16049.0,21212,1.0,3
16049.0,20727,1.0,4
16049.0,22960,1.0,5
16049.0,82482,1.0,6
16049.0,22666,1.0,7
16049.0,21754,1.0,8
16049.0,21034,1.0,9
16049.0,22722,1.0,10
16049.0,22139,1.0,11
16049.0,23201,1.0,12
16049.0,22662,1.0,13
16049.0,23207,1.0,14
16049.0,22427,1.0,15
16049.0,48187,1.0,16
16049.0,21790,1.0,17
16049.0,23301,1.0,18
16049.0,22667,1.0,19
16049.0,21791,1.0,20
16056.0,85123A,0.0,1
16056.0,22423,0.0,2
16056.0,47566,0.0,3
16056.0,85099B,0.0,4
16056.0,20725,0.0,5
16056.0,84879,0.0,6
16056.0,22720,0.0,7
16056.0,22383,0.0,8
16056.0,21212,0.0,9
16056.0,20727,0.0,10
16056.0,20728,0.0,11
16056.0,22384,0.0,12
16056.0,23298,0.0,13
16056.0,POST,0.0,14
16056.0,22457,0.0,15
16056.0,22382,0.0,16
16056.0,22960,0.0,17
16056.0,22961,0.0,18
16056.0,22469,0.0,19
16056.0,82482,0.0,20
16076.0,85123A,1.0,1
16076.0,20725,1.0,2
16076.0,21212,1.0,3
16076.0,20728,1.0,4
16076.0,23298,1.0,5
16076.0,22457,1.0,6
16076.0,22382,1.0,7
16076.0,22960,1.0,8
16076.0,22090,1.0,9
16076.0,22139,1.0,10
16076.0,22138,1.0,11
16076.0,23207,1.0,12
16076.0,23208,1.0,13
16076.0,21790,1.0,14
16076.0,21936,1.0,15
16076.0,23301,1.0,16
16076.0,21915,1.0,17
16076.0,23300,1.0,18
16076.0,82580,1.0,19
16076.0,22413,1.0,20
16126.0,47566,1.0,1
16126.0,23298,1.0,2
16126.0,22457,1.0,3
16126.0,22077,1.0,4
16126.0,22149,1.0,5
16126.0,22652,1.0,6
16126.0,20972,1.0,7
16126.0,22147,1.0,8
16126.0,47566B,1.0,9
16126.0,21621,1.0,10
16126.0,47590A,1.0,11
16126.0,47590B,1.0,12
16126.0,22570,1.0,13
16126.0,20971,1.0,14
16126.0,22568,1.0,15
16126.0,22621,1.0,16
16126.0,22569,1.0,17
16126.0,22150,1.0,18
16126.0,22749,1.0,19
16126.0,22750,1.0,20
16127.0,85123A,0.0,1
16127.0,22423,0.0,2
16127.0,47566,0.0,3
16127.0,85099B,0.0,4
16127.0,20725,0.0,5
16127.0,84879,0.0,6
16127.0,22720,0.0,7
16127.0,22383,0.0,8
16127.0,21212,0.0,9
16127.0,20727,0.0,10
16127.0,20728,0.0,11
16127.0,22384,0.0,12
16127.0,23298,0.0,13
16127.0,POST,0.0,14
16127.0,22457,0.0,15
16127.0,22382,0.0,16
16127.0,22960,0.0,17
16127.0,22961,0.0,18
16127.0,22469,0.0,19
16127.0,82482,0.0,20
16134.0,21080,1.0,1
16134.0,20914,1.0,2
16134.0,22667,1.0,3
16134.0,21535,1.0,4
16134.0,85150,1.0,5
16134.0,20754,1.0,6
16134.0,22348,1.0,7
16134.0,72741,1.0,8
16134.0,21531,1.0,9
16134.0,21218,1.0,10
16134.0,21527,1.0,11
16134.0,21876,1.0,12
16134.0,21495,1.0,13
16134.0,37370,1.0,14
16134.0,84849D,1.0,15
16134.0,20886,1.0,16
16134.0,85123A,0.0,17
16134.0,22423,0.0,18
16134.0,47566,0.0,19
16134.0,85099B,0.0,20
16150.0,47566,1.0,1
16150.0,20725,1.0,2
16150.0,84879,1.0,3
16150.0,22720,1.0,4
16150.0,23298,1.0,5
16150.0,22469,1.0,6
16150.0,82482,1.0,7
16150.0,22178,1.0,8
16150.0,22666,1.0,9
16150.0,22470,1.0,10
16150.0,82494L,1.0,11
16150.0,20724,1.0,12
16150.0,22077,1.0,13
16150.0,84978,1.0,14
16150.0,82484,1.0,15
16150.0,22969,1.0,16
16150.0,20719,1.0,17
16150.0,20723,1.0,18
16150.0,23245,1.0,19
16150.0,22356,1.0,20
16153.0,47566,1.0,1
16153.0,20725,1.0,2
16153.0,22720,1.0,3
16153.0,22383,1.0,4
16153.0,20727,1.0,5
16153.0,22384,1.0,6
16153.0,23298,1.0,7
16153.0,22457,1.0,8
16153.0,22961,1.0,9
16153.0,22993,1.0,10
16153.0,20726,1.0,11
16153.0,22666,1.0,12
16153.0,21080,1.0,13
16153.0,20914,1.0,14
16153.0,22558,1.0,15
16153.0,84380,1.0,16
16153.0,21843,1.0,17
16153.0,84077,1.0,18
16153.0,21155,1.0,19
16153.0,21533,1.0,20
16156.0,85099B,1.0,1
16156.0,22720,1.0,2
16156.0,23298,1.0,3
16156.0,22457,1.0,4
16156.0,22961,1.0,5
16156.0,23206,1.0,6
16156.0,23203,1.0,7
16156.0,22411,1.0,8
16156.0,85099F,1.0,9
16156.0,22629,1.0,10
16156.0,22722,1.0,11
16156.0,23201,1.0,12
16156.0,22662,1.0,13
16156.0,23207,1.0,14
16156.0,21181,1.0,15
16156.0,23202,1.0,16
16156.0,22630,1.0,17
16156.0,22969,1.0,18
16156.0,22084,1.0,19
16156.0,22467,1.0,20
16157.0,84879,1.0,1
16157.0,22456,1.0,2
16157.0,23169,1.0,3
16157.0,23089,1.0,4
16157.0,85123A,0.0,5
16157.0,22423,0.0,6
16157.0,47566,0.0,7
16157.0,85099B,0.0,8
16157.0,20725,0.0,9
16157.0,22720,0.0,10
16157.0,22383,0.0,11
16157.0,21212,0.0,12
16157.0,20727,0.0,13
16157.0,20728,0.0,14
16157.0,22384,0.0,15
16157.0,23298,0.0,16
16157.0,POST,0.0,17
16157.0,22457,0.0,18
16157.0,22382,0.0,19
16157.0,22960,0.0,20
16218.0,85099B,1.0,1
16218.0,20725,1.0,2
16218.0,22383,1.0,3
16218.0,21212,1.0,4
16218.0,20727,1.0,5
16218.0,20728,1.0,6
16218.0,22384,1.0,7
16218.0,22469,1.0,8
16218.0,22197,1.0,9
16218.0,23209,1.0,10
16218.0,23203,1.0,11
16218.0,21931,1.0,12
16218.0,85099C,1.0,13
16218.0,21232,1.0,14
16218.0,21929,1.0,15
16218.0,82486,1.0,16
16218.0,21928,1.0,17
16218.0,21975,1.0,18
16218.0,84378,1.0,19
16218.0,84380,1.0,20
16235.0,84879,1.0,1
16235.0,22720,1.0,2
16235.0,23298,1.0,3
16235.0,POST,1.0,4
16235.0,23209,1.0,5
16235.0,23203,1.0,6
16235.0,22666,1.0,7
16235.0,22722,1.0,8
16235.0,82484,1.0,9
16235.0,22907,1.0,10
16235.0,22624,1.0,11
16235.0,48187,1.0,12
16235.0,23300,1.0,13
16235.0,84836,1.0,14
16235.0,22487,1.0,15
16235.0,22692,1.0,16
16235.0,22171,1.0,17
16235.0,22989,1.0,18
16235.0,21136,1.0,19
16235.0,22855,1.0,20
16240.0,85123A,1.0,1
16240.0,22720,1.0,2
16240.0,22960,1.0,3
16240.0,22699,1.0,4
16240.0,22666,1.0,5
16240.0,22558,1.0,6
16240.0,22077,1.0,7
16240.0,23201,1.0,8
16240.0,22969,1.0,9
16240.0,22907,1.0,10
16240.0,22966,1.0,11
16240.0,22147,1.0,12
16240.0,21523,1.0,13
16240.0,20750,1.0,14
16240.0,23307,1.0,15
16240.0,22561,1.0,16
16240.0,22086,1.0,17
16240.0,23052,1.0,18
16240.0,23231,1.0,19
16240.0,22489,1.0,20
16242.0,85099B,1.0,1
16242.0,20725,1.0,2
16242.0,84879,1.0,3
16242.0,22720,1.0,4
16242.0,20727,1.0,5
16242.0,20728,1.0,6
16242.0,22384,1.0,7
16242.0,23298,1.0,8
16242.0,22382,1.0,9
16242.0,22469,1.0,10
16242.0,22386,1.0,11
16242.0,23206,1.0,12
16242.0,23209,1.0,13
16242.0,23203,1.0,14
16242.0,22666,1.0,15
16242.0,22470,1.0,16
16242.0,85099F,1.0,17
16242.0,20724,1.0,18
16242.0,23201,1.0,19
16242.0,20685,1.0,20
16249.0,47566,1.0,1
16249.0,84879,1.0,2
16249.0,21212,1.0,3
16249.0,22457,1.0,4
16249.0,82482,1.0,5
16249.0,82494L,1.0,6
16249.0,21977,1.0,7
16249.0,84991,1.0,8
16249.0,84755,1.0,9
16249.0,48187,1.0,10
16249.0,21975,1.0,11
16249.0,48194,1.0,12
16249.0,21936,1.0,13
16249.0,21213,1.0,14
16249.0,22766,1.0,15
16249.0,21524,1.0,16
16249.0,21907,1.0,17
16249.0,22607,1.0,18
16249.0,22087,1.0,19
16249.0,21498,1.0,20
16255.0,22720,1.0,1
16255.0,21212,1.0,2
16255.0,23298,1.0,3
16255.0,22960,1.0,4
16255.0,22961,1.0,5
16255.0,22993,1.0,6
16255.0,22197,1.0,7
16255.0,22666,1.0,8
16255.0,21080,1.0,9
16255.0,22411,1.0,10
16255.0,20914,1.0,11
16255.0,21034,1.0,12
16255.0,82494L,1.0,13
16255.0,21977,1.0,14
16255.0,84991,1.0,15
16255.0,22722,1.0,16
16255.0,22558,1.0,17
16255.0,84378,1.0,18
16255.0,84380,1.0,19
16255.0,22551,1.0,20
16258.0,47566,1.0,1
16258.0,85099B,1.0,2
16258.0,22383,1.0,3
16258.0,20728,1.0,4
16258.0,22384,1.0,5
16258.0,23298,1.0,6
16258.0,22457,1.0,7
16258.0,22382,1.0,8
16258.0,22993,1.0,9
16258.0,23203,1.0,10
16258.0,22727,1.0,11
16258.0,20914,1.0,12
16258.0,22629,1.0,13
16258.0,21977,1.0,14
16258.0,22726,1.0,15
16258.0,22630,1.0,16
16258.0,22969,1.0,17
16258.0,21166,1.0,18
16258.0,48138,1.0,19
16258.0,22084,1.0,20
16260.0,85123A,0.0,1
16260.0,22423,0.0,2
16260.0,47566,0.0,3
16260.0,85099B,0.0,4
16260.0,20725,0.0,5
16260.0,84879,0.0,6
16260.0,22720,0.0,7
16260.0,22383,0.0,8
16260.0,21212,0.0,9
16260.0,20727,0.0,10
16260.0,20728,0.0,11
16260.0,22384,0.0,12
16260.0,23298,0.0,13
16260.0,POST,0.0,14
16260.0,22457,0.0,15
16260.0,22382,0.0,16
16260.0,22960,0.0,17
16260.0,22961,0.0,18
16260.0,22469,0.0,19
16260.0,82482,0.0,20
16271.0,85123A,1.0,1
16271.0,85099B,1.0,2
16271.0,21212,1.0,3
16271.0,23298,1.0,4
16271.0,23203,1.0,5
16271.0,21080,1.0,6
16271.0,22411,1.0,7
16271.0,21034,1.0,8
16271.0,20724,1.0,9
16271.0,84991,1.0,10
16271.0,23199,1.0,11
16271.0,21232,1.0,12
16271.0,22355,1.0,13
16271.0,22907,1.0,14
16271.0,22356,1.0,15
16271.0,22804,1.0,16
16271.0,23204,1.0,17
16271.0,82580,1.0,18
16271.0,21231,1.0,19
16271.0,20718,1.0,20
16325.0,84879,1.0,1
16325.0,23298,1.0,2
16325.0,22084,1.0,3
16325.0,21621,1.0,4
16325.0,22499,1.0,5
16325.0,21868,1.0,6
16325.0,23080,1.0,7
16325.0,22360,1.0,8
16325.0,22318,1.0,9
16325.0,85123A,0.0,10
16325.0,22423,0.0,11
16325.0,47566,0.0,12
16325.0,85099B,0.0,13
16325.0,20725,0.0,14
16325.0,22720,0.0,15
16325.0,22383,0.0,16
16325.0,21212,0.0,17
16325.0,20727,0.0,18
16325.0,20728,0.0,19
16325.0,22384,0.0,20
16341.0,85099B,1.0,1
16341.0,20725,1.0,2
16341.0,21212,1.0,3
16341.0,20727,1.0,4
16341.0,23298,1.0,5
16341.0,23209,1.0,6
16341.0,20724,1.0,7
16341.0,84991,1.0,8
16341.0,85099C,1.0,9
16341.0,23201,1.0,10
16341.0,23207,1.0,11
16341.0,21928,1.0,12
16341.0,21936,1.0,13
16341.0,20972,1.0,14
16341.0,22189,1.0,15
16341.0,22083,1.0,16
16341.0,22379,1.0,17
16341.0,21174,1.0,18
16341.0,47591D,1.0,19
16341.0,22844,1.0,20
16348.0,22386,1.0,1
16348.0,22197,1.0,2
16348.0,21080,1.0,3
16348.0,21034,1.0,4
16348.0,22138,1.0,5
16348.0,22969,1.0,6
16348.0,22907,1.0,7
16348.0,22551,1.0,8
16348.0,23301,1.0,9
16348.0,71459,1.0,10
16348.0,22652,1.0,11
16348.0,21731,1.0,12
16348.0,23300,1.0,13
16348.0,22557,1.0,14
16348.0,22555,1.0,15
16348.0,21094,1.0,16
16348.0,21533,1.0,17
16348.0,21791,1.0,18
16348.0,22771,1.0,19
16348.0,22111,1.0,20
16350.0,85123A,1.0,1
16350.0,85099B,1.0,2
16350.0,22457,1.0,3
16350.0,22469,1.0,4
16350.0,22386,1.0,5
16350.0,22470,1.0,6
16350.0,82494L,1.0,7
16350.0,20724,1.0,8
16350.0,22139,1.0,9
16350.0,82484,1.0,10
16350.0,22138,1.0,11
16350.0,21755,1.0,12
16350.0,82486,1.0,13
16350.0,84380,1.0,14
16350.0,22356,1.0,15
16350.0,22487,1.0,16
16350.0,21314,1.0,17
16350.0,23321,1.0,18
16350.0,22296,1.0,19
16350.0,84406B,1.0,20
16360.0,85123A,1.0,1
16360.0,20725,1.0,2
16360.0,21212,1.0,3
16360.0,22382,1.0,4
16360.0,22993,1.0,5
16360.0,22197,1.0,6
16360.0,20726,1.0,7
16360.0,22666,1.0,8
16360.0,21034,1.0,9
16360.0,22090,1.0,10
16360.0,21977,1.0,11
16360.0,22077,1.0,12
16360.0,22139,1.0,13
16360.0,20685,1.0,14
16360.0,23208,1.0,15
16360.0,48138,1.0,16
16360.0,21975,1.0,17
16360.0,84378,1.0,18
16360.0,48194,1.0,19
16360.0,22467,1.0,20
16368.0,85123A,0.0,1
16368.0,22423,0.0,2
16368.0,47566,0.0,3
16368.0,85099B,0.0,4
16368.0,20725,0.0,5
16368.0,84879,0.0,6
16368.0,22720,0.0,7
16368.0,22383,0.0,8
16368.0,21212,0.0,9
16368.0,20727,0.0,10
16368.0,20728,0.0,11
16368.0,22384,0.0,12
16368.0,23298,0.0,13
16368.0,POST,0.0,14
16368.0,22457,0.0,15
16368.0,22382,0.0,16
16368.0,22960,0.0,17
16368.0,22961,0.0,18
16368.0,22469,0.0,19
16368.0,82482,0.0,20
16376.0,85123A,0.0,1
16376.0,22423,0.0,2
16376.0,47566,0.0,3
16376.0,85099B,0.0,4
16376.0,20725,0.0,5
16376.0,84879,0.0,6
16376.0,22720,0.0,7
16376.0,22383,0.0,8
16376.0,21212,0.0,9
16376.0,20727,0.0,10
16376.0,20728,0.0,11
16376.0,22384,0.0,12
16376.0,23298,0.0,13
16376.0,POST,0.0,14
16376.0,22457,0.0,15
16376.0,22382,0.0,16
16376.0,22960,0.0,17
16376.0,22961,0.0,18
16376.0,22469,0.0,19
16376.0,82482,0.0,20
16412.0,85123A,0.0,1
16412.0,22423,0.0,2
16412.0,47566,0.0,3
16412.0,85099B,0.0,4
16412.0,20725,0.0,5
16412.0,84879,0.0,6
16412.0,22720,0.0,7
16412.0,22383,0.0,8
16412.0,21212,0.0,9
16412.0,20727,0.0,10
16412.0,20728,0.0,11
16412.0,22384,0.0,12
16412.0,23298,0.0,13
16412.0,POST,0.0,14
16412.0,22457,0.0,15
16412.0,22382,0.0,16
16412.0,22960,0.0,17
16412.0,22961,0.0,18
16412.0,22469,0.0,19
16412.0,82482,0.0,20
16422.0,21212,1.0,1
16422.0,21080,1.0,2
16422.0,22629,1.0,3
16422.0,22090,1.0,4
16422.0,84755,1.0,5
16422.0,22630,1.0,6
16422.0,22084,1.0,7
16422.0,21790,1.0,8
16422.0,84992,1.0,9
16422.0,21213,1.0,10
16422.0,20972,1.0,11
16422.0,47566B,1.0,12
16422.0,22083,1.0,13
16422.0,47590A,1.0,14
16422.0,22499,1.0,15
16422.0,47590B,1.0,16
16422.0,21094,1.0,17
16422.0,22621,1.0,18
16422.0,21172,1.0,19
16422.0,21121,1.0,20
16426.0,85099B,1.0,1
16426.0,22469,1.0,2
16426.0,22386,1.0,3
16426.0,22666,1.0,4
16426.0,22411,1.0,5
16426.0,22470,1.0,6
16426.0,85099F,1.0,7
16426.0,85099C,1.0,8
16426.0,21929,1.0,9
16426.0,23202,1.0,10
16426.0,21166,1.0,11
16426.0,22467,1.0,12
16426.0,22554,1.0,13
16426.0,22551,1.0,14
16426.0,22556,1.0,15
16426.0,20712,1.0,16
16426.0,22385,1.0,17
16426.0,22557,1.0,18
16426.0,22553,1.0,19
16426.0,22555,1.0,20
16434.0,22423,1.0,1
16434.0,47566,1.0,2
16434.0,22720,1.0,3
16434.0,22469,1.0,4
16434.0,22178,1.0,5
16434.0,22722,1.0,6
16434.0,22624,1.0,7
16434.0,84946,1.0,8
16434.0,21621,1.0,9
16434.0,22771,1.0,10
16434.0,21669,1.0,11
16434.0,21668,1.0,12
16434.0,84692,1.0,13
16434.0,22173,1.0,14
16434.0,21672,1.0,15
16434.0,21430,1.0,16
16434.0,22219,1.0,17
16434.0,22507,1.0,18
16434.0,21671,1.0,19
16434.0,22488,1.0,20
16458.0,85123A,1.0,1
16458.0,85099B,1.0,2
16458.0,20725,1.0,3
16458.0,22383,1.0,4
16458.0,20728,1.0,5
16458.0,22382,1.0,6
16458.0,22469,1.0,7
16458.0,82482,1.0,8
16458.0,22386,1.0,9
16458.0,23209,1.0,10
16458.0,23203,1.0,11
16458.0,21931,1.0,12
16458.0,22411,1.0,13
16458.0,22470,1.0,14
16458.0,82494L,1.0,15
16458.0,85099F,1.0,16
16458.0,22090,1.0,17
16458.0,20724,1.0,18
16458.0,23199,1.0,19
16458.0,85099C,1.0,20
16463.0,22558,1.0,1
16463.0,22139,1.0,2
16463.0,22138,1.0,3
16463.0,84378,1.0,4
16463.0,84380,1.0,5
16463.0,21155,1.0,6
16463.0,21791,1.0,7
16463.0,21933,1.0,8
16463.0,22617,1.0,9
16463.0,22561,1.0,10
16463.0,22896,1.0,11
16463.0,22196,1.0,12
16463.0,23155,1.0,13
16463.0,21700,1.0,14
16463.0,22208,1.0,15
16463.0,21794,1.0,16
16463.0,21792,1.0,17
16463.0,85123A,0.0,18
16463.0,22423,0.0,19
16463.0,47566,0.0,20
16506.0,85123A,0.0,1
16506.0,22423,0.0,2
16506.0,47566,0.0,3
16506.0,85099B,0.0,4
16506.0,20725,0.0,5
16506.0,84879,0.0,6
16506.0,22720,0.0,7
16506.0,22383,0.0,8
16506.0,21212,0.0,9
16506.0,20727,0.0,10
16506.0,20728,0.0,11
16506.0,22384,0.0,12
16506.0,23298,0.0,13
16506.0,POST,0.0,14
16506.0,22457,0.0,15
16506.0,22382,0.0,16
16506.0,22960,0.0,17
16506.0,22961,0.0,18
16506.0,22469,0.0,19
16506.0,82482,0.0,20
16515.0,84879,1.0,1
16515.0,22457,1.0,2
16515.0,22961,1.0,3
16515.0,20726,1.0,4
16515.0,22699,1.0,5
16515.0,22727,1.0,6
16515.0,22470,1.0,7
16515.0,21034,1.0,8
16515.0,22697,1.0,9
16515.0,22662,1.0,10
16515.0,22698,1.0,11
16515.0,22084,1.0,12
16515.0,84378,1.0,13
16515.0,23245,1.0,14
16515.0,84970S,1.0,15
16515.0,21731,1.0,16
16515.0,84836,1.0,17
16515.0,21621,1.0,18
16515.0,22499,1.0,19
16515.0,22607,1.0,20
16523.0,85099B,1.0,1
16523.0,20725,1.0,2
16523.0,22383,1.0,3
16523.0,20727,1.0,4
16523.0,20728,1.0,5
16523.0,22384,1.0,6
16523.0,22382,1.0,7
16523.0,22961,1.0,8
16523.0,22386,1.0,9
16523.0,23206,1.0,10
16523.0,23209,1.0,11
16523.0,23203,1.0,12
16523.0,21080,1.0,13
16523.0,21931,1.0,14
16523.0,22727,1.0,15
16523.0,22411,1.0,16
16523.0,22470,1.0,17
16523.0,23199,1.0,18
16523.0,84755,1.0,19
16523.0,85099C,1.0,20
16528.0,85123A,0.0,1
16528.0,22423,0.0,2
16528.0,47566,0.0,3
16528.0,85099B,0.0,4
16528.0,20725,0.0,5
16528.0,84879,0.0,6
16528.0,22720,0.0,7
16528.0,22383,0.0,8
16528.0,21212,0.0,9
16528.0,20727,0.0,10
16528.0,20728,0.0,11
16528.0,22384,0.0,12
16528.0,23298,0.0,13
16528.0,POST,0.0,14
16528.0,22457,0.0,15
16528.0,22382,0.0,16
16528.0,22960,0.0,17
16528.0,22961,0.0,18
16528.0,22469,0.0,19
16528.0,82482,0.0,20
16539.0,22469,1.0,1
16539.0,82482,1.0,2
16539.0,21754,1.0,3
16539.0,82494L,1.0,4
16539.0,21755,1.0,5
16539.0,82486,1.0,6
16539.0,48194,1.0,7
16539.0,82483,1.0,8
16539.0,48184,1.0,9
16539.0,21523,1.0,10
16539.0,22784,1.0,11
16539.0,21756,1.0,12
16539.0,22855,1.0,13
16539.0,22595,1.0,14
16539.0,23148,1.0,15
16539.0,21955,1.0,16
16539.0,22222,1.0,17
16539.0,85123A,0.0,18
16539.0,22423,0.0,19
16539.0,47566,0.0,20
16542.0,85123A,0.0,1
16542.0,22423,0.0,2
16542.0,47566,0.0,3
16542.0,85099B,0.0,4
16542.0,20725,0.0,5
16542.0,84879,0.0,6
16542.0,22720,0.0,7
16542.0,22383,0.0,8
16542.0,21212,0.0,9
16542.0,20727,0.0,10
16542.0,20728,0.0,11
16542.0,22384,0.0,12
16542.0,23298,0.0,13
16542.0,POST,0.0,14
16542.0,22457,0.0,15
16542.0,22382,0.0,16
16542.0,22960,0.0,17
16542.0,22961,0.0,18
16542.0,22469,0.0,19
16542.0,82482,0.0,20
16612.0,85123A,1.0,1
16612.0,85099B,1.0,2
16612.0,22383,1.0,3
16612.0,20728,1.0,4
16612.0,22178,1.0,5
16612.0,23206,1.0,6
16612.0,23209,1.0,7
16612.0,21931,1.0,8
16612.0,22411,1.0,9
16612.0,22470,1.0,10
16612.0,23199,1.0,11
16612.0,82484,1.0,12
16612.0,21755,1.0,13
16612.0,22427,1.0,14
16612.0,48194,1.0,15
16612.0,21790,1.0,16
16612.0,22467,1.0,17
16612.0,22111,1.0,18
16612.0,22112,1.0,19
16612.0,21868,1.0,20
16655.0,22720,1.0,1
16655.0,21212,1.0,2
16655.0,22961,1.0,3
16655.0,22469,1.0,4
16655.0,22993,1.0,5
16655.0,22666,1.0,6
16655.0,22727,1.0,7
16655.0,20914,1.0,8
16655.0,84991,1.0,9
16655.0,22722,1.0,10
16655.0,84978,1.0,11
16655.0,22726,1.0,12
16655.0,22624,1.0,13
16655.0,48187,1.0,14
16655.0,21975,1.0,15
16655.0,84378,1.0,16
16655.0,48194,1.0,17
16655.0,84380,1.0,18
16655.0,22728,1.0,19
16655.0,84992,1.0,20
16660.0,22699,1.0,1
16660.0,22697,1.0,2
16660.0,71459,1.0,3
16660.0,22460,1.0,4
16660.0,85123A,0.0,5
16660.0,22423,0.0,6
16660.0,47566,0.0,7
16660.0,85099B,0.0,8
16660.0,20725,0.0,9
16660.0,84879,0.0,10
16660.0,22720,0.0,11
16660.0,22383,0.0,12
16660.0,21212,0.0,13
16660.0,20727,0.0,14
16660.0,20728,0.0,15
16660.0,22384,0.0,16
16660.0,23298,0.0,17
16660.0,POST,0.0,18
16660.0,22457,0.0,19
16660.0,22382,0.0,20
16670.0,85123A,1.0,1
16670.0,22423,1.0,2
16670.0,47566,1.0,3
16670.0,85099B,1.0,4
16670.0,20725,1.0,5
16670.0,22720,1.0,6
16670.0,20727,1.0,7
16670.0,22384,1.0,8
16670.0,22178,1.0,9
16670.0,22386,1.0,10
16670.0,22699,1.0,11
16670.0,21080,1.0,12
16670.0,22411,1.0,13
16670.0,20914,1.0,14
16670.0,22697,1.0,15
16670.0,85099F,1.0,16
16670.0,22722,1.0,17
16670.0,22558,1.0,18
16670.0,23199,1.0,19
16670.0,85099C,1.0,20
16684.0,22423,1.0,1
16684.0,85099B,1.0,2
16684.0,21212,1.0,3
16684.0,22960,1.0,4
16684.0,82482,1.0,5
16684.0,22993,1.0,6
16684.0,23206,1.0,7
16684.0,23203,1.0,8
16684.0,22699,1.0,9
16684.0,22727,1.0,10
16684.0,22697,1.0,11
16684.0,22629,1.0,12
16684.0,21977,1.0,13
16684.0,23199,1.0,14
16684.0,21929,1.0,15
16684.0,21166,1.0,16
16684.0,23208,1.0,17
16684.0,22698,1.0,18
16684.0,22659,1.0,19
16684.0,23245,1.0,20
16705.0,85123A,1.0,1
16705.0,22423,1.0,2
16705.0,47566,1.0,3
16705.0,22960,1.0,4
16705.0,82482,1.0,5
16705.0,22993,1.0,6
16705.0,22178,1.0,7
16705.0,23206,1.0,8
16705.0,23209,1.0,9
16705.0,22727,1.0,10
16705.0,20914,1.0,11
16705.0,82494L,1.0,12
16705.0,22722,1.0,13
16705.0,23201,1.0,14
16705.0,82484,1.0,15
16705.0,20685,1.0,16
16705.0,23207,1.0,17
16705.0,82486,1.0,18
16705.0,48138,1.0,19
16705.0,22624,1.0,20
16710.0,22423,1.0,1
16710.0,20725,1.0,2
16710.0,22720,1.0,3
16710.0,22383,1.0,4
16710.0,21212,1.0,5
16710.0,20727,1.0,6
16710.0,20728,1.0,7
16710.0,22382,1.0,8
16710.0,22961,1.0,9
16710.0,82482,1.0,10
16710.0,22197,1.0,11
16710.0,22699,1.0,12
16710.0,21080,1.0,13
16710.0,22727,1.0,14
16710.0,22697,1.0,15
16710.0,22629,1.0,16
16710.0,84991,1.0,17
16710.0,22722,1.0,18
16710.0,22558,1.0,19
16710.0,22077,1.0,20
16711.0,15056N,1.0,1
16711.0,22424,1.0,2
16711.0,15056BL,1.0,3
16711.0,22425,1.0,4
16711.0,23188,1.0,5
16711.0,85123A,0.0,6
16711.0,22423,0.0,7
16711.0,47566,0.0,8
16711.0,85099B,0.0,9
16711.0,20725,0.0,10
16711.0,84879,0.0,11
16711.0,22720,0.0,12
16711.0,22383,0.0,13
16711.0,21212,0.0,14
16711.0,20727,0.0,15
16711.0,20728,0.0,16
16711.0,22384,0.0,17
16711.0,23298,0.0,18
16711.0,POST,0.0,19
16711.0,22457,0.0,20
16737.0,85123A,0.0,1
16737.0,22423,0.0,2
16737.0,47566,0.0,3
16737.0,85099B,0.0,4
16737.0,20725,0.0,5
16737.0,84879,0.0,6
16737.0,22720,0.0,7
16737.0,22383,0.0,8
16737.0,21212,0.0,9
16737.0,20727,0.0,10
16737.0,20728,0.0,11
16737.0,22384,0.0,12
16737.0,23298,0.0,13
16737.0,POST,0.0,14
16737.0,22457,0.0,15
16737.0,22382,0.0,16
16737.0,22960,0.0,17
16737.0,22961,0.0,18
16737.0,22469,0.0,19
16737.0,82482,0.0,20
16751.0,85123A,0.0,1
16751.0,22423,0.0,2
16751.0,47566,0.0,3
16751.0,85099B,0.0,4
16751.0,20725,0.0,5
16751.0,84879,0.0,6
16751.0,22720,0.0,7
16751.0,22383,0.0,8
16751.0,21212,0.0,9
16751.0,20727,0.0,10
16751.0,20728,0.0,11
16751.0,22384,0.0,12
16751.0,23298,0.0,13
16751.0,POST,0.0,14
16751.0,22457,0.0,15
16751.0,22382,0.0,16
16751.0,22960,0.0,17
16751.0,22961,0.0,18
16751.0,22469,0.0,19
16751.0,82482,0.0,20
16762.0,22720,1.0,1
16762.0,22960,1.0,2
16762.0,22993,1.0,3
16762.0,22666,1.0,4
16762.0,22969,1.0,5
16762.0,22907,1.0,6
16762.0,22624,1.0,7
16762.0,22966,1.0,8
16762.0,22112,1.0,9
16762.0,22989,1.0,10
16762.0,23198,1.0,11
16762.0,23165,1.0,12
16762.0,22990,1.0,13
16762.0,85123A,0.0,14
16762.0,22423,0.0,15
16762.0,47566,0.0,16
16762.0,85099B,0.0,17
16762.0,20725,0.0,18
16762.0,84879,0.0,19
16762.0,22383,0.0,20
16768.0,85123A,1.0,1
16768.0,22960,1.0,2
16768.0,21080,1.0,3
16768.0,22470,1.0,4
16768.0,21754,1.0,5
16768.0,20914,1.0,6
16768.0,21232,1.0,7
16768.0,21843,1.0,8
16768.0,23300,1.0,9
16768.0,21533,1.0,10
16768.0,21535,1.0,11
16768.0,22844,1.0,12
16768.0,21217,1.0,13
16768.0,22646,1.0,14
16768.0,22919,1.0,15
16768.0,22920,1.0,16
16768.0,22917,1.0,17
16768.0,47559B,1.0,18
16768.0,22916,1.0,19
16768.0,22918,1.0,20
16771.0,85123A,1.0,1
16771.0,22423,1.0,2
16771.0,22720,1.0,3
16771.0,22961,1.0,4
16771.0,22469,1.0,5
16771.0,82482,1.0,6
16771.0,22699,1.0,7
16771.0,22666,1.0,8
16771.0,21080,1.0,9
16771.0,22470,1.0,10
16771.0,82494L,1.0,11
16771.0,22697,1.0,12
16771.0,22558,1.0,13
16771.0,21755,1.0,14
16771.0,21232,1.0,15
16771.0,22969,1.0,16
16771.0,22907,1.0,17
16771.0,85152,1.0,18
16771.0,21166,1.0,19
16771.0,48194,1.0,20
16804.0,22699,1.0,1
16804.0,21034,1.0,2
16804.0,82494L,1.0,3
16804.0,22697,1.0,4
16804.0,22722,1.0,5
16804.0,22907,1.0,6
16804.0,22698,1.0,7
16804.0,22624,1.0,8
16804.0,22979,1.0,9
16804.0,22196,1.0,10
16804.0,22195,1.0,11
16804.0,22131,1.0,12
16804.0,22222,1.0,13
16804.0,22236,1.0,14
16804.0,85123A,0.0,15
16804.0,22423,0.0,16
16804.0,47566,0.0,17
16804.0,85099B,0.0,18
16804.0,20725,0.0,19
16804.0,84879,0.0,20
16811.0,85123A,0.0,1
16811.0,22423,0.0,2
16811.0,47566,0.0,3
16811.0,85099B,0.0,4
16811.0,20725,0.0,5
16811.0,84879,0.0,6
16811.0,22720,0.0,7
16811.0,22383,0.0,8
16811.0,21212,0.0,9
16811.0,20727,0.0,10
16811.0,20728,0.0,11
16811.0,22384,0.0,12
16811.0,23298,0.0,13
16811.0,POST,0.0,14
16811.0,22457,0.0,15
16811.0,22382,0.0,16
16811.0,22960,0.0,17
16811.0,22961,0.0,18
16811.0,22469,0.0,19
16811.0,82482,0.0,20
16817.0,22178,1.0,1
16817.0,22722,1.0,2
16817.0,22139,1.0,3
16817.0,23300,1.0,4
16817.0,22083,1.0,5
16817.0,22487,1.0,6
16817.0,22431,1.0,7
16817.0,22502,1.0,8
16817.0,22432,1.0,9
16817.0,22086,1.0,10
16817.0,22723,1.0,11
16817.0,22605,1.0,12
16817.0,22855,1.0,13
16817.0,22834,1.0,14
16817.0,21746,1.0,15
16817.0,22433,1.0,16
16817.0,22088,1.0,17
16817.0,22595,1.0,18
16817.0,22241,1.0,19
16817.0,22148,1.0,20
16826.0,85123A,0.0,1
16826.0,22423,0.0,2
16826.0,47566,0.0,3
16826.0,85099B,0.0,4
16826.0,20725,0.0,5
16826.0,84879,0.0,6
16826.0,22720,0.0,7
16826.0,22383,0.0,8
16826.0,21212,0.0,9
16826.0,20727,0.0,10
16826.0,20728,0.0,11
16826.0,22384,0.0,12
16826.0,23298,0.0,13
16826.0,POST,0.0,14
16826.0,22457,0.0,15
16826.0,22382,0.0,16
16826.0,22960,0.0,17
16826.0,22961,0.0,18
16826.0,22469,0.0,19
16826.0,82482,0.0,20
16873.0,85099B,1.0,1
16873.0,20725,1.0,2
16873.0,22720,1.0,3
16873.0,21212,1.0,4
16873.0,22384,1.0,5
16873.0,22457,1.0,6
16873.0,22960,1.0,7
16873.0,22961,1.0,8
16873.0,82482,1.0,9
16873.0,23209,1.0,10
16873.0,23203,1.0,11
16873.0,22666,1.0,12
16873.0,22470,1.0,13
16873.0,82494L,1.0,14
16873.0,20724,1.0,15
16873.0,21977,1.0,16
16873.0,22722,1.0,17
16873.0,22558,1.0,18
16873.0,84978,1.0,19
16873.0,20685,1.0,20
16903.0,85123A,0.0,1
16903.0,22423,0.0,2
16903.0,47566,0.0,3
16903.0,85099B,0.0,4
16903.0,20725,0.0,5
16903.0,84879,0.0,6
16903.0,22720,0.0,7
16903.0,22383,0.0,8
16903.0,21212,0.0,9
16903.0,20727,0.0,10
16903.0,20728,0.0,11
16903.0,22384,0.0,12
16903.0,23298,0.0,13
16903.0,POST,0.0,14
16903.0,22457,0.0,15
16903.0,22382,0.0,16
16903.0,22960,0.0,17
16903.0,22961,0.0,18
16903.0,22469,0.0,19
16903.0,82482,0.0,20
16912.0,22423,1.0,1
16912.0,47566,1.0,2
16912.0,23298,1.0,3
16912.0,82482,1.0,4
16912.0,23209,1.0,5
16912.0,23203,1.0,6
16912.0,22727,1.0,7
16912.0,82494L,1.0,8
16912.0,84978,1.0,9
16912.0,20685,1.0,10
16912.0,22726,1.0,11
16912.0,48138,1.0,12
16912.0,23245,1.0,13
16912.0,22728,1.0,14
16912.0,84992,1.0,15
16912.0,23284,1.0,16
16912.0,22766,1.0,17
16912.0,22625,1.0,18
16912.0,21621,1.0,19
16912.0,22998,1.0,20
16914.0,85123A,0.0,1
16914.0,22423,0.0,2
16914.0,47566,0.0,3
16914.0,85099B,0.0,4
16914.0,20725,0.0,5
16914.0,84879,0.0,6
16914.0,22720,0.0,7
16914.0,22383,0.0,8
16914.0,21212,0.0,9
16914.0,20727,0.0,10
16914.0,20728,0.0,11
16914.0,22384,0.0,12
16914.0,23298,0.0,13
16914.0,POST,0.0,14
16914.0,22457,0.0,15
16914.0,22382,0.0,16
16914.0,22960,0.0,17
16914.0,22961,0.0,18
16914.0,22469,0.0,19
16914.0,82482,0.0,20
16915.0,47566,1.0,1
16915.0,21754,1.0,2
16915.0,21034,1.0,3
16915.0,48184,1.0,4
16915.0,21523,1.0,5
16915.0,22795,1.0,6
16915.0,22088,1.0,7
16915.0,21955,1.0,8
16915.0,22120,1.0,9
16915.0,20829,1.0,10
16915.0,21071,1.0,11
16915.0,21068,1.0,12
16915.0,22361,1.0,13
16915.0,85123A,0.0,14
16915.0,22423,0.0,15
16915.0,85099B,0.0,16
16915.0,20725,0.0,17
16915.0,84879,0.0,18
16915.0,22720,0.0,19
16915.0,22383,0.0,20
16929.0,85099B,1.0,1
16929.0,20725,1.0,2
16929.0,22383,1.0,3
16929.0,20727,1.0,4
16929.0,23206,1.0,5
16929.0,23209,1.0,6
16929.0,23203,1.0,7
16929.0,84991,1.0,8
16929.0,85099C,1.0,9
16929.0,21929,1.0,10
16929.0,21975,1.0,11
16929.0,21932,1.0,12
16929.0,22367,1.0,13
16929.0,23307,1.0,14
16929.0,21933,1.0,15
16929.0,47591D,1.0,16
16929.0,84596B,1.0,17
16929.0,22488,1.0,18
16929.0,84596F,1.0,19
16929.0,22505,1.0,20
16932.0,85123A,0.0,1
16932.0,22423,0.0,2
16932.0,47566,0.0,3
16932.0,85099B,0.0,4
16932.0,20725,0.0,5
16932.0,84879,0.0,6
16932.0,22720,0.0,7
16932.0,22383,0.0,8
16932.0,21212,0.0,9
16932.0,20727,0.0,10
16932.0,20728,0.0,11
16932.0,22384,0.0,12
16932.0,23298,0.0,13
16932.0,POST,0.0,14
16932.0,22457,0.0,15
16932.0,22382,0.0,16
16932.0,22960,0.0,17
16932.0,22961,0.0,18
16932.0,22469,0.0,19
16932.0,82482,0.0,20
16940.0,85123A,1.0,1
16940.0,47566,1.0,2
16940.0,85099B,1.0,3
16940.0,20725,1.0,4
16940.0,22720,1.0,5
16940.0,22383,1.0,6
16940.0,20727,1.0,7
16940.0,20728,1.0,8
16940.0,22384,1.0,9
16940.0,23298,1.0,10
16940.0,22382,1.0,11
16940.0,22197,1.0,12
16940.0,23206,1.0,13
16940.0,20726,1.0,14
16940.0,22666,1.0,15
16940.0,21931,1.0,16
16940.0,22411,1.0,17
16940.0,20724,1.0,18
16940.0,22722,1.0,19
16940.0,23199,1.0,20
16954.0,47566,1.0,1
16954.0,21212,1.0,2
16954.0,22961,1.0,3
16954.0,21977,1.0,4
16954.0,84991,1.0,5
16954.0,22138,1.0,6
16954.0,22326,1.0,7
16954.0,84378,1.0,8
16954.0,84380,1.0,9
16954.0,84992,1.0,10
16954.0,21843,1.0,11
16954.0,21213,1.0,12
16954.0,22966,1.0,13
16954.0,21731,1.0,14
16954.0,47566B,1.0,15
16954.0,22417,1.0,16
16954.0,84375,1.0,17
16954.0,22951,1.0,18
16954.0,22964,1.0,19
16954.0,21976,1.0,20
16969.0,21212,1.0,1
16969.0,21080,1.0,2
16969.0,22090,1.0,3
16969.0,84755,1.0,4
16969.0,21975,1.0,5
16969.0,22776,1.0,6
16969.0,21213,1.0,7
16969.0,22083,1.0,8
16969.0,47590A,1.0,9
16969.0,47590B,1.0,10
16969.0,21985,1.0,11
16969.0,21094,1.0,12
16969.0,21122,1.0,13
16969.0,21086,1.0,14
16969.0,20974,1.0,15
16969.0,22333,1.0,16
16969.0,21124,1.0,17
16969.0,22956,1.0,18
16969.0,17003,1.0,19
16969.0,21967,1.0,20
16971.0,85123A,0.0,1
16971.0,22423,0.0,2
16971.0,47566,0.0,3
16971.0,85099B,0.0,4
16971.0,20725,0.0,5
16971.0,84879,0.0,6
16971.0,22720,0.0,7
16971.0,22383,0.0,8
16971.0,21212,0.0,9
16971.0,20727,0.0,10
16971.0,20728,0.0,11
16971.0,22384,0.0,12
16971.0,23298,0.0,13
16971.0,POST,0.0,14
16971.0,22457,0.0,15
16971.0,22382,0.0,16
16971.0,22960,0.0,17
16971.0,22961,0.0,18
16971.0,22469,0.0,19
16971.0,82482,0.0,20
16986.0,85123A,0.0,1
16986.0,22423,0.0,2
16986.0,47566,0.0,3
16986.0,85099B,0.0,4
16986.0,20725,0.0,5
16986.0,84879,0.0,6
16986.0,22720,0.0,7
16986.0,22383,0.0,8
16986.0,21212,0.0,9
16986.0,20727,0.0,10
16986.0,20728,0.0,11
16986.0,22384,0.0,12
16986.0,23298,0.0,13
16986.0,POST,0.0,14
16986.0,22457,0.0,15
16986.0,22382,0.0,16
16986.0,22960,0.0,17
16986.0,22961,0.0,18
16986.0,22469,0.0,19
16986.0,82482,0.0,20
16988.0,85123A,0.0,1
16988.0,22423,0.0,2
16988.0,47566,0.0,3
16988.0,85099B,0.0,4
16988.0,20725,0.0,5
16988.0,84879,0.0,6
16988.0,22720,0.0,7
16988.0,22383,0.0,8
16988.0,21212,0.0,9
16988.0,20727,0.0,10
16988.0,20728,0.0,11
16988.0,22384,0.0,12
16988.0,23298,0.0,13
16988.0,POST,0.0,14
16988.0,22457,0.0,15
16988.0,22382,0.0,16
16988.0,22960,0.0,17
16988.0,22961,0.0,18
16988.0,22469,0.0,19
16988.0,82482,0.0,20
16996.0,47566,1.0,1
16996.0,84879,1.0,2
16996.0,22383,1.0,3
16996.0,22457,1.0,4
16996.0,22382,1.0,5
16996.0,82494L,1.0,6
16996.0,22138,1.0,7
16996.0,84946,1.0,8
16996.0,22326,1.0,9
16996.0,22617,1.0,10
16996.0,84947,1.0,11
16996.0,85123A,0.0,12
16996.0,22423,0.0,13
16996.0,85099B,0.0,14
16996.0,20725,0.0,15
16996.0,22720,0.0,16
16996.0,21212,0.0,17
16996.0,20727,0.0,18
16996.0,20728,0.0,19
16996.0,22384,0.0,20
17001.0,85099B,1.0,1
17001.0,23209,1.0,2
17001.0,23203,1.0,3
17001.0,22727,1.0,4
17001.0,22411,1.0,5
17001.0,85099F,1.0,6
17001.0,84755,1.0,7
17001.0,22139,1.0,8
17001.0,84978,1.0,9
17001.0,22726,1.0,10
17001.0,23202,1.0,11
17001.0,22427,1.0,12
17001.0,23208,1.0,13
17001.0,22624,1.0,14
17001.0,21928,1.0,15
17001.0,22467,1.0,16
17001.0,85066,1.0,17
17001.0,22379,1.0,18
17001.0,22191,1.0,19
17001.0,22730,1.0,20
17004.0,22386,1.0,1
17004.0,23203,1.0,2
17004.0,23201,1.0,3
17004.0,21929,1.0,4
17004.0,21928,1.0,5
17004.0,22554,1.0,6
17004.0,22551,1.0,7
17004.0,22385,1.0,8
17004.0,21930,1.0,9
17004.0,22557,1.0,10
17004.0,22553,1.0,11
17004.0,22865,1.0,12
17004.0,22633,1.0,13
17004.0,85123A,0.0,14
17004.0,22423,0.0,15
17004.0,47566,0.0,16
17004.0,85099B,0.0,17
17004.0,20725,0.0,18
17004.0,84879,0.0,19
17004.0,22720,0.0,20
17006.0,48138,1.0,1
17006.0,22113,1.0,2
17006.0,23256,1.0,3
17006.0,22834,1.0,4
17006.0,23254,1.0,5
17006.0,21035,1.0,6
17006.0,22634,1.0,7
17006.0,22633,1.0,8
17006.0,21163,1.0,9
17006.0,85123A,0.0,10
17006.0,22423,0.0,11
17006.0,47566,0.0,12
17006.0,85099B,0.0,13
17006.0,20725,0.0,14
17006.0,84879,0.0,15
17006.0,22720,0.0,16
17006.0,22383,0.0,17
17006.0,21212,0.0,18
17006.0,20727,0.0,19
17006.0,20728,0.0,20
17007.0,84755,1.0,1
17007.0,21936,1.0,2
17007.0,22617,1.0,3
17007.0,22087,1.0,4
17007.0,22749,1.0,5
17007.0,22605,1.0,6
17007.0,23256,1.0,7
17007.0,22926,1.0,8
17007.0,22750,1.0,9
17007.0,22834,1.0,10
17007.0,22846,1.0,11
17007.0,22435,1.0,12
17007.0,22271,1.0,13
17007.0,22418,1.0,14
17007.0,22791,1.0,15
17007.0,22485,1.0,16
17007.0,20984,1.0,17
17007.0,21829,1.0,18
17007.0,20674,1.0,19
17007.0,23082,1.0,20
17015.0,84879,1.0,1
17015.0,21212,1.0,2
17015.0,22960,1.0,3
17015.0,22961,1.0,4
17015.0,22666,1.0,5
17015.0,21977,1.0,6
17015.0,22077,1.0,7
17015.0,22138,1.0,8
17015.0,21755,1.0,9
17015.0,85152,1.0,10
17015.0,21166,1.0,11
17015.0,21790,1.0,12
17015.0,82600,1.0,13
17015.0,84970S,1.0,14
17015.0,23301,1.0,15
17015.0,23284,1.0,16
17015.0,22147,1.0,17
17015.0,23300,1.0,18
17015.0,84077,1.0,19
17015.0,22417,1.0,20
17038.0,85123A,0.0,1
17038.0,22423,0.0,2
17038.0,47566,0.0,3
17038.0,85099B,0.0,4
17038.0,20725,0.0,5
17038.0,84879,0.0,6
17038.0,22720,0.0,7
17038.0,22383,0.0,8
17038.0,21212,0.0,9
17038.0,20727,0.0,10
17038.0,20728,0.0,11
17038.0,22384,0.0,12
17038.0,23298,0.0,13
17038.0,POST,0.0,14
17038.0,22457,0.0,15
17038.0,22382,0.0,16
17038.0,22960,0.0,17
17038.0,22961,0.0,18
17038.0,22469,0.0,19
17038.0,82482,0.0,20
17052.0,85123A,0.0,1
17052.0,22423,0.0,2
17052.0,47566,0.0,3
17052.0,85099B,0.0,4
17052.0,20725,0.0,5
17052.0,84879,0.0,6
17052.0,22720,0.0,7
17052.0,22383,0.0,8
17052.0,21212,0.0,9
17052.0,20727,0.0,10
17052.0,20728,0.0,11
17052.0,22384,0.0,12
17052.0,23298,0.0,13
17052.0,POST,0.0,14
17052.0,22457,0.0,15
17052.0,22382,0.0,16
17052.0,22960,0.0,17
17052.0,22961,0.0,18
17052.0,22469,0.0,19
17052.0,82482,0.0,20
17054.0,22457,1.0,1
17054.0,84755,1.0,2
17054.0,20685,1.0,3
17054.0,21232,1.0,4
17054.0,22427,1.0,5
17054.0,48138,1.0,6
17054.0,48194,1.0,7
17054.0,22776,1.0,8
17054.0,85066,1.0,9
17054.0,22189,1.0,10
17054.0,22193,1.0,11
17054.0,21523,1.0,12
17054.0,21985,1.0,13
17054.0,84596B,1.0,14
17054.0,22432,1.0,15
17054.0,23321,1.0,16
17054.0,48188,1.0,17
17054.0,22637,1.0,18
17054.0,84596F,1.0,19
17054.0,21340,1.0,20
17076.0,21232,1.0,1
17076.0,85066,1.0,2
17076.0,20750,1.0,3
17076.0,20749,1.0,4
17076.0,22488,1.0,5
17076.0,21716,1.0,6
17076.0,48116,1.0,7
17076.0,85206A,1.0,8
17076.0,85123A,0.0,9
17076.0,22423,0.0,10
17076.0,47566,0.0,11
17076.0,85099B,0.0,12
17076.0,20725,0.0,13
17076.0,84879,0.0,14
17076.0,22720,0.0,15
17076.0,22383,0.0,16
17076.0,21212,0.0,17
17076.0,20727,0.0,18
17076.0,20728,0.0,19
17076.0,22384,0.0,20
17078.0,85123A,0.0,1
17078.0,22423,0.0,2
17078.0,47566,0.0,3
17078.0,85099B,0.0,4
17078.0,20725,0.0,5
17078.0,84879,0.0,6
17078.0,22720,0.0,7
17078.0,22383,0.0,8
17078.0,21212,0.0,9
17078.0,20727,0.0,10
17078.0,20728,0.0,11
17078.0,22384,0.0,12
17078.0,23298,0.0,13
17078.0,POST,0.0,14
17078.0,22457,0.0,15
17078.0,22382,0.0,16
17078.0,22960,0.0,17
17078.0,22961,0.0,18
17078.0,22469,0.0,19
17078.0,82482,0.0,20
17082.0,85099B,1.0,1
17082.0,21212,1.0,2
17082.0,22457,1.0,3
17082.0,22386,1.0,4
17082.0,21931,1.0,5
17082.0,22411,1.0,6
17082.0,85099F,1.0,7
17082.0,84991,1.0,8
17082.0,20685,1.0,9
17082.0,21929,1.0,10
17082.0,21928,1.0,11
17082.0,84992,1.0,12
17082.0,71459,1.0,13
17082.0,21524,1.0,14
17082.0,22692,1.0,15
17082.0,22663,1.0,16
17082.0,84406B,1.0,17
17082.0,20711,1.0,18
17082.0,85123A,0.0,19
17082.0,22423,0.0,20
17090.0,22411,1.0,1
17090.0,22470,1.0,2
17090.0,82494L,1.0,3
17090.0,23199,1.0,4
17090.0,23202,1.0,5
17090.0,21790,1.0,6
17090.0,22766,1.0,7
17090.0,22189,1.0,8
17090.0,20713,1.0,9
17090.0,22191,1.0,10
17090.0,22730,1.0,11
17090.0,22112,1.0,12
17090.0,21122,1.0,13
17090.0,22424,1.0,14
17090.0,22456,1.0,15
17090.0,21124,1.0,16
17090.0,22303,1.0,17
17090.0,21891,1.0,18
17090.0,72741,1.0,19
17090.0,21892,1.0,20
17092.0,23298,1.0,1
17092.0,23203,1.0,2
17092.0,22411,1.0,3
17092.0,22629,1.0,4
17092.0,22139,1.0,5
17092.0,23201,1.0,6
17092.0,21929,1.0,7
17092.0,22630,1.0,8
17092.0,23245,1.0,9
17092.0,22467,1.0,10
17092.0,22385,1.0,11
17092.0,23240,1.0,12
17092.0,22749,1.0,13
17092.0,22979,1.0,14
17092.0,22980,1.0,15
17092.0,22637,1.0,16
17092.0,23256,1.0,17
17092.0,22750,1.0,18
17092.0,23231,1.0,19
17092.0,23230,1.0,20
17101.0,22197,1.0,1
17101.0,22629,1.0,2
17101.0,23201,1.0,3
17101.0,23207,1.0,4
17101.0,22029,1.0,5
17101.0,22919,1.0,6
17101.0,22920,1.0,7
17101.0,22917,1.0,8
17101.0,21506,1.0,9
17101.0,22918,1.0,10
17101.0,23177,1.0,11
17101.0,23176,1.0,12
17101.0,23080,1.0,13
17101.0,85123A,0.0,14
17101.0,22423,0.0,15
17101.0,47566,0.0,16
17101.0,85099B,0.0,17
17101.0,20725,0.0,18
17101.0,84879,0.0,19
17101.0,22720,0.0,20
17109.0,47566,1.0,1
17109.0,84879,1.0,2
17109.0,22090,1.0,3
17109.0,84755,1.0,4
17109.0,21175,1.0,5
17109.0,21181,1.0,6
17109.0,22084,1.0,7
17109.0,22189,1.0,8
17109.0,21524,1.0,9
17109.0,21136,1.0,10
17109.0,22219,1.0,11
17109.0,21770,1.0,12
17109.0,22151,1.0,13
17109.0,22605,1.0,14
17109.0,21892,1.0,15
17109.0,22089,1.0,16
17109.0,21955,1.0,17
17109.0,21718,1.0,18
17109.0,21716,1.0,19
17109.0,21715,1.0,20
17147.0,22423,1.0,1
17147.0,21212,1.0,2
17147.0,22457,1.0,3
17147.0,22178,1.0,4
17147.0,22699,1.0,5
17147.0,22697,1.0,6
17147.0,21977,1.0,7
17147.0,22907,1.0,8
17147.0,22698,1.0,9
17147.0,84378,1.0,10
17147.0,23245,1.0,11
17147.0,84380,1.0,12
17147.0,22417,1.0,13
17147.0,48184,1.0,14
17147.0,84375,1.0,15
17147.0,21121,1.0,16
17147.0,21122,1.0,17
17147.0,22983,1.0,18
17147.0,23173,1.0,19
17147.0,23170,1.0,20
17153.0,85123A,0.0,1
17153.0,22423,0.0,2
17153.0,47566,0.0,3
17153.0,85099B,0.0,4
17153.0,20725,0.0,5
17153.0,84879,0.0,6
17153.0,22720,0.0,7
17153.0,22383,0.0,8
17153.0,21212,0.0,9
17153.0,20727,0.0,10
17153.0,20728,0.0,11
17153.0,22384,0.0,12
17153.0,23298,0.0,13
17153.0,POST,0.0,14
17153.0,22457,0.0,15
17153.0,22382,0.0,16
17153.0,22960,0.0,17
17153.0,22961,0.0,18
17153.0,22469,0.0,19
17153.0,82482,0.0,20
17155.0,21212,1.0,1
17155.0,21977,1.0,2
17155.0,84991,1.0,3
17155.0,21975,1.0,4
17155.0,21213,1.0,5
17155.0,22417,1.0,6
17155.0,21172,1.0,7
17155.0,23080,1.0,8
17155.0,85123A,0.0,9
17155.0,22423,0.0,10
17155.0,47566,0.0,11
17155.0,85099B,0.0,12
17155.0,20725,0.0,13
17155.0,84879,0.0,14
17155.0,22720,0.0,15
17155.0,22383,0.0,16
17155.0,20727,0.0,17
17155.0,20728,0.0,18
17155.0,22384,0.0,19
17155.0,23298,0.0,20
17162.0,84879,1.0,1
17162.0,22720,1.0,2
17162.0,21754,1.0,3
17162.0,21175,1.0,4
17162.0,23201,1.0,5
17162.0,23207,1.0,6
17162.0,21755,1.0,7
17162.0,21181,1.0,8
17162.0,85152,1.0,9
17162.0,48187,1.0,10
17162.0,22149,1.0,11
17162.0,82600,1.0,12
17162.0,23284,1.0,13
17162.0,22487,1.0,14
17162.0,47590A,1.0,15
17162.0,82580,1.0,16
17162.0,47590B,1.0,17
17162.0,22570,1.0,18
17162.0,21523,1.0,19
17162.0,22112,1.0,20
17166.0,22727,1.0,1
17166.0,22729,1.0,2
17166.0,20676,1.0,3
17166.0,21238,1.0,4
17166.0,22725,1.0,5
17166.0,21242,1.0,6
17166.0,20674,1.0,7
17166.0,21534,1.0,8
17166.0,21245,1.0,9
17166.0,21528,1.0,10
17166.0,85123A,0.0,11
17166.0,22423,0.0,12
17166.0,47566,0.0,13
17166.0,85099B,0.0,14
17166.0,20725,0.0,15
17166.0,84879,0.0,16
17166.0,22720,0.0,17
17166.0,22383,0.0,18
17166.0,21212,0.0,19
17166.0,20727,0.0,20
17183.0,22111,1.0,1
17183.0,22112,1.0,2
17183.0,84029G,1.0,3
17183.0,47504K,1.0,4
17183.0,47503A,1.0,5
17183.0,23188,1.0,6
17183.0,85123A,0.0,7
17183.0,22423,0.0,8
17183.0,47566,0.0,9
17183.0,85099B,0.0,10
17183.0,20725,0.0,11
17183.0,84879,0.0,12
17183.0,22720,0.0,13
17183.0,22383,0.0,14
17183.0,21212,0.0,15
17183.0,20727,0.0,16
17183.0,20728,0.0,17
17183.0,22384,0.0,18
17183.0,23298,0.0,19
17183.0,POST,0.0,20
17191.0,85123A,1.0,1
17191.0,22423,1.0,2
17191.0,47566,1.0,3
17191.0,22961,1.0,4
17191.0,82482,1.0,5
17191.0,22993,1.0,6
17191.0,22666,1.0,7
17191.0,21034,1.0,8
17191.0,82494L,1.0,9
17191.0,85099C,1.0,10
17191.0,21733,1.0,11
17191.0,21929,1.0,12
17191.0,21181,1.0,13
17191.0,22969,1.0,14
17191.0,22659,1.0,15
17191.0,22551,1.0,16
17191.0,22652,1.0,17
17191.0,22804,1.0,18
17191.0,84836,1.0,19
17191.0,22557,1.0,20
17193.0,23240,1.0,1
17193.0,23241,1.0,2
17193.0,23238,1.0,3
17193.0,23242,1.0,4
17193.0,85123A,0.0,5
17193.0,22423,0.0,6
17193.0,47566,0.0,7
17193.0,85099B,0.0,8
17193.0,20725,0.0,9
17193.0,84879,0.0,10
17193.0,22720,0.0,11
17193.0,22383,0.0,12
17193.0,21212,0.0,13
17193.0,20727,0.0,14
17193.0,20728,0.0,15
17193.0,22384,0.0,16
17193.0,23298,0.0,17
17193.0,POST,0.0,18
17193.0,22457,0.0,19
17193.0,22382,0.0,20
17205.0,85123A,0.0,1
17205.0,22423,0.0,2
17205.0,47566,0.0,3
17205.0,85099B,0.0,4
17205.0,20725,0.0,5
17205.0,84879,0.0,6
17205.0,22720,0.0,7
17205.0,22383,0.0,8
17205.0,21212,0.0,9
17205.0,20727,0.0,10
17205.0,20728,0.0,11
17205.0,22384,0.0,12
17205.0,23298,0.0,13
17205.0,POST,0.0,14
17205.0,22457,0.0,15
17205.0,22382,0.0,16
17205.0,22960,0.0,17
17205.0,22961,0.0,18
17205.0,22469,0.0,19
17205.0,82482,0.0,20
17236.0,84879,1.0,1
17236.0,21212,1.0,2
17236.0,23298,1.0,3
17236.0,22960,1.0,4
17236.0,22727,1.0,5
17236.0,21754,1.0,6
17236.0,21977,1.0,7
17236.0,84991,1.0,8
17236.0,22722,1.0,9
17236.0,84755,1.0,10
17236.0,22077,1.0,11
17236.0,22726,1.0,12
17236.0,21755,1.0,13
17236.0,85152,1.0,14
17236.0,21928,1.0,15
17236.0,21975,1.0,16
17236.0,84992,1.0,17
17236.0,23301,1.0,18
17236.0,22385,1.0,19
17236.0,22729,1.0,20
17244.0,85123A,0.0,1
17244.0,22423,0.0,2
17244.0,47566,0.0,3
17244.0,85099B,0.0,4
17244.0,20725,0.0,5
17244.0,84879,0.0,6
17244.0,22720,0.0,7
17244.0,22383,0.0,8
17244.0,21212,0.0,9
17244.0,20727,0.0,10
17244.0,20728,0.0,11
17244.0,22384,0.0,12
17244.0,23298,0.0,13
17244.0,POST,0.0,14
17244.0,22457,0.0,15
17244.0,22382,0.0,16
17244.0,22960,0.0,17
17244.0,22961,0.0,18
17244.0,22469,0.0,19
17244.0,82482,0.0,20
17253.0,85123A,0.0,1
17253.0,22423,0.0,2
17253.0,47566,0.0,3
17253.0,85099B,0.0,4
17253.0,20725,0.0,5
17253.0,84879,0.0,6
17253.0,22720,0.0,7
17253.0,22383,0.0,8
17253.0,21212,0.0,9
17253.0,20727,0.0,10
17253.0,20728,0.0,11
17253.0,22384,0.0,12
17253.0,23298,0.0,13
17253.0,POST,0.0,14
17253.0,22457,0.0,15
17253.0,22382,0.0,16
17253.0,22960,0.0,17
17253.0,22961,0.0,18
17253.0,22469,0.0,19
17253.0,82482,0.0,20
17255.0,21181,1.0,1
17255.0,82600,1.0,2
17255.0,82580,1.0,3
17255.0,21122,1.0,4
17255.0,82583,1.0,5
17255.0,82581,1.0,6
17255.0,22488,1.0,7
17255.0,21124,1.0,8
17255.0,82551,1.0,9
17255.0,21900,1.0,10
17255.0,22919,1.0,11
17255.0,22920,1.0,12
17255.0,22917,1.0,13
17255.0,22916,1.0,14
17255.0,22918,1.0,15
17255.0,82578,1.0,16
17255.0,22148,1.0,17
17255.0,22921,1.0,18
17255.0,22938,1.0,19
17255.0,22283,1.0,20
17262.0,47566,1.0,1
17262.0,48138,1.0,2
17262.0,71053,1.0,3
17262.0,75049L,1.0,4
17262.0,21896,1.0,5
17262.0,85123A,0.0,6
17262.0,22423,0.0,7
17262.0,85099B,0.0,8
17262.0,20725,0.0,9
17262.0,84879,0.0,10
17262.0,22720,0.0,11
17262.0,22383,0.0,12
17262.0,21212,0.0,13
17262.0,20727,0.0,14
17262.0,20728,0.0,15
17262.0,22384,0.0,16
17262.0,23298,0.0,17
17262.0,POST,0.0,18
17262.0,22457,0.0,19
17262.0,22382,0.0,20
17266.0,47566,1.0,1
17266.0,22386,1.0,2
17266.0,22138,1.0,3
17266.0,22776,1.0,4
17266.0,48184,1.0,5
17266.0,22748,1.0,6
17266.0,23321,1.0,7
17266.0,22745,1.0,8
17266.0,23177,1.0,9
17266.0,23194,1.0,10
17266.0,22361,1.0,11
17266.0,23229,1.0,12
17266.0,23092,1.0,13
17266.0,85123A,0.0,14
17266.0,22423,0.0,15
17266.0,85099B,0.0,16
17266.0,20725,0.0,17
17266.0,84879,0.0,18
17266.0,22720,0.0,19
17266.0,22383,0.0,20
17272.0,22197,1.0,1
17272.0,22139,1.0,2
17272.0,22138,1.0,3
17272.0,22149,1.0,4
17272.0,21790,1.0,5
17272.0,22551,1.0,6
17272.0,21915,1.0,7
17272.0,23284,1.0,8
17272.0,22557,1.0,9
17272.0,84077,1.0,10
17272.0,22029,1.0,11
17272.0,22616,1.0,12
17272.0,22617,1.0,13
17272.0,21914,1.0,14
17272.0,22492,1.0,15
17272.0,22030,1.0,16
17272.0,22585,1.0,17
17272.0,22620,1.0,18
17272.0,21889,1.0,19
17272.0,22027,1.0,20
17287.0,22423,1.0,1
17287.0,84879,1.0,2
17287.0,82482,1.0,3
17287.0,21080,1.0,4
17287.0,22726,1.0,5
17287.0,22907,1.0,6
17287.0,48138,1.0,7
17287.0,48187,1.0,8
17287.0,84946,1.0,9
17287.0,22326,1.0,10
17287.0,23245,1.0,11
17287.0,22776,1.0,12
17287.0,22766,1.0,13
17287.0,48184,1.0,14
17287.0,22616,1.0,15
17287.0,21985,1.0,16
17287.0,22908,1.0,17
17287.0,22173,1.0,18
17287.0,22851,1.0,19
17287.0,22988,1.0,20
17288.0,21915,1.0,1
17288.0,21791,1.0,2
17288.0,21914,1.0,3
17288.0,22492,1.0,4
17288.0,22560,1.0,5
17288.0,21746,1.0,6
17288.0,22693,1.0,7
17288.0,22534,1.0,8
17288.0,22530,1.0,9
17288.0,22537,1.0,10
17288.0,85123A,0.0,11
17288.0,22423,0.0,12
17288.0,47566,0.0,13
17288.0,85099B,0.0,14
17288.0,20725,0.0,15
17288.0,84879,0.0,16
17288.0,22720,0.0,17
17288.0,22383,0.0,18
17288.0,21212,0.0,19
17288.0,20727,0.0,20
17290.0,85123A,0.0,1
17290.0,22423,0.0,2
17290.0,47566,0.0,3
17290.0,85099B,0.0,4
17290.0,20725,0.0,5
17290.0,84879,0.0,6
17290.0,22720,0.0,7
17290.0,22383,0.0,8
17290.0,21212,0.0,9
17290.0,20727,0.0,10
17290.0,20728,0.0,11
17290.0,22384,0.0,12
17290.0,23298,0.0,13
17290.0,POST,0.0,14
17290.0,22457,0.0,15
17290.0,22382,0.0,16
17290.0,22960,0.0,17
17290.0,22961,0.0,18
17290.0,22469,0.0,19
17290.0,82482,0.0,20
17293.0,84879,1.0,1
17293.0,22457,1.0,2
17293.0,21034,1.0,3
17293.0,84755,1.0,4
17293.0,23300,1.0,5
17293.0,21174,1.0,6
17293.0,21985,1.0,7
17293.0,21668,1.0,8
17293.0,21485,1.0,9
17293.0,22113,1.0,10
17293.0,21670,1.0,11
17293.0,71053,1.0,12
17293.0,22294,1.0,13
17293.0,84945,1.0,14
17293.0,22835,1.0,15
17293.0,21326,1.0,16
17293.0,85049E,1.0,17
17293.0,21385,1.0,18
17293.0,84029G,1.0,19
17293.0,85049C,1.0,20
17299.0,47566,1.0,1
17299.0,84879,1.0,2
17299.0,23203,1.0,3
17299.0,22138,1.0,4
17299.0,22551,1.0,5
17299.0,21915,1.0,6
17299.0,22557,1.0,7
17299.0,47566B,1.0,8
17299.0,47590B,1.0,9
17299.0,15036,1.0,10
17299.0,22617,1.0,11
17299.0,22983,1.0,12
17299.0,21914,1.0,13
17299.0,22488,1.0,14
17299.0,22030,1.0,15
17299.0,23084,1.0,16
17299.0,21380,1.0,17
17299.0,22037,1.0,18
17299.0,21499,1.0,19
17299.0,23077,1.0,20
17306.0,22659,1.0,1
17306.0,22900,1.0,2
17306.0,22616,1.0,3
17306.0,22988,1.0,4
17306.0,22970,1.0,5
17306.0,22619,1.0,6
17306.0,22971,1.0,7
17306.0,23309,1.0,8
17306.0,85123A,0.0,9
17306.0,22423,0.0,10
17306.0,47566,0.0,11
17306.0,85099B,0.0,12
17306.0,20725,0.0,13
17306.0,84879,0.0,14
17306.0,22720,0.0,15
17306.0,22383,0.0,16
17306.0,21212,0.0,17
17306.0,20727,0.0,18
17306.0,20728,0.0,19
17306.0,22384,0.0,20
17350.0,85123A,0.0,1
17350.0,22423,0.0,2
17350.0,47566,0.0,3
17350.0,85099B,0.0,4
17350.0,20725,0.0,5
17350.0,84879,0.0,6
17350.0,22720,0.0,7
17350.0,22383,0.0,8
17350.0,21212,0.0,9
17350.0,20727,0.0,10
17350.0,20728,0.0,11
17350.0,22384,0.0,12
17350.0,23298,0.0,13
17350.0,POST,0.0,14
17350.0,22457,0.0,15
17350.0,22382,0.0,16
17350.0,22960,0.0,17
17350.0,22961,0.0,18
17350.0,22469,0.0,19
17350.0,82482,0.0,20
17354.0,85123A,0.0,1
17354.0,22423,0.0,2
17354.0,47566,0.0,3
17354.0,85099B,0.0,4
17354.0,20725,0.0,5
17354.0,84879,0.0,6
17354.0,22720,0.0,7
17354.0,22383,0.0,8
17354.0,21212,0.0,9
17354.0,20727,0.0,10
17354.0,20728,0.0,11
17354.0,22384,0.0,12
17354.0,23298,0.0,13
17354.0,POST,0.0,14
17354.0,22457,0.0,15
17354.0,22382,0.0,16
17354.0,22960,0.0,17
17354.0,22961,0.0,18
17354.0,22469,0.0,19
17354.0,82482,0.0,20
17359.0,85123A,0.0,1
17359.0,22423,0.0,2
17359.0,47566,0.0,3
17359.0,85099B,0.0,4
17359.0,20725,0.0,5
17359.0,84879,0.0,6
17359.0,22720,0.0,7
17359.0,22383,0.0,8
17359.0,21212,0.0,9
17359.0,20727,0.0,10
17359.0,20728,0.0,11
17359.0,22384,0.0,12
17359.0,23298,0.0,13
17359.0,POST,0.0,14
17359.0,22457,0.0,15
17359.0,22382,0.0,16
17359.0,22960,0.0,17
17359.0,22961,0.0,18
17359.0,22469,0.0,19
17359.0,82482,0.0,20
17361.0,23298,1.0,1
17361.0,22467,1.0,2
17361.0,22429,1.0,3
17361.0,22424,1.0,4
17361.0,71053,1.0,5
17361.0,22980,1.0,6
17361.0,22605,1.0,7
17361.0,21137,1.0,8
17361.0,21922,1.0,9
17361.0,23091,1.0,10
17361.0,22483,1.0,11
17361.0,85123A,0.0,12
17361.0,22423,0.0,13
17361.0,47566,0.0,14
17361.0,85099B,0.0,15
17361.0,20725,0.0,16
17361.0,84879,0.0,17
17361.0,22720,0.0,18
17361.0,22383,0.0,19
17361.0,21212,0.0,20
17364.0,22423,1.0,1
17364.0,47566,1.0,2
17364.0,21212,1.0,3
17364.0,23298,1.0,4
17364.0,22993,1.0,5
17364.0,23209,1.0,6
17364.0,22699,1.0,7
17364.0,22697,1.0,8
17364.0,22077,1.0,9
17364.0,22139,1.0,10
17364.0,22630,1.0,11
17364.0,22907,1.0,12
17364.0,22698,1.0,13
17364.0,84946,1.0,14
17364.0,84378,1.0,15
17364.0,48194,1.0,16
17364.0,23245,1.0,17
17364.0,84380,1.0,18
17364.0,84992,1.0,19
17364.0,84970S,1.0,20
17371.0,21874,1.0,1
17371.0,37370,1.0,2
17371.0,21735,1.0,3
17371.0,85123A,0.0,4
17371.0,22423,0.0,5
17371.0,47566,0.0,6
17371.0,85099B,0.0,7
17371.0,20725,0.0,8
17371.0,84879,0.0,9
17371.0,22720,0.0,10
17371.0,22383,0.0,11
17371.0,21212,0.0,12
17371.0,20727,0.0,13
17371.0,20728,0.0,14
17371.0,22384,0.0,15
17371.0,23298,0.0,16
17371.0,POST,0.0,17
17371.0,22457,0.0,18
17371.0,22382,0.0,19
17371.0,22960,0.0,20
17373.0,20728,1.0,1
17373.0,22469,1.0,2
17373.0,22470,1.0,3
17373.0,21034,1.0,4
17373.0,21975,1.0,5
17373.0,22659,1.0,6
17373.0,84378,1.0,7
17373.0,84992,1.0,8
17373.0,22900,1.0,9
17373.0,84375,1.0,10
17373.0,21121,1.0,11
17373.0,84596B,1.0,12
17373.0,22665,1.0,13
17373.0,84596F,1.0,14
17373.0,22721,1.0,15
17373.0,21124,1.0,16
17373.0,22840,1.0,17
17373.0,22196,1.0,18
17373.0,23293,1.0,19
17373.0,85049G,1.0,20
17381.0,22960,1.0,1
17381.0,22138,1.0,2
17381.0,22659,1.0,3
17381.0,21790,1.0,4
17381.0,84077,1.0,5
17381.0,22417,1.0,6
17381.0,15036,1.0,7
17381.0,22616,1.0,8
17381.0,22555,1.0,9
17381.0,21791,1.0,10
17381.0,22617,1.0,11
17381.0,22748,1.0,12
17381.0,22745,1.0,13
17381.0,22492,1.0,14
17381.0,22979,1.0,15
17381.0,21889,1.0,16
17381.0,22560,1.0,17
17381.0,22964,1.0,18
17381.0,22980,1.0,19
17381.0,22746,1.0,20
17386.0,20727,1.0,1
17386.0,84947,1.0,2
17386.0,22791,1.0,3
17386.0,85123A,0.0,4
17386.0,22423,0.0,5
17386.0,47566,0.0,6
17386.0,85099B,0.0,7
17386.0,20725,0.0,8
17386.0,84879,0.0,9
17386.0,22720,0.0,10
17386.0,22383,0.0,11
17386.0,21212,0.0,12
17386.0,20728,0.0,13
17386.0,22384,0.0,14
17386.0,23298,0.0,15
17386.0,POST,0.0,16
17386.0,22457,0.0,17
17386.0,22382,0.0,18
17386.0,22960,0.0,19
17386.0,22961,0.0,20
17403.0,85123A,0.0,1
17403.0,22423,0.0,2
17403.0,47566,0.0,3
17403.0,85099B,0.0,4
17403.0,20725,0.0,5
17403.0,84879,0.0,6
17403.0,22720,0.0,7
17403.0,22383,0.0,8
17403.0,21212,0.0,9
17403.0,20727,0.0,10
17403.0,20728,0.0,11
17403.0,22384,0.0,12
17403.0,23298,0.0,13
17403.0,POST,0.0,14
17403.0,22457,0.0,15
17403.0,22382,0.0,16
17403.0,22960,0.0,17
17403.0,22961,0.0,18
17403.0,22469,0.0,19
17403.0,82482,0.0,20
17404.0,22720,1.0,1
17404.0,21212,1.0,2
17404.0,POST,1.0,3
17404.0,22961,1.0,4
17404.0,21977,1.0,5
17404.0,84991,1.0,6
17404.0,22139,1.0,7
17404.0,22907,1.0,8
17404.0,22326,1.0,9
17404.0,23245,1.0,10
17404.0,22554,1.0,11
17404.0,22551,1.0,12
17404.0,84992,1.0,13
17404.0,22328,1.0,14
17404.0,21213,1.0,15
17404.0,84077,1.0,16
17404.0,22417,1.0,17
17404.0,15036,1.0,18
17404.0,21791,1.0,19
17404.0,23307,1.0,20
17412.0,20725,1.0,1
17412.0,22384,1.0,2
17412.0,22382,1.0,3
17412.0,23206,1.0,4
17412.0,23209,1.0,5
17412.0,23203,1.0,6
17412.0,23199,1.0,7
17412.0,22662,1.0,8
17412.0,22630,1.0,9
17412.0,22326,1.0,10
17412.0,22659,1.0,11
17412.0,84970S,1.0,12
17412.0,22328,1.0,13
17412.0,21731,1.0,14
17412.0,84970L,1.0,15
17412.0,22616,1.0,16
17412.0,23240,1.0,17
17412.0,22507,1.0,18
17412.0,22752,1.0,19
17412.0,22837,1.0,20
17461.0,85123A,0.0,1
17461.0,22423,0.0,2
17461.0,47566,0.0,3
17461.0,85099B,0.0,4
17461.0,20725,0.0,5
17461.0,84879,0.0,6
17461.0,22720,0.0,7
17461.0,22383,0.0,8
17461.0,21212,0.0,9
17461.0,20727,0.0,10
17461.0,20728,0.0,11
17461.0,22384,0.0,12
17461.0,23298,0.0,13
17461.0,POST,0.0,14
17461.0,22457,0.0,15
17461.0,22382,0.0,16
17461.0,22960,0.0,17
17461.0,22961,0.0,18
17461.0,22469,0.0,19
17461.0,82482,0.0,20
17463.0,84879,1.0,1
17463.0,20727,1.0,2
17463.0,22384,1.0,3
17463.0,22469,1.0,4
17463.0,22386,1.0,5
17463.0,23203,1.0,6
17463.0,22470,1.0,7
17463.0,21754,1.0,8
17463.0,22558,1.0,9
17463.0,84755,1.0,10
17463.0,84978,1.0,11
17463.0,21755,1.0,12
17463.0,21733,1.0,13
17463.0,22969,1.0,14
17463.0,82486,1.0,15
17463.0,22149,1.0,16
17463.0,84970S,1.0,17
17463.0,20972,1.0,18
17463.0,85066,1.0,19
17463.0,82483,1.0,20
17468.0,85123A,0.0,1
17468.0,22423,0.0,2
17468.0,47566,0.0,3
17468.0,85099B,0.0,4
17468.0,20725,0.0,5
17468.0,84879,0.0,6
17468.0,22720,0.0,7
17468.0,22383,0.0,8
17468.0,21212,0.0,9
17468.0,20727,0.0,10
17468.0,20728,0.0,11
17468.0,22384,0.0,12
17468.0,23298,0.0,13
17468.0,POST,0.0,14
17468.0,22457,0.0,15
17468.0,22382,0.0,16
17468.0,22960,0.0,17
17468.0,22961,0.0,18
17468.0,22469,0.0,19
17468.0,82482,0.0,20
17503.0,85123A,0.0,1
17503.0,22423,0.0,2
17503.0,47566,0.0,3
17503.0,85099B,0.0,4
17503.0,20725,0.0,5
17503.0,84879,0.0,6
17503.0,22720,0.0,7
17503.0,22383,0.0,8
17503.0,21212,0.0,9
17503.0,20727,0.0,10
17503.0,20728,0.0,11
17503.0,22384,0.0,12
17503.0,23298,0.0,13
17503.0,POST,0.0,14
17503.0,22457,0.0,15
17503.0,22382,0.0,16
17503.0,22960,0.0,17
17503.0,22961,0.0,18
17503.0,22469,0.0,19
17503.0,82482,0.0,20
17528.0,84879,1.0,1
17528.0,23298,1.0,2
17528.0,22457,1.0,3
17528.0,22469,1.0,4
17528.0,23206,1.0,5
17528.0,23203,1.0,6
17528.0,21754,1.0,7
17528.0,20914,1.0,8
17528.0,85099F,1.0,9
17528.0,22629,1.0,10
17528.0,22090,1.0,11
17528.0,22139,1.0,12
17528.0,22662,1.0,13
17528.0,21755,1.0,14
17528.0,21929,1.0,15
17528.0,22630,1.0,16
17528.0,21928,1.0,17
17528.0,22326,1.0,18
17528.0,21790,1.0,19
17528.0,22554,1.0,20
17545.0,85123A,0.0,1
17545.0,22423,0.0,2
17545.0,47566,0.0,3
17545.0,85099B,0.0,4
17545.0,20725,0.0,5
17545.0,84879,0.0,6
17545.0,22720,0.0,7
17545.0,22383,0.0,8
17545.0,21212,0.0,9
17545.0,20727,0.0,10
17545.0,20728,0.0,11
17545.0,22384,0.0,12
17545.0,23298,0.0,13
17545.0,POST,0.0,14
17545.0,22457,0.0,15
17545.0,22382,0.0,16
17545.0,22960,0.0,17
17545.0,22961,0.0,18
17545.0,22469,0.0,19
17545.0,82482,0.0,20
17567.0,85099B,1.0,1
17567.0,20725,1.0,2
17567.0,84879,1.0,3
17567.0,22720,1.0,4
17567.0,22457,1.0,5
17567.0,22469,1.0,6
17567.0,22386,1.0,7
17567.0,22197,1.0,8
17567.0,20914,1.0,9
17567.0,22077,1.0,10
17567.0,22624,1.0,11
17567.0,21936,1.0,12
17567.0,84970S,1.0,13
17567.0,22625,1.0,14
17567.0,47566B,1.0,15
17567.0,22379,1.0,16
17567.0,82580,1.0,17
17567.0,21165,1.0,18
17567.0,21155,1.0,19
17567.0,84970L,1.0,20
17581.0,47566,1.0,1
17581.0,85099B,1.0,2
17581.0,20725,1.0,3
17581.0,22720,1.0,4
17581.0,22383,1.0,5
17581.0,21212,1.0,6
17581.0,20727,1.0,7
17581.0,22384,1.0,8
17581.0,23298,1.0,9
17581.0,22382,1.0,10
17581.0,22960,1.0,11
17581.0,22961,1.0,12
17581.0,22993,1.0,13
17581.0,22386,1.0,14
17581.0,22197,1.0,15
17581.0,23206,1.0,16
17581.0,23209,1.0,17
17581.0,23203,1.0,18
17581.0,21080,1.0,19
17581.0,21931,1.0,20
17596.0,22423,1.0,1
17596.0,47566,1.0,2
17596.0,84879,1.0,3
17596.0,23298,1.0,4
17596.0,22960,1.0,5
17596.0,21080,1.0,6
17596.0,21034,1.0,7
17596.0,22629,1.0,8
17596.0,22558,1.0,9
17596.0,20685,1.0,10
17596.0,22630,1.0,11
17596.0,22907,1.0,12
17596.0,22326,1.0,13
17596.0,22554,1.0,14
17596.0,22551,1.0,15
17596.0,22556,1.0,16
17596.0,22328,1.0,17
17596.0,22557,1.0,18
17596.0,47566B,1.0,19
17596.0,22083,1.0,20
17612.0,85099B,1.0,1
17612.0,20725,1.0,2
17612.0,22383,1.0,3
17612.0,20727,1.0,4
17612.0,22384,1.0,5
17612.0,23298,1.0,6
17612.0,22960,1.0,7
17612.0,22961,1.0,8
17612.0,22386,1.0,9
17612.0,23206,1.0,10
17612.0,20726,1.0,11
17612.0,23209,1.0,12
17612.0,23203,1.0,13
17612.0,21931,1.0,14
17612.0,22411,1.0,15
17612.0,23199,1.0,16
17612.0,23201,1.0,17
17612.0,20685,1.0,18
17612.0,22662,1.0,19
17612.0,21929,1.0,20
17621.0,22699,1.0,1
17621.0,20685,1.0,2
17621.0,22086,1.0,3
17621.0,22723,1.0,4
17621.0,22665,1.0,5
17621.0,22795,1.0,6
17621.0,22854,1.0,7
17621.0,22910,1.0,8
17621.0,22937,1.0,9
17621.0,22930,1.0,10
17621.0,21917,1.0,11
17621.0,22931,1.0,12
17621.0,22934,1.0,13
17621.0,85123A,0.0,14
17621.0,22423,0.0,15
17621.0,47566,0.0,16
17621.0,85099B,0.0,17
17621.0,20725,0.0,18
17621.0,84879,0.0,19
17621.0,22720,0.0,20
17624.0,47566,1.0,1
17624.0,22969,1.0,2
17624.0,22427,1.0,3
17624.0,82486,1.0,4
17624.0,84946,1.0,5
17624.0,20718,1.0,6
17624.0,21217,1.0,7
17624.0,21980,1.0,8
17624.0,22668,1.0,9
17624.0,21500,1.0,10
17624.0,22968,1.0,11
17624.0,22831,1.0,12
17624.0,21983,1.0,13
17624.0,22985,1.0,14
17624.0,21609,1.0,15
17624.0,40016,1.0,16
17624.0,85123A,0.0,17
17624.0,22423,0.0,18
17624.0,85099B,0.0,19
17624.0,20725,0.0,20
17631.0,22423,1.0,1
17631.0,23206,1.0,2
17631.0,21754,1.0,3
17631.0,22556,1.0,4
17631.0,22652,1.0,5
17631.0,22568,1.0,6
17631.0,22171,1.0,7
17631.0,23307,1.0,8
17631.0,22352,1.0,9
17631.0,21314,1.0,10
17631.0,47591D,1.0,11
17631.0,21216,1.0,12
17631.0,21982,1.0,13
17631.0,22273,1.0,14
17631.0,22636,1.0,15
17631.0,20682,1.0,16
17631.0,23294,1.0,17
17631.0,46000S,1.0,18
17631.0,23132,1.0,19
17631.0,21116,1.0,20
17663.0,85123A,1.0,1
17663.0,22423,1.0,2
17663.0,84879,1.0,3
17663.0,21754,1.0,4
17663.0,84755,1.0,5
17663.0,21733,1.0,6
17663.0,21181,1.0,7
17663.0,22427,1.0,8
17663.0,84992,1.0,9
17663.0,22776,1.0,10
17663.0,22189,1.0,11
17663.0,22847,1.0,12
17663.0,82552,1.0,13
17663.0,22082,1.0,14
17663.0,22151,1.0,15
17663.0,21756,1.0,16
17663.0,22841,1.0,17
17663.0,22079,1.0,18
17663.0,22822,1.0,19
17663.0,22694,1.0,20
17684.0,85123A,0.0,1
17684.0,22423,0.0,2
17684.0,47566,0.0,3
17684.0,85099B,0.0,4
17684.0,20725,0.0,5
17684.0,84879,0.0,6
17684.0,22720,0.0,7
17684.0,22383,0.0,8
17684.0,21212,0.0,9
17684.0,20727,0.0,10
17684.0,20728,0.0,11
17684.0,22384,0.0,12
17684.0,23298,0.0,13
17684.0,POST,0.0,14
17684.0,22457,0.0,15
17684.0,22382,0.0,16
17684.0,22960,0.0,17
17684.0,22961,0.0,18
17684.0,22469,0.0,19
17684.0,82482,0.0,20
17702.0,85099B,1.0,1
17702.0,20725,1.0,2
17702.0,20728,1.0,3
17702.0,22386,1.0,4
17702.0,23209,1.0,5
17702.0,23203,1.0,6
17702.0,85099F,1.0,7
17702.0,23199,1.0,8
17702.0,23202,1.0,9
17702.0,22907,1.0,10
17702.0,23208,1.0,11
17702.0,21936,1.0,12
17702.0,23301,1.0,13
17702.0,22667,1.0,14
17702.0,84997D,1.0,15
17702.0,23200,1.0,16
17702.0,21932,1.0,17
17702.0,21933,1.0,18
17702.0,22150,1.0,19
17702.0,22979,1.0,20
17703.0,22961,1.0,1
17703.0,22197,1.0,2
17703.0,22907,1.0,3
17703.0,21790,1.0,4
17703.0,21731,1.0,5
17703.0,22029,1.0,6
17703.0,21791,1.0,7
17703.0,23307,1.0,8
17703.0,23240,1.0,9
17703.0,22979,1.0,10
17703.0,22980,1.0,11
17703.0,22962,1.0,12
17703.0,22027,1.0,13
17703.0,23306,1.0,14
17703.0,22712,1.0,15
17703.0,23177,1.0,16
17703.0,21716,1.0,17
17703.0,21715,1.0,18
17703.0,23176,1.0,19
17703.0,23286,1.0,20
17725.0,22469,1.0,1
17725.0,22178,1.0,2
17725.0,22470,1.0,3
17725.0,84755,1.0,4
17725.0,85152,1.0,5
17725.0,22427,1.0,6
17725.0,21166,1.0,7
17725.0,84970S,1.0,8
17725.0,71459,1.0,9
17725.0,84836,1.0,10
17725.0,21907,1.0,11
17725.0,22501,1.0,12
17725.0,21669,1.0,13
17725.0,21668,1.0,14
17725.0,22173,1.0,15
17725.0,22502,1.0,16
17725.0,21672,1.0,17
17725.0,23321,1.0,18
17725.0,21671,1.0,19
17725.0,22296,1.0,20
17728.0,22423,1.0,1
17728.0,47566,1.0,2
17728.0,84879,1.0,3
17728.0,20727,1.0,4
17728.0,23298,1.0,5
17728.0,22382,1.0,6
17728.0,22960,1.0,7
17728.0,22961,1.0,8
17728.0,23209,1.0,9
17728.0,23203,1.0,10
17728.0,22699,1.0,11
17728.0,22697,1.0,12
17728.0,22629,1.0,13
17728.0,22077,1.0,14
17728.0,22138,1.0,15
17728.0,21181,1.0,16
17728.0,23202,1.0,17
17728.0,22630,1.0,18
17728.0,21166,1.0,19
17728.0,23208,1.0,20
17738.0,85123A,1.0,1
17738.0,22423,1.0,2
17738.0,22720,1.0,3
17738.0,21212,1.0,4
17738.0,22960,1.0,5
17738.0,22961,1.0,6
17738.0,22178,1.0,7
17738.0,22699,1.0,8
17738.0,22697,1.0,9
17738.0,84991,1.0,10
17738.0,84755,1.0,11
17738.0,21232,1.0,12
17738.0,22969,1.0,13
17738.0,22698,1.0,14
17738.0,22624,1.0,15
17738.0,48187,1.0,16
17738.0,21975,1.0,17
17738.0,23245,1.0,18
17738.0,22776,1.0,19
17738.0,84970S,1.0,20
17760.0,22964,1.0,1
17760.0,22798,1.0,2
17760.0,22909,1.0,3
17760.0,21452,1.0,4
17760.0,22800,1.0,5
17760.0,22976,1.0,6
17760.0,85123A,0.0,7
17760.0,22423,0.0,8
17760.0,47566,0.0,9
17760.0,85099B,0.0,10
17760.0,20725,0.0,11
17760.0,84879,0.0,12
17760.0,22720,0.0,13
17760.0,22383,0.0,14
17760.0,21212,0.0,15
17760.0,20727,0.0,16
17760.0,20728,0.0,17
17760.0,22384,0.0,18
17760.0,23298,0.0,19
17760.0,POST,0.0,20
17761.0,85123A,0.0,1
17761.0,22423,0.0,2
17761.0,47566,0.0,3
17761.0,85099B,0.0,4
17761.0,20725,0.0,5
17761.0,84879,0.0,6
17761.0,22720,0.0,7
17761.0,22383,0.0,8
17761.0,21212,0.0,9
17761.0,20727,0.0,10
17761.0,20728,0.0,11
17761.0,22384,0.0,12
17761.0,23298,0.0,13
17761.0,POST,0.0,14
17761.0,22457,0.0,15
17761.0,22382,0.0,16
17761.0,22960,0.0,17
17761.0,22961,0.0,18
17761.0,22469,0.0,19
17761.0,82482,0.0,20
17769.0,85123A,1.0,1
17769.0,47566,1.0,2
17769.0,85099B,1.0,3
17769.0,20725,1.0,4
17769.0,84879,1.0,5
17769.0,22720,1.0,6
17769.0,20727,1.0,7
17769.0,20728,1.0,8
17769.0,22384,1.0,9
17769.0,23298,1.0,10
17769.0,22382,1.0,11
17769.0,22993,1.0,12
17769.0,20726,1.0,13
17769.0,22666,1.0,14
17769.0,22727,1.0,15
17769.0,21754,1.0,16
17769.0,21034,1.0,17
17769.0,85099F,1.0,18
17769.0,20724,1.0,19
17769.0,21977,1.0,20
17785.0,85123A,0.0,1
17785.0,22423,0.0,2
17785.0,47566,0.0,3
17785.0,85099B,0.0,4
17785.0,20725,0.0,5
17785.0,84879,0.0,6
17785.0,22720,0.0,7
17785.0,22383,0.0,8
17785.0,21212,0.0,9
17785.0,20727,0.0,10
17785.0,20728,0.0,11
17785.0,22384,0.0,12
17785.0,23298,0.0,13
17785.0,POST,0.0,14
17785.0,22457,0.0,15
17785.0,22382,0.0,16
17785.0,22960,0.0,17
17785.0,22961,0.0,18
17785.0,22469,0.0,19
17785.0,82482,0.0,20
17790.0,85123A,1.0,1
17790.0,84879,1.0,2
17790.0,22457,1.0,3
17790.0,22469,1.0,4
17790.0,82482,1.0,5
17790.0,22666,1.0,6
17790.0,22470,1.0,7
17790.0,21034,1.0,8
17790.0,82494L,1.0,9
17790.0,82484,1.0,10
17790.0,21733,1.0,11
17790.0,82486,1.0,12
17790.0,84970S,1.0,13
17790.0,85066,1.0,14
17790.0,82483,1.0,15
17790.0,22804,1.0,16
17790.0,22189,1.0,17
17790.0,23300,1.0,18
17790.0,84836,1.0,19
17790.0,22487,1.0,20
17793.0,85123A,0.0,1
17793.0,22423,0.0,2
17793.0,47566,0.0,3
17793.0,85099B,0.0,4
17793.0,20725,0.0,5
17793.0,84879,0.0,6
17793.0,22720,0.0,7
17793.0,22383,0.0,8
17793.0,21212,0.0,9
17793.0,20727,0.0,10
17793.0,20728,0.0,11
17793.0,22384,0.0,12
17793.0,23298,0.0,13
17793.0,POST,0.0,14
17793.0,22457,0.0,15
17793.0,22382,0.0,16
17793.0,22960,0.0,17
17793.0,22961,0.0,18
17793.0,22469,0.0,19
17793.0,82482,0.0,20
17796.0,22720,1.0,1
17796.0,22960,1.0,2
17796.0,22727,1.0,3
17796.0,21034,1.0,4
17796.0,22722,1.0,5
17796.0,21181,1.0,6
17796.0,22630,1.0,7
17796.0,22427,1.0,8
17796.0,22624,1.0,9
17796.0,22149,1.0,10
17796.0,84378,1.0,11
17796.0,22728,1.0,12
17796.0,22147,1.0,13
17796.0,22625,1.0,14
17796.0,22730,1.0,15
17796.0,21174,1.0,16
17796.0,84375,1.0,17
17796.0,22413,1.0,18
17796.0,22429,1.0,19
17796.0,22569,1.0,20
17806.0,85123A,0.0,1
17806.0,22423,0.0,2
17806.0,47566,0.0,3
17806.0,85099B,0.0,4
17806.0,20725,0.0,5
17806.0,84879,0.0,6
17806.0,22720,0.0,7
17806.0,22383,0.0,8
17806.0,21212,0.0,9
17806.0,20727,0.0,10
17806.0,20728,0.0,11
17806.0,22384,0.0,12
17806.0,23298,0.0,13
17806.0,POST,0.0,14
17806.0,22457,0.0,15
17806.0,22382,0.0,16
17806.0,22960,0.0,17
17806.0,22961,0.0,18
17806.0,22469,0.0,19
17806.0,82482,0.0,20
17824.0,85123A,0.0,1
17824.0,22423,0.0,2
17824.0,47566,0.0,3
17824.0,85099B,0.0,4
17824.0,20725,0.0,5
17824.0,84879,0.0,6
17824.0,22720,0.0,7
17824.0,22383,0.0,8
17824.0,21212,0.0,9
17824.0,20727,0.0,10
17824.0,20728,0.0,11
17824.0,22384,0.0,12
17824.0,23298,0.0,13
17824.0,POST,0.0,14
17824.0,22457,0.0,15
17824.0,22382,0.0,16
17824.0,22960,0.0,17
17824.0,22961,0.0,18
17824.0,22469,0.0,19
17824.0,82482,0.0,20
17832.0,85123A,0.0,1
17832.0,22423,0.0,2
17832.0,47566,0.0,3
17832.0,85099B,0.0,4
17832.0,20725,0.0,5
17832.0,84879,0.0,6
17832.0,22720,0.0,7
17832.0,22383,0.0,8
17832.0,21212,0.0,9
17832.0,20727,0.0,10
17832.0,20728,0.0,11
17832.0,22384,0.0,12
17832.0,23298,0.0,13
17832.0,POST,0.0,14
17832.0,22457,0.0,15
17832.0,22382,0.0,16
17832.0,22960,0.0,17
17832.0,22961,0.0,18
17832.0,22469,0.0,19
17832.0,82482,0.0,20
17839.0,85123A,0.0,1
17839.0,22423,0.0,2
17839.0,47566,0.0,3
17839.0,85099B,0.0,4
17839.0,20725,0.0,5
17839.0,84879,0.0,6
17839.0,22720,0.0,7
17839.0,22383,0.0,8
17839.0,21212,0.0,9
17839.0,20727,0.0,10
17839.0,20728,0.0,11
17839.0,22384,0.0,12
17839.0,23298,0.0,13
17839.0,POST,0.0,14
17839.0,22457,0.0,15
17839.0,22382,0.0,16
17839.0,22960,0.0,17
17839.0,22961,0.0,18
17839.0,22469,0.0,19
17839.0,82482,0.0,20
17861.0,20725,1.0,1
17861.0,20727,1.0,2
17861.0,22382,1.0,3
17861.0,23209,1.0,4
17861.0,21080,1.0,5
17861.0,22090,1.0,6
17861.0,22139,1.0,7
17861.0,22138,1.0,8
17861.0,21232,1.0,9
17861.0,22659,1.0,10
17861.0,84378,1.0,11
17861.0,21790,1.0,12
17861.0,22776,1.0,13
17861.0,21915,1.0,14
17861.0,20972,1.0,15
17861.0,84997D,1.0,16
17861.0,84077,1.0,17
17861.0,22029,1.0,18
17861.0,22616,1.0,19
17861.0,84375,1.0,20
17885.0,85123A,0.0,1
17885.0,22423,0.0,2
17885.0,47566,0.0,3
17885.0,85099B,0.0,4
17885.0,20725,0.0,5
17885.0,84879,0.0,6
17885.0,22720,0.0,7
17885.0,22383,0.0,8
17885.0,21212,0.0,9
17885.0,20727,0.0,10
17885.0,20728,0.0,11
17885.0,22384,0.0,12
17885.0,23298,0.0,13
17885.0,POST,0.0,14
17885.0,22457,0.0,15
17885.0,22382,0.0,16
17885.0,22960,0.0,17
17885.0,22961,0.0,18
17885.0,22469,0.0,19
17885.0,82482,0.0,20
17886.0,22423,1.0,1
17886.0,22960,1.0,2
17886.0,22961,1.0,3
17886.0,22993,1.0,4
17886.0,22699,1.0,5
17886.0,22666,1.0,6
17886.0,21034,1.0,7
17886.0,21977,1.0,8
17886.0,84991,1.0,9
17886.0,22138,1.0,10
17886.0,21975,1.0,11
17886.0,84992,1.0,12
17886.0,21213,1.0,13
17886.0,23284,1.0,14
17886.0,22900,1.0,15
17886.0,22607,1.0,16
17886.0,20750,1.0,17
17886.0,22367,1.0,18
17886.0,20749,1.0,19
17886.0,22970,1.0,20
17911.0,85123A,0.0,1
17911.0,22423,0.0,2
17911.0,47566,0.0,3
17911.0,85099B,0.0,4
17911.0,20725,0.0,5
17911.0,84879,0.0,6
17911.0,22720,0.0,7
17911.0,22383,0.0,8
17911.0,21212,0.0,9
17911.0,20727,0.0,10
17911.0,20728,0.0,11
17911.0,22384,0.0,12
17911.0,23298,0.0,13
17911.0,POST,0.0,14
17911.0,22457,0.0,15
17911.0,22382,0.0,16
17911.0,22960,0.0,17
17911.0,22961,0.0,18
17911.0,22469,0.0,19
17911.0,82482,0.0,20
17914.0,85123A,0.0,1
17914.0,22423,0.0,2
17914.0,47566,0.0,3
17914.0,85099B,0.0,4
17914.0,20725,0.0,5
17914.0,84879,0.0,6
17914.0,22720,0.0,7
17914.0,22383,0.0,8
17914.0,21212,0.0,9
17914.0,20727,0.0,10
17914.0,20728,0.0,11
17914.0,22384,0.0,12
17914.0,23298,0.0,13
17914.0,POST,0.0,14
17914.0,22457,0.0,15
17914.0,22382,0.0,16
17914.0,22960,0.0,17
17914.0,22961,0.0,18
17914.0,22469,0.0,19
17914.0,82482,0.0,20
17932.0,22423,1.0,1
17932.0,22457,1.0,2
17932.0,22197,1.0,3
17932.0,22699,1.0,4
17932.0,22697,1.0,5
17932.0,22722,1.0,6
17932.0,22077,1.0,7
17932.0,22698,1.0,8
17932.0,84946,1.0,9
17932.0,21975,1.0,10
17932.0,20712,1.0,11
17932.0,22487,1.0,12
17932.0,82580,1.0,13
17932.0,23200,1.0,14
17932.0,84970L,1.0,15
17932.0,21668,1.0,16
17932.0,21671,1.0,17
17932.0,21673,1.0,18
17932.0,22082,1.0,19
17932.0,20711,1.0,20
17936.0,85123A,0.0,1
17936.0,22423,0.0,2
17936.0,47566,0.0,3
17936.0,85099B,0.0,4
17936.0,20725,0.0,5
17936.0,84879,0.0,6
17936.0,22720,0.0,7
17936.0,22383,0.0,8
17936.0,21212,0.0,9
17936.0,20727,0.0,10
17936.0,20728,0.0,11
17936.0,22384,0.0,12
17936.0,23298,0.0,13
17936.0,POST,0.0,14
17936.0,22457,0.0,15
17936.0,22382,0.0,16
17936.0,22960,0.0,17
17936.0,22961,0.0,18
17936.0,22469,0.0,19
17936.0,82482,0.0,20
17947.0,85123A,0.0,1
17947.0,22423,0.0,2
17947.0,47566,0.0,3
17947.0,85099B,0.0,4
17947.0,20725,0.0,5
17947.0,84879,0.0,6
17947.0,22720,0.0,7
17947.0,22383,0.0,8
17947.0,21212,0.0,9
17947.0,20727,0.0,10
17947.0,20728,0.0,11
17947.0,22384,0.0,12
17947.0,23298,0.0,13
17947.0,POST,0.0,14
17947.0,22457,0.0,15
17947.0,22382,0.0,16
17947.0,22960,0.0,17
17947.0,22961,0.0,18
17947.0,22469,0.0,19
17947.0,82482,0.0,20
17977.0,85123A,0.0,1
17977.0,22423,0.0,2
17977.0,47566,0.0,3
17977.0,85099B,0.0,4
17977.0,20725,0.0,5
17977.0,84879,0.0,6
17977.0,22720,0.0,7
17977.0,22383,0.0,8
17977.0,21212,0.0,9
17977.0,20727,0.0,10
17977.0,20728,0.0,11
17977.0,22384,0.0,12
17977.0,23298,0.0,13
17977.0,POST,0.0,14
17977.0,22457,0.0,15
17977.0,22382,0.0,16
17977.0,22960,0.0,17
17977.0,22961,0.0,18
17977.0,22469,0.0,19
17977.0,82482,0.0,20
17985.0,85123A,0.0,1
17985.0,22423,0.0,2
17985.0,47566,0.0,3
17985.0,85099B,0.0,4
17985.0,20725,0.0,5
17985.0,84879,0.0,6
17985.0,22720,0.0,7
17985.0,22383,0.0,8
17985.0,21212,0.0,9
17985.0,20727,0.0,10
17985.0,20728,0.0,11
17985.0,22384,0.0,12
17985.0,23298,0.0,13
17985.0,POST,0.0,14
17985.0,22457,0.0,15
17985.0,22382,0.0,16
17985.0,22960,0.0,17
17985.0,22961,0.0,18
17985.0,22469,0.0,19
17985.0,82482,0.0,20
17988.0,21034,1.0,1
17988.0,22624,1.0,2
17988.0,22766,1.0,3
17988.0,22616,1.0,4
17988.0,22555,1.0,5
17988.0,22173,1.0,6
17988.0,23173,1.0,7
17988.0,22988,1.0,8
17988.0,22970,1.0,9
17988.0,22840,1.0,10
17988.0,22892,1.0,11
17988.0,21135,1.0,12
17988.0,22222,1.0,13
17988.0,47504K,1.0,14
17988.0,22842,1.0,15
17988.0,21381,1.0,16
17988.0,23158,1.0,17
17988.0,22838,1.0,18
17988.0,84078A,1.0,19
17988.0,21382,1.0,20
18006.0,85123A,0.0,1
18006.0,22423,0.0,2
18006.0,47566,0.0,3
18006.0,85099B,0.0,4
18006.0,20725,0.0,5
18006.0,84879,0.0,6
18006.0,22720,0.0,7
18006.0,22383,0.0,8
18006.0,21212,0.0,9
18006.0,20727,0.0,10
18006.0,20728,0.0,11
18006.0,22384,0.0,12
18006.0,23298,0.0,13
18006.0,POST,0.0,14
18006.0,22457,0.0,15
18006.0,22382,0.0,16
18006.0,22960,0.0,17
18006.0,22961,0.0,18
18006.0,22469,0.0,19
18006.0,82482,0.0,20
18022.0,85123A,0.0,1
18022.0,22423,0.0,2
18022.0,47566,0.0,3
18022.0,85099B,0.0,4
18022.0,20725,0.0,5
18022.0,84879,0.0,6
18022.0,22720,0.0,7
18022.0,22383,0.0,8
18022.0,21212,0.0,9
18022.0,20727,0.0,10
18022.0,20728,0.0,11
18022.0,22384,0.0,12
18022.0,23298,0.0,13
18022.0,POST,0.0,14
18022.0,22457,0.0,15
18022.0,22382,0.0,16
18022.0,22960,0.0,17
18022.0,22961,0.0,18
18022.0,22469,0.0,19
18022.0,82482,0.0,20
18034.0,85123A,0.0,1
18034.0,22423,0.0,2
18034.0,47566,0.0,3
18034.0,85099B,0.0,4
18034.0,20725,0.0,5
18034.0,84879,0.0,6
18034.0,22720,0.0,7
18034.0,22383,0.0,8
18034.0,21212,0.0,9
18034.0,20727,0.0,10
18034.0,20728,0.0,11
18034.0,22384,0.0,12
18034.0,23298,0.0,13
18034.0,POST,0.0,14
18034.0,22457,0.0,15
18034.0,22382,0.0,16
18034.0,22960,0.0,17
18034.0,22961,0.0,18
18034.0,22469,0.0,19
18034.0,82482,0.0,20
18036.0,22383,1.0,1
18036.0,22382,1.0,2
18036.0,21931,1.0,3
18036.0,23199,1.0,4
18036.0,85099C,1.0,5
18036.0,23207,1.0,6
18036.0,21733,1.0,7
18036.0,23202,1.0,8
18036.0,23208,1.0,9
18036.0,22551,1.0,10
18036.0,22147,1.0,11
18036.0,22385,1.0,12
18036.0,47590B,1.0,13
18036.0,22749,1.0,14
18036.0,22759,1.0,15
18036.0,20974,1.0,16
18036.0,20754,1.0,17
18036.0,22489,1.0,18
18036.0,22435,1.0,19
18036.0,20975,1.0,20
18067.0,85123A,0.0,1
18067.0,22423,0.0,2
18067.0,47566,0.0,3
18067.0,85099B,0.0,4
18067.0,20725,0.0,5
18067.0,84879,0.0,6
18067.0,22720,0.0,7
18067.0,22383,0.0,8
18067.0,21212,0.0,9
18067.0,20727,0.0,10
18067.0,20728,0.0,11
18067.0,22384,0.0,12
18067.0,23298,0.0,13
18067.0,POST,0.0,14
18067.0,22457,0.0,15
18067.0,22382,0.0,16
18067.0,22960,0.0,17
18067.0,22961,0.0,18
18067.0,22469,0.0,19
18067.0,82482,0.0,20
18077.0,22961,1.0,1
18077.0,22993,1.0,2
18077.0,22727,1.0,3
18077.0,21034,1.0,4
18077.0,22077,1.0,5
18077.0,22726,1.0,6
18077.0,22907,1.0,7
18077.0,22966,1.0,8
18077.0,22730,1.0,9
18077.0,22429,1.0,10
18077.0,22951,1.0,11
18077.0,21868,1.0,12
18077.0,22988,1.0,13
18077.0,22979,1.0,14
18077.0,22585,1.0,15
18077.0,23084,1.0,16
18077.0,20754,1.0,17
18077.0,22082,1.0,18
18077.0,22980,1.0,19
18077.0,22725,1.0,20
18080.0,22084,1.0,1
18080.0,85123A,0.0,2
18080.0,22423,0.0,3
18080.0,47566,0.0,4
18080.0,85099B,0.0,5
18080.0,20725,0.0,6
18080.0,84879,0.0,7
18080.0,22720,0.0,8
18080.0,22383,0.0,9
18080.0,21212,0.0,10
18080.0,20727,0.0,11
18080.0,20728,0.0,12
18080.0,22384,0.0,13
18080.0,23298,0.0,14
18080.0,POST,0.0,15
18080.0,22457,0.0,16
18080.0,22382,0.0,17
18080.0,22960,0.0,18
18080.0,22961,0.0,19
18080.0,22469,0.0,20
18081.0,22423,1.0,1
18081.0,22699,1.0,2
18081.0,22697,1.0,3
18081.0,22698,1.0,4
18081.0,85123A,0.0,5
18081.0,47566,0.0,6
18081.0,85099B,0.0,7
18081.0,20725,0.0,8
18081.0,84879,0.0,9
18081.0,22720,0.0,10
18081.0,22383,0.0,11
18081.0,21212,0.0,12
18081.0,20727,0.0,13
18081.0,20728,0.0,14
18081.0,22384,0.0,15
18081.0,23298,0.0,16
18081.0,POST,0.0,17
18081.0,22457,0.0,18
18081.0,22382,0.0,19
18081.0,22960,0.0,20
18092.0,22423,1.0,1
18092.0,22699,1.0,2
18092.0,22697,1.0,3
18092.0,22698,1.0,4
18092.0,23245,1.0,5
18092.0,15036,1.0,6
18092.0,22112,1.0,7
18092.0,21485,1.0,8
18092.0,23173,1.0,9
18092.0,23170,1.0,10
18092.0,21481,1.0,11
18092.0,23174,1.0,12
18092.0,23175,1.0,13
18092.0,23171,1.0,14
18092.0,21479,1.0,15
18092.0,84029G,1.0,16
18092.0,23172,1.0,17
18092.0,84029E,1.0,18
18092.0,79000,1.0,19
18092.0,23162,1.0,20
18102.0,85099B,1.0,1
18102.0,22720,1.0,2
18102.0,22960,1.0,3
18102.0,22469,1.0,4
18102.0,82482,1.0,5
18102.0,22666,1.0,6
18102.0,22470,1.0,7
18102.0,23199,1.0,8
18102.0,21175,1.0,9
18102.0,82484,1.0,10
18102.0,20685,1.0,11
18102.0,21929,1.0,12
18102.0,21181,1.0,13
18102.0,85152,1.0,14
18102.0,21166,1.0,15
18102.0,48138,1.0,16
18102.0,48187,1.0,17
18102.0,21928,1.0,18
18102.0,48194,1.0,19
18102.0,23301,1.0,20
18104.0,85123A,0.0,1
18104.0,22423,0.0,2
18104.0,47566,0.0,3
18104.0,85099B,0.0,4
18104.0,20725,0.0,5
18104.0,84879,0.0,6
18104.0,22720,0.0,7
18104.0,22383,0.0,8
18104.0,21212,0.0,9
18104.0,20727,0.0,10
18104.0,20728,0.0,11
18104.0,22384,0.0,12
18104.0,23298,0.0,13
18104.0,POST,0.0,14
18104.0,22457,0.0,15
18104.0,22382,0.0,16
18104.0,22960,0.0,17
18104.0,22961,0.0,18
18104.0,22469,0.0,19
18104.0,82482,0.0,20
18105.0,85123A,0.0,1
18105.0,22423,0.0,2
18105.0,47566,0.0,3
18105.0,85099B,0.0,4
18105.0,20725,0.0,5
18105.0,84879,0.0,6
18105.0,22720,0.0,7
18105.0,22383,0.0,8
18105.0,21212,0.0,9
18105.0,20727,0.0,10
18105.0,20728,0.0,11
18105.0,22384,0.0,12
18105.0,23298,0.0,13
18105.0,POST,0.0,14
18105.0,22457,0.0,15
18105.0,22382,0.0,16
18105.0,22960,0.0,17
18105.0,22961,0.0,18
18105.0,22469,0.0,19
18105.0,82482,0.0,20
18109.0,85123A,1.0,1
18109.0,22720,1.0,2
18109.0,21212,1.0,3
18109.0,22457,1.0,4
18109.0,22961,1.0,5
18109.0,22469,1.0,6
18109.0,82482,1.0,7
18109.0,22178,1.0,8
18109.0,22197,1.0,9
18109.0,22699,1.0,10
18109.0,22666,1.0,11
18109.0,21080,1.0,12
18109.0,22470,1.0,13
18109.0,22697,1.0,14
18109.0,21977,1.0,15
18109.0,22722,1.0,16
18109.0,82484,1.0,17
18109.0,21755,1.0,18
18109.0,85152,1.0,19
18109.0,82486,1.0,20
18123.0,85123A,0.0,1
18123.0,22423,0.0,2
18123.0,47566,0.0,3
18123.0,85099B,0.0,4
18123.0,20725,0.0,5
18123.0,84879,0.0,6
18123.0,22720,0.0,7
18123.0,22383,0.0,8
18123.0,21212,0.0,9
18123.0,20727,0.0,10
18123.0,20728,0.0,11
18123.0,22384,0.0,12
18123.0,23298,0.0,13
18123.0,POST,0.0,14
18123.0,22457,0.0,15
18123.0,22382,0.0,16
18123.0,22960,0.0,17
18123.0,22961,0.0,18
18123.0,22469,0.0,19
18123.0,82482,0.0,20
18127.0,85123A,1.0,1
18127.0,22423,1.0,2
18127.0,72807C,1.0,3
18127.0,47566,0.0,4
18127.0,85099B,0.0,5
18127.0,20725,0.0,6
18127.0,84879,0.0,7
18127.0,22720,0.0,8
18127.0,22383,0.0,9
18127.0,21212,0.0,10
18127.0,20727,0.0,11
18127.0,20728,0.0,12
18127.0,22384,0.0,13
18127.0,23298,0.0,14
18127.0,POST,0.0,15
18127.0,22457,0.0,16
18127.0,22382,0.0,17
18127.0,22960,0.0,18
18127.0,22961,0.0,19
18127.0,22469,0.0,20
18145.0,85099B,1.0,1
18145.0,20725,1.0,2
18145.0,22720,1.0,3
18145.0,21212,1.0,4
18145.0,20727,1.0,5
18145.0,22384,1.0,6
18145.0,22382,1.0,7
18145.0,22960,1.0,8
18145.0,22961,1.0,9
18145.0,22993,1.0,10
18145.0,22197,1.0,11
18145.0,20726,1.0,12
18145.0,23209,1.0,13
18145.0,23203,1.0,14
18145.0,22666,1.0,15
18145.0,21080,1.0,16
18145.0,22727,1.0,17
18145.0,85099F,1.0,18
18145.0,22629,1.0,19
18145.0,21977,1.0,20
18147.0,22508,1.0,1
18147.0,47504K,1.0,2
18147.0,85123A,0.0,3
18147.0,22423,0.0,4
18147.0,47566,0.0,5
18147.0,85099B,0.0,6
18147.0,20725,0.0,7
18147.0,84879,0.0,8
18147.0,22720,0.0,9
18147.0,22383,0.0,10
18147.0,21212,0.0,11
18147.0,20727,0.0,12
18147.0,20728,0.0,13
18147.0,22384,0.0,14
18147.0,23298,0.0,15
18147.0,POST,0.0,16
18147.0,22457,0.0,17
18147.0,22382,0.0,18
18147.0,22960,0.0,19
18147.0,22961,0.0,20
18154.0,85123A,0.0,1
18154.0,22423,0.0,2
18154.0,47566,0.0,3
18154.0,85099B,0.0,4
18154.0,20725,0.0,5
18154.0,84879,0.0,6
18154.0,22720,0.0,7
18154.0,22383,0.0,8
18154.0,21212,0.0,9
18154.0,20727,0.0,10
18154.0,20728,0.0,11
18154.0,22384,0.0,12
18154.0,23298,0.0,13
18154.0,POST,0.0,14
18154.0,22457,0.0,15
18154.0,22382,0.0,16
18154.0,22960,0.0,17
18154.0,22961,0.0,18
18154.0,22469,0.0,19
18154.0,82482,0.0,20
18167.0,85123A,1.0,1
18167.0,20914,1.0,2
18167.0,21843,1.0,3
18167.0,85066,1.0,4
18167.0,21533,1.0,5
18167.0,22637,1.0,6
18167.0,22795,1.0,7
18167.0,21539,1.0,8
18167.0,21216,1.0,9
18167.0,21531,1.0,10
18167.0,21218,1.0,11
18167.0,21844,1.0,12
18167.0,22423,0.0,13
18167.0,47566,0.0,14
18167.0,85099B,0.0,15
18167.0,20725,0.0,16
18167.0,84879,0.0,17
18167.0,22720,0.0,18
18167.0,22383,0.0,19
18167.0,21212,0.0,20
18172.0,85123A,1.0,1
18172.0,47566,1.0,2
18172.0,84879,1.0,3
18172.0,22993,1.0,4
18172.0,23203,1.0,5
18172.0,22727,1.0,6
18172.0,22726,1.0,7
18172.0,21733,1.0,8
18172.0,82486,1.0,9
18172.0,48138,1.0,10
18172.0,22149,1.0,11
18172.0,48194,1.0,12
18172.0,21790,1.0,13
18172.0,22551,1.0,14
18172.0,22556,1.0,15
18172.0,20972,1.0,16
18172.0,82483,1.0,17
18172.0,22804,1.0,18
18172.0,22147,1.0,19
18172.0,22729,1.0,20
18177.0,85099B,1.0,1
18177.0,20725,1.0,2
18177.0,22383,1.0,3
18177.0,20727,1.0,4
18177.0,20728,1.0,5
18177.0,22384,1.0,6
18177.0,22386,1.0,7
18177.0,23206,1.0,8
18177.0,23209,1.0,9
18177.0,23203,1.0,10
18177.0,21931,1.0,11
18177.0,85099F,1.0,12
18177.0,22090,1.0,13
18177.0,21977,1.0,14
18177.0,84991,1.0,15
18177.0,23199,1.0,16
18177.0,85099C,1.0,17
18177.0,23201,1.0,18
18177.0,23207,1.0,19
18177.0,21929,1.0,20
18179.0,47566,1.0,1
18179.0,22383,1.0,2
18179.0,21212,1.0,3
18179.0,20727,1.0,4
18179.0,22993,1.0,5
18179.0,22386,1.0,6
18179.0,21733,1.0,7
18179.0,22084,1.0,8
18179.0,84378,1.0,9
18179.0,84992,1.0,10
18179.0,84970S,1.0,11
18179.0,22356,1.0,12
18179.0,21213,1.0,13
18179.0,21621,1.0,14
18179.0,21155,1.0,15
18179.0,22111,1.0,16
18179.0,22112,1.0,17
18179.0,84692,1.0,18
18179.0,21121,1.0,19
18179.0,84988,1.0,20
18211.0,82482,1.0,1
18211.0,22178,1.0,2
18211.0,82484,1.0,3
18211.0,21755,1.0,4
18211.0,22766,1.0,5
18211.0,23307,1.0,6
18211.0,22595,1.0,7
18211.0,84949,1.0,8
18211.0,21787,1.0,9
18211.0,22460,1.0,10
18211.0,23103,1.0,11
18211.0,85123A,0.0,12
18211.0,22423,0.0,13
18211.0,47566,0.0,14
18211.0,85099B,0.0,15
18211.0,20725,0.0,16
18211.0,84879,0.0,17
18211.0,22720,0.0,18
18211.0,22383,0.0,19
18211.0,21212,0.0,20
18221.0,22423,1.0,1
18221.0,47566,1.0,2
18221.0,84879,1.0,3
18221.0,23298,1.0,4
18221.0,22469,1.0,5
18221.0,22090,1.0,6
18221.0,22558,1.0,7
18221.0,23245,1.0,8
18221.0,47566B,1.0,9
18221.0,84077,1.0,10
18221.0,21621,1.0,11
18221.0,21172,1.0,12
18221.0,84988,1.0,13
18221.0,22488,1.0,14
18221.0,21746,1.0,15
18221.0,21918,1.0,16
18221.0,21326,1.0,17
18221.0,23306,1.0,18
18221.0,21878,1.0,19
18221.0,23078,1.0,20
18225.0,85123A,1.0,1
18225.0,47566,1.0,2
18225.0,85099B,1.0,3
18225.0,20725,1.0,4
18225.0,22720,1.0,5
18225.0,21212,1.0,6
18225.0,22960,1.0,7
18225.0,22961,1.0,8
18225.0,82482,1.0,9
18225.0,22386,1.0,10
18225.0,23203,1.0,11
18225.0,21080,1.0,12
18225.0,22411,1.0,13
18225.0,85099F,1.0,14
18225.0,21977,1.0,15
18225.0,22077,1.0,16
18225.0,84978,1.0,17
18225.0,22138,1.0,18
18225.0,21733,1.0,19
18225.0,21929,1.0,20
18237.0,22423,1.0,1
18237.0,23298,1.0,2
18237.0,82483,1.0,3
18237.0,84836,1.0,4
18237.0,22487,1.0,5
18237.0,22499,1.0,6
18237.0,22413,1.0,7
18237.0,21669,1.0,8
18237.0,21668,1.0,9
18237.0,21672,1.0,10
18237.0,21671,1.0,11
18237.0,21670,1.0,12
18237.0,21169,1.0,13
18237.0,21673,1.0,14
18237.0,22723,1.0,15
18237.0,22595,1.0,16
18237.0,22669,1.0,17
18237.0,22773,1.0,18
18237.0,21903,1.0,19
18237.0,22775,1.0,20
18276.0,85123A,0.0,1
18276.0,22423,0.0,2
18276.0,47566,0.0,3
18276.0,85099B,0.0,4
18276.0,20725,0.0,5
18276.0,84879,0.0,6
18276.0,22720,0.0,7
18276.0,22383,0.0,8
18276.0,21212,0.0,9
18276.0,20727,0.0,10
18276.0,20728,0.0,11
18276.0,22384,0.0,12
18276.0,23298,0.0,13
18276.0,POST,0.0,14
18276.0,22457,0.0,15
18276.0,22382,0.0,16
18276.0,22960,0.0,17
18276.0,22961,0.0,18
18276.0,22469,0.0,19
18276.0,82482,0.0,20
