row_id,year,split
RICE_000001,1997,train
RICE_000002,1997,train
RICE_000003,1997,train
RICE_000004,1997,train
RICE_000005,1997,train
RICE_000006,1997,train
RICE_000007,1997,train
RICE_000008,1997,train
RICE_000009,1997,train
RICE_000010,1997,train
RICE_000011,1997,train
RICE_000012,1997,train
RICE_000013,1997,train
RICE_000014,1997,train
RICE_000015,1997,train
RICE_000016,1997,train
RICE_000017,1997,train
RICE_000018,1997,train
RICE_000019,1997,train
RICE_000020,1997,train
RICE_000021,1997,train
RICE_000022,1997,train
RICE_000023,1997,train
RICE_000024,1997,train
RICE_000025,1997,train
RICE_000026,1997,train
RICE_000027,1997,train
RICE_000028,1997,train
RICE_000029,1997,train
RICE_000030,1997,train
RICE_000031,1997,train
RICE_000032,1997,train
RICE_000033,1997,train
RICE_000034,1997,train
RICE_000035,1997,train
RICE_000036,1997,train
RICE_000037,1997,train
RICE_000038,1997,train
RICE_000039,1997,train
RICE_000040,1997,train
RICE_000041,1997,train
RICE_000042,1997,train
RICE_000043,1997,train
RICE_000044,1997,train
RICE_000045,1997,train
RICE_000046,1997,train
RICE_000047,1997,train
RICE_000048,1997,train
RICE_000049,1997,train
RICE_000050,1997,train
RICE_000051,1997,train
RICE_000052,1997,train
RICE_000053,1997,train
RICE_000054,1997,train
RICE_000055,1997,train
RICE_000056,1997,train
RICE_000057,1997,train
RICE_000058,1997,train
RICE_000059,1997,train
RICE_000060,1997,train
RICE_000061,1997,train
RICE_000062,1997,train
RICE_000063,1997,train
RICE_000064,1997,train
RICE_000065,1997,train
RICE_000066,1997,train
RICE_000067,1997,train
RICE_000068,1997,train
RICE_000069,1997,train
RICE_000070,1997,train
RICE_000071,1997,train
RICE_000072,1997,train
RICE_000073,1997,train
RICE_000074,1997,train
RICE_000075,1997,train
RICE_000076,1997,train
RICE_000077,1997,train
RICE_000078,1997,train
RICE_000079,1997,train
RICE_000080,1997,train
RICE_000081,1997,train
RICE_000082,1997,train
RICE_000083,1997,train
RICE_000084,1997,train
RICE_000085,1997,train
RICE_000086,1997,train
RICE_000087,1997,train
RICE_000088,1997,train
RICE_000089,1997,train
RICE_000090,1997,train
RICE_000091,1997,train
RICE_000092,1997,train
RICE_000093,1997,train
RICE_000094,1997,train
RICE_000095,1997,train
RICE_000096,1997,train
RICE_000097,1997,train
RICE_000098,1997,train
RICE_000099,1997,train
RICE_000100,1997,train
RICE_000101,1997,train
RICE_000102,1997,train
RICE_000103,1997,train
RICE_000104,1997,train
RICE_000105,1997,train
RICE_000106,1997,train
RICE_000107,1997,train
RICE_000108,1997,train
RICE_000109,1997,train
RICE_000110,1997,train
RICE_000111,1997,train
RICE_000112,1997,train
RICE_000113,1997,train
RICE_000114,1997,train
RICE_000115,1997,train
RICE_000116,1997,train
RICE_000117,1997,train
RICE_000118,1997,train
RICE_000119,1997,train
RICE_000120,1997,train
RICE_000121,1997,train
RICE_000122,1997,train
RICE_000123,1997,train
RICE_000124,1997,train
RICE_000125,1997,train
RICE_000126,1997,train
RICE_000127,1997,train
RICE_000128,1997,train
RICE_000129,1997,train
RICE_000130,1997,train
RICE_000131,1997,train
RICE_000132,1997,train
RICE_000133,1997,train
RICE_000134,1997,train
RICE_000135,1997,train
RICE_000136,1997,train
RICE_000137,1997,train
RICE_000138,1997,train
RICE_000139,1997,train
RICE_000140,1997,train
RICE_000141,1997,train
RICE_000142,1997,train
RICE_000143,1997,train
RICE_000144,1997,train
RICE_000145,1997,train
RICE_000146,1997,train
RICE_000147,1997,train
RICE_000148,1997,train
RICE_000149,1997,train
RICE_000150,1997,train
RICE_000151,1997,train
RICE_000152,1997,train
RICE_000153,1997,train
RICE_000154,1997,train
RICE_000155,1997,train
RICE_000156,1997,train
RICE_000157,1997,train
RICE_000158,1997,train
RICE_000159,1997,train
RICE_000160,1997,train
RICE_000161,1997,train
RICE_000162,1997,train
RICE_000163,1997,train
RICE_000164,1997,train
RICE_000165,1997,train
RICE_000166,1997,train
RICE_000167,1997,train
RICE_000168,1997,train
RICE_000169,1997,train
RICE_000170,1997,train
RICE_000171,1997,train
RICE_000172,1997,train
RICE_000173,1997,train
RICE_000174,1997,train
RICE_000175,1997,train
RICE_000176,1997,train
RICE_000177,1997,train
RICE_000178,1997,train
RICE_000179,1997,train
RICE_000180,1997,train
RICE_000181,1997,train
RICE_000182,1997,train
RICE_000183,1997,train
RICE_000184,1997,train
RICE_000185,1997,train
RICE_000186,1997,train
RICE_000187,1997,train
RICE_000188,1997,train
RICE_000189,1997,train
RICE_000190,1997,train
RICE_000191,1997,train
RICE_000192,1997,train
RICE_000193,1997,train
RICE_000194,1997,train
RICE_000195,1997,train
RICE_000196,1997,train
RICE_000197,1997,train
RICE_000198,1997,train
RICE_000199,1997,train
RICE_000200,1997,train
RICE_000201,1997,train
RICE_000202,1997,train
RICE_000203,1997,train
RICE_000204,1997,train
RICE_000205,1997,train
RICE_000206,1997,train
RICE_000207,1997,train
RICE_000208,1997,train
RICE_000209,1997,train
RICE_000210,1997,train
RICE_000211,1997,train
RICE_000212,1997,train
RICE_000213,1997,train
RICE_000214,1997,train
RICE_000215,1997,train
RICE_000216,1997,train
RICE_000217,1997,train
RICE_000218,1997,train
RICE_000219,1997,train
RICE_000220,1997,train
RICE_000221,1997,train
RICE_000222,1997,train
RICE_000223,1997,train
RICE_000224,1997,train
RICE_000225,1997,train
RICE_000226,1997,train
RICE_000227,1997,train
RICE_000228,1997,train
RICE_000229,1997,train
RICE_000230,1997,train
RICE_000231,1997,train
RICE_000232,1997,train
RICE_000233,1997,train
RICE_000234,1997,train
RICE_000235,1997,train
RICE_000236,1997,train
RICE_000237,1997,train
RICE_000238,1997,train
RICE_000239,1997,train
RICE_000240,1997,train
RICE_000241,1997,train
RICE_000242,1997,train
RICE_000243,1997,train
RICE_000244,1997,train
RICE_000245,1997,train
RICE_000246,1997,train
RICE_000247,1997,train
RICE_000248,1997,train
RICE_000249,1997,train
RICE_000250,1997,train
RICE_000251,1997,train
RICE_000252,1997,train
RICE_000253,1997,train
RICE_000254,1997,train
RICE_000255,1997,train
RICE_000256,1997,train
RICE_000257,1997,train
RICE_000258,1997,train
RICE_000259,1997,train
RICE_000260,1997,train
RICE_000261,1997,train
RICE_000262,1997,train
RICE_000263,1997,train
RICE_000264,1997,train
RICE_000265,1997,train
RICE_000266,1997,train
RICE_000267,1997,train
RICE_000268,1997,train
RICE_000269,1997,train
RICE_000270,1997,train
RICE_000271,1997,train
RICE_000272,1997,train
RICE_000273,1997,train
RICE_000274,1997,train
RICE_000275,1997,train
RICE_000276,1997,train
RICE_000277,1997,train
RICE_000278,1997,train
RICE_000279,1997,train
RICE_000280,1997,train
RICE_000281,1997,train
RICE_000282,1997,train
RICE_000283,1997,train
RICE_000284,1997,train
RICE_000285,1997,train
RICE_000286,1997,train
RICE_000287,1997,train
RICE_000288,1997,train
RICE_000289,1997,train
RICE_000290,1997,train
RICE_000291,1997,train
RICE_000292,1997,train
RICE_000293,1997,train
RICE_000294,1997,train
RICE_000295,1997,train
RICE_000296,1997,train
RICE_000297,1997,train
RICE_000298,1997,train
RICE_000299,1997,train
RICE_000300,1997,train
RICE_000301,1997,train
RICE_000302,1997,train
RICE_000303,1997,train
RICE_000304,1997,train
RICE_000305,1997,train
RICE_000306,1997,train
RICE_000307,1997,train
RICE_000308,1997,train
RICE_000309,1997,train
RICE_000310,1997,train
RICE_000311,1997,train
RICE_000312,1997,train
RICE_000313,1997,train
RICE_000314,1997,train
RICE_000315,1997,train
RICE_000316,1997,train
RICE_000317,1997,train
RICE_000318,1997,train
RICE_000319,1997,train
RICE_000320,1997,train
RICE_000321,1997,train
RICE_000322,1997,train
RICE_000323,1997,train
RICE_000324,1997,train
RICE_000325,1997,train
RICE_000326,1997,train
RICE_000327,1997,train
RICE_000328,1997,train
RICE_000329,1997,train
RICE_000330,1997,train
RICE_000331,1997,train
RICE_000332,1997,train
RICE_000333,1997,train
RICE_000334,1997,train
RICE_000335,1997,train
RICE_000336,1997,train
RICE_000337,1997,train
RICE_000338,1997,train
RICE_000339,1997,train
RICE_000340,1997,train
RICE_000341,1997,train
RICE_000342,1997,train
RICE_000343,1997,train
RICE_000344,1997,train
RICE_000345,1997,train
RICE_000346,1997,train
RICE_000347,1997,train
RICE_000348,1997,train
RICE_000349,1997,train
RICE_000350,1997,train
RICE_000351,1997,train
RICE_000352,1997,train
RICE_000353,1997,train
RICE_000354,1997,train
RICE_000355,1997,train
RICE_000356,1997,train
RICE_000357,1997,train
RICE_000358,1997,train
RICE_000359,1997,train
RICE_000360,1997,train
RICE_000361,1997,train
RICE_000362,1997,train
RICE_000363,1997,train
RICE_000364,1997,train
RICE_000365,1997,train
RICE_000366,1997,train
RICE_000367,1997,train
RICE_000368,1997,train
RICE_000369,1997,train
RICE_000370,1997,train
RICE_000371,1997,train
RICE_000372,1997,train
RICE_000373,1997,train
RICE_000374,1997,train
RICE_000375,1997,train
RICE_000376,1997,train
RICE_000377,1997,train
RICE_000378,1997,train
RICE_000379,1997,train
RICE_000380,1997,train
RICE_000381,1997,train
RICE_000382,1997,train
RICE_000383,1997,train
RICE_000384,1997,train
RICE_000385,1997,train
RICE_000386,1997,train
RICE_000387,1997,train
RICE_000388,1997,train
RICE_000389,1997,train
RICE_000390,1997,train
RICE_000391,1997,train
RICE_000392,1997,train
RICE_000393,1997,train
RICE_000394,1997,train
RICE_000395,1997,train
RICE_000396,1997,train
RICE_000397,1997,train
RICE_000398,1997,train
RICE_000399,1997,train
RICE_000400,1997,train
RICE_000401,1997,train
RICE_000402,1997,train
RICE_000403,1997,train
RICE_000404,1997,train
RICE_000405,1997,train
RICE_000406,1997,train
RICE_000407,1997,train
RICE_000408,1997,train
RICE_000409,1997,train
RICE_000410,1997,train
RICE_000411,1997,train
RICE_000412,1997,train
RICE_000413,1997,train
RICE_000414,1997,train
RICE_000415,1997,train
RICE_000416,1997,train
RICE_000417,1997,train
RICE_000418,1997,train
RICE_000419,1997,train
RICE_000420,1997,train
RICE_000421,1997,train
RICE_000422,1997,train
RICE_000423,1997,train
RICE_000424,1997,train
RICE_000425,1997,train
RICE_000426,1997,train
RICE_000427,1997,train
RICE_000428,1997,train
RICE_000429,1997,train
RICE_000430,1997,train
RICE_000431,1997,train
RICE_000432,1997,train
RICE_000433,1997,train
RICE_000434,1997,train
RICE_000435,1997,train
RICE_000436,1997,train
RICE_000437,1997,train
RICE_000438,1997,train
RICE_000439,1997,train
RICE_000440,1997,train
RICE_000441,1997,train
RICE_000442,1997,train
RICE_000443,1997,train
RICE_000444,1997,train
RICE_000445,1997,train
RICE_000446,1997,train
RICE_000447,1997,train
RICE_000448,1997,train
RICE_000449,1997,train
RICE_000450,1997,train
RICE_000451,1997,train
RICE_000452,1997,train
RICE_000453,1997,train
RICE_000454,1997,train
RICE_000455,1997,train
RICE_000456,1997,train
RICE_000457,1997,train
RICE_000458,1997,train
RICE_000459,1997,train
RICE_000460,1997,train
RICE_000461,1997,train
RICE_000462,1997,train
RICE_000463,1997,train
RICE_000464,1997,train
RICE_000465,1997,train
RICE_000466,1997,train
RICE_000467,1997,train
RICE_000468,1997,train
RICE_000469,1997,train
RICE_000470,1997,train
RICE_000471,1997,train
RICE_000472,1997,train
RICE_000473,1997,train
RICE_000474,1997,train
RICE_000475,1997,train
RICE_000476,1997,train
RICE_000477,1997,train
RICE_000478,1997,train
RICE_000479,1997,train
RICE_000480,1997,train
RICE_000481,1997,train
RICE_000482,1997,train
RICE_000483,1997,train
RICE_000484,1997,train
RICE_000485,1997,train
RICE_000486,1997,train
RICE_000487,1997,train
RICE_000488,1997,train
RICE_000489,1997,train
RICE_000490,1997,train
RICE_000491,1997,train
RICE_000492,1997,train
RICE_000493,1997,train
RICE_000494,1997,train
RICE_000495,1997,train
RICE_000496,1997,train
RICE_000497,1997,train
RICE_000498,1997,train
RICE_000499,1997,train
RICE_000500,1997,train
RICE_000501,1997,train
RICE_000502,1997,train
RICE_000503,1997,train
RICE_000504,1997,train
RICE_000505,1997,train
RICE_000506,1997,train
RICE_000507,1997,train
RICE_000508,1997,train
RICE_000509,1997,train
RICE_000510,1997,train
RICE_000511,1997,train
RICE_000512,1997,train
RICE_000513,1997,train
RICE_000514,1997,train
RICE_000515,1997,train
RICE_000516,1997,train
RICE_000517,1997,train
RICE_000518,1997,train
RICE_000519,1997,train
RICE_000520,1997,train
RICE_000521,1997,train
RICE_000522,1997,train
RICE_000523,1997,train
RICE_000524,1997,train
RICE_000525,1997,train
RICE_000526,1997,train
RICE_000527,1997,train
RICE_000528,1997,train
RICE_000529,1997,train
RICE_000530,1997,train
RICE_000531,1997,train
RICE_000532,1997,train
RICE_000533,1997,train
RICE_000534,1997,train
RICE_000535,1997,train
RICE_000536,1997,train
RICE_000537,1997,train
RICE_000538,1997,train
RICE_000539,1997,train
RICE_000540,1997,train
RICE_000541,1997,train
RICE_000542,1997,train
RICE_000543,1997,train
RICE_000544,1997,train
RICE_000545,1997,train
RICE_000546,1997,train
RICE_000547,1997,train
RICE_000548,1997,train
RICE_000549,1997,train
RICE_000550,1997,train
RICE_000551,1997,train
RICE_000552,1997,train
RICE_000553,1997,train
RICE_000554,1997,train
RICE_000555,1997,train
RICE_000556,1997,train
RICE_000557,1997,train
RICE_000558,1997,train
RICE_000559,1997,train
RICE_000560,1997,train
RICE_000561,1997,train
RICE_000562,1997,train
RICE_000563,1997,train
RICE_000564,1997,train
RICE_000565,1997,train
RICE_000566,1997,train
RICE_000567,1997,train
RICE_000568,1997,train
RICE_000569,1997,train
RICE_000570,1997,train
RICE_000571,1997,train
RICE_000572,1997,train
RICE_000573,1997,train
RICE_000574,1997,train
RICE_000575,1997,train
RICE_000576,1997,train
RICE_000577,1997,train
RICE_000578,1997,train
RICE_000579,1997,train
RICE_000580,1997,train
RICE_000581,1997,train
RICE_000582,1997,train
RICE_000583,1997,train
RICE_000584,1997,train
RICE_000585,1997,train
RICE_000586,1997,train
RICE_000587,1997,train
RICE_000588,1997,train
RICE_000589,1997,train
RICE_000590,1997,train
RICE_000591,1997,train
RICE_000592,1997,train
RICE_000593,1997,train
RICE_000594,1997,train
RICE_000595,1997,train
RICE_000596,1997,train
RICE_000597,1997,train
RICE_000598,1997,train
RICE_000599,1997,train
RICE_000600,1997,train
RICE_000601,1997,train
RICE_000602,1997,train
RICE_000603,1997,train
RICE_000604,1997,train
RICE_000605,1997,train
RICE_000606,1997,train
RICE_000607,1997,train
RICE_000608,1998,train
RICE_000609,1998,train
RICE_000610,1998,train
RICE_000611,1998,train
RICE_000612,1998,train
RICE_000613,1998,train
RICE_000614,1998,train
RICE_000615,1998,train
RICE_000616,1998,train
RICE_000617,1998,train
RICE_000618,1998,train
RICE_000619,1998,train
RICE_000620,1998,train
RICE_000621,1998,train
RICE_000622,1998,train
RICE_000623,1998,train
RICE_000624,1998,train
RICE_000625,1998,train
RICE_000626,1998,train
RICE_000627,1998,train
RICE_000628,1998,train
RICE_000629,1998,train
RICE_000630,1998,train
RICE_000631,1998,train
RICE_000632,1998,train
RICE_000633,1998,train
RICE_000634,1998,train
RICE_000635,1998,train
RICE_000636,1998,train
RICE_000637,1998,train
RICE_000638,1998,train
RICE_000639,1998,train
RICE_000640,1998,train
RICE_000641,1998,train
RICE_000642,1998,train
RICE_000643,1998,train
RICE_000644,1998,train
RICE_000645,1998,train
RICE_000646,1998,train
RICE_000647,1998,train
RICE_000648,1998,train
RICE_000649,1998,train
RICE_000650,1998,train
RICE_000651,1998,train
RICE_000652,1998,train
RICE_000653,1998,train
RICE_000654,1998,train
RICE_000655,1998,train
RICE_000656,1998,train
RICE_000657,1998,train
RICE_000658,1998,train
RICE_000659,1998,train
RICE_000660,1998,train
RICE_000661,1998,train
RICE_000662,1998,train
RICE_000663,1998,train
RICE_000664,1998,train
RICE_000665,1998,train
RICE_000666,1998,train
RICE_000667,1998,train
RICE_000668,1998,train
RICE_000669,1998,train
RICE_000670,1998,train
RICE_000671,1998,train
RICE_000672,1998,train
RICE_000673,1998,train
RICE_000674,1998,train
RICE_000675,1998,train
RICE_000676,1998,train
RICE_000677,1998,train
RICE_000678,1998,train
RICE_000679,1998,train
RICE_000680,1998,train
RICE_000681,1998,train
RICE_000682,1998,train
RICE_000683,1998,train
RICE_000684,1998,train
RICE_000685,1998,train
RICE_000686,1998,train
RICE_000687,1998,train
RICE_000688,1998,train
RICE_000689,1998,train
RICE_000690,1998,train
RICE_000691,1998,train
RICE_000692,1998,train
RICE_000693,1998,train
RICE_000694,1998,train
RICE_000695,1998,train
RICE_000696,1998,train
RICE_000697,1998,train
RICE_000698,1998,train
RICE_000699,1998,train
RICE_000700,1998,train
RICE_000701,1998,train
RICE_000702,1998,train
RICE_000703,1998,train
RICE_000704,1998,train
RICE_000705,1998,train
RICE_000706,1998,train
RICE_000707,1998,train
RICE_000708,1998,train
RICE_000709,1998,train
RICE_000710,1998,train
RICE_000711,1998,train
RICE_000712,1998,train
RICE_000713,1998,train
RICE_000714,1998,train
RICE_000715,1998,train
RICE_000716,1998,train
RICE_000717,1998,train
RICE_000718,1998,train
RICE_000719,1998,train
RICE_000720,1998,train
RICE_000721,1998,train
RICE_000722,1998,train
RICE_000723,1998,train
RICE_000724,1998,train
RICE_000725,1998,train
RICE_000726,1998,train
RICE_000727,1998,train
RICE_000728,1998,train
RICE_000729,1998,train
RICE_000730,1998,train
RICE_000731,1998,train
RICE_000732,1998,train
RICE_000733,1998,train
RICE_000734,1998,train
RICE_000735,1998,train
RICE_000736,1998,train
RICE_000737,1998,train
RICE_000738,1998,train
RICE_000739,1998,train
RICE_000740,1998,train
RICE_000741,1998,train
RICE_000742,1998,train
RICE_000743,1998,train
RICE_000744,1998,train
RICE_000745,1998,train
RICE_000746,1998,train
RICE_000747,1998,train
RICE_000748,1998,train
RICE_000749,1998,train
RICE_000750,1998,train
RICE_000751,1998,train
RICE_000752,1998,train
RICE_000753,1998,train
RICE_000754,1998,train
RICE_000755,1998,train
RICE_000756,1998,train
RICE_000757,1998,train
RICE_000758,1998,train
RICE_000759,1998,train
RICE_000760,1998,train
RICE_000761,1998,train
RICE_000762,1998,train
RICE_000763,1998,train
RICE_000764,1998,train
RICE_000765,1998,train
RICE_000766,1998,train
RICE_000767,1998,train
RICE_000768,1998,train
RICE_000769,1998,train
RICE_000770,1998,train
RICE_000771,1998,train
RICE_000772,1998,train
RICE_000773,1998,train
RICE_000774,1998,train
RICE_000775,1998,train
RICE_000776,1998,train
RICE_000777,1998,train
RICE_000778,1998,train
RICE_000779,1998,train
RICE_000780,1998,train
RICE_000781,1998,train
RICE_000782,1998,train
RICE_000783,1998,train
RICE_000784,1998,train
RICE_000785,1998,train
RICE_000786,1998,train
RICE_000787,1998,train
RICE_000788,1998,train
RICE_000789,1998,train
RICE_000790,1998,train
RICE_000791,1998,train
RICE_000792,1998,train
RICE_000793,1998,train
RICE_000794,1998,train
RICE_000795,1998,train
RICE_000796,1998,train
RICE_000797,1998,train
RICE_000798,1998,train
RICE_000799,1998,train
RICE_000800,1998,train
RICE_000801,1998,train
RICE_000802,1998,train
RICE_000803,1998,train
RICE_000804,1998,train
RICE_000805,1998,train
RICE_000806,1998,train
RICE_000807,1998,train
RICE_000808,1998,train
RICE_000809,1998,train
RICE_000810,1998,train
RICE_000811,1998,train
RICE_000812,1998,train
RICE_000813,1998,train
RICE_000814,1998,train
RICE_000815,1998,train
RICE_000816,1998,train
RICE_000817,1998,train
RICE_000818,1998,train
RICE_000819,1998,train
RICE_000820,1998,train
RICE_000821,1998,train
RICE_000822,1998,train
RICE_000823,1998,train
RICE_000824,1998,train
RICE_000825,1998,train
RICE_000826,1998,train
RICE_000827,1998,train
RICE_000828,1998,train
RICE_000829,1998,train
RICE_000830,1998,train
RICE_000831,1998,train
RICE_000832,1998,train
RICE_000833,1998,train
RICE_000834,1998,train
RICE_000835,1998,train
RICE_000836,1998,train
RICE_000837,1998,train
RICE_000838,1998,train
RICE_000839,1998,train
RICE_000840,1998,train
RICE_000841,1998,train
RICE_000842,1998,train
RICE_000843,1998,train
RICE_000844,1998,train
RICE_000845,1998,train
RICE_000846,1998,train
RICE_000847,1998,train
RICE_000848,1998,train
RICE_000849,1998,train
RICE_000850,1998,train
RICE_000851,1998,train
RICE_000852,1998,train
RICE_000853,1998,train
RICE_000854,1998,train
RICE_000855,1998,train
RICE_000856,1998,train
RICE_000857,1998,train
RICE_000858,1998,train
RICE_000859,1998,train
RICE_000860,1998,train
RICE_000861,1998,train
RICE_000862,1998,train
RICE_000863,1998,train
RICE_000864,1998,train
RICE_000865,1998,train
RICE_000866,1998,train
RICE_000867,1998,train
RICE_000868,1998,train
RICE_000869,1998,train
RICE_000870,1998,train
RICE_000871,1998,train
RICE_000872,1998,train
RICE_000873,1998,train
RICE_000874,1998,train
RICE_000875,1998,train
RICE_000876,1998,train
RICE_000877,1998,train
RICE_000878,1998,train
RICE_000879,1998,train
RICE_000880,1998,train
RICE_000881,1998,train
RICE_000882,1998,train
RICE_000883,1998,train
RICE_000884,1998,train
RICE_000885,1998,train
RICE_000886,1998,train
RICE_000887,1998,train
RICE_000888,1998,train
RICE_000889,1998,train
RICE_000890,1998,train
RICE_000891,1998,train
RICE_000892,1998,train
RICE_000893,1998,train
RICE_000894,1998,train
RICE_000895,1998,train
RICE_000896,1998,train
RICE_000897,1998,train
RICE_000898,1998,train
RICE_000899,1998,train
RICE_000900,1998,train
RICE_000901,1998,train
RICE_000902,1998,train
RICE_000903,1998,train
RICE_000904,1998,train
RICE_000905,1998,train
RICE_000906,1998,train
RICE_000907,1998,train
RICE_000908,1998,train
RICE_000909,1998,train
RICE_000910,1998,train
RICE_000911,1998,train
RICE_000912,1998,train
RICE_000913,1998,train
RICE_000914,1998,train
RICE_000915,1998,train
RICE_000916,1998,train
RICE_000917,1998,train
RICE_000918,1998,train
RICE_000919,1998,train
RICE_000920,1998,train
RICE_000921,1998,train
RICE_000922,1998,train
RICE_000923,1998,train
RICE_000924,1998,train
RICE_000925,1998,train
RICE_000926,1998,train
RICE_000927,1998,train
RICE_000928,1998,train
RICE_000929,1998,train
RICE_000930,1998,train
RICE_000931,1998,train
RICE_000932,1998,train
RICE_000933,1998,train
RICE_000934,1998,train
RICE_000935,1998,train
RICE_000936,1998,train
RICE_000937,1998,train
RICE_000938,1998,train
RICE_000939,1998,train
RICE_000940,1998,train
RICE_000941,1998,train
RICE_000942,1998,train
RICE_000943,1998,train
RICE_000944,1998,train
RICE_000945,1998,train
RICE_000946,1998,train
RICE_000947,1998,train
RICE_000948,1998,train
RICE_000949,1998,train
RICE_000950,1998,train
RICE_000951,1998,train
RICE_000952,1998,train
RICE_000953,1998,train
RICE_000954,1998,train
RICE_000955,1998,train
RICE_000956,1998,train
RICE_000957,1998,train
RICE_000958,1998,train
RICE_000959,1998,train
RICE_000960,1998,train
RICE_000961,1998,train
RICE_000962,1998,train
RICE_000963,1998,train
RICE_000964,1998,train
RICE_000965,1998,train
RICE_000966,1998,train
RICE_000967,1998,train
RICE_000968,1998,train
RICE_000969,1998,train
RICE_000970,1998,train
RICE_000971,1998,train
RICE_000972,1998,train
RICE_000973,1998,train
RICE_000974,1998,train
RICE_000975,1998,train
RICE_000976,1998,train
RICE_000977,1998,train
RICE_000978,1998,train
RICE_000979,1998,train
RICE_000980,1998,train
RICE_000981,1998,train
RICE_000982,1998,train
RICE_000983,1998,train
RICE_000984,1998,train
RICE_000985,1998,train
RICE_000986,1998,train
RICE_000987,1998,train
RICE_000988,1998,train
RICE_000989,1998,train
RICE_000990,1998,train
RICE_000991,1998,train
RICE_000992,1998,train
RICE_000993,1998,train
RICE_000994,1998,train
RICE_000995,1998,train
RICE_000996,1998,train
RICE_000997,1998,train
RICE_000998,1998,train
RICE_000999,1998,train
RICE_001000,1998,train
RICE_001001,1998,train
RICE_001002,1998,train
RICE_001003,1998,train
RICE_001004,1998,train
RICE_001005,1998,train
RICE_001006,1998,train
RICE_001007,1998,train
RICE_001008,1998,train
RICE_001009,1998,train
RICE_001010,1998,train
RICE_001011,1998,train
RICE_001012,1998,train
RICE_001013,1998,train
RICE_001014,1998,train
RICE_001015,1998,train
RICE_001016,1998,train
RICE_001017,1998,train
RICE_001018,1998,train
RICE_001019,1998,train
RICE_001020,1998,train
RICE_001021,1998,train
RICE_001022,1998,train
RICE_001023,1998,train
RICE_001024,1998,train
RICE_001025,1998,train
RICE_001026,1998,train
RICE_001027,1998,train
RICE_001028,1998,train
RICE_001029,1998,train
RICE_001030,1998,train
RICE_001031,1998,train
RICE_001032,1998,train
RICE_001033,1998,train
RICE_001034,1998,train
RICE_001035,1998,train
RICE_001036,1998,train
RICE_001037,1998,train
RICE_001038,1998,train
RICE_001039,1998,train
RICE_001040,1998,train
RICE_001041,1998,train
RICE_001042,1998,train
RICE_001043,1998,train
RICE_001044,1998,train
RICE_001045,1998,train
RICE_001046,1998,train
RICE_001047,1998,train
RICE_001048,1998,train
RICE_001049,1998,train
RICE_001050,1998,train
RICE_001051,1998,train
RICE_001052,1998,train
RICE_001053,1998,train
RICE_001054,1998,train
RICE_001055,1998,train
RICE_001056,1998,train
RICE_001057,1998,train
RICE_001058,1998,train
RICE_001059,1998,train
RICE_001060,1998,train
RICE_001061,1998,train
RICE_001062,1998,train
RICE_001063,1998,train
RICE_001064,1998,train
RICE_001065,1998,train
RICE_001066,1998,train
RICE_001067,1998,train
RICE_001068,1998,train
RICE_001069,1998,train
RICE_001070,1998,train
RICE_001071,1998,train
RICE_001072,1998,train
RICE_001073,1998,train
RICE_001074,1998,train
RICE_001075,1998,train
RICE_001076,1998,train
RICE_001077,1998,train
RICE_001078,1998,train
RICE_001079,1998,train
RICE_001080,1998,train
RICE_001081,1998,train
RICE_001082,1998,train
RICE_001083,1998,train
RICE_001084,1998,train
RICE_001085,1998,train
RICE_001086,1998,train
RICE_001087,1998,train
RICE_001088,1998,train
RICE_001089,1998,train
RICE_001090,1998,train
RICE_001091,1998,train
RICE_001092,1998,train
RICE_001093,1998,train
RICE_001094,1998,train
RICE_001095,1998,train
RICE_001096,1998,train
RICE_001097,1998,train
RICE_001098,1998,train
RICE_001099,1998,train
RICE_001100,1998,train
RICE_001101,1998,train
RICE_001102,1998,train
RICE_001103,1998,train
RICE_001104,1998,train
RICE_001105,1998,train
RICE_001106,1998,train
RICE_001107,1998,train
RICE_001108,1998,train
RICE_001109,1998,train
RICE_001110,1998,train
RICE_001111,1998,train
RICE_001112,1998,train
RICE_001113,1998,train
RICE_001114,1998,train
RICE_001115,1998,train
RICE_001116,1998,train
RICE_001117,1998,train
RICE_001118,1998,train
RICE_001119,1998,train
RICE_001120,1998,train
RICE_001121,1998,train
RICE_001122,1998,train
RICE_001123,1998,train
RICE_001124,1998,train
RICE_001125,1998,train
RICE_001126,1998,train
RICE_001127,1998,train
RICE_001128,1998,train
RICE_001129,1998,train
RICE_001130,1998,train
RICE_001131,1998,train
RICE_001132,1998,train
RICE_001133,1998,train
RICE_001134,1998,train
RICE_001135,1998,train
RICE_001136,1998,train
RICE_001137,1998,train
RICE_001138,1998,train
RICE_001139,1998,train
RICE_001140,1998,train
RICE_001141,1998,train
RICE_001142,1998,train
RICE_001143,1998,train
RICE_001144,1998,train
RICE_001145,1998,train
RICE_001146,1998,train
RICE_001147,1998,train
RICE_001148,1998,train
RICE_001149,1998,train
RICE_001150,1998,train
RICE_001151,1998,train
RICE_001152,1998,train
RICE_001153,1998,train
RICE_001154,1998,train
RICE_001155,1998,train
RICE_001156,1998,train
RICE_001157,1998,train
RICE_001158,1998,train
RICE_001159,1998,train
RICE_001160,1998,train
RICE_001161,1998,train
RICE_001162,1998,train
RICE_001163,1998,train
RICE_001164,1998,train
RICE_001165,1998,train
RICE_001166,1998,train
RICE_001167,1998,train
RICE_001168,1998,train
RICE_001169,1998,train
RICE_001170,1998,train
RICE_001171,1998,train
RICE_001172,1998,train
RICE_001173,1998,train
RICE_001174,1998,train
RICE_001175,1998,train
RICE_001176,1998,train
RICE_001177,1998,train
RICE_001178,1998,train
RICE_001179,1998,train
RICE_001180,1998,train
RICE_001181,1998,train
RICE_001182,1998,train
RICE_001183,1998,train
RICE_001184,1998,train
RICE_001185,1998,train
RICE_001186,1998,train
RICE_001187,1998,train
RICE_001188,1998,train
RICE_001189,1998,train
RICE_001190,1998,train
RICE_001191,1998,train
RICE_001192,1998,train
RICE_001193,1998,train
RICE_001194,1998,train
RICE_001195,1998,train
RICE_001196,1998,train
RICE_001197,1998,train
RICE_001198,1998,train
RICE_001199,1998,train
RICE_001200,1998,train
RICE_001201,1998,train
RICE_001202,1998,train
RICE_001203,1998,train
RICE_001204,1998,train
RICE_001205,1998,train
RICE_001206,1998,train
RICE_001207,1998,train
RICE_001208,1998,train
RICE_001209,1998,train
RICE_001210,1998,train
RICE_001211,1998,train
RICE_001212,1998,train
RICE_001213,1998,train
RICE_001214,1998,train
RICE_001215,1998,train
RICE_001216,1998,train
RICE_001217,1998,train
RICE_001218,1998,train
RICE_001219,1998,train
RICE_001220,1998,train
RICE_001221,1998,train
RICE_001222,1998,train
RICE_001223,1998,train
RICE_001224,1998,train
RICE_001225,1998,train
RICE_001226,1998,train
RICE_001227,1998,train
RICE_001228,1998,train
RICE_001229,1998,train
RICE_001230,1998,train
RICE_001231,1998,train
RICE_001232,1998,train
RICE_001233,1998,train
RICE_001234,1998,train
RICE_001235,1998,train
RICE_001236,1998,train
RICE_001237,1998,train
RICE_001238,1998,train
RICE_001239,1998,train
RICE_001240,1998,train
RICE_001241,1998,train
RICE_001242,1998,train
RICE_001243,1998,train
RICE_001244,1998,train
RICE_001245,1998,train
RICE_001246,1998,train
RICE_001247,1998,train
RICE_001248,1998,train
RICE_001249,1998,train
RICE_001250,1998,train
RICE_001251,1998,train
RICE_001252,1998,train
RICE_001253,1998,train
RICE_001254,1998,train
RICE_001255,1998,train
RICE_001256,1998,train
RICE_001257,1998,train
RICE_001258,1998,train
RICE_001259,1998,train
RICE_001260,1998,train
RICE_001261,1998,train
RICE_001262,1998,train
RICE_001263,1998,train
RICE_001264,1998,train
RICE_001265,1998,train
RICE_001266,1998,train
RICE_001267,1998,train
RICE_001268,1998,train
RICE_001269,1998,train
RICE_001270,1998,train
RICE_001271,1998,train
RICE_001272,1998,train
RICE_001273,1998,train
RICE_001274,1998,train
RICE_001275,1998,train
RICE_001276,1998,train
RICE_001277,1998,train
RICE_001278,1998,train
RICE_001279,1998,train
RICE_001280,1998,train
RICE_001281,1998,train
RICE_001282,1998,train
RICE_001283,1998,train
RICE_001284,1998,train
RICE_001285,1998,train
RICE_001286,1998,train
RICE_001287,1998,train
RICE_001288,1998,train
RICE_001289,1998,train
RICE_001290,1998,train
RICE_001291,1998,train
RICE_001292,1998,train
RICE_001293,1998,train
RICE_001294,1998,train
RICE_001295,1998,train
RICE_001296,1998,train
RICE_001297,1998,train
RICE_001298,1998,train
RICE_001299,1998,train
RICE_001300,1998,train
RICE_001301,1998,train
RICE_001302,1998,train
RICE_001303,1998,train
RICE_001304,1998,train
RICE_001305,1998,train
RICE_001306,1998,train
RICE_001307,1998,train
RICE_001308,1998,train
RICE_001309,1998,train
RICE_001310,1998,train
RICE_001311,1998,train
RICE_001312,1998,train
RICE_001313,1998,train
RICE_001314,1998,train
RICE_001315,1998,train
RICE_001316,1998,train
RICE_001317,1998,train
RICE_001318,1998,train
RICE_001319,1998,train
RICE_001320,1998,train
RICE_001321,1998,train
RICE_001322,1998,train
RICE_001323,1998,train
RICE_001324,1998,train
RICE_001325,1998,train
RICE_001326,1998,train
RICE_001327,1998,train
RICE_001328,1998,train
RICE_001329,1998,train
RICE_001330,1998,train
RICE_001331,1998,train
RICE_001332,1998,train
RICE_001333,1998,train
RICE_001334,1998,train
RICE_001335,1998,train
RICE_001336,1998,train
RICE_001337,1998,train
RICE_001338,1998,train
RICE_001339,1998,train
RICE_001340,1998,train
RICE_001341,1998,train
RICE_001342,1998,train
RICE_001343,1998,train
RICE_001344,1998,train
RICE_001345,1998,train
RICE_001346,1998,train
RICE_001347,1998,train
RICE_001348,1998,train
RICE_001349,1998,train
RICE_001350,1998,train
RICE_001351,1998,train
RICE_001352,1998,train
RICE_001353,1998,train
RICE_001354,1998,train
RICE_001355,1998,train
RICE_001356,1998,train
RICE_001357,1998,train
RICE_001358,1998,train
RICE_001359,1998,train
RICE_001360,1998,train
RICE_001361,1998,train
RICE_001362,1998,train
RICE_001363,1998,train
RICE_001364,1998,train
RICE_001365,1998,train
RICE_001366,1998,train
RICE_001367,1998,train
RICE_001368,1998,train
RICE_001369,1998,train
RICE_001370,1998,train
RICE_001371,1998,train
RICE_001372,1998,train
RICE_001373,1998,train
RICE_001374,1998,train
RICE_001375,1998,train
RICE_001376,1998,train
RICE_001377,1998,train
RICE_001378,1998,train
RICE_001379,1998,train
RICE_001380,1998,train
RICE_001381,1998,train
RICE_001382,1998,train
RICE_001383,1998,train
RICE_001384,1998,train
RICE_001385,1998,train
RICE_001386,1998,train
RICE_001387,1998,train
RICE_001388,1998,train
RICE_001389,1998,train
RICE_001390,1998,train
RICE_001391,1998,train
RICE_001392,1998,train
RICE_001393,1998,train
RICE_001394,1998,train
RICE_001395,1998,train
RICE_001396,1998,train
RICE_001397,1998,train
RICE_001398,1999,train
RICE_001399,1999,train
RICE_001400,1999,train
RICE_001401,1999,train
RICE_001402,1999,train
RICE_001403,1999,train
RICE_001404,1999,train
RICE_001405,1999,train
RICE_001406,1999,train
RICE_001407,1999,train
RICE_001408,1999,train
RICE_001409,1999,train
RICE_001410,1999,train
RICE_001411,1999,train
RICE_001412,1999,train
RICE_001413,1999,train
RICE_001414,1999,train
RICE_001415,1999,train
RICE_001416,1999,train
RICE_001417,1999,train
RICE_001418,1999,train
RICE_001419,1999,train
RICE_001420,1999,train
RICE_001421,1999,train
RICE_001422,1999,train
RICE_001423,1999,train
RICE_001424,1999,train
RICE_001425,1999,train
RICE_001426,1999,train
RICE_001427,1999,train
RICE_001428,1999,train
RICE_001429,1999,train
RICE_001430,1999,train
RICE_001431,1999,train
RICE_001432,1999,train
RICE_001433,1999,train
RICE_001434,1999,train
RICE_001435,1999,train
RICE_001436,1999,train
RICE_001437,1999,train
RICE_001438,1999,train
RICE_001439,1999,train
RICE_001440,1999,train
RICE_001441,1999,train
RICE_001442,1999,train
RICE_001443,1999,train
RICE_001444,1999,train
RICE_001445,1999,train
RICE_001446,1999,train
RICE_001447,1999,train
RICE_001448,1999,train
RICE_001449,1999,train
RICE_001450,1999,train
RICE_001451,1999,train
RICE_001452,1999,train
RICE_001453,1999,train
RICE_001454,1999,train
RICE_001455,1999,train
RICE_001456,1999,train
RICE_001457,1999,train
RICE_001458,1999,train
RICE_001459,1999,train
RICE_001460,1999,train
RICE_001461,1999,train
RICE_001462,1999,train
RICE_001463,1999,train
RICE_001464,1999,train
RICE_001465,1999,train
RICE_001466,1999,train
RICE_001467,1999,train
RICE_001468,1999,train
RICE_001469,1999,train
RICE_001470,1999,train
RICE_001471,1999,train
RICE_001472,1999,train
RICE_001473,1999,train
RICE_001474,1999,train
RICE_001475,1999,train
RICE_001476,1999,train
RICE_001477,1999,train
RICE_001478,1999,train
RICE_001479,1999,train
RICE_001480,1999,train
RICE_001481,1999,train
RICE_001482,1999,train
RICE_001483,1999,train
RICE_001484,1999,train
RICE_001485,1999,train
RICE_001486,1999,train
RICE_001487,1999,train
RICE_001488,1999,train
RICE_001489,1999,train
RICE_001490,1999,train
RICE_001491,1999,train
RICE_001492,1999,train
RICE_001493,1999,train
RICE_001494,1999,train
RICE_001495,1999,train
RICE_001496,1999,train
RICE_001497,1999,train
RICE_001498,1999,train
RICE_001499,1999,train
RICE_001500,1999,train
RICE_001501,1999,train
RICE_001502,1999,train
RICE_001503,1999,train
RICE_001504,1999,train
RICE_001505,1999,train
RICE_001506,1999,train
RICE_001507,1999,train
RICE_001508,1999,train
RICE_001509,1999,train
RICE_001510,1999,train
RICE_001511,1999,train
RICE_001512,1999,train
RICE_001513,1999,train
RICE_001514,1999,train
RICE_001515,1999,train
RICE_001516,1999,train
RICE_001517,1999,train
RICE_001518,1999,train
RICE_001519,1999,train
RICE_001520,1999,train
RICE_001521,1999,train
RICE_001522,1999,train
RICE_001523,1999,train
RICE_001524,1999,train
RICE_001525,1999,train
RICE_001526,1999,train
RICE_001527,1999,train
RICE_001528,1999,train
RICE_001529,1999,train
RICE_001530,1999,train
RICE_001531,1999,train
RICE_001532,1999,train
RICE_001533,1999,train
RICE_001534,1999,train
RICE_001535,1999,train
RICE_001536,1999,train
RICE_001537,1999,train
RICE_001538,1999,train
RICE_001539,1999,train
RICE_001540,1999,train
RICE_001541,1999,train
RICE_001542,1999,train
RICE_001543,1999,train
RICE_001544,1999,train
RICE_001545,1999,train
RICE_001546,1999,train
RICE_001547,1999,train
RICE_001548,1999,train
RICE_001549,1999,train
RICE_001550,1999,train
RICE_001551,1999,train
RICE_001552,1999,train
RICE_001553,1999,train
RICE_001554,1999,train
RICE_001555,1999,train
RICE_001556,1999,train
RICE_001557,1999,train
RICE_001558,1999,train
RICE_001559,1999,train
RICE_001560,1999,train
RICE_001561,1999,train
RICE_001562,1999,train
RICE_001563,1999,train
RICE_001564,1999,train
RICE_001565,1999,train
RICE_001566,1999,train
RICE_001567,1999,train
RICE_001568,1999,train
RICE_001569,1999,train
RICE_001570,1999,train
RICE_001571,1999,train
RICE_001572,1999,train
RICE_001573,1999,train
RICE_001574,1999,train
RICE_001575,1999,train
RICE_001576,1999,train
RICE_001577,1999,train
RICE_001578,1999,train
RICE_001579,1999,train
RICE_001580,1999,train
RICE_001581,1999,train
RICE_001582,1999,train
RICE_001583,1999,train
RICE_001584,1999,train
RICE_001585,1999,train
RICE_001586,1999,train
RICE_001587,1999,train
RICE_001588,1999,train
RICE_001589,1999,train
RICE_001590,1999,train
RICE_001591,1999,train
RICE_001592,1999,train
RICE_001593,1999,train
RICE_001594,1999,train
RICE_001595,1999,train
RICE_001596,1999,train
RICE_001597,1999,train
RICE_001598,1999,train
RICE_001599,1999,train
RICE_001600,1999,train
RICE_001601,1999,train
RICE_001602,1999,train
RICE_001603,1999,train
RICE_001604,1999,train
RICE_001605,1999,train
RICE_001606,1999,train
RICE_001607,1999,train
RICE_001608,1999,train
RICE_001609,1999,train
RICE_001610,1999,train
RICE_001611,1999,train
RICE_001612,1999,train
RICE_001613,1999,train
RICE_001614,1999,train
RICE_001615,1999,train
RICE_001616,1999,train
RICE_001617,1999,train
RICE_001618,1999,train
RICE_001619,1999,train
RICE_001620,1999,train
RICE_001621,1999,train
RICE_001622,1999,train
RICE_001623,1999,train
RICE_001624,1999,train
RICE_001625,1999,train
RICE_001626,1999,train
RICE_001627,1999,train
RICE_001628,1999,train
RICE_001629,1999,train
RICE_001630,1999,train
RICE_001631,1999,train
RICE_001632,1999,train
RICE_001633,1999,train
RICE_001634,1999,train
RICE_001635,1999,train
RICE_001636,1999,train
RICE_001637,1999,train
RICE_001638,1999,train
RICE_001639,1999,train
RICE_001640,1999,train
RICE_001641,1999,train
RICE_001642,1999,train
RICE_001643,1999,train
RICE_001644,1999,train
RICE_001645,1999,train
RICE_001646,1999,train
RICE_001647,1999,train
RICE_001648,1999,train
RICE_001649,1999,train
RICE_001650,1999,train
RICE_001651,1999,train
RICE_001652,1999,train
RICE_001653,1999,train
RICE_001654,1999,train
RICE_001655,1999,train
RICE_001656,1999,train
RICE_001657,1999,train
RICE_001658,1999,train
RICE_001659,1999,train
RICE_001660,1999,train
RICE_001661,1999,train
RICE_001662,1999,train
RICE_001663,1999,train
RICE_001664,1999,train
RICE_001665,1999,train
RICE_001666,1999,train
RICE_001667,1999,train
RICE_001668,1999,train
RICE_001669,1999,train
RICE_001670,1999,train
RICE_001671,1999,train
RICE_001672,1999,train
RICE_001673,1999,train
RICE_001674,1999,train
RICE_001675,1999,train
RICE_001676,1999,train
RICE_001677,1999,train
RICE_001678,1999,train
RICE_001679,1999,train
RICE_001680,1999,train
RICE_001681,1999,train
RICE_001682,1999,train
RICE_001683,1999,train
RICE_001684,1999,train
RICE_001685,1999,train
RICE_001686,1999,train
RICE_001687,1999,train
RICE_001688,1999,train
RICE_001689,1999,train
RICE_001690,1999,train
RICE_001691,1999,train
RICE_001692,1999,train
RICE_001693,1999,train
RICE_001694,1999,train
RICE_001695,1999,train
RICE_001696,1999,train
RICE_001697,1999,train
RICE_001698,1999,train
RICE_001699,1999,train
RICE_001700,1999,train
RICE_001701,1999,train
RICE_001702,1999,train
RICE_001703,1999,train
RICE_001704,1999,train
RICE_001705,1999,train
RICE_001706,1999,train
RICE_001707,1999,train
RICE_001708,1999,train
RICE_001709,1999,train
RICE_001710,1999,train
RICE_001711,1999,train
RICE_001712,1999,train
RICE_001713,1999,train
RICE_001714,1999,train
RICE_001715,1999,train
RICE_001716,1999,train
RICE_001717,1999,train
RICE_001718,1999,train
RICE_001719,1999,train
RICE_001720,1999,train
RICE_001721,1999,train
RICE_001722,1999,train
RICE_001723,1999,train
RICE_001724,1999,train
RICE_001725,1999,train
RICE_001726,1999,train
RICE_001727,1999,train
RICE_001728,1999,train
RICE_001729,1999,train
RICE_001730,1999,train
RICE_001731,1999,train
RICE_001732,1999,train
RICE_001733,1999,train
RICE_001734,1999,train
RICE_001735,1999,train
RICE_001736,1999,train
RICE_001737,1999,train
RICE_001738,1999,train
RICE_001739,1999,train
RICE_001740,1999,train
RICE_001741,1999,train
RICE_001742,1999,train
RICE_001743,1999,train
RICE_001744,1999,train
RICE_001745,1999,train
RICE_001746,1999,train
RICE_001747,1999,train
RICE_001748,1999,train
RICE_001749,1999,train
RICE_001750,1999,train
RICE_001751,1999,train
RICE_001752,1999,train
RICE_001753,1999,train
RICE_001754,1999,train
RICE_001755,1999,train
RICE_001756,1999,train
RICE_001757,1999,train
RICE_001758,1999,train
RICE_001759,1999,train
RICE_001760,1999,train
RICE_001761,1999,train
RICE_001762,1999,train
RICE_001763,1999,train
RICE_001764,1999,train
RICE_001765,1999,train
RICE_001766,1999,train
RICE_001767,1999,train
RICE_001768,1999,train
RICE_001769,1999,train
RICE_001770,1999,train
RICE_001771,1999,train
RICE_001772,1999,train
RICE_001773,1999,train
RICE_001774,1999,train
RICE_001775,1999,train
RICE_001776,1999,train
RICE_001777,1999,train
RICE_001778,1999,train
RICE_001779,1999,train
RICE_001780,1999,train
RICE_001781,1999,train
RICE_001782,1999,train
RICE_001783,1999,train
RICE_001784,1999,train
RICE_001785,1999,train
RICE_001786,1999,train
RICE_001787,1999,train
RICE_001788,1999,train
RICE_001789,1999,train
RICE_001790,1999,train
RICE_001791,1999,train
RICE_001792,1999,train
RICE_001793,1999,train
RICE_001794,1999,train
RICE_001795,1999,train
RICE_001796,1999,train
RICE_001797,1999,train
RICE_001798,1999,train
RICE_001799,1999,train
RICE_001800,1999,train
RICE_001801,1999,train
RICE_001802,1999,train
RICE_001803,1999,train
RICE_001804,1999,train
RICE_001805,1999,train
RICE_001806,1999,train
RICE_001807,1999,train
RICE_001808,1999,train
RICE_001809,1999,train
RICE_001810,1999,train
RICE_001811,1999,train
RICE_001812,1999,train
RICE_001813,1999,train
RICE_001814,1999,train
RICE_001815,1999,train
RICE_001816,1999,train
RICE_001817,1999,train
RICE_001818,1999,train
RICE_001819,1999,train
RICE_001820,1999,train
RICE_001821,1999,train
RICE_001822,1999,train
RICE_001823,1999,train
RICE_001824,1999,train
RICE_001825,1999,train
RICE_001826,1999,train
RICE_001827,1999,train
RICE_001828,1999,train
RICE_001829,1999,train
RICE_001830,1999,train
RICE_001831,1999,train
RICE_001832,1999,train
RICE_001833,1999,train
RICE_001834,1999,train
RICE_001835,1999,train
RICE_001836,1999,train
RICE_001837,1999,train
RICE_001838,1999,train
RICE_001839,1999,train
RICE_001840,1999,train
RICE_001841,1999,train
RICE_001842,1999,train
RICE_001843,1999,train
RICE_001844,1999,train
RICE_001845,1999,train
RICE_001846,1999,train
RICE_001847,1999,train
RICE_001848,1999,train
RICE_001849,1999,train
RICE_001850,1999,train
RICE_001851,1999,train
RICE_001852,1999,train
RICE_001853,1999,train
RICE_001854,1999,train
RICE_001855,1999,train
RICE_001856,1999,train
RICE_001857,1999,train
RICE_001858,1999,train
RICE_001859,1999,train
RICE_001860,1999,train
RICE_001861,1999,train
RICE_001862,1999,train
RICE_001863,1999,train
RICE_001864,1999,train
RICE_001865,1999,train
RICE_001866,1999,train
RICE_001867,1999,train
RICE_001868,1999,train
RICE_001869,1999,train
RICE_001870,1999,train
RICE_001871,1999,train
RICE_001872,1999,train
RICE_001873,1999,train
RICE_001874,1999,train
RICE_001875,1999,train
RICE_001876,1999,train
RICE_001877,1999,train
RICE_001878,1999,train
RICE_001879,1999,train
RICE_001880,1999,train
RICE_001881,1999,train
RICE_001882,1999,train
RICE_001883,1999,train
RICE_001884,1999,train
RICE_001885,1999,train
RICE_001886,1999,train
RICE_001887,1999,train
RICE_001888,1999,train
RICE_001889,1999,train
RICE_001890,1999,train
RICE_001891,1999,train
RICE_001892,1999,train
RICE_001893,1999,train
RICE_001894,1999,train
RICE_001895,1999,train
RICE_001896,1999,train
RICE_001897,1999,train
RICE_001898,1999,train
RICE_001899,1999,train
RICE_001900,1999,train
RICE_001901,1999,train
RICE_001902,1999,train
RICE_001903,1999,train
RICE_001904,1999,train
RICE_001905,1999,train
RICE_001906,1999,train
RICE_001907,1999,train
RICE_001908,1999,train
RICE_001909,1999,train
RICE_001910,1999,train
RICE_001911,1999,train
RICE_001912,1999,train
RICE_001913,1999,train
RICE_001914,1999,train
RICE_001915,1999,train
RICE_001916,1999,train
RICE_001917,1999,train
RICE_001918,1999,train
RICE_001919,1999,train
RICE_001920,1999,train
RICE_001921,1999,train
RICE_001922,1999,train
RICE_001923,1999,train
RICE_001924,1999,train
RICE_001925,1999,train
RICE_001926,1999,train
RICE_001927,1999,train
RICE_001928,1999,train
RICE_001929,1999,train
RICE_001930,1999,train
RICE_001931,1999,train
RICE_001932,1999,train
RICE_001933,1999,train
RICE_001934,1999,train
RICE_001935,1999,train
RICE_001936,1999,train
RICE_001937,1999,train
RICE_001938,1999,train
RICE_001939,1999,train
RICE_001940,1999,train
RICE_001941,1999,train
RICE_001942,1999,train
RICE_001943,1999,train
RICE_001944,1999,train
RICE_001945,1999,train
RICE_001946,1999,train
RICE_001947,1999,train
RICE_001948,1999,train
RICE_001949,1999,train
RICE_001950,1999,train
RICE_001951,1999,train
RICE_001952,1999,train
RICE_001953,1999,train
RICE_001954,1999,train
RICE_001955,1999,train
RICE_001956,1999,train
RICE_001957,1999,train
RICE_001958,1999,train
RICE_001959,1999,train
RICE_001960,1999,train
RICE_001961,1999,train
RICE_001962,1999,train
RICE_001963,1999,train
RICE_001964,1999,train
RICE_001965,1999,train
RICE_001966,1999,train
RICE_001967,1999,train
RICE_001968,1999,train
RICE_001969,1999,train
RICE_001970,1999,train
RICE_001971,1999,train
RICE_001972,1999,train
RICE_001973,1999,train
RICE_001974,1999,train
RICE_001975,1999,train
RICE_001976,1999,train
RICE_001977,1999,train
RICE_001978,1999,train
RICE_001979,1999,train
RICE_001980,1999,train
RICE_001981,1999,train
RICE_001982,1999,train
RICE_001983,1999,train
RICE_001984,1999,train
RICE_001985,1999,train
RICE_001986,1999,train
RICE_001987,1999,train
RICE_001988,1999,train
RICE_001989,1999,train
RICE_001990,1999,train
RICE_001991,1999,train
RICE_001992,1999,train
RICE_001993,1999,train
RICE_001994,1999,train
RICE_001995,1999,train
RICE_001996,1999,train
RICE_001997,1999,train
RICE_001998,1999,train
RICE_001999,1999,train
RICE_002000,1999,train
RICE_002001,1999,train
RICE_002002,1999,train
RICE_002003,1999,train
RICE_002004,1999,train
RICE_002005,1999,train
RICE_002006,1999,train
RICE_002007,1999,train
RICE_002008,1999,train
RICE_002009,1999,train
RICE_002010,1999,train
RICE_002011,1999,train
RICE_002012,1999,train
RICE_002013,1999,train
RICE_002014,1999,train
RICE_002015,1999,train
RICE_002016,1999,train
RICE_002017,1999,train
RICE_002018,1999,train
RICE_002019,1999,train
RICE_002020,1999,train
RICE_002021,1999,train
RICE_002022,1999,train
RICE_002023,1999,train
RICE_002024,1999,train
RICE_002025,1999,train
RICE_002026,1999,train
RICE_002027,1999,train
RICE_002028,1999,train
RICE_002029,1999,train
RICE_002030,1999,train
RICE_002031,1999,train
RICE_002032,1999,train
RICE_002033,1999,train
RICE_002034,1999,train
RICE_002035,1999,train
RICE_002036,1999,train
RICE_002037,1999,train
RICE_002038,1999,train
RICE_002039,1999,train
RICE_002040,1999,train
RICE_002041,1999,train
RICE_002042,1999,train
RICE_002043,1999,train
RICE_002044,1999,train
RICE_002045,1999,train
RICE_002046,1999,train
RICE_002047,1999,train
RICE_002048,1999,train
RICE_002049,1999,train
RICE_002050,1999,train
RICE_002051,1999,train
RICE_002052,1999,train
RICE_002053,1999,train
RICE_002054,1999,train
RICE_002055,1999,train
RICE_002056,1999,train
RICE_002057,1999,train
RICE_002058,1999,train
RICE_002059,1999,train
RICE_002060,1999,train
RICE_002061,1999,train
RICE_002062,1999,train
RICE_002063,1999,train
RICE_002064,1999,train
RICE_002065,1999,train
RICE_002066,1999,train
RICE_002067,1999,train
RICE_002068,1999,train
RICE_002069,1999,train
RICE_002070,1999,train
RICE_002071,1999,train
RICE_002072,1999,train
RICE_002073,1999,train
RICE_002074,1999,train
RICE_002075,1999,train
RICE_002076,1999,train
RICE_002077,1999,train
RICE_002078,1999,train
RICE_002079,1999,train
RICE_002080,1999,train
RICE_002081,1999,train
RICE_002082,1999,train
RICE_002083,1999,train
RICE_002084,1999,train
RICE_002085,1999,train
RICE_002086,1999,train
RICE_002087,1999,train
RICE_002088,1999,train
RICE_002089,1999,train
RICE_002090,1999,train
RICE_002091,1999,train
RICE_002092,1999,train
RICE_002093,1999,train
RICE_002094,1999,train
RICE_002095,1999,train
RICE_002096,1999,train
RICE_002097,1999,train
RICE_002098,1999,train
RICE_002099,1999,train
RICE_002100,1999,train
RICE_002101,1999,train
RICE_002102,1999,train
RICE_002103,1999,train
RICE_002104,1999,train
RICE_002105,1999,train
RICE_002106,1999,train
RICE_002107,1999,train
RICE_002108,1999,train
RICE_002109,1999,train
RICE_002110,1999,train
RICE_002111,1999,train
RICE_002112,1999,train
RICE_002113,1999,train
RICE_002114,1999,train
RICE_002115,1999,train
RICE_002116,1999,train
RICE_002117,1999,train
RICE_002118,1999,train
RICE_002119,1999,train
RICE_002120,1999,train
RICE_002121,1999,train
RICE_002122,1999,train
RICE_002123,1999,train
RICE_002124,1999,train
RICE_002125,1999,train
RICE_002126,1999,train
RICE_002127,1999,train
RICE_002128,1999,train
RICE_002129,1999,train
RICE_002130,1999,train
RICE_002131,1999,train
RICE_002132,1999,train
RICE_002133,1999,train
RICE_002134,1999,train
RICE_002135,1999,train
RICE_002136,1999,train
RICE_002137,1999,train
RICE_002138,1999,train
RICE_002139,1999,train
RICE_002140,1999,train
RICE_002141,1999,train
RICE_002142,1999,train
RICE_002143,1999,train
RICE_002144,1999,train
RICE_002145,1999,train
RICE_002146,1999,train
RICE_002147,1999,train
RICE_002148,1999,train
RICE_002149,1999,train
RICE_002150,1999,train
RICE_002151,1999,train
RICE_002152,1999,train
RICE_002153,1999,train
RICE_002154,1999,train
RICE_002155,1999,train
RICE_002156,1999,train
RICE_002157,1999,train
RICE_002158,1999,train
RICE_002159,1999,train
RICE_002160,1999,train
RICE_002161,1999,train
RICE_002162,1999,train
RICE_002163,1999,train
RICE_002164,1999,train
RICE_002165,1999,train
RICE_002166,1999,train
RICE_002167,1999,train
RICE_002168,1999,train
RICE_002169,1999,train
RICE_002170,1999,train
RICE_002171,1999,train
RICE_002172,1999,train
RICE_002173,1999,train
RICE_002174,1999,train
RICE_002175,1999,train
RICE_002176,1999,train
RICE_002177,1999,train
RICE_002178,1999,train
RICE_002179,1999,train
RICE_002180,1999,train
RICE_002181,1999,train
RICE_002182,1999,train
RICE_002183,1999,train
RICE_002184,1999,train
RICE_002185,1999,train
RICE_002186,1999,train
RICE_002187,1999,train
RICE_002188,1999,train
RICE_002189,1999,train
RICE_002190,2000,train
RICE_002191,2000,train
RICE_002192,2000,train
RICE_002193,2000,train
RICE_002194,2000,train
RICE_002195,2000,train
RICE_002196,2000,train
RICE_002197,2000,train
RICE_002198,2000,train
RICE_002199,2000,train
RICE_002200,2000,train
RICE_002201,2000,train
RICE_002202,2000,train
RICE_002203,2000,train
RICE_002204,2000,train
RICE_002205,2000,train
RICE_002206,2000,train
RICE_002207,2000,train
RICE_002208,2000,train
RICE_002209,2000,train
RICE_002210,2000,train
RICE_002211,2000,train
RICE_002212,2000,train
RICE_002213,2000,train
RICE_002214,2000,train
RICE_002215,2000,train
RICE_002216,2000,train
RICE_002217,2000,train
RICE_002218,2000,train
RICE_002219,2000,train
RICE_002220,2000,train
RICE_002221,2000,train
RICE_002222,2000,train
RICE_002223,2000,train
RICE_002224,2000,train
RICE_002225,2000,train
RICE_002226,2000,train
RICE_002227,2000,train
RICE_002228,2000,train
RICE_002229,2000,train
RICE_002230,2000,train
RICE_002231,2000,train
RICE_002232,2000,train
RICE_002233,2000,train
RICE_002234,2000,train
RICE_002235,2000,train
RICE_002236,2000,train
RICE_002237,2000,train
RICE_002238,2000,train
RICE_002239,2000,train
RICE_002240,2000,train
RICE_002241,2000,train
RICE_002242,2000,train
RICE_002243,2000,train
RICE_002244,2000,train
RICE_002245,2000,train
RICE_002246,2000,train
RICE_002247,2000,train
RICE_002248,2000,train
RICE_002249,2000,train
RICE_002250,2000,train
RICE_002251,2000,train
RICE_002252,2000,train
RICE_002253,2000,train
RICE_002254,2000,train
RICE_002255,2000,train
RICE_002256,2000,train
RICE_002257,2000,train
RICE_002258,2000,train
RICE_002259,2000,train
RICE_002260,2000,train
RICE_002261,2000,train
RICE_002262,2000,train
RICE_002263,2000,train
RICE_002264,2000,train
RICE_002265,2000,train
RICE_002266,2000,train
RICE_002267,2000,train
RICE_002268,2000,train
RICE_002269,2000,train
RICE_002270,2000,train
RICE_002271,2000,train
RICE_002272,2000,train
RICE_002273,2000,train
RICE_002274,2000,train
RICE_002275,2000,train
RICE_002276,2000,train
RICE_002277,2000,train
RICE_002278,2000,train
RICE_002279,2000,train
RICE_002280,2000,train
RICE_002281,2000,train
RICE_002282,2000,train
RICE_002283,2000,train
RICE_002284,2000,train
RICE_002285,2000,train
RICE_002286,2000,train
RICE_002287,2000,train
RICE_002288,2000,train
RICE_002289,2000,train
RICE_002290,2000,train
RICE_002291,2000,train
RICE_002292,2000,train
RICE_002293,2000,train
RICE_002294,2000,train
RICE_002295,2000,train
RICE_002296,2000,train
RICE_002297,2000,train
RICE_002298,2000,train
RICE_002299,2000,train
RICE_002300,2000,train
RICE_002301,2000,train
RICE_002302,2000,train
RICE_002303,2000,train
RICE_002304,2000,train
RICE_002305,2000,train
RICE_002306,2000,train
RICE_002307,2000,train
RICE_002308,2000,train
RICE_002309,2000,train
RICE_002310,2000,train
RICE_002311,2000,train
RICE_002312,2000,train
RICE_002313,2000,train
RICE_002314,2000,train
RICE_002315,2000,train
RICE_002316,2000,train
RICE_002317,2000,train
RICE_002318,2000,train
RICE_002319,2000,train
RICE_002320,2000,train
RICE_002321,2000,train
RICE_002322,2000,train
RICE_002323,2000,train
RICE_002324,2000,train
RICE_002325,2000,train
RICE_002326,2000,train
RICE_002327,2000,train
RICE_002328,2000,train
RICE_002329,2000,train
RICE_002330,2000,train
RICE_002331,2000,train
RICE_002332,2000,train
RICE_002333,2000,train
RICE_002334,2000,train
RICE_002335,2000,train
RICE_002336,2000,train
RICE_002337,2000,train
RICE_002338,2000,train
RICE_002339,2000,train
RICE_002340,2000,train
RICE_002341,2000,train
RICE_002342,2000,train
RICE_002343,2000,train
RICE_002344,2000,train
RICE_002345,2000,train
RICE_002346,2000,train
RICE_002347,2000,train
RICE_002348,2000,train
RICE_002349,2000,train
RICE_002350,2000,train
RICE_002351,2000,train
RICE_002352,2000,train
RICE_002353,2000,train
RICE_002354,2000,train
RICE_002355,2000,train
RICE_002356,2000,train
RICE_002357,2000,train
RICE_002358,2000,train
RICE_002359,2000,train
RICE_002360,2000,train
RICE_002361,2000,train
RICE_002362,2000,train
RICE_002363,2000,train
RICE_002364,2000,train
RICE_002365,2000,train
RICE_002366,2000,train
RICE_002367,2000,train
RICE_002368,2000,train
RICE_002369,2000,train
RICE_002370,2000,train
RICE_002371,2000,train
RICE_002372,2000,train
RICE_002373,2000,train
RICE_002374,2000,train
RICE_002375,2000,train
RICE_002376,2000,train
RICE_002377,2000,train
RICE_002378,2000,train
RICE_002379,2000,train
RICE_002380,2000,train
RICE_002381,2000,train
RICE_002382,2000,train
RICE_002383,2000,train
RICE_002384,2000,train
RICE_002385,2000,train
RICE_002386,2000,train
RICE_002387,2000,train
RICE_002388,2000,train
RICE_002389,2000,train
RICE_002390,2000,train
RICE_002391,2000,train
RICE_002392,2000,train
RICE_002393,2000,train
RICE_002394,2000,train
RICE_002395,2000,train
RICE_002396,2000,train
RICE_002397,2000,train
RICE_002398,2000,train
RICE_002399,2000,train
RICE_002400,2000,train
RICE_002401,2000,train
RICE_002402,2000,train
RICE_002403,2000,train
RICE_002404,2000,train
RICE_002405,2000,train
RICE_002406,2000,train
RICE_002407,2000,train
RICE_002408,2000,train
RICE_002409,2000,train
RICE_002410,2000,train
RICE_002411,2000,train
RICE_002412,2000,train
RICE_002413,2000,train
RICE_002414,2000,train
RICE_002415,2000,train
RICE_002416,2000,train
RICE_002417,2000,train
RICE_002418,2000,train
RICE_002419,2000,train
RICE_002420,2000,train
RICE_002421,2000,train
RICE_002422,2000,train
RICE_002423,2000,train
RICE_002424,2000,train
RICE_002425,2000,train
RICE_002426,2000,train
RICE_002427,2000,train
RICE_002428,2000,train
RICE_002429,2000,train
RICE_002430,2000,train
RICE_002431,2000,train
RICE_002432,2000,train
RICE_002433,2000,train
RICE_002434,2000,train
RICE_002435,2000,train
RICE_002436,2000,train
RICE_002437,2000,train
RICE_002438,2000,train
RICE_002439,2000,train
RICE_002440,2000,train
RICE_002441,2000,train
RICE_002442,2000,train
RICE_002443,2000,train
RICE_002444,2000,train
RICE_002445,2000,train
RICE_002446,2000,train
RICE_002447,2000,train
RICE_002448,2000,train
RICE_002449,2000,train
RICE_002450,2000,train
RICE_002451,2000,train
RICE_002452,2000,train
RICE_002453,2000,train
RICE_002454,2000,train
RICE_002455,2000,train
RICE_002456,2000,train
RICE_002457,2000,train
RICE_002458,2000,train
RICE_002459,2000,train
RICE_002460,2000,train
RICE_002461,2000,train
RICE_002462,2000,train
RICE_002463,2000,train
RICE_002464,2000,train
RICE_002465,2000,train
RICE_002466,2000,train
RICE_002467,2000,train
RICE_002468,2000,train
RICE_002469,2000,train
RICE_002470,2000,train
RICE_002471,2000,train
RICE_002472,2000,train
RICE_002473,2000,train
RICE_002474,2000,train
RICE_002475,2000,train
RICE_002476,2000,train
RICE_002477,2000,train
RICE_002478,2000,train
RICE_002479,2000,train
RICE_002480,2000,train
RICE_002481,2000,train
RICE_002482,2000,train
RICE_002483,2000,train
RICE_002484,2000,train
RICE_002485,2000,train
RICE_002486,2000,train
RICE_002487,2000,train
RICE_002488,2000,train
RICE_002489,2000,train
RICE_002490,2000,train
RICE_002491,2000,train
RICE_002492,2000,train
RICE_002493,2000,train
RICE_002494,2000,train
RICE_002495,2000,train
RICE_002496,2000,train
RICE_002497,2000,train
RICE_002498,2000,train
RICE_002499,2000,train
RICE_002500,2000,train
RICE_002501,2000,train
RICE_002502,2000,train
RICE_002503,2000,train
RICE_002504,2000,train
RICE_002505,2000,train
RICE_002506,2000,train
RICE_002507,2000,train
RICE_002508,2000,train
RICE_002509,2000,train
RICE_002510,2000,train
RICE_002511,2000,train
RICE_002512,2000,train
RICE_002513,2000,train
RICE_002514,2000,train
RICE_002515,2000,train
RICE_002516,2000,train
RICE_002517,2000,train
RICE_002518,2000,train
RICE_002519,2000,train
RICE_002520,2000,train
RICE_002521,2000,train
RICE_002522,2000,train
RICE_002523,2000,train
RICE_002524,2000,train
RICE_002525,2000,train
RICE_002526,2000,train
RICE_002527,2000,train
RICE_002528,2000,train
RICE_002529,2000,train
RICE_002530,2000,train
RICE_002531,2000,train
RICE_002532,2000,train
RICE_002533,2000,train
RICE_002534,2000,train
RICE_002535,2000,train
RICE_002536,2000,train
RICE_002537,2000,train
RICE_002538,2000,train
RICE_002539,2000,train
RICE_002540,2000,train
RICE_002541,2000,train
RICE_002542,2000,train
RICE_002543,2000,train
RICE_002544,2000,train
RICE_002545,2000,train
RICE_002546,2000,train
RICE_002547,2000,train
RICE_002548,2000,train
RICE_002549,2000,train
RICE_002550,2000,train
RICE_002551,2000,train
RICE_002552,2000,train
RICE_002553,2000,train
RICE_002554,2000,train
RICE_002555,2000,train
RICE_002556,2000,train
RICE_002557,2000,train
RICE_002558,2000,train
RICE_002559,2000,train
RICE_002560,2000,train
RICE_002561,2000,train
RICE_002562,2000,train
RICE_002563,2000,train
RICE_002564,2000,train
RICE_002565,2000,train
RICE_002566,2000,train
RICE_002567,2000,train
RICE_002568,2000,train
RICE_002569,2000,train
RICE_002570,2000,train
RICE_002571,2000,train
RICE_002572,2000,train
RICE_002573,2000,train
RICE_002574,2000,train
RICE_002575,2000,train
RICE_002576,2000,train
RICE_002577,2000,train
RICE_002578,2000,train
RICE_002579,2000,train
RICE_002580,2000,train
RICE_002581,2000,train
RICE_002582,2000,train
RICE_002583,2000,train
RICE_002584,2000,train
RICE_002585,2000,train
RICE_002586,2000,train
RICE_002587,2000,train
RICE_002588,2000,train
RICE_002589,2000,train
RICE_002590,2000,train
RICE_002591,2000,train
RICE_002592,2000,train
RICE_002593,2000,train
RICE_002594,2000,train
RICE_002595,2000,train
RICE_002596,2000,train
RICE_002597,2000,train
RICE_002598,2000,train
RICE_002599,2000,train
RICE_002600,2000,train
RICE_002601,2000,train
RICE_002602,2000,train
RICE_002603,2000,train
RICE_002604,2000,train
RICE_002605,2000,train
RICE_002606,2000,train
RICE_002607,2000,train
RICE_002608,2000,train
RICE_002609,2000,train
RICE_002610,2000,train
RICE_002611,2000,train
RICE_002612,2000,train
RICE_002613,2000,train
RICE_002614,2000,train
RICE_002615,2000,train
RICE_002616,2000,train
RICE_002617,2000,train
RICE_002618,2000,train
RICE_002619,2000,train
RICE_002620,2000,train
RICE_002621,2000,train
RICE_002622,2000,train
RICE_002623,2000,train
RICE_002624,2000,train
RICE_002625,2000,train
RICE_002626,2000,train
RICE_002627,2000,train
RICE_002628,2000,train
RICE_002629,2000,train
RICE_002630,2000,train
RICE_002631,2000,train
RICE_002632,2000,train
RICE_002633,2000,train
RICE_002634,2000,train
RICE_002635,2000,train
RICE_002636,2000,train
RICE_002637,2000,train
RICE_002638,2000,train
RICE_002639,2000,train
RICE_002640,2000,train
RICE_002641,2000,train
RICE_002642,2000,train
RICE_002643,2000,train
RICE_002644,2000,train
RICE_002645,2000,train
RICE_002646,2000,train
RICE_002647,2000,train
RICE_002648,2000,train
RICE_002649,2000,train
RICE_002650,2000,train
RICE_002651,2000,train
RICE_002652,2000,train
RICE_002653,2000,train
RICE_002654,2000,train
RICE_002655,2000,train
RICE_002656,2000,train
RICE_002657,2000,train
RICE_002658,2000,train
RICE_002659,2000,train
RICE_002660,2000,train
RICE_002661,2000,train
RICE_002662,2000,train
RICE_002663,2000,train
RICE_002664,2000,train
RICE_002665,2000,train
RICE_002666,2000,train
RICE_002667,2000,train
RICE_002668,2000,train
RICE_002669,2000,train
RICE_002670,2000,train
RICE_002671,2000,train
RICE_002672,2000,train
RICE_002673,2000,train
RICE_002674,2000,train
RICE_002675,2000,train
RICE_002676,2000,train
RICE_002677,2000,train
RICE_002678,2000,train
RICE_002679,2000,train
RICE_002680,2000,train
RICE_002681,2000,train
RICE_002682,2000,train
RICE_002683,2000,train
RICE_002684,2000,train
RICE_002685,2000,train
RICE_002686,2000,train
RICE_002687,2000,train
RICE_002688,2000,train
RICE_002689,2000,train
RICE_002690,2000,train
RICE_002691,2000,train
RICE_002692,2000,train
RICE_002693,2000,train
RICE_002694,2000,train
RICE_002695,2000,train
RICE_002696,2000,train
RICE_002697,2000,train
RICE_002698,2000,train
RICE_002699,2000,train
RICE_002700,2000,train
RICE_002701,2000,train
RICE_002702,2000,train
RICE_002703,2000,train
RICE_002704,2000,train
RICE_002705,2000,train
RICE_002706,2000,train
RICE_002707,2000,train
RICE_002708,2000,train
RICE_002709,2000,train
RICE_002710,2000,train
RICE_002711,2000,train
RICE_002712,2000,train
RICE_002713,2000,train
RICE_002714,2000,train
RICE_002715,2000,train
RICE_002716,2000,train
RICE_002717,2000,train
RICE_002718,2000,train
RICE_002719,2000,train
RICE_002720,2000,train
RICE_002721,2000,train
RICE_002722,2000,train
RICE_002723,2000,train
RICE_002724,2000,train
RICE_002725,2000,train
RICE_002726,2000,train
RICE_002727,2000,train
RICE_002728,2000,train
RICE_002729,2000,train
RICE_002730,2000,train
RICE_002731,2000,train
RICE_002732,2000,train
RICE_002733,2000,train
RICE_002734,2000,train
RICE_002735,2000,train
RICE_002736,2000,train
RICE_002737,2000,train
RICE_002738,2000,train
RICE_002739,2000,train
RICE_002740,2000,train
RICE_002741,2000,train
RICE_002742,2000,train
RICE_002743,2000,train
RICE_002744,2000,train
RICE_002745,2000,train
RICE_002746,2000,train
RICE_002747,2000,train
RICE_002748,2000,train
RICE_002749,2000,train
RICE_002750,2000,train
RICE_002751,2000,train
RICE_002752,2000,train
RICE_002753,2000,train
RICE_002754,2000,train
RICE_002755,2000,train
RICE_002756,2000,train
RICE_002757,2000,train
RICE_002758,2000,train
RICE_002759,2000,train
RICE_002760,2000,train
RICE_002761,2000,train
RICE_002762,2000,train
RICE_002763,2000,train
RICE_002764,2000,train
RICE_002765,2000,train
RICE_002766,2000,train
RICE_002767,2000,train
RICE_002768,2000,train
RICE_002769,2000,train
RICE_002770,2000,train
RICE_002771,2000,train
RICE_002772,2000,train
RICE_002773,2000,train
RICE_002774,2000,train
RICE_002775,2000,train
RICE_002776,2000,train
RICE_002777,2000,train
RICE_002778,2000,train
RICE_002779,2000,train
RICE_002780,2000,train
RICE_002781,2000,train
RICE_002782,2000,train
RICE_002783,2000,train
RICE_002784,2000,train
RICE_002785,2000,train
RICE_002786,2000,train
RICE_002787,2000,train
RICE_002788,2000,train
RICE_002789,2000,train
RICE_002790,2000,train
RICE_002791,2000,train
RICE_002792,2000,train
RICE_002793,2000,train
RICE_002794,2000,train
RICE_002795,2000,train
RICE_002796,2000,train
RICE_002797,2000,train
RICE_002798,2000,train
RICE_002799,2000,train
RICE_002800,2000,train
RICE_002801,2000,train
RICE_002802,2000,train
RICE_002803,2000,train
RICE_002804,2000,train
RICE_002805,2000,train
RICE_002806,2000,train
RICE_002807,2000,train
RICE_002808,2000,train
RICE_002809,2000,train
RICE_002810,2000,train
RICE_002811,2000,train
RICE_002812,2000,train
RICE_002813,2000,train
RICE_002814,2000,train
RICE_002815,2000,train
RICE_002816,2000,train
RICE_002817,2000,train
RICE_002818,2000,train
RICE_002819,2000,train
RICE_002820,2000,train
RICE_002821,2000,train
RICE_002822,2000,train
RICE_002823,2000,train
RICE_002824,2000,train
RICE_002825,2000,train
RICE_002826,2000,train
RICE_002827,2000,train
RICE_002828,2000,train
RICE_002829,2000,train
RICE_002830,2000,train
RICE_002831,2000,train
RICE_002832,2000,train
RICE_002833,2000,train
RICE_002834,2000,train
RICE_002835,2000,train
RICE_002836,2000,train
RICE_002837,2000,train
RICE_002838,2000,train
RICE_002839,2000,train
RICE_002840,2000,train
RICE_002841,2000,train
RICE_002842,2000,train
RICE_002843,2000,train
RICE_002844,2000,train
RICE_002845,2000,train
RICE_002846,2000,train
RICE_002847,2000,train
RICE_002848,2000,train
RICE_002849,2000,train
RICE_002850,2000,train
RICE_002851,2000,train
RICE_002852,2000,train
RICE_002853,2000,train
RICE_002854,2000,train
RICE_002855,2000,train
RICE_002856,2000,train
RICE_002857,2000,train
RICE_002858,2000,train
RICE_002859,2000,train
RICE_002860,2000,train
RICE_002861,2000,train
RICE_002862,2000,train
RICE_002863,2000,train
RICE_002864,2000,train
RICE_002865,2000,train
RICE_002866,2000,train
RICE_002867,2000,train
RICE_002868,2000,train
RICE_002869,2000,train
RICE_002870,2000,train
RICE_002871,2000,train
RICE_002872,2000,train
RICE_002873,2000,train
RICE_002874,2000,train
RICE_002875,2000,train
RICE_002876,2000,train
RICE_002877,2000,train
RICE_002878,2000,train
RICE_002879,2000,train
RICE_002880,2000,train
RICE_002881,2000,train
RICE_002882,2000,train
RICE_002883,2000,train
RICE_002884,2000,train
RICE_002885,2000,train
RICE_002886,2000,train
RICE_002887,2000,train
RICE_002888,2000,train
RICE_002889,2000,train
RICE_002890,2000,train
RICE_002891,2000,train
RICE_002892,2000,train
RICE_002893,2000,train
RICE_002894,2000,train
RICE_002895,2000,train
RICE_002896,2000,train
RICE_002897,2000,train
RICE_002898,2000,train
RICE_002899,2000,train
RICE_002900,2000,train
RICE_002901,2000,train
RICE_002902,2000,train
RICE_002903,2000,train
RICE_002904,2000,train
RICE_002905,2000,train
RICE_002906,2000,train
RICE_002907,2000,train
RICE_002908,2000,train
RICE_002909,2000,train
RICE_002910,2000,train
RICE_002911,2000,train
RICE_002912,2000,train
RICE_002913,2000,train
RICE_002914,2000,train
RICE_002915,2000,train
RICE_002916,2000,train
RICE_002917,2000,train
RICE_002918,2000,train
RICE_002919,2000,train
RICE_002920,2000,train
RICE_002921,2000,train
RICE_002922,2000,train
RICE_002923,2000,train
RICE_002924,2000,train
RICE_002925,2000,train
RICE_002926,2000,train
RICE_002927,2000,train
RICE_002928,2000,train
RICE_002929,2000,train
RICE_002930,2000,train
RICE_002931,2000,train
RICE_002932,2000,train
RICE_002933,2000,train
RICE_002934,2000,train
RICE_002935,2000,train
RICE_002936,2000,train
RICE_002937,2000,train
RICE_002938,2000,train
RICE_002939,2000,train
RICE_002940,2000,train
RICE_002941,2000,train
RICE_002942,2000,train
RICE_002943,2000,train
RICE_002944,2000,train
RICE_002945,2000,train
RICE_002946,2000,train
RICE_002947,2000,train
RICE_002948,2000,train
RICE_002949,2000,train
RICE_002950,2000,train
RICE_002951,2000,train
RICE_002952,2000,train
RICE_002953,2000,train
RICE_002954,2000,train
RICE_002955,2000,train
RICE_002956,2000,train
RICE_002957,2000,train
RICE_002958,2000,train
RICE_002959,2000,train
RICE_002960,2000,train
RICE_002961,2000,train
RICE_002962,2000,train
RICE_002963,2000,train
RICE_002964,2000,train
RICE_002965,2000,train
RICE_002966,2000,train
RICE_002967,2000,train
RICE_002968,2000,train
RICE_002969,2000,train
RICE_002970,2000,train
RICE_002971,2000,train
RICE_002972,2000,train
RICE_002973,2000,train
RICE_002974,2000,train
RICE_002975,2000,train
RICE_002976,2000,train
RICE_002977,2000,train
RICE_002978,2000,train
RICE_002979,2000,train
RICE_002980,2000,train
RICE_002981,2000,train
RICE_002982,2000,train
RICE_002983,2000,train
RICE_002984,2000,train
RICE_002985,2000,train
RICE_002986,2000,train
RICE_002987,2000,train
RICE_002988,2000,train
RICE_002989,2000,train
RICE_002990,2000,train
RICE_002991,2000,train
RICE_002992,2000,train
RICE_002993,2000,train
RICE_002994,2000,train
RICE_002995,2000,train
RICE_002996,2000,train
RICE_002997,2000,train
RICE_002998,2000,train
RICE_002999,2000,train
RICE_003000,2000,train
RICE_003001,2000,train
RICE_003002,2000,train
RICE_003003,2000,train
RICE_003004,2000,train
RICE_003005,2000,train
RICE_003006,2000,train
RICE_003007,2000,train
RICE_003008,2000,train
RICE_003009,2000,train
RICE_003010,2000,train
RICE_003011,2000,train
RICE_003012,2000,train
RICE_003013,2000,train
RICE_003014,2000,train
RICE_003015,2000,train
RICE_003016,2000,train
RICE_003017,2000,train
RICE_003018,2000,train
RICE_003019,2000,train
RICE_003020,2000,train
RICE_003021,2000,train
RICE_003022,2000,train
RICE_003023,2000,train
RICE_003024,2000,train
RICE_003025,2000,train
RICE_003026,2000,train
RICE_003027,2000,train
RICE_003028,2000,train
RICE_003029,2000,train
RICE_003030,2000,train
RICE_003031,2000,train
RICE_003032,2000,train
RICE_003033,2000,train
RICE_003034,2000,train
RICE_003035,2000,train
RICE_003036,2000,train
RICE_003037,2000,train
RICE_003038,2000,train
RICE_003039,2000,train
RICE_003040,2000,train
RICE_003041,2000,train
RICE_003042,2000,train
RICE_003043,2000,train
RICE_003044,2000,train
RICE_003045,2000,train
RICE_003046,2000,train
RICE_003047,2000,train
RICE_003048,2000,train
RICE_003049,2000,train
RICE_003050,2001,train
RICE_003051,2001,train
RICE_003052,2001,train
RICE_003053,2001,train
RICE_003054,2001,train
RICE_003055,2001,train
RICE_003056,2001,train
RICE_003057,2001,train
RICE_003058,2001,train
RICE_003059,2001,train
RICE_003060,2001,train
RICE_003061,2001,train
RICE_003062,2001,train
RICE_003063,2001,train
RICE_003064,2001,train
RICE_003065,2001,train
RICE_003066,2001,train
RICE_003067,2001,train
RICE_003068,2001,train
RICE_003069,2001,train
RICE_003070,2001,train
RICE_003071,2001,train
RICE_003072,2001,train
RICE_003073,2001,train
RICE_003074,2001,train
RICE_003075,2001,train
RICE_003076,2001,train
RICE_003077,2001,train
RICE_003078,2001,train
RICE_003079,2001,train
RICE_003080,2001,train
RICE_003081,2001,train
RICE_003082,2001,train
RICE_003083,2001,train
RICE_003084,2001,train
RICE_003085,2001,train
RICE_003086,2001,train
RICE_003087,2001,train
RICE_003088,2001,train
RICE_003089,2001,train
RICE_003090,2001,train
RICE_003091,2001,train
RICE_003092,2001,train
RICE_003093,2001,train
RICE_003094,2001,train
RICE_003095,2001,train
RICE_003096,2001,train
RICE_003097,2001,train
RICE_003098,2001,train
RICE_003099,2001,train
RICE_003100,2001,train
RICE_003101,2001,train
RICE_003102,2001,train
RICE_003103,2001,train
RICE_003104,2001,train
RICE_003105,2001,train
RICE_003106,2001,train
RICE_003107,2001,train
RICE_003108,2001,train
RICE_003109,2001,train
RICE_003110,2001,train
RICE_003111,2001,train
RICE_003112,2001,train
RICE_003113,2001,train
RICE_003114,2001,train
RICE_003115,2001,train
RICE_003116,2001,train
RICE_003117,2001,train
RICE_003118,2001,train
RICE_003119,2001,train
RICE_003120,2001,train
RICE_003121,2001,train
RICE_003122,2001,train
RICE_003123,2001,train
RICE_003124,2001,train
RICE_003125,2001,train
RICE_003126,2001,train
RICE_003127,2001,train
RICE_003128,2001,train
RICE_003129,2001,train
RICE_003130,2001,train
RICE_003131,2001,train
RICE_003132,2001,train
RICE_003133,2001,train
RICE_003134,2001,train
RICE_003135,2001,train
RICE_003136,2001,train
RICE_003137,2001,train
RICE_003138,2001,train
RICE_003139,2001,train
RICE_003140,2001,train
RICE_003141,2001,train
RICE_003142,2001,train
RICE_003143,2001,train
RICE_003144,2001,train
RICE_003145,2001,train
RICE_003146,2001,train
RICE_003147,2001,train
RICE_003148,2001,train
RICE_003149,2001,train
RICE_003150,2001,train
RICE_003151,2001,train
RICE_003152,2001,train
RICE_003153,2001,train
RICE_003154,2001,train
RICE_003155,2001,train
RICE_003156,2001,train
RICE_003157,2001,train
RICE_003158,2001,train
RICE_003159,2001,train
RICE_003160,2001,train
RICE_003161,2001,train
RICE_003162,2001,train
RICE_003163,2001,train
RICE_003164,2001,train
RICE_003165,2001,train
RICE_003166,2001,train
RICE_003167,2001,train
RICE_003168,2001,train
RICE_003169,2001,train
RICE_003170,2001,train
RICE_003171,2001,train
RICE_003172,2001,train
RICE_003173,2001,train
RICE_003174,2001,train
RICE_003175,2001,train
RICE_003176,2001,train
RICE_003177,2001,train
RICE_003178,2001,train
RICE_003179,2001,train
RICE_003180,2001,train
RICE_003181,2001,train
RICE_003182,2001,train
RICE_003183,2001,train
RICE_003184,2001,train
RICE_003185,2001,train
RICE_003186,2001,train
RICE_003187,2001,train
RICE_003188,2001,train
RICE_003189,2001,train
RICE_003190,2001,train
RICE_003191,2001,train
RICE_003192,2001,train
RICE_003193,2001,train
RICE_003194,2001,train
RICE_003195,2001,train
RICE_003196,2001,train
RICE_003197,2001,train
RICE_003198,2001,train
RICE_003199,2001,train
RICE_003200,2001,train
RICE_003201,2001,train
RICE_003202,2001,train
RICE_003203,2001,train
RICE_003204,2001,train
RICE_003205,2001,train
RICE_003206,2001,train
RICE_003207,2001,train
RICE_003208,2001,train
RICE_003209,2001,train
RICE_003210,2001,train
RICE_003211,2001,train
RICE_003212,2001,train
RICE_003213,2001,train
RICE_003214,2001,train
RICE_003215,2001,train
RICE_003216,2001,train
RICE_003217,2001,train
RICE_003218,2001,train
RICE_003219,2001,train
RICE_003220,2001,train
RICE_003221,2001,train
RICE_003222,2001,train
RICE_003223,2001,train
RICE_003224,2001,train
RICE_003225,2001,train
RICE_003226,2001,train
RICE_003227,2001,train
RICE_003228,2001,train
RICE_003229,2001,train
RICE_003230,2001,train
RICE_003231,2001,train
RICE_003232,2001,train
RICE_003233,2001,train
RICE_003234,2001,train
RICE_003235,2001,train
RICE_003236,2001,train
RICE_003237,2001,train
RICE_003238,2001,train
RICE_003239,2001,train
RICE_003240,2001,train
RICE_003241,2001,train
RICE_003242,2001,train
RICE_003243,2001,train
RICE_003244,2001,train
RICE_003245,2001,train
RICE_003246,2001,train
RICE_003247,2001,train
RICE_003248,2001,train
RICE_003249,2001,train
RICE_003250,2001,train
RICE_003251,2001,train
RICE_003252,2001,train
RICE_003253,2001,train
RICE_003254,2001,train
RICE_003255,2001,train
RICE_003256,2001,train
RICE_003257,2001,train
RICE_003258,2001,train
RICE_003259,2001,train
RICE_003260,2001,train
RICE_003261,2001,train
RICE_003262,2001,train
RICE_003263,2001,train
RICE_003264,2001,train
RICE_003265,2001,train
RICE_003266,2001,train
RICE_003267,2001,train
RICE_003268,2001,train
RICE_003269,2001,train
RICE_003270,2001,train
RICE_003271,2001,train
RICE_003272,2001,train
RICE_003273,2001,train
RICE_003274,2001,train
RICE_003275,2001,train
RICE_003276,2001,train
RICE_003277,2001,train
RICE_003278,2001,train
RICE_003279,2001,train
RICE_003280,2001,train
RICE_003281,2001,train
RICE_003282,2001,train
RICE_003283,2001,train
RICE_003284,2001,train
RICE_003285,2001,train
RICE_003286,2001,train
RICE_003287,2001,train
RICE_003288,2001,train
RICE_003289,2001,train
RICE_003290,2001,train
RICE_003291,2001,train
RICE_003292,2001,train
RICE_003293,2001,train
RICE_003294,2001,train
RICE_003295,2001,train
RICE_003296,2001,train
RICE_003297,2001,train
RICE_003298,2001,train
RICE_003299,2001,train
RICE_003300,2001,train
RICE_003301,2001,train
RICE_003302,2001,train
RICE_003303,2001,train
RICE_003304,2001,train
RICE_003305,2001,train
RICE_003306,2001,train
RICE_003307,2001,train
RICE_003308,2001,train
RICE_003309,2001,train
RICE_003310,2001,train
RICE_003311,2001,train
RICE_003312,2001,train
RICE_003313,2001,train
RICE_003314,2001,train
RICE_003315,2001,train
RICE_003316,2001,train
RICE_003317,2001,train
RICE_003318,2001,train
RICE_003319,2001,train
RICE_003320,2001,train
RICE_003321,2001,train
RICE_003322,2001,train
RICE_003323,2001,train
RICE_003324,2001,train
RICE_003325,2001,train
RICE_003326,2001,train
RICE_003327,2001,train
RICE_003328,2001,train
RICE_003329,2001,train
RICE_003330,2001,train
RICE_003331,2001,train
RICE_003332,2001,train
RICE_003333,2001,train
RICE_003334,2001,train
RICE_003335,2001,train
RICE_003336,2001,train
RICE_003337,2001,train
RICE_003338,2001,train
RICE_003339,2001,train
RICE_003340,2001,train
RICE_003341,2001,train
RICE_003342,2001,train
RICE_003343,2001,train
RICE_003344,2001,train
RICE_003345,2001,train
RICE_003346,2001,train
RICE_003347,2001,train
RICE_003348,2001,train
RICE_003349,2001,train
RICE_003350,2001,train
RICE_003351,2001,train
RICE_003352,2001,train
RICE_003353,2001,train
RICE_003354,2001,train
RICE_003355,2001,train
RICE_003356,2001,train
RICE_003357,2001,train
RICE_003358,2001,train
RICE_003359,2001,train
RICE_003360,2001,train
RICE_003361,2001,train
RICE_003362,2001,train
RICE_003363,2001,train
RICE_003364,2001,train
RICE_003365,2001,train
RICE_003366,2001,train
RICE_003367,2001,train
RICE_003368,2001,train
RICE_003369,2001,train
RICE_003370,2001,train
RICE_003371,2001,train
RICE_003372,2001,train
RICE_003373,2001,train
RICE_003374,2001,train
RICE_003375,2001,train
RICE_003376,2001,train
RICE_003377,2001,train
RICE_003378,2001,train
RICE_003379,2001,train
RICE_003380,2001,train
RICE_003381,2001,train
RICE_003382,2001,train
RICE_003383,2001,train
RICE_003384,2001,train
RICE_003385,2001,train
RICE_003386,2001,train
RICE_003387,2001,train
RICE_003388,2001,train
RICE_003389,2001,train
RICE_003390,2001,train
RICE_003391,2001,train
RICE_003392,2001,train
RICE_003393,2001,train
RICE_003394,2001,train
RICE_003395,2001,train
RICE_003396,2001,train
RICE_003397,2001,train
RICE_003398,2001,train
RICE_003399,2001,train
RICE_003400,2001,train
RICE_003401,2001,train
RICE_003402,2001,train
RICE_003403,2001,train
RICE_003404,2001,train
RICE_003405,2001,train
RICE_003406,2001,train
RICE_003407,2001,train
RICE_003408,2001,train
RICE_003409,2001,train
RICE_003410,2001,train
RICE_003411,2001,train
RICE_003412,2001,train
RICE_003413,2001,train
RICE_003414,2001,train
RICE_003415,2001,train
RICE_003416,2001,train
RICE_003417,2001,train
RICE_003418,2001,train
RICE_003419,2001,train
RICE_003420,2001,train
RICE_003421,2001,train
RICE_003422,2001,train
RICE_003423,2001,train
RICE_003424,2001,train
RICE_003425,2001,train
RICE_003426,2001,train
RICE_003427,2001,train
RICE_003428,2001,train
RICE_003429,2001,train
RICE_003430,2001,train
RICE_003431,2001,train
RICE_003432,2001,train
RICE_003433,2001,train
RICE_003434,2001,train
RICE_003435,2001,train
RICE_003436,2001,train
RICE_003437,2001,train
RICE_003438,2001,train
RICE_003439,2001,train
RICE_003440,2001,train
RICE_003441,2001,train
RICE_003442,2001,train
RICE_003443,2001,train
RICE_003444,2001,train
RICE_003445,2001,train
RICE_003446,2001,train
RICE_003447,2001,train
RICE_003448,2001,train
RICE_003449,2001,train
RICE_003450,2001,train
RICE_003451,2001,train
RICE_003452,2001,train
RICE_003453,2001,train
RICE_003454,2001,train
RICE_003455,2001,train
RICE_003456,2001,train
RICE_003457,2001,train
RICE_003458,2001,train
RICE_003459,2001,train
RICE_003460,2001,train
RICE_003461,2001,train
RICE_003462,2001,train
RICE_003463,2001,train
RICE_003464,2001,train
RICE_003465,2001,train
RICE_003466,2001,train
RICE_003467,2001,train
RICE_003468,2001,train
RICE_003469,2001,train
RICE_003470,2001,train
RICE_003471,2001,train
RICE_003472,2001,train
RICE_003473,2001,train
RICE_003474,2001,train
RICE_003475,2001,train
RICE_003476,2001,train
RICE_003477,2001,train
RICE_003478,2001,train
RICE_003479,2001,train
RICE_003480,2001,train
RICE_003481,2001,train
RICE_003482,2001,train
RICE_003483,2001,train
RICE_003484,2001,train
RICE_003485,2001,train
RICE_003486,2001,train
RICE_003487,2001,train
RICE_003488,2001,train
RICE_003489,2001,train
RICE_003490,2001,train
RICE_003491,2001,train
RICE_003492,2001,train
RICE_003493,2001,train
RICE_003494,2001,train
RICE_003495,2001,train
RICE_003496,2001,train
RICE_003497,2001,train
RICE_003498,2001,train
RICE_003499,2001,train
RICE_003500,2001,train
RICE_003501,2001,train
RICE_003502,2001,train
RICE_003503,2001,train
RICE_003504,2001,train
RICE_003505,2001,train
RICE_003506,2001,train
RICE_003507,2001,train
RICE_003508,2001,train
RICE_003509,2001,train
RICE_003510,2001,train
RICE_003511,2001,train
RICE_003512,2001,train
RICE_003513,2001,train
RICE_003514,2001,train
RICE_003515,2001,train
RICE_003516,2001,train
RICE_003517,2001,train
RICE_003518,2001,train
RICE_003519,2001,train
RICE_003520,2001,train
RICE_003521,2001,train
RICE_003522,2001,train
RICE_003523,2001,train
RICE_003524,2001,train
RICE_003525,2001,train
RICE_003526,2001,train
RICE_003527,2001,train
RICE_003528,2001,train
RICE_003529,2001,train
RICE_003530,2001,train
RICE_003531,2001,train
RICE_003532,2001,train
RICE_003533,2001,train
RICE_003534,2001,train
RICE_003535,2001,train
RICE_003536,2001,train
RICE_003537,2001,train
RICE_003538,2001,train
RICE_003539,2001,train
RICE_003540,2001,train
RICE_003541,2001,train
RICE_003542,2001,train
RICE_003543,2001,train
RICE_003544,2001,train
RICE_003545,2001,train
RICE_003546,2001,train
RICE_003547,2001,train
RICE_003548,2001,train
RICE_003549,2001,train
RICE_003550,2001,train
RICE_003551,2001,train
RICE_003552,2001,train
RICE_003553,2001,train
RICE_003554,2001,train
RICE_003555,2001,train
RICE_003556,2001,train
RICE_003557,2001,train
RICE_003558,2001,train
RICE_003559,2001,train
RICE_003560,2001,train
RICE_003561,2001,train
RICE_003562,2001,train
RICE_003563,2001,train
RICE_003564,2001,train
RICE_003565,2001,train
RICE_003566,2001,train
RICE_003567,2001,train
RICE_003568,2001,train
RICE_003569,2001,train
RICE_003570,2001,train
RICE_003571,2001,train
RICE_003572,2001,train
RICE_003573,2001,train
RICE_003574,2001,train
RICE_003575,2001,train
RICE_003576,2001,train
RICE_003577,2001,train
RICE_003578,2001,train
RICE_003579,2001,train
RICE_003580,2001,train
RICE_003581,2001,train
RICE_003582,2001,train
RICE_003583,2001,train
RICE_003584,2001,train
RICE_003585,2001,train
RICE_003586,2001,train
RICE_003587,2001,train
RICE_003588,2001,train
RICE_003589,2001,train
RICE_003590,2001,train
RICE_003591,2001,train
RICE_003592,2001,train
RICE_003593,2001,train
RICE_003594,2001,train
RICE_003595,2001,train
RICE_003596,2001,train
RICE_003597,2001,train
RICE_003598,2001,train
RICE_003599,2001,train
RICE_003600,2001,train
RICE_003601,2001,train
RICE_003602,2001,train
RICE_003603,2001,train
RICE_003604,2001,train
RICE_003605,2001,train
RICE_003606,2001,train
RICE_003607,2001,train
RICE_003608,2001,train
RICE_003609,2001,train
RICE_003610,2001,train
RICE_003611,2001,train
RICE_003612,2001,train
RICE_003613,2001,train
RICE_003614,2001,train
RICE_003615,2001,train
RICE_003616,2001,train
RICE_003617,2001,train
RICE_003618,2001,train
RICE_003619,2001,train
RICE_003620,2001,train
RICE_003621,2001,train
RICE_003622,2001,train
RICE_003623,2001,train
RICE_003624,2001,train
RICE_003625,2001,train
RICE_003626,2001,train
RICE_003627,2001,train
RICE_003628,2001,train
RICE_003629,2001,train
RICE_003630,2001,train
RICE_003631,2001,train
RICE_003632,2001,train
RICE_003633,2001,train
RICE_003634,2001,train
RICE_003635,2001,train
RICE_003636,2001,train
RICE_003637,2001,train
RICE_003638,2001,train
RICE_003639,2001,train
RICE_003640,2001,train
RICE_003641,2001,train
RICE_003642,2001,train
RICE_003643,2001,train
RICE_003644,2001,train
RICE_003645,2001,train
RICE_003646,2001,train
RICE_003647,2001,train
RICE_003648,2001,train
RICE_003649,2001,train
RICE_003650,2001,train
RICE_003651,2001,train
RICE_003652,2001,train
RICE_003653,2001,train
RICE_003654,2001,train
RICE_003655,2001,train
RICE_003656,2001,train
RICE_003657,2001,train
RICE_003658,2001,train
RICE_003659,2001,train
RICE_003660,2001,train
RICE_003661,2001,train
RICE_003662,2001,train
RICE_003663,2001,train
RICE_003664,2001,train
RICE_003665,2001,train
RICE_003666,2001,train
RICE_003667,2001,train
RICE_003668,2001,train
RICE_003669,2001,train
RICE_003670,2001,train
RICE_003671,2001,train
RICE_003672,2001,train
RICE_003673,2001,train
RICE_003674,2001,train
RICE_003675,2001,train
RICE_003676,2001,train
RICE_003677,2001,train
RICE_003678,2001,train
RICE_003679,2001,train
RICE_003680,2001,train
RICE_003681,2001,train
RICE_003682,2001,train
RICE_003683,2001,train
RICE_003684,2001,train
RICE_003685,2001,train
RICE_003686,2001,train
RICE_003687,2001,train
RICE_003688,2001,train
RICE_003689,2001,train
RICE_003690,2001,train
RICE_003691,2001,train
RICE_003692,2001,train
RICE_003693,2001,train
RICE_003694,2001,train
RICE_003695,2001,train
RICE_003696,2001,train
RICE_003697,2001,train
RICE_003698,2001,train
RICE_003699,2001,train
RICE_003700,2001,train
RICE_003701,2001,train
RICE_003702,2001,train
RICE_003703,2001,train
RICE_003704,2001,train
RICE_003705,2001,train
RICE_003706,2001,train
RICE_003707,2001,train
RICE_003708,2001,train
RICE_003709,2001,train
RICE_003710,2001,train
RICE_003711,2001,train
RICE_003712,2001,train
RICE_003713,2001,train
RICE_003714,2001,train
RICE_003715,2001,train
RICE_003716,2001,train
RICE_003717,2001,train
RICE_003718,2001,train
RICE_003719,2001,train
RICE_003720,2001,train
RICE_003721,2001,train
RICE_003722,2001,train
RICE_003723,2001,train
RICE_003724,2001,train
RICE_003725,2001,train
RICE_003726,2001,train
RICE_003727,2001,train
RICE_003728,2001,train
RICE_003729,2001,train
RICE_003730,2001,train
RICE_003731,2001,train
RICE_003732,2001,train
RICE_003733,2001,train
RICE_003734,2001,train
RICE_003735,2001,train
RICE_003736,2001,train
RICE_003737,2001,train
RICE_003738,2001,train
RICE_003739,2001,train
RICE_003740,2001,train
RICE_003741,2001,train
RICE_003742,2001,train
RICE_003743,2001,train
RICE_003744,2001,train
RICE_003745,2001,train
RICE_003746,2001,train
RICE_003747,2001,train
RICE_003748,2001,train
RICE_003749,2001,train
RICE_003750,2001,train
RICE_003751,2001,train
RICE_003752,2001,train
RICE_003753,2001,train
RICE_003754,2001,train
RICE_003755,2001,train
RICE_003756,2001,train
RICE_003757,2001,train
RICE_003758,2001,train
RICE_003759,2001,train
RICE_003760,2001,train
RICE_003761,2001,train
RICE_003762,2001,train
RICE_003763,2001,train
RICE_003764,2001,train
RICE_003765,2001,train
RICE_003766,2001,train
RICE_003767,2001,train
RICE_003768,2001,train
RICE_003769,2001,train
RICE_003770,2001,train
RICE_003771,2001,train
RICE_003772,2001,train
RICE_003773,2001,train
RICE_003774,2001,train
RICE_003775,2001,train
RICE_003776,2001,train
RICE_003777,2001,train
RICE_003778,2001,train
RICE_003779,2001,train
RICE_003780,2001,train
RICE_003781,2001,train
RICE_003782,2001,train
RICE_003783,2001,train
RICE_003784,2001,train
RICE_003785,2001,train
RICE_003786,2001,train
RICE_003787,2001,train
RICE_003788,2001,train
RICE_003789,2001,train
RICE_003790,2001,train
RICE_003791,2001,train
RICE_003792,2001,train
RICE_003793,2001,train
RICE_003794,2001,train
RICE_003795,2001,train
RICE_003796,2001,train
RICE_003797,2001,train
RICE_003798,2001,train
RICE_003799,2001,train
RICE_003800,2001,train
RICE_003801,2001,train
RICE_003802,2001,train
RICE_003803,2001,train
RICE_003804,2001,train
RICE_003805,2001,train
RICE_003806,2001,train
RICE_003807,2001,train
RICE_003808,2001,train
RICE_003809,2001,train
RICE_003810,2001,train
RICE_003811,2001,train
RICE_003812,2001,train
RICE_003813,2001,train
RICE_003814,2001,train
RICE_003815,2001,train
RICE_003816,2001,train
RICE_003817,2001,train
RICE_003818,2001,train
RICE_003819,2001,train
RICE_003820,2001,train
RICE_003821,2001,train
RICE_003822,2001,train
RICE_003823,2001,train
RICE_003824,2001,train
RICE_003825,2001,train
RICE_003826,2001,train
RICE_003827,2001,train
RICE_003828,2001,train
RICE_003829,2001,train
RICE_003830,2001,train
RICE_003831,2001,train
RICE_003832,2001,train
RICE_003833,2001,train
RICE_003834,2001,train
RICE_003835,2001,train
RICE_003836,2001,train
RICE_003837,2001,train
RICE_003838,2001,train
RICE_003839,2001,train
RICE_003840,2001,train
RICE_003841,2002,train
RICE_003842,2002,train
RICE_003843,2002,train
RICE_003844,2002,train
RICE_003845,2002,train
RICE_003846,2002,train
RICE_003847,2002,train
RICE_003848,2002,train
RICE_003849,2002,train
RICE_003850,2002,train
RICE_003851,2002,train
RICE_003852,2002,train
RICE_003853,2002,train
RICE_003854,2002,train
RICE_003855,2002,train
RICE_003856,2002,train
RICE_003857,2002,train
RICE_003858,2002,train
RICE_003859,2002,train
RICE_003860,2002,train
RICE_003861,2002,train
RICE_003862,2002,train
RICE_003863,2002,train
RICE_003864,2002,train
RICE_003865,2002,train
RICE_003866,2002,train
RICE_003867,2002,train
RICE_003868,2002,train
RICE_003869,2002,train
RICE_003870,2002,train
RICE_003871,2002,train
RICE_003872,2002,train
RICE_003873,2002,train
RICE_003874,2002,train
RICE_003875,2002,train
RICE_003876,2002,train
RICE_003877,2002,train
RICE_003878,2002,train
RICE_003879,2002,train
RICE_003880,2002,train
RICE_003881,2002,train
RICE_003882,2002,train
RICE_003883,2002,train
RICE_003884,2002,train
RICE_003885,2002,train
RICE_003886,2002,train
RICE_003887,2002,train
RICE_003888,2002,train
RICE_003889,2002,train
RICE_003890,2002,train
RICE_003891,2002,train
RICE_003892,2002,train
RICE_003893,2002,train
RICE_003894,2002,train
RICE_003895,2002,train
RICE_003896,2002,train
RICE_003897,2002,train
RICE_003898,2002,train
RICE_003899,2002,train
RICE_003900,2002,train
RICE_003901,2002,train
RICE_003902,2002,train
RICE_003903,2002,train
RICE_003904,2002,train
RICE_003905,2002,train
RICE_003906,2002,train
RICE_003907,2002,train
RICE_003908,2002,train
RICE_003909,2002,train
RICE_003910,2002,train
RICE_003911,2002,train
RICE_003912,2002,train
RICE_003913,2002,train
RICE_003914,2002,train
RICE_003915,2002,train
RICE_003916,2002,train
RICE_003917,2002,train
RICE_003918,2002,train
RICE_003919,2002,train
RICE_003920,2002,train
RICE_003921,2002,train
RICE_003922,2002,train
RICE_003923,2002,train
RICE_003924,2002,train
RICE_003925,2002,train
RICE_003926,2002,train
RICE_003927,2002,train
RICE_003928,2002,train
RICE_003929,2002,train
RICE_003930,2002,train
RICE_003931,2002,train
RICE_003932,2002,train
RICE_003933,2002,train
RICE_003934,2002,train
RICE_003935,2002,train
RICE_003936,2002,train
RICE_003937,2002,train
RICE_003938,2002,train
RICE_003939,2002,train
RICE_003940,2002,train
RICE_003941,2002,train
RICE_003942,2002,train
RICE_003943,2002,train
RICE_003944,2002,train
RICE_003945,2002,train
RICE_003946,2002,train
RICE_003947,2002,train
RICE_003948,2002,train
RICE_003949,2002,train
RICE_003950,2002,train
RICE_003951,2002,train
RICE_003952,2002,train
RICE_003953,2002,train
RICE_003954,2002,train
RICE_003955,2002,train
RICE_003956,2002,train
RICE_003957,2002,train
RICE_003958,2002,train
RICE_003959,2002,train
RICE_003960,2002,train
RICE_003961,2002,train
RICE_003962,2002,train
RICE_003963,2002,train
RICE_003964,2002,train
RICE_003965,2002,train
RICE_003966,2002,train
RICE_003967,2002,train
RICE_003968,2002,train
RICE_003969,2002,train
RICE_003970,2002,train
RICE_003971,2002,train
RICE_003972,2002,train
RICE_003973,2002,train
RICE_003974,2002,train
RICE_003975,2002,train
RICE_003976,2002,train
RICE_003977,2002,train
RICE_003978,2002,train
RICE_003979,2002,train
RICE_003980,2002,train
RICE_003981,2002,train
RICE_003982,2002,train
RICE_003983,2002,train
RICE_003984,2002,train
RICE_003985,2002,train
RICE_003986,2002,train
RICE_003987,2002,train
RICE_003988,2002,train
RICE_003989,2002,train
RICE_003990,2002,train
RICE_003991,2002,train
RICE_003992,2002,train
RICE_003993,2002,train
RICE_003994,2002,train
RICE_003995,2002,train
RICE_003996,2002,train
RICE_003997,2002,train
RICE_003998,2002,train
RICE_003999,2002,train
RICE_004000,2002,train
RICE_004001,2002,train
RICE_004002,2002,train
RICE_004003,2002,train
RICE_004004,2002,train
RICE_004005,2002,train
RICE_004006,2002,train
RICE_004007,2002,train
RICE_004008,2002,train
RICE_004009,2002,train
RICE_004010,2002,train
RICE_004011,2002,train
RICE_004012,2002,train
RICE_004013,2002,train
RICE_004014,2002,train
RICE_004015,2002,train
RICE_004016,2002,train
RICE_004017,2002,train
RICE_004018,2002,train
RICE_004019,2002,train
RICE_004020,2002,train
RICE_004021,2002,train
RICE_004022,2002,train
RICE_004023,2002,train
RICE_004024,2002,train
RICE_004025,2002,train
RICE_004026,2002,train
RICE_004027,2002,train
RICE_004028,2002,train
RICE_004029,2002,train
RICE_004030,2002,train
RICE_004031,2002,train
RICE_004032,2002,train
RICE_004033,2002,train
RICE_004034,2002,train
RICE_004035,2002,train
RICE_004036,2002,train
RICE_004037,2002,train
RICE_004038,2002,train
RICE_004039,2002,train
RICE_004040,2002,train
RICE_004041,2002,train
RICE_004042,2002,train
RICE_004043,2002,train
RICE_004044,2002,train
RICE_004045,2002,train
RICE_004046,2002,train
RICE_004047,2002,train
RICE_004048,2002,train
RICE_004049,2002,train
RICE_004050,2002,train
RICE_004051,2002,train
RICE_004052,2002,train
RICE_004053,2002,train
RICE_004054,2002,train
RICE_004055,2002,train
RICE_004056,2002,train
RICE_004057,2002,train
RICE_004058,2002,train
RICE_004059,2002,train
RICE_004060,2002,train
RICE_004061,2002,train
RICE_004062,2002,train
RICE_004063,2002,train
RICE_004064,2002,train
RICE_004065,2002,train
RICE_004066,2002,train
RICE_004067,2002,train
RICE_004068,2002,train
RICE_004069,2002,train
RICE_004070,2002,train
RICE_004071,2002,train
RICE_004072,2002,train
RICE_004073,2002,train
RICE_004074,2002,train
RICE_004075,2002,train
RICE_004076,2002,train
RICE_004077,2002,train
RICE_004078,2002,train
RICE_004079,2002,train
RICE_004080,2002,train
RICE_004081,2002,train
RICE_004082,2002,train
RICE_004083,2002,train
RICE_004084,2002,train
RICE_004085,2002,train
RICE_004086,2002,train
RICE_004087,2002,train
RICE_004088,2002,train
RICE_004089,2002,train
RICE_004090,2002,train
RICE_004091,2002,train
RICE_004092,2002,train
RICE_004093,2002,train
RICE_004094,2002,train
RICE_004095,2002,train
RICE_004096,2002,train
RICE_004097,2002,train
RICE_004098,2002,train
RICE_004099,2002,train
RICE_004100,2002,train
RICE_004101,2002,train
RICE_004102,2002,train
RICE_004103,2002,train
RICE_004104,2002,train
RICE_004105,2002,train
RICE_004106,2002,train
RICE_004107,2002,train
RICE_004108,2002,train
RICE_004109,2002,train
RICE_004110,2002,train
RICE_004111,2002,train
RICE_004112,2002,train
RICE_004113,2002,train
RICE_004114,2002,train
RICE_004115,2002,train
RICE_004116,2002,train
RICE_004117,2002,train
RICE_004118,2002,train
RICE_004119,2002,train
RICE_004120,2002,train
RICE_004121,2002,train
RICE_004122,2002,train
RICE_004123,2002,train
RICE_004124,2002,train
RICE_004125,2002,train
RICE_004126,2002,train
RICE_004127,2002,train
RICE_004128,2002,train
RICE_004129,2002,train
RICE_004130,2002,train
RICE_004131,2002,train
RICE_004132,2002,train
RICE_004133,2002,train
RICE_004134,2002,train
RICE_004135,2002,train
RICE_004136,2002,train
RICE_004137,2002,train
RICE_004138,2002,train
RICE_004139,2002,train
RICE_004140,2002,train
RICE_004141,2002,train
RICE_004142,2002,train
RICE_004143,2002,train
RICE_004144,2002,train
RICE_004145,2002,train
RICE_004146,2002,train
RICE_004147,2002,train
RICE_004148,2002,train
RICE_004149,2002,train
RICE_004150,2002,train
RICE_004151,2002,train
RICE_004152,2002,train
RICE_004153,2002,train
RICE_004154,2002,train
RICE_004155,2002,train
RICE_004156,2002,train
RICE_004157,2002,train
RICE_004158,2002,train
RICE_004159,2002,train
RICE_004160,2002,train
RICE_004161,2002,train
RICE_004162,2002,train
RICE_004163,2002,train
RICE_004164,2002,train
RICE_004165,2002,train
RICE_004166,2002,train
RICE_004167,2002,train
RICE_004168,2002,train
RICE_004169,2002,train
RICE_004170,2002,train
RICE_004171,2002,train
RICE_004172,2002,train
RICE_004173,2002,train
RICE_004174,2002,train
RICE_004175,2002,train
RICE_004176,2002,train
RICE_004177,2002,train
RICE_004178,2002,train
RICE_004179,2002,train
RICE_004180,2002,train
RICE_004181,2002,train
RICE_004182,2002,train
RICE_004183,2002,train
RICE_004184,2002,train
RICE_004185,2002,train
RICE_004186,2002,train
RICE_004187,2002,train
RICE_004188,2002,train
RICE_004189,2002,train
RICE_004190,2002,train
RICE_004191,2002,train
RICE_004192,2002,train
RICE_004193,2002,train
RICE_004194,2002,train
RICE_004195,2002,train
RICE_004196,2002,train
RICE_004197,2002,train
RICE_004198,2002,train
RICE_004199,2002,train
RICE_004200,2002,train
RICE_004201,2002,train
RICE_004202,2002,train
RICE_004203,2002,train
RICE_004204,2002,train
RICE_004205,2002,train
RICE_004206,2002,train
RICE_004207,2002,train
RICE_004208,2002,train
RICE_004209,2002,train
RICE_004210,2002,train
RICE_004211,2002,train
RICE_004212,2002,train
RICE_004213,2002,train
RICE_004214,2002,train
RICE_004215,2002,train
RICE_004216,2002,train
RICE_004217,2002,train
RICE_004218,2002,train
RICE_004219,2002,train
RICE_004220,2002,train
RICE_004221,2002,train
RICE_004222,2002,train
RICE_004223,2002,train
RICE_004224,2002,train
RICE_004225,2002,train
RICE_004226,2002,train
RICE_004227,2002,train
RICE_004228,2002,train
RICE_004229,2002,train
RICE_004230,2002,train
RICE_004231,2002,train
RICE_004232,2002,train
RICE_004233,2002,train
RICE_004234,2002,train
RICE_004235,2002,train
RICE_004236,2002,train
RICE_004237,2002,train
RICE_004238,2002,train
RICE_004239,2002,train
RICE_004240,2002,train
RICE_004241,2002,train
RICE_004242,2002,train
RICE_004243,2002,train
RICE_004244,2002,train
RICE_004245,2002,train
RICE_004246,2002,train
RICE_004247,2002,train
RICE_004248,2002,train
RICE_004249,2002,train
RICE_004250,2002,train
RICE_004251,2002,train
RICE_004252,2002,train
RICE_004253,2002,train
RICE_004254,2002,train
RICE_004255,2002,train
RICE_004256,2002,train
RICE_004257,2002,train
RICE_004258,2002,train
RICE_004259,2002,train
RICE_004260,2002,train
RICE_004261,2002,train
RICE_004262,2002,train
RICE_004263,2002,train
RICE_004264,2002,train
RICE_004265,2002,train
RICE_004266,2002,train
RICE_004267,2002,train
RICE_004268,2002,train
RICE_004269,2002,train
RICE_004270,2002,train
RICE_004271,2002,train
RICE_004272,2002,train
RICE_004273,2002,train
RICE_004274,2002,train
RICE_004275,2002,train
RICE_004276,2002,train
RICE_004277,2002,train
RICE_004278,2002,train
RICE_004279,2002,train
RICE_004280,2002,train
RICE_004281,2002,train
RICE_004282,2002,train
RICE_004283,2002,train
RICE_004284,2002,train
RICE_004285,2002,train
RICE_004286,2002,train
RICE_004287,2002,train
RICE_004288,2002,train
RICE_004289,2002,train
RICE_004290,2002,train
RICE_004291,2002,train
RICE_004292,2002,train
RICE_004293,2002,train
RICE_004294,2002,train
RICE_004295,2002,train
RICE_004296,2002,train
RICE_004297,2002,train
RICE_004298,2002,train
RICE_004299,2002,train
RICE_004300,2002,train
RICE_004301,2002,train
RICE_004302,2002,train
RICE_004303,2002,train
RICE_004304,2002,train
RICE_004305,2002,train
RICE_004306,2002,train
RICE_004307,2002,train
RICE_004308,2002,train
RICE_004309,2002,train
RICE_004310,2002,train
RICE_004311,2002,train
RICE_004312,2002,train
RICE_004313,2002,train
RICE_004314,2002,train
RICE_004315,2002,train
RICE_004316,2002,train
RICE_004317,2002,train
RICE_004318,2002,train
RICE_004319,2002,train
RICE_004320,2002,train
RICE_004321,2002,train
RICE_004322,2002,train
RICE_004323,2002,train
RICE_004324,2002,train
RICE_004325,2002,train
RICE_004326,2002,train
RICE_004327,2002,train
RICE_004328,2002,train
RICE_004329,2002,train
RICE_004330,2002,train
RICE_004331,2002,train
RICE_004332,2002,train
RICE_004333,2002,train
RICE_004334,2002,train
RICE_004335,2002,train
RICE_004336,2002,train
RICE_004337,2002,train
RICE_004338,2002,train
RICE_004339,2002,train
RICE_004340,2002,train
RICE_004341,2002,train
RICE_004342,2002,train
RICE_004343,2002,train
RICE_004344,2002,train
RICE_004345,2002,train
RICE_004346,2002,train
RICE_004347,2002,train
RICE_004348,2002,train
RICE_004349,2002,train
RICE_004350,2002,train
RICE_004351,2002,train
RICE_004352,2002,train
RICE_004353,2002,train
RICE_004354,2002,train
RICE_004355,2002,train
RICE_004356,2002,train
RICE_004357,2002,train
RICE_004358,2002,train
RICE_004359,2002,train
RICE_004360,2002,train
RICE_004361,2002,train
RICE_004362,2002,train
RICE_004363,2002,train
RICE_004364,2002,train
RICE_004365,2002,train
RICE_004366,2002,train
RICE_004367,2002,train
RICE_004368,2002,train
RICE_004369,2002,train
RICE_004370,2002,train
RICE_004371,2002,train
RICE_004372,2002,train
RICE_004373,2002,train
RICE_004374,2002,train
RICE_004375,2002,train
RICE_004376,2002,train
RICE_004377,2002,train
RICE_004378,2002,train
RICE_004379,2002,train
RICE_004380,2002,train
RICE_004381,2002,train
RICE_004382,2002,train
RICE_004383,2002,train
RICE_004384,2002,train
RICE_004385,2002,train
RICE_004386,2002,train
RICE_004387,2002,train
RICE_004388,2002,train
RICE_004389,2002,train
RICE_004390,2002,train
RICE_004391,2002,train
RICE_004392,2002,train
RICE_004393,2002,train
RICE_004394,2002,train
RICE_004395,2002,train
RICE_004396,2002,train
RICE_004397,2002,train
RICE_004398,2002,train
RICE_004399,2002,train
RICE_004400,2002,train
RICE_004401,2002,train
RICE_004402,2002,train
RICE_004403,2002,train
RICE_004404,2002,train
RICE_004405,2002,train
RICE_004406,2002,train
RICE_004407,2002,train
RICE_004408,2002,train
RICE_004409,2002,train
RICE_004410,2002,train
RICE_004411,2002,train
RICE_004412,2002,train
RICE_004413,2002,train
RICE_004414,2002,train
RICE_004415,2002,train
RICE_004416,2002,train
RICE_004417,2002,train
RICE_004418,2002,train
RICE_004419,2002,train
RICE_004420,2002,train
RICE_004421,2002,train
RICE_004422,2002,train
RICE_004423,2002,train
RICE_004424,2002,train
RICE_004425,2002,train
RICE_004426,2002,train
RICE_004427,2002,train
RICE_004428,2002,train
RICE_004429,2002,train
RICE_004430,2002,train
RICE_004431,2002,train
RICE_004432,2002,train
RICE_004433,2002,train
RICE_004434,2002,train
RICE_004435,2002,train
RICE_004436,2002,train
RICE_004437,2002,train
RICE_004438,2002,train
RICE_004439,2002,train
RICE_004440,2002,train
RICE_004441,2002,train
RICE_004442,2002,train
RICE_004443,2002,train
RICE_004444,2002,train
RICE_004445,2002,train
RICE_004446,2002,train
RICE_004447,2002,train
RICE_004448,2002,train
RICE_004449,2002,train
RICE_004450,2002,train
RICE_004451,2002,train
RICE_004452,2002,train
RICE_004453,2002,train
RICE_004454,2002,train
RICE_004455,2002,train
RICE_004456,2002,train
RICE_004457,2002,train
RICE_004458,2002,train
RICE_004459,2002,train
RICE_004460,2002,train
RICE_004461,2002,train
RICE_004462,2002,train
RICE_004463,2002,train
RICE_004464,2002,train
RICE_004465,2002,train
RICE_004466,2002,train
RICE_004467,2002,train
RICE_004468,2002,train
RICE_004469,2002,train
RICE_004470,2002,train
RICE_004471,2002,train
RICE_004472,2002,train
RICE_004473,2002,train
RICE_004474,2002,train
RICE_004475,2002,train
RICE_004476,2002,train
RICE_004477,2002,train
RICE_004478,2002,train
RICE_004479,2002,train
RICE_004480,2002,train
RICE_004481,2002,train
RICE_004482,2002,train
RICE_004483,2002,train
RICE_004484,2002,train
RICE_004485,2002,train
RICE_004486,2002,train
RICE_004487,2002,train
RICE_004488,2002,train
RICE_004489,2002,train
RICE_004490,2002,train
RICE_004491,2002,train
RICE_004492,2002,train
RICE_004493,2002,train
RICE_004494,2002,train
RICE_004495,2002,train
RICE_004496,2002,train
RICE_004497,2002,train
RICE_004498,2002,train
RICE_004499,2002,train
RICE_004500,2002,train
RICE_004501,2002,train
RICE_004502,2002,train
RICE_004503,2002,train
RICE_004504,2002,train
RICE_004505,2002,train
RICE_004506,2002,train
RICE_004507,2002,train
RICE_004508,2002,train
RICE_004509,2002,train
RICE_004510,2002,train
RICE_004511,2002,train
RICE_004512,2002,train
RICE_004513,2002,train
RICE_004514,2002,train
RICE_004515,2002,train
RICE_004516,2002,train
RICE_004517,2002,train
RICE_004518,2002,train
RICE_004519,2002,train
RICE_004520,2002,train
RICE_004521,2002,train
RICE_004522,2002,train
RICE_004523,2002,train
RICE_004524,2002,train
RICE_004525,2002,train
RICE_004526,2002,train
RICE_004527,2002,train
RICE_004528,2002,train
RICE_004529,2002,train
RICE_004530,2002,train
RICE_004531,2002,train
RICE_004532,2002,train
RICE_004533,2002,train
RICE_004534,2002,train
RICE_004535,2002,train
RICE_004536,2002,train
RICE_004537,2002,train
RICE_004538,2002,train
RICE_004539,2002,train
RICE_004540,2002,train
RICE_004541,2002,train
RICE_004542,2002,train
RICE_004543,2002,train
RICE_004544,2002,train
RICE_004545,2002,train
RICE_004546,2002,train
RICE_004547,2002,train
RICE_004548,2002,train
RICE_004549,2002,train
RICE_004550,2002,train
RICE_004551,2002,train
RICE_004552,2002,train
RICE_004553,2002,train
RICE_004554,2002,train
RICE_004555,2002,train
RICE_004556,2002,train
RICE_004557,2002,train
RICE_004558,2002,train
RICE_004559,2002,train
RICE_004560,2002,train
RICE_004561,2002,train
RICE_004562,2002,train
RICE_004563,2002,train
RICE_004564,2002,train
RICE_004565,2002,train
RICE_004566,2002,train
RICE_004567,2002,train
RICE_004568,2002,train
RICE_004569,2002,train
RICE_004570,2002,train
RICE_004571,2002,train
RICE_004572,2002,train
RICE_004573,2002,train
RICE_004574,2002,train
RICE_004575,2002,train
RICE_004576,2002,train
RICE_004577,2002,train
RICE_004578,2002,train
RICE_004579,2002,train
RICE_004580,2002,train
RICE_004581,2002,train
RICE_004582,2002,train
RICE_004583,2002,train
RICE_004584,2002,train
RICE_004585,2002,train
RICE_004586,2002,train
RICE_004587,2002,train
RICE_004588,2002,train
RICE_004589,2002,train
RICE_004590,2002,train
RICE_004591,2002,train
RICE_004592,2002,train
RICE_004593,2002,train
RICE_004594,2002,train
RICE_004595,2002,train
RICE_004596,2002,train
RICE_004597,2002,train
RICE_004598,2002,train
RICE_004599,2002,train
RICE_004600,2002,train
RICE_004601,2002,train
RICE_004602,2002,train
RICE_004603,2002,train
RICE_004604,2002,train
RICE_004605,2002,train
RICE_004606,2002,train
RICE_004607,2002,train
RICE_004608,2002,train
RICE_004609,2002,train
RICE_004610,2002,train
RICE_004611,2002,train
RICE_004612,2002,train
RICE_004613,2002,train
RICE_004614,2002,train
RICE_004615,2002,train
RICE_004616,2002,train
RICE_004617,2002,train
RICE_004618,2002,train
RICE_004619,2002,train
RICE_004620,2002,train
RICE_004621,2002,train
RICE_004622,2002,train
RICE_004623,2002,train
RICE_004624,2002,train
RICE_004625,2002,train
RICE_004626,2002,train
RICE_004627,2002,train
RICE_004628,2002,train
RICE_004629,2002,train
RICE_004630,2002,train
RICE_004631,2002,train
RICE_004632,2002,train
RICE_004633,2002,train
RICE_004634,2002,train
RICE_004635,2002,train
RICE_004636,2002,train
RICE_004637,2002,train
RICE_004638,2002,train
RICE_004639,2002,train
RICE_004640,2002,train
RICE_004641,2002,train
RICE_004642,2002,train
RICE_004643,2002,train
RICE_004644,2002,train
RICE_004645,2002,train
RICE_004646,2002,train
RICE_004647,2002,train
RICE_004648,2002,train
RICE_004649,2002,train
RICE_004650,2002,train
RICE_004651,2002,train
RICE_004652,2002,train
RICE_004653,2002,train
RICE_004654,2002,train
RICE_004655,2002,train
RICE_004656,2002,train
RICE_004657,2002,train
RICE_004658,2002,train
RICE_004659,2002,train
RICE_004660,2002,train
RICE_004661,2003,train
RICE_004662,2003,train
RICE_004663,2003,train
RICE_004664,2003,train
RICE_004665,2003,train
RICE_004666,2003,train
RICE_004667,2003,train
RICE_004668,2003,train
RICE_004669,2003,train
RICE_004670,2003,train
RICE_004671,2003,train
RICE_004672,2003,train
RICE_004673,2003,train
RICE_004674,2003,train
RICE_004675,2003,train
RICE_004676,2003,train
RICE_004677,2003,train
RICE_004678,2003,train
RICE_004679,2003,train
RICE_004680,2003,train
RICE_004681,2003,train
RICE_004682,2003,train
RICE_004683,2003,train
RICE_004684,2003,train
RICE_004685,2003,train
RICE_004686,2003,train
RICE_004687,2003,train
RICE_004688,2003,train
RICE_004689,2003,train
RICE_004690,2003,train
RICE_004691,2003,train
RICE_004692,2003,train
RICE_004693,2003,train
RICE_004694,2003,train
RICE_004695,2003,train
RICE_004696,2003,train
RICE_004697,2003,train
RICE_004698,2003,train
RICE_004699,2003,train
RICE_004700,2003,train
RICE_004701,2003,train
RICE_004702,2003,train
RICE_004703,2003,train
RICE_004704,2003,train
RICE_004705,2003,train
RICE_004706,2003,train
RICE_004707,2003,train
RICE_004708,2003,train
RICE_004709,2003,train
RICE_004710,2003,train
RICE_004711,2003,train
RICE_004712,2003,train
RICE_004713,2003,train
RICE_004714,2003,train
RICE_004715,2003,train
RICE_004716,2003,train
RICE_004717,2003,train
RICE_004718,2003,train
RICE_004719,2003,train
RICE_004720,2003,train
RICE_004721,2003,train
RICE_004722,2003,train
RICE_004723,2003,train
RICE_004724,2003,train
RICE_004725,2003,train
RICE_004726,2003,train
RICE_004727,2003,train
RICE_004728,2003,train
RICE_004729,2003,train
RICE_004730,2003,train
RICE_004731,2003,train
RICE_004732,2003,train
RICE_004733,2003,train
RICE_004734,2003,train
RICE_004735,2003,train
RICE_004736,2003,train
RICE_004737,2003,train
RICE_004738,2003,train
RICE_004739,2003,train
RICE_004740,2003,train
RICE_004741,2003,train
RICE_004742,2003,train
RICE_004743,2003,train
RICE_004744,2003,train
RICE_004745,2003,train
RICE_004746,2003,train
RICE_004747,2003,train
RICE_004748,2003,train
RICE_004749,2003,train
RICE_004750,2003,train
RICE_004751,2003,train
RICE_004752,2003,train
RICE_004753,2003,train
RICE_004754,2003,train
RICE_004755,2003,train
RICE_004756,2003,train
RICE_004757,2003,train
RICE_004758,2003,train
RICE_004759,2003,train
RICE_004760,2003,train
RICE_004761,2003,train
RICE_004762,2003,train
RICE_004763,2003,train
RICE_004764,2003,train
RICE_004765,2003,train
RICE_004766,2003,train
RICE_004767,2003,train
RICE_004768,2003,train
RICE_004769,2003,train
RICE_004770,2003,train
RICE_004771,2003,train
RICE_004772,2003,train
RICE_004773,2003,train
RICE_004774,2003,train
RICE_004775,2003,train
RICE_004776,2003,train
RICE_004777,2003,train
RICE_004778,2003,train
RICE_004779,2003,train
RICE_004780,2003,train
RICE_004781,2003,train
RICE_004782,2003,train
RICE_004783,2003,train
RICE_004784,2003,train
RICE_004785,2003,train
RICE_004786,2003,train
RICE_004787,2003,train
RICE_004788,2003,train
RICE_004789,2003,train
RICE_004790,2003,train
RICE_004791,2003,train
RICE_004792,2003,train
RICE_004793,2003,train
RICE_004794,2003,train
RICE_004795,2003,train
RICE_004796,2003,train
RICE_004797,2003,train
RICE_004798,2003,train
RICE_004799,2003,train
RICE_004800,2003,train
RICE_004801,2003,train
RICE_004802,2003,train
RICE_004803,2003,train
RICE_004804,2003,train
RICE_004805,2003,train
RICE_004806,2003,train
RICE_004807,2003,train
RICE_004808,2003,train
RICE_004809,2003,train
RICE_004810,2003,train
RICE_004811,2003,train
RICE_004812,2003,train
RICE_004813,2003,train
RICE_004814,2003,train
RICE_004815,2003,train
RICE_004816,2003,train
RICE_004817,2003,train
RICE_004818,2003,train
RICE_004819,2003,train
RICE_004820,2003,train
RICE_004821,2003,train
RICE_004822,2003,train
RICE_004823,2003,train
RICE_004824,2003,train
RICE_004825,2003,train
RICE_004826,2003,train
RICE_004827,2003,train
RICE_004828,2003,train
RICE_004829,2003,train
RICE_004830,2003,train
RICE_004831,2003,train
RICE_004832,2003,train
RICE_004833,2003,train
RICE_004834,2003,train
RICE_004835,2003,train
RICE_004836,2003,train
RICE_004837,2003,train
RICE_004838,2003,train
RICE_004839,2003,train
RICE_004840,2003,train
RICE_004841,2003,train
RICE_004842,2003,train
RICE_004843,2003,train
RICE_004844,2003,train
RICE_004845,2003,train
RICE_004846,2003,train
RICE_004847,2003,train
RICE_004848,2003,train
RICE_004849,2003,train
RICE_004850,2003,train
RICE_004851,2003,train
RICE_004852,2003,train
RICE_004853,2003,train
RICE_004854,2003,train
RICE_004855,2003,train
RICE_004856,2003,train
RICE_004857,2003,train
RICE_004858,2003,train
RICE_004859,2003,train
RICE_004860,2003,train
RICE_004861,2003,train
RICE_004862,2003,train
RICE_004863,2003,train
RICE_004864,2003,train
RICE_004865,2003,train
RICE_004866,2003,train
RICE_004867,2003,train
RICE_004868,2003,train
RICE_004869,2003,train
RICE_004870,2003,train
RICE_004871,2003,train
RICE_004872,2003,train
RICE_004873,2003,train
RICE_004874,2003,train
RICE_004875,2003,train
RICE_004876,2003,train
RICE_004877,2003,train
RICE_004878,2003,train
RICE_004879,2003,train
RICE_004880,2003,train
RICE_004881,2003,train
RICE_004882,2003,train
RICE_004883,2003,train
RICE_004884,2003,train
RICE_004885,2003,train
RICE_004886,2003,train
RICE_004887,2003,train
RICE_004888,2003,train
RICE_004889,2003,train
RICE_004890,2003,train
RICE_004891,2003,train
RICE_004892,2003,train
RICE_004893,2003,train
RICE_004894,2003,train
RICE_004895,2003,train
RICE_004896,2003,train
RICE_004897,2003,train
RICE_004898,2003,train
RICE_004899,2003,train
RICE_004900,2003,train
RICE_004901,2003,train
RICE_004902,2003,train
RICE_004903,2003,train
RICE_004904,2003,train
RICE_004905,2003,train
RICE_004906,2003,train
RICE_004907,2003,train
RICE_004908,2003,train
RICE_004909,2003,train
RICE_004910,2003,train
RICE_004911,2003,train
RICE_004912,2003,train
RICE_004913,2003,train
RICE_004914,2003,train
RICE_004915,2003,train
RICE_004916,2003,train
RICE_004917,2003,train
RICE_004918,2003,train
RICE_004919,2003,train
RICE_004920,2003,train
RICE_004921,2003,train
RICE_004922,2003,train
RICE_004923,2003,train
RICE_004924,2003,train
RICE_004925,2003,train
RICE_004926,2003,train
RICE_004927,2003,train
RICE_004928,2003,train
RICE_004929,2003,train
RICE_004930,2003,train
RICE_004931,2003,train
RICE_004932,2003,train
RICE_004933,2003,train
RICE_004934,2003,train
RICE_004935,2003,train
RICE_004936,2003,train
RICE_004937,2003,train
RICE_004938,2003,train
RICE_004939,2003,train
RICE_004940,2003,train
RICE_004941,2003,train
RICE_004942,2003,train
RICE_004943,2003,train
RICE_004944,2003,train
RICE_004945,2003,train
RICE_004946,2003,train
RICE_004947,2003,train
RICE_004948,2003,train
RICE_004949,2003,train
RICE_004950,2003,train
RICE_004951,2003,train
RICE_004952,2003,train
RICE_004953,2003,train
RICE_004954,2003,train
RICE_004955,2003,train
RICE_004956,2003,train
RICE_004957,2003,train
RICE_004958,2003,train
RICE_004959,2003,train
RICE_004960,2003,train
RICE_004961,2003,train
RICE_004962,2003,train
RICE_004963,2003,train
RICE_004964,2003,train
RICE_004965,2003,train
RICE_004966,2003,train
RICE_004967,2003,train
RICE_004968,2003,train
RICE_004969,2003,train
RICE_004970,2003,train
RICE_004971,2003,train
RICE_004972,2003,train
RICE_004973,2003,train
RICE_004974,2003,train
RICE_004975,2003,train
RICE_004976,2003,train
RICE_004977,2003,train
RICE_004978,2003,train
RICE_004979,2003,train
RICE_004980,2003,train
RICE_004981,2003,train
RICE_004982,2003,train
RICE_004983,2003,train
RICE_004984,2003,train
RICE_004985,2003,train
RICE_004986,2003,train
RICE_004987,2003,train
RICE_004988,2003,train
RICE_004989,2003,train
RICE_004990,2003,train
RICE_004991,2003,train
RICE_004992,2003,train
RICE_004993,2003,train
RICE_004994,2003,train
RICE_004995,2003,train
RICE_004996,2003,train
RICE_004997,2003,train
RICE_004998,2003,train
RICE_004999,2003,train
RICE_005000,2003,train
RICE_005001,2003,train
RICE_005002,2003,train
RICE_005003,2003,train
RICE_005004,2003,train
RICE_005005,2003,train
RICE_005006,2003,train
RICE_005007,2003,train
RICE_005008,2003,train
RICE_005009,2003,train
RICE_005010,2003,train
RICE_005011,2003,train
RICE_005012,2003,train
RICE_005013,2003,train
RICE_005014,2003,train
RICE_005015,2003,train
RICE_005016,2003,train
RICE_005017,2003,train
RICE_005018,2003,train
RICE_005019,2003,train
RICE_005020,2003,train
RICE_005021,2003,train
RICE_005022,2003,train
RICE_005023,2003,train
RICE_005024,2003,train
RICE_005025,2003,train
RICE_005026,2003,train
RICE_005027,2003,train
RICE_005028,2003,train
RICE_005029,2003,train
RICE_005030,2003,train
RICE_005031,2003,train
RICE_005032,2003,train
RICE_005033,2003,train
RICE_005034,2003,train
RICE_005035,2003,train
RICE_005036,2003,train
RICE_005037,2003,train
RICE_005038,2003,train
RICE_005039,2003,train
RICE_005040,2003,train
RICE_005041,2003,train
RICE_005042,2003,train
RICE_005043,2003,train
RICE_005044,2003,train
RICE_005045,2003,train
RICE_005046,2003,train
RICE_005047,2003,train
RICE_005048,2003,train
RICE_005049,2003,train
RICE_005050,2003,train
RICE_005051,2003,train
RICE_005052,2003,train
RICE_005053,2003,train
RICE_005054,2003,train
RICE_005055,2003,train
RICE_005056,2003,train
RICE_005057,2003,train
RICE_005058,2003,train
RICE_005059,2003,train
RICE_005060,2003,train
RICE_005061,2003,train
RICE_005062,2003,train
RICE_005063,2003,train
RICE_005064,2003,train
RICE_005065,2003,train
RICE_005066,2003,train
RICE_005067,2003,train
RICE_005068,2003,train
RICE_005069,2003,train
RICE_005070,2003,train
RICE_005071,2003,train
RICE_005072,2003,train
RICE_005073,2003,train
RICE_005074,2003,train
RICE_005075,2003,train
RICE_005076,2003,train
RICE_005077,2003,train
RICE_005078,2003,train
RICE_005079,2003,train
RICE_005080,2003,train
RICE_005081,2003,train
RICE_005082,2003,train
RICE_005083,2003,train
RICE_005084,2003,train
RICE_005085,2003,train
RICE_005086,2003,train
RICE_005087,2003,train
RICE_005088,2003,train
RICE_005089,2003,train
RICE_005090,2003,train
RICE_005091,2003,train
RICE_005092,2003,train
RICE_005093,2003,train
RICE_005094,2003,train
RICE_005095,2003,train
RICE_005096,2003,train
RICE_005097,2003,train
RICE_005098,2003,train
RICE_005099,2003,train
RICE_005100,2003,train
RICE_005101,2003,train
RICE_005102,2003,train
RICE_005103,2003,train
RICE_005104,2003,train
RICE_005105,2003,train
RICE_005106,2003,train
RICE_005107,2003,train
RICE_005108,2003,train
RICE_005109,2003,train
RICE_005110,2003,train
RICE_005111,2003,train
RICE_005112,2003,train
RICE_005113,2003,train
RICE_005114,2003,train
RICE_005115,2003,train
RICE_005116,2003,train
RICE_005117,2003,train
RICE_005118,2003,train
RICE_005119,2003,train
RICE_005120,2003,train
RICE_005121,2003,train
RICE_005122,2003,train
RICE_005123,2003,train
RICE_005124,2003,train
RICE_005125,2003,train
RICE_005126,2003,train
RICE_005127,2003,train
RICE_005128,2003,train
RICE_005129,2003,train
RICE_005130,2003,train
RICE_005131,2003,train
RICE_005132,2003,train
RICE_005133,2003,train
RICE_005134,2003,train
RICE_005135,2003,train
RICE_005136,2003,train
RICE_005137,2003,train
RICE_005138,2003,train
RICE_005139,2003,train
RICE_005140,2003,train
RICE_005141,2003,train
RICE_005142,2003,train
RICE_005143,2003,train
RICE_005144,2003,train
RICE_005145,2003,train
RICE_005146,2003,train
RICE_005147,2003,train
RICE_005148,2003,train
RICE_005149,2003,train
RICE_005150,2003,train
RICE_005151,2003,train
RICE_005152,2003,train
RICE_005153,2003,train
RICE_005154,2003,train
RICE_005155,2003,train
RICE_005156,2003,train
RICE_005157,2003,train
RICE_005158,2003,train
RICE_005159,2003,train
RICE_005160,2003,train
RICE_005161,2003,train
RICE_005162,2003,train
RICE_005163,2003,train
RICE_005164,2003,train
RICE_005165,2003,train
RICE_005166,2003,train
RICE_005167,2003,train
RICE_005168,2003,train
RICE_005169,2003,train
RICE_005170,2003,train
RICE_005171,2003,train
RICE_005172,2003,train
RICE_005173,2003,train
RICE_005174,2003,train
RICE_005175,2003,train
RICE_005176,2003,train
RICE_005177,2003,train
RICE_005178,2003,train
RICE_005179,2003,train
RICE_005180,2003,train
RICE_005181,2003,train
RICE_005182,2003,train
RICE_005183,2003,train
RICE_005184,2003,train
RICE_005185,2003,train
RICE_005186,2003,train
RICE_005187,2003,train
RICE_005188,2003,train
RICE_005189,2003,train
RICE_005190,2003,train
RICE_005191,2003,train
RICE_005192,2003,train
RICE_005193,2003,train
RICE_005194,2003,train
RICE_005195,2003,train
RICE_005196,2003,train
RICE_005197,2003,train
RICE_005198,2003,train
RICE_005199,2003,train
RICE_005200,2003,train
RICE_005201,2003,train
RICE_005202,2003,train
RICE_005203,2003,train
RICE_005204,2003,train
RICE_005205,2003,train
RICE_005206,2003,train
RICE_005207,2003,train
RICE_005208,2003,train
RICE_005209,2003,train
RICE_005210,2003,train
RICE_005211,2003,train
RICE_005212,2003,train
RICE_005213,2003,train
RICE_005214,2003,train
RICE_005215,2003,train
RICE_005216,2003,train
RICE_005217,2003,train
RICE_005218,2003,train
RICE_005219,2003,train
RICE_005220,2003,train
RICE_005221,2003,train
RICE_005222,2003,train
RICE_005223,2003,train
RICE_005224,2003,train
RICE_005225,2003,train
RICE_005226,2003,train
RICE_005227,2003,train
RICE_005228,2003,train
RICE_005229,2003,train
RICE_005230,2003,train
RICE_005231,2003,train
RICE_005232,2003,train
RICE_005233,2003,train
RICE_005234,2003,train
RICE_005235,2003,train
RICE_005236,2003,train
RICE_005237,2003,train
RICE_005238,2003,train
RICE_005239,2003,train
RICE_005240,2003,train
RICE_005241,2003,train
RICE_005242,2003,train
RICE_005243,2003,train
RICE_005244,2003,train
RICE_005245,2003,train
RICE_005246,2003,train
RICE_005247,2003,train
RICE_005248,2003,train
RICE_005249,2003,train
RICE_005250,2003,train
RICE_005251,2003,train
RICE_005252,2003,train
RICE_005253,2003,train
RICE_005254,2003,train
RICE_005255,2003,train
RICE_005256,2003,train
RICE_005257,2003,train
RICE_005258,2003,train
RICE_005259,2003,train
RICE_005260,2003,train
RICE_005261,2003,train
RICE_005262,2003,train
RICE_005263,2003,train
RICE_005264,2003,train
RICE_005265,2003,train
RICE_005266,2003,train
RICE_005267,2003,train
RICE_005268,2003,train
RICE_005269,2003,train
RICE_005270,2003,train
RICE_005271,2003,train
RICE_005272,2003,train
RICE_005273,2003,train
RICE_005274,2003,train
RICE_005275,2003,train
RICE_005276,2003,train
RICE_005277,2003,train
RICE_005278,2003,train
RICE_005279,2003,train
RICE_005280,2003,train
RICE_005281,2003,train
RICE_005282,2003,train
RICE_005283,2003,train
RICE_005284,2003,train
RICE_005285,2003,train
RICE_005286,2003,train
RICE_005287,2003,train
RICE_005288,2003,train
RICE_005289,2003,train
RICE_005290,2003,train
RICE_005291,2003,train
RICE_005292,2003,train
RICE_005293,2003,train
RICE_005294,2003,train
RICE_005295,2003,train
RICE_005296,2003,train
RICE_005297,2003,train
RICE_005298,2003,train
RICE_005299,2003,train
RICE_005300,2003,train
RICE_005301,2003,train
RICE_005302,2003,train
RICE_005303,2003,train
RICE_005304,2003,train
RICE_005305,2003,train
RICE_005306,2003,train
RICE_005307,2003,train
RICE_005308,2003,train
RICE_005309,2003,train
RICE_005310,2003,train
RICE_005311,2003,train
RICE_005312,2003,train
RICE_005313,2003,train
RICE_005314,2003,train
RICE_005315,2003,train
RICE_005316,2003,train
RICE_005317,2003,train
RICE_005318,2003,train
RICE_005319,2003,train
RICE_005320,2003,train
RICE_005321,2003,train
RICE_005322,2003,train
RICE_005323,2003,train
RICE_005324,2003,train
RICE_005325,2003,train
RICE_005326,2003,train
RICE_005327,2003,train
RICE_005328,2003,train
RICE_005329,2003,train
RICE_005330,2003,train
RICE_005331,2003,train
RICE_005332,2003,train
RICE_005333,2003,train
RICE_005334,2003,train
RICE_005335,2003,train
RICE_005336,2003,train
RICE_005337,2003,train
RICE_005338,2003,train
RICE_005339,2003,train
RICE_005340,2003,train
RICE_005341,2003,train
RICE_005342,2003,train
RICE_005343,2003,train
RICE_005344,2003,train
RICE_005345,2003,train
RICE_005346,2003,train
RICE_005347,2003,train
RICE_005348,2003,train
RICE_005349,2003,train
RICE_005350,2003,train
RICE_005351,2003,train
RICE_005352,2003,train
RICE_005353,2003,train
RICE_005354,2003,train
RICE_005355,2003,train
RICE_005356,2003,train
RICE_005357,2003,train
RICE_005358,2003,train
RICE_005359,2003,train
RICE_005360,2003,train
RICE_005361,2003,train
RICE_005362,2003,train
RICE_005363,2003,train
RICE_005364,2003,train
RICE_005365,2003,train
RICE_005366,2003,train
RICE_005367,2003,train
RICE_005368,2003,train
RICE_005369,2003,train
RICE_005370,2003,train
RICE_005371,2003,train
RICE_005372,2003,train
RICE_005373,2003,train
RICE_005374,2003,train
RICE_005375,2003,train
RICE_005376,2003,train
RICE_005377,2003,train
RICE_005378,2003,train
RICE_005379,2003,train
RICE_005380,2003,train
RICE_005381,2003,train
RICE_005382,2003,train
RICE_005383,2003,train
RICE_005384,2003,train
RICE_005385,2003,train
RICE_005386,2003,train
RICE_005387,2003,train
RICE_005388,2003,train
RICE_005389,2003,train
RICE_005390,2003,train
RICE_005391,2003,train
RICE_005392,2003,train
RICE_005393,2003,train
RICE_005394,2003,train
RICE_005395,2003,train
RICE_005396,2003,train
RICE_005397,2003,train
RICE_005398,2003,train
RICE_005399,2003,train
RICE_005400,2003,train
RICE_005401,2003,train
RICE_005402,2003,train
RICE_005403,2003,train
RICE_005404,2003,train
RICE_005405,2003,train
RICE_005406,2003,train
RICE_005407,2003,train
RICE_005408,2003,train
RICE_005409,2003,train
RICE_005410,2003,train
RICE_005411,2003,train
RICE_005412,2003,train
RICE_005413,2003,train
RICE_005414,2003,train
RICE_005415,2003,train
RICE_005416,2003,train
RICE_005417,2003,train
RICE_005418,2003,train
RICE_005419,2003,train
RICE_005420,2003,train
RICE_005421,2003,train
RICE_005422,2003,train
RICE_005423,2003,train
RICE_005424,2003,train
RICE_005425,2003,train
RICE_005426,2003,train
RICE_005427,2003,train
RICE_005428,2003,train
RICE_005429,2003,train
RICE_005430,2003,train
RICE_005431,2003,train
RICE_005432,2003,train
RICE_005433,2003,train
RICE_005434,2003,train
RICE_005435,2003,train
RICE_005436,2003,train
RICE_005437,2003,train
RICE_005438,2003,train
RICE_005439,2003,train
RICE_005440,2003,train
RICE_005441,2003,train
RICE_005442,2003,train
RICE_005443,2003,train
RICE_005444,2003,train
RICE_005445,2003,train
RICE_005446,2003,train
RICE_005447,2003,train
RICE_005448,2003,train
RICE_005449,2003,train
RICE_005450,2003,train
RICE_005451,2003,train
RICE_005452,2003,train
RICE_005453,2003,train
RICE_005454,2003,train
RICE_005455,2003,train
RICE_005456,2003,train
RICE_005457,2003,train
RICE_005458,2003,train
RICE_005459,2003,train
RICE_005460,2003,train
RICE_005461,2003,train
RICE_005462,2003,train
RICE_005463,2003,train
RICE_005464,2003,train
RICE_005465,2003,train
RICE_005466,2003,train
RICE_005467,2003,train
RICE_005468,2003,train
RICE_005469,2003,train
RICE_005470,2003,train
RICE_005471,2003,train
RICE_005472,2003,train
RICE_005473,2003,train
RICE_005474,2003,train
RICE_005475,2003,train
RICE_005476,2003,train
RICE_005477,2003,train
RICE_005478,2003,train
RICE_005479,2003,train
RICE_005480,2003,train
RICE_005481,2003,train
RICE_005482,2003,train
RICE_005483,2003,train
RICE_005484,2003,train
RICE_005485,2003,train
RICE_005486,2003,train
RICE_005487,2003,train
RICE_005488,2003,train
RICE_005489,2003,train
RICE_005490,2003,train
RICE_005491,2003,train
RICE_005492,2003,train
RICE_005493,2003,train
RICE_005494,2003,train
RICE_005495,2003,train
RICE_005496,2003,train
RICE_005497,2003,train
RICE_005498,2003,train
RICE_005499,2003,train
RICE_005500,2003,train
RICE_005501,2003,train
RICE_005502,2003,train
RICE_005503,2004,train
RICE_005504,2004,train
RICE_005505,2004,train
RICE_005506,2004,train
RICE_005507,2004,train
RICE_005508,2004,train
RICE_005509,2004,train
RICE_005510,2004,train
RICE_005511,2004,train
RICE_005512,2004,train
RICE_005513,2004,train
RICE_005514,2004,train
RICE_005515,2004,train
RICE_005516,2004,train
RICE_005517,2004,train
RICE_005518,2004,train
RICE_005519,2004,train
RICE_005520,2004,train
RICE_005521,2004,train
RICE_005522,2004,train
RICE_005523,2004,train
RICE_005524,2004,train
RICE_005525,2004,train
RICE_005526,2004,train
RICE_005527,2004,train
RICE_005528,2004,train
RICE_005529,2004,train
RICE_005530,2004,train
RICE_005531,2004,train
RICE_005532,2004,train
RICE_005533,2004,train
RICE_005534,2004,train
RICE_005535,2004,train
RICE_005536,2004,train
RICE_005537,2004,train
RICE_005538,2004,train
RICE_005539,2004,train
RICE_005540,2004,train
RICE_005541,2004,train
RICE_005542,2004,train
RICE_005543,2004,train
RICE_005544,2004,train
RICE_005545,2004,train
RICE_005546,2004,train
RICE_005547,2004,train
RICE_005548,2004,train
RICE_005549,2004,train
RICE_005550,2004,train
RICE_005551,2004,train
RICE_005552,2004,train
RICE_005553,2004,train
RICE_005554,2004,train
RICE_005555,2004,train
RICE_005556,2004,train
RICE_005557,2004,train
RICE_005558,2004,train
RICE_005559,2004,train
RICE_005560,2004,train
RICE_005561,2004,train
RICE_005562,2004,train
RICE_005563,2004,train
RICE_005564,2004,train
RICE_005565,2004,train
RICE_005566,2004,train
RICE_005567,2004,train
RICE_005568,2004,train
RICE_005569,2004,train
RICE_005570,2004,train
RICE_005571,2004,train
RICE_005572,2004,train
RICE_005573,2004,train
RICE_005574,2004,train
RICE_005575,2004,train
RICE_005576,2004,train
RICE_005577,2004,train
RICE_005578,2004,train
RICE_005579,2004,train
RICE_005580,2004,train
RICE_005581,2004,train
RICE_005582,2004,train
RICE_005583,2004,train
RICE_005584,2004,train
RICE_005585,2004,train
RICE_005586,2004,train
RICE_005587,2004,train
RICE_005588,2004,train
RICE_005589,2004,train
RICE_005590,2004,train
RICE_005591,2004,train
RICE_005592,2004,train
RICE_005593,2004,train
RICE_005594,2004,train
RICE_005595,2004,train
RICE_005596,2004,train
RICE_005597,2004,train
RICE_005598,2004,train
RICE_005599,2004,train
RICE_005600,2004,train
RICE_005601,2004,train
RICE_005602,2004,train
RICE_005603,2004,train
RICE_005604,2004,train
RICE_005605,2004,train
RICE_005606,2004,train
RICE_005607,2004,train
RICE_005608,2004,train
RICE_005609,2004,train
RICE_005610,2004,train
RICE_005611,2004,train
RICE_005612,2004,train
RICE_005613,2004,train
RICE_005614,2004,train
RICE_005615,2004,train
RICE_005616,2004,train
RICE_005617,2004,train
RICE_005618,2004,train
RICE_005619,2004,train
RICE_005620,2004,train
RICE_005621,2004,train
RICE_005622,2004,train
RICE_005623,2004,train
RICE_005624,2004,train
RICE_005625,2004,train
RICE_005626,2004,train
RICE_005627,2004,train
RICE_005628,2004,train
RICE_005629,2004,train
RICE_005630,2004,train
RICE_005631,2004,train
RICE_005632,2004,train
RICE_005633,2004,train
RICE_005634,2004,train
RICE_005635,2004,train
RICE_005636,2004,train
RICE_005637,2004,train
RICE_005638,2004,train
RICE_005639,2004,train
RICE_005640,2004,train
RICE_005641,2004,train
RICE_005642,2004,train
RICE_005643,2004,train
RICE_005644,2004,train
RICE_005645,2004,train
RICE_005646,2004,train
RICE_005647,2004,train
RICE_005648,2004,train
RICE_005649,2004,train
RICE_005650,2004,train
RICE_005651,2004,train
RICE_005652,2004,train
RICE_005653,2004,train
RICE_005654,2004,train
RICE_005655,2004,train
RICE_005656,2004,train
RICE_005657,2004,train
RICE_005658,2004,train
RICE_005659,2004,train
RICE_005660,2004,train
RICE_005661,2004,train
RICE_005662,2004,train
RICE_005663,2004,train
RICE_005664,2004,train
RICE_005665,2004,train
RICE_005666,2004,train
RICE_005667,2004,train
RICE_005668,2004,train
RICE_005669,2004,train
RICE_005670,2004,train
RICE_005671,2004,train
RICE_005672,2004,train
RICE_005673,2004,train
RICE_005674,2004,train
RICE_005675,2004,train
RICE_005676,2004,train
RICE_005677,2004,train
RICE_005678,2004,train
RICE_005679,2004,train
RICE_005680,2004,train
RICE_005681,2004,train
RICE_005682,2004,train
RICE_005683,2004,train
RICE_005684,2004,train
RICE_005685,2004,train
RICE_005686,2004,train
RICE_005687,2004,train
RICE_005688,2004,train
RICE_005689,2004,train
RICE_005690,2004,train
RICE_005691,2004,train
RICE_005692,2004,train
RICE_005693,2004,train
RICE_005694,2004,train
RICE_005695,2004,train
RICE_005696,2004,train
RICE_005697,2004,train
RICE_005698,2004,train
RICE_005699,2004,train
RICE_005700,2004,train
RICE_005701,2004,train
RICE_005702,2004,train
RICE_005703,2004,train
RICE_005704,2004,train
RICE_005705,2004,train
RICE_005706,2004,train
RICE_005707,2004,train
RICE_005708,2004,train
RICE_005709,2004,train
RICE_005710,2004,train
RICE_005711,2004,train
RICE_005712,2004,train
RICE_005713,2004,train
RICE_005714,2004,train
RICE_005715,2004,train
RICE_005716,2004,train
RICE_005717,2004,train
RICE_005718,2004,train
RICE_005719,2004,train
RICE_005720,2004,train
RICE_005721,2004,train
RICE_005722,2004,train
RICE_005723,2004,train
RICE_005724,2004,train
RICE_005725,2004,train
RICE_005726,2004,train
RICE_005727,2004,train
RICE_005728,2004,train
RICE_005729,2004,train
RICE_005730,2004,train
RICE_005731,2004,train
RICE_005732,2004,train
RICE_005733,2004,train
RICE_005734,2004,train
RICE_005735,2004,train
RICE_005736,2004,train
RICE_005737,2004,train
RICE_005738,2004,train
RICE_005739,2004,train
RICE_005740,2004,train
RICE_005741,2004,train
RICE_005742,2004,train
RICE_005743,2004,train
RICE_005744,2004,train
RICE_005745,2004,train
RICE_005746,2004,train
RICE_005747,2004,train
RICE_005748,2004,train
RICE_005749,2004,train
RICE_005750,2004,train
RICE_005751,2004,train
RICE_005752,2004,train
RICE_005753,2004,train
RICE_005754,2004,train
RICE_005755,2004,train
RICE_005756,2004,train
RICE_005757,2004,train
RICE_005758,2004,train
RICE_005759,2004,train
RICE_005760,2004,train
RICE_005761,2004,train
RICE_005762,2004,train
RICE_005763,2004,train
RICE_005764,2004,train
RICE_005765,2004,train
RICE_005766,2004,train
RICE_005767,2004,train
RICE_005768,2004,train
RICE_005769,2004,train
RICE_005770,2004,train
RICE_005771,2004,train
RICE_005772,2004,train
RICE_005773,2004,train
RICE_005774,2004,train
RICE_005775,2004,train
RICE_005776,2004,train
RICE_005777,2004,train
RICE_005778,2004,train
RICE_005779,2004,train
RICE_005780,2004,train
RICE_005781,2004,train
RICE_005782,2004,train
RICE_005783,2004,train
RICE_005784,2004,train
RICE_005785,2004,train
RICE_005786,2004,train
RICE_005787,2004,train
RICE_005788,2004,train
RICE_005789,2004,train
RICE_005790,2004,train
RICE_005791,2004,train
RICE_005792,2004,train
RICE_005793,2004,train
RICE_005794,2004,train
RICE_005795,2004,train
RICE_005796,2004,train
RICE_005797,2004,train
RICE_005798,2004,train
RICE_005799,2004,train
RICE_005800,2004,train
RICE_005801,2004,train
RICE_005802,2004,train
RICE_005803,2004,train
RICE_005804,2004,train
RICE_005805,2004,train
RICE_005806,2004,train
RICE_005807,2004,train
RICE_005808,2004,train
RICE_005809,2004,train
RICE_005810,2004,train
RICE_005811,2004,train
RICE_005812,2004,train
RICE_005813,2004,train
RICE_005814,2004,train
RICE_005815,2004,train
RICE_005816,2004,train
RICE_005817,2004,train
RICE_005818,2004,train
RICE_005819,2004,train
RICE_005820,2004,train
RICE_005821,2004,train
RICE_005822,2004,train
RICE_005823,2004,train
RICE_005824,2004,train
RICE_005825,2004,train
RICE_005826,2004,train
RICE_005827,2004,train
RICE_005828,2004,train
RICE_005829,2004,train
RICE_005830,2004,train
RICE_005831,2004,train
RICE_005832,2004,train
RICE_005833,2004,train
RICE_005834,2004,train
RICE_005835,2004,train
RICE_005836,2004,train
RICE_005837,2004,train
RICE_005838,2004,train
RICE_005839,2004,train
RICE_005840,2004,train
RICE_005841,2004,train
RICE_005842,2004,train
RICE_005843,2004,train
RICE_005844,2004,train
RICE_005845,2004,train
RICE_005846,2004,train
RICE_005847,2004,train
RICE_005848,2004,train
RICE_005849,2004,train
RICE_005850,2004,train
RICE_005851,2004,train
RICE_005852,2004,train
RICE_005853,2004,train
RICE_005854,2004,train
RICE_005855,2004,train
RICE_005856,2004,train
RICE_005857,2004,train
RICE_005858,2004,train
RICE_005859,2004,train
RICE_005860,2004,train
RICE_005861,2004,train
RICE_005862,2004,train
RICE_005863,2004,train
RICE_005864,2004,train
RICE_005865,2004,train
RICE_005866,2004,train
RICE_005867,2004,train
RICE_005868,2004,train
RICE_005869,2004,train
RICE_005870,2004,train
RICE_005871,2004,train
RICE_005872,2004,train
RICE_005873,2004,train
RICE_005874,2004,train
RICE_005875,2004,train
RICE_005876,2004,train
RICE_005877,2004,train
RICE_005878,2004,train
RICE_005879,2004,train
RICE_005880,2004,train
RICE_005881,2004,train
RICE_005882,2004,train
RICE_005883,2004,train
RICE_005884,2004,train
RICE_005885,2004,train
RICE_005886,2004,train
RICE_005887,2004,train
RICE_005888,2004,train
RICE_005889,2004,train
RICE_005890,2004,train
RICE_005891,2004,train
RICE_005892,2004,train
RICE_005893,2004,train
RICE_005894,2004,train
RICE_005895,2004,train
RICE_005896,2004,train
RICE_005897,2004,train
RICE_005898,2004,train
RICE_005899,2004,train
RICE_005900,2004,train
RICE_005901,2004,train
RICE_005902,2004,train
RICE_005903,2004,train
RICE_005904,2004,train
RICE_005905,2004,train
RICE_005906,2004,train
RICE_005907,2004,train
RICE_005908,2004,train
RICE_005909,2004,train
RICE_005910,2004,train
RICE_005911,2004,train
RICE_005912,2004,train
RICE_005913,2004,train
RICE_005914,2004,train
RICE_005915,2004,train
RICE_005916,2004,train
RICE_005917,2004,train
RICE_005918,2004,train
RICE_005919,2004,train
RICE_005920,2004,train
RICE_005921,2004,train
RICE_005922,2004,train
RICE_005923,2004,train
RICE_005924,2004,train
RICE_005925,2004,train
RICE_005926,2004,train
RICE_005927,2004,train
RICE_005928,2004,train
RICE_005929,2004,train
RICE_005930,2004,train
RICE_005931,2004,train
RICE_005932,2004,train
RICE_005933,2004,train
RICE_005934,2004,train
RICE_005935,2004,train
RICE_005936,2004,train
RICE_005937,2004,train
RICE_005938,2004,train
RICE_005939,2004,train
RICE_005940,2004,train
RICE_005941,2004,train
RICE_005942,2004,train
RICE_005943,2004,train
RICE_005944,2004,train
RICE_005945,2004,train
RICE_005946,2004,train
RICE_005947,2004,train
RICE_005948,2004,train
RICE_005949,2004,train
RICE_005950,2004,train
RICE_005951,2004,train
RICE_005952,2004,train
RICE_005953,2004,train
RICE_005954,2004,train
RICE_005955,2004,train
RICE_005956,2004,train
RICE_005957,2004,train
RICE_005958,2004,train
RICE_005959,2004,train
RICE_005960,2004,train
RICE_005961,2004,train
RICE_005962,2004,train
RICE_005963,2004,train
RICE_005964,2004,train
RICE_005965,2004,train
RICE_005966,2004,train
RICE_005967,2004,train
RICE_005968,2004,train
RICE_005969,2004,train
RICE_005970,2004,train
RICE_005971,2004,train
RICE_005972,2004,train
RICE_005973,2004,train
RICE_005974,2004,train
RICE_005975,2004,train
RICE_005976,2004,train
RICE_005977,2004,train
RICE_005978,2004,train
RICE_005979,2004,train
RICE_005980,2004,train
RICE_005981,2004,train
RICE_005982,2004,train
RICE_005983,2004,train
RICE_005984,2004,train
RICE_005985,2004,train
RICE_005986,2004,train
RICE_005987,2004,train
RICE_005988,2004,train
RICE_005989,2004,train
RICE_005990,2004,train
RICE_005991,2004,train
RICE_005992,2004,train
RICE_005993,2004,train
RICE_005994,2004,train
RICE_005995,2004,train
RICE_005996,2004,train
RICE_005997,2004,train
RICE_005998,2004,train
RICE_005999,2004,train
RICE_006000,2004,train
RICE_006001,2004,train
RICE_006002,2004,train
RICE_006003,2004,train
RICE_006004,2004,train
RICE_006005,2004,train
RICE_006006,2004,train
RICE_006007,2004,train
RICE_006008,2004,train
RICE_006009,2004,train
RICE_006010,2004,train
RICE_006011,2004,train
RICE_006012,2004,train
RICE_006013,2004,train
RICE_006014,2004,train
RICE_006015,2004,train
RICE_006016,2004,train
RICE_006017,2004,train
RICE_006018,2004,train
RICE_006019,2004,train
RICE_006020,2004,train
RICE_006021,2004,train
RICE_006022,2004,train
RICE_006023,2004,train
RICE_006024,2004,train
RICE_006025,2004,train
RICE_006026,2004,train
RICE_006027,2004,train
RICE_006028,2004,train
RICE_006029,2004,train
RICE_006030,2004,train
RICE_006031,2004,train
RICE_006032,2004,train
RICE_006033,2004,train
RICE_006034,2004,train
RICE_006035,2004,train
RICE_006036,2004,train
RICE_006037,2004,train
RICE_006038,2004,train
RICE_006039,2004,train
RICE_006040,2004,train
RICE_006041,2004,train
RICE_006042,2004,train
RICE_006043,2004,train
RICE_006044,2004,train
RICE_006045,2004,train
RICE_006046,2004,train
RICE_006047,2004,train
RICE_006048,2004,train
RICE_006049,2004,train
RICE_006050,2004,train
RICE_006051,2004,train
RICE_006052,2004,train
RICE_006053,2004,train
RICE_006054,2004,train
RICE_006055,2004,train
RICE_006056,2004,train
RICE_006057,2004,train
RICE_006058,2004,train
RICE_006059,2004,train
RICE_006060,2004,train
RICE_006061,2004,train
RICE_006062,2004,train
RICE_006063,2004,train
RICE_006064,2004,train
RICE_006065,2004,train
RICE_006066,2004,train
RICE_006067,2004,train
RICE_006068,2004,train
RICE_006069,2004,train
RICE_006070,2004,train
RICE_006071,2004,train
RICE_006072,2004,train
RICE_006073,2004,train
RICE_006074,2004,train
RICE_006075,2004,train
RICE_006076,2004,train
RICE_006077,2004,train
RICE_006078,2004,train
RICE_006079,2004,train
RICE_006080,2004,train
RICE_006081,2004,train
RICE_006082,2004,train
RICE_006083,2004,train
RICE_006084,2004,train
RICE_006085,2004,train
RICE_006086,2004,train
RICE_006087,2004,train
RICE_006088,2004,train
RICE_006089,2004,train
RICE_006090,2004,train
RICE_006091,2004,train
RICE_006092,2004,train
RICE_006093,2004,train
RICE_006094,2004,train
RICE_006095,2004,train
RICE_006096,2004,train
RICE_006097,2004,train
RICE_006098,2004,train
RICE_006099,2004,train
RICE_006100,2004,train
RICE_006101,2004,train
RICE_006102,2004,train
RICE_006103,2004,train
RICE_006104,2004,train
RICE_006105,2004,train
RICE_006106,2004,train
RICE_006107,2004,train
RICE_006108,2004,train
RICE_006109,2004,train
RICE_006110,2004,train
RICE_006111,2004,train
RICE_006112,2004,train
RICE_006113,2004,train
RICE_006114,2004,train
RICE_006115,2004,train
RICE_006116,2004,train
RICE_006117,2004,train
RICE_006118,2004,train
RICE_006119,2004,train
RICE_006120,2004,train
RICE_006121,2004,train
RICE_006122,2004,train
RICE_006123,2004,train
RICE_006124,2004,train
RICE_006125,2004,train
RICE_006126,2004,train
RICE_006127,2004,train
RICE_006128,2004,train
RICE_006129,2004,train
RICE_006130,2004,train
RICE_006131,2004,train
RICE_006132,2004,train
RICE_006133,2004,train
RICE_006134,2004,train
RICE_006135,2004,train
RICE_006136,2004,train
RICE_006137,2004,train
RICE_006138,2004,train
RICE_006139,2004,train
RICE_006140,2004,train
RICE_006141,2004,train
RICE_006142,2004,train
RICE_006143,2004,train
RICE_006144,2004,train
RICE_006145,2004,train
RICE_006146,2004,train
RICE_006147,2004,train
RICE_006148,2004,train
RICE_006149,2004,train
RICE_006150,2004,train
RICE_006151,2004,train
RICE_006152,2004,train
RICE_006153,2004,train
RICE_006154,2004,train
RICE_006155,2004,train
RICE_006156,2004,train
RICE_006157,2004,train
RICE_006158,2004,train
RICE_006159,2004,train
RICE_006160,2004,train
RICE_006161,2004,train
RICE_006162,2004,train
RICE_006163,2004,train
RICE_006164,2004,train
RICE_006165,2004,train
RICE_006166,2004,train
RICE_006167,2004,train
RICE_006168,2004,train
RICE_006169,2004,train
RICE_006170,2004,train
RICE_006171,2004,train
RICE_006172,2004,train
RICE_006173,2004,train
RICE_006174,2004,train
RICE_006175,2004,train
RICE_006176,2004,train
RICE_006177,2004,train
RICE_006178,2004,train
RICE_006179,2004,train
RICE_006180,2004,train
RICE_006181,2004,train
RICE_006182,2004,train
RICE_006183,2004,train
RICE_006184,2004,train
RICE_006185,2004,train
RICE_006186,2004,train
RICE_006187,2004,train
RICE_006188,2004,train
RICE_006189,2004,train
RICE_006190,2004,train
RICE_006191,2004,train
RICE_006192,2004,train
RICE_006193,2004,train
RICE_006194,2004,train
RICE_006195,2004,train
RICE_006196,2004,train
RICE_006197,2004,train
RICE_006198,2004,train
RICE_006199,2004,train
RICE_006200,2004,train
RICE_006201,2004,train
RICE_006202,2004,train
RICE_006203,2004,train
RICE_006204,2004,train
RICE_006205,2004,train
RICE_006206,2004,train
RICE_006207,2004,train
RICE_006208,2004,train
RICE_006209,2004,train
RICE_006210,2004,train
RICE_006211,2004,train
RICE_006212,2004,train
RICE_006213,2004,train
RICE_006214,2004,train
RICE_006215,2004,train
RICE_006216,2004,train
RICE_006217,2004,train
RICE_006218,2004,train
RICE_006219,2004,train
RICE_006220,2004,train
RICE_006221,2004,train
RICE_006222,2004,train
RICE_006223,2004,train
RICE_006224,2004,train
RICE_006225,2004,train
RICE_006226,2004,train
RICE_006227,2004,train
RICE_006228,2004,train
RICE_006229,2004,train
RICE_006230,2004,train
RICE_006231,2004,train
RICE_006232,2004,train
RICE_006233,2004,train
RICE_006234,2004,train
RICE_006235,2004,train
RICE_006236,2004,train
RICE_006237,2004,train
RICE_006238,2004,train
RICE_006239,2004,train
RICE_006240,2004,train
RICE_006241,2004,train
RICE_006242,2004,train
RICE_006243,2004,train
RICE_006244,2004,train
RICE_006245,2004,train
RICE_006246,2004,train
RICE_006247,2004,train
RICE_006248,2004,train
RICE_006249,2004,train
RICE_006250,2004,train
RICE_006251,2004,train
RICE_006252,2004,train
RICE_006253,2004,train
RICE_006254,2004,train
RICE_006255,2004,train
RICE_006256,2004,train
RICE_006257,2004,train
RICE_006258,2004,train
RICE_006259,2004,train
RICE_006260,2004,train
RICE_006261,2004,train
RICE_006262,2004,train
RICE_006263,2004,train
RICE_006264,2004,train
RICE_006265,2004,train
RICE_006266,2004,train
RICE_006267,2004,train
RICE_006268,2004,train
RICE_006269,2004,train
RICE_006270,2004,train
RICE_006271,2004,train
RICE_006272,2004,train
RICE_006273,2004,train
RICE_006274,2004,train
RICE_006275,2004,train
RICE_006276,2004,train
RICE_006277,2004,train
RICE_006278,2004,train
RICE_006279,2004,train
RICE_006280,2004,train
RICE_006281,2004,train
RICE_006282,2004,train
RICE_006283,2004,train
RICE_006284,2004,train
RICE_006285,2004,train
RICE_006286,2004,train
RICE_006287,2004,train
RICE_006288,2004,train
RICE_006289,2004,train
RICE_006290,2004,train
RICE_006291,2004,train
RICE_006292,2004,train
RICE_006293,2004,train
RICE_006294,2004,train
RICE_006295,2004,train
RICE_006296,2004,train
RICE_006297,2004,train
RICE_006298,2004,train
RICE_006299,2004,train
RICE_006300,2004,train
RICE_006301,2004,train
RICE_006302,2004,train
RICE_006303,2004,train
RICE_006304,2004,train
RICE_006305,2004,train
RICE_006306,2004,train
RICE_006307,2004,train
RICE_006308,2004,train
RICE_006309,2004,train
RICE_006310,2004,train
RICE_006311,2004,train
RICE_006312,2004,train
RICE_006313,2004,train
RICE_006314,2004,train
RICE_006315,2004,train
RICE_006316,2004,train
RICE_006317,2004,train
RICE_006318,2004,train
RICE_006319,2004,train
RICE_006320,2004,train
RICE_006321,2004,train
RICE_006322,2004,train
RICE_006323,2004,train
RICE_006324,2004,train
RICE_006325,2004,train
RICE_006326,2004,train
RICE_006327,2004,train
RICE_006328,2004,train
RICE_006329,2004,train
RICE_006330,2004,train
RICE_006331,2004,train
RICE_006332,2004,train
RICE_006333,2004,train
RICE_006334,2004,train
RICE_006335,2004,train
RICE_006336,2004,train
RICE_006337,2004,train
RICE_006338,2004,train
RICE_006339,2004,train
RICE_006340,2004,train
RICE_006341,2004,train
RICE_006342,2004,train
RICE_006343,2004,train
RICE_006344,2004,train
RICE_006345,2004,train
RICE_006346,2004,train
RICE_006347,2004,train
RICE_006348,2004,train
RICE_006349,2004,train
RICE_006350,2004,train
RICE_006351,2004,train
RICE_006352,2004,train
RICE_006353,2004,train
RICE_006354,2004,train
RICE_006355,2004,train
RICE_006356,2004,train
RICE_006357,2004,train
RICE_006358,2004,train
RICE_006359,2004,train
RICE_006360,2004,train
RICE_006361,2004,train
RICE_006362,2004,train
RICE_006363,2004,train
RICE_006364,2004,train
RICE_006365,2004,train
RICE_006366,2004,train
RICE_006367,2004,train
RICE_006368,2004,train
RICE_006369,2004,train
RICE_006370,2004,train
RICE_006371,2004,train
RICE_006372,2004,train
RICE_006373,2004,train
RICE_006374,2004,train
RICE_006375,2004,train
RICE_006376,2004,train
RICE_006377,2004,train
RICE_006378,2004,train
RICE_006379,2004,train
RICE_006380,2004,train
RICE_006381,2004,train
RICE_006382,2004,train
RICE_006383,2004,train
RICE_006384,2004,train
RICE_006385,2004,train
RICE_006386,2004,train
RICE_006387,2004,train
RICE_006388,2004,train
RICE_006389,2004,train
RICE_006390,2004,train
RICE_006391,2004,train
RICE_006392,2004,train
RICE_006393,2004,train
RICE_006394,2004,train
RICE_006395,2004,train
RICE_006396,2004,train
RICE_006397,2004,train
RICE_006398,2005,train
RICE_006399,2005,train
RICE_006400,2005,train
RICE_006401,2005,train
RICE_006402,2005,train
RICE_006403,2005,train
RICE_006404,2005,train
RICE_006405,2005,train
RICE_006406,2005,train
RICE_006407,2005,train
RICE_006408,2005,train
RICE_006409,2005,train
RICE_006410,2005,train
RICE_006411,2005,train
RICE_006412,2005,train
RICE_006413,2005,train
RICE_006414,2005,train
RICE_006415,2005,train
RICE_006416,2005,train
RICE_006417,2005,train
RICE_006418,2005,train
RICE_006419,2005,train
RICE_006420,2005,train
RICE_006421,2005,train
RICE_006422,2005,train
RICE_006423,2005,train
RICE_006424,2005,train
RICE_006425,2005,train
RICE_006426,2005,train
RICE_006427,2005,train
RICE_006428,2005,train
RICE_006429,2005,train
RICE_006430,2005,train
RICE_006431,2005,train
RICE_006432,2005,train
RICE_006433,2005,train
RICE_006434,2005,train
RICE_006435,2005,train
RICE_006436,2005,train
RICE_006437,2005,train
RICE_006438,2005,train
RICE_006439,2005,train
RICE_006440,2005,train
RICE_006441,2005,train
RICE_006442,2005,train
RICE_006443,2005,train
RICE_006444,2005,train
RICE_006445,2005,train
RICE_006446,2005,train
RICE_006447,2005,train
RICE_006448,2005,train
RICE_006449,2005,train
RICE_006450,2005,train
RICE_006451,2005,train
RICE_006452,2005,train
RICE_006453,2005,train
RICE_006454,2005,train
RICE_006455,2005,train
RICE_006456,2005,train
RICE_006457,2005,train
RICE_006458,2005,train
RICE_006459,2005,train
RICE_006460,2005,train
RICE_006461,2005,train
RICE_006462,2005,train
RICE_006463,2005,train
RICE_006464,2005,train
RICE_006465,2005,train
RICE_006466,2005,train
RICE_006467,2005,train
RICE_006468,2005,train
RICE_006469,2005,train
RICE_006470,2005,train
RICE_006471,2005,train
RICE_006472,2005,train
RICE_006473,2005,train
RICE_006474,2005,train
RICE_006475,2005,train
RICE_006476,2005,train
RICE_006477,2005,train
RICE_006478,2005,train
RICE_006479,2005,train
RICE_006480,2005,train
RICE_006481,2005,train
RICE_006482,2005,train
RICE_006483,2005,train
RICE_006484,2005,train
RICE_006485,2005,train
RICE_006486,2005,train
RICE_006487,2005,train
RICE_006488,2005,train
RICE_006489,2005,train
RICE_006490,2005,train
RICE_006491,2005,train
RICE_006492,2005,train
RICE_006493,2005,train
RICE_006494,2005,train
RICE_006495,2005,train
RICE_006496,2005,train
RICE_006497,2005,train
RICE_006498,2005,train
RICE_006499,2005,train
RICE_006500,2005,train
RICE_006501,2005,train
RICE_006502,2005,train
RICE_006503,2005,train
RICE_006504,2005,train
RICE_006505,2005,train
RICE_006506,2005,train
RICE_006507,2005,train
RICE_006508,2005,train
RICE_006509,2005,train
RICE_006510,2005,train
RICE_006511,2005,train
RICE_006512,2005,train
RICE_006513,2005,train
RICE_006514,2005,train
RICE_006515,2005,train
RICE_006516,2005,train
RICE_006517,2005,train
RICE_006518,2005,train
RICE_006519,2005,train
RICE_006520,2005,train
RICE_006521,2005,train
RICE_006522,2005,train
RICE_006523,2005,train
RICE_006524,2005,train
RICE_006525,2005,train
RICE_006526,2005,train
RICE_006527,2005,train
RICE_006528,2005,train
RICE_006529,2005,train
RICE_006530,2005,train
RICE_006531,2005,train
RICE_006532,2005,train
RICE_006533,2005,train
RICE_006534,2005,train
RICE_006535,2005,train
RICE_006536,2005,train
RICE_006537,2005,train
RICE_006538,2005,train
RICE_006539,2005,train
RICE_006540,2005,train
RICE_006541,2005,train
RICE_006542,2005,train
RICE_006543,2005,train
RICE_006544,2005,train
RICE_006545,2005,train
RICE_006546,2005,train
RICE_006547,2005,train
RICE_006548,2005,train
RICE_006549,2005,train
RICE_006550,2005,train
RICE_006551,2005,train
RICE_006552,2005,train
RICE_006553,2005,train
RICE_006554,2005,train
RICE_006555,2005,train
RICE_006556,2005,train
RICE_006557,2005,train
RICE_006558,2005,train
RICE_006559,2005,train
RICE_006560,2005,train
RICE_006561,2005,train
RICE_006562,2005,train
RICE_006563,2005,train
RICE_006564,2005,train
RICE_006565,2005,train
RICE_006566,2005,train
RICE_006567,2005,train
RICE_006568,2005,train
RICE_006569,2005,train
RICE_006570,2005,train
RICE_006571,2005,train
RICE_006572,2005,train
RICE_006573,2005,train
RICE_006574,2005,train
RICE_006575,2005,train
RICE_006576,2005,train
RICE_006577,2005,train
RICE_006578,2005,train
RICE_006579,2005,train
RICE_006580,2005,train
RICE_006581,2005,train
RICE_006582,2005,train
RICE_006583,2005,train
RICE_006584,2005,train
RICE_006585,2005,train
RICE_006586,2005,train
RICE_006587,2005,train
RICE_006588,2005,train
RICE_006589,2005,train
RICE_006590,2005,train
RICE_006591,2005,train
RICE_006592,2005,train
RICE_006593,2005,train
RICE_006594,2005,train
RICE_006595,2005,train
RICE_006596,2005,train
RICE_006597,2005,train
RICE_006598,2005,train
RICE_006599,2005,train
RICE_006600,2005,train
RICE_006601,2005,train
RICE_006602,2005,train
RICE_006603,2005,train
RICE_006604,2005,train
RICE_006605,2005,train
RICE_006606,2005,train
RICE_006607,2005,train
RICE_006608,2005,train
RICE_006609,2005,train
RICE_006610,2005,train
RICE_006611,2005,train
RICE_006612,2005,train
RICE_006613,2005,train
RICE_006614,2005,train
RICE_006615,2005,train
RICE_006616,2005,train
RICE_006617,2005,train
RICE_006618,2005,train
RICE_006619,2005,train
RICE_006620,2005,train
RICE_006621,2005,train
RICE_006622,2005,train
RICE_006623,2005,train
RICE_006624,2005,train
RICE_006625,2005,train
RICE_006626,2005,train
RICE_006627,2005,train
RICE_006628,2005,train
RICE_006629,2005,train
RICE_006630,2005,train
RICE_006631,2005,train
RICE_006632,2005,train
RICE_006633,2005,train
RICE_006634,2005,train
RICE_006635,2005,train
RICE_006636,2005,train
RICE_006637,2005,train
RICE_006638,2005,train
RICE_006639,2005,train
RICE_006640,2005,train
RICE_006641,2005,train
RICE_006642,2005,train
RICE_006643,2005,train
RICE_006644,2005,train
RICE_006645,2005,train
RICE_006646,2005,train
RICE_006647,2005,train
RICE_006648,2005,train
RICE_006649,2005,train
RICE_006650,2005,train
RICE_006651,2005,train
RICE_006652,2005,train
RICE_006653,2005,train
RICE_006654,2005,train
RICE_006655,2005,train
RICE_006656,2005,train
RICE_006657,2005,train
RICE_006658,2005,train
RICE_006659,2005,train
RICE_006660,2005,train
RICE_006661,2005,train
RICE_006662,2005,train
RICE_006663,2005,train
RICE_006664,2005,train
RICE_006665,2005,train
RICE_006666,2005,train
RICE_006667,2005,train
RICE_006668,2005,train
RICE_006669,2005,train
RICE_006670,2005,train
RICE_006671,2005,train
RICE_006672,2005,train
RICE_006673,2005,train
RICE_006674,2005,train
RICE_006675,2005,train
RICE_006676,2005,train
RICE_006677,2005,train
RICE_006678,2005,train
RICE_006679,2005,train
RICE_006680,2005,train
RICE_006681,2005,train
RICE_006682,2005,train
RICE_006683,2005,train
RICE_006684,2005,train
RICE_006685,2005,train
RICE_006686,2005,train
RICE_006687,2005,train
RICE_006688,2005,train
RICE_006689,2005,train
RICE_006690,2005,train
RICE_006691,2005,train
RICE_006692,2005,train
RICE_006693,2005,train
RICE_006694,2005,train
RICE_006695,2005,train
RICE_006696,2005,train
RICE_006697,2005,train
RICE_006698,2005,train
RICE_006699,2005,train
RICE_006700,2005,train
RICE_006701,2005,train
RICE_006702,2005,train
RICE_006703,2005,train
RICE_006704,2005,train
RICE_006705,2005,train
RICE_006706,2005,train
RICE_006707,2005,train
RICE_006708,2005,train
RICE_006709,2005,train
RICE_006710,2005,train
RICE_006711,2005,train
RICE_006712,2005,train
RICE_006713,2005,train
RICE_006714,2005,train
RICE_006715,2005,train
RICE_006716,2005,train
RICE_006717,2005,train
RICE_006718,2005,train
RICE_006719,2005,train
RICE_006720,2005,train
RICE_006721,2005,train
RICE_006722,2005,train
RICE_006723,2005,train
RICE_006724,2005,train
RICE_006725,2005,train
RICE_006726,2005,train
RICE_006727,2005,train
RICE_006728,2005,train
RICE_006729,2005,train
RICE_006730,2005,train
RICE_006731,2005,train
RICE_006732,2005,train
RICE_006733,2005,train
RICE_006734,2005,train
RICE_006735,2005,train
RICE_006736,2005,train
RICE_006737,2005,train
RICE_006738,2005,train
RICE_006739,2005,train
RICE_006740,2005,train
RICE_006741,2005,train
RICE_006742,2005,train
RICE_006743,2005,train
RICE_006744,2005,train
RICE_006745,2005,train
RICE_006746,2005,train
RICE_006747,2005,train
RICE_006748,2005,train
RICE_006749,2005,train
RICE_006750,2005,train
RICE_006751,2005,train
RICE_006752,2005,train
RICE_006753,2005,train
RICE_006754,2005,train
RICE_006755,2005,train
RICE_006756,2005,train
RICE_006757,2005,train
RICE_006758,2005,train
RICE_006759,2005,train
RICE_006760,2005,train
RICE_006761,2005,train
RICE_006762,2005,train
RICE_006763,2005,train
RICE_006764,2005,train
RICE_006765,2005,train
RICE_006766,2005,train
RICE_006767,2005,train
RICE_006768,2005,train
RICE_006769,2005,train
RICE_006770,2005,train
RICE_006771,2005,train
RICE_006772,2005,train
RICE_006773,2005,train
RICE_006774,2005,train
RICE_006775,2005,train
RICE_006776,2005,train
RICE_006777,2005,train
RICE_006778,2005,train
RICE_006779,2005,train
RICE_006780,2005,train
RICE_006781,2005,train
RICE_006782,2005,train
RICE_006783,2005,train
RICE_006784,2005,train
RICE_006785,2005,train
RICE_006786,2005,train
RICE_006787,2005,train
RICE_006788,2005,train
RICE_006789,2005,train
RICE_006790,2005,train
RICE_006791,2005,train
RICE_006792,2005,train
RICE_006793,2005,train
RICE_006794,2005,train
RICE_006795,2005,train
RICE_006796,2005,train
RICE_006797,2005,train
RICE_006798,2005,train
RICE_006799,2005,train
RICE_006800,2005,train
RICE_006801,2005,train
RICE_006802,2005,train
RICE_006803,2005,train
RICE_006804,2005,train
RICE_006805,2005,train
RICE_006806,2005,train
RICE_006807,2005,train
RICE_006808,2005,train
RICE_006809,2005,train
RICE_006810,2005,train
RICE_006811,2005,train
RICE_006812,2005,train
RICE_006813,2005,train
RICE_006814,2005,train
RICE_006815,2005,train
RICE_006816,2005,train
RICE_006817,2005,train
RICE_006818,2005,train
RICE_006819,2005,train
RICE_006820,2005,train
RICE_006821,2005,train
RICE_006822,2005,train
RICE_006823,2005,train
RICE_006824,2005,train
RICE_006825,2005,train
RICE_006826,2005,train
RICE_006827,2005,train
RICE_006828,2005,train
RICE_006829,2005,train
RICE_006830,2005,train
RICE_006831,2005,train
RICE_006832,2005,train
RICE_006833,2005,train
RICE_006834,2005,train
RICE_006835,2005,train
RICE_006836,2005,train
RICE_006837,2005,train
RICE_006838,2005,train
RICE_006839,2005,train
RICE_006840,2005,train
RICE_006841,2005,train
RICE_006842,2005,train
RICE_006843,2005,train
RICE_006844,2005,train
RICE_006845,2005,train
RICE_006846,2005,train
RICE_006847,2005,train
RICE_006848,2005,train
RICE_006849,2005,train
RICE_006850,2005,train
RICE_006851,2005,train
RICE_006852,2005,train
RICE_006853,2005,train
RICE_006854,2005,train
RICE_006855,2005,train
RICE_006856,2005,train
RICE_006857,2005,train
RICE_006858,2005,train
RICE_006859,2005,train
RICE_006860,2005,train
RICE_006861,2005,train
RICE_006862,2005,train
RICE_006863,2005,train
RICE_006864,2005,train
RICE_006865,2005,train
RICE_006866,2005,train
RICE_006867,2005,train
RICE_006868,2005,train
RICE_006869,2005,train
RICE_006870,2005,train
RICE_006871,2005,train
RICE_006872,2005,train
RICE_006873,2005,train
RICE_006874,2005,train
RICE_006875,2005,train
RICE_006876,2005,train
RICE_006877,2005,train
RICE_006878,2005,train
RICE_006879,2005,train
RICE_006880,2005,train
RICE_006881,2005,train
RICE_006882,2005,train
RICE_006883,2005,train
RICE_006884,2005,train
RICE_006885,2005,train
RICE_006886,2005,train
RICE_006887,2005,train
RICE_006888,2005,train
RICE_006889,2005,train
RICE_006890,2005,train
RICE_006891,2005,train
RICE_006892,2005,train
RICE_006893,2005,train
RICE_006894,2005,train
RICE_006895,2005,train
RICE_006896,2005,train
RICE_006897,2005,train
RICE_006898,2005,train
RICE_006899,2005,train
RICE_006900,2005,train
RICE_006901,2005,train
RICE_006902,2005,train
RICE_006903,2005,train
RICE_006904,2005,train
RICE_006905,2005,train
RICE_006906,2005,train
RICE_006907,2005,train
RICE_006908,2005,train
RICE_006909,2005,train
RICE_006910,2005,train
RICE_006911,2005,train
RICE_006912,2005,train
RICE_006913,2005,train
RICE_006914,2005,train
RICE_006915,2005,train
RICE_006916,2005,train
RICE_006917,2005,train
RICE_006918,2005,train
RICE_006919,2005,train
RICE_006920,2005,train
RICE_006921,2005,train
RICE_006922,2005,train
RICE_006923,2005,train
RICE_006924,2005,train
RICE_006925,2005,train
RICE_006926,2005,train
RICE_006927,2005,train
RICE_006928,2005,train
RICE_006929,2005,train
RICE_006930,2005,train
RICE_006931,2005,train
RICE_006932,2005,train
RICE_006933,2005,train
RICE_006934,2005,train
RICE_006935,2005,train
RICE_006936,2005,train
RICE_006937,2005,train
RICE_006938,2005,train
RICE_006939,2005,train
RICE_006940,2005,train
RICE_006941,2005,train
RICE_006942,2005,train
RICE_006943,2005,train
RICE_006944,2005,train
RICE_006945,2005,train
RICE_006946,2005,train
RICE_006947,2005,train
RICE_006948,2005,train
RICE_006949,2005,train
RICE_006950,2005,train
RICE_006951,2005,train
RICE_006952,2005,train
RICE_006953,2005,train
RICE_006954,2005,train
RICE_006955,2005,train
RICE_006956,2005,train
RICE_006957,2005,train
RICE_006958,2005,train
RICE_006959,2005,train
RICE_006960,2005,train
RICE_006961,2005,train
RICE_006962,2005,train
RICE_006963,2005,train
RICE_006964,2005,train
RICE_006965,2005,train
RICE_006966,2005,train
RICE_006967,2005,train
RICE_006968,2005,train
RICE_006969,2005,train
RICE_006970,2005,train
RICE_006971,2005,train
RICE_006972,2005,train
RICE_006973,2005,train
RICE_006974,2005,train
RICE_006975,2005,train
RICE_006976,2005,train
RICE_006977,2005,train
RICE_006978,2005,train
RICE_006979,2005,train
RICE_006980,2005,train
RICE_006981,2005,train
RICE_006982,2005,train
RICE_006983,2005,train
RICE_006984,2005,train
RICE_006985,2005,train
RICE_006986,2005,train
RICE_006987,2005,train
RICE_006988,2005,train
RICE_006989,2005,train
RICE_006990,2005,train
RICE_006991,2005,train
RICE_006992,2005,train
RICE_006993,2005,train
RICE_006994,2005,train
RICE_006995,2005,train
RICE_006996,2005,train
RICE_006997,2005,train
RICE_006998,2005,train
RICE_006999,2005,train
RICE_007000,2005,train
RICE_007001,2005,train
RICE_007002,2005,train
RICE_007003,2005,train
RICE_007004,2005,train
RICE_007005,2005,train
RICE_007006,2005,train
RICE_007007,2005,train
RICE_007008,2005,train
RICE_007009,2005,train
RICE_007010,2005,train
RICE_007011,2005,train
RICE_007012,2005,train
RICE_007013,2005,train
RICE_007014,2005,train
RICE_007015,2005,train
RICE_007016,2005,train
RICE_007017,2005,train
RICE_007018,2005,train
RICE_007019,2005,train
RICE_007020,2005,train
RICE_007021,2005,train
RICE_007022,2005,train
RICE_007023,2005,train
RICE_007024,2005,train
RICE_007025,2005,train
RICE_007026,2005,train
RICE_007027,2005,train
RICE_007028,2005,train
RICE_007029,2005,train
RICE_007030,2005,train
RICE_007031,2005,train
RICE_007032,2005,train
RICE_007033,2005,train
RICE_007034,2005,train
RICE_007035,2005,train
RICE_007036,2005,train
RICE_007037,2005,train
RICE_007038,2005,train
RICE_007039,2005,train
RICE_007040,2005,train
RICE_007041,2005,train
RICE_007042,2005,train
RICE_007043,2005,train
RICE_007044,2005,train
RICE_007045,2005,train
RICE_007046,2005,train
RICE_007047,2005,train
RICE_007048,2005,train
RICE_007049,2005,train
RICE_007050,2005,train
RICE_007051,2005,train
RICE_007052,2005,train
RICE_007053,2005,train
RICE_007054,2005,train
RICE_007055,2005,train
RICE_007056,2005,train
RICE_007057,2005,train
RICE_007058,2005,train
RICE_007059,2005,train
RICE_007060,2005,train
RICE_007061,2005,train
RICE_007062,2005,train
RICE_007063,2005,train
RICE_007064,2005,train
RICE_007065,2005,train
RICE_007066,2005,train
RICE_007067,2005,train
RICE_007068,2005,train
RICE_007069,2005,train
RICE_007070,2005,train
RICE_007071,2005,train
RICE_007072,2005,train
RICE_007073,2005,train
RICE_007074,2005,train
RICE_007075,2005,train
RICE_007076,2005,train
RICE_007077,2005,train
RICE_007078,2005,train
RICE_007079,2005,train
RICE_007080,2005,train
RICE_007081,2005,train
RICE_007082,2005,train
RICE_007083,2005,train
RICE_007084,2005,train
RICE_007085,2005,train
RICE_007086,2005,train
RICE_007087,2005,train
RICE_007088,2005,train
RICE_007089,2005,train
RICE_007090,2005,train
RICE_007091,2005,train
RICE_007092,2005,train
RICE_007093,2005,train
RICE_007094,2005,train
RICE_007095,2005,train
RICE_007096,2005,train
RICE_007097,2005,train
RICE_007098,2005,train
RICE_007099,2005,train
RICE_007100,2005,train
RICE_007101,2005,train
RICE_007102,2005,train
RICE_007103,2005,train
RICE_007104,2005,train
RICE_007105,2005,train
RICE_007106,2005,train
RICE_007107,2005,train
RICE_007108,2005,train
RICE_007109,2005,train
RICE_007110,2005,train
RICE_007111,2005,train
RICE_007112,2005,train
RICE_007113,2005,train
RICE_007114,2005,train
RICE_007115,2005,train
RICE_007116,2005,train
RICE_007117,2005,train
RICE_007118,2005,train
RICE_007119,2005,train
RICE_007120,2005,train
RICE_007121,2005,train
RICE_007122,2005,train
RICE_007123,2005,train
RICE_007124,2005,train
RICE_007125,2005,train
RICE_007126,2005,train
RICE_007127,2005,train
RICE_007128,2005,train
RICE_007129,2005,train
RICE_007130,2005,train
RICE_007131,2005,train
RICE_007132,2005,train
RICE_007133,2005,train
RICE_007134,2005,train
RICE_007135,2005,train
RICE_007136,2005,train
RICE_007137,2005,train
RICE_007138,2005,train
RICE_007139,2005,train
RICE_007140,2005,train
RICE_007141,2005,train
RICE_007142,2005,train
RICE_007143,2005,train
RICE_007144,2005,train
RICE_007145,2005,train
RICE_007146,2005,train
RICE_007147,2005,train
RICE_007148,2005,train
RICE_007149,2005,train
RICE_007150,2005,train
RICE_007151,2005,train
RICE_007152,2005,train
RICE_007153,2005,train
RICE_007154,2005,train
RICE_007155,2005,train
RICE_007156,2005,train
RICE_007157,2005,train
RICE_007158,2005,train
RICE_007159,2005,train
RICE_007160,2005,train
RICE_007161,2005,train
RICE_007162,2005,train
RICE_007163,2005,train
RICE_007164,2005,train
RICE_007165,2005,train
RICE_007166,2005,train
RICE_007167,2005,train
RICE_007168,2005,train
RICE_007169,2005,train
RICE_007170,2005,train
RICE_007171,2005,train
RICE_007172,2005,train
RICE_007173,2005,train
RICE_007174,2005,train
RICE_007175,2005,train
RICE_007176,2005,train
RICE_007177,2005,train
RICE_007178,2005,train
RICE_007179,2005,train
RICE_007180,2005,train
RICE_007181,2005,train
RICE_007182,2005,train
RICE_007183,2005,train
RICE_007184,2005,train
RICE_007185,2005,train
RICE_007186,2005,train
RICE_007187,2005,train
RICE_007188,2005,train
RICE_007189,2005,train
RICE_007190,2005,train
RICE_007191,2005,train
RICE_007192,2005,train
RICE_007193,2005,train
RICE_007194,2005,train
RICE_007195,2005,train
RICE_007196,2005,train
RICE_007197,2005,train
RICE_007198,2005,train
RICE_007199,2005,train
RICE_007200,2005,train
RICE_007201,2005,train
RICE_007202,2005,train
RICE_007203,2005,train
RICE_007204,2005,train
RICE_007205,2005,train
RICE_007206,2005,train
RICE_007207,2005,train
RICE_007208,2005,train
RICE_007209,2005,train
RICE_007210,2005,train
RICE_007211,2005,train
RICE_007212,2005,train
RICE_007213,2005,train
RICE_007214,2005,train
RICE_007215,2005,train
RICE_007216,2005,train
RICE_007217,2005,train
RICE_007218,2005,train
RICE_007219,2005,train
RICE_007220,2005,train
RICE_007221,2005,train
RICE_007222,2005,train
RICE_007223,2005,train
RICE_007224,2005,train
RICE_007225,2005,train
RICE_007226,2005,train
RICE_007227,2005,train
RICE_007228,2005,train
RICE_007229,2005,train
RICE_007230,2005,train
RICE_007231,2005,train
RICE_007232,2005,train
RICE_007233,2005,train
RICE_007234,2005,train
RICE_007235,2005,train
RICE_007236,2005,train
RICE_007237,2005,train
RICE_007238,2005,train
RICE_007239,2005,train
RICE_007240,2005,train
RICE_007241,2005,train
RICE_007242,2005,train
RICE_007243,2005,train
RICE_007244,2005,train
RICE_007245,2005,train
RICE_007246,2005,train
RICE_007247,2005,train
RICE_007248,2005,train
RICE_007249,2005,train
RICE_007250,2005,train
RICE_007251,2005,train
RICE_007252,2005,train
RICE_007253,2005,train
RICE_007254,2005,train
RICE_007255,2005,train
RICE_007256,2005,train
RICE_007257,2005,train
RICE_007258,2005,train
RICE_007259,2005,train
RICE_007260,2005,train
RICE_007261,2005,train
RICE_007262,2005,train
RICE_007263,2005,train
RICE_007264,2005,train
RICE_007265,2005,train
RICE_007266,2005,train
RICE_007267,2005,train
RICE_007268,2005,train
RICE_007269,2005,train
RICE_007270,2005,train
RICE_007271,2005,train
RICE_007272,2005,train
RICE_007273,2005,train
RICE_007274,2005,train
RICE_007275,2005,train
RICE_007276,2005,train
RICE_007277,2005,train
RICE_007278,2005,train
RICE_007279,2005,train
RICE_007280,2005,train
RICE_007281,2005,train
RICE_007282,2005,train
RICE_007283,2005,train
RICE_007284,2005,train
RICE_007285,2005,train
RICE_007286,2005,train
RICE_007287,2005,train
RICE_007288,2005,train
RICE_007289,2005,train
RICE_007290,2005,train
RICE_007291,2005,train
RICE_007292,2005,train
RICE_007293,2005,train
RICE_007294,2005,train
RICE_007295,2005,train
RICE_007296,2005,train
RICE_007297,2005,train
RICE_007298,2005,train
RICE_007299,2005,train
RICE_007300,2005,train
RICE_007301,2005,train
RICE_007302,2005,train
RICE_007303,2005,train
RICE_007304,2005,train
RICE_007305,2005,train
RICE_007306,2005,train
RICE_007307,2006,train
RICE_007308,2006,train
RICE_007309,2006,train
RICE_007310,2006,train
RICE_007311,2006,train
RICE_007312,2006,train
RICE_007313,2006,train
RICE_007314,2006,train
RICE_007315,2006,train
RICE_007316,2006,train
RICE_007317,2006,train
RICE_007318,2006,train
RICE_007319,2006,train
RICE_007320,2006,train
RICE_007321,2006,train
RICE_007322,2006,train
RICE_007323,2006,train
RICE_007324,2006,train
RICE_007325,2006,train
RICE_007326,2006,train
RICE_007327,2006,train
RICE_007328,2006,train
RICE_007329,2006,train
RICE_007330,2006,train
RICE_007331,2006,train
RICE_007332,2006,train
RICE_007333,2006,train
RICE_007334,2006,train
RICE_007335,2006,train
RICE_007336,2006,train
RICE_007337,2006,train
RICE_007338,2006,train
RICE_007339,2006,train
RICE_007340,2006,train
RICE_007341,2006,train
RICE_007342,2006,train
RICE_007343,2006,train
RICE_007344,2006,train
RICE_007345,2006,train
RICE_007346,2006,train
RICE_007347,2006,train
RICE_007348,2006,train
RICE_007349,2006,train
RICE_007350,2006,train
RICE_007351,2006,train
RICE_007352,2006,train
RICE_007353,2006,train
RICE_007354,2006,train
RICE_007355,2006,train
RICE_007356,2006,train
RICE_007357,2006,train
RICE_007358,2006,train
RICE_007359,2006,train
RICE_007360,2006,train
RICE_007361,2006,train
RICE_007362,2006,train
RICE_007363,2006,train
RICE_007364,2006,train
RICE_007365,2006,train
RICE_007366,2006,train
RICE_007367,2006,train
RICE_007368,2006,train
RICE_007369,2006,train
RICE_007370,2006,train
RICE_007371,2006,train
RICE_007372,2006,train
RICE_007373,2006,train
RICE_007374,2006,train
RICE_007375,2006,train
RICE_007376,2006,train
RICE_007377,2006,train
RICE_007378,2006,train
RICE_007379,2006,train
RICE_007380,2006,train
RICE_007381,2006,train
RICE_007382,2006,train
RICE_007383,2006,train
RICE_007384,2006,train
RICE_007385,2006,train
RICE_007386,2006,train
RICE_007387,2006,train
RICE_007388,2006,train
RICE_007389,2006,train
RICE_007390,2006,train
RICE_007391,2006,train
RICE_007392,2006,train
RICE_007393,2006,train
RICE_007394,2006,train
RICE_007395,2006,train
RICE_007396,2006,train
RICE_007397,2006,train
RICE_007398,2006,train
RICE_007399,2006,train
RICE_007400,2006,train
RICE_007401,2006,train
RICE_007402,2006,train
RICE_007403,2006,train
RICE_007404,2006,train
RICE_007405,2006,train
RICE_007406,2006,train
RICE_007407,2006,train
RICE_007408,2006,train
RICE_007409,2006,train
RICE_007410,2006,train
RICE_007411,2006,train
RICE_007412,2006,train
RICE_007413,2006,train
RICE_007414,2006,train
RICE_007415,2006,train
RICE_007416,2006,train
RICE_007417,2006,train
RICE_007418,2006,train
RICE_007419,2006,train
RICE_007420,2006,train
RICE_007421,2006,train
RICE_007422,2006,train
RICE_007423,2006,train
RICE_007424,2006,train
RICE_007425,2006,train
RICE_007426,2006,train
RICE_007427,2006,train
RICE_007428,2006,train
RICE_007429,2006,train
RICE_007430,2006,train
RICE_007431,2006,train
RICE_007432,2006,train
RICE_007433,2006,train
RICE_007434,2006,train
RICE_007435,2006,train
RICE_007436,2006,train
RICE_007437,2006,train
RICE_007438,2006,train
RICE_007439,2006,train
RICE_007440,2006,train
RICE_007441,2006,train
RICE_007442,2006,train
RICE_007443,2006,train
RICE_007444,2006,train
RICE_007445,2006,train
RICE_007446,2006,train
RICE_007447,2006,train
RICE_007448,2006,train
RICE_007449,2006,train
RICE_007450,2006,train
RICE_007451,2006,train
RICE_007452,2006,train
RICE_007453,2006,train
RICE_007454,2006,train
RICE_007455,2006,train
RICE_007456,2006,train
RICE_007457,2006,train
RICE_007458,2006,train
RICE_007459,2006,train
RICE_007460,2006,train
RICE_007461,2006,train
RICE_007462,2006,train
RICE_007463,2006,train
RICE_007464,2006,train
RICE_007465,2006,train
RICE_007466,2006,train
RICE_007467,2006,train
RICE_007468,2006,train
RICE_007469,2006,train
RICE_007470,2006,train
RICE_007471,2006,train
RICE_007472,2006,train
RICE_007473,2006,train
RICE_007474,2006,train
RICE_007475,2006,train
RICE_007476,2006,train
RICE_007477,2006,train
RICE_007478,2006,train
RICE_007479,2006,train
RICE_007480,2006,train
RICE_007481,2006,train
RICE_007482,2006,train
RICE_007483,2006,train
RICE_007484,2006,train
RICE_007485,2006,train
RICE_007486,2006,train
RICE_007487,2006,train
RICE_007488,2006,train
RICE_007489,2006,train
RICE_007490,2006,train
RICE_007491,2006,train
RICE_007492,2006,train
RICE_007493,2006,train
RICE_007494,2006,train
RICE_007495,2006,train
RICE_007496,2006,train
RICE_007497,2006,train
RICE_007498,2006,train
RICE_007499,2006,train
RICE_007500,2006,train
RICE_007501,2006,train
RICE_007502,2006,train
RICE_007503,2006,train
RICE_007504,2006,train
RICE_007505,2006,train
RICE_007506,2006,train
RICE_007507,2006,train
RICE_007508,2006,train
RICE_007509,2006,train
RICE_007510,2006,train
RICE_007511,2006,train
RICE_007512,2006,train
RICE_007513,2006,train
RICE_007514,2006,train
RICE_007515,2006,train
RICE_007516,2006,train
RICE_007517,2006,train
RICE_007518,2006,train
RICE_007519,2006,train
RICE_007520,2006,train
RICE_007521,2006,train
RICE_007522,2006,train
RICE_007523,2006,train
RICE_007524,2006,train
RICE_007525,2006,train
RICE_007526,2006,train
RICE_007527,2006,train
RICE_007528,2006,train
RICE_007529,2006,train
RICE_007530,2006,train
RICE_007531,2006,train
RICE_007532,2006,train
RICE_007533,2006,train
RICE_007534,2006,train
RICE_007535,2006,train
RICE_007536,2006,train
RICE_007537,2006,train
RICE_007538,2006,train
RICE_007539,2006,train
RICE_007540,2006,train
RICE_007541,2006,train
RICE_007542,2006,train
RICE_007543,2006,train
RICE_007544,2006,train
RICE_007545,2006,train
RICE_007546,2006,train
RICE_007547,2006,train
RICE_007548,2006,train
RICE_007549,2006,train
RICE_007550,2006,train
RICE_007551,2006,train
RICE_007552,2006,train
RICE_007553,2006,train
RICE_007554,2006,train
RICE_007555,2006,train
RICE_007556,2006,train
RICE_007557,2006,train
RICE_007558,2006,train
RICE_007559,2006,train
RICE_007560,2006,train
RICE_007561,2006,train
RICE_007562,2006,train
RICE_007563,2006,train
RICE_007564,2006,train
RICE_007565,2006,train
RICE_007566,2006,train
RICE_007567,2006,train
RICE_007568,2006,train
RICE_007569,2006,train
RICE_007570,2006,train
RICE_007571,2006,train
RICE_007572,2006,train
RICE_007573,2006,train
RICE_007574,2006,train
RICE_007575,2006,train
RICE_007576,2006,train
RICE_007577,2006,train
RICE_007578,2006,train
RICE_007579,2006,train
RICE_007580,2006,train
RICE_007581,2006,train
RICE_007582,2006,train
RICE_007583,2006,train
RICE_007584,2006,train
RICE_007585,2006,train
RICE_007586,2006,train
RICE_007587,2006,train
RICE_007588,2006,train
RICE_007589,2006,train
RICE_007590,2006,train
RICE_007591,2006,train
RICE_007592,2006,train
RICE_007593,2006,train
RICE_007594,2006,train
RICE_007595,2006,train
RICE_007596,2006,train
RICE_007597,2006,train
RICE_007598,2006,train
RICE_007599,2006,train
RICE_007600,2006,train
RICE_007601,2006,train
RICE_007602,2006,train
RICE_007603,2006,train
RICE_007604,2006,train
RICE_007605,2006,train
RICE_007606,2006,train
RICE_007607,2006,train
RICE_007608,2006,train
RICE_007609,2006,train
RICE_007610,2006,train
RICE_007611,2006,train
RICE_007612,2006,train
RICE_007613,2006,train
RICE_007614,2006,train
RICE_007615,2006,train
RICE_007616,2006,train
RICE_007617,2006,train
RICE_007618,2006,train
RICE_007619,2006,train
RICE_007620,2006,train
RICE_007621,2006,train
RICE_007622,2006,train
RICE_007623,2006,train
RICE_007624,2006,train
RICE_007625,2006,train
RICE_007626,2006,train
RICE_007627,2006,train
RICE_007628,2006,train
RICE_007629,2006,train
RICE_007630,2006,train
RICE_007631,2006,train
RICE_007632,2006,train
RICE_007633,2006,train
RICE_007634,2006,train
RICE_007635,2006,train
RICE_007636,2006,train
RICE_007637,2006,train
RICE_007638,2006,train
RICE_007639,2006,train
RICE_007640,2006,train
RICE_007641,2006,train
RICE_007642,2006,train
RICE_007643,2006,train
RICE_007644,2006,train
RICE_007645,2006,train
RICE_007646,2006,train
RICE_007647,2006,train
RICE_007648,2006,train
RICE_007649,2006,train
RICE_007650,2006,train
RICE_007651,2006,train
RICE_007652,2006,train
RICE_007653,2006,train
RICE_007654,2006,train
RICE_007655,2006,train
RICE_007656,2006,train
RICE_007657,2006,train
RICE_007658,2006,train
RICE_007659,2006,train
RICE_007660,2006,train
RICE_007661,2006,train
RICE_007662,2006,train
RICE_007663,2006,train
RICE_007664,2006,train
RICE_007665,2006,train
RICE_007666,2006,train
RICE_007667,2006,train
RICE_007668,2006,train
RICE_007669,2006,train
RICE_007670,2006,train
RICE_007671,2006,train
RICE_007672,2006,train
RICE_007673,2006,train
RICE_007674,2006,train
RICE_007675,2006,train
RICE_007676,2006,train
RICE_007677,2006,train
RICE_007678,2006,train
RICE_007679,2006,train
RICE_007680,2006,train
RICE_007681,2006,train
RICE_007682,2006,train
RICE_007683,2006,train
RICE_007684,2006,train
RICE_007685,2006,train
RICE_007686,2006,train
RICE_007687,2006,train
RICE_007688,2006,train
RICE_007689,2006,train
RICE_007690,2006,train
RICE_007691,2006,train
RICE_007692,2006,train
RICE_007693,2006,train
RICE_007694,2006,train
RICE_007695,2006,train
RICE_007696,2006,train
RICE_007697,2006,train
RICE_007698,2006,train
RICE_007699,2006,train
RICE_007700,2006,train
RICE_007701,2006,train
RICE_007702,2006,train
RICE_007703,2006,train
RICE_007704,2006,train
RICE_007705,2006,train
RICE_007706,2006,train
RICE_007707,2006,train
RICE_007708,2006,train
RICE_007709,2006,train
RICE_007710,2006,train
RICE_007711,2006,train
RICE_007712,2006,train
RICE_007713,2006,train
RICE_007714,2006,train
RICE_007715,2006,train
RICE_007716,2006,train
RICE_007717,2006,train
RICE_007718,2006,train
RICE_007719,2006,train
RICE_007720,2006,train
RICE_007721,2006,train
RICE_007722,2006,train
RICE_007723,2006,train
RICE_007724,2006,train
RICE_007725,2006,train
RICE_007726,2006,train
RICE_007727,2006,train
RICE_007728,2006,train
RICE_007729,2006,train
RICE_007730,2006,train
RICE_007731,2006,train
RICE_007732,2006,train
RICE_007733,2006,train
RICE_007734,2006,train
RICE_007735,2006,train
RICE_007736,2006,train
RICE_007737,2006,train
RICE_007738,2006,train
RICE_007739,2006,train
RICE_007740,2006,train
RICE_007741,2006,train
RICE_007742,2006,train
RICE_007743,2006,train
RICE_007744,2006,train
RICE_007745,2006,train
RICE_007746,2006,train
RICE_007747,2006,train
RICE_007748,2006,train
RICE_007749,2006,train
RICE_007750,2006,train
RICE_007751,2006,train
RICE_007752,2006,train
RICE_007753,2006,train
RICE_007754,2006,train
RICE_007755,2006,train
RICE_007756,2006,train
RICE_007757,2006,train
RICE_007758,2006,train
RICE_007759,2006,train
RICE_007760,2006,train
RICE_007761,2006,train
RICE_007762,2006,train
RICE_007763,2006,train
RICE_007764,2006,train
RICE_007765,2006,train
RICE_007766,2006,train
RICE_007767,2006,train
RICE_007768,2006,train
RICE_007769,2006,train
RICE_007770,2006,train
RICE_007771,2006,train
RICE_007772,2006,train
RICE_007773,2006,train
RICE_007774,2006,train
RICE_007775,2006,train
RICE_007776,2006,train
RICE_007777,2006,train
RICE_007778,2006,train
RICE_007779,2006,train
RICE_007780,2006,train
RICE_007781,2006,train
RICE_007782,2006,train
RICE_007783,2006,train
RICE_007784,2006,train
RICE_007785,2006,train
RICE_007786,2006,train
RICE_007787,2006,train
RICE_007788,2006,train
RICE_007789,2006,train
RICE_007790,2006,train
RICE_007791,2006,train
RICE_007792,2006,train
RICE_007793,2006,train
RICE_007794,2006,train
RICE_007795,2006,train
RICE_007796,2006,train
RICE_007797,2006,train
RICE_007798,2006,train
RICE_007799,2006,train
RICE_007800,2006,train
RICE_007801,2006,train
RICE_007802,2006,train
RICE_007803,2006,train
RICE_007804,2006,train
RICE_007805,2006,train
RICE_007806,2006,train
RICE_007807,2006,train
RICE_007808,2006,train
RICE_007809,2006,train
RICE_007810,2006,train
RICE_007811,2006,train
RICE_007812,2006,train
RICE_007813,2006,train
RICE_007814,2006,train
RICE_007815,2006,train
RICE_007816,2006,train
RICE_007817,2006,train
RICE_007818,2006,train
RICE_007819,2006,train
RICE_007820,2006,train
RICE_007821,2006,train
RICE_007822,2006,train
RICE_007823,2006,train
RICE_007824,2006,train
RICE_007825,2006,train
RICE_007826,2006,train
RICE_007827,2006,train
RICE_007828,2006,train
RICE_007829,2006,train
RICE_007830,2006,train
RICE_007831,2006,train
RICE_007832,2006,train
RICE_007833,2006,train
RICE_007834,2006,train
RICE_007835,2006,train
RICE_007836,2006,train
RICE_007837,2006,train
RICE_007838,2006,train
RICE_007839,2006,train
RICE_007840,2006,train
RICE_007841,2006,train
RICE_007842,2006,train
RICE_007843,2006,train
RICE_007844,2006,train
RICE_007845,2006,train
RICE_007846,2006,train
RICE_007847,2006,train
RICE_007848,2006,train
RICE_007849,2006,train
RICE_007850,2006,train
RICE_007851,2006,train
RICE_007852,2006,train
RICE_007853,2006,train
RICE_007854,2006,train
RICE_007855,2006,train
RICE_007856,2006,train
RICE_007857,2006,train
RICE_007858,2006,train
RICE_007859,2006,train
RICE_007860,2006,train
RICE_007861,2006,train
RICE_007862,2006,train
RICE_007863,2006,train
RICE_007864,2006,train
RICE_007865,2006,train
RICE_007866,2006,train
RICE_007867,2006,train
RICE_007868,2006,train
RICE_007869,2006,train
RICE_007870,2006,train
RICE_007871,2006,train
RICE_007872,2006,train
RICE_007873,2006,train
RICE_007874,2006,train
RICE_007875,2006,train
RICE_007876,2006,train
RICE_007877,2006,train
RICE_007878,2006,train
RICE_007879,2006,train
RICE_007880,2006,train
RICE_007881,2006,train
RICE_007882,2006,train
RICE_007883,2006,train
RICE_007884,2006,train
RICE_007885,2006,train
RICE_007886,2006,train
RICE_007887,2006,train
RICE_007888,2006,train
RICE_007889,2006,train
RICE_007890,2006,train
RICE_007891,2006,train
RICE_007892,2006,train
RICE_007893,2006,train
RICE_007894,2006,train
RICE_007895,2006,train
RICE_007896,2006,train
RICE_007897,2006,train
RICE_007898,2006,train
RICE_007899,2006,train
RICE_007900,2006,train
RICE_007901,2006,train
RICE_007902,2006,train
RICE_007903,2006,train
RICE_007904,2006,train
RICE_007905,2006,train
RICE_007906,2006,train
RICE_007907,2006,train
RICE_007908,2006,train
RICE_007909,2006,train
RICE_007910,2006,train
RICE_007911,2006,train
RICE_007912,2006,train
RICE_007913,2006,train
RICE_007914,2006,train
RICE_007915,2006,train
RICE_007916,2006,train
RICE_007917,2006,train
RICE_007918,2006,train
RICE_007919,2006,train
RICE_007920,2006,train
RICE_007921,2006,train
RICE_007922,2006,train
RICE_007923,2006,train
RICE_007924,2006,train
RICE_007925,2006,train
RICE_007926,2006,train
RICE_007927,2006,train
RICE_007928,2006,train
RICE_007929,2006,train
RICE_007930,2006,train
RICE_007931,2006,train
RICE_007932,2006,train
RICE_007933,2006,train
RICE_007934,2006,train
RICE_007935,2006,train
RICE_007936,2006,train
RICE_007937,2006,train
RICE_007938,2006,train
RICE_007939,2006,train
RICE_007940,2006,train
RICE_007941,2006,train
RICE_007942,2006,train
RICE_007943,2006,train
RICE_007944,2006,train
RICE_007945,2006,train
RICE_007946,2006,train
RICE_007947,2006,train
RICE_007948,2006,train
RICE_007949,2006,train
RICE_007950,2006,train
RICE_007951,2006,train
RICE_007952,2006,train
RICE_007953,2006,train
RICE_007954,2006,train
RICE_007955,2006,train
RICE_007956,2006,train
RICE_007957,2006,train
RICE_007958,2006,train
RICE_007959,2006,train
RICE_007960,2006,train
RICE_007961,2006,train
RICE_007962,2006,train
RICE_007963,2006,train
RICE_007964,2006,train
RICE_007965,2006,train
RICE_007966,2006,train
RICE_007967,2006,train
RICE_007968,2006,train
RICE_007969,2006,train
RICE_007970,2006,train
RICE_007971,2006,train
RICE_007972,2006,train
RICE_007973,2006,train
RICE_007974,2006,train
RICE_007975,2006,train
RICE_007976,2006,train
RICE_007977,2006,train
RICE_007978,2006,train
RICE_007979,2006,train
RICE_007980,2006,train
RICE_007981,2006,train
RICE_007982,2006,train
RICE_007983,2006,train
RICE_007984,2006,train
RICE_007985,2006,train
RICE_007986,2006,train
RICE_007987,2006,train
RICE_007988,2006,train
RICE_007989,2006,train
RICE_007990,2006,train
RICE_007991,2006,train
RICE_007992,2006,train
RICE_007993,2006,train
RICE_007994,2006,train
RICE_007995,2006,train
RICE_007996,2006,train
RICE_007997,2006,train
RICE_007998,2006,train
RICE_007999,2006,train
RICE_008000,2006,train
RICE_008001,2006,train
RICE_008002,2006,train
RICE_008003,2006,train
RICE_008004,2006,train
RICE_008005,2006,train
RICE_008006,2006,train
RICE_008007,2006,train
RICE_008008,2006,train
RICE_008009,2006,train
RICE_008010,2006,train
RICE_008011,2006,train
RICE_008012,2006,train
RICE_008013,2006,train
RICE_008014,2006,train
RICE_008015,2006,train
RICE_008016,2006,train
RICE_008017,2006,train
RICE_008018,2006,train
RICE_008019,2006,train
RICE_008020,2006,train
RICE_008021,2006,train
RICE_008022,2006,train
RICE_008023,2006,train
RICE_008024,2006,train
RICE_008025,2006,train
RICE_008026,2006,train
RICE_008027,2006,train
RICE_008028,2006,train
RICE_008029,2006,train
RICE_008030,2006,train
RICE_008031,2006,train
RICE_008032,2006,train
RICE_008033,2006,train
RICE_008034,2006,train
RICE_008035,2006,train
RICE_008036,2006,train
RICE_008037,2006,train
RICE_008038,2006,train
RICE_008039,2006,train
RICE_008040,2006,train
RICE_008041,2006,train
RICE_008042,2006,train
RICE_008043,2006,train
RICE_008044,2006,train
RICE_008045,2006,train
RICE_008046,2006,train
RICE_008047,2006,train
RICE_008048,2006,train
RICE_008049,2006,train
RICE_008050,2006,train
RICE_008051,2006,train
RICE_008052,2006,train
RICE_008053,2006,train
RICE_008054,2006,train
RICE_008055,2006,train
RICE_008056,2006,train
RICE_008057,2006,train
RICE_008058,2006,train
RICE_008059,2006,train
RICE_008060,2006,train
RICE_008061,2006,train
RICE_008062,2006,train
RICE_008063,2006,train
RICE_008064,2006,train
RICE_008065,2006,train
RICE_008066,2006,train
RICE_008067,2006,train
RICE_008068,2006,train
RICE_008069,2006,train
RICE_008070,2006,train
RICE_008071,2006,train
RICE_008072,2006,train
RICE_008073,2006,train
RICE_008074,2006,train
RICE_008075,2006,train
RICE_008076,2006,train
RICE_008077,2006,train
RICE_008078,2006,train
RICE_008079,2006,train
RICE_008080,2006,train
RICE_008081,2006,train
RICE_008082,2006,train
RICE_008083,2006,train
RICE_008084,2006,train
RICE_008085,2006,train
RICE_008086,2006,train
RICE_008087,2006,train
RICE_008088,2006,train
RICE_008089,2006,train
RICE_008090,2006,train
RICE_008091,2006,train
RICE_008092,2006,train
RICE_008093,2006,train
RICE_008094,2006,train
RICE_008095,2006,train
RICE_008096,2006,train
RICE_008097,2006,train
RICE_008098,2006,train
RICE_008099,2006,train
RICE_008100,2006,train
RICE_008101,2006,train
RICE_008102,2006,train
RICE_008103,2006,train
RICE_008104,2006,train
RICE_008105,2006,train
RICE_008106,2006,train
RICE_008107,2006,train
RICE_008108,2006,train
RICE_008109,2006,train
RICE_008110,2006,train
RICE_008111,2006,train
RICE_008112,2006,train
RICE_008113,2006,train
RICE_008114,2006,train
RICE_008115,2006,train
RICE_008116,2006,train
RICE_008117,2006,train
RICE_008118,2006,train
RICE_008119,2006,train
RICE_008120,2006,train
RICE_008121,2006,train
RICE_008122,2006,train
RICE_008123,2006,train
RICE_008124,2006,train
RICE_008125,2006,train
RICE_008126,2006,train
RICE_008127,2006,train
RICE_008128,2006,train
RICE_008129,2006,train
RICE_008130,2006,train
RICE_008131,2006,train
RICE_008132,2006,train
RICE_008133,2006,train
RICE_008134,2006,train
RICE_008135,2006,train
RICE_008136,2006,train
RICE_008137,2006,train
RICE_008138,2006,train
RICE_008139,2006,train
RICE_008140,2006,train
RICE_008141,2006,train
RICE_008142,2006,train
RICE_008143,2006,train
RICE_008144,2006,train
RICE_008145,2006,train
RICE_008146,2006,train
RICE_008147,2006,train
RICE_008148,2006,train
RICE_008149,2006,train
RICE_008150,2006,train
RICE_008151,2006,train
RICE_008152,2006,train
RICE_008153,2006,train
RICE_008154,2006,train
RICE_008155,2006,train
RICE_008156,2006,train
RICE_008157,2006,train
RICE_008158,2006,train
RICE_008159,2006,train
RICE_008160,2006,train
RICE_008161,2006,train
RICE_008162,2006,train
RICE_008163,2006,train
RICE_008164,2006,train
RICE_008165,2006,train
RICE_008166,2006,train
RICE_008167,2006,train
RICE_008168,2006,train
RICE_008169,2006,train
RICE_008170,2006,train
RICE_008171,2006,train
RICE_008172,2006,train
RICE_008173,2006,train
RICE_008174,2006,train
RICE_008175,2006,train
RICE_008176,2006,train
RICE_008177,2006,train
RICE_008178,2006,train
RICE_008179,2006,train
RICE_008180,2006,train
RICE_008181,2006,train
RICE_008182,2006,train
RICE_008183,2006,train
RICE_008184,2006,train
RICE_008185,2006,train
RICE_008186,2006,train
RICE_008187,2006,train
RICE_008188,2006,train
RICE_008189,2006,train
RICE_008190,2006,train
RICE_008191,2006,train
RICE_008192,2006,train
RICE_008193,2006,train
RICE_008194,2006,train
RICE_008195,2006,train
RICE_008196,2006,train
RICE_008197,2006,train
RICE_008198,2006,train
RICE_008199,2006,train
RICE_008200,2006,train
RICE_008201,2006,train
RICE_008202,2006,train
RICE_008203,2006,train
RICE_008204,2006,train
RICE_008205,2006,train
RICE_008206,2006,train
RICE_008207,2006,train
RICE_008208,2006,train
RICE_008209,2006,train
RICE_008210,2006,train
RICE_008211,2006,train
RICE_008212,2006,train
RICE_008213,2006,train
RICE_008214,2006,train
RICE_008215,2006,train
RICE_008216,2006,train
RICE_008217,2006,train
RICE_008218,2006,train
RICE_008219,2006,train
RICE_008220,2006,train
RICE_008221,2006,train
RICE_008222,2006,train
RICE_008223,2006,train
RICE_008224,2006,train
RICE_008225,2006,train
RICE_008226,2006,train
RICE_008227,2007,train
RICE_008228,2007,train
RICE_008229,2007,train
RICE_008230,2007,train
RICE_008231,2007,train
RICE_008232,2007,train
RICE_008233,2007,train
RICE_008234,2007,train
RICE_008235,2007,train
RICE_008236,2007,train
RICE_008237,2007,train
RICE_008238,2007,train
RICE_008239,2007,train
RICE_008240,2007,train
RICE_008241,2007,train
RICE_008242,2007,train
RICE_008243,2007,train
RICE_008244,2007,train
RICE_008245,2007,train
RICE_008246,2007,train
RICE_008247,2007,train
RICE_008248,2007,train
RICE_008249,2007,train
RICE_008250,2007,train
RICE_008251,2007,train
RICE_008252,2007,train
RICE_008253,2007,train
RICE_008254,2007,train
RICE_008255,2007,train
RICE_008256,2007,train
RICE_008257,2007,train
RICE_008258,2007,train
RICE_008259,2007,train
RICE_008260,2007,train
RICE_008261,2007,train
RICE_008262,2007,train
RICE_008263,2007,train
RICE_008264,2007,train
RICE_008265,2007,train
RICE_008266,2007,train
RICE_008267,2007,train
RICE_008268,2007,train
RICE_008269,2007,train
RICE_008270,2007,train
RICE_008271,2007,train
RICE_008272,2007,train
RICE_008273,2007,train
RICE_008274,2007,train
RICE_008275,2007,train
RICE_008276,2007,train
RICE_008277,2007,train
RICE_008278,2007,train
RICE_008279,2007,train
RICE_008280,2007,train
RICE_008281,2007,train
RICE_008282,2007,train
RICE_008283,2007,train
RICE_008284,2007,train
RICE_008285,2007,train
RICE_008286,2007,train
RICE_008287,2007,train
RICE_008288,2007,train
RICE_008289,2007,train
RICE_008290,2007,train
RICE_008291,2007,train
RICE_008292,2007,train
RICE_008293,2007,train
RICE_008294,2007,train
RICE_008295,2007,train
RICE_008296,2007,train
RICE_008297,2007,train
RICE_008298,2007,train
RICE_008299,2007,train
RICE_008300,2007,train
RICE_008301,2007,train
RICE_008302,2007,train
RICE_008303,2007,train
RICE_008304,2007,train
RICE_008305,2007,train
RICE_008306,2007,train
RICE_008307,2007,train
RICE_008308,2007,train
RICE_008309,2007,train
RICE_008310,2007,train
RICE_008311,2007,train
RICE_008312,2007,train
RICE_008313,2007,train
RICE_008314,2007,train
RICE_008315,2007,train
RICE_008316,2007,train
RICE_008317,2007,train
RICE_008318,2007,train
RICE_008319,2007,train
RICE_008320,2007,train
RICE_008321,2007,train
RICE_008322,2007,train
RICE_008323,2007,train
RICE_008324,2007,train
RICE_008325,2007,train
RICE_008326,2007,train
RICE_008327,2007,train
RICE_008328,2007,train
RICE_008329,2007,train
RICE_008330,2007,train
RICE_008331,2007,train
RICE_008332,2007,train
RICE_008333,2007,train
RICE_008334,2007,train
RICE_008335,2007,train
RICE_008336,2007,train
RICE_008337,2007,train
RICE_008338,2007,train
RICE_008339,2007,train
RICE_008340,2007,train
RICE_008341,2007,train
RICE_008342,2007,train
RICE_008343,2007,train
RICE_008344,2007,train
RICE_008345,2007,train
RICE_008346,2007,train
RICE_008347,2007,train
RICE_008348,2007,train
RICE_008349,2007,train
RICE_008350,2007,train
RICE_008351,2007,train
RICE_008352,2007,train
RICE_008353,2007,train
RICE_008354,2007,train
RICE_008355,2007,train
RICE_008356,2007,train
RICE_008357,2007,train
RICE_008358,2007,train
RICE_008359,2007,train
RICE_008360,2007,train
RICE_008361,2007,train
RICE_008362,2007,train
RICE_008363,2007,train
RICE_008364,2007,train
RICE_008365,2007,train
RICE_008366,2007,train
RICE_008367,2007,train
RICE_008368,2007,train
RICE_008369,2007,train
RICE_008370,2007,train
RICE_008371,2007,train
RICE_008372,2007,train
RICE_008373,2007,train
RICE_008374,2007,train
RICE_008375,2007,train
RICE_008376,2007,train
RICE_008377,2007,train
RICE_008378,2007,train
RICE_008379,2007,train
RICE_008380,2007,train
RICE_008381,2007,train
RICE_008382,2007,train
RICE_008383,2007,train
RICE_008384,2007,train
RICE_008385,2007,train
RICE_008386,2007,train
RICE_008387,2007,train
RICE_008388,2007,train
RICE_008389,2007,train
RICE_008390,2007,train
RICE_008391,2007,train
RICE_008392,2007,train
RICE_008393,2007,train
RICE_008394,2007,train
RICE_008395,2007,train
RICE_008396,2007,train
RICE_008397,2007,train
RICE_008398,2007,train
RICE_008399,2007,train
RICE_008400,2007,train
RICE_008401,2007,train
RICE_008402,2007,train
RICE_008403,2007,train
RICE_008404,2007,train
RICE_008405,2007,train
RICE_008406,2007,train
RICE_008407,2007,train
RICE_008408,2007,train
RICE_008409,2007,train
RICE_008410,2007,train
RICE_008411,2007,train
RICE_008412,2007,train
RICE_008413,2007,train
RICE_008414,2007,train
RICE_008415,2007,train
RICE_008416,2007,train
RICE_008417,2007,train
RICE_008418,2007,train
RICE_008419,2007,train
RICE_008420,2007,train
RICE_008421,2007,train
RICE_008422,2007,train
RICE_008423,2007,train
RICE_008424,2007,train
RICE_008425,2007,train
RICE_008426,2007,train
RICE_008427,2007,train
RICE_008428,2007,train
RICE_008429,2007,train
RICE_008430,2007,train
RICE_008431,2007,train
RICE_008432,2007,train
RICE_008433,2007,train
RICE_008434,2007,train
RICE_008435,2007,train
RICE_008436,2007,train
RICE_008437,2007,train
RICE_008438,2007,train
RICE_008439,2007,train
RICE_008440,2007,train
RICE_008441,2007,train
RICE_008442,2007,train
RICE_008443,2007,train
RICE_008444,2007,train
RICE_008445,2007,train
RICE_008446,2007,train
RICE_008447,2007,train
RICE_008448,2007,train
RICE_008449,2007,train
RICE_008450,2007,train
RICE_008451,2007,train
RICE_008452,2007,train
RICE_008453,2007,train
RICE_008454,2007,train
RICE_008455,2007,train
RICE_008456,2007,train
RICE_008457,2007,train
RICE_008458,2007,train
RICE_008459,2007,train
RICE_008460,2007,train
RICE_008461,2007,train
RICE_008462,2007,train
RICE_008463,2007,train
RICE_008464,2007,train
RICE_008465,2007,train
RICE_008466,2007,train
RICE_008467,2007,train
RICE_008468,2007,train
RICE_008469,2007,train
RICE_008470,2007,train
RICE_008471,2007,train
RICE_008472,2007,train
RICE_008473,2007,train
RICE_008474,2007,train
RICE_008475,2007,train
RICE_008476,2007,train
RICE_008477,2007,train
RICE_008478,2007,train
RICE_008479,2007,train
RICE_008480,2007,train
RICE_008481,2007,train
RICE_008482,2007,train
RICE_008483,2007,train
RICE_008484,2007,train
RICE_008485,2007,train
RICE_008486,2007,train
RICE_008487,2007,train
RICE_008488,2007,train
RICE_008489,2007,train
RICE_008490,2007,train
RICE_008491,2007,train
RICE_008492,2007,train
RICE_008493,2007,train
RICE_008494,2007,train
RICE_008495,2007,train
RICE_008496,2007,train
RICE_008497,2007,train
RICE_008498,2007,train
RICE_008499,2007,train
RICE_008500,2007,train
RICE_008501,2007,train
RICE_008502,2007,train
RICE_008503,2007,train
RICE_008504,2007,train
RICE_008505,2007,train
RICE_008506,2007,train
RICE_008507,2007,train
RICE_008508,2007,train
RICE_008509,2007,train
RICE_008510,2007,train
RICE_008511,2007,train
RICE_008512,2007,train
RICE_008513,2007,train
RICE_008514,2007,train
RICE_008515,2007,train
RICE_008516,2007,train
RICE_008517,2007,train
RICE_008518,2007,train
RICE_008519,2007,train
RICE_008520,2007,train
RICE_008521,2007,train
RICE_008522,2007,train
RICE_008523,2007,train
RICE_008524,2007,train
RICE_008525,2007,train
RICE_008526,2007,train
RICE_008527,2007,train
RICE_008528,2007,train
RICE_008529,2007,train
RICE_008530,2007,train
RICE_008531,2007,train
RICE_008532,2007,train
RICE_008533,2007,train
RICE_008534,2007,train
RICE_008535,2007,train
RICE_008536,2007,train
RICE_008537,2007,train
RICE_008538,2007,train
RICE_008539,2007,train
RICE_008540,2007,train
RICE_008541,2007,train
RICE_008542,2007,train
RICE_008543,2007,train
RICE_008544,2007,train
RICE_008545,2007,train
RICE_008546,2007,train
RICE_008547,2007,train
RICE_008548,2007,train
RICE_008549,2007,train
RICE_008550,2007,train
RICE_008551,2007,train
RICE_008552,2007,train
RICE_008553,2007,train
RICE_008554,2007,train
RICE_008555,2007,train
RICE_008556,2007,train
RICE_008557,2007,train
RICE_008558,2007,train
RICE_008559,2007,train
RICE_008560,2007,train
RICE_008561,2007,train
RICE_008562,2007,train
RICE_008563,2007,train
RICE_008564,2007,train
RICE_008565,2007,train
RICE_008566,2007,train
RICE_008567,2007,train
RICE_008568,2007,train
RICE_008569,2007,train
RICE_008570,2007,train
RICE_008571,2007,train
RICE_008572,2007,train
RICE_008573,2007,train
RICE_008574,2007,train
RICE_008575,2007,train
RICE_008576,2007,train
RICE_008577,2007,train
RICE_008578,2007,train
RICE_008579,2007,train
RICE_008580,2007,train
RICE_008581,2007,train
RICE_008582,2007,train
RICE_008583,2007,train
RICE_008584,2007,train
RICE_008585,2007,train
RICE_008586,2007,train
RICE_008587,2007,train
RICE_008588,2007,train
RICE_008589,2007,train
RICE_008590,2007,train
RICE_008591,2007,train
RICE_008592,2007,train
RICE_008593,2007,train
RICE_008594,2007,train
RICE_008595,2007,train
RICE_008596,2007,train
RICE_008597,2007,train
RICE_008598,2007,train
RICE_008599,2007,train
RICE_008600,2007,train
RICE_008601,2007,train
RICE_008602,2007,train
RICE_008603,2007,train
RICE_008604,2007,train
RICE_008605,2007,train
RICE_008606,2007,train
RICE_008607,2007,train
RICE_008608,2007,train
RICE_008609,2007,train
RICE_008610,2007,train
RICE_008611,2007,train
RICE_008612,2007,train
RICE_008613,2007,train
RICE_008614,2007,train
RICE_008615,2007,train
RICE_008616,2007,train
RICE_008617,2007,train
RICE_008618,2007,train
RICE_008619,2007,train
RICE_008620,2007,train
RICE_008621,2007,train
RICE_008622,2007,train
RICE_008623,2007,train
RICE_008624,2007,train
RICE_008625,2007,train
RICE_008626,2007,train
RICE_008627,2007,train
RICE_008628,2007,train
RICE_008629,2007,train
RICE_008630,2007,train
RICE_008631,2007,train
RICE_008632,2007,train
RICE_008633,2007,train
RICE_008634,2007,train
RICE_008635,2007,train
RICE_008636,2007,train
RICE_008637,2007,train
RICE_008638,2007,train
RICE_008639,2007,train
RICE_008640,2007,train
RICE_008641,2007,train
RICE_008642,2007,train
RICE_008643,2007,train
RICE_008644,2007,train
RICE_008645,2007,train
RICE_008646,2007,train
RICE_008647,2007,train
RICE_008648,2007,train
RICE_008649,2007,train
RICE_008650,2007,train
RICE_008651,2007,train
RICE_008652,2007,train
RICE_008653,2007,train
RICE_008654,2007,train
RICE_008655,2007,train
RICE_008656,2007,train
RICE_008657,2007,train
RICE_008658,2007,train
RICE_008659,2007,train
RICE_008660,2007,train
RICE_008661,2007,train
RICE_008662,2007,train
RICE_008663,2007,train
RICE_008664,2007,train
RICE_008665,2007,train
RICE_008666,2007,train
RICE_008667,2007,train
RICE_008668,2007,train
RICE_008669,2007,train
RICE_008670,2007,train
RICE_008671,2007,train
RICE_008672,2007,train
RICE_008673,2007,train
RICE_008674,2007,train
RICE_008675,2007,train
RICE_008676,2007,train
RICE_008677,2007,train
RICE_008678,2007,train
RICE_008679,2007,train
RICE_008680,2007,train
RICE_008681,2007,train
RICE_008682,2007,train
RICE_008683,2007,train
RICE_008684,2007,train
RICE_008685,2007,train
RICE_008686,2007,train
RICE_008687,2007,train
RICE_008688,2007,train
RICE_008689,2007,train
RICE_008690,2007,train
RICE_008691,2007,train
RICE_008692,2007,train
RICE_008693,2007,train
RICE_008694,2007,train
RICE_008695,2007,train
RICE_008696,2007,train
RICE_008697,2007,train
RICE_008698,2007,train
RICE_008699,2007,train
RICE_008700,2007,train
RICE_008701,2007,train
RICE_008702,2007,train
RICE_008703,2007,train
RICE_008704,2007,train
RICE_008705,2007,train
RICE_008706,2007,train
RICE_008707,2007,train
RICE_008708,2007,train
RICE_008709,2007,train
RICE_008710,2007,train
RICE_008711,2007,train
RICE_008712,2007,train
RICE_008713,2007,train
RICE_008714,2007,train
RICE_008715,2007,train
RICE_008716,2007,train
RICE_008717,2007,train
RICE_008718,2007,train
RICE_008719,2007,train
RICE_008720,2007,train
RICE_008721,2007,train
RICE_008722,2007,train
RICE_008723,2007,train
RICE_008724,2007,train
RICE_008725,2007,train
RICE_008726,2007,train
RICE_008727,2007,train
RICE_008728,2007,train
RICE_008729,2007,train
RICE_008730,2007,train
RICE_008731,2007,train
RICE_008732,2007,train
RICE_008733,2007,train
RICE_008734,2007,train
RICE_008735,2007,train
RICE_008736,2007,train
RICE_008737,2007,train
RICE_008738,2007,train
RICE_008739,2007,train
RICE_008740,2007,train
RICE_008741,2007,train
RICE_008742,2007,train
RICE_008743,2007,train
RICE_008744,2007,train
RICE_008745,2007,train
RICE_008746,2007,train
RICE_008747,2007,train
RICE_008748,2007,train
RICE_008749,2007,train
RICE_008750,2007,train
RICE_008751,2007,train
RICE_008752,2007,train
RICE_008753,2007,train
RICE_008754,2007,train
RICE_008755,2007,train
RICE_008756,2007,train
RICE_008757,2007,train
RICE_008758,2007,train
RICE_008759,2007,train
RICE_008760,2007,train
RICE_008761,2007,train
RICE_008762,2007,train
RICE_008763,2007,train
RICE_008764,2007,train
RICE_008765,2007,train
RICE_008766,2007,train
RICE_008767,2007,train
RICE_008768,2007,train
RICE_008769,2007,train
RICE_008770,2007,train
RICE_008771,2007,train
RICE_008772,2007,train
RICE_008773,2007,train
RICE_008774,2007,train
RICE_008775,2007,train
RICE_008776,2007,train
RICE_008777,2007,train
RICE_008778,2007,train
RICE_008779,2007,train
RICE_008780,2007,train
RICE_008781,2007,train
RICE_008782,2007,train
RICE_008783,2007,train
RICE_008784,2007,train
RICE_008785,2007,train
RICE_008786,2007,train
RICE_008787,2007,train
RICE_008788,2007,train
RICE_008789,2007,train
RICE_008790,2007,train
RICE_008791,2007,train
RICE_008792,2007,train
RICE_008793,2007,train
RICE_008794,2007,train
RICE_008795,2007,train
RICE_008796,2007,train
RICE_008797,2007,train
RICE_008798,2007,train
RICE_008799,2007,train
RICE_008800,2007,train
RICE_008801,2007,train
RICE_008802,2007,train
RICE_008803,2007,train
RICE_008804,2007,train
RICE_008805,2007,train
RICE_008806,2007,train
RICE_008807,2007,train
RICE_008808,2007,train
RICE_008809,2007,train
RICE_008810,2007,train
RICE_008811,2007,train
RICE_008812,2007,train
RICE_008813,2007,train
RICE_008814,2007,train
RICE_008815,2007,train
RICE_008816,2007,train
RICE_008817,2007,train
RICE_008818,2007,train
RICE_008819,2007,train
RICE_008820,2007,train
RICE_008821,2007,train
RICE_008822,2007,train
RICE_008823,2007,train
RICE_008824,2007,train
RICE_008825,2007,train
RICE_008826,2007,train
RICE_008827,2007,train
RICE_008828,2007,train
RICE_008829,2007,train
RICE_008830,2007,train
RICE_008831,2007,train
RICE_008832,2007,train
RICE_008833,2007,train
RICE_008834,2007,train
RICE_008835,2007,train
RICE_008836,2007,train
RICE_008837,2007,train
RICE_008838,2007,train
RICE_008839,2007,train
RICE_008840,2007,train
RICE_008841,2007,train
RICE_008842,2007,train
RICE_008843,2007,train
RICE_008844,2007,train
RICE_008845,2007,train
RICE_008846,2007,train
RICE_008847,2007,train
RICE_008848,2007,train
RICE_008849,2007,train
RICE_008850,2007,train
RICE_008851,2007,train
RICE_008852,2007,train
RICE_008853,2007,train
RICE_008854,2007,train
RICE_008855,2007,train
RICE_008856,2007,train
RICE_008857,2007,train
RICE_008858,2007,train
RICE_008859,2007,train
RICE_008860,2007,train
RICE_008861,2007,train
RICE_008862,2007,train
RICE_008863,2007,train
RICE_008864,2007,train
RICE_008865,2007,train
RICE_008866,2007,train
RICE_008867,2007,train
RICE_008868,2007,train
RICE_008869,2007,train
RICE_008870,2007,train
RICE_008871,2007,train
RICE_008872,2007,train
RICE_008873,2007,train
RICE_008874,2007,train
RICE_008875,2007,train
RICE_008876,2007,train
RICE_008877,2007,train
RICE_008878,2007,train
RICE_008879,2007,train
RICE_008880,2007,train
RICE_008881,2007,train
RICE_008882,2007,train
RICE_008883,2007,train
RICE_008884,2007,train
RICE_008885,2007,train
RICE_008886,2007,train
RICE_008887,2007,train
RICE_008888,2007,train
RICE_008889,2007,train
RICE_008890,2007,train
RICE_008891,2007,train
RICE_008892,2007,train
RICE_008893,2007,train
RICE_008894,2007,train
RICE_008895,2007,train
RICE_008896,2007,train
RICE_008897,2007,train
RICE_008898,2007,train
RICE_008899,2007,train
RICE_008900,2007,train
RICE_008901,2007,train
RICE_008902,2007,train
RICE_008903,2007,train
RICE_008904,2007,train
RICE_008905,2007,train
RICE_008906,2007,train
RICE_008907,2007,train
RICE_008908,2007,train
RICE_008909,2007,train
RICE_008910,2007,train
RICE_008911,2007,train
RICE_008912,2007,train
RICE_008913,2007,train
RICE_008914,2007,train
RICE_008915,2007,train
RICE_008916,2007,train
RICE_008917,2007,train
RICE_008918,2007,train
RICE_008919,2007,train
RICE_008920,2007,train
RICE_008921,2007,train
RICE_008922,2007,train
RICE_008923,2007,train
RICE_008924,2007,train
RICE_008925,2007,train
RICE_008926,2007,train
RICE_008927,2007,train
RICE_008928,2007,train
RICE_008929,2007,train
RICE_008930,2007,train
RICE_008931,2007,train
RICE_008932,2007,train
RICE_008933,2007,train
RICE_008934,2007,train
RICE_008935,2007,train
RICE_008936,2007,train
RICE_008937,2007,train
RICE_008938,2007,train
RICE_008939,2007,train
RICE_008940,2007,train
RICE_008941,2007,train
RICE_008942,2007,train
RICE_008943,2007,train
RICE_008944,2007,train
RICE_008945,2007,train
RICE_008946,2007,train
RICE_008947,2007,train
RICE_008948,2007,train
RICE_008949,2007,train
RICE_008950,2007,train
RICE_008951,2007,train
RICE_008952,2007,train
RICE_008953,2007,train
RICE_008954,2007,train
RICE_008955,2007,train
RICE_008956,2007,train
RICE_008957,2007,train
RICE_008958,2007,train
RICE_008959,2007,train
RICE_008960,2007,train
RICE_008961,2007,train
RICE_008962,2007,train
RICE_008963,2007,train
RICE_008964,2007,train
RICE_008965,2007,train
RICE_008966,2007,train
RICE_008967,2007,train
RICE_008968,2007,train
RICE_008969,2007,train
RICE_008970,2007,train
RICE_008971,2007,train
RICE_008972,2007,train
RICE_008973,2007,train
RICE_008974,2007,train
RICE_008975,2007,train
RICE_008976,2007,train
RICE_008977,2007,train
RICE_008978,2007,train
RICE_008979,2007,train
RICE_008980,2007,train
RICE_008981,2007,train
RICE_008982,2007,train
RICE_008983,2007,train
RICE_008984,2007,train
RICE_008985,2007,train
RICE_008986,2007,train
RICE_008987,2007,train
RICE_008988,2007,train
RICE_008989,2007,train
RICE_008990,2007,train
RICE_008991,2007,train
RICE_008992,2007,train
RICE_008993,2007,train
RICE_008994,2007,train
RICE_008995,2007,train
RICE_008996,2007,train
RICE_008997,2007,train
RICE_008998,2007,train
RICE_008999,2007,train
RICE_009000,2007,train
RICE_009001,2007,train
RICE_009002,2007,train
RICE_009003,2007,train
RICE_009004,2007,train
RICE_009005,2007,train
RICE_009006,2007,train
RICE_009007,2007,train
RICE_009008,2007,train
RICE_009009,2007,train
RICE_009010,2007,train
RICE_009011,2007,train
RICE_009012,2007,train
RICE_009013,2007,train
RICE_009014,2007,train
RICE_009015,2007,train
RICE_009016,2007,train
RICE_009017,2007,train
RICE_009018,2007,train
RICE_009019,2007,train
RICE_009020,2007,train
RICE_009021,2007,train
RICE_009022,2007,train
RICE_009023,2007,train
RICE_009024,2007,train
RICE_009025,2007,train
RICE_009026,2007,train
RICE_009027,2007,train
RICE_009028,2007,train
RICE_009029,2007,train
RICE_009030,2007,train
RICE_009031,2007,train
RICE_009032,2007,train
RICE_009033,2007,train
RICE_009034,2007,train
RICE_009035,2007,train
RICE_009036,2007,train
RICE_009037,2007,train
RICE_009038,2007,train
RICE_009039,2007,train
RICE_009040,2007,train
RICE_009041,2007,train
RICE_009042,2007,train
RICE_009043,2007,train
RICE_009044,2007,train
RICE_009045,2007,train
RICE_009046,2007,train
RICE_009047,2007,train
RICE_009048,2007,train
RICE_009049,2007,train
RICE_009050,2007,train
RICE_009051,2007,train
RICE_009052,2007,train
RICE_009053,2007,train
RICE_009054,2007,train
RICE_009055,2007,train
RICE_009056,2007,train
RICE_009057,2007,train
RICE_009058,2007,train
RICE_009059,2007,train
RICE_009060,2007,train
RICE_009061,2007,train
RICE_009062,2007,train
RICE_009063,2007,train
RICE_009064,2007,train
RICE_009065,2007,train
RICE_009066,2007,train
RICE_009067,2007,train
RICE_009068,2007,train
RICE_009069,2007,train
RICE_009070,2007,train
RICE_009071,2007,train
RICE_009072,2007,train
RICE_009073,2007,train
RICE_009074,2007,train
RICE_009075,2007,train
RICE_009076,2007,train
RICE_009077,2007,train
RICE_009078,2007,train
RICE_009079,2007,train
RICE_009080,2007,train
RICE_009081,2007,train
RICE_009082,2007,train
RICE_009083,2007,train
RICE_009084,2007,train
RICE_009085,2007,train
RICE_009086,2007,train
RICE_009087,2007,train
RICE_009088,2007,train
RICE_009089,2007,train
RICE_009090,2007,train
RICE_009091,2007,train
RICE_009092,2007,train
RICE_009093,2007,train
RICE_009094,2007,train
RICE_009095,2007,train
RICE_009096,2007,train
RICE_009097,2007,train
RICE_009098,2007,train
RICE_009099,2007,train
RICE_009100,2007,train
RICE_009101,2007,train
RICE_009102,2007,train
RICE_009103,2007,train
RICE_009104,2007,train
RICE_009105,2007,train
RICE_009106,2007,train
RICE_009107,2007,train
RICE_009108,2007,train
RICE_009109,2007,train
RICE_009110,2007,train
RICE_009111,2007,train
RICE_009112,2007,train
RICE_009113,2007,train
RICE_009114,2007,train
RICE_009115,2007,train
RICE_009116,2007,train
RICE_009117,2007,train
RICE_009118,2007,train
RICE_009119,2007,train
RICE_009120,2007,train
RICE_009121,2007,train
RICE_009122,2007,train
RICE_009123,2007,train
RICE_009124,2007,train
RICE_009125,2007,train
RICE_009126,2007,train
RICE_009127,2007,train
RICE_009128,2007,train
RICE_009129,2007,train
RICE_009130,2007,train
RICE_009131,2007,train
RICE_009132,2007,train
RICE_009133,2007,train
RICE_009134,2007,train
RICE_009135,2007,train
RICE_009136,2007,train
RICE_009137,2007,train
RICE_009138,2007,train
RICE_009139,2007,train
RICE_009140,2007,train
RICE_009141,2007,train
RICE_009142,2007,train
RICE_009143,2007,train
RICE_009144,2007,train
RICE_009145,2007,train
RICE_009146,2007,train
RICE_009147,2007,train
RICE_009148,2007,train
RICE_009149,2007,train
RICE_009150,2007,train
RICE_009151,2007,train
RICE_009152,2007,train
RICE_009153,2007,train
RICE_009154,2007,train
RICE_009155,2007,train
RICE_009156,2007,train
RICE_009157,2007,train
RICE_009158,2007,train
RICE_009159,2007,train
RICE_009160,2007,train
RICE_009161,2007,train
RICE_009162,2007,train
RICE_009163,2008,train
RICE_009164,2008,train
RICE_009165,2008,train
RICE_009166,2008,train
RICE_009167,2008,train
RICE_009168,2008,train
RICE_009169,2008,train
RICE_009170,2008,train
RICE_009171,2008,train
RICE_009172,2008,train
RICE_009173,2008,train
RICE_009174,2008,train
RICE_009175,2008,train
RICE_009176,2008,train
RICE_009177,2008,train
RICE_009178,2008,train
RICE_009179,2008,train
RICE_009180,2008,train
RICE_009181,2008,train
RICE_009182,2008,train
RICE_009183,2008,train
RICE_009184,2008,train
RICE_009185,2008,train
RICE_009186,2008,train
RICE_009187,2008,train
RICE_009188,2008,train
RICE_009189,2008,train
RICE_009190,2008,train
RICE_009191,2008,train
RICE_009192,2008,train
RICE_009193,2008,train
RICE_009194,2008,train
RICE_009195,2008,train
RICE_009196,2008,train
RICE_009197,2008,train
RICE_009198,2008,train
RICE_009199,2008,train
RICE_009200,2008,train
RICE_009201,2008,train
RICE_009202,2008,train
RICE_009203,2008,train
RICE_009204,2008,train
RICE_009205,2008,train
RICE_009206,2008,train
RICE_009207,2008,train
RICE_009208,2008,train
RICE_009209,2008,train
RICE_009210,2008,train
RICE_009211,2008,train
RICE_009212,2008,train
RICE_009213,2008,train
RICE_009214,2008,train
RICE_009215,2008,train
RICE_009216,2008,train
RICE_009217,2008,train
RICE_009218,2008,train
RICE_009219,2008,train
RICE_009220,2008,train
RICE_009221,2008,train
RICE_009222,2008,train
RICE_009223,2008,train
RICE_009224,2008,train
RICE_009225,2008,train
RICE_009226,2008,train
RICE_009227,2008,train
RICE_009228,2008,train
RICE_009229,2008,train
RICE_009230,2008,train
RICE_009231,2008,train
RICE_009232,2008,train
RICE_009233,2008,train
RICE_009234,2008,train
RICE_009235,2008,train
RICE_009236,2008,train
RICE_009237,2008,train
RICE_009238,2008,train
RICE_009239,2008,train
RICE_009240,2008,train
RICE_009241,2008,train
RICE_009242,2008,train
RICE_009243,2008,train
RICE_009244,2008,train
RICE_009245,2008,train
RICE_009246,2008,train
RICE_009247,2008,train
RICE_009248,2008,train
RICE_009249,2008,train
RICE_009250,2008,train
RICE_009251,2008,train
RICE_009252,2008,train
RICE_009253,2008,train
RICE_009254,2008,train
RICE_009255,2008,train
RICE_009256,2008,train
RICE_009257,2008,train
RICE_009258,2008,train
RICE_009259,2008,train
RICE_009260,2008,train
RICE_009261,2008,train
RICE_009262,2008,train
RICE_009263,2008,train
RICE_009264,2008,train
RICE_009265,2008,train
RICE_009266,2008,train
RICE_009267,2008,train
RICE_009268,2008,train
RICE_009269,2008,train
RICE_009270,2008,train
RICE_009271,2008,train
RICE_009272,2008,train
RICE_009273,2008,train
RICE_009274,2008,train
RICE_009275,2008,train
RICE_009276,2008,train
RICE_009277,2008,train
RICE_009278,2008,train
RICE_009279,2008,train
RICE_009280,2008,train
RICE_009281,2008,train
RICE_009282,2008,train
RICE_009283,2008,train
RICE_009284,2008,train
RICE_009285,2008,train
RICE_009286,2008,train
RICE_009287,2008,train
RICE_009288,2008,train
RICE_009289,2008,train
RICE_009290,2008,train
RICE_009291,2008,train
RICE_009292,2008,train
RICE_009293,2008,train
RICE_009294,2008,train
RICE_009295,2008,train
RICE_009296,2008,train
RICE_009297,2008,train
RICE_009298,2008,train
RICE_009299,2008,train
RICE_009300,2008,train
RICE_009301,2008,train
RICE_009302,2008,train
RICE_009303,2008,train
RICE_009304,2008,train
RICE_009305,2008,train
RICE_009306,2008,train
RICE_009307,2008,train
RICE_009308,2008,train
RICE_009309,2008,train
RICE_009310,2008,train
RICE_009311,2008,train
RICE_009312,2008,train
RICE_009313,2008,train
RICE_009314,2008,train
RICE_009315,2008,train
RICE_009316,2008,train
RICE_009317,2008,train
RICE_009318,2008,train
RICE_009319,2008,train
RICE_009320,2008,train
RICE_009321,2008,train
RICE_009322,2008,train
RICE_009323,2008,train
RICE_009324,2008,train
RICE_009325,2008,train
RICE_009326,2008,train
RICE_009327,2008,train
RICE_009328,2008,train
RICE_009329,2008,train
RICE_009330,2008,train
RICE_009331,2008,train
RICE_009332,2008,train
RICE_009333,2008,train
RICE_009334,2008,train
RICE_009335,2008,train
RICE_009336,2008,train
RICE_009337,2008,train
RICE_009338,2008,train
RICE_009339,2008,train
RICE_009340,2008,train
RICE_009341,2008,train
RICE_009342,2008,train
RICE_009343,2008,train
RICE_009344,2008,train
RICE_009345,2008,train
RICE_009346,2008,train
RICE_009347,2008,train
RICE_009348,2008,train
RICE_009349,2008,train
RICE_009350,2008,train
RICE_009351,2008,train
RICE_009352,2008,train
RICE_009353,2008,train
RICE_009354,2008,train
RICE_009355,2008,train
RICE_009356,2008,train
RICE_009357,2008,train
RICE_009358,2008,train
RICE_009359,2008,train
RICE_009360,2008,train
RICE_009361,2008,train
RICE_009362,2008,train
RICE_009363,2008,train
RICE_009364,2008,train
RICE_009365,2008,train
RICE_009366,2008,train
RICE_009367,2008,train
RICE_009368,2008,train
RICE_009369,2008,train
RICE_009370,2008,train
RICE_009371,2008,train
RICE_009372,2008,train
RICE_009373,2008,train
RICE_009374,2008,train
RICE_009375,2008,train
RICE_009376,2008,train
RICE_009377,2008,train
RICE_009378,2008,train
RICE_009379,2008,train
RICE_009380,2008,train
RICE_009381,2008,train
RICE_009382,2008,train
RICE_009383,2008,train
RICE_009384,2008,train
RICE_009385,2008,train
RICE_009386,2008,train
RICE_009387,2008,train
RICE_009388,2008,train
RICE_009389,2008,train
RICE_009390,2008,train
RICE_009391,2008,train
RICE_009392,2008,train
RICE_009393,2008,train
RICE_009394,2008,train
RICE_009395,2008,train
RICE_009396,2008,train
RICE_009397,2008,train
RICE_009398,2008,train
RICE_009399,2008,train
RICE_009400,2008,train
RICE_009401,2008,train
RICE_009402,2008,train
RICE_009403,2008,train
RICE_009404,2008,train
RICE_009405,2008,train
RICE_009406,2008,train
RICE_009407,2008,train
RICE_009408,2008,train
RICE_009409,2008,train
RICE_009410,2008,train
RICE_009411,2008,train
RICE_009412,2008,train
RICE_009413,2008,train
RICE_009414,2008,train
RICE_009415,2008,train
RICE_009416,2008,train
RICE_009417,2008,train
RICE_009418,2008,train
RICE_009419,2008,train
RICE_009420,2008,train
RICE_009421,2008,train
RICE_009422,2008,train
RICE_009423,2008,train
RICE_009424,2008,train
RICE_009425,2008,train
RICE_009426,2008,train
RICE_009427,2008,train
RICE_009428,2008,train
RICE_009429,2008,train
RICE_009430,2008,train
RICE_009431,2008,train
RICE_009432,2008,train
RICE_009433,2008,train
RICE_009434,2008,train
RICE_009435,2008,train
RICE_009436,2008,train
RICE_009437,2008,train
RICE_009438,2008,train
RICE_009439,2008,train
RICE_009440,2008,train
RICE_009441,2008,train
RICE_009442,2008,train
RICE_009443,2008,train
RICE_009444,2008,train
RICE_009445,2008,train
RICE_009446,2008,train
RICE_009447,2008,train
RICE_009448,2008,train
RICE_009449,2008,train
RICE_009450,2008,train
RICE_009451,2008,train
RICE_009452,2008,train
RICE_009453,2008,train
RICE_009454,2008,train
RICE_009455,2008,train
RICE_009456,2008,train
RICE_009457,2008,train
RICE_009458,2008,train
RICE_009459,2008,train
RICE_009460,2008,train
RICE_009461,2008,train
RICE_009462,2008,train
RICE_009463,2008,train
RICE_009464,2008,train
RICE_009465,2008,train
RICE_009466,2008,train
RICE_009467,2008,train
RICE_009468,2008,train
RICE_009469,2008,train
RICE_009470,2008,train
RICE_009471,2008,train
RICE_009472,2008,train
RICE_009473,2008,train
RICE_009474,2008,train
RICE_009475,2008,train
RICE_009476,2008,train
RICE_009477,2008,train
RICE_009478,2008,train
RICE_009479,2008,train
RICE_009480,2008,train
RICE_009481,2008,train
RICE_009482,2008,train
RICE_009483,2008,train
RICE_009484,2008,train
RICE_009485,2008,train
RICE_009486,2008,train
RICE_009487,2008,train
RICE_009488,2008,train
RICE_009489,2008,train
RICE_009490,2008,train
RICE_009491,2008,train
RICE_009492,2008,train
RICE_009493,2008,train
RICE_009494,2008,train
RICE_009495,2008,train
RICE_009496,2008,train
RICE_009497,2008,train
RICE_009498,2008,train
RICE_009499,2008,train
RICE_009500,2008,train
RICE_009501,2008,train
RICE_009502,2008,train
RICE_009503,2008,train
RICE_009504,2008,train
RICE_009505,2008,train
RICE_009506,2008,train
RICE_009507,2008,train
RICE_009508,2008,train
RICE_009509,2008,train
RICE_009510,2008,train
RICE_009511,2008,train
RICE_009512,2008,train
RICE_009513,2008,train
RICE_009514,2008,train
RICE_009515,2008,train
RICE_009516,2008,train
RICE_009517,2008,train
RICE_009518,2008,train
RICE_009519,2008,train
RICE_009520,2008,train
RICE_009521,2008,train
RICE_009522,2008,train
RICE_009523,2008,train
RICE_009524,2008,train
RICE_009525,2008,train
RICE_009526,2008,train
RICE_009527,2008,train
RICE_009528,2008,train
RICE_009529,2008,train
RICE_009530,2008,train
RICE_009531,2008,train
RICE_009532,2008,train
RICE_009533,2008,train
RICE_009534,2008,train
RICE_009535,2008,train
RICE_009536,2008,train
RICE_009537,2008,train
RICE_009538,2008,train
RICE_009539,2008,train
RICE_009540,2008,train
RICE_009541,2008,train
RICE_009542,2008,train
RICE_009543,2008,train
RICE_009544,2008,train
RICE_009545,2008,train
RICE_009546,2008,train
RICE_009547,2008,train
RICE_009548,2008,train
RICE_009549,2008,train
RICE_009550,2008,train
RICE_009551,2008,train
RICE_009552,2008,train
RICE_009553,2008,train
RICE_009554,2008,train
RICE_009555,2008,train
RICE_009556,2008,train
RICE_009557,2008,train
RICE_009558,2008,train
RICE_009559,2008,train
RICE_009560,2008,train
RICE_009561,2008,train
RICE_009562,2008,train
RICE_009563,2008,train
RICE_009564,2008,train
RICE_009565,2008,train
RICE_009566,2008,train
RICE_009567,2008,train
RICE_009568,2008,train
RICE_009569,2008,train
RICE_009570,2008,train
RICE_009571,2008,train
RICE_009572,2008,train
RICE_009573,2008,train
RICE_009574,2008,train
RICE_009575,2008,train
RICE_009576,2008,train
RICE_009577,2008,train
RICE_009578,2008,train
RICE_009579,2008,train
RICE_009580,2008,train
RICE_009581,2008,train
RICE_009582,2008,train
RICE_009583,2008,train
RICE_009584,2008,train
RICE_009585,2008,train
RICE_009586,2008,train
RICE_009587,2008,train
RICE_009588,2008,train
RICE_009589,2008,train
RICE_009590,2008,train
RICE_009591,2008,train
RICE_009592,2008,train
RICE_009593,2008,train
RICE_009594,2008,train
RICE_009595,2008,train
RICE_009596,2008,train
RICE_009597,2008,train
RICE_009598,2008,train
RICE_009599,2008,train
RICE_009600,2008,train
RICE_009601,2008,train
RICE_009602,2008,train
RICE_009603,2008,train
RICE_009604,2008,train
RICE_009605,2008,train
RICE_009606,2008,train
RICE_009607,2008,train
RICE_009608,2008,train
RICE_009609,2008,train
RICE_009610,2008,train
RICE_009611,2008,train
RICE_009612,2008,train
RICE_009613,2008,train
RICE_009614,2008,train
RICE_009615,2008,train
RICE_009616,2008,train
RICE_009617,2008,train
RICE_009618,2008,train
RICE_009619,2008,train
RICE_009620,2008,train
RICE_009621,2008,train
RICE_009622,2008,train
RICE_009623,2008,train
RICE_009624,2008,train
RICE_009625,2008,train
RICE_009626,2008,train
RICE_009627,2008,train
RICE_009628,2008,train
RICE_009629,2008,train
RICE_009630,2008,train
RICE_009631,2008,train
RICE_009632,2008,train
RICE_009633,2008,train
RICE_009634,2008,train
RICE_009635,2008,train
RICE_009636,2008,train
RICE_009637,2008,train
RICE_009638,2008,train
RICE_009639,2008,train
RICE_009640,2008,train
RICE_009641,2008,train
RICE_009642,2008,train
RICE_009643,2008,train
RICE_009644,2008,train
RICE_009645,2008,train
RICE_009646,2008,train
RICE_009647,2008,train
RICE_009648,2008,train
RICE_009649,2008,train
RICE_009650,2008,train
RICE_009651,2008,train
RICE_009652,2008,train
RICE_009653,2008,train
RICE_009654,2008,train
RICE_009655,2008,train
RICE_009656,2008,train
RICE_009657,2008,train
RICE_009658,2008,train
RICE_009659,2008,train
RICE_009660,2008,train
RICE_009661,2008,train
RICE_009662,2008,train
RICE_009663,2008,train
RICE_009664,2008,train
RICE_009665,2008,train
RICE_009666,2008,train
RICE_009667,2008,train
RICE_009668,2008,train
RICE_009669,2008,train
RICE_009670,2008,train
RICE_009671,2008,train
RICE_009672,2008,train
RICE_009673,2008,train
RICE_009674,2008,train
RICE_009675,2008,train
RICE_009676,2008,train
RICE_009677,2008,train
RICE_009678,2008,train
RICE_009679,2008,train
RICE_009680,2008,train
RICE_009681,2008,train
RICE_009682,2008,train
RICE_009683,2008,train
RICE_009684,2008,train
RICE_009685,2008,train
RICE_009686,2008,train
RICE_009687,2008,train
RICE_009688,2008,train
RICE_009689,2008,train
RICE_009690,2008,train
RICE_009691,2008,train
RICE_009692,2008,train
RICE_009693,2008,train
RICE_009694,2008,train
RICE_009695,2008,train
RICE_009696,2008,train
RICE_009697,2008,train
RICE_009698,2008,train
RICE_009699,2008,train
RICE_009700,2008,train
RICE_009701,2008,train
RICE_009702,2008,train
RICE_009703,2008,train
RICE_009704,2008,train
RICE_009705,2008,train
RICE_009706,2008,train
RICE_009707,2008,train
RICE_009708,2008,train
RICE_009709,2008,train
RICE_009710,2008,train
RICE_009711,2008,train
RICE_009712,2008,train
RICE_009713,2008,train
RICE_009714,2008,train
RICE_009715,2008,train
RICE_009716,2008,train
RICE_009717,2008,train
RICE_009718,2008,train
RICE_009719,2008,train
RICE_009720,2008,train
RICE_009721,2008,train
RICE_009722,2008,train
RICE_009723,2008,train
RICE_009724,2008,train
RICE_009725,2008,train
RICE_009726,2008,train
RICE_009727,2008,train
RICE_009728,2008,train
RICE_009729,2008,train
RICE_009730,2008,train
RICE_009731,2008,train
RICE_009732,2008,train
RICE_009733,2008,train
RICE_009734,2008,train
RICE_009735,2008,train
RICE_009736,2008,train
RICE_009737,2008,train
RICE_009738,2008,train
RICE_009739,2008,train
RICE_009740,2008,train
RICE_009741,2008,train
RICE_009742,2008,train
RICE_009743,2008,train
RICE_009744,2008,train
RICE_009745,2008,train
RICE_009746,2008,train
RICE_009747,2008,train
RICE_009748,2008,train
RICE_009749,2008,train
RICE_009750,2008,train
RICE_009751,2008,train
RICE_009752,2008,train
RICE_009753,2008,train
RICE_009754,2008,train
RICE_009755,2008,train
RICE_009756,2008,train
RICE_009757,2008,train
RICE_009758,2008,train
RICE_009759,2008,train
RICE_009760,2008,train
RICE_009761,2008,train
RICE_009762,2008,train
RICE_009763,2008,train
RICE_009764,2008,train
RICE_009765,2008,train
RICE_009766,2008,train
RICE_009767,2008,train
RICE_009768,2008,train
RICE_009769,2008,train
RICE_009770,2008,train
RICE_009771,2008,train
RICE_009772,2008,train
RICE_009773,2008,train
RICE_009774,2008,train
RICE_009775,2008,train
RICE_009776,2008,train
RICE_009777,2008,train
RICE_009778,2008,train
RICE_009779,2008,train
RICE_009780,2008,train
RICE_009781,2008,train
RICE_009782,2008,train
RICE_009783,2008,train
RICE_009784,2008,train
RICE_009785,2008,train
RICE_009786,2008,train
RICE_009787,2008,train
RICE_009788,2008,train
RICE_009789,2008,train
RICE_009790,2008,train
RICE_009791,2008,train
RICE_009792,2008,train
RICE_009793,2008,train
RICE_009794,2008,train
RICE_009795,2008,train
RICE_009796,2008,train
RICE_009797,2008,train
RICE_009798,2008,train
RICE_009799,2008,train
RICE_009800,2008,train
RICE_009801,2008,train
RICE_009802,2008,train
RICE_009803,2008,train
RICE_009804,2008,train
RICE_009805,2008,train
RICE_009806,2008,train
RICE_009807,2008,train
RICE_009808,2008,train
RICE_009809,2008,train
RICE_009810,2008,train
RICE_009811,2008,train
RICE_009812,2008,train
RICE_009813,2008,train
RICE_009814,2008,train
RICE_009815,2008,train
RICE_009816,2008,train
RICE_009817,2008,train
RICE_009818,2008,train
RICE_009819,2008,train
RICE_009820,2008,train
RICE_009821,2008,train
RICE_009822,2008,train
RICE_009823,2008,train
RICE_009824,2008,train
RICE_009825,2008,train
RICE_009826,2008,train
RICE_009827,2008,train
RICE_009828,2008,train
RICE_009829,2008,train
RICE_009830,2008,train
RICE_009831,2008,train
RICE_009832,2008,train
RICE_009833,2008,train
RICE_009834,2008,train
RICE_009835,2008,train
RICE_009836,2008,train
RICE_009837,2008,train
RICE_009838,2008,train
RICE_009839,2008,train
RICE_009840,2008,train
RICE_009841,2008,train
RICE_009842,2008,train
RICE_009843,2008,train
RICE_009844,2008,train
RICE_009845,2008,train
RICE_009846,2008,train
RICE_009847,2008,train
RICE_009848,2008,train
RICE_009849,2008,train
RICE_009850,2008,train
RICE_009851,2008,train
RICE_009852,2008,train
RICE_009853,2008,train
RICE_009854,2008,train
RICE_009855,2008,train
RICE_009856,2008,train
RICE_009857,2008,train
RICE_009858,2008,train
RICE_009859,2008,train
RICE_009860,2008,train
RICE_009861,2008,train
RICE_009862,2008,train
RICE_009863,2008,train
RICE_009864,2008,train
RICE_009865,2008,train
RICE_009866,2008,train
RICE_009867,2008,train
RICE_009868,2008,train
RICE_009869,2008,train
RICE_009870,2008,train
RICE_009871,2008,train
RICE_009872,2008,train
RICE_009873,2008,train
RICE_009874,2008,train
RICE_009875,2008,train
RICE_009876,2008,train
RICE_009877,2008,train
RICE_009878,2008,train
RICE_009879,2008,train
RICE_009880,2008,train
RICE_009881,2008,train
RICE_009882,2008,train
RICE_009883,2008,train
RICE_009884,2008,train
RICE_009885,2008,train
RICE_009886,2008,train
RICE_009887,2008,train
RICE_009888,2008,train
RICE_009889,2008,train
RICE_009890,2008,train
RICE_009891,2008,train
RICE_009892,2008,train
RICE_009893,2008,train
RICE_009894,2008,train
RICE_009895,2008,train
RICE_009896,2008,train
RICE_009897,2008,train
RICE_009898,2008,train
RICE_009899,2008,train
RICE_009900,2008,train
RICE_009901,2008,train
RICE_009902,2008,train
RICE_009903,2008,train
RICE_009904,2008,train
RICE_009905,2008,train
RICE_009906,2008,train
RICE_009907,2008,train
RICE_009908,2008,train
RICE_009909,2008,train
RICE_009910,2008,train
RICE_009911,2008,train
RICE_009912,2008,train
RICE_009913,2008,train
RICE_009914,2008,train
RICE_009915,2008,train
RICE_009916,2008,train
RICE_009917,2008,train
RICE_009918,2008,train
RICE_009919,2008,train
RICE_009920,2008,train
RICE_009921,2008,train
RICE_009922,2008,train
RICE_009923,2008,train
RICE_009924,2008,train
RICE_009925,2008,train
RICE_009926,2008,train
RICE_009927,2008,train
RICE_009928,2008,train
RICE_009929,2008,train
RICE_009930,2008,train
RICE_009931,2008,train
RICE_009932,2008,train
RICE_009933,2008,train
RICE_009934,2008,train
RICE_009935,2008,train
RICE_009936,2008,train
RICE_009937,2008,train
RICE_009938,2008,train
RICE_009939,2008,train
RICE_009940,2008,train
RICE_009941,2008,train
RICE_009942,2008,train
RICE_009943,2008,train
RICE_009944,2008,train
RICE_009945,2008,train
RICE_009946,2008,train
RICE_009947,2008,train
RICE_009948,2008,train
RICE_009949,2008,train
RICE_009950,2008,train
RICE_009951,2008,train
RICE_009952,2008,train
RICE_009953,2008,train
RICE_009954,2008,train
RICE_009955,2008,train
RICE_009956,2008,train
RICE_009957,2008,train
RICE_009958,2008,train
RICE_009959,2008,train
RICE_009960,2008,train
RICE_009961,2008,train
RICE_009962,2008,train
RICE_009963,2008,train
RICE_009964,2008,train
RICE_009965,2008,train
RICE_009966,2008,train
RICE_009967,2008,train
RICE_009968,2008,train
RICE_009969,2008,train
RICE_009970,2008,train
RICE_009971,2008,train
RICE_009972,2008,train
RICE_009973,2008,train
RICE_009974,2008,train
RICE_009975,2008,train
RICE_009976,2008,train
RICE_009977,2008,train
RICE_009978,2008,train
RICE_009979,2008,train
RICE_009980,2008,train
RICE_009981,2008,train
RICE_009982,2008,train
RICE_009983,2008,train
RICE_009984,2008,train
RICE_009985,2008,train
RICE_009986,2008,train
RICE_009987,2008,train
RICE_009988,2008,train
RICE_009989,2008,train
RICE_009990,2008,train
RICE_009991,2008,train
RICE_009992,2008,train
RICE_009993,2008,train
RICE_009994,2008,train
RICE_009995,2008,train
RICE_009996,2008,train
RICE_009997,2008,train
RICE_009998,2008,train
RICE_009999,2008,train
RICE_010000,2008,train
RICE_010001,2008,train
RICE_010002,2008,train
RICE_010003,2008,train
RICE_010004,2008,train
RICE_010005,2008,train
RICE_010006,2008,train
RICE_010007,2008,train
RICE_010008,2008,train
RICE_010009,2008,train
RICE_010010,2008,train
RICE_010011,2008,train
RICE_010012,2008,train
RICE_010013,2008,train
RICE_010014,2008,train
RICE_010015,2008,train
RICE_010016,2008,train
RICE_010017,2008,train
RICE_010018,2008,train
RICE_010019,2008,train
RICE_010020,2008,train
RICE_010021,2008,train
RICE_010022,2008,train
RICE_010023,2008,train
RICE_010024,2008,train
RICE_010025,2008,train
RICE_010026,2008,train
RICE_010027,2009,train
RICE_010028,2009,train
RICE_010029,2009,train
RICE_010030,2009,train
RICE_010031,2009,train
RICE_010032,2009,train
RICE_010033,2009,train
RICE_010034,2009,train
RICE_010035,2009,train
RICE_010036,2009,train
RICE_010037,2009,train
RICE_010038,2009,train
RICE_010039,2009,train
RICE_010040,2009,train
RICE_010041,2009,train
RICE_010042,2009,train
RICE_010043,2009,train
RICE_010044,2009,train
RICE_010045,2009,train
RICE_010046,2009,train
RICE_010047,2009,train
RICE_010048,2009,train
RICE_010049,2009,train
RICE_010050,2009,train
RICE_010051,2009,train
RICE_010052,2009,train
RICE_010053,2009,train
RICE_010054,2009,train
RICE_010055,2009,train
RICE_010056,2009,train
RICE_010057,2009,train
RICE_010058,2009,train
RICE_010059,2009,train
RICE_010060,2009,train
RICE_010061,2009,train
RICE_010062,2009,train
RICE_010063,2009,train
RICE_010064,2009,train
RICE_010065,2009,train
RICE_010066,2009,train
RICE_010067,2009,train
RICE_010068,2009,train
RICE_010069,2009,train
RICE_010070,2009,train
RICE_010071,2009,train
RICE_010072,2009,train
RICE_010073,2009,train
RICE_010074,2009,train
RICE_010075,2009,train
RICE_010076,2009,train
RICE_010077,2009,train
RICE_010078,2009,train
RICE_010079,2009,train
RICE_010080,2009,train
RICE_010081,2009,train
RICE_010082,2009,train
RICE_010083,2009,train
RICE_010084,2009,train
RICE_010085,2009,train
RICE_010086,2009,train
RICE_010087,2009,train
RICE_010088,2009,train
RICE_010089,2009,train
RICE_010090,2009,train
RICE_010091,2009,train
RICE_010092,2009,train
RICE_010093,2009,train
RICE_010094,2009,train
RICE_010095,2009,train
RICE_010096,2009,train
RICE_010097,2009,train
RICE_010098,2009,train
RICE_010099,2009,train
RICE_010100,2009,train
RICE_010101,2009,train
RICE_010102,2009,train
RICE_010103,2009,train
RICE_010104,2009,train
RICE_010105,2009,train
RICE_010106,2009,train
RICE_010107,2009,train
RICE_010108,2009,train
RICE_010109,2009,train
RICE_010110,2009,train
RICE_010111,2009,train
RICE_010112,2009,train
RICE_010113,2009,train
RICE_010114,2009,train
RICE_010115,2009,train
RICE_010116,2009,train
RICE_010117,2009,train
RICE_010118,2009,train
RICE_010119,2009,train
RICE_010120,2009,train
RICE_010121,2009,train
RICE_010122,2009,train
RICE_010123,2009,train
RICE_010124,2009,train
RICE_010125,2009,train
RICE_010126,2009,train
RICE_010127,2009,train
RICE_010128,2009,train
RICE_010129,2009,train
RICE_010130,2009,train
RICE_010131,2009,train
RICE_010132,2009,train
RICE_010133,2009,train
RICE_010134,2009,train
RICE_010135,2009,train
RICE_010136,2009,train
RICE_010137,2009,train
RICE_010138,2009,train
RICE_010139,2009,train
RICE_010140,2009,train
RICE_010141,2009,train
RICE_010142,2009,train
RICE_010143,2009,train
RICE_010144,2009,train
RICE_010145,2009,train
RICE_010146,2009,train
RICE_010147,2009,train
RICE_010148,2009,train
RICE_010149,2009,train
RICE_010150,2009,train
RICE_010151,2009,train
RICE_010152,2009,train
RICE_010153,2009,train
RICE_010154,2009,train
RICE_010155,2009,train
RICE_010156,2009,train
RICE_010157,2009,train
RICE_010158,2009,train
RICE_010159,2009,train
RICE_010160,2009,train
RICE_010161,2009,train
RICE_010162,2009,train
RICE_010163,2009,train
RICE_010164,2009,train
RICE_010165,2009,train
RICE_010166,2009,train
RICE_010167,2009,train
RICE_010168,2009,train
RICE_010169,2009,train
RICE_010170,2009,train
RICE_010171,2009,train
RICE_010172,2009,train
RICE_010173,2009,train
RICE_010174,2009,train
RICE_010175,2009,train
RICE_010176,2009,train
RICE_010177,2009,train
RICE_010178,2009,train
RICE_010179,2009,train
RICE_010180,2009,train
RICE_010181,2009,train
RICE_010182,2009,train
RICE_010183,2009,train
RICE_010184,2009,train
RICE_010185,2009,train
RICE_010186,2009,train
RICE_010187,2009,train
RICE_010188,2009,train
RICE_010189,2009,train
RICE_010190,2009,train
RICE_010191,2009,train
RICE_010192,2009,train
RICE_010193,2009,train
RICE_010194,2009,train
RICE_010195,2009,train
RICE_010196,2009,train
RICE_010197,2009,train
RICE_010198,2009,train
RICE_010199,2009,train
RICE_010200,2009,train
RICE_010201,2009,train
RICE_010202,2009,train
RICE_010203,2009,train
RICE_010204,2009,train
RICE_010205,2009,train
RICE_010206,2009,train
RICE_010207,2009,train
RICE_010208,2009,train
RICE_010209,2009,train
RICE_010210,2009,train
RICE_010211,2009,train
RICE_010212,2009,train
RICE_010213,2009,train
RICE_010214,2009,train
RICE_010215,2009,train
RICE_010216,2009,train
RICE_010217,2009,train
RICE_010218,2009,train
RICE_010219,2009,train
RICE_010220,2009,train
RICE_010221,2009,train
RICE_010222,2009,train
RICE_010223,2009,train
RICE_010224,2009,train
RICE_010225,2009,train
RICE_010226,2009,train
RICE_010227,2009,train
RICE_010228,2009,train
RICE_010229,2009,train
RICE_010230,2009,train
RICE_010231,2009,train
RICE_010232,2009,train
RICE_010233,2009,train
RICE_010234,2009,train
RICE_010235,2009,train
RICE_010236,2009,train
RICE_010237,2009,train
RICE_010238,2009,train
RICE_010239,2009,train
RICE_010240,2009,train
RICE_010241,2009,train
RICE_010242,2009,train
RICE_010243,2009,train
RICE_010244,2009,train
RICE_010245,2009,train
RICE_010246,2009,train
RICE_010247,2009,train
RICE_010248,2009,train
RICE_010249,2009,train
RICE_010250,2009,train
RICE_010251,2009,train
RICE_010252,2009,train
RICE_010253,2009,train
RICE_010254,2009,train
RICE_010255,2009,train
RICE_010256,2009,train
RICE_010257,2009,train
RICE_010258,2009,train
RICE_010259,2009,train
RICE_010260,2009,train
RICE_010261,2009,train
RICE_010262,2009,train
RICE_010263,2009,train
RICE_010264,2009,train
RICE_010265,2009,train
RICE_010266,2009,train
RICE_010267,2009,train
RICE_010268,2009,train
RICE_010269,2009,train
RICE_010270,2009,train
RICE_010271,2009,train
RICE_010272,2009,train
RICE_010273,2009,train
RICE_010274,2009,train
RICE_010275,2009,train
RICE_010276,2009,train
RICE_010277,2009,train
RICE_010278,2009,train
RICE_010279,2009,train
RICE_010280,2009,train
RICE_010281,2009,train
RICE_010282,2009,train
RICE_010283,2009,train
RICE_010284,2009,train
RICE_010285,2009,train
RICE_010286,2009,train
RICE_010287,2009,train
RICE_010288,2009,train
RICE_010289,2009,train
RICE_010290,2009,train
RICE_010291,2009,train
RICE_010292,2009,train
RICE_010293,2009,train
RICE_010294,2009,train
RICE_010295,2009,train
RICE_010296,2009,train
RICE_010297,2009,train
RICE_010298,2009,train
RICE_010299,2009,train
RICE_010300,2009,train
RICE_010301,2009,train
RICE_010302,2009,train
RICE_010303,2009,train
RICE_010304,2009,train
RICE_010305,2009,train
RICE_010306,2009,train
RICE_010307,2009,train
RICE_010308,2009,train
RICE_010309,2009,train
RICE_010310,2009,train
RICE_010311,2009,train
RICE_010312,2009,train
RICE_010313,2009,train
RICE_010314,2009,train
RICE_010315,2009,train
RICE_010316,2009,train
RICE_010317,2009,train
RICE_010318,2009,train
RICE_010319,2009,train
RICE_010320,2009,train
RICE_010321,2009,train
RICE_010322,2009,train
RICE_010323,2009,train
RICE_010324,2009,train
RICE_010325,2009,train
RICE_010326,2009,train
RICE_010327,2009,train
RICE_010328,2009,train
RICE_010329,2009,train
RICE_010330,2009,train
RICE_010331,2009,train
RICE_010332,2009,train
RICE_010333,2009,train
RICE_010334,2009,train
RICE_010335,2009,train
RICE_010336,2009,train
RICE_010337,2009,train
RICE_010338,2009,train
RICE_010339,2009,train
RICE_010340,2009,train
RICE_010341,2009,train
RICE_010342,2009,train
RICE_010343,2009,train
RICE_010344,2009,train
RICE_010345,2009,train
RICE_010346,2009,train
RICE_010347,2009,train
RICE_010348,2009,train
RICE_010349,2009,train
RICE_010350,2009,train
RICE_010351,2009,train
RICE_010352,2009,train
RICE_010353,2009,train
RICE_010354,2009,train
RICE_010355,2009,train
RICE_010356,2009,train
RICE_010357,2009,train
RICE_010358,2009,train
RICE_010359,2009,train
RICE_010360,2009,train
RICE_010361,2009,train
RICE_010362,2009,train
RICE_010363,2009,train
RICE_010364,2009,train
RICE_010365,2009,train
RICE_010366,2009,train
RICE_010367,2009,train
RICE_010368,2009,train
RICE_010369,2009,train
RICE_010370,2009,train
RICE_010371,2009,train
RICE_010372,2009,train
RICE_010373,2009,train
RICE_010374,2009,train
RICE_010375,2009,train
RICE_010376,2009,train
RICE_010377,2009,train
RICE_010378,2009,train
RICE_010379,2009,train
RICE_010380,2009,train
RICE_010381,2009,train
RICE_010382,2009,train
RICE_010383,2009,train
RICE_010384,2009,train
RICE_010385,2009,train
RICE_010386,2009,train
RICE_010387,2009,train
RICE_010388,2009,train
RICE_010389,2009,train
RICE_010390,2009,train
RICE_010391,2009,train
RICE_010392,2009,train
RICE_010393,2009,train
RICE_010394,2009,train
RICE_010395,2009,train
RICE_010396,2009,train
RICE_010397,2009,train
RICE_010398,2009,train
RICE_010399,2009,train
RICE_010400,2009,train
RICE_010401,2009,train
RICE_010402,2009,train
RICE_010403,2009,train
RICE_010404,2009,train
RICE_010405,2009,train
RICE_010406,2009,train
RICE_010407,2009,train
RICE_010408,2009,train
RICE_010409,2009,train
RICE_010410,2009,train
RICE_010411,2009,train
RICE_010412,2009,train
RICE_010413,2009,train
RICE_010414,2009,train
RICE_010415,2009,train
RICE_010416,2009,train
RICE_010417,2009,train
RICE_010418,2009,train
RICE_010419,2009,train
RICE_010420,2009,train
RICE_010421,2009,train
RICE_010422,2009,train
RICE_010423,2009,train
RICE_010424,2009,train
RICE_010425,2009,train
RICE_010426,2009,train
RICE_010427,2009,train
RICE_010428,2009,train
RICE_010429,2009,train
RICE_010430,2009,train
RICE_010431,2009,train
RICE_010432,2009,train
RICE_010433,2009,train
RICE_010434,2009,train
RICE_010435,2009,train
RICE_010436,2009,train
RICE_010437,2009,train
RICE_010438,2009,train
RICE_010439,2009,train
RICE_010440,2009,train
RICE_010441,2009,train
RICE_010442,2009,train
RICE_010443,2009,train
RICE_010444,2009,train
RICE_010445,2009,train
RICE_010446,2009,train
RICE_010447,2009,train
RICE_010448,2009,train
RICE_010449,2009,train
RICE_010450,2009,train
RICE_010451,2009,train
RICE_010452,2009,train
RICE_010453,2009,train
RICE_010454,2009,train
RICE_010455,2009,train
RICE_010456,2009,train
RICE_010457,2009,train
RICE_010458,2009,train
RICE_010459,2009,train
RICE_010460,2009,train
RICE_010461,2009,train
RICE_010462,2009,train
RICE_010463,2009,train
RICE_010464,2009,train
RICE_010465,2009,train
RICE_010466,2009,train
RICE_010467,2009,train
RICE_010468,2009,train
RICE_010469,2009,train
RICE_010470,2009,train
RICE_010471,2009,train
RICE_010472,2009,train
RICE_010473,2009,train
RICE_010474,2009,train
RICE_010475,2009,train
RICE_010476,2009,train
RICE_010477,2009,train
RICE_010478,2009,train
RICE_010479,2009,train
RICE_010480,2009,train
RICE_010481,2009,train
RICE_010482,2009,train
RICE_010483,2009,train
RICE_010484,2009,train
RICE_010485,2009,train
RICE_010486,2009,train
RICE_010487,2009,train
RICE_010488,2009,train
RICE_010489,2009,train
RICE_010490,2009,train
RICE_010491,2009,train
RICE_010492,2009,train
RICE_010493,2009,train
RICE_010494,2009,train
RICE_010495,2009,train
RICE_010496,2009,train
RICE_010497,2009,train
RICE_010498,2009,train
RICE_010499,2009,train
RICE_010500,2009,train
RICE_010501,2009,train
RICE_010502,2009,train
RICE_010503,2009,train
RICE_010504,2009,train
RICE_010505,2009,train
RICE_010506,2009,train
RICE_010507,2009,train
RICE_010508,2009,train
RICE_010509,2009,train
RICE_010510,2009,train
RICE_010511,2009,train
RICE_010512,2009,train
RICE_010513,2009,train
RICE_010514,2009,train
RICE_010515,2009,train
RICE_010516,2009,train
RICE_010517,2009,train
RICE_010518,2009,train
RICE_010519,2009,train
RICE_010520,2009,train
RICE_010521,2009,train
RICE_010522,2009,train
RICE_010523,2009,train
RICE_010524,2009,train
RICE_010525,2009,train
RICE_010526,2009,train
RICE_010527,2009,train
RICE_010528,2009,train
RICE_010529,2009,train
RICE_010530,2009,train
RICE_010531,2009,train
RICE_010532,2009,train
RICE_010533,2009,train
RICE_010534,2009,train
RICE_010535,2009,train
RICE_010536,2009,train
RICE_010537,2009,train
RICE_010538,2009,train
RICE_010539,2009,train
RICE_010540,2009,train
RICE_010541,2009,train
RICE_010542,2009,train
RICE_010543,2009,train
RICE_010544,2009,train
RICE_010545,2009,train
RICE_010546,2009,train
RICE_010547,2009,train
RICE_010548,2009,train
RICE_010549,2009,train
RICE_010550,2009,train
RICE_010551,2009,train
RICE_010552,2009,train
RICE_010553,2009,train
RICE_010554,2009,train
RICE_010555,2009,train
RICE_010556,2009,train
RICE_010557,2009,train
RICE_010558,2009,train
RICE_010559,2009,train
RICE_010560,2009,train
RICE_010561,2009,train
RICE_010562,2009,train
RICE_010563,2009,train
RICE_010564,2009,train
RICE_010565,2009,train
RICE_010566,2009,train
RICE_010567,2009,train
RICE_010568,2009,train
RICE_010569,2009,train
RICE_010570,2009,train
RICE_010571,2009,train
RICE_010572,2009,train
RICE_010573,2009,train
RICE_010574,2009,train
RICE_010575,2009,train
RICE_010576,2009,train
RICE_010577,2009,train
RICE_010578,2009,train
RICE_010579,2009,train
RICE_010580,2009,train
RICE_010581,2009,train
RICE_010582,2009,train
RICE_010583,2009,train
RICE_010584,2009,train
RICE_010585,2009,train
RICE_010586,2009,train
RICE_010587,2009,train
RICE_010588,2009,train
RICE_010589,2009,train
RICE_010590,2009,train
RICE_010591,2009,train
RICE_010592,2009,train
RICE_010593,2009,train
RICE_010594,2009,train
RICE_010595,2009,train
RICE_010596,2009,train
RICE_010597,2009,train
RICE_010598,2009,train
RICE_010599,2009,train
RICE_010600,2009,train
RICE_010601,2009,train
RICE_010602,2009,train
RICE_010603,2009,train
RICE_010604,2009,train
RICE_010605,2009,train
RICE_010606,2009,train
RICE_010607,2009,train
RICE_010608,2009,train
RICE_010609,2009,train
RICE_010610,2009,train
RICE_010611,2009,train
RICE_010612,2009,train
RICE_010613,2009,train
RICE_010614,2009,train
RICE_010615,2009,train
RICE_010616,2009,train
RICE_010617,2009,train
RICE_010618,2009,train
RICE_010619,2009,train
RICE_010620,2009,train
RICE_010621,2009,train
RICE_010622,2009,train
RICE_010623,2009,train
RICE_010624,2009,train
RICE_010625,2009,train
RICE_010626,2009,train
RICE_010627,2009,train
RICE_010628,2009,train
RICE_010629,2009,train
RICE_010630,2009,train
RICE_010631,2009,train
RICE_010632,2009,train
RICE_010633,2009,train
RICE_010634,2009,train
RICE_010635,2009,train
RICE_010636,2009,train
RICE_010637,2009,train
RICE_010638,2009,train
RICE_010639,2009,train
RICE_010640,2009,train
RICE_010641,2009,train
RICE_010642,2009,train
RICE_010643,2009,train
RICE_010644,2009,train
RICE_010645,2009,train
RICE_010646,2009,train
RICE_010647,2009,train
RICE_010648,2009,train
RICE_010649,2009,train
RICE_010650,2009,train
RICE_010651,2009,train
RICE_010652,2009,train
RICE_010653,2009,train
RICE_010654,2009,train
RICE_010655,2009,train
RICE_010656,2009,train
RICE_010657,2009,train
RICE_010658,2009,train
RICE_010659,2009,train
RICE_010660,2009,train
RICE_010661,2009,train
RICE_010662,2009,train
RICE_010663,2009,train
RICE_010664,2009,train
RICE_010665,2009,train
RICE_010666,2009,train
RICE_010667,2009,train
RICE_010668,2009,train
RICE_010669,2009,train
RICE_010670,2009,train
RICE_010671,2009,train
RICE_010672,2009,train
RICE_010673,2009,train
RICE_010674,2009,train
RICE_010675,2009,train
RICE_010676,2009,train
RICE_010677,2009,train
RICE_010678,2009,train
RICE_010679,2009,train
RICE_010680,2009,train
RICE_010681,2009,train
RICE_010682,2009,train
RICE_010683,2009,train
RICE_010684,2009,train
RICE_010685,2009,train
RICE_010686,2009,train
RICE_010687,2009,train
RICE_010688,2009,train
RICE_010689,2009,train
RICE_010690,2009,train
RICE_010691,2009,train
RICE_010692,2009,train
RICE_010693,2009,train
RICE_010694,2009,train
RICE_010695,2009,train
RICE_010696,2009,train
RICE_010697,2009,train
RICE_010698,2009,train
RICE_010699,2009,train
RICE_010700,2009,train
RICE_010701,2009,train
RICE_010702,2009,train
RICE_010703,2009,train
RICE_010704,2009,train
RICE_010705,2009,train
RICE_010706,2009,train
RICE_010707,2009,train
RICE_010708,2009,train
RICE_010709,2009,train
RICE_010710,2009,train
RICE_010711,2009,train
RICE_010712,2009,train
RICE_010713,2009,train
RICE_010714,2009,train
RICE_010715,2009,train
RICE_010716,2009,train
RICE_010717,2009,train
RICE_010718,2009,train
RICE_010719,2009,train
RICE_010720,2009,train
RICE_010721,2009,train
RICE_010722,2009,train
RICE_010723,2009,train
RICE_010724,2009,train
RICE_010725,2009,train
RICE_010726,2009,train
RICE_010727,2009,train
RICE_010728,2009,train
RICE_010729,2009,train
RICE_010730,2009,train
RICE_010731,2009,train
RICE_010732,2009,train
RICE_010733,2009,train
RICE_010734,2009,train
RICE_010735,2009,train
RICE_010736,2009,train
RICE_010737,2009,train
RICE_010738,2009,train
RICE_010739,2009,train
RICE_010740,2009,train
RICE_010741,2009,train
RICE_010742,2009,train
RICE_010743,2009,train
RICE_010744,2009,train
RICE_010745,2009,train
RICE_010746,2009,train
RICE_010747,2009,train
RICE_010748,2009,train
RICE_010749,2009,train
RICE_010750,2009,train
RICE_010751,2009,train
RICE_010752,2009,train
RICE_010753,2009,train
RICE_010754,2009,train
RICE_010755,2009,train
RICE_010756,2009,train
RICE_010757,2009,train
RICE_010758,2009,train
RICE_010759,2009,train
RICE_010760,2009,train
RICE_010761,2009,train
RICE_010762,2009,train
RICE_010763,2009,train
RICE_010764,2009,train
RICE_010765,2009,train
RICE_010766,2009,train
RICE_010767,2009,train
RICE_010768,2009,train
RICE_010769,2009,train
RICE_010770,2009,train
RICE_010771,2009,train
RICE_010772,2009,train
RICE_010773,2009,train
RICE_010774,2009,train
RICE_010775,2009,train
RICE_010776,2009,train
RICE_010777,2009,train
RICE_010778,2009,train
RICE_010779,2009,train
RICE_010780,2009,train
RICE_010781,2009,train
RICE_010782,2009,train
RICE_010783,2009,train
RICE_010784,2009,train
RICE_010785,2009,train
RICE_010786,2009,train
RICE_010787,2009,train
RICE_010788,2009,train
RICE_010789,2009,train
RICE_010790,2009,train
RICE_010791,2009,train
RICE_010792,2009,train
RICE_010793,2009,train
RICE_010794,2009,train
RICE_010795,2009,train
RICE_010796,2009,train
RICE_010797,2009,train
RICE_010798,2009,train
RICE_010799,2009,train
RICE_010800,2009,train
RICE_010801,2009,train
RICE_010802,2009,train
RICE_010803,2009,train
RICE_010804,2009,train
RICE_010805,2009,train
RICE_010806,2009,train
RICE_010807,2009,train
RICE_010808,2009,train
RICE_010809,2009,train
RICE_010810,2009,train
RICE_010811,2009,train
RICE_010812,2009,train
RICE_010813,2009,train
RICE_010814,2009,train
RICE_010815,2009,train
RICE_010816,2009,train
RICE_010817,2009,train
RICE_010818,2009,train
RICE_010819,2009,train
RICE_010820,2009,train
RICE_010821,2009,train
RICE_010822,2009,train
RICE_010823,2009,train
RICE_010824,2009,train
RICE_010825,2009,train
RICE_010826,2009,train
RICE_010827,2009,train
RICE_010828,2009,train
RICE_010829,2009,train
RICE_010830,2009,train
RICE_010831,2009,train
RICE_010832,2009,train
RICE_010833,2009,train
RICE_010834,2009,train
RICE_010835,2009,train
RICE_010836,2009,train
RICE_010837,2009,train
RICE_010838,2009,train
RICE_010839,2009,train
RICE_010840,2009,train
RICE_010841,2009,train
RICE_010842,2009,train
RICE_010843,2009,train
RICE_010844,2009,train
RICE_010845,2009,train
RICE_010846,2009,train
RICE_010847,2009,train
RICE_010848,2009,train
RICE_010849,2009,train
RICE_010850,2009,train
RICE_010851,2009,train
RICE_010852,2009,train
RICE_010853,2009,train
RICE_010854,2009,train
RICE_010855,2009,train
RICE_010856,2009,train
RICE_010857,2009,train
RICE_010858,2009,train
RICE_010859,2009,train
RICE_010860,2009,train
RICE_010861,2009,train
RICE_010862,2009,train
RICE_010863,2009,train
RICE_010864,2009,train
RICE_010865,2009,train
RICE_010866,2009,train
RICE_010867,2009,train
RICE_010868,2009,train
RICE_010869,2009,train
RICE_010870,2009,train
RICE_010871,2009,train
RICE_010872,2009,train
RICE_010873,2009,train
RICE_010874,2009,train
RICE_010875,2009,train
RICE_010876,2009,train
RICE_010877,2009,train
RICE_010878,2009,train
RICE_010879,2009,train
RICE_010880,2009,train
RICE_010881,2010,train
RICE_010882,2010,train
RICE_010883,2010,train
RICE_010884,2010,train
RICE_010885,2010,train
RICE_010886,2010,train
RICE_010887,2010,train
RICE_010888,2010,train
RICE_010889,2010,train
RICE_010890,2010,train
RICE_010891,2010,train
RICE_010892,2010,train
RICE_010893,2010,train
RICE_010894,2010,train
RICE_010895,2010,train
RICE_010896,2010,train
RICE_010897,2010,train
RICE_010898,2010,train
RICE_010899,2010,train
RICE_010900,2010,train
RICE_010901,2010,train
RICE_010902,2010,train
RICE_010903,2010,train
RICE_010904,2010,train
RICE_010905,2010,train
RICE_010906,2010,train
RICE_010907,2010,train
RICE_010908,2010,train
RICE_010909,2010,train
RICE_010910,2010,train
RICE_010911,2010,train
RICE_010912,2010,train
RICE_010913,2010,train
RICE_010914,2010,train
RICE_010915,2010,train
RICE_010916,2010,train
RICE_010917,2010,train
RICE_010918,2010,train
RICE_010919,2010,train
RICE_010920,2010,train
RICE_010921,2010,train
RICE_010922,2010,train
RICE_010923,2010,train
RICE_010924,2010,train
RICE_010925,2010,train
RICE_010926,2010,train
RICE_010927,2010,train
RICE_010928,2010,train
RICE_010929,2010,train
RICE_010930,2010,train
RICE_010931,2010,train
RICE_010932,2010,train
RICE_010933,2010,train
RICE_010934,2010,train
RICE_010935,2010,train
RICE_010936,2010,train
RICE_010937,2010,train
RICE_010938,2010,train
RICE_010939,2010,train
RICE_010940,2010,train
RICE_010941,2010,train
RICE_010942,2010,train
RICE_010943,2010,train
RICE_010944,2010,train
RICE_010945,2010,train
RICE_010946,2010,train
RICE_010947,2010,train
RICE_010948,2010,train
RICE_010949,2010,train
RICE_010950,2010,train
RICE_010951,2010,train
RICE_010952,2010,train
RICE_010953,2010,train
RICE_010954,2010,train
RICE_010955,2010,train
RICE_010956,2010,train
RICE_010957,2010,train
RICE_010958,2010,train
RICE_010959,2010,train
RICE_010960,2010,train
RICE_010961,2010,train
RICE_010962,2010,train
RICE_010963,2010,train
RICE_010964,2010,train
RICE_010965,2010,train
RICE_010966,2010,train
RICE_010967,2010,train
RICE_010968,2010,train
RICE_010969,2010,train
RICE_010970,2010,train
RICE_010971,2010,train
RICE_010972,2010,train
RICE_010973,2010,train
RICE_010974,2010,train
RICE_010975,2010,train
RICE_010976,2010,train
RICE_010977,2010,train
RICE_010978,2010,train
RICE_010979,2010,train
RICE_010980,2010,train
RICE_010981,2010,train
RICE_010982,2010,train
RICE_010983,2010,train
RICE_010984,2010,train
RICE_010985,2010,train
RICE_010986,2010,train
RICE_010987,2010,train
RICE_010988,2010,train
RICE_010989,2010,train
RICE_010990,2010,train
RICE_010991,2010,train
RICE_010992,2010,train
RICE_010993,2010,train
RICE_010994,2010,train
RICE_010995,2010,train
RICE_010996,2010,train
RICE_010997,2010,train
RICE_010998,2010,train
RICE_010999,2010,train
RICE_011000,2010,train
RICE_011001,2010,train
RICE_011002,2010,train
RICE_011003,2010,train
RICE_011004,2010,train
RICE_011005,2010,train
RICE_011006,2010,train
RICE_011007,2010,train
RICE_011008,2010,train
RICE_011009,2010,train
RICE_011010,2010,train
RICE_011011,2010,train
RICE_011012,2010,train
RICE_011013,2010,train
RICE_011014,2010,train
RICE_011015,2010,train
RICE_011016,2010,train
RICE_011017,2010,train
RICE_011018,2010,train
RICE_011019,2010,train
RICE_011020,2010,train
RICE_011021,2010,train
RICE_011022,2010,train
RICE_011023,2010,train
RICE_011024,2010,train
RICE_011025,2010,train
RICE_011026,2010,train
RICE_011027,2010,train
RICE_011028,2010,train
RICE_011029,2010,train
RICE_011030,2010,train
RICE_011031,2010,train
RICE_011032,2010,train
RICE_011033,2010,train
RICE_011034,2010,train
RICE_011035,2010,train
RICE_011036,2010,train
RICE_011037,2010,train
RICE_011038,2010,train
RICE_011039,2010,train
RICE_011040,2010,train
RICE_011041,2010,train
RICE_011042,2010,train
RICE_011043,2010,train
RICE_011044,2010,train
RICE_011045,2010,train
RICE_011046,2010,train
RICE_011047,2010,train
RICE_011048,2010,train
RICE_011049,2010,train
RICE_011050,2010,train
RICE_011051,2010,train
RICE_011052,2010,train
RICE_011053,2010,train
RICE_011054,2010,train
RICE_011055,2010,train
RICE_011056,2010,train
RICE_011057,2010,train
RICE_011058,2010,train
RICE_011059,2010,train
RICE_011060,2010,train
RICE_011061,2010,train
RICE_011062,2010,train
RICE_011063,2010,train
RICE_011064,2010,train
RICE_011065,2010,train
RICE_011066,2010,train
RICE_011067,2010,train
RICE_011068,2010,train
RICE_011069,2010,train
RICE_011070,2010,train
RICE_011071,2010,train
RICE_011072,2010,train
RICE_011073,2010,train
RICE_011074,2010,train
RICE_011075,2010,train
RICE_011076,2010,train
RICE_011077,2010,train
RICE_011078,2010,train
RICE_011079,2010,train
RICE_011080,2010,train
RICE_011081,2010,train
RICE_011082,2010,train
RICE_011083,2010,train
RICE_011084,2010,train
RICE_011085,2010,train
RICE_011086,2010,train
RICE_011087,2010,train
RICE_011088,2010,train
RICE_011089,2010,train
RICE_011090,2010,train
RICE_011091,2010,train
RICE_011092,2010,train
RICE_011093,2010,train
RICE_011094,2010,train
RICE_011095,2010,train
RICE_011096,2010,train
RICE_011097,2010,train
RICE_011098,2010,train
RICE_011099,2010,train
RICE_011100,2010,train
RICE_011101,2010,train
RICE_011102,2010,train
RICE_011103,2010,train
RICE_011104,2010,train
RICE_011105,2010,train
RICE_011106,2010,train
RICE_011107,2010,train
RICE_011108,2010,train
RICE_011109,2010,train
RICE_011110,2010,train
RICE_011111,2010,train
RICE_011112,2010,train
RICE_011113,2010,train
RICE_011114,2010,train
RICE_011115,2010,train
RICE_011116,2010,train
RICE_011117,2010,train
RICE_011118,2010,train
RICE_011119,2010,train
RICE_011120,2010,train
RICE_011121,2010,train
RICE_011122,2010,train
RICE_011123,2010,train
RICE_011124,2010,train
RICE_011125,2010,train
RICE_011126,2010,train
RICE_011127,2010,train
RICE_011128,2010,train
RICE_011129,2010,train
RICE_011130,2010,train
RICE_011131,2010,train
RICE_011132,2010,train
RICE_011133,2010,train
RICE_011134,2010,train
RICE_011135,2010,train
RICE_011136,2010,train
RICE_011137,2010,train
RICE_011138,2010,train
RICE_011139,2010,train
RICE_011140,2010,train
RICE_011141,2010,train
RICE_011142,2010,train
RICE_011143,2010,train
RICE_011144,2010,train
RICE_011145,2010,train
RICE_011146,2010,train
RICE_011147,2010,train
RICE_011148,2010,train
RICE_011149,2010,train
RICE_011150,2010,train
RICE_011151,2010,train
RICE_011152,2010,train
RICE_011153,2010,train
RICE_011154,2010,train
RICE_011155,2010,train
RICE_011156,2010,train
RICE_011157,2010,train
RICE_011158,2010,train
RICE_011159,2010,train
RICE_011160,2010,train
RICE_011161,2010,train
RICE_011162,2010,train
RICE_011163,2010,train
RICE_011164,2010,train
RICE_011165,2010,train
RICE_011166,2010,train
RICE_011167,2010,train
RICE_011168,2010,train
RICE_011169,2010,train
RICE_011170,2010,train
RICE_011171,2010,train
RICE_011172,2010,train
RICE_011173,2010,train
RICE_011174,2010,train
RICE_011175,2010,train
RICE_011176,2010,train
RICE_011177,2010,train
RICE_011178,2010,train
RICE_011179,2010,train
RICE_011180,2010,train
RICE_011181,2010,train
RICE_011182,2010,train
RICE_011183,2010,train
RICE_011184,2010,train
RICE_011185,2010,train
RICE_011186,2010,train
RICE_011187,2010,train
RICE_011188,2010,train
RICE_011189,2010,train
RICE_011190,2010,train
RICE_011191,2010,train
RICE_011192,2010,train
RICE_011193,2010,train
RICE_011194,2010,train
RICE_011195,2010,train
RICE_011196,2010,train
RICE_011197,2010,train
RICE_011198,2010,train
RICE_011199,2010,train
RICE_011200,2010,train
RICE_011201,2010,train
RICE_011202,2010,train
RICE_011203,2010,train
RICE_011204,2010,train
RICE_011205,2010,train
RICE_011206,2010,train
RICE_011207,2010,train
RICE_011208,2010,train
RICE_011209,2010,train
RICE_011210,2010,train
RICE_011211,2010,train
RICE_011212,2010,train
RICE_011213,2010,train
RICE_011214,2010,train
RICE_011215,2010,train
RICE_011216,2010,train
RICE_011217,2010,train
RICE_011218,2010,train
RICE_011219,2010,train
RICE_011220,2010,train
RICE_011221,2010,train
RICE_011222,2010,train
RICE_011223,2010,train
RICE_011224,2010,train
RICE_011225,2010,train
RICE_011226,2010,train
RICE_011227,2010,train
RICE_011228,2010,train
RICE_011229,2010,train
RICE_011230,2010,train
RICE_011231,2010,train
RICE_011232,2010,train
RICE_011233,2010,train
RICE_011234,2010,train
RICE_011235,2010,train
RICE_011236,2010,train
RICE_011237,2010,train
RICE_011238,2010,train
RICE_011239,2010,train
RICE_011240,2010,train
RICE_011241,2010,train
RICE_011242,2010,train
RICE_011243,2010,train
RICE_011244,2010,train
RICE_011245,2010,train
RICE_011246,2010,train
RICE_011247,2010,train
RICE_011248,2010,train
RICE_011249,2010,train
RICE_011250,2010,train
RICE_011251,2010,train
RICE_011252,2010,train
RICE_011253,2010,train
RICE_011254,2010,train
RICE_011255,2010,train
RICE_011256,2010,train
RICE_011257,2010,train
RICE_011258,2010,train
RICE_011259,2010,train
RICE_011260,2010,train
RICE_011261,2010,train
RICE_011262,2010,train
RICE_011263,2010,train
RICE_011264,2010,train
RICE_011265,2010,train
RICE_011266,2010,train
RICE_011267,2010,train
RICE_011268,2010,train
RICE_011269,2010,train
RICE_011270,2010,train
RICE_011271,2010,train
RICE_011272,2010,train
RICE_011273,2010,train
RICE_011274,2010,train
RICE_011275,2010,train
RICE_011276,2010,train
RICE_011277,2010,train
RICE_011278,2010,train
RICE_011279,2010,train
RICE_011280,2010,train
RICE_011281,2010,train
RICE_011282,2010,train
RICE_011283,2010,train
RICE_011284,2010,train
RICE_011285,2010,train
RICE_011286,2010,train
RICE_011287,2010,train
RICE_011288,2010,train
RICE_011289,2010,train
RICE_011290,2010,train
RICE_011291,2010,train
RICE_011292,2010,train
RICE_011293,2010,train
RICE_011294,2010,train
RICE_011295,2010,train
RICE_011296,2010,train
RICE_011297,2010,train
RICE_011298,2010,train
RICE_011299,2010,train
RICE_011300,2010,train
RICE_011301,2010,train
RICE_011302,2010,train
RICE_011303,2010,train
RICE_011304,2010,train
RICE_011305,2010,train
RICE_011306,2010,train
RICE_011307,2010,train
RICE_011308,2010,train
RICE_011309,2010,train
RICE_011310,2010,train
RICE_011311,2010,train
RICE_011312,2010,train
RICE_011313,2010,train
RICE_011314,2010,train
RICE_011315,2010,train
RICE_011316,2010,train
RICE_011317,2010,train
RICE_011318,2010,train
RICE_011319,2010,train
RICE_011320,2010,train
RICE_011321,2010,train
RICE_011322,2010,train
RICE_011323,2010,train
RICE_011324,2010,train
RICE_011325,2010,train
RICE_011326,2010,train
RICE_011327,2010,train
RICE_011328,2010,train
RICE_011329,2010,train
RICE_011330,2010,train
RICE_011331,2010,train
RICE_011332,2010,train
RICE_011333,2010,train
RICE_011334,2010,train
RICE_011335,2010,train
RICE_011336,2010,train
RICE_011337,2010,train
RICE_011338,2010,train
RICE_011339,2010,train
RICE_011340,2010,train
RICE_011341,2010,train
RICE_011342,2010,train
RICE_011343,2010,train
RICE_011344,2010,train
RICE_011345,2010,train
RICE_011346,2010,train
RICE_011347,2010,train
RICE_011348,2010,train
RICE_011349,2010,train
RICE_011350,2010,train
RICE_011351,2010,train
RICE_011352,2010,train
RICE_011353,2010,train
RICE_011354,2010,train
RICE_011355,2010,train
RICE_011356,2010,train
RICE_011357,2010,train
RICE_011358,2010,train
RICE_011359,2010,train
RICE_011360,2010,train
RICE_011361,2010,train
RICE_011362,2010,train
RICE_011363,2010,train
RICE_011364,2010,train
RICE_011365,2010,train
RICE_011366,2010,train
RICE_011367,2010,train
RICE_011368,2010,train
RICE_011369,2010,train
RICE_011370,2010,train
RICE_011371,2010,train
RICE_011372,2010,train
RICE_011373,2010,train
RICE_011374,2010,train
RICE_011375,2010,train
RICE_011376,2010,train
RICE_011377,2010,train
RICE_011378,2010,train
RICE_011379,2010,train
RICE_011380,2010,train
RICE_011381,2010,train
RICE_011382,2010,train
RICE_011383,2010,train
RICE_011384,2010,train
RICE_011385,2010,train
RICE_011386,2010,train
RICE_011387,2010,train
RICE_011388,2010,train
RICE_011389,2010,train
RICE_011390,2010,train
RICE_011391,2010,train
RICE_011392,2010,train
RICE_011393,2010,train
RICE_011394,2010,train
RICE_011395,2010,train
RICE_011396,2010,train
RICE_011397,2010,train
RICE_011398,2010,train
RICE_011399,2010,train
RICE_011400,2010,train
RICE_011401,2010,train
RICE_011402,2010,train
RICE_011403,2010,train
RICE_011404,2010,train
RICE_011405,2010,train
RICE_011406,2010,train
RICE_011407,2010,train
RICE_011408,2010,train
RICE_011409,2010,train
RICE_011410,2010,train
RICE_011411,2010,train
RICE_011412,2010,train
RICE_011413,2010,train
RICE_011414,2010,train
RICE_011415,2010,train
RICE_011416,2010,train
RICE_011417,2010,train
RICE_011418,2010,train
RICE_011419,2010,train
RICE_011420,2010,train
RICE_011421,2010,train
RICE_011422,2010,train
RICE_011423,2010,train
RICE_011424,2010,train
RICE_011425,2010,train
RICE_011426,2010,train
RICE_011427,2010,train
RICE_011428,2010,train
RICE_011429,2010,train
RICE_011430,2010,train
RICE_011431,2010,train
RICE_011432,2010,train
RICE_011433,2010,train
RICE_011434,2010,train
RICE_011435,2010,train
RICE_011436,2010,train
RICE_011437,2010,train
RICE_011438,2010,train
RICE_011439,2010,train
RICE_011440,2010,train
RICE_011441,2010,train
RICE_011442,2010,train
RICE_011443,2010,train
RICE_011444,2010,train
RICE_011445,2010,train
RICE_011446,2010,train
RICE_011447,2010,train
RICE_011448,2010,train
RICE_011449,2010,train
RICE_011450,2010,train
RICE_011451,2010,train
RICE_011452,2010,train
RICE_011453,2010,train
RICE_011454,2010,train
RICE_011455,2010,train
RICE_011456,2010,train
RICE_011457,2010,train
RICE_011458,2010,train
RICE_011459,2010,train
RICE_011460,2010,train
RICE_011461,2010,train
RICE_011462,2010,train
RICE_011463,2010,train
RICE_011464,2010,train
RICE_011465,2010,train
RICE_011466,2010,train
RICE_011467,2010,train
RICE_011468,2010,train
RICE_011469,2010,train
RICE_011470,2010,train
RICE_011471,2010,train
RICE_011472,2010,train
RICE_011473,2010,train
RICE_011474,2010,train
RICE_011475,2010,train
RICE_011476,2010,train
RICE_011477,2010,train
RICE_011478,2010,train
RICE_011479,2010,train
RICE_011480,2010,train
RICE_011481,2010,train
RICE_011482,2010,train
RICE_011483,2010,train
RICE_011484,2010,train
RICE_011485,2010,train
RICE_011486,2010,train
RICE_011487,2010,train
RICE_011488,2010,train
RICE_011489,2010,train
RICE_011490,2010,train
RICE_011491,2010,train
RICE_011492,2010,train
RICE_011493,2010,train
RICE_011494,2010,train
RICE_011495,2010,train
RICE_011496,2010,train
RICE_011497,2010,train
RICE_011498,2010,train
RICE_011499,2010,train
RICE_011500,2010,train
RICE_011501,2010,train
RICE_011502,2010,train
RICE_011503,2010,train
RICE_011504,2010,train
RICE_011505,2010,train
RICE_011506,2010,train
RICE_011507,2010,train
RICE_011508,2010,train
RICE_011509,2010,train
RICE_011510,2010,train
RICE_011511,2010,train
RICE_011512,2010,train
RICE_011513,2010,train
RICE_011514,2010,train
RICE_011515,2010,train
RICE_011516,2010,train
RICE_011517,2010,train
RICE_011518,2010,train
RICE_011519,2010,train
RICE_011520,2010,train
RICE_011521,2010,train
RICE_011522,2010,train
RICE_011523,2010,train
RICE_011524,2010,train
RICE_011525,2010,train
RICE_011526,2010,train
RICE_011527,2010,train
RICE_011528,2010,train
RICE_011529,2010,train
RICE_011530,2010,train
RICE_011531,2010,train
RICE_011532,2010,train
RICE_011533,2010,train
RICE_011534,2010,train
RICE_011535,2010,train
RICE_011536,2010,train
RICE_011537,2010,train
RICE_011538,2010,train
RICE_011539,2010,train
RICE_011540,2010,train
RICE_011541,2010,train
RICE_011542,2010,train
RICE_011543,2010,train
RICE_011544,2010,train
RICE_011545,2010,train
RICE_011546,2010,train
RICE_011547,2010,train
RICE_011548,2010,train
RICE_011549,2010,train
RICE_011550,2010,train
RICE_011551,2010,train
RICE_011552,2010,train
RICE_011553,2010,train
RICE_011554,2010,train
RICE_011555,2010,train
RICE_011556,2010,train
RICE_011557,2010,train
RICE_011558,2010,train
RICE_011559,2010,train
RICE_011560,2010,train
RICE_011561,2010,train
RICE_011562,2010,train
RICE_011563,2010,train
RICE_011564,2010,train
RICE_011565,2010,train
RICE_011566,2010,train
RICE_011567,2010,train
RICE_011568,2010,train
RICE_011569,2010,train
RICE_011570,2010,train
RICE_011571,2010,train
RICE_011572,2010,train
RICE_011573,2010,train
RICE_011574,2010,train
RICE_011575,2010,train
RICE_011576,2010,train
RICE_011577,2010,train
RICE_011578,2010,train
RICE_011579,2010,train
RICE_011580,2010,train
RICE_011581,2010,train
RICE_011582,2010,train
RICE_011583,2010,train
RICE_011584,2010,train
RICE_011585,2010,train
RICE_011586,2010,train
RICE_011587,2010,train
RICE_011588,2010,train
RICE_011589,2010,train
RICE_011590,2010,train
RICE_011591,2010,train
RICE_011592,2010,train
RICE_011593,2010,train
RICE_011594,2010,train
RICE_011595,2010,train
RICE_011596,2010,train
RICE_011597,2010,train
RICE_011598,2010,train
RICE_011599,2010,train
RICE_011600,2010,train
RICE_011601,2010,train
RICE_011602,2010,train
RICE_011603,2010,train
RICE_011604,2010,train
RICE_011605,2010,train
RICE_011606,2010,train
RICE_011607,2010,train
RICE_011608,2010,train
RICE_011609,2010,train
RICE_011610,2010,train
RICE_011611,2010,train
RICE_011612,2010,train
RICE_011613,2010,train
RICE_011614,2010,train
RICE_011615,2010,train
RICE_011616,2010,train
RICE_011617,2010,train
RICE_011618,2010,train
RICE_011619,2010,train
RICE_011620,2010,train
RICE_011621,2010,train
RICE_011622,2010,train
RICE_011623,2010,train
RICE_011624,2010,train
RICE_011625,2010,train
RICE_011626,2010,train
RICE_011627,2010,train
RICE_011628,2010,train
RICE_011629,2010,train
RICE_011630,2010,train
RICE_011631,2010,train
RICE_011632,2010,train
RICE_011633,2010,train
RICE_011634,2010,train
RICE_011635,2010,train
RICE_011636,2010,train
RICE_011637,2010,train
RICE_011638,2010,train
RICE_011639,2010,train
RICE_011640,2010,train
RICE_011641,2010,train
RICE_011642,2010,train
RICE_011643,2010,train
RICE_011644,2010,train
RICE_011645,2010,train
RICE_011646,2010,train
RICE_011647,2010,train
RICE_011648,2010,train
RICE_011649,2010,train
RICE_011650,2010,train
RICE_011651,2010,train
RICE_011652,2010,train
RICE_011653,2010,train
RICE_011654,2010,train
RICE_011655,2010,train
RICE_011656,2010,train
RICE_011657,2010,train
RICE_011658,2010,train
RICE_011659,2010,train
RICE_011660,2010,train
RICE_011661,2010,train
RICE_011662,2010,train
RICE_011663,2010,train
RICE_011664,2010,train
RICE_011665,2010,train
RICE_011666,2010,train
RICE_011667,2010,train
RICE_011668,2010,train
RICE_011669,2010,train
RICE_011670,2010,train
RICE_011671,2010,train
RICE_011672,2010,train
RICE_011673,2010,train
RICE_011674,2010,train
RICE_011675,2010,train
RICE_011676,2010,train
RICE_011677,2010,train
RICE_011678,2010,train
RICE_011679,2010,train
RICE_011680,2010,train
RICE_011681,2010,train
RICE_011682,2010,train
RICE_011683,2010,train
RICE_011684,2010,train
RICE_011685,2010,train
RICE_011686,2010,train
RICE_011687,2010,train
RICE_011688,2010,train
RICE_011689,2010,train
RICE_011690,2010,train
RICE_011691,2010,train
RICE_011692,2010,train
RICE_011693,2010,train
RICE_011694,2010,train
RICE_011695,2010,train
RICE_011696,2010,train
RICE_011697,2010,train
RICE_011698,2010,train
RICE_011699,2010,train
RICE_011700,2010,train
RICE_011701,2010,train
RICE_011702,2010,train
RICE_011703,2010,train
RICE_011704,2010,train
RICE_011705,2010,train
RICE_011706,2010,train
RICE_011707,2010,train
RICE_011708,2010,train
RICE_011709,2010,train
RICE_011710,2010,train
RICE_011711,2010,train
RICE_011712,2010,train
RICE_011713,2010,train
RICE_011714,2010,train
RICE_011715,2010,train
RICE_011716,2010,train
RICE_011717,2010,train
RICE_011718,2010,train
RICE_011719,2010,train
RICE_011720,2010,train
RICE_011721,2010,train
RICE_011722,2010,train
RICE_011723,2010,train
RICE_011724,2010,train
RICE_011725,2010,train
RICE_011726,2010,train
RICE_011727,2010,train
RICE_011728,2010,train
RICE_011729,2010,train
RICE_011730,2010,train
RICE_011731,2010,train
RICE_011732,2010,train
RICE_011733,2010,train
RICE_011734,2010,train
RICE_011735,2010,train
RICE_011736,2010,train
RICE_011737,2010,train
RICE_011738,2010,train
RICE_011739,2010,train
RICE_011740,2010,train
RICE_011741,2010,train
RICE_011742,2010,train
RICE_011743,2010,train
RICE_011744,2011,train
RICE_011745,2011,train
RICE_011746,2011,train
RICE_011747,2011,train
RICE_011748,2011,train
RICE_011749,2011,train
RICE_011750,2011,train
RICE_011751,2011,train
RICE_011752,2011,train
RICE_011753,2011,train
RICE_011754,2011,train
RICE_011755,2011,train
RICE_011756,2011,train
RICE_011757,2011,train
RICE_011758,2011,train
RICE_011759,2011,train
RICE_011760,2011,train
RICE_011761,2011,train
RICE_011762,2011,train
RICE_011763,2011,train
RICE_011764,2011,train
RICE_011765,2011,train
RICE_011766,2011,train
RICE_011767,2011,train
RICE_011768,2011,train
RICE_011769,2011,train
RICE_011770,2011,train
RICE_011771,2011,train
RICE_011772,2011,train
RICE_011773,2011,train
RICE_011774,2011,train
RICE_011775,2011,train
RICE_011776,2011,train
RICE_011777,2011,train
RICE_011778,2011,train
RICE_011779,2011,train
RICE_011780,2011,train
RICE_011781,2011,train
RICE_011782,2011,train
RICE_011783,2011,train
RICE_011784,2011,train
RICE_011785,2011,train
RICE_011786,2011,train
RICE_011787,2011,train
RICE_011788,2011,train
RICE_011789,2011,train
RICE_011790,2011,train
RICE_011791,2011,train
RICE_011792,2011,train
RICE_011793,2011,train
RICE_011794,2011,train
RICE_011795,2011,train
RICE_011796,2011,train
RICE_011797,2011,train
RICE_011798,2011,train
RICE_011799,2011,train
RICE_011800,2011,train
RICE_011801,2011,train
RICE_011802,2011,train
RICE_011803,2011,train
RICE_011804,2011,train
RICE_011805,2011,train
RICE_011806,2011,train
RICE_011807,2011,train
RICE_011808,2011,train
RICE_011809,2011,train
RICE_011810,2011,train
RICE_011811,2011,train
RICE_011812,2011,train
RICE_011813,2011,train
RICE_011814,2011,train
RICE_011815,2011,train
RICE_011816,2011,train
RICE_011817,2011,train
RICE_011818,2011,train
RICE_011819,2011,train
RICE_011820,2011,train
RICE_011821,2011,train
RICE_011822,2011,train
RICE_011823,2011,train
RICE_011824,2011,train
RICE_011825,2011,train
RICE_011826,2011,train
RICE_011827,2011,train
RICE_011828,2011,train
RICE_011829,2011,train
RICE_011830,2011,train
RICE_011831,2011,train
RICE_011832,2011,train
RICE_011833,2011,train
RICE_011834,2011,train
RICE_011835,2011,train
RICE_011836,2011,train
RICE_011837,2011,train
RICE_011838,2011,train
RICE_011839,2011,train
RICE_011840,2011,train
RICE_011841,2011,train
RICE_011842,2011,train
RICE_011843,2011,train
RICE_011844,2011,train
RICE_011845,2011,train
RICE_011846,2011,train
RICE_011847,2011,train
RICE_011848,2011,train
RICE_011849,2011,train
RICE_011850,2011,train
RICE_011851,2011,train
RICE_011852,2011,train
RICE_011853,2011,train
RICE_011854,2011,train
RICE_011855,2011,train
RICE_011856,2011,train
RICE_011857,2011,train
RICE_011858,2011,train
RICE_011859,2011,train
RICE_011860,2011,train
RICE_011861,2011,train
RICE_011862,2011,train
RICE_011863,2011,train
RICE_011864,2011,train
RICE_011865,2011,train
RICE_011866,2011,train
RICE_011867,2011,train
RICE_011868,2011,train
RICE_011869,2011,train
RICE_011870,2011,train
RICE_011871,2011,train
RICE_011872,2011,train
RICE_011873,2011,train
RICE_011874,2011,train
RICE_011875,2011,train
RICE_011876,2011,train
RICE_011877,2011,train
RICE_011878,2011,train
RICE_011879,2011,train
RICE_011880,2011,train
RICE_011881,2011,train
RICE_011882,2011,train
RICE_011883,2011,train
RICE_011884,2011,train
RICE_011885,2011,train
RICE_011886,2011,train
RICE_011887,2011,train
RICE_011888,2011,train
RICE_011889,2011,train
RICE_011890,2011,train
RICE_011891,2011,train
RICE_011892,2011,train
RICE_011893,2011,train
RICE_011894,2011,train
RICE_011895,2011,train
RICE_011896,2011,train
RICE_011897,2011,train
RICE_011898,2011,train
RICE_011899,2011,train
RICE_011900,2011,train
RICE_011901,2011,train
RICE_011902,2011,train
RICE_011903,2011,train
RICE_011904,2011,train
RICE_011905,2011,train
RICE_011906,2011,train
RICE_011907,2011,train
RICE_011908,2011,train
RICE_011909,2011,train
RICE_011910,2011,train
RICE_011911,2011,train
RICE_011912,2011,train
RICE_011913,2011,train
RICE_011914,2011,train
RICE_011915,2011,train
RICE_011916,2011,train
RICE_011917,2011,train
RICE_011918,2011,train
RICE_011919,2011,train
RICE_011920,2011,train
RICE_011921,2011,train
RICE_011922,2011,train
RICE_011923,2011,train
RICE_011924,2011,train
RICE_011925,2011,train
RICE_011926,2011,train
RICE_011927,2011,train
RICE_011928,2011,train
RICE_011929,2011,train
RICE_011930,2011,train
RICE_011931,2011,train
RICE_011932,2011,train
RICE_011933,2011,train
RICE_011934,2011,train
RICE_011935,2011,train
RICE_011936,2011,train
RICE_011937,2011,train
RICE_011938,2011,train
RICE_011939,2011,train
RICE_011940,2011,train
RICE_011941,2011,train
RICE_011942,2011,train
RICE_011943,2011,train
RICE_011944,2011,train
RICE_011945,2011,train
RICE_011946,2011,train
RICE_011947,2011,train
RICE_011948,2011,train
RICE_011949,2011,train
RICE_011950,2011,train
RICE_011951,2011,train
RICE_011952,2011,train
RICE_011953,2011,train
RICE_011954,2011,train
RICE_011955,2011,train
RICE_011956,2011,train
RICE_011957,2011,train
RICE_011958,2011,train
RICE_011959,2011,train
RICE_011960,2011,train
RICE_011961,2011,train
RICE_011962,2011,train
RICE_011963,2011,train
RICE_011964,2011,train
RICE_011965,2011,train
RICE_011966,2011,train
RICE_011967,2011,train
RICE_011968,2011,train
RICE_011969,2011,train
RICE_011970,2011,train
RICE_011971,2011,train
RICE_011972,2011,train
RICE_011973,2011,train
RICE_011974,2011,train
RICE_011975,2011,train
RICE_011976,2011,train
RICE_011977,2011,train
RICE_011978,2011,train
RICE_011979,2011,train
RICE_011980,2011,train
RICE_011981,2011,train
RICE_011982,2011,train
RICE_011983,2011,train
RICE_011984,2011,train
RICE_011985,2011,train
RICE_011986,2011,train
RICE_011987,2011,train
RICE_011988,2011,train
RICE_011989,2011,train
RICE_011990,2011,train
RICE_011991,2011,train
RICE_011992,2011,train
RICE_011993,2011,train
RICE_011994,2011,train
RICE_011995,2011,train
RICE_011996,2011,train
RICE_011997,2011,train
RICE_011998,2011,train
RICE_011999,2011,train
RICE_012000,2011,train
RICE_012001,2011,train
RICE_012002,2011,train
RICE_012003,2011,train
RICE_012004,2011,train
RICE_012005,2011,train
RICE_012006,2011,train
RICE_012007,2011,train
RICE_012008,2011,train
RICE_012009,2011,train
RICE_012010,2011,train
RICE_012011,2011,train
RICE_012012,2011,train
RICE_012013,2011,train
RICE_012014,2011,train
RICE_012015,2011,train
RICE_012016,2011,train
RICE_012017,2011,train
RICE_012018,2011,train
RICE_012019,2011,train
RICE_012020,2011,train
RICE_012021,2011,train
RICE_012022,2011,train
RICE_012023,2011,train
RICE_012024,2011,train
RICE_012025,2011,train
RICE_012026,2011,train
RICE_012027,2011,train
RICE_012028,2011,train
RICE_012029,2011,train
RICE_012030,2011,train
RICE_012031,2011,train
RICE_012032,2011,train
RICE_012033,2011,train
RICE_012034,2011,train
RICE_012035,2011,train
RICE_012036,2011,train
RICE_012037,2011,train
RICE_012038,2011,train
RICE_012039,2011,train
RICE_012040,2011,train
RICE_012041,2011,train
RICE_012042,2011,train
RICE_012043,2011,train
RICE_012044,2011,train
RICE_012045,2011,train
RICE_012046,2011,train
RICE_012047,2011,train
RICE_012048,2011,train
RICE_012049,2011,train
RICE_012050,2011,train
RICE_012051,2011,train
RICE_012052,2011,train
RICE_012053,2011,train
RICE_012054,2011,train
RICE_012055,2011,train
RICE_012056,2011,train
RICE_012057,2011,train
RICE_012058,2011,train
RICE_012059,2011,train
RICE_012060,2011,train
RICE_012061,2011,train
RICE_012062,2011,train
RICE_012063,2011,train
RICE_012064,2011,train
RICE_012065,2011,train
RICE_012066,2011,train
RICE_012067,2011,train
RICE_012068,2011,train
RICE_012069,2011,train
RICE_012070,2011,train
RICE_012071,2011,train
RICE_012072,2011,train
RICE_012073,2011,train
RICE_012074,2011,train
RICE_012075,2011,train
RICE_012076,2011,train
RICE_012077,2011,train
RICE_012078,2011,train
RICE_012079,2011,train
RICE_012080,2011,train
RICE_012081,2011,train
RICE_012082,2011,train
RICE_012083,2011,train
RICE_012084,2011,train
RICE_012085,2011,train
RICE_012086,2011,train
RICE_012087,2011,train
RICE_012088,2011,train
RICE_012089,2011,train
RICE_012090,2011,train
RICE_012091,2011,train
RICE_012092,2011,train
RICE_012093,2011,train
RICE_012094,2011,train
RICE_012095,2011,train
RICE_012096,2011,train
RICE_012097,2011,train
RICE_012098,2011,train
RICE_012099,2011,train
RICE_012100,2011,train
RICE_012101,2011,train
RICE_012102,2011,train
RICE_012103,2011,train
RICE_012104,2011,train
RICE_012105,2011,train
RICE_012106,2011,train
RICE_012107,2011,train
RICE_012108,2011,train
RICE_012109,2011,train
RICE_012110,2011,train
RICE_012111,2011,train
RICE_012112,2011,train
RICE_012113,2011,train
RICE_012114,2011,train
RICE_012115,2011,train
RICE_012116,2011,train
RICE_012117,2011,train
RICE_012118,2011,train
RICE_012119,2011,train
RICE_012120,2011,train
RICE_012121,2011,train
RICE_012122,2011,train
RICE_012123,2011,train
RICE_012124,2011,train
RICE_012125,2011,train
RICE_012126,2011,train
RICE_012127,2011,train
RICE_012128,2011,train
RICE_012129,2011,train
RICE_012130,2011,train
RICE_012131,2011,train
RICE_012132,2011,train
RICE_012133,2011,train
RICE_012134,2011,train
RICE_012135,2011,train
RICE_012136,2011,train
RICE_012137,2011,train
RICE_012138,2011,train
RICE_012139,2011,train
RICE_012140,2011,train
RICE_012141,2011,train
RICE_012142,2011,train
RICE_012143,2011,train
RICE_012144,2011,train
RICE_012145,2011,train
RICE_012146,2011,train
RICE_012147,2011,train
RICE_012148,2011,train
RICE_012149,2011,train
RICE_012150,2011,train
RICE_012151,2011,train
RICE_012152,2011,train
RICE_012153,2011,train
RICE_012154,2011,train
RICE_012155,2011,train
RICE_012156,2011,train
RICE_012157,2011,train
RICE_012158,2011,train
RICE_012159,2011,train
RICE_012160,2011,train
RICE_012161,2011,train
RICE_012162,2011,train
RICE_012163,2011,train
RICE_012164,2011,train
RICE_012165,2011,train
RICE_012166,2011,train
RICE_012167,2011,train
RICE_012168,2011,train
RICE_012169,2011,train
RICE_012170,2011,train
RICE_012171,2011,train
RICE_012172,2011,train
RICE_012173,2011,train
RICE_012174,2011,train
RICE_012175,2011,train
RICE_012176,2011,train
RICE_012177,2011,train
RICE_012178,2011,train
RICE_012179,2011,train
RICE_012180,2011,train
RICE_012181,2011,train
RICE_012182,2011,train
RICE_012183,2011,train
RICE_012184,2011,train
RICE_012185,2011,train
RICE_012186,2011,train
RICE_012187,2011,train
RICE_012188,2011,train
RICE_012189,2011,train
RICE_012190,2011,train
RICE_012191,2011,train
RICE_012192,2011,train
RICE_012193,2011,train
RICE_012194,2011,train
RICE_012195,2011,train
RICE_012196,2011,train
RICE_012197,2011,train
RICE_012198,2011,train
RICE_012199,2011,train
RICE_012200,2011,train
RICE_012201,2011,train
RICE_012202,2011,train
RICE_012203,2011,train
RICE_012204,2011,train
RICE_012205,2011,train
RICE_012206,2011,train
RICE_012207,2011,train
RICE_012208,2011,train
RICE_012209,2011,train
RICE_012210,2011,train
RICE_012211,2011,train
RICE_012212,2011,train
RICE_012213,2011,train
RICE_012214,2011,train
RICE_012215,2011,train
RICE_012216,2011,train
RICE_012217,2011,train
RICE_012218,2011,train
RICE_012219,2011,train
RICE_012220,2011,train
RICE_012221,2011,train
RICE_012222,2011,train
RICE_012223,2011,train
RICE_012224,2011,train
RICE_012225,2011,train
RICE_012226,2011,train
RICE_012227,2011,train
RICE_012228,2011,train
RICE_012229,2011,train
RICE_012230,2011,train
RICE_012231,2011,train
RICE_012232,2011,train
RICE_012233,2011,train
RICE_012234,2011,train
RICE_012235,2011,train
RICE_012236,2011,train
RICE_012237,2011,train
RICE_012238,2011,train
RICE_012239,2011,train
RICE_012240,2011,train
RICE_012241,2011,train
RICE_012242,2011,train
RICE_012243,2011,train
RICE_012244,2011,train
RICE_012245,2011,train
RICE_012246,2011,train
RICE_012247,2011,train
RICE_012248,2011,train
RICE_012249,2011,train
RICE_012250,2011,train
RICE_012251,2011,train
RICE_012252,2011,train
RICE_012253,2011,train
RICE_012254,2011,train
RICE_012255,2011,train
RICE_012256,2011,train
RICE_012257,2011,train
RICE_012258,2011,train
RICE_012259,2011,train
RICE_012260,2011,train
RICE_012261,2011,train
RICE_012262,2011,train
RICE_012263,2011,train
RICE_012264,2011,train
RICE_012265,2011,train
RICE_012266,2011,train
RICE_012267,2011,train
RICE_012268,2011,train
RICE_012269,2011,train
RICE_012270,2011,train
RICE_012271,2011,train
RICE_012272,2011,train
RICE_012273,2011,train
RICE_012274,2011,train
RICE_012275,2011,train
RICE_012276,2011,train
RICE_012277,2011,train
RICE_012278,2011,train
RICE_012279,2011,train
RICE_012280,2011,train
RICE_012281,2011,train
RICE_012282,2011,train
RICE_012283,2011,train
RICE_012284,2011,train
RICE_012285,2011,train
RICE_012286,2011,train
RICE_012287,2011,train
RICE_012288,2011,train
RICE_012289,2011,train
RICE_012290,2011,train
RICE_012291,2011,train
RICE_012292,2011,train
RICE_012293,2011,train
RICE_012294,2011,train
RICE_012295,2011,train
RICE_012296,2011,train
RICE_012297,2011,train
RICE_012298,2011,train
RICE_012299,2011,train
RICE_012300,2011,train
RICE_012301,2011,train
RICE_012302,2011,train
RICE_012303,2011,train
RICE_012304,2011,train
RICE_012305,2011,train
RICE_012306,2011,train
RICE_012307,2011,train
RICE_012308,2011,train
RICE_012309,2011,train
RICE_012310,2011,train
RICE_012311,2011,train
RICE_012312,2011,train
RICE_012313,2011,train
RICE_012314,2011,train
RICE_012315,2011,train
RICE_012316,2011,train
RICE_012317,2011,train
RICE_012318,2011,train
RICE_012319,2011,train
RICE_012320,2011,train
RICE_012321,2011,train
RICE_012322,2011,train
RICE_012323,2011,train
RICE_012324,2011,train
RICE_012325,2011,train
RICE_012326,2011,train
RICE_012327,2011,train
RICE_012328,2011,train
RICE_012329,2011,train
RICE_012330,2011,train
RICE_012331,2011,train
RICE_012332,2011,train
RICE_012333,2011,train
RICE_012334,2011,train
RICE_012335,2011,train
RICE_012336,2011,train
RICE_012337,2011,train
RICE_012338,2011,train
RICE_012339,2011,train
RICE_012340,2011,train
RICE_012341,2011,train
RICE_012342,2011,train
RICE_012343,2011,train
RICE_012344,2011,train
RICE_012345,2011,train
RICE_012346,2011,train
RICE_012347,2011,train
RICE_012348,2011,train
RICE_012349,2011,train
RICE_012350,2011,train
RICE_012351,2011,train
RICE_012352,2011,train
RICE_012353,2011,train
RICE_012354,2011,train
RICE_012355,2011,train
RICE_012356,2011,train
RICE_012357,2011,train
RICE_012358,2011,train
RICE_012359,2011,train
RICE_012360,2011,train
RICE_012361,2011,train
RICE_012362,2011,train
RICE_012363,2011,train
RICE_012364,2011,train
RICE_012365,2011,train
RICE_012366,2011,train
RICE_012367,2011,train
RICE_012368,2011,train
RICE_012369,2011,train
RICE_012370,2011,train
RICE_012371,2011,train
RICE_012372,2011,train
RICE_012373,2011,train
RICE_012374,2011,train
RICE_012375,2011,train
RICE_012376,2011,train
RICE_012377,2011,train
RICE_012378,2011,train
RICE_012379,2011,train
RICE_012380,2011,train
RICE_012381,2011,train
RICE_012382,2011,train
RICE_012383,2011,train
RICE_012384,2011,train
RICE_012385,2011,train
RICE_012386,2011,train
RICE_012387,2011,train
RICE_012388,2011,train
RICE_012389,2011,train
RICE_012390,2011,train
RICE_012391,2011,train
RICE_012392,2011,train
RICE_012393,2011,train
RICE_012394,2011,train
RICE_012395,2011,train
RICE_012396,2011,train
RICE_012397,2011,train
RICE_012398,2011,train
RICE_012399,2011,train
RICE_012400,2011,train
RICE_012401,2011,train
RICE_012402,2011,train
RICE_012403,2011,train
RICE_012404,2011,train
RICE_012405,2011,train
RICE_012406,2011,train
RICE_012407,2011,train
RICE_012408,2011,train
RICE_012409,2011,train
RICE_012410,2011,train
RICE_012411,2011,train
RICE_012412,2011,train
RICE_012413,2011,train
RICE_012414,2011,train
RICE_012415,2011,train
RICE_012416,2011,train
RICE_012417,2011,train
RICE_012418,2011,train
RICE_012419,2011,train
RICE_012420,2011,train
RICE_012421,2011,train
RICE_012422,2011,train
RICE_012423,2011,train
RICE_012424,2011,train
RICE_012425,2011,train
RICE_012426,2011,train
RICE_012427,2011,train
RICE_012428,2011,train
RICE_012429,2011,train
RICE_012430,2011,train
RICE_012431,2011,train
RICE_012432,2011,train
RICE_012433,2011,train
RICE_012434,2011,train
RICE_012435,2011,train
RICE_012436,2011,train
RICE_012437,2011,train
RICE_012438,2011,train
RICE_012439,2011,train
RICE_012440,2011,train
RICE_012441,2011,train
RICE_012442,2011,train
RICE_012443,2011,train
RICE_012444,2011,train
RICE_012445,2011,train
RICE_012446,2011,train
RICE_012447,2011,train
RICE_012448,2011,train
RICE_012449,2011,train
RICE_012450,2011,train
RICE_012451,2011,train
RICE_012452,2011,train
RICE_012453,2011,train
RICE_012454,2011,train
RICE_012455,2011,train
RICE_012456,2011,train
RICE_012457,2011,train
RICE_012458,2011,train
RICE_012459,2011,train
RICE_012460,2011,train
RICE_012461,2011,train
RICE_012462,2011,train
RICE_012463,2011,train
RICE_012464,2011,train
RICE_012465,2011,train
RICE_012466,2011,train
RICE_012467,2011,train
RICE_012468,2011,train
RICE_012469,2011,train
RICE_012470,2011,train
RICE_012471,2011,train
RICE_012472,2011,train
RICE_012473,2011,train
RICE_012474,2011,train
RICE_012475,2011,train
RICE_012476,2011,train
RICE_012477,2011,train
RICE_012478,2011,train
RICE_012479,2011,train
RICE_012480,2011,train
RICE_012481,2011,train
RICE_012482,2011,train
RICE_012483,2011,train
RICE_012484,2011,train
RICE_012485,2011,train
RICE_012486,2011,train
RICE_012487,2011,train
RICE_012488,2011,train
RICE_012489,2011,train
RICE_012490,2011,train
RICE_012491,2011,train
RICE_012492,2011,train
RICE_012493,2011,train
RICE_012494,2011,train
RICE_012495,2011,train
RICE_012496,2011,train
RICE_012497,2011,train
RICE_012498,2011,train
RICE_012499,2011,train
RICE_012500,2011,train
RICE_012501,2011,train
RICE_012502,2011,train
RICE_012503,2011,train
RICE_012504,2011,train
RICE_012505,2011,train
RICE_012506,2011,train
RICE_012507,2011,train
RICE_012508,2011,train
RICE_012509,2011,train
RICE_012510,2011,train
RICE_012511,2011,train
RICE_012512,2011,train
RICE_012513,2011,train
RICE_012514,2011,train
RICE_012515,2011,train
RICE_012516,2011,train
RICE_012517,2011,train
RICE_012518,2011,train
RICE_012519,2011,train
RICE_012520,2011,train
RICE_012521,2011,train
RICE_012522,2011,train
RICE_012523,2011,train
RICE_012524,2011,train
RICE_012525,2011,train
RICE_012526,2011,train
RICE_012527,2011,train
RICE_012528,2011,train
RICE_012529,2011,train
RICE_012530,2011,train
RICE_012531,2011,train
RICE_012532,2011,train
RICE_012533,2011,train
RICE_012534,2011,train
RICE_012535,2011,train
RICE_012536,2011,train
RICE_012537,2011,train
RICE_012538,2011,train
RICE_012539,2011,train
RICE_012540,2011,train
RICE_012541,2011,train
RICE_012542,2011,train
RICE_012543,2011,train
RICE_012544,2011,train
RICE_012545,2011,train
RICE_012546,2011,train
RICE_012547,2011,train
RICE_012548,2011,train
RICE_012549,2011,train
RICE_012550,2011,train
RICE_012551,2011,train
RICE_012552,2011,train
RICE_012553,2011,train
RICE_012554,2011,train
RICE_012555,2011,train
RICE_012556,2011,train
RICE_012557,2011,train
RICE_012558,2011,train
RICE_012559,2011,train
RICE_012560,2011,train
RICE_012561,2011,train
RICE_012562,2011,train
RICE_012563,2011,train
RICE_012564,2011,train
RICE_012565,2011,train
RICE_012566,2011,train
RICE_012567,2011,train
RICE_012568,2011,train
RICE_012569,2011,train
RICE_012570,2011,train
RICE_012571,2011,train
RICE_012572,2011,train
RICE_012573,2011,train
RICE_012574,2011,train
RICE_012575,2011,train
RICE_012576,2011,train
RICE_012577,2011,train
RICE_012578,2011,train
RICE_012579,2011,train
RICE_012580,2011,train
RICE_012581,2011,train
RICE_012582,2011,train
RICE_012583,2011,train
RICE_012584,2011,train
RICE_012585,2011,train
RICE_012586,2011,train
RICE_012587,2011,train
RICE_012588,2011,train
RICE_012589,2011,train
RICE_012590,2011,train
RICE_012591,2011,train
RICE_012592,2011,train
RICE_012593,2012,validation
RICE_012594,2012,validation
RICE_012595,2012,validation
RICE_012596,2012,validation
RICE_012597,2012,validation
RICE_012598,2012,validation
RICE_012599,2012,validation
RICE_012600,2012,validation
RICE_012601,2012,validation
RICE_012602,2012,validation
RICE_012603,2012,validation
RICE_012604,2012,validation
RICE_012605,2012,validation
RICE_012606,2012,validation
RICE_012607,2012,validation
RICE_012608,2012,validation
RICE_012609,2012,validation
RICE_012610,2012,validation
RICE_012611,2012,validation
RICE_012612,2012,validation
RICE_012613,2012,validation
RICE_012614,2012,validation
RICE_012615,2012,validation
RICE_012616,2012,validation
RICE_012617,2012,validation
RICE_012618,2012,validation
RICE_012619,2012,validation
RICE_012620,2012,validation
RICE_012621,2012,validation
RICE_012622,2012,validation
RICE_012623,2012,validation
RICE_012624,2012,validation
RICE_012625,2012,validation
RICE_012626,2012,validation
RICE_012627,2012,validation
RICE_012628,2012,validation
RICE_012629,2012,validation
RICE_012630,2012,validation
RICE_012631,2012,validation
RICE_012632,2012,validation
RICE_012633,2012,validation
RICE_012634,2012,validation
RICE_012635,2012,validation
RICE_012636,2012,validation
RICE_012637,2012,validation
RICE_012638,2012,validation
RICE_012639,2012,validation
RICE_012640,2012,validation
RICE_012641,2012,validation
RICE_012642,2012,validation
RICE_012643,2012,validation
RICE_012644,2012,validation
RICE_012645,2012,validation
RICE_012646,2012,validation
RICE_012647,2012,validation
RICE_012648,2012,validation
RICE_012649,2012,validation
RICE_012650,2012,validation
RICE_012651,2012,validation
RICE_012652,2012,validation
RICE_012653,2012,validation
RICE_012654,2012,validation
RICE_012655,2012,validation
RICE_012656,2012,validation
RICE_012657,2012,validation
RICE_012658,2012,validation
RICE_012659,2012,validation
RICE_012660,2012,validation
RICE_012661,2012,validation
RICE_012662,2012,validation
RICE_012663,2012,validation
RICE_012664,2012,validation
RICE_012665,2012,validation
RICE_012666,2012,validation
RICE_012667,2012,validation
RICE_012668,2012,validation
RICE_012669,2012,validation
RICE_012670,2012,validation
RICE_012671,2012,validation
RICE_012672,2012,validation
RICE_012673,2012,validation
RICE_012674,2012,validation
RICE_012675,2012,validation
RICE_012676,2012,validation
RICE_012677,2012,validation
RICE_012678,2012,validation
RICE_012679,2012,validation
RICE_012680,2012,validation
RICE_012681,2012,validation
RICE_012682,2012,validation
RICE_012683,2012,validation
RICE_012684,2012,validation
RICE_012685,2012,validation
RICE_012686,2012,validation
RICE_012687,2012,validation
RICE_012688,2012,validation
RICE_012689,2012,validation
RICE_012690,2012,validation
RICE_012691,2012,validation
RICE_012692,2012,validation
RICE_012693,2012,validation
RICE_012694,2012,validation
RICE_012695,2012,validation
RICE_012696,2012,validation
RICE_012697,2012,validation
RICE_012698,2012,validation
RICE_012699,2012,validation
RICE_012700,2012,validation
RICE_012701,2012,validation
RICE_012702,2012,validation
RICE_012703,2012,validation
RICE_012704,2012,validation
RICE_012705,2012,validation
RICE_012706,2012,validation
RICE_012707,2012,validation
RICE_012708,2012,validation
RICE_012709,2012,validation
RICE_012710,2012,validation
RICE_012711,2012,validation
RICE_012712,2012,validation
RICE_012713,2012,validation
RICE_012714,2012,validation
RICE_012715,2012,validation
RICE_012716,2012,validation
RICE_012717,2012,validation
RICE_012718,2012,validation
RICE_012719,2012,validation
RICE_012720,2012,validation
RICE_012721,2012,validation
RICE_012722,2012,validation
RICE_012723,2012,validation
RICE_012724,2012,validation
RICE_012725,2012,validation
RICE_012726,2012,validation
RICE_012727,2012,validation
RICE_012728,2012,validation
RICE_012729,2012,validation
RICE_012730,2012,validation
RICE_012731,2012,validation
RICE_012732,2012,validation
RICE_012733,2012,validation
RICE_012734,2012,validation
RICE_012735,2012,validation
RICE_012736,2012,validation
RICE_012737,2012,validation
RICE_012738,2012,validation
RICE_012739,2012,validation
RICE_012740,2012,validation
RICE_012741,2012,validation
RICE_012742,2012,validation
RICE_012743,2012,validation
RICE_012744,2012,validation
RICE_012745,2012,validation
RICE_012746,2012,validation
RICE_012747,2012,validation
RICE_012748,2012,validation
RICE_012749,2012,validation
RICE_012750,2012,validation
RICE_012751,2012,validation
RICE_012752,2012,validation
RICE_012753,2012,validation
RICE_012754,2012,validation
RICE_012755,2012,validation
RICE_012756,2012,validation
RICE_012757,2012,validation
RICE_012758,2012,validation
RICE_012759,2012,validation
RICE_012760,2012,validation
RICE_012761,2012,validation
RICE_012762,2012,validation
RICE_012763,2012,validation
RICE_012764,2012,validation
RICE_012765,2012,validation
RICE_012766,2012,validation
RICE_012767,2012,validation
RICE_012768,2012,validation
RICE_012769,2012,validation
RICE_012770,2012,validation
RICE_012771,2012,validation
RICE_012772,2012,validation
RICE_012773,2012,validation
RICE_012774,2012,validation
RICE_012775,2012,validation
RICE_012776,2012,validation
RICE_012777,2012,validation
RICE_012778,2012,validation
RICE_012779,2012,validation
RICE_012780,2012,validation
RICE_012781,2012,validation
RICE_012782,2012,validation
RICE_012783,2012,validation
RICE_012784,2012,validation
RICE_012785,2012,validation
RICE_012786,2012,validation
RICE_012787,2012,validation
RICE_012788,2012,validation
RICE_012789,2012,validation
RICE_012790,2012,validation
RICE_012791,2012,validation
RICE_012792,2012,validation
RICE_012793,2012,validation
RICE_012794,2012,validation
RICE_012795,2012,validation
RICE_012796,2012,validation
RICE_012797,2012,validation
RICE_012798,2012,validation
RICE_012799,2012,validation
RICE_012800,2012,validation
RICE_012801,2012,validation
RICE_012802,2012,validation
RICE_012803,2012,validation
RICE_012804,2012,validation
RICE_012805,2012,validation
RICE_012806,2012,validation
RICE_012807,2012,validation
RICE_012808,2012,validation
RICE_012809,2012,validation
RICE_012810,2012,validation
RICE_012811,2012,validation
RICE_012812,2012,validation
RICE_012813,2012,validation
RICE_012814,2012,validation
RICE_012815,2012,validation
RICE_012816,2012,validation
RICE_012817,2012,validation
RICE_012818,2012,validation
RICE_012819,2012,validation
RICE_012820,2012,validation
RICE_012821,2012,validation
RICE_012822,2012,validation
RICE_012823,2012,validation
RICE_012824,2012,validation
RICE_012825,2012,validation
RICE_012826,2012,validation
RICE_012827,2012,validation
RICE_012828,2012,validation
RICE_012829,2012,validation
RICE_012830,2012,validation
RICE_012831,2012,validation
RICE_012832,2012,validation
RICE_012833,2012,validation
RICE_012834,2012,validation
RICE_012835,2012,validation
RICE_012836,2012,validation
RICE_012837,2012,validation
RICE_012838,2012,validation
RICE_012839,2012,validation
RICE_012840,2012,validation
RICE_012841,2012,validation
RICE_012842,2012,validation
RICE_012843,2012,validation
RICE_012844,2012,validation
RICE_012845,2012,validation
RICE_012846,2012,validation
RICE_012847,2012,validation
RICE_012848,2012,validation
RICE_012849,2012,validation
RICE_012850,2012,validation
RICE_012851,2012,validation
RICE_012852,2012,validation
RICE_012853,2012,validation
RICE_012854,2012,validation
RICE_012855,2012,validation
RICE_012856,2012,validation
RICE_012857,2012,validation
RICE_012858,2012,validation
RICE_012859,2012,validation
RICE_012860,2012,validation
RICE_012861,2012,validation
RICE_012862,2012,validation
RICE_012863,2012,validation
RICE_012864,2012,validation
RICE_012865,2012,validation
RICE_012866,2012,validation
RICE_012867,2012,validation
RICE_012868,2012,validation
RICE_012869,2012,validation
RICE_012870,2012,validation
RICE_012871,2012,validation
RICE_012872,2012,validation
RICE_012873,2012,validation
RICE_012874,2012,validation
RICE_012875,2012,validation
RICE_012876,2012,validation
RICE_012877,2012,validation
RICE_012878,2012,validation
RICE_012879,2012,validation
RICE_012880,2012,validation
RICE_012881,2012,validation
RICE_012882,2012,validation
RICE_012883,2012,validation
RICE_012884,2012,validation
RICE_012885,2012,validation
RICE_012886,2012,validation
RICE_012887,2012,validation
RICE_012888,2012,validation
RICE_012889,2012,validation
RICE_012890,2012,validation
RICE_012891,2012,validation
RICE_012892,2012,validation
RICE_012893,2012,validation
RICE_012894,2012,validation
RICE_012895,2012,validation
RICE_012896,2012,validation
RICE_012897,2012,validation
RICE_012898,2012,validation
RICE_012899,2012,validation
RICE_012900,2012,validation
RICE_012901,2012,validation
RICE_012902,2012,validation
RICE_012903,2012,validation
RICE_012904,2012,validation
RICE_012905,2012,validation
RICE_012906,2012,validation
RICE_012907,2012,validation
RICE_012908,2012,validation
RICE_012909,2012,validation
RICE_012910,2012,validation
RICE_012911,2012,validation
RICE_012912,2012,validation
RICE_012913,2012,validation
RICE_012914,2012,validation
RICE_012915,2012,validation
RICE_012916,2012,validation
RICE_012917,2012,validation
RICE_012918,2012,validation
RICE_012919,2012,validation
RICE_012920,2012,validation
RICE_012921,2012,validation
RICE_012922,2012,validation
RICE_012923,2012,validation
RICE_012924,2012,validation
RICE_012925,2012,validation
RICE_012926,2012,validation
RICE_012927,2012,validation
RICE_012928,2012,validation
RICE_012929,2012,validation
RICE_012930,2012,validation
RICE_012931,2012,validation
RICE_012932,2012,validation
RICE_012933,2012,validation
RICE_012934,2012,validation
RICE_012935,2012,validation
RICE_012936,2012,validation
RICE_012937,2012,validation
RICE_012938,2012,validation
RICE_012939,2012,validation
RICE_012940,2012,validation
RICE_012941,2012,validation
RICE_012942,2012,validation
RICE_012943,2012,validation
RICE_012944,2012,validation
RICE_012945,2012,validation
RICE_012946,2012,validation
RICE_012947,2012,validation
RICE_012948,2012,validation
RICE_012949,2012,validation
RICE_012950,2012,validation
RICE_012951,2012,validation
RICE_012952,2012,validation
RICE_012953,2012,validation
RICE_012954,2012,validation
RICE_012955,2012,validation
RICE_012956,2012,validation
RICE_012957,2012,validation
RICE_012958,2012,validation
RICE_012959,2012,validation
RICE_012960,2012,validation
RICE_012961,2012,validation
RICE_012962,2012,validation
RICE_012963,2012,validation
RICE_012964,2012,validation
RICE_012965,2012,validation
RICE_012966,2012,validation
RICE_012967,2012,validation
RICE_012968,2012,validation
RICE_012969,2012,validation
RICE_012970,2012,validation
RICE_012971,2012,validation
RICE_012972,2012,validation
RICE_012973,2012,validation
RICE_012974,2012,validation
RICE_012975,2012,validation
RICE_012976,2012,validation
RICE_012977,2012,validation
RICE_012978,2012,validation
RICE_012979,2012,validation
RICE_012980,2012,validation
RICE_012981,2012,validation
RICE_012982,2012,validation
RICE_012983,2012,validation
RICE_012984,2012,validation
RICE_012985,2012,validation
RICE_012986,2012,validation
RICE_012987,2012,validation
RICE_012988,2012,validation
RICE_012989,2012,validation
RICE_012990,2012,validation
RICE_012991,2012,validation
RICE_012992,2012,validation
RICE_012993,2012,validation
RICE_012994,2012,validation
RICE_012995,2012,validation
RICE_012996,2012,validation
RICE_012997,2012,validation
RICE_012998,2012,validation
RICE_012999,2012,validation
RICE_013000,2012,validation
RICE_013001,2012,validation
RICE_013002,2012,validation
RICE_013003,2012,validation
RICE_013004,2012,validation
RICE_013005,2012,validation
RICE_013006,2012,validation
RICE_013007,2012,validation
RICE_013008,2012,validation
RICE_013009,2012,validation
RICE_013010,2012,validation
RICE_013011,2012,validation
RICE_013012,2012,validation
RICE_013013,2012,validation
RICE_013014,2012,validation
RICE_013015,2012,validation
RICE_013016,2012,validation
RICE_013017,2012,validation
RICE_013018,2012,validation
RICE_013019,2012,validation
RICE_013020,2012,validation
RICE_013021,2012,validation
RICE_013022,2012,validation
RICE_013023,2012,validation
RICE_013024,2012,validation
RICE_013025,2012,validation
RICE_013026,2012,validation
RICE_013027,2012,validation
RICE_013028,2012,validation
RICE_013029,2012,validation
RICE_013030,2012,validation
RICE_013031,2012,validation
RICE_013032,2012,validation
RICE_013033,2012,validation
RICE_013034,2012,validation
RICE_013035,2012,validation
RICE_013036,2012,validation
RICE_013037,2012,validation
RICE_013038,2012,validation
RICE_013039,2012,validation
RICE_013040,2012,validation
RICE_013041,2012,validation
RICE_013042,2012,validation
RICE_013043,2012,validation
RICE_013044,2012,validation
RICE_013045,2012,validation
RICE_013046,2012,validation
RICE_013047,2012,validation
RICE_013048,2012,validation
RICE_013049,2012,validation
RICE_013050,2012,validation
RICE_013051,2012,validation
RICE_013052,2012,validation
RICE_013053,2012,validation
RICE_013054,2012,validation
RICE_013055,2012,validation
RICE_013056,2012,validation
RICE_013057,2012,validation
RICE_013058,2012,validation
RICE_013059,2012,validation
RICE_013060,2012,validation
RICE_013061,2012,validation
RICE_013062,2012,validation
RICE_013063,2012,validation
RICE_013064,2012,validation
RICE_013065,2012,validation
RICE_013066,2012,validation
RICE_013067,2012,validation
RICE_013068,2012,validation
RICE_013069,2012,validation
RICE_013070,2012,validation
RICE_013071,2012,validation
RICE_013072,2012,validation
RICE_013073,2012,validation
RICE_013074,2012,validation
RICE_013075,2012,validation
RICE_013076,2012,validation
RICE_013077,2012,validation
RICE_013078,2012,validation
RICE_013079,2012,validation
RICE_013080,2012,validation
RICE_013081,2012,validation
RICE_013082,2012,validation
RICE_013083,2012,validation
RICE_013084,2012,validation
RICE_013085,2012,validation
RICE_013086,2012,validation
RICE_013087,2012,validation
RICE_013088,2012,validation
RICE_013089,2012,validation
RICE_013090,2012,validation
RICE_013091,2012,validation
RICE_013092,2012,validation
RICE_013093,2012,validation
RICE_013094,2012,validation
RICE_013095,2012,validation
RICE_013096,2012,validation
RICE_013097,2012,validation
RICE_013098,2012,validation
RICE_013099,2012,validation
RICE_013100,2012,validation
RICE_013101,2012,validation
RICE_013102,2012,validation
RICE_013103,2012,validation
RICE_013104,2012,validation
RICE_013105,2012,validation
RICE_013106,2012,validation
RICE_013107,2012,validation
RICE_013108,2012,validation
RICE_013109,2012,validation
RICE_013110,2012,validation
RICE_013111,2012,validation
RICE_013112,2012,validation
RICE_013113,2012,validation
RICE_013114,2012,validation
RICE_013115,2012,validation
RICE_013116,2012,validation
RICE_013117,2012,validation
RICE_013118,2012,validation
RICE_013119,2012,validation
RICE_013120,2012,validation
RICE_013121,2012,validation
RICE_013122,2012,validation
RICE_013123,2012,validation
RICE_013124,2012,validation
RICE_013125,2012,validation
RICE_013126,2012,validation
RICE_013127,2012,validation
RICE_013128,2012,validation
RICE_013129,2012,validation
RICE_013130,2012,validation
RICE_013131,2012,validation
RICE_013132,2012,validation
RICE_013133,2012,validation
RICE_013134,2012,validation
RICE_013135,2012,validation
RICE_013136,2012,validation
RICE_013137,2012,validation
RICE_013138,2012,validation
RICE_013139,2012,validation
RICE_013140,2012,validation
RICE_013141,2012,validation
RICE_013142,2012,validation
RICE_013143,2012,validation
RICE_013144,2012,validation
RICE_013145,2012,validation
RICE_013146,2012,validation
RICE_013147,2012,validation
RICE_013148,2012,validation
RICE_013149,2012,validation
RICE_013150,2012,validation
RICE_013151,2012,validation
RICE_013152,2012,validation
RICE_013153,2012,validation
RICE_013154,2012,validation
RICE_013155,2012,validation
RICE_013156,2012,validation
RICE_013157,2012,validation
RICE_013158,2012,validation
RICE_013159,2012,validation
RICE_013160,2012,validation
RICE_013161,2012,validation
RICE_013162,2012,validation
RICE_013163,2012,validation
RICE_013164,2012,validation
RICE_013165,2012,validation
RICE_013166,2012,validation
RICE_013167,2012,validation
RICE_013168,2012,validation
RICE_013169,2012,validation
RICE_013170,2012,validation
RICE_013171,2012,validation
RICE_013172,2012,validation
RICE_013173,2012,validation
RICE_013174,2012,validation
RICE_013175,2012,validation
RICE_013176,2012,validation
RICE_013177,2012,validation
RICE_013178,2012,validation
RICE_013179,2012,validation
RICE_013180,2012,validation
RICE_013181,2012,validation
RICE_013182,2012,validation
RICE_013183,2012,validation
RICE_013184,2012,validation
RICE_013185,2012,validation
RICE_013186,2012,validation
RICE_013187,2012,validation
RICE_013188,2012,validation
RICE_013189,2012,validation
RICE_013190,2012,validation
RICE_013191,2012,validation
RICE_013192,2012,validation
RICE_013193,2012,validation
RICE_013194,2012,validation
RICE_013195,2012,validation
RICE_013196,2012,validation
RICE_013197,2012,validation
RICE_013198,2012,validation
RICE_013199,2012,validation
RICE_013200,2012,validation
RICE_013201,2012,validation
RICE_013202,2012,validation
RICE_013203,2012,validation
RICE_013204,2012,validation
RICE_013205,2012,validation
RICE_013206,2012,validation
RICE_013207,2012,validation
RICE_013208,2012,validation
RICE_013209,2012,validation
RICE_013210,2012,validation
RICE_013211,2012,validation
RICE_013212,2012,validation
RICE_013213,2012,validation
RICE_013214,2012,validation
RICE_013215,2012,validation
RICE_013216,2012,validation
RICE_013217,2012,validation
RICE_013218,2012,validation
RICE_013219,2012,validation
RICE_013220,2012,validation
RICE_013221,2012,validation
RICE_013222,2012,validation
RICE_013223,2012,validation
RICE_013224,2012,validation
RICE_013225,2012,validation
RICE_013226,2012,validation
RICE_013227,2012,validation
RICE_013228,2012,validation
RICE_013229,2012,validation
RICE_013230,2012,validation
RICE_013231,2012,validation
RICE_013232,2012,validation
RICE_013233,2012,validation
RICE_013234,2012,validation
RICE_013235,2012,validation
RICE_013236,2012,validation
RICE_013237,2012,validation
RICE_013238,2012,validation
RICE_013239,2012,validation
RICE_013240,2012,validation
RICE_013241,2012,validation
RICE_013242,2012,validation
RICE_013243,2012,validation
RICE_013244,2012,validation
RICE_013245,2012,validation
RICE_013246,2012,validation
RICE_013247,2012,validation
RICE_013248,2012,validation
RICE_013249,2012,validation
RICE_013250,2012,validation
RICE_013251,2012,validation
RICE_013252,2012,validation
RICE_013253,2012,validation
RICE_013254,2012,validation
RICE_013255,2012,validation
RICE_013256,2012,validation
RICE_013257,2012,validation
RICE_013258,2012,validation
RICE_013259,2012,validation
RICE_013260,2012,validation
RICE_013261,2012,validation
RICE_013262,2012,validation
RICE_013263,2012,validation
RICE_013264,2012,validation
RICE_013265,2012,validation
RICE_013266,2012,validation
RICE_013267,2012,validation
RICE_013268,2012,validation
RICE_013269,2012,validation
RICE_013270,2012,validation
RICE_013271,2012,validation
RICE_013272,2012,validation
RICE_013273,2012,validation
RICE_013274,2012,validation
RICE_013275,2012,validation
RICE_013276,2012,validation
RICE_013277,2012,validation
RICE_013278,2012,validation
RICE_013279,2012,validation
RICE_013280,2012,validation
RICE_013281,2012,validation
RICE_013282,2012,validation
RICE_013283,2012,validation
RICE_013284,2012,validation
RICE_013285,2012,validation
RICE_013286,2012,validation
RICE_013287,2012,validation
RICE_013288,2012,validation
RICE_013289,2012,validation
RICE_013290,2012,validation
RICE_013291,2012,validation
RICE_013292,2012,validation
RICE_013293,2012,validation
RICE_013294,2012,validation
RICE_013295,2012,validation
RICE_013296,2012,validation
RICE_013297,2012,validation
RICE_013298,2012,validation
RICE_013299,2012,validation
RICE_013300,2012,validation
RICE_013301,2012,validation
RICE_013302,2012,validation
RICE_013303,2012,validation
RICE_013304,2012,validation
RICE_013305,2012,validation
RICE_013306,2012,validation
RICE_013307,2012,validation
RICE_013308,2012,validation
RICE_013309,2012,validation
RICE_013310,2012,validation
RICE_013311,2012,validation
RICE_013312,2012,validation
RICE_013313,2012,validation
RICE_013314,2012,validation
RICE_013315,2012,validation
RICE_013316,2012,validation
RICE_013317,2012,validation
RICE_013318,2012,validation
RICE_013319,2012,validation
RICE_013320,2012,validation
RICE_013321,2012,validation
RICE_013322,2012,validation
RICE_013323,2012,validation
RICE_013324,2012,validation
RICE_013325,2012,validation
RICE_013326,2012,validation
RICE_013327,2012,validation
RICE_013328,2012,validation
RICE_013329,2012,validation
RICE_013330,2012,validation
RICE_013331,2012,validation
RICE_013332,2012,validation
RICE_013333,2012,validation
RICE_013334,2012,validation
RICE_013335,2012,validation
RICE_013336,2012,validation
RICE_013337,2012,validation
RICE_013338,2012,validation
RICE_013339,2012,validation
RICE_013340,2012,validation
RICE_013341,2012,validation
RICE_013342,2012,validation
RICE_013343,2012,validation
RICE_013344,2012,validation
RICE_013345,2012,validation
RICE_013346,2012,validation
RICE_013347,2012,validation
RICE_013348,2012,validation
RICE_013349,2012,validation
RICE_013350,2012,validation
RICE_013351,2012,validation
RICE_013352,2012,validation
RICE_013353,2012,validation
RICE_013354,2012,validation
RICE_013355,2012,validation
RICE_013356,2012,validation
RICE_013357,2012,validation
RICE_013358,2012,validation
RICE_013359,2012,validation
RICE_013360,2012,validation
RICE_013361,2012,validation
RICE_013362,2012,validation
RICE_013363,2012,validation
RICE_013364,2012,validation
RICE_013365,2012,validation
RICE_013366,2012,validation
RICE_013367,2012,validation
RICE_013368,2012,validation
RICE_013369,2012,validation
RICE_013370,2012,validation
RICE_013371,2012,validation
RICE_013372,2012,validation
RICE_013373,2012,validation
RICE_013374,2012,validation
RICE_013375,2012,validation
RICE_013376,2012,validation
RICE_013377,2012,validation
RICE_013378,2012,validation
RICE_013379,2012,validation
RICE_013380,2012,validation
RICE_013381,2012,validation
RICE_013382,2012,validation
RICE_013383,2012,validation
RICE_013384,2012,validation
RICE_013385,2012,validation
RICE_013386,2012,validation
RICE_013387,2012,validation
RICE_013388,2012,validation
RICE_013389,2012,validation
RICE_013390,2012,validation
RICE_013391,2012,validation
RICE_013392,2012,validation
RICE_013393,2012,validation
RICE_013394,2012,validation
RICE_013395,2012,validation
RICE_013396,2012,validation
RICE_013397,2012,validation
RICE_013398,2012,validation
RICE_013399,2012,validation
RICE_013400,2012,validation
RICE_013401,2012,validation
RICE_013402,2012,validation
RICE_013403,2012,validation
RICE_013404,2012,validation
RICE_013405,2012,validation
RICE_013406,2012,validation
RICE_013407,2012,validation
RICE_013408,2012,validation
RICE_013409,2012,validation
RICE_013410,2012,validation
RICE_013411,2012,validation
RICE_013412,2012,validation
RICE_013413,2012,validation
RICE_013414,2012,validation
RICE_013415,2012,validation
RICE_013416,2012,validation
RICE_013417,2012,validation
RICE_013418,2012,validation
RICE_013419,2012,validation
RICE_013420,2012,validation
RICE_013421,2012,validation
RICE_013422,2012,validation
RICE_013423,2012,validation
RICE_013424,2012,validation
RICE_013425,2012,validation
RICE_013426,2012,validation
RICE_013427,2012,validation
RICE_013428,2012,validation
RICE_013429,2012,validation
RICE_013430,2012,validation
RICE_013431,2012,validation
RICE_013432,2012,validation
RICE_013433,2012,validation
RICE_013434,2012,validation
RICE_013435,2013,validation
RICE_013436,2013,validation
RICE_013437,2013,validation
RICE_013438,2013,validation
RICE_013439,2013,validation
RICE_013440,2013,validation
RICE_013441,2013,validation
RICE_013442,2013,validation
RICE_013443,2013,validation
RICE_013444,2013,validation
RICE_013445,2013,validation
RICE_013446,2013,validation
RICE_013447,2013,validation
RICE_013448,2013,validation
RICE_013449,2013,validation
RICE_013450,2013,validation
RICE_013451,2013,validation
RICE_013452,2013,validation
RICE_013453,2013,validation
RICE_013454,2013,validation
RICE_013455,2013,validation
RICE_013456,2013,validation
RICE_013457,2013,validation
RICE_013458,2013,validation
RICE_013459,2013,validation
RICE_013460,2013,validation
RICE_013461,2013,validation
RICE_013462,2013,validation
RICE_013463,2013,validation
RICE_013464,2013,validation
RICE_013465,2013,validation
RICE_013466,2013,validation
RICE_013467,2013,validation
RICE_013468,2013,validation
RICE_013469,2013,validation
RICE_013470,2013,validation
RICE_013471,2013,validation
RICE_013472,2013,validation
RICE_013473,2013,validation
RICE_013474,2013,validation
RICE_013475,2013,validation
RICE_013476,2013,validation
RICE_013477,2013,validation
RICE_013478,2013,validation
RICE_013479,2013,validation
RICE_013480,2013,validation
RICE_013481,2013,validation
RICE_013482,2013,validation
RICE_013483,2013,validation
RICE_013484,2013,validation
RICE_013485,2013,validation
RICE_013486,2013,validation
RICE_013487,2013,validation
RICE_013488,2013,validation
RICE_013489,2013,validation
RICE_013490,2013,validation
RICE_013491,2013,validation
RICE_013492,2013,validation
RICE_013493,2013,validation
RICE_013494,2013,validation
RICE_013495,2013,validation
RICE_013496,2013,validation
RICE_013497,2013,validation
RICE_013498,2013,validation
RICE_013499,2013,validation
RICE_013500,2013,validation
RICE_013501,2013,validation
RICE_013502,2013,validation
RICE_013503,2013,validation
RICE_013504,2013,validation
RICE_013505,2013,validation
RICE_013506,2013,validation
RICE_013507,2013,validation
RICE_013508,2013,validation
RICE_013509,2013,validation
RICE_013510,2013,validation
RICE_013511,2013,validation
RICE_013512,2013,validation
RICE_013513,2013,validation
RICE_013514,2013,validation
RICE_013515,2013,validation
RICE_013516,2013,validation
RICE_013517,2013,validation
RICE_013518,2013,validation
RICE_013519,2013,validation
RICE_013520,2013,validation
RICE_013521,2013,validation
RICE_013522,2013,validation
RICE_013523,2013,validation
RICE_013524,2013,validation
RICE_013525,2013,validation
RICE_013526,2013,validation
RICE_013527,2013,validation
RICE_013528,2013,validation
RICE_013529,2013,validation
RICE_013530,2013,validation
RICE_013531,2013,validation
RICE_013532,2013,validation
RICE_013533,2013,validation
RICE_013534,2013,validation
RICE_013535,2013,validation
RICE_013536,2013,validation
RICE_013537,2013,validation
RICE_013538,2013,validation
RICE_013539,2013,validation
RICE_013540,2013,validation
RICE_013541,2013,validation
RICE_013542,2013,validation
RICE_013543,2013,validation
RICE_013544,2013,validation
RICE_013545,2013,validation
RICE_013546,2013,validation
RICE_013547,2013,validation
RICE_013548,2013,validation
RICE_013549,2013,validation
RICE_013550,2013,validation
RICE_013551,2013,validation
RICE_013552,2013,validation
RICE_013553,2013,validation
RICE_013554,2013,validation
RICE_013555,2013,validation
RICE_013556,2013,validation
RICE_013557,2013,validation
RICE_013558,2013,validation
RICE_013559,2013,validation
RICE_013560,2013,validation
RICE_013561,2013,validation
RICE_013562,2013,validation
RICE_013563,2013,validation
RICE_013564,2013,validation
RICE_013565,2013,validation
RICE_013566,2013,validation
RICE_013567,2013,validation
RICE_013568,2013,validation
RICE_013569,2013,validation
RICE_013570,2013,validation
RICE_013571,2013,validation
RICE_013572,2013,validation
RICE_013573,2013,validation
RICE_013574,2013,validation
RICE_013575,2013,validation
RICE_013576,2013,validation
RICE_013577,2013,validation
RICE_013578,2013,validation
RICE_013579,2013,validation
RICE_013580,2013,validation
RICE_013581,2013,validation
RICE_013582,2013,validation
RICE_013583,2013,validation
RICE_013584,2013,validation
RICE_013585,2013,validation
RICE_013586,2013,validation
RICE_013587,2013,validation
RICE_013588,2013,validation
RICE_013589,2013,validation
RICE_013590,2013,validation
RICE_013591,2013,validation
RICE_013592,2013,validation
RICE_013593,2013,validation
RICE_013594,2013,validation
RICE_013595,2013,validation
RICE_013596,2013,validation
RICE_013597,2013,validation
RICE_013598,2013,validation
RICE_013599,2013,validation
RICE_013600,2013,validation
RICE_013601,2013,validation
RICE_013602,2013,validation
RICE_013603,2013,validation
RICE_013604,2013,validation
RICE_013605,2013,validation
RICE_013606,2013,validation
RICE_013607,2013,validation
RICE_013608,2013,validation
RICE_013609,2013,validation
RICE_013610,2013,validation
RICE_013611,2013,validation
RICE_013612,2013,validation
RICE_013613,2013,validation
RICE_013614,2013,validation
RICE_013615,2013,validation
RICE_013616,2013,validation
RICE_013617,2013,validation
RICE_013618,2013,validation
RICE_013619,2013,validation
RICE_013620,2013,validation
RICE_013621,2013,validation
RICE_013622,2013,validation
RICE_013623,2013,validation
RICE_013624,2013,validation
RICE_013625,2013,validation
RICE_013626,2013,validation
RICE_013627,2013,validation
RICE_013628,2013,validation
RICE_013629,2013,validation
RICE_013630,2013,validation
RICE_013631,2013,validation
RICE_013632,2013,validation
RICE_013633,2013,validation
RICE_013634,2013,validation
RICE_013635,2013,validation
RICE_013636,2013,validation
RICE_013637,2013,validation
RICE_013638,2013,validation
RICE_013639,2013,validation
RICE_013640,2013,validation
RICE_013641,2013,validation
RICE_013642,2013,validation
RICE_013643,2013,validation
RICE_013644,2013,validation
RICE_013645,2013,validation
RICE_013646,2013,validation
RICE_013647,2013,validation
RICE_013648,2013,validation
RICE_013649,2013,validation
RICE_013650,2013,validation
RICE_013651,2013,validation
RICE_013652,2013,validation
RICE_013653,2013,validation
RICE_013654,2013,validation
RICE_013655,2013,validation
RICE_013656,2013,validation
RICE_013657,2013,validation
RICE_013658,2013,validation
RICE_013659,2013,validation
RICE_013660,2013,validation
RICE_013661,2013,validation
RICE_013662,2013,validation
RICE_013663,2013,validation
RICE_013664,2013,validation
RICE_013665,2013,validation
RICE_013666,2013,validation
RICE_013667,2013,validation
RICE_013668,2013,validation
RICE_013669,2013,validation
RICE_013670,2013,validation
RICE_013671,2013,validation
RICE_013672,2013,validation
RICE_013673,2013,validation
RICE_013674,2013,validation
RICE_013675,2013,validation
RICE_013676,2013,validation
RICE_013677,2013,validation
RICE_013678,2013,validation
RICE_013679,2013,validation
RICE_013680,2013,validation
RICE_013681,2013,validation
RICE_013682,2013,validation
RICE_013683,2013,validation
RICE_013684,2013,validation
RICE_013685,2013,validation
RICE_013686,2013,validation
RICE_013687,2013,validation
RICE_013688,2013,validation
RICE_013689,2013,validation
RICE_013690,2013,validation
RICE_013691,2013,validation
RICE_013692,2013,validation
RICE_013693,2013,validation
RICE_013694,2013,validation
RICE_013695,2013,validation
RICE_013696,2013,validation
RICE_013697,2013,validation
RICE_013698,2013,validation
RICE_013699,2013,validation
RICE_013700,2013,validation
RICE_013701,2013,validation
RICE_013702,2013,validation
RICE_013703,2013,validation
RICE_013704,2013,validation
RICE_013705,2013,validation
RICE_013706,2013,validation
RICE_013707,2013,validation
RICE_013708,2013,validation
RICE_013709,2013,validation
RICE_013710,2013,validation
RICE_013711,2013,validation
RICE_013712,2013,validation
RICE_013713,2013,validation
RICE_013714,2013,validation
RICE_013715,2013,validation
RICE_013716,2013,validation
RICE_013717,2013,validation
RICE_013718,2013,validation
RICE_013719,2013,validation
RICE_013720,2013,validation
RICE_013721,2013,validation
RICE_013722,2013,validation
RICE_013723,2013,validation
RICE_013724,2013,validation
RICE_013725,2013,validation
RICE_013726,2013,validation
RICE_013727,2013,validation
RICE_013728,2013,validation
RICE_013729,2013,validation
RICE_013730,2013,validation
RICE_013731,2013,validation
RICE_013732,2013,validation
RICE_013733,2013,validation
RICE_013734,2013,validation
RICE_013735,2013,validation
RICE_013736,2013,validation
RICE_013737,2013,validation
RICE_013738,2013,validation
RICE_013739,2013,validation
RICE_013740,2013,validation
RICE_013741,2013,validation
RICE_013742,2013,validation
RICE_013743,2013,validation
RICE_013744,2013,validation
RICE_013745,2013,validation
RICE_013746,2013,validation
RICE_013747,2013,validation
RICE_013748,2013,validation
RICE_013749,2013,validation
RICE_013750,2013,validation
RICE_013751,2013,validation
RICE_013752,2013,validation
RICE_013753,2013,validation
RICE_013754,2013,validation
RICE_013755,2013,validation
RICE_013756,2013,validation
RICE_013757,2013,validation
RICE_013758,2013,validation
RICE_013759,2013,validation
RICE_013760,2013,validation
RICE_013761,2013,validation
RICE_013762,2013,validation
RICE_013763,2013,validation
RICE_013764,2013,validation
RICE_013765,2013,validation
RICE_013766,2013,validation
RICE_013767,2013,validation
RICE_013768,2013,validation
RICE_013769,2013,validation
RICE_013770,2013,validation
RICE_013771,2013,validation
RICE_013772,2013,validation
RICE_013773,2013,validation
RICE_013774,2013,validation
RICE_013775,2013,validation
RICE_013776,2013,validation
RICE_013777,2013,validation
RICE_013778,2013,validation
RICE_013779,2013,validation
RICE_013780,2013,validation
RICE_013781,2013,validation
RICE_013782,2013,validation
RICE_013783,2013,validation
RICE_013784,2013,validation
RICE_013785,2013,validation
RICE_013786,2013,validation
RICE_013787,2013,validation
RICE_013788,2013,validation
RICE_013789,2013,validation
RICE_013790,2013,validation
RICE_013791,2013,validation
RICE_013792,2013,validation
RICE_013793,2013,validation
RICE_013794,2013,validation
RICE_013795,2013,validation
RICE_013796,2013,validation
RICE_013797,2013,validation
RICE_013798,2013,validation
RICE_013799,2013,validation
RICE_013800,2013,validation
RICE_013801,2013,validation
RICE_013802,2013,validation
RICE_013803,2013,validation
RICE_013804,2013,validation
RICE_013805,2013,validation
RICE_013806,2013,validation
RICE_013807,2013,validation
RICE_013808,2013,validation
RICE_013809,2013,validation
RICE_013810,2013,validation
RICE_013811,2013,validation
RICE_013812,2013,validation
RICE_013813,2013,validation
RICE_013814,2013,validation
RICE_013815,2013,validation
RICE_013816,2013,validation
RICE_013817,2013,validation
RICE_013818,2013,validation
RICE_013819,2013,validation
RICE_013820,2013,validation
RICE_013821,2013,validation
RICE_013822,2013,validation
RICE_013823,2013,validation
RICE_013824,2013,validation
RICE_013825,2013,validation
RICE_013826,2013,validation
RICE_013827,2013,validation
RICE_013828,2013,validation
RICE_013829,2013,validation
RICE_013830,2013,validation
RICE_013831,2013,validation
RICE_013832,2013,validation
RICE_013833,2013,validation
RICE_013834,2013,validation
RICE_013835,2013,validation
RICE_013836,2013,validation
RICE_013837,2013,validation
RICE_013838,2013,validation
RICE_013839,2013,validation
RICE_013840,2013,validation
RICE_013841,2013,validation
RICE_013842,2013,validation
RICE_013843,2013,validation
RICE_013844,2013,validation
RICE_013845,2013,validation
RICE_013846,2013,validation
RICE_013847,2013,validation
RICE_013848,2013,validation
RICE_013849,2013,validation
RICE_013850,2013,validation
RICE_013851,2013,validation
RICE_013852,2013,validation
RICE_013853,2013,validation
RICE_013854,2013,validation
RICE_013855,2013,validation
RICE_013856,2013,validation
RICE_013857,2013,validation
RICE_013858,2013,validation
RICE_013859,2013,validation
RICE_013860,2013,validation
RICE_013861,2013,validation
RICE_013862,2013,validation
RICE_013863,2013,validation
RICE_013864,2013,validation
RICE_013865,2013,validation
RICE_013866,2013,validation
RICE_013867,2013,validation
RICE_013868,2013,validation
RICE_013869,2013,validation
RICE_013870,2013,validation
RICE_013871,2013,validation
RICE_013872,2013,validation
RICE_013873,2013,validation
RICE_013874,2013,validation
RICE_013875,2013,validation
RICE_013876,2013,validation
RICE_013877,2013,validation
RICE_013878,2013,validation
RICE_013879,2013,validation
RICE_013880,2013,validation
RICE_013881,2013,validation
RICE_013882,2013,validation
RICE_013883,2013,validation
RICE_013884,2013,validation
RICE_013885,2013,validation
RICE_013886,2013,validation
RICE_013887,2013,validation
RICE_013888,2013,validation
RICE_013889,2013,validation
RICE_013890,2013,validation
RICE_013891,2013,validation
RICE_013892,2013,validation
RICE_013893,2013,validation
RICE_013894,2013,validation
RICE_013895,2013,validation
RICE_013896,2013,validation
RICE_013897,2013,validation
RICE_013898,2013,validation
RICE_013899,2013,validation
RICE_013900,2013,validation
RICE_013901,2013,validation
RICE_013902,2013,validation
RICE_013903,2013,validation
RICE_013904,2013,validation
RICE_013905,2013,validation
RICE_013906,2013,validation
RICE_013907,2013,validation
RICE_013908,2013,validation
RICE_013909,2013,validation
RICE_013910,2013,validation
RICE_013911,2013,validation
RICE_013912,2013,validation
RICE_013913,2013,validation
RICE_013914,2013,validation
RICE_013915,2013,validation
RICE_013916,2013,validation
RICE_013917,2013,validation
RICE_013918,2013,validation
RICE_013919,2013,validation
RICE_013920,2013,validation
RICE_013921,2013,validation
RICE_013922,2013,validation
RICE_013923,2013,validation
RICE_013924,2013,validation
RICE_013925,2013,validation
RICE_013926,2013,validation
RICE_013927,2013,validation
RICE_013928,2013,validation
RICE_013929,2013,validation
RICE_013930,2013,validation
RICE_013931,2013,validation
RICE_013932,2013,validation
RICE_013933,2013,validation
RICE_013934,2013,validation
RICE_013935,2013,validation
RICE_013936,2013,validation
RICE_013937,2013,validation
RICE_013938,2013,validation
RICE_013939,2013,validation
RICE_013940,2013,validation
RICE_013941,2013,validation
RICE_013942,2013,validation
RICE_013943,2013,validation
RICE_013944,2013,validation
RICE_013945,2013,validation
RICE_013946,2013,validation
RICE_013947,2013,validation
RICE_013948,2013,validation
RICE_013949,2013,validation
RICE_013950,2013,validation
RICE_013951,2013,validation
RICE_013952,2013,validation
RICE_013953,2013,validation
RICE_013954,2013,validation
RICE_013955,2013,validation
RICE_013956,2013,validation
RICE_013957,2013,validation
RICE_013958,2013,validation
RICE_013959,2013,validation
RICE_013960,2013,validation
RICE_013961,2013,validation
RICE_013962,2013,validation
RICE_013963,2013,validation
RICE_013964,2013,validation
RICE_013965,2013,validation
RICE_013966,2013,validation
RICE_013967,2013,validation
RICE_013968,2013,validation
RICE_013969,2013,validation
RICE_013970,2013,validation
RICE_013971,2013,validation
RICE_013972,2013,validation
RICE_013973,2013,validation
RICE_013974,2013,validation
RICE_013975,2013,validation
RICE_013976,2013,validation
RICE_013977,2013,validation
RICE_013978,2013,validation
RICE_013979,2013,validation
RICE_013980,2013,validation
RICE_013981,2013,validation
RICE_013982,2013,validation
RICE_013983,2013,validation
RICE_013984,2013,validation
RICE_013985,2013,validation
RICE_013986,2013,validation
RICE_013987,2013,validation
RICE_013988,2013,validation
RICE_013989,2013,validation
RICE_013990,2013,validation
RICE_013991,2013,validation
RICE_013992,2013,validation
RICE_013993,2013,validation
RICE_013994,2013,validation
RICE_013995,2013,validation
RICE_013996,2013,validation
RICE_013997,2013,validation
RICE_013998,2013,validation
RICE_013999,2013,validation
RICE_014000,2013,validation
RICE_014001,2013,validation
RICE_014002,2013,validation
RICE_014003,2013,validation
RICE_014004,2013,validation
RICE_014005,2013,validation
RICE_014006,2013,validation
RICE_014007,2013,validation
RICE_014008,2013,validation
RICE_014009,2013,validation
RICE_014010,2013,validation
RICE_014011,2013,validation
RICE_014012,2013,validation
RICE_014013,2013,validation
RICE_014014,2013,validation
RICE_014015,2013,validation
RICE_014016,2013,validation
RICE_014017,2013,validation
RICE_014018,2013,validation
RICE_014019,2013,validation
RICE_014020,2013,validation
RICE_014021,2013,validation
RICE_014022,2013,validation
RICE_014023,2013,validation
RICE_014024,2013,validation
RICE_014025,2013,validation
RICE_014026,2013,validation
RICE_014027,2013,validation
RICE_014028,2013,validation
RICE_014029,2013,validation
RICE_014030,2013,validation
RICE_014031,2013,validation
RICE_014032,2013,validation
RICE_014033,2013,validation
RICE_014034,2013,validation
RICE_014035,2013,validation
RICE_014036,2013,validation
RICE_014037,2013,validation
RICE_014038,2013,validation
RICE_014039,2013,validation
RICE_014040,2013,validation
RICE_014041,2013,validation
RICE_014042,2013,validation
RICE_014043,2013,validation
RICE_014044,2013,validation
RICE_014045,2013,validation
RICE_014046,2013,validation
RICE_014047,2013,validation
RICE_014048,2013,validation
RICE_014049,2013,validation
RICE_014050,2013,validation
RICE_014051,2013,validation
RICE_014052,2013,validation
RICE_014053,2013,validation
RICE_014054,2013,validation
RICE_014055,2013,validation
RICE_014056,2013,validation
RICE_014057,2013,validation
RICE_014058,2013,validation
RICE_014059,2013,validation
RICE_014060,2013,validation
RICE_014061,2013,validation
RICE_014062,2013,validation
RICE_014063,2013,validation
RICE_014064,2013,validation
RICE_014065,2013,validation
RICE_014066,2013,validation
RICE_014067,2013,validation
RICE_014068,2013,validation
RICE_014069,2013,validation
RICE_014070,2013,validation
RICE_014071,2013,validation
RICE_014072,2013,validation
RICE_014073,2013,validation
RICE_014074,2013,validation
RICE_014075,2013,validation
RICE_014076,2013,validation
RICE_014077,2013,validation
RICE_014078,2013,validation
RICE_014079,2013,validation
RICE_014080,2013,validation
RICE_014081,2013,validation
RICE_014082,2013,validation
RICE_014083,2013,validation
RICE_014084,2013,validation
RICE_014085,2013,validation
RICE_014086,2013,validation
RICE_014087,2013,validation
RICE_014088,2013,validation
RICE_014089,2013,validation
RICE_014090,2013,validation
RICE_014091,2013,validation
RICE_014092,2013,validation
RICE_014093,2013,validation
RICE_014094,2013,validation
RICE_014095,2013,validation
RICE_014096,2013,validation
RICE_014097,2013,validation
RICE_014098,2013,validation
RICE_014099,2013,validation
RICE_014100,2013,validation
RICE_014101,2013,validation
RICE_014102,2013,validation
RICE_014103,2013,validation
RICE_014104,2013,validation
RICE_014105,2013,validation
RICE_014106,2013,validation
RICE_014107,2013,validation
RICE_014108,2013,validation
RICE_014109,2013,validation
RICE_014110,2013,validation
RICE_014111,2013,validation
RICE_014112,2013,validation
RICE_014113,2013,validation
RICE_014114,2013,validation
RICE_014115,2013,validation
RICE_014116,2013,validation
RICE_014117,2013,validation
RICE_014118,2013,validation
RICE_014119,2013,validation
RICE_014120,2013,validation
RICE_014121,2013,validation
RICE_014122,2013,validation
RICE_014123,2013,validation
RICE_014124,2013,validation
RICE_014125,2013,validation
RICE_014126,2013,validation
RICE_014127,2013,validation
RICE_014128,2013,validation
RICE_014129,2013,validation
RICE_014130,2013,validation
RICE_014131,2013,validation
RICE_014132,2013,validation
RICE_014133,2013,validation
RICE_014134,2013,validation
RICE_014135,2013,validation
RICE_014136,2013,validation
RICE_014137,2013,validation
RICE_014138,2013,validation
RICE_014139,2013,validation
RICE_014140,2013,validation
RICE_014141,2013,validation
RICE_014142,2013,validation
RICE_014143,2013,validation
RICE_014144,2013,validation
RICE_014145,2013,validation
RICE_014146,2013,validation
RICE_014147,2013,validation
RICE_014148,2013,validation
RICE_014149,2013,validation
RICE_014150,2013,validation
RICE_014151,2013,validation
RICE_014152,2013,validation
RICE_014153,2013,validation
RICE_014154,2013,validation
RICE_014155,2013,validation
RICE_014156,2013,validation
RICE_014157,2013,validation
RICE_014158,2013,validation
RICE_014159,2013,validation
RICE_014160,2013,validation
RICE_014161,2013,validation
RICE_014162,2013,validation
RICE_014163,2013,validation
RICE_014164,2013,validation
RICE_014165,2013,validation
RICE_014166,2013,validation
RICE_014167,2013,validation
RICE_014168,2013,validation
RICE_014169,2013,validation
RICE_014170,2013,validation
RICE_014171,2013,validation
RICE_014172,2013,validation
RICE_014173,2013,validation
RICE_014174,2013,validation
RICE_014175,2013,validation
RICE_014176,2013,validation
RICE_014177,2013,validation
RICE_014178,2013,validation
RICE_014179,2013,validation
RICE_014180,2013,validation
RICE_014181,2013,validation
RICE_014182,2013,validation
RICE_014183,2013,validation
RICE_014184,2013,validation
RICE_014185,2013,validation
RICE_014186,2013,validation
RICE_014187,2013,validation
RICE_014188,2013,validation
RICE_014189,2013,validation
RICE_014190,2013,validation
RICE_014191,2013,validation
RICE_014192,2013,validation
RICE_014193,2013,validation
RICE_014194,2013,validation
RICE_014195,2013,validation
RICE_014196,2013,validation
RICE_014197,2013,validation
RICE_014198,2013,validation
RICE_014199,2013,validation
RICE_014200,2013,validation
RICE_014201,2013,validation
RICE_014202,2013,validation
RICE_014203,2013,validation
RICE_014204,2013,validation
RICE_014205,2013,validation
RICE_014206,2013,validation
RICE_014207,2013,validation
RICE_014208,2013,validation
RICE_014209,2013,validation
RICE_014210,2013,validation
RICE_014211,2013,validation
RICE_014212,2013,validation
RICE_014213,2013,validation
RICE_014214,2013,validation
RICE_014215,2013,validation
RICE_014216,2013,validation
RICE_014217,2013,validation
RICE_014218,2013,validation
RICE_014219,2013,validation
RICE_014220,2013,validation
RICE_014221,2013,validation
RICE_014222,2013,validation
RICE_014223,2013,validation
RICE_014224,2013,validation
RICE_014225,2013,validation
RICE_014226,2013,validation
RICE_014227,2013,validation
RICE_014228,2013,validation
RICE_014229,2013,validation
RICE_014230,2013,validation
RICE_014231,2013,validation
RICE_014232,2013,validation
RICE_014233,2013,validation
RICE_014234,2013,validation
RICE_014235,2013,validation
RICE_014236,2013,validation
RICE_014237,2014,test
RICE_014238,2014,test
RICE_014239,2014,test
RICE_014240,2014,test
RICE_014241,2014,test
RICE_014242,2014,test
RICE_014243,2014,test
RICE_014244,2014,test
RICE_014245,2014,test
RICE_014246,2014,test
RICE_014247,2014,test
RICE_014248,2014,test
RICE_014249,2014,test
RICE_014250,2014,test
RICE_014251,2014,test
RICE_014252,2014,test
RICE_014253,2014,test
RICE_014254,2014,test
RICE_014255,2014,test
RICE_014256,2014,test
RICE_014257,2014,test
RICE_014258,2014,test
RICE_014259,2014,test
RICE_014260,2014,test
RICE_014261,2014,test
RICE_014262,2014,test
RICE_014263,2014,test
RICE_014264,2014,test
RICE_014265,2014,test
RICE_014266,2014,test
RICE_014267,2014,test
RICE_014268,2014,test
RICE_014269,2014,test
RICE_014270,2014,test
RICE_014271,2014,test
RICE_014272,2014,test
RICE_014273,2014,test
RICE_014274,2014,test
RICE_014275,2014,test
RICE_014276,2014,test
RICE_014277,2014,test
RICE_014278,2014,test
RICE_014279,2014,test
RICE_014280,2014,test
RICE_014281,2014,test
RICE_014282,2014,test
RICE_014283,2014,test
RICE_014284,2014,test
RICE_014285,2014,test
RICE_014286,2014,test
RICE_014287,2014,test
RICE_014288,2014,test
RICE_014289,2014,test
RICE_014290,2014,test
RICE_014291,2014,test
RICE_014292,2014,test
RICE_014293,2014,test
RICE_014294,2014,test
RICE_014295,2014,test
RICE_014296,2014,test
RICE_014297,2014,test
RICE_014298,2014,test
RICE_014299,2014,test
RICE_014300,2014,test
RICE_014301,2014,test
RICE_014302,2014,test
RICE_014303,2014,test
RICE_014304,2014,test
RICE_014305,2014,test
RICE_014306,2014,test
RICE_014307,2014,test
RICE_014308,2014,test
RICE_014309,2014,test
RICE_014310,2014,test
RICE_014311,2014,test
RICE_014312,2014,test
RICE_014313,2014,test
RICE_014314,2014,test
RICE_014315,2014,test
RICE_014316,2014,test
RICE_014317,2014,test
RICE_014318,2014,test
RICE_014319,2014,test
RICE_014320,2014,test
RICE_014321,2014,test
RICE_014322,2014,test
RICE_014323,2014,test
RICE_014324,2014,test
RICE_014325,2014,test
RICE_014326,2014,test
RICE_014327,2014,test
RICE_014328,2014,test
RICE_014329,2014,test
RICE_014330,2014,test
RICE_014331,2014,test
RICE_014332,2014,test
RICE_014333,2014,test
RICE_014334,2014,test
RICE_014335,2014,test
RICE_014336,2014,test
RICE_014337,2014,test
RICE_014338,2014,test
RICE_014339,2014,test
RICE_014340,2014,test
RICE_014341,2014,test
RICE_014342,2014,test
RICE_014343,2014,test
RICE_014344,2014,test
RICE_014345,2014,test
RICE_014346,2014,test
RICE_014347,2014,test
RICE_014348,2014,test
RICE_014349,2014,test
RICE_014350,2014,test
RICE_014351,2014,test
RICE_014352,2014,test
RICE_014353,2014,test
RICE_014354,2014,test
RICE_014355,2014,test
RICE_014356,2014,test
RICE_014357,2014,test
RICE_014358,2014,test
RICE_014359,2014,test
RICE_014360,2014,test
RICE_014361,2014,test
RICE_014362,2014,test
RICE_014363,2014,test
RICE_014364,2014,test
RICE_014365,2014,test
RICE_014366,2014,test
RICE_014367,2014,test
RICE_014368,2014,test
RICE_014369,2014,test
RICE_014370,2014,test
RICE_014371,2014,test
RICE_014372,2014,test
RICE_014373,2014,test
RICE_014374,2014,test
RICE_014375,2014,test
RICE_014376,2014,test
RICE_014377,2014,test
RICE_014378,2014,test
RICE_014379,2014,test
RICE_014380,2014,test
RICE_014381,2014,test
RICE_014382,2014,test
RICE_014383,2014,test
RICE_014384,2014,test
RICE_014385,2014,test
RICE_014386,2014,test
RICE_014387,2014,test
RICE_014388,2014,test
RICE_014389,2014,test
RICE_014390,2014,test
RICE_014391,2014,test
RICE_014392,2014,test
RICE_014393,2014,test
RICE_014394,2014,test
RICE_014395,2014,test
RICE_014396,2014,test
RICE_014397,2014,test
RICE_014398,2014,test
RICE_014399,2014,test
RICE_014400,2014,test
RICE_014401,2014,test
RICE_014402,2014,test
RICE_014403,2014,test
RICE_014404,2014,test
RICE_014405,2014,test
RICE_014406,2014,test
RICE_014407,2014,test
RICE_014408,2014,test
RICE_014409,2014,test
RICE_014410,2014,test
RICE_014411,2014,test
RICE_014412,2014,test
RICE_014413,2014,test
RICE_014414,2014,test
RICE_014415,2014,test
RICE_014416,2014,test
RICE_014417,2014,test
RICE_014418,2014,test
RICE_014419,2014,test
RICE_014420,2014,test
RICE_014421,2014,test
RICE_014422,2014,test
RICE_014423,2014,test
RICE_014424,2014,test
RICE_014425,2014,test
RICE_014426,2014,test
RICE_014427,2014,test
RICE_014428,2014,test
RICE_014429,2014,test
RICE_014430,2014,test
RICE_014431,2014,test
RICE_014432,2014,test
RICE_014433,2014,test
RICE_014434,2014,test
RICE_014435,2014,test
RICE_014436,2014,test
RICE_014437,2014,test
RICE_014438,2014,test
RICE_014439,2014,test
RICE_014440,2014,test
RICE_014441,2014,test
RICE_014442,2014,test
RICE_014443,2014,test
RICE_014444,2014,test
RICE_014445,2014,test
RICE_014446,2014,test
RICE_014447,2014,test
RICE_014448,2014,test
RICE_014449,2014,test
RICE_014450,2014,test
RICE_014451,2014,test
RICE_014452,2014,test
RICE_014453,2014,test
RICE_014454,2014,test
RICE_014455,2014,test
RICE_014456,2014,test
RICE_014457,2014,test
RICE_014458,2014,test
RICE_014459,2014,test
RICE_014460,2014,test
RICE_014461,2014,test
RICE_014462,2014,test
RICE_014463,2014,test
RICE_014464,2014,test
RICE_014465,2014,test
RICE_014466,2014,test
RICE_014467,2014,test
RICE_014468,2014,test
RICE_014469,2014,test
RICE_014470,2014,test
RICE_014471,2014,test
RICE_014472,2014,test
RICE_014473,2014,test
RICE_014474,2014,test
RICE_014475,2014,test
RICE_014476,2014,test
RICE_014477,2014,test
RICE_014478,2014,test
RICE_014479,2014,test
RICE_014480,2014,test
RICE_014481,2014,test
RICE_014482,2014,test
RICE_014483,2014,test
RICE_014484,2014,test
RICE_014485,2014,test
RICE_014486,2014,test
RICE_014487,2014,test
RICE_014488,2014,test
RICE_014489,2014,test
RICE_014490,2014,test
RICE_014491,2014,test
RICE_014492,2014,test
RICE_014493,2014,test
RICE_014494,2014,test
RICE_014495,2014,test
RICE_014496,2014,test
RICE_014497,2014,test
RICE_014498,2014,test
RICE_014499,2014,test
RICE_014500,2014,test
RICE_014501,2014,test
RICE_014502,2014,test
RICE_014503,2014,test
RICE_014504,2014,test
RICE_014505,2014,test
RICE_014506,2014,test
RICE_014507,2014,test
RICE_014508,2014,test
RICE_014509,2014,test
RICE_014510,2014,test
RICE_014511,2014,test
RICE_014512,2014,test
RICE_014513,2014,test
RICE_014514,2014,test
RICE_014515,2014,test
RICE_014516,2014,test
RICE_014517,2014,test
RICE_014518,2014,test
RICE_014519,2014,test
RICE_014520,2014,test
RICE_014521,2014,test
RICE_014522,2014,test
RICE_014523,2014,test
RICE_014524,2014,test
RICE_014525,2014,test
RICE_014526,2014,test
RICE_014527,2014,test
RICE_014528,2014,test
RICE_014529,2014,test
RICE_014530,2014,test
RICE_014531,2014,test
RICE_014532,2014,test
RICE_014533,2014,test
RICE_014534,2014,test
RICE_014535,2014,test
RICE_014536,2014,test
RICE_014537,2014,test
RICE_014538,2014,test
RICE_014539,2014,test
RICE_014540,2014,test
RICE_014541,2014,test
RICE_014542,2014,test
RICE_014543,2014,test
RICE_014544,2014,test
RICE_014545,2014,test
RICE_014546,2014,test
RICE_014547,2014,test
RICE_014548,2014,test
RICE_014549,2014,test
RICE_014550,2014,test
RICE_014551,2014,test
RICE_014552,2014,test
RICE_014553,2014,test
RICE_014554,2014,test
RICE_014555,2014,test
RICE_014556,2014,test
RICE_014557,2014,test
RICE_014558,2014,test
RICE_014559,2014,test
RICE_014560,2014,test
RICE_014561,2014,test
RICE_014562,2014,test
RICE_014563,2014,test
RICE_014564,2014,test
RICE_014565,2014,test
RICE_014566,2014,test
RICE_014567,2014,test
RICE_014568,2014,test
RICE_014569,2014,test
RICE_014570,2014,test
RICE_014571,2014,test
RICE_014572,2014,test
RICE_014573,2014,test
RICE_014574,2014,test
RICE_014575,2014,test
RICE_014576,2014,test
RICE_014577,2014,test
RICE_014578,2014,test
RICE_014579,2014,test
RICE_014580,2014,test
RICE_014581,2014,test
RICE_014582,2014,test
RICE_014583,2014,test
RICE_014584,2014,test
RICE_014585,2014,test
RICE_014586,2014,test
RICE_014587,2014,test
RICE_014588,2014,test
RICE_014589,2014,test
RICE_014590,2014,test
RICE_014591,2014,test
RICE_014592,2014,test
RICE_014593,2014,test
RICE_014594,2014,test
RICE_014595,2014,test
RICE_014596,2014,test
RICE_014597,2014,test
RICE_014598,2014,test
RICE_014599,2014,test
RICE_014600,2014,test
RICE_014601,2014,test
RICE_014602,2014,test
RICE_014603,2014,test
RICE_014604,2014,test
RICE_014605,2014,test
RICE_014606,2014,test
RICE_014607,2014,test
RICE_014608,2014,test
RICE_014609,2014,test
RICE_014610,2014,test
RICE_014611,2014,test
RICE_014612,2014,test
RICE_014613,2014,test
RICE_014614,2014,test
RICE_014615,2014,test
RICE_014616,2014,test
RICE_014617,2014,test
RICE_014618,2014,test
RICE_014619,2014,test
RICE_014620,2014,test
RICE_014621,2014,test
RICE_014622,2014,test
RICE_014623,2014,test
RICE_014624,2014,test
RICE_014625,2014,test
RICE_014626,2014,test
RICE_014627,2014,test
RICE_014628,2014,test
RICE_014629,2014,test
RICE_014630,2014,test
RICE_014631,2014,test
RICE_014632,2014,test
RICE_014633,2014,test
RICE_014634,2014,test
RICE_014635,2014,test
RICE_014636,2014,test
RICE_014637,2014,test
RICE_014638,2014,test
RICE_014639,2014,test
RICE_014640,2014,test
RICE_014641,2014,test
RICE_014642,2014,test
RICE_014643,2014,test
RICE_014644,2014,test
RICE_014645,2014,test
RICE_014646,2014,test
RICE_014647,2014,test
RICE_014648,2014,test
RICE_014649,2014,test
RICE_014650,2014,test
RICE_014651,2014,test
RICE_014652,2014,test
RICE_014653,2014,test
RICE_014654,2014,test
RICE_014655,2014,test
RICE_014656,2014,test
RICE_014657,2014,test
RICE_014658,2014,test
RICE_014659,2014,test
RICE_014660,2014,test
RICE_014661,2014,test
RICE_014662,2014,test
RICE_014663,2014,test
RICE_014664,2014,test
RICE_014665,2014,test
RICE_014666,2014,test
RICE_014667,2014,test
RICE_014668,2014,test
RICE_014669,2014,test
RICE_014670,2014,test
RICE_014671,2014,test
RICE_014672,2014,test
RICE_014673,2014,test
RICE_014674,2014,test
RICE_014675,2014,test
RICE_014676,2014,test
RICE_014677,2014,test
RICE_014678,2014,test
RICE_014679,2014,test
RICE_014680,2014,test
RICE_014681,2014,test
RICE_014682,2014,test
RICE_014683,2014,test
RICE_014684,2014,test
RICE_014685,2014,test
RICE_014686,2014,test
RICE_014687,2014,test
RICE_014688,2014,test
RICE_014689,2014,test
RICE_014690,2014,test
RICE_014691,2014,test
RICE_014692,2014,test
RICE_014693,2014,test
RICE_014694,2014,test
RICE_014695,2014,test
RICE_014696,2014,test
RICE_014697,2014,test
RICE_014698,2014,test
RICE_014699,2014,test
RICE_014700,2014,test
RICE_014701,2014,test
RICE_014702,2014,test
RICE_014703,2014,test
RICE_014704,2014,test
RICE_014705,2014,test
RICE_014706,2014,test
RICE_014707,2014,test
RICE_014708,2014,test
RICE_014709,2014,test
RICE_014710,2014,test
RICE_014711,2014,test
RICE_014712,2014,test
RICE_014713,2014,test
RICE_014714,2014,test
RICE_014715,2014,test
RICE_014716,2014,test
RICE_014717,2014,test
RICE_014718,2014,test
RICE_014719,2014,test
RICE_014720,2014,test
RICE_014721,2014,test
RICE_014722,2014,test
RICE_014723,2014,test
RICE_014724,2014,test
RICE_014725,2014,test
RICE_014726,2014,test
RICE_014727,2014,test
RICE_014728,2014,test
RICE_014729,2014,test
RICE_014730,2014,test
RICE_014731,2014,test
RICE_014732,2014,test
RICE_014733,2014,test
RICE_014734,2014,test
RICE_014735,2014,test
RICE_014736,2014,test
RICE_014737,2014,test
RICE_014738,2014,test
RICE_014739,2014,test
RICE_014740,2014,test
RICE_014741,2014,test
RICE_014742,2014,test
RICE_014743,2014,test
RICE_014744,2014,test
RICE_014745,2014,test
RICE_014746,2014,test
RICE_014747,2014,test
RICE_014748,2014,test
RICE_014749,2014,test
RICE_014750,2014,test
RICE_014751,2014,test
RICE_014752,2014,test
RICE_014753,2014,test
RICE_014754,2014,test
RICE_014755,2014,test
RICE_014756,2014,test
RICE_014757,2014,test
RICE_014758,2014,test
RICE_014759,2014,test
RICE_014760,2014,test
RICE_014761,2014,test
RICE_014762,2014,test
RICE_014763,2014,test
RICE_014764,2014,test
RICE_014765,2014,test
RICE_014766,2014,test
RICE_014767,2014,test
RICE_014768,2014,test
RICE_014769,2014,test
RICE_014770,2014,test
RICE_014771,2014,test
RICE_014772,2014,test
RICE_014773,2014,test
RICE_014774,2014,test
RICE_014775,2014,test
RICE_014776,2014,test
RICE_014777,2014,test
RICE_014778,2014,test
RICE_014779,2014,test
RICE_014780,2014,test
RICE_014781,2014,test
RICE_014782,2014,test
RICE_014783,2014,test
RICE_014784,2014,test
RICE_014785,2014,test
RICE_014786,2014,test
RICE_014787,2014,test
RICE_014788,2014,test
RICE_014789,2014,test
RICE_014790,2014,test
RICE_014791,2014,test
RICE_014792,2014,test
RICE_014793,2014,test
RICE_014794,2014,test
RICE_014795,2014,test
RICE_014796,2014,test
RICE_014797,2014,test
RICE_014798,2014,test
RICE_014799,2014,test
RICE_014800,2014,test
RICE_014801,2014,test
RICE_014802,2014,test
RICE_014803,2014,test
RICE_014804,2014,test
RICE_014805,2014,test
RICE_014806,2014,test
RICE_014807,2014,test
RICE_014808,2014,test
RICE_014809,2014,test
RICE_014810,2014,test
RICE_014811,2014,test
RICE_014812,2014,test
RICE_014813,2014,test
RICE_014814,2014,test
RICE_014815,2014,test
RICE_014816,2014,test
RICE_014817,2014,test
RICE_014818,2014,test
RICE_014819,2014,test
RICE_014820,2014,test
RICE_014821,2014,test
RICE_014822,2014,test
RICE_014823,2014,test
RICE_014824,2014,test
RICE_014825,2014,test
RICE_014826,2014,test
RICE_014827,2014,test
RICE_014828,2014,test
RICE_014829,2014,test
RICE_014830,2014,test
RICE_014831,2014,test
RICE_014832,2014,test
RICE_014833,2014,test
RICE_014834,2014,test
RICE_014835,2014,test
RICE_014836,2014,test
RICE_014837,2014,test
RICE_014838,2014,test
RICE_014839,2014,test
RICE_014840,2014,test
RICE_014841,2014,test
RICE_014842,2014,test
RICE_014843,2014,test
RICE_014844,2014,test
RICE_014845,2014,test
RICE_014846,2014,test
RICE_014847,2014,test
RICE_014848,2014,test
RICE_014849,2014,test
RICE_014850,2014,test
RICE_014851,2014,test
RICE_014852,2014,test
RICE_014853,2014,test
RICE_014854,2014,test
RICE_014855,2014,test
RICE_014856,2014,test
RICE_014857,2014,test
RICE_014858,2014,test
RICE_014859,2014,test
RICE_014860,2014,test
RICE_014861,2014,test
RICE_014862,2014,test
RICE_014863,2014,test
RICE_014864,2014,test
RICE_014865,2014,test
RICE_014866,2014,test
RICE_014867,2014,test
RICE_014868,2014,test
RICE_014869,2014,test
RICE_014870,2014,test
RICE_014871,2014,test
RICE_014872,2014,test
RICE_014873,2014,test
RICE_014874,2014,test
RICE_014875,2014,test
RICE_014876,2014,test
RICE_014877,2014,test
RICE_014878,2014,test
RICE_014879,2014,test
RICE_014880,2014,test
RICE_014881,2014,test
RICE_014882,2014,test
RICE_014883,2014,test
RICE_014884,2014,test
RICE_014885,2014,test
RICE_014886,2014,test
RICE_014887,2014,test
RICE_014888,2014,test
RICE_014889,2014,test
RICE_014890,2014,test
RICE_014891,2014,test
RICE_014892,2014,test
RICE_014893,2014,test
RICE_014894,2014,test
RICE_014895,2014,test
RICE_014896,2014,test
RICE_014897,2014,test
RICE_014898,2014,test
RICE_014899,2014,test
RICE_014900,2014,test
RICE_014901,2014,test
RICE_014902,2014,test
RICE_014903,2014,test
RICE_014904,2014,test
RICE_014905,2014,test
RICE_014906,2014,test
RICE_014907,2014,test
RICE_014908,2014,test
RICE_014909,2014,test
RICE_014910,2014,test
RICE_014911,2014,test
RICE_014912,2014,test
RICE_014913,2014,test
RICE_014914,2014,test
RICE_014915,2014,test
RICE_014916,2014,test
RICE_014917,2014,test
RICE_014918,2014,test
RICE_014919,2014,test
RICE_014920,2014,test
RICE_014921,2014,test
RICE_014922,2014,test
RICE_014923,2014,test
RICE_014924,2014,test
RICE_014925,2014,test
RICE_014926,2014,test
RICE_014927,2014,test
RICE_014928,2014,test
RICE_014929,2014,test
RICE_014930,2014,test
RICE_014931,2014,test
RICE_014932,2014,test
RICE_014933,2014,test
RICE_014934,2014,test
RICE_014935,2014,test
RICE_014936,2014,test
RICE_014937,2014,test
RICE_014938,2014,test
RICE_014939,2014,test
RICE_014940,2014,test
RICE_014941,2014,test
RICE_014942,2014,test
RICE_014943,2014,test
RICE_014944,2014,test
RICE_014945,2014,test
RICE_014946,2014,test
RICE_014947,2014,test
RICE_014948,2014,test
RICE_014949,2014,test
RICE_014950,2014,test
RICE_014951,2014,test
RICE_014952,2014,test
RICE_014953,2014,test
RICE_014954,2014,test
RICE_014955,2014,test
RICE_014956,2014,test
RICE_014957,2014,test
RICE_014958,2014,test
RICE_014959,2014,test
RICE_014960,2014,test
RICE_014961,2014,test
RICE_014962,2014,test
RICE_014963,2014,test
RICE_014964,2014,test
RICE_014965,2014,test
RICE_014966,2014,test
RICE_014967,2014,test
RICE_014968,2014,test
RICE_014969,2014,test
RICE_014970,2014,test
RICE_014971,2014,test
RICE_014972,2014,test
RICE_014973,2014,test
RICE_014974,2014,test
RICE_014975,2014,test
RICE_014976,2014,test
RICE_014977,2014,test
RICE_014978,2014,test
RICE_014979,2014,test
RICE_014980,2014,test
RICE_014981,2014,test
RICE_014982,2014,test
RICE_014983,2014,test
RICE_014984,2014,test
RICE_014985,2014,test
RICE_014986,2014,test
RICE_014987,2014,test
RICE_014988,2014,test
RICE_014989,2014,test
RICE_014990,2014,test
RICE_014991,2014,test
RICE_014992,2014,test
RICE_014993,2014,test
RICE_014994,2014,test
RICE_014995,2014,test
RICE_014996,2014,test
RICE_014997,2014,test
RICE_014998,2014,test
RICE_014999,2014,test
RICE_015000,2014,test
RICE_015001,2014,test
RICE_015002,2014,test
RICE_015003,2014,test
RICE_015004,2015,test
RICE_015005,2015,test
RICE_015006,2015,test
RICE_015007,2015,test
RICE_015008,2015,test
RICE_015009,2015,test
RICE_015010,2015,test
RICE_015011,2015,test
RICE_015012,2015,test
RICE_015013,2015,test
RICE_015014,2015,test
RICE_015015,2015,test
RICE_015016,2015,test
RICE_015017,2015,test
RICE_015018,2015,test
RICE_015019,2015,test
RICE_015020,2015,test
RICE_015021,2015,test
RICE_015022,2015,test
RICE_015023,2015,test
RICE_015024,2015,test
RICE_015025,2015,test
RICE_015026,2015,test
RICE_015027,2015,test
RICE_015028,2015,test
RICE_015029,2015,test
RICE_015030,2015,test
RICE_015031,2015,test
RICE_015032,2015,test
RICE_015033,2015,test
RICE_015034,2015,test
RICE_015035,2015,test
RICE_015036,2015,test
RICE_015037,2015,test
RICE_015038,2015,test
RICE_015039,2015,test
RICE_015040,2015,test
RICE_015041,2015,test
RICE_015042,2015,test
RICE_015043,2015,test
RICE_015044,2015,test
RICE_015045,2015,test
RICE_015046,2015,test
RICE_015047,2015,test
RICE_015048,2015,test
RICE_015049,2015,test
RICE_015050,2015,test
RICE_015051,2015,test
RICE_015052,2015,test
RICE_015053,2015,test
RICE_015054,2015,test
RICE_015055,2015,test
RICE_015056,2015,test
RICE_015057,2015,test
RICE_015058,2015,test
RICE_015059,2015,test
RICE_015060,2015,test
RICE_015061,2015,test
RICE_015062,2015,test
RICE_015063,2015,test
RICE_015064,2015,test
RICE_015065,2015,test
RICE_015066,2015,test
RICE_015067,2015,test
RICE_015068,2015,test
RICE_015069,2015,test
RICE_015070,2015,test
RICE_015071,2015,test
RICE_015072,2015,test
RICE_015073,2015,test
RICE_015074,2015,test
RICE_015075,2015,test
RICE_015076,2015,test
RICE_015077,2015,test
RICE_015078,2015,test
RICE_015079,2015,test
RICE_015080,2015,test
RICE_015081,2015,test
RICE_015082,2015,test
